{"type": "FeatureCollection", "features": [{"type": "Feature", "geometry": {"type": "LineString", "coordinates": [[19.07467, 55.06716666666667], [19.07594, 54.966564999999996], [19.058636666666665, 54.89174166666667], [19.022433333333332, 54.82432666666667], [18.987141666666666, 54.75474833333333], [18.945276666666665, 54.68449833333333], [18.900721666666666, 54.61714666666667], [18.849, 54.557021666666664], [18.844003333333333, 54.51295666666667], [18.839448333333333, 54.481903333333335], [18.837466666666668, 54.46868833333333], [18.837335, 54.463795], [18.83713, 54.463515], [18.837111666666665, 54.464166666666664], [18.83666, 54.464115], [18.83692166666667, 54.464153333333336], [18.83679, 54.464126666666665], [18.836793333333333, 54.46412833333333], [18.836946666666666, 54.46410166666667], [18.83697, 54.46411333333333], [18.83716666666667, 54.46411333333333]]}, "properties": {"label": "ISTANBUL-M", "mmsi": "352003516", "imo": "9450818", "name": "ISTANBUL-M", "shiptype": "", "first_seen_utc": "2026-01-05T00:01:59Z", "last_seen_utc": "2026-01-14T15:45:53Z", "destination": "PL GDN", "eta": "{'Day': 14, 'Hour': 11, 'Minute': 0, 'Month': 1}", "display": "", "links": "<a href=\"https://www.vesselfinder.com/vessels?name=9450818\" target=\"_blank\" rel=\"noopener\">VesselFinder</a> | <a href=\"https://www.marinetraffic.com/en/ais/search/all?keyword=9450818\" target=\"_blank\" rel=\"noopener\">MarineTraffic</a>", "vf_url": "https://www.vesselfinder.com/vessels?name=9450818", "mst_url": "https://www.marinetraffic.com/en/ais/search/all?keyword=9450818", "method": "v3_2pass_track3d_fromru10d", "ru_seen_in_lookback": true, "in_monitor_on_day": true}}, {"type": "Feature", "geometry": {"type": "Point", "coordinates": [18.83716666666667, 54.46411333333333]}, "properties": {"label": "ISTANBUL-M", "mmsi": "352003516", "imo": "9450818", "name": "ISTANBUL-M", "shiptype": "", "first_seen_utc": "2026-01-05T00:01:59Z", "last_seen_utc": "2026-01-14T15:45:53Z", "destination": "PL GDN", "eta": "{'Day': 14, 'Hour': 11, 'Minute': 0, 'Month': 1}", "display": "ISTANBUL-M (352003516)", "links": "<a href=\"https://www.vesselfinder.com/vessels?name=9450818\" target=\"_blank\" rel=\"noopener\">VesselFinder</a> | <a href=\"https://www.marinetraffic.com/en/ais/search/all?keyword=9450818\" target=\"_blank\" rel=\"noopener\">MarineTraffic</a>", "vf_url": "https://www.vesselfinder.com/vessels?name=9450818", "mst_url": "https://www.marinetraffic.com/en/ais/search/all?keyword=9450818", "method": "v3_2pass_track3d_fromru10d", "ru_seen_in_lookback": true, "in_monitor_on_day": true}}, {"type": "Feature", "geometry": {"type": "LineString", "coordinates": [[18.550741666666667, 54.52374], [18.550741666666667, 54.52374], [18.550738333333335, 54.52374], [18.550733333333334, 54.523735], [18.550755, 54.52374], [18.55073666666667, 54.52373333333333], [18.550748333333335, 54.52373333333333], [18.550746666666665, 54.523738333333334], [18.550741666666667, 54.52374], [18.550743333333333, 54.523735], [18.550748333333335, 54.523735], [18.550745, 54.523738333333334], [18.550741666666667, 54.523745], [18.550746666666665, 54.523745], [18.550726666666666, 54.523738333333334], [18.55073666666667, 54.523725], [18.599785, 54.52106166666667], [18.72777166666667, 54.555640000000004], [18.846774999999997, 54.60085], [18.82957, 54.67311333333334], [18.803403333333332, 54.746449999999996], [18.807395, 54.964775], [18.896195, 54.886966666666666], [18.974899999999998, 54.807925], [19.073933333333333, 54.717396666666666], [19.148585, 54.64926166666667], [19.221333333333334, 54.58255333333333], [19.342274999999997, 54.500285], [19.311141666666668, 54.503505000000004], [19.36377, 54.514435000000006], [19.405518333333337, 54.523361666666666], [19.390015000000002, 54.499225], [19.344888333333333, 54.48218333333333], [19.306415, 54.46830833333333], [19.266534999999998, 54.457045], [19.22218666666667, 54.45095], [19.176871666666667, 54.44948], [19.131385, 54.44432833333334], [19.084979999999998, 54.44931999999999], [19.041446666666666, 54.457085], [19.038455, 54.46700166666667], [19.08002, 54.467848333333336], [19.120099999999997, 54.464655], [19.160458333333334, 54.457685], [19.20129166666667, 54.451723333333334], [19.242936666666665, 54.45139833333334], [19.284648333333333, 54.45659833333333], [19.323104999999998, 54.465394999999994], [19.366606666666666, 54.47637333333333], [19.403946666666666, 54.485776666666666], [19.454776666666664, 54.50158833333333], [19.382128333333334, 54.48905833333333], [19.338951666666667, 54.478521666666666], [19.297208333333334, 54.468156666666665], [19.255184999999997, 54.458891666666666], [19.210846666666665, 54.450961666666664], [19.17701, 54.45590833333333]]}, "properties": {"label": "GDY-343 HUMBAK", "mmsi": "261054050", "imo": "8404757", "name": "GDY-343 HUMBAK", "shiptype": "", "first_seen_utc": "2026-01-05T00:02:46Z", "last_seen_utc": "2026-01-14T16:08:42Z", "destination": "CPA 0,3NM AFT", "eta": "{'Day': 25, 'Hour': 0, 'Minute': 0, 'Month': 1}", "display": "", "links": "<a href=\"https://www.vesselfinder.com/vessels?name=8404757\" target=\"_blank\" rel=\"noopener\">VesselFinder</a> | <a href=\"https://www.marinetraffic.com/en/ais/search/all?keyword=8404757\" target=\"_blank\" rel=\"noopener\">MarineTraffic</a>", "vf_url": "https://www.vesselfinder.com/vessels?name=8404757", "mst_url": "https://www.marinetraffic.com/en/ais/search/all?keyword=8404757", "method": "v3_2pass_track3d_fromru10d", "ru_seen_in_lookback": true, "in_monitor_on_day": true}}, {"type": "Feature", "geometry": {"type": "Point", "coordinates": [19.17701, 54.45590833333333]}, "properties": {"label": "GDY-343 HUMBAK", "mmsi": "261054050", "imo": "8404757", "name": "GDY-343 HUMBAK", "shiptype": "", "first_seen_utc": "2026-01-05T00:02:46Z", "last_seen_utc": "2026-01-14T16:08:42Z", "destination": "CPA 0,3NM AFT", "eta": "{'Day': 25, 'Hour': 0, 'Minute': 0, 'Month': 1}", "display": "GDY-343 HUMBAK (261054050)", "links": "<a href=\"https://www.vesselfinder.com/vessels?name=8404757\" target=\"_blank\" rel=\"noopener\">VesselFinder</a> | <a href=\"https://www.marinetraffic.com/en/ais/search/all?keyword=8404757\" target=\"_blank\" rel=\"noopener\">MarineTraffic</a>", "vf_url": "https://www.vesselfinder.com/vessels?name=8404757", "mst_url": "https://www.marinetraffic.com/en/ais/search/all?keyword=8404757", "method": "v3_2pass_track3d_fromru10d", "ru_seen_in_lookback": true, "in_monitor_on_day": true}}, {"type": "Feature", "geometry": {"type": "LineString", "coordinates": [[18.41648, 54.796675], [18.416525, 54.796704999999996], [18.4165, 54.796695], [18.41653, 54.796685000000004], [18.4165, 54.79671], [18.416510000000002, 54.7967], [18.4165, 54.796704999999996], [18.41652, 54.79669], [18.41652, 54.796704999999996], [18.416495, 54.796695], [18.416510000000002, 54.79669], [18.41652, 54.79667], [18.416504999999997, 54.79669], [18.4165, 54.796715], [18.41649, 54.796704999999996], [18.416485, 54.7967], [18.41653, 54.796704999999996], [18.416549999999997, 54.796685000000004], [18.416525, 54.796704999999996], [18.416510000000002, 54.7967], [18.416525, 54.796685000000004], [18.416504999999997, 54.79671], [18.416525, 54.796665], [18.416515, 54.796695], [18.41652, 54.796695], [18.41649, 54.79671], [18.416485, 54.7967], [18.4165, 54.796704999999996], [18.4165, 54.79669], [18.41649, 54.79668], [18.41648, 54.79671], [18.416535, 54.79669], [18.416495, 54.79671], [18.416545, 54.796704999999996], [18.41653, 54.79672], [18.416515, 54.796685000000004], [18.416525, 54.79671], [18.41652, 54.796695], [18.41653, 54.79671], [18.416504999999997, 54.796704999999996], [18.416495, 54.796695], [18.416504999999997, 54.796685000000004], [18.41649, 54.79669], [18.416495, 54.796704999999996], [18.416510000000002, 54.796704999999996], [18.41654, 54.796695], [18.41654, 54.796685000000004], [18.41652, 54.79668], [18.41654, 54.79672], [18.416535, 54.796704999999996], [18.416510000000002, 54.7967], [18.41649, 54.7967], [18.416485, 54.796695], [18.41652, 54.796704999999996], [18.41649, 54.79671], [18.4165, 54.796715], [18.416504999999997, 54.79669], [18.416504999999997, 54.79669], [18.41649, 54.79669], [18.41649, 54.79669], [18.41648, 54.796685000000004], [18.41653, 54.79672], [18.416535, 54.7967]]}, "properties": {"label": "WLA 253", "mmsi": "261003970", "imo": "", "name": "WLA 253", "shiptype": "", "first_seen_utc": "2026-01-05T00:03:19Z", "last_seen_utc": "2026-01-14T15:43:36Z", "destination": "", "eta": "{'Day': 0, 'Hour': 24, 'Minute': 60, 'Month': 0}", "display": "", "links": "<a href=\"https://www.vesselfinder.com/vessels?name=261003970\" target=\"_blank\" rel=\"noopener\">VesselFinder</a> | <a href=\"https://www.marinetraffic.com/en/ais/search/all?keyword=261003970\" target=\"_blank\" rel=\"noopener\">MarineTraffic</a>", "vf_url": "https://www.vesselfinder.com/vessels?name=261003970", "mst_url": "https://www.marinetraffic.com/en/ais/search/all?keyword=261003970", "method": "v3_2pass_track3d_fromru10d", "ru_seen_in_lookback": true, "in_monitor_on_day": true}}, {"type": "Feature", "geometry": {"type": "Point", "coordinates": [18.416535, 54.7967]}, "properties": {"label": "WLA 253", "mmsi": "261003970", "imo": "", "name": "WLA 253", "shiptype": "", "first_seen_utc": "2026-01-05T00:03:19Z", "last_seen_utc": "2026-01-14T15:43:36Z", "destination": "", "eta": "{'Day': 0, 'Hour': 24, 'Minute': 60, 'Month': 0}", "display": "WLA 253 (261003970)", "links": "<a href=\"https://www.vesselfinder.com/vessels?name=261003970\" target=\"_blank\" rel=\"noopener\">VesselFinder</a> | <a href=\"https://www.marinetraffic.com/en/ais/search/all?keyword=261003970\" target=\"_blank\" rel=\"noopener\">MarineTraffic</a>", "vf_url": "https://www.vesselfinder.com/vessels?name=261003970", "mst_url": "https://www.marinetraffic.com/en/ais/search/all?keyword=261003970", "method": "v3_2pass_track3d_fromru10d", "ru_seen_in_lookback": true, "in_monitor_on_day": true}}, {"type": "Feature", "geometry": {"type": "LineString", "coordinates": [[14.845893333333333, 54.63521333333333], [18.392008333333333, 54.940553333333334], [18.614808333333333, 54.93623], [18.80061166666667, 54.87191333333333], [18.947158333333334, 54.789055], [18.956368333333334, 54.70686833333333], [18.908586666666668, 54.62634666666667], [18.835863333333336, 54.561083333333336], [18.73745166666667, 54.53763166666667], [18.650486666666666, 54.53525833333333], [18.560626666666668, 54.5357], [18.56143666666667, 54.532381666666666], [18.561411666666668, 54.53239333333333], [18.561431666666667, 54.5324], [18.561408333333336, 54.53239166666666], [18.561423333333334, 54.53237], [18.561445, 54.532385], [18.561413333333334, 54.53239833333334], [18.561416666666666, 54.53239333333333], [18.561429999999998, 54.53239833333334], [18.56140333333333, 54.53241666666667], [18.561423333333334, 54.532408333333336], [18.561426666666666, 54.532383333333335], [18.561415, 54.53239666666666], [18.561428333333332, 54.532379999999996], [18.561410000000002, 54.53239], [18.561429999999998, 54.53242], [18.561421666666668, 54.53237333333333], [18.561428333333332, 54.532383333333335], [18.561435, 54.53239833333334], [18.561415, 54.53237], [18.561418333333332, 54.53237333333333], [18.561435, 54.53239333333333], [18.561425, 54.532385], [18.561433333333333, 54.532376666666664], [18.561426666666666, 54.53239166666666], [18.561410000000002, 54.53238833333333], [18.561411666666668, 54.532375], [18.561418333333332, 54.53238666666667], [18.56140333333333, 54.532383333333335], [18.561410000000002, 54.53237166666667], [18.561426666666666, 54.53238666666667], [18.56142, 54.53239], [18.561443333333333, 54.53239], [18.56143666666667, 54.532378333333334], [18.56144, 54.532385], [18.561451666666667, 54.532378333333334], [18.561451666666667, 54.53238666666667], [18.56143666666667, 54.53239333333333], [18.561435, 54.532375], [18.564673333333335, 54.53584], [18.71768666666667, 54.52992666666667], [18.86546, 54.56863333333333], [18.955835, 54.660311666666665], [19.035841666666666, 54.75562333333333], [18.915715, 54.835588333333334], [18.59997, 55.003295], [15.033018333333333, 55.46525166666667], [14.855571666666666, 55.46476], [14.672568333333334, 55.45827166666666], [14.507209999999999, 55.38509666666666], [14.392851666666667, 55.30362], [13.082664999999999, 55.238155], [12.907373333333334, 55.25973], [12.739373333333333, 55.29477166666666], [12.687990000000001, 55.377698333333335], [12.704213333333334, 55.47893333333333], [12.705350000000001, 55.561164999999995], [12.697406666666666, 55.628205], [12.686475, 55.71127], [12.732220000000002, 55.810633333333335]]}, "properties": {"label": "FURE VIKEN", "mmsi": "265057000", "imo": "9980318", "name": "FURE VIKEN", "shiptype": "", "first_seen_utc": "2026-01-05T00:04:02Z", "last_seen_utc": "2026-01-14T16:04:43Z", "destination": "SE BRO", "eta": "{'Day': 15, 'Hour': 7, 'Minute': 0, 'Month': 1}", "display": "", "links": "<a href=\"https://www.vesselfinder.com/vessels?name=9980318\" target=\"_blank\" rel=\"noopener\">VesselFinder</a> | <a href=\"https://www.marinetraffic.com/en/ais/search/all?keyword=9980318\" target=\"_blank\" rel=\"noopener\">MarineTraffic</a>", "vf_url": "https://www.vesselfinder.com/vessels?name=9980318", "mst_url": "https://www.marinetraffic.com/en/ais/search/all?keyword=9980318", "method": "v3_2pass_track3d_fromru10d", "ru_seen_in_lookback": true, "in_monitor_on_day": true}}, {"type": "Feature", "geometry": {"type": "Point", "coordinates": [12.732220000000002, 55.810633333333335]}, "properties": {"label": "FURE VIKEN", "mmsi": "265057000", "imo": "9980318", "name": "FURE VIKEN", "shiptype": "", "first_seen_utc": "2026-01-05T00:04:02Z", "last_seen_utc": "2026-01-14T16:04:43Z", "destination": "SE BRO", "eta": "{'Day': 15, 'Hour': 7, 'Minute': 0, 'Month': 1}", "display": "FURE VIKEN (265057000)", "links": "<a href=\"https://www.vesselfinder.com/vessels?name=9980318\" target=\"_blank\" rel=\"noopener\">VesselFinder</a> | <a href=\"https://www.marinetraffic.com/en/ais/search/all?keyword=9980318\" target=\"_blank\" rel=\"noopener\">MarineTraffic</a>", "vf_url": "https://www.vesselfinder.com/vessels?name=9980318", "mst_url": "https://www.marinetraffic.com/en/ais/search/all?keyword=9980318", "method": "v3_2pass_track3d_fromru10d", "ru_seen_in_lookback": true, "in_monitor_on_day": true}}, {"type": "Feature", "geometry": {"type": "LineString", "coordinates": [[4.3421666666666665, 51.265616666666666], [4.3335333333333335, 51.277366666666666], [4.3335, 51.2776], [4.333483333333334, 51.277633333333334], [4.30555, 51.29443333333334], [4.25645, 51.35058333333333], [4.1582333333333334, 51.38326666666667], [4.037916666666667, 51.40486666666666], [3.9503833333333334, 51.39383333333333], [3.800816666666667, 51.35058333333333], [3.6885333333333334, 51.4336], [3.5543166666666663, 51.42633333333333], [3.3781166666666667, 51.40988333333333], [3.202433333333333, 51.40703333333333], [3.0332999999999997, 51.4145], [3.0465, 51.48355], [3.1496166666666667, 51.5513], [3.197416666666667, 51.6389], [3.2299333333333333, 51.716366666666666], [3.1755, 51.80465], [3.01115, 51.8663], [2.841666666666667, 51.91705], [2.7632166666666667, 52.00536666666667], [2.6590333333333334, 52.848483333333334], [0.45105, 53.75561666666667], [0.4529666666666667, 53.75425], [0.45253333333333334, 53.75396666666666], [0.4525666666666667, 53.75386666666667], [0.45348333333333335, 53.75595], [0.4536833333333333, 53.755183333333335], [0.4532, 53.75481666666667], [0.4522833333333333, 53.75429999999999]]}, "properties": {"label": "ESSEX STAR", "mmsi": "256809000", "imo": "9348297", "name": "ESSEX STAR", "shiptype": "", "first_seen_utc": "2026-01-05T00:05:38Z", "last_seen_utc": "2026-01-14T12:40:39Z", "destination": "BEANR > GBIMM", "eta": "{'Day': 13, 'Hour': 21, 'Minute': 0, 'Month': 1}", "display": "", "links": "<a href=\"https://www.vesselfinder.com/vessels?name=9348297\" target=\"_blank\" rel=\"noopener\">VesselFinder</a> | <a href=\"https://www.marinetraffic.com/en/ais/search/all?keyword=9348297\" target=\"_blank\" rel=\"noopener\">MarineTraffic</a>", "vf_url": "https://www.vesselfinder.com/vessels?name=9348297", "mst_url": "https://www.marinetraffic.com/en/ais/search/all?keyword=9348297", "method": "v3_2pass_track3d_fromru10d", "ru_seen_in_lookback": true, "in_monitor_on_day": true}}, {"type": "Feature", "geometry": {"type": "Point", "coordinates": [0.4522833333333333, 53.75429999999999]}, "properties": {"label": "ESSEX STAR", "mmsi": "256809000", "imo": "9348297", "name": "ESSEX STAR", "shiptype": "", "first_seen_utc": "2026-01-05T00:05:38Z", "last_seen_utc": "2026-01-14T12:40:39Z", "destination": "BEANR > GBIMM", "eta": "{'Day': 13, 'Hour': 21, 'Minute': 0, 'Month': 1}", "display": "ESSEX STAR (256809000)", "links": "<a href=\"https://www.vesselfinder.com/vessels?name=9348297\" target=\"_blank\" rel=\"noopener\">VesselFinder</a> | <a href=\"https://www.marinetraffic.com/en/ais/search/all?keyword=9348297\" target=\"_blank\" rel=\"noopener\">MarineTraffic</a>", "vf_url": "https://www.vesselfinder.com/vessels?name=9348297", "mst_url": "https://www.marinetraffic.com/en/ais/search/all?keyword=9348297", "method": "v3_2pass_track3d_fromru10d", "ru_seen_in_lookback": true, "in_monitor_on_day": true}}, {"type": "Feature", "geometry": {"type": "LineString", "coordinates": [[18.675791666666665, 54.35682833333333], [18.675746666666665, 54.35679833333334], [18.675723333333334, 54.35681666666667], [18.675726666666666, 54.356815], [18.67573666666667, 54.356793333333336], [18.675729999999998, 54.35679833333334], [18.675729999999998, 54.35680166666667], [18.675728333333332, 54.356806666666664], [18.675728333333332, 54.356788333333334], [18.675756666666665, 54.356806666666664], [18.675755, 54.356805], [18.675738333333335, 54.35681], [18.675751666666667, 54.356791666666666], [18.67573666666667, 54.356790000000004], [18.675753333333333, 54.35681666666667], [18.67575833333333, 54.3568], [18.67575, 54.356795000000005], [18.675735, 54.35680166666667], [18.675743333333333, 54.356811666666665], [18.67573666666667, 54.356829999999995], [18.675771666666666, 54.35679666666667], [18.67573666666667, 54.356813333333335], [18.675743333333333, 54.356811666666665], [18.675756666666665, 54.35680333333333], [18.67578166666667, 54.35679666666667], [18.675756666666665, 54.35681], [18.675756666666665, 54.35680166666667], [18.67576, 54.35681666666667], [18.675756666666665, 54.35680166666667], [18.675733333333334, 54.35681], [18.675751666666667, 54.356806666666664], [18.675729999999998, 54.356813333333335], [18.675726666666666, 54.356805], [18.675768333333334, 54.35679833333334], [18.675753333333333, 54.35680833333333], [18.675741666666667, 54.356805], [18.675731666666664, 54.356829999999995], [18.675733333333334, 54.356805], [18.675720000000002, 54.35681], [18.675746666666665, 54.35682666666666], [18.675741666666667, 54.35682], [18.675738333333335, 54.356825], [18.67574, 54.35681833333333], [18.675746666666665, 54.356825], [18.675761666666666, 54.35681], [18.675765000000002, 54.3568], [18.67574, 54.35680833333333], [18.675726666666666, 54.35678166666666], [18.675721666666668, 54.35681833333333], [18.67575833333333, 54.35680166666667], [18.675765000000002, 54.35682666666666], [18.675745, 54.35680333333333], [18.675765000000002, 54.35682666666666], [18.675756666666665, 54.35681], [18.675748333333335, 54.35681666666667], [18.675761666666666, 54.35679666666667], [18.675733333333334, 54.35680833333333], [18.675731666666664, 54.35682], [18.67573666666667, 54.35681], [18.675720000000002, 54.35681666666667], [18.675728333333332, 54.35682333333333], [18.675720000000002, 54.356815], [18.675743333333333, 54.35682], [18.675731666666664, 54.35682833333333], [18.67574, 54.356811666666665], [18.675743333333333, 54.356806666666664], [18.675728333333332, 54.356805], [18.675733333333334, 54.35679666666667], [18.675753333333333, 54.35682166666666], [18.67573666666667, 54.3568], [18.675741666666667, 54.35681], [18.675733333333334, 54.35681833333333], [18.672438333333332, 54.35865833333333], [18.672373333333333, 54.358738333333335], [18.672363333333333, 54.35874166666667], [18.672371666666667, 54.358754999999995], [18.672376666666665, 54.358738333333335], [18.672355, 54.358711666666665], [18.672368333333335, 54.35874333333334], [18.672386666666668, 54.35872666666667], [18.67238166666667, 54.35874166666667], [18.672363333333333, 54.35874666666667], [18.67236666666667, 54.35874333333334], [18.672355, 54.35875166666666], [18.672346666666666, 54.35874833333333], [18.672340000000002, 54.35872833333334], [18.672375, 54.35874666666667], [18.672346666666666, 54.358736666666665], [18.672355, 54.35872], [18.67236666666667, 54.35874166666667], [18.67237, 54.35873333333333], [18.672353333333334, 54.35872166666666], [18.672385000000002, 54.35874333333334], [18.672388333333334, 54.35875166666666], [18.672365, 54.35875], [18.672373333333333, 54.35874166666667], [18.67237, 54.35872333333334], [18.672383333333336, 54.35873333333333], [18.672371666666667, 54.35874333333334], [18.6724, 54.358758333333334], [18.672379999999997, 54.35873333333333], [18.672343333333334, 54.35875], [18.672376666666665, 54.35874166666667], [18.672394999999998, 54.35875166666666], [18.672383333333336, 54.35877166666667], [18.672355, 54.358736666666665], [18.672383333333336, 54.35873], [18.672355, 54.35874333333334], [18.67650666666667, 54.356186666666666], [18.67657, 54.356123333333336], [18.67659666666667, 54.356141666666666], [18.676573333333334, 54.35614833333333], [18.676575, 54.35614333333333], [18.676558333333332, 54.35616], [18.676591666666663, 54.356154999999994], [18.676581666666667, 54.356145], [18.676538333333333, 54.356136666666664], [18.676563333333334, 54.35615666666667], [18.676556666666666, 54.356141666666666], [18.676563333333334, 54.35613333333333]]}, "properties": {"label": "SM-PRC-101", "mmsi": "261011140", "imo": "8899081", "name": "SM-PRC-101", "shiptype": "", "first_seen_utc": "2026-01-05T00:05:39Z", "last_seen_utc": "2026-01-14T16:10:48Z", "destination": "NOWY_SWIAT", "eta": "{'Day': 17, 'Hour': 3, 'Minute': 0, 'Month': 10}", "display": "", "links": "<a href=\"https://www.vesselfinder.com/vessels?name=8899081\" target=\"_blank\" rel=\"noopener\">VesselFinder</a> | <a href=\"https://www.marinetraffic.com/en/ais/search/all?keyword=8899081\" target=\"_blank\" rel=\"noopener\">MarineTraffic</a>", "vf_url": "https://www.vesselfinder.com/vessels?name=8899081", "mst_url": "https://www.marinetraffic.com/en/ais/search/all?keyword=8899081", "method": "v3_2pass_track3d_fromru10d", "ru_seen_in_lookback": true, "in_monitor_on_day": true}}, {"type": "Feature", "geometry": {"type": "Point", "coordinates": [18.676563333333334, 54.35613333333333]}, "properties": {"label": "SM-PRC-101", "mmsi": "261011140", "imo": "8899081", "name": "SM-PRC-101", "shiptype": "", "first_seen_utc": "2026-01-05T00:05:39Z", "last_seen_utc": "2026-01-14T16:10:48Z", "destination": "NOWY_SWIAT", "eta": "{'Day': 17, 'Hour': 3, 'Minute': 0, 'Month': 10}", "display": "SM-PRC-101 (261011140)", "links": "<a href=\"https://www.vesselfinder.com/vessels?name=8899081\" target=\"_blank\" rel=\"noopener\">VesselFinder</a> | <a href=\"https://www.marinetraffic.com/en/ais/search/all?keyword=8899081\" target=\"_blank\" rel=\"noopener\">MarineTraffic</a>", "vf_url": "https://www.vesselfinder.com/vessels?name=8899081", "mst_url": "https://www.marinetraffic.com/en/ais/search/all?keyword=8899081", "method": "v3_2pass_track3d_fromru10d", "ru_seen_in_lookback": true, "in_monitor_on_day": true}}, {"type": "Feature", "geometry": {"type": "LineString", "coordinates": [[15.380284999999999, 55.68908], [15.190868333333333, 55.63309666666667], [15.055579999999999, 55.58376333333333], [14.912858333333332, 55.53875333333334], [14.75751, 55.49185333333333], [14.613760000000001, 55.43156666666666], [14.366566666666667, 55.26058666666667], [12.242970000000001, 54.591406666666664], [12.189788333333333, 54.50827666666667], [12.108675, 54.44417333333333], [11.957931666666667, 54.444343333333336], [11.80713, 54.44569333333333], [11.668579999999999, 54.47505], [11.537891666666667, 54.50893666666666], [11.401733333333334, 54.54705333333333], [11.259273333333335, 54.5816], [11.121883333333333, 54.609473333333334], [10.989625, 54.60197], [10.857038333333332, 54.59361], [10.726623333333333, 54.590673333333335], [10.4629, 54.54333333333333], [10.333318333333333, 54.51044], [10.23168, 54.44515], [10.16822, 54.36556666666667], [10.143591666666667, 54.365763333333334], [10.093761666666667, 54.37186666666666], [10.061793333333332, 54.36117333333333], [10.032663333333334, 54.36084], [9.941853333333334, 54.34095], [9.857471666666667, 54.36302], [9.763611666666666, 54.34866666666667], [9.713778333333332, 54.322356666666664], [9.706573333333333, 54.30135], [9.630398333333334, 54.27256], [9.594466666666667, 54.220083333333335], [9.556188333333333, 54.20117333333334]]}, "properties": {"label": "BALTIC SHARK", "mmsi": "304932000", "imo": "9315032", "name": "BALTIC SHARK", "shiptype": "", "first_seen_utc": "2026-01-05T00:07:07Z", "last_seen_utc": "2026-01-14T15:47:01Z", "destination": "NLRTM VIA NOK", "eta": "{'Day': 15, 'Hour': 22, 'Minute': 0, 'Month': 1}", "display": "", "links": "<a href=\"https://www.vesselfinder.com/vessels?name=9315032\" target=\"_blank\" rel=\"noopener\">VesselFinder</a> | <a href=\"https://www.marinetraffic.com/en/ais/search/all?keyword=9315032\" target=\"_blank\" rel=\"noopener\">MarineTraffic</a>", "vf_url": "https://www.vesselfinder.com/vessels?name=9315032", "mst_url": "https://www.marinetraffic.com/en/ais/search/all?keyword=9315032", "method": "v3_2pass_track3d_fromru10d", "ru_seen_in_lookback": true, "in_monitor_on_day": true}}, {"type": "Feature", "geometry": {"type": "Point", "coordinates": [9.556188333333333, 54.20117333333334]}, "properties": {"label": "BALTIC SHARK", "mmsi": "304932000", "imo": "9315032", "name": "BALTIC SHARK", "shiptype": "", "first_seen_utc": "2026-01-05T00:07:07Z", "last_seen_utc": "2026-01-14T15:47:01Z", "destination": "NLRTM VIA NOK", "eta": "{'Day': 15, 'Hour': 22, 'Minute': 0, 'Month': 1}", "display": "BALTIC SHARK (304932000)", "links": "<a href=\"https://www.vesselfinder.com/vessels?name=9315032\" target=\"_blank\" rel=\"noopener\">VesselFinder</a> | <a href=\"https://www.marinetraffic.com/en/ais/search/all?keyword=9315032\" target=\"_blank\" rel=\"noopener\">MarineTraffic</a>", "vf_url": "https://www.vesselfinder.com/vessels?name=9315032", "mst_url": "https://www.marinetraffic.com/en/ais/search/all?keyword=9315032", "method": "v3_2pass_track3d_fromru10d", "ru_seen_in_lookback": true, "in_monitor_on_day": true}}, {"type": "Feature", "geometry": {"type": "LineString", "coordinates": [[7.349445, 54.38002166666667], [7.234678333333333, 54.52946833333333], [7.43933, 56.89324], [7.59796, 57.02663166666667], [7.810741666666667, 57.133465], [8.031320000000001, 57.22358833333333], [8.258891666666667, 57.305708333333335], [8.488821666666666, 57.396955000000005], [8.688488333333334, 57.48788166666667], [8.876663333333333, 57.55322666666667], [9.075523333333333, 57.618965], [9.304499999999999, 57.69350333333333], [9.537475, 57.768211666666666], [9.793221666666666, 57.79709166666667], [10.045731666666667, 57.805191666666666], [10.315623333333333, 57.81334833333334], [11.014163333333332, 55.97023166666667], [10.847555, 55.85623333333333], [10.788995, 55.72013833333333], [10.814744999999998, 55.580365], [10.9254, 55.45078], [11.031274999999999, 55.32721], [11.077003333333332, 55.19750833333333], [10.99362, 55.06994833333333], [10.900263333333333, 54.94665833333333], [10.833186666666668, 54.81948333333333], [10.769533333333333, 54.685015], [10.968488333333333, 54.60131333333333], [11.222624999999999, 54.568441666666665], [11.449035, 54.50389833333334], [11.68535, 54.430989999999994], [11.948673333333334, 54.413556666666665], [12.19285, 54.44722], [12.23794, 54.53601666666667], [12.383491666666666, 54.63567166666667], [12.596466666666666, 54.71917333333333], [18.065830000000002, 54.91758166666667], [18.368550000000003, 54.95919333333333], [18.557315000000003, 54.95090666666667], [18.71669166666667, 54.87871333333333], [18.894045000000002, 54.80820000000001], [19.02732, 54.721851666666666], [19.072491666666668, 54.60890833333334], [18.990146666666664, 54.506076666666665], [18.864713333333334, 54.42436166666666], [18.747853333333335, 54.40472833333333], [18.71966666666667, 54.391126666666665], [18.718271666666666, 54.387105], [18.71828, 54.387116666666664], [18.71830333333333, 54.387134999999994], [18.71827, 54.38710666666667], [18.718281666666666, 54.387121666666665], [18.718283333333332, 54.38710833333334], [18.718284999999998, 54.387100000000004], [18.718273333333332, 54.387101666666666], [18.71828, 54.387105], [18.718320000000002, 54.38717], [18.718290000000003, 54.387053333333334], [18.718290000000003, 54.38709333333334], [18.718268333333334, 54.38709166666667], [18.718283333333332, 54.38709333333334], [18.718265, 54.387119999999996], [18.718281666666666, 54.38711166666667], [18.718275000000002, 54.38711333333333], [18.718175, 54.387013333333336], [18.718315, 54.387143333333334], [18.718290000000003, 54.387121666666665], [18.718261666666667, 54.38708999999999], [18.718255, 54.38704833333334]]}, "properties": {"label": "W KLAIPEDA", "mmsi": "538009143", "imo": "9211482", "name": "W KLAIPEDA", "shiptype": "", "first_seen_utc": "2026-01-05T00:07:22Z", "last_seen_utc": "2026-01-14T15:52:30Z", "destination": "PLGDN", "eta": "{'Day': 14, 'Hour': 3, 'Minute': 0, 'Month': 1}", "display": "", "links": "<a href=\"https://www.vesselfinder.com/vessels?name=9211482\" target=\"_blank\" rel=\"noopener\">VesselFinder</a> | <a href=\"https://www.marinetraffic.com/en/ais/search/all?keyword=9211482\" target=\"_blank\" rel=\"noopener\">MarineTraffic</a>", "vf_url": "https://www.vesselfinder.com/vessels?name=9211482", "mst_url": "https://www.marinetraffic.com/en/ais/search/all?keyword=9211482", "method": "v3_2pass_track3d_fromru10d", "ru_seen_in_lookback": true, "in_monitor_on_day": true}}, {"type": "Feature", "geometry": {"type": "Point", "coordinates": [18.718255, 54.38704833333334]}, "properties": {"label": "W KLAIPEDA", "mmsi": "538009143", "imo": "9211482", "name": "W KLAIPEDA", "shiptype": "", "first_seen_utc": "2026-01-05T00:07:22Z", "last_seen_utc": "2026-01-14T15:52:30Z", "destination": "PLGDN", "eta": "{'Day': 14, 'Hour': 3, 'Minute': 0, 'Month': 1}", "display": "W KLAIPEDA (538009143)", "links": "<a href=\"https://www.vesselfinder.com/vessels?name=9211482\" target=\"_blank\" rel=\"noopener\">VesselFinder</a> | <a href=\"https://www.marinetraffic.com/en/ais/search/all?keyword=9211482\" target=\"_blank\" rel=\"noopener\">MarineTraffic</a>", "vf_url": "https://www.vesselfinder.com/vessels?name=9211482", "mst_url": "https://www.marinetraffic.com/en/ais/search/all?keyword=9211482", "method": "v3_2pass_track3d_fromru10d", "ru_seen_in_lookback": true, "in_monitor_on_day": true}}, {"type": "Feature", "geometry": {"type": "LineString", "coordinates": [[8.15135, 53.597595], [8.151343333333333, 53.597585], [8.151311666666667, 53.59762166666667], [8.151288333333333, 53.59759333333333], [8.15129, 53.59761], [8.151321666666666, 53.59749], [8.151336666666667, 53.59756333333333], [8.151333333333334, 53.59760333333334], [8.151298333333333, 53.59760666666667], [8.151348333333333, 53.59757166666667], [8.151308333333334, 53.59759666666666], [8.151323333333334, 53.597586666666665], [8.151315, 53.597588333333334], [8.151288333333333, 53.59751666666667], [8.151336666666667, 53.59759], [8.151281666666668, 53.59754], [8.151313333333333, 53.59758166666666], [8.15134, 53.59757666666667], [8.151268333333332, 53.59760000000001], [8.151298333333333, 53.59764], [8.151315, 53.597585], [8.15138, 53.59760333333334], [8.15135, 53.597585], [8.151363333333332, 53.59755833333334], [8.151321666666666, 53.59755833333334], [8.151255, 53.59746500000001], [8.151325, 53.59754833333333], [8.151296666666667, 53.597615000000005], [8.151343333333333, 53.59760000000001], [8.15131, 53.59760333333334], [8.151351666666667, 53.597565], [8.151328333333334, 53.597586666666665], [8.151358333333333, 53.59755166666666], [8.151286666666667, 53.59754], [8.151361666666666, 53.59753333333333], [8.151345, 53.597575], [8.151318333333332, 53.59757166666667], [8.151345, 53.597566666666665], [8.151353333333335, 53.597543333333334], [8.151331666666668, 53.597570000000005], [8.151316666666666, 53.59759833333333], [8.151311666666667, 53.59755166666666], [8.15125, 53.59755333333333], [8.151375, 53.59758333333333], [8.151356666666667, 53.597566666666665], [8.153905, 53.599288333333334], [8.082683333333334, 53.686638333333335], [7.993451666666667, 53.805415], [7.853991666666667, 53.862175], [7.7028300000000005, 53.93781833333333], [7.508606666666666, 54.00016333333333], [7.258636666666666, 53.972543333333334], [7.0090916666666665, 53.93871], [6.756713333333334, 53.90296], [6.503611666666667, 53.86796833333334], [6.24683, 53.82564166666667], [5.9871566666666665, 53.77753666666667], [5.732758333333334, 53.72819666666667], [5.472035, 53.676588333333335], [5.2120500000000005, 53.626475], [4.975576666666667, 53.572858333333336], [4.735028333333333, 53.515096666666665], [4.557538333333333, 53.40343333333333], [4.479593333333333, 53.25198666666667], [4.348016666666666, 53.120805000000004], [4.143375, 53.02448666666667], [3.930841666666667, 52.91881], [3.432665, 52.552375], [3.343688333333333, 52.07751666666666], [3.327008333333333, 51.955155], [3.3068566666666666, 51.850915], [3.309543333333333, 51.797671666666666], [3.319081666666667, 51.788988333333336], [3.3201716666666665, 51.78921666666667], [3.3216733333333335, 51.78937833333334], [3.3218166666666664, 51.78947166666667], [3.3224783333333336, 51.789318333333334], [3.323061666666667, 51.78911166666667], [3.3232166666666667, 51.789046666666664], [3.3232283333333332, 51.789030000000004], [3.323053333333333, 51.78911], [3.3232283333333332, 51.78905666666667], [3.323376666666667, 51.78899166666667], [3.32343, 51.788941666666666], [3.3240416666666666, 51.788628333333335], [3.324031666666667, 51.788626666666666], [3.3239733333333334, 51.78863333333334], [3.3241783333333337, 51.788305], [3.3243816666666666, 51.786485], [3.3241916666666667, 51.78586333333333], [3.3239333333333336, 51.78536833333333], [3.322955, 51.78485166666667], [3.322236666666667, 51.78463833333333], [3.321206666666667, 51.784549999999996], [3.3212166666666665, 51.784525], [3.3208783333333334, 51.784591666666664], [3.3211333333333335, 51.78451666666667], [3.3214116666666667, 51.78456833333333], [3.321536666666667, 51.784618333333334], [3.321981666666667, 51.78467], [3.3230266666666664, 51.78498666666667], [3.323761666666667, 51.78541666666667], [3.3245516666666663, 51.78671166666666], [3.3245033333333334, 51.787405], [3.324238333333333, 51.78780833333334], [3.3241666666666663, 51.788093333333336], [3.3238766666666666, 51.788345], [3.323601666666667, 51.788655], [3.3237266666666665, 51.78848333333334], [3.3237216666666667, 51.788455], [3.3236383333333333, 51.78838], [3.3236, 51.788445], [3.3234116666666664, 51.788356666666665], [3.3229433333333334, 51.78854166666667], [3.321385, 51.78886333333333], [3.3179333333333334, 51.78644166666666], [3.3187833333333336, 51.785471666666666]]}, "properties": {"label": "API BHUM", "mmsi": "563167500", "imo": "9292149", "name": "API BHUM", "shiptype": "", "first_seen_utc": "2026-01-05T00:08:01Z", "last_seen_utc": "2026-01-14T16:03:20Z", "destination": "BEANR", "eta": "{'Day': 14, 'Hour': 16, 'Minute': 0, 'Month': 1}", "display": "", "links": "<a href=\"https://www.vesselfinder.com/vessels?name=9292149\" target=\"_blank\" rel=\"noopener\">VesselFinder</a> | <a href=\"https://www.marinetraffic.com/en/ais/search/all?keyword=9292149\" target=\"_blank\" rel=\"noopener\">MarineTraffic</a>", "vf_url": "https://www.vesselfinder.com/vessels?name=9292149", "mst_url": "https://www.marinetraffic.com/en/ais/search/all?keyword=9292149", "method": "v3_2pass_track3d_fromru10d", "ru_seen_in_lookback": true, "in_monitor_on_day": true}}, {"type": "Feature", "geometry": {"type": "Point", "coordinates": [3.3187833333333336, 51.785471666666666]}, "properties": {"label": "API BHUM", "mmsi": "563167500", "imo": "9292149", "name": "API BHUM", "shiptype": "", "first_seen_utc": "2026-01-05T00:08:01Z", "last_seen_utc": "2026-01-14T16:03:20Z", "destination": "BEANR", "eta": "{'Day': 14, 'Hour': 16, 'Minute': 0, 'Month': 1}", "display": "API BHUM (563167500)", "links": "<a href=\"https://www.vesselfinder.com/vessels?name=9292149\" target=\"_blank\" rel=\"noopener\">VesselFinder</a> | <a href=\"https://www.marinetraffic.com/en/ais/search/all?keyword=9292149\" target=\"_blank\" rel=\"noopener\">MarineTraffic</a>", "vf_url": "https://www.vesselfinder.com/vessels?name=9292149", "mst_url": "https://www.marinetraffic.com/en/ais/search/all?keyword=9292149", "method": "v3_2pass_track3d_fromru10d", "ru_seen_in_lookback": true, "in_monitor_on_day": true}}, {"type": "Feature", "geometry": {"type": "LineString", "coordinates": [[18.676738333333333, 54.35621166666667], [18.676733333333335, 54.35619833333333], [18.676724999999998, 54.35623333333333], [18.67672333333333, 54.35622333333333], [18.676724999999998, 54.35622166666667], [18.676713333333332, 54.356226666666664], [18.67672, 54.35622166666667], [18.676708333333334, 54.35621666666667], [18.67671, 54.35622], [18.676728333333333, 54.356215], [18.676713333333332, 54.35622333333333], [18.67672333333333, 54.35621666666667], [18.676701666666666, 54.35622333333333], [18.676701666666666, 54.35620166666667], [18.676711666666666, 54.35620333333333], [18.67568, 54.35644], [18.646741666666667, 54.366565], [18.646743333333333, 54.36658], [18.648653333333336, 54.366015], [18.64836, 54.365855], [18.658828333333336, 54.36374333333333], [18.676724999999998, 54.35622166666667], [18.676695, 54.35622333333333], [18.67672, 54.35622], [18.676718333333334, 54.35621166666667], [18.676716666666668, 54.35622166666667], [18.676706666666668, 54.35622166666667], [18.67701, 54.356045], [18.676991666666666, 54.356049999999996], [18.677023333333334, 54.35603166666667], [18.677680000000002, 54.396946666666665], [18.698741666666667, 54.45088], [18.795858333333335, 54.51524], [18.892305, 54.57873166666666], [18.942445000000003, 54.65253833333334], [18.782011666666666, 54.702845], [18.596008333333334, 54.73940666666667], [18.59838166666667, 54.739635], [18.59776, 54.73978833333333], [18.597606666666664, 54.73972333333334], [18.59796, 54.739855], [18.598101666666665, 54.739866666666664], [18.595591666666667, 54.74045833333333], [18.592733333333335, 54.74030666666667], [18.59591, 54.74213333333333], [18.595048333333335, 54.74127166666666], [18.72307, 54.705490000000005], [18.837031666666668, 54.65308666666667], [18.929333333333332, 54.58960833333333], [19.032693333333334, 54.52426833333333], [19.131956666666667, 54.460341666666665], [19.237181666666668, 54.39736666666667], [19.312746666666666, 54.36183833333334], [19.300205000000002, 54.371226666666665], [19.219096666666665, 54.37948666666667], [19.128895, 54.38469666666666], [19.03927666666667, 54.39036], [18.950128333333335, 54.397525], [18.860378333333333, 54.405343333333334], [18.806981666666665, 54.41316333333334], [18.71919666666667, 54.41721], [18.675888333333333, 54.426293333333334], [18.65711333333333, 54.415231666666664], [18.668063333333336, 54.38899], [18.670376666666666, 54.358511666666665], [18.675575, 54.356766666666665], [18.675549999999998, 54.356784999999995], [18.66307, 54.37263166666666], [18.656908333333334, 54.42081833333334], [18.798373333333334, 54.40870333333333], [18.939283333333332, 54.396295], [19.081895, 54.38483333333333], [19.219863333333333, 54.37631333333333], [19.31262, 54.363215], [19.21835, 54.378685000000004], [19.135295, 54.38479333333333], [19.05385, 54.38915833333333], [18.972343333333335, 54.393170000000005], [18.889705, 54.40050166666666], [18.82291, 54.408723333333334], [18.747693333333334, 54.41881166666667], [18.675268333333335, 54.42541833333333], [18.67805, 54.40313833333333], [18.664093333333334, 54.37063166666667], [18.676454999999997, 54.35612666666667], [18.676589999999997, 54.356115], [18.676541666666665, 54.356125], [18.675236666666667, 54.35689333333333], [18.67524166666667, 54.35691333333333], [18.675213333333332, 54.35689], [18.675216666666664, 54.35690666666667], [18.67522166666667, 54.35688666666667], [18.675251666666668, 54.356895], [18.675235, 54.35691], [18.67522166666667, 54.35689833333333], [18.675228333333333, 54.356896666666664], [18.67523, 54.35689333333333], [18.67522166666667, 54.35691166666666], [18.675220000000003, 54.356865], [18.675250000000002, 54.356919999999995], [18.675203333333332, 54.35689166666667], [18.67521833333333, 54.3569], [18.675243333333334, 54.356895], [18.675220000000003, 54.356896666666664], [18.675226666666667, 54.35688666666667]]}, "properties": {"label": "HENRYK", "mmsi": "261059000", "imo": "7504926", "name": "HENRYK", "shiptype": "", "first_seen_utc": "2026-01-05T00:08:10Z", "last_seen_utc": "2026-01-14T15:57:24Z", "destination": "NOWYSWIAT", "eta": "{'Day': 13, 'Hour': 13, 'Minute': 0, 'Month': 1}", "display": "", "links": "<a href=\"https://www.vesselfinder.com/vessels?name=7504926\" target=\"_blank\" rel=\"noopener\">VesselFinder</a> | <a href=\"https://www.marinetraffic.com/en/ais/search/all?keyword=7504926\" target=\"_blank\" rel=\"noopener\">MarineTraffic</a>", "vf_url": "https://www.vesselfinder.com/vessels?name=7504926", "mst_url": "https://www.marinetraffic.com/en/ais/search/all?keyword=7504926", "method": "v3_2pass_track3d_fromru10d", "ru_seen_in_lookback": true, "in_monitor_on_day": true}}, {"type": "Feature", "geometry": {"type": "Point", "coordinates": [18.675226666666667, 54.35688666666667]}, "properties": {"label": "HENRYK", "mmsi": "261059000", "imo": "7504926", "name": "HENRYK", "shiptype": "", "first_seen_utc": "2026-01-05T00:08:10Z", "last_seen_utc": "2026-01-14T15:57:24Z", "destination": "NOWYSWIAT", "eta": "{'Day': 13, 'Hour': 13, 'Minute': 0, 'Month': 1}", "display": "HENRYK (261059000)", "links": "<a href=\"https://www.vesselfinder.com/vessels?name=7504926\" target=\"_blank\" rel=\"noopener\">VesselFinder</a> | <a href=\"https://www.marinetraffic.com/en/ais/search/all?keyword=7504926\" target=\"_blank\" rel=\"noopener\">MarineTraffic</a>", "vf_url": "https://www.vesselfinder.com/vessels?name=7504926", "mst_url": "https://www.marinetraffic.com/en/ais/search/all?keyword=7504926", "method": "v3_2pass_track3d_fromru10d", "ru_seen_in_lookback": true, "in_monitor_on_day": true}}, {"type": "Feature", "geometry": {"type": "LineString", "coordinates": [[18.670616666666668, 54.35952333333333], [18.670650000000002, 54.35948666666666], [18.670579999999998, 54.35951], [18.67068, 54.359465], [18.67058666666667, 54.359525], [18.670608333333334, 54.35950833333333], [18.670633333333335, 54.35951], [18.670560000000002, 54.359498333333335], [18.670543333333335, 54.359516666666664], [18.67062333333333, 54.359471666666664], [18.670635, 54.35949333333333], [18.670566666666666, 54.35949], [18.670585000000003, 54.35947], [18.67049666666667, 54.35953666666667], [18.670605000000002, 54.35943833333333], [18.67064, 54.35950166666667], [18.670588333333335, 54.35948833333334], [18.670528333333333, 54.359525], [18.670595, 54.35948833333334], [18.67064, 54.35948833333334], [18.67057833333333, 54.35951], [18.670561666666668, 54.35951166666667], [18.670708333333334, 54.35946666666667], [18.670608333333334, 54.35948833333334], [18.670665, 54.35951333333333], [18.670633333333335, 54.359495], [18.670565, 54.35949333333333], [18.670575, 54.35946333333333], [18.670605000000002, 54.359505], [18.670583333333333, 54.35948], [18.670568333333332, 54.35948333333333], [18.67057, 54.35950666666667], [18.670581666666667, 54.35947], [18.670583333333333, 54.359519999999996], [18.670583333333333, 54.35950666666667], [18.670583333333333, 54.35952833333333], [18.67062333333333, 54.359519999999996], [18.670618333333334, 54.35950666666667], [18.670596666666665, 54.35944833333333], [18.670613333333332, 54.359515], [18.670588333333335, 54.35949666666667], [18.670585000000003, 54.35950833333333], [18.67063166666667, 54.35946666666667], [18.670638333333333, 54.359519999999996], [18.670576666666665, 54.35949166666667], [18.670575, 54.35948666666666], [18.67059833333333, 54.359498333333335], [18.670576666666665, 54.359518333333334], [18.670606666666668, 54.35949666666667], [18.670685, 54.35941833333333], [18.670633333333335, 54.359500000000004], [18.670595, 54.35952333333333], [18.670596666666665, 54.359505], [18.670650000000002, 54.359445], [18.670571666666667, 54.35951333333333], [18.670566666666666, 54.35951], [18.670566666666666, 54.35953333333334], [18.670648333333336, 54.35952333333333], [18.670645, 54.35949166666667], [18.670691666666666, 54.359410000000004], [18.670601666666666, 54.35948333333333], [18.670616666666668, 54.35941833333333], [18.670588333333335, 54.359516666666664], [18.670605000000002, 54.35950166666667], [18.67063166666667, 54.359516666666664], [18.670606666666668, 54.35949333333333], [18.670565, 54.35944833333333], [18.670583333333333, 54.359505], [18.6706, 54.35951166666667], [18.670669999999998, 54.35945166666667], [18.670663333333334, 54.359474999999996], [18.670630000000003, 54.359471666666664], [18.670576666666665, 54.359518333333334], [18.670595, 54.35946666666667], [18.670618333333334, 54.35952666666667], [18.670645, 54.35948], [18.670616666666668, 54.35949666666667], [18.670583333333333, 54.359515], [18.67059, 54.35949], [18.6706, 54.35944166666666], [18.67059833333333, 54.359476666666666], [18.670591666666667, 54.35953166666666], [18.67061, 54.35951], [18.670556666666666, 54.35953166666666], [18.670576666666665, 54.359505], [18.67063166666667, 54.359555], [18.67059833333333, 54.35951], [18.670568333333332, 54.35948333333333], [18.670561666666668, 54.359500000000004], [18.670546666666667, 54.359485], [18.670611666666666, 54.35951], [18.670563333333334, 54.35948333333333], [18.670576666666665, 54.35950166666667], [18.670638333333333, 54.35953333333334], [18.67057833333333, 54.35948333333333], [18.67064333333333, 54.35951333333333], [18.67054166666667, 54.359498333333335], [18.670555, 54.35949], [18.670563333333334, 54.35948833333334], [18.670588333333335, 54.359458333333336], [18.670716666666667, 54.35946666666667], [18.670606666666668, 54.359503333333336], [18.670605000000002, 54.359518333333334], [18.670536666666667, 54.35954666666667], [18.670630000000003, 54.359474999999996], [18.67057833333333, 54.35951], [18.670581666666667, 54.35943666666667], [18.670558333333336, 54.359505], [18.670648333333336, 54.35953333333334], [18.670605000000002, 54.35952666666667], [18.670595, 54.35950666666667], [18.670605000000002, 54.359498333333335], [18.670568333333332, 54.35949666666667], [18.670641666666665, 54.359426666666664], [18.670591666666667, 54.359495], [18.670579999999998, 54.359525], [18.670633333333335, 54.35950166666667], [18.670608333333334, 54.35951166666667], [18.670581666666667, 54.359535], [18.670595, 54.359500000000004], [18.670626666666667, 54.359555], [18.670615, 54.359585], [18.670591666666667, 54.359521666666666], [18.67062333333333, 54.359518333333334], [18.670576666666665, 54.35949666666667], [18.670601666666666, 54.35946333333333]]}, "properties": {"label": "SM-PRC-107", "mmsi": "261011150", "imo": "8899108", "name": "SM-PRC-107", "shiptype": "", "first_seen_utc": "2026-01-05T00:08:21Z", "last_seen_utc": "2026-01-14T15:53:46Z", "destination": "GDANSK", "eta": "{'Day': 10, 'Hour': 22, 'Minute': 0, 'Month': 12}", "display": "", "links": "<a href=\"https://www.vesselfinder.com/vessels?name=8899108\" target=\"_blank\" rel=\"noopener\">VesselFinder</a> | <a href=\"https://www.marinetraffic.com/en/ais/search/all?keyword=8899108\" target=\"_blank\" rel=\"noopener\">MarineTraffic</a>", "vf_url": "https://www.vesselfinder.com/vessels?name=8899108", "mst_url": "https://www.marinetraffic.com/en/ais/search/all?keyword=8899108", "method": "v3_2pass_track3d_fromru10d", "ru_seen_in_lookback": true, "in_monitor_on_day": true}}, {"type": "Feature", "geometry": {"type": "Point", "coordinates": [18.670601666666666, 54.35946333333333]}, "properties": {"label": "SM-PRC-107", "mmsi": "261011150", "imo": "8899108", "name": "SM-PRC-107", "shiptype": "", "first_seen_utc": "2026-01-05T00:08:21Z", "last_seen_utc": "2026-01-14T15:53:46Z", "destination": "GDANSK", "eta": "{'Day': 10, 'Hour': 22, 'Minute': 0, 'Month': 12}", "display": "SM-PRC-107 (261011150)", "links": "<a href=\"https://www.vesselfinder.com/vessels?name=8899108\" target=\"_blank\" rel=\"noopener\">VesselFinder</a> | <a href=\"https://www.marinetraffic.com/en/ais/search/all?keyword=8899108\" target=\"_blank\" rel=\"noopener\">MarineTraffic</a>", "vf_url": "https://www.vesselfinder.com/vessels?name=8899108", "mst_url": "https://www.marinetraffic.com/en/ais/search/all?keyword=8899108", "method": "v3_2pass_track3d_fromru10d", "ru_seen_in_lookback": true, "in_monitor_on_day": true}}, {"type": "Feature", "geometry": {"type": "LineString", "coordinates": [[18.932533333333332, 55.01560166666666], [18.943828333333332, 54.92754], [18.965621666666667, 54.83972000000001], [18.984628333333333, 54.81309], [18.99841, 54.81955833333333], [19.015001666666667, 54.82624666666666], [19.033534999999997, 54.83212833333334], [19.052595, 54.83737166666666], [19.072278333333333, 54.84217666666667], [19.092654999999997, 54.846646666666665], [19.111616666666666, 54.85072], [19.029130000000002, 54.82130333333334], [18.943493333333333, 54.757805], [18.93864166666667, 54.67330333333334], [18.969231666666666, 54.69249333333333], [18.974223333333335, 54.71286666666666], [18.986393333333336, 54.716735], [19.002746666666667, 54.715783333333334], [18.91161, 54.63270833333333], [18.827620000000003, 54.55928166666667], [18.743361666666665, 54.552456666666664], [18.708505, 54.540636666666664], [18.649558333333335, 54.53738666666666], [18.558235, 54.53577166666666], [18.538676666666667, 54.53662833333333], [18.512686666666664, 54.54331], [18.510745, 54.544265], [18.510701666666666, 54.544305], [18.510718333333333, 54.54425666666667], [18.510766666666665, 54.54428166666666], [18.51072333333333, 54.544315], [18.510724999999997, 54.544290000000004], [18.510716666666667, 54.544275], [18.510746666666666, 54.544284999999995], [18.510703333333332, 54.544290000000004], [18.510695, 54.544291666666666], [18.510741666666668, 54.5443], [18.510703333333332, 54.54428166666666], [18.510708333333334, 54.544295000000005], [18.51072, 54.544293333333336], [18.510761666666667, 54.54428333333333], [18.51072, 54.544284999999995], [18.510688333333334, 54.544306666666664], [18.510736666666666, 54.54428333333333], [18.510803333333335, 54.544291666666666], [18.51071166666667, 54.54429833333334], [18.510701666666666, 54.544329999999995], [18.51069, 54.54428], [18.510721666666665, 54.544293333333336], [18.51073166666667, 54.54427166666667], [18.510718333333333, 54.544305], [18.51068666666667, 54.544333333333334], [18.510761666666667, 54.544305], [18.51072, 54.544291666666666], [18.510715, 54.54428166666666], [18.510704999999998, 54.54428333333333], [18.510726666666667, 54.54432166666666], [18.510761666666667, 54.54431], [18.51071166666667, 54.54427833333333], [18.51072333333333, 54.544290000000004], [18.510721666666665, 54.54428], [18.510741666666668, 54.544284999999995], [18.51072333333333, 54.544311666666665], [18.51071166666667, 54.54432833333333], [18.510706666666668, 54.544290000000004], [18.510716666666667, 54.54427166666667], [18.510736666666666, 54.54426333333333], [18.51071166666667, 54.54428333333333], [18.510761666666667, 54.54431833333333], [18.510761666666667, 54.544306666666664], [18.510733333333334, 54.54428], [18.510704999999998, 54.54429833333334], [18.51072333333333, 54.54428166666666], [18.510781666666666, 54.54425833333333], [18.510704999999998, 54.54429666666667], [18.510708333333334, 54.544313333333335], [18.510679999999997, 54.544284999999995], [18.510745, 54.54426333333333], [18.510701666666666, 54.54428666666667], [18.5107, 54.54425333333334]]}, "properties": {"label": "MSC TAYLOR", "mmsi": "636022447", "imo": "9932048", "name": "MSC TAYLOR", "shiptype": "", "first_seen_utc": "2026-01-05T00:09:38Z", "last_seen_utc": "2026-01-14T16:02:24Z", "destination": "PLGDY", "eta": "{'Day': 13, 'Hour': 9, 'Minute': 0, 'Month': 1}", "display": "", "links": "<a href=\"https://www.vesselfinder.com/vessels?name=9932048\" target=\"_blank\" rel=\"noopener\">VesselFinder</a> | <a href=\"https://www.marinetraffic.com/en/ais/search/all?keyword=9932048\" target=\"_blank\" rel=\"noopener\">MarineTraffic</a>", "vf_url": "https://www.vesselfinder.com/vessels?name=9932048", "mst_url": "https://www.marinetraffic.com/en/ais/search/all?keyword=9932048", "method": "v3_2pass_track3d_fromru10d", "ru_seen_in_lookback": true, "in_monitor_on_day": true}}, {"type": "Feature", "geometry": {"type": "Point", "coordinates": [18.5107, 54.54425333333334]}, "properties": {"label": "MSC TAYLOR", "mmsi": "636022447", "imo": "9932048", "name": "MSC TAYLOR", "shiptype": "", "first_seen_utc": "2026-01-05T00:09:38Z", "last_seen_utc": "2026-01-14T16:02:24Z", "destination": "PLGDY", "eta": "{'Day': 13, 'Hour': 9, 'Minute': 0, 'Month': 1}", "display": "MSC TAYLOR (636022447)", "links": "<a href=\"https://www.vesselfinder.com/vessels?name=9932048\" target=\"_blank\" rel=\"noopener\">VesselFinder</a> | <a href=\"https://www.marinetraffic.com/en/ais/search/all?keyword=9932048\" target=\"_blank\" rel=\"noopener\">MarineTraffic</a>", "vf_url": "https://www.vesselfinder.com/vessels?name=9932048", "mst_url": "https://www.marinetraffic.com/en/ais/search/all?keyword=9932048", "method": "v3_2pass_track3d_fromru10d", "ru_seen_in_lookback": true, "in_monitor_on_day": true}}, {"type": "Feature", "geometry": {"type": "LineString", "coordinates": [[18.5536, 54.521566666666665], [18.553616666666667, 54.521566666666665], [18.5536, 54.52158333333333], [18.553616666666667, 54.52158333333333], [18.5536, 54.521566666666665], [18.5536, 54.521566666666665], [18.5536, 54.521566666666665], [18.553583333333332, 54.521566666666665], [18.553583333333332, 54.52158333333333], [18.553583333333332, 54.521550000000005], [18.5536, 54.521550000000005], [18.5536, 54.521566666666665], [18.553583333333332, 54.521566666666665], [18.553583333333332, 54.521566666666665], [18.553583333333332, 54.521566666666665], [18.5536, 54.521566666666665], [18.553583333333332, 54.52158333333333], [18.553583333333332, 54.52158333333333], [18.553583333333332, 54.52158333333333], [18.553566666666665, 54.52158333333333], [18.553583333333332, 54.52158333333333], [18.553583333333332, 54.521566666666665], [18.5536, 54.52158333333333], [18.5536, 54.52158333333333], [18.5536, 54.52158333333333], [18.553583333333332, 54.521566666666665], [18.5536, 54.521566666666665], [18.5536, 54.521566666666665], [18.6035, 54.51461666666667], [18.7424, 54.51691666666667], [18.845383333333334, 54.55581666666667], [18.916800000000002, 54.61493333333333], [18.9958, 54.66713333333333], [19.101499999999998, 54.70381666666666], [19.14511666666667, 54.73813333333333], [19.143033333333335, 54.72038333333333], [19.144683333333333, 54.68676666666667], [19.14591666666667, 54.70206666666666], [19.144183333333334, 54.73453333333334], [19.148683333333334, 54.73905], [19.14881666666667, 54.70388333333334], [19.149783333333335, 54.709399999999995], [19.14718333333333, 54.74345], [19.145366666666668, 54.77728333333334], [19.14865, 54.754983333333335], [19.147483333333334, 54.73563333333333], [19.1449, 54.78098333333333], [19.151850000000003, 54.754400000000004], [19.133716666666665, 54.77908333333333], [19.138316666666665, 54.75363333333333], [19.139799999999997, 54.722316666666664], [19.14125, 54.68926666666667], [19.128716666666666, 54.681799999999996], [19.126133333333332, 54.7168], [19.124133333333337, 54.754850000000005], [19.133883333333333, 54.787616666666665], [19.122816666666665, 54.7539], [19.125116666666667, 54.77616666666667], [19.129166666666666, 54.74731666666666], [19.128866666666667, 54.78473333333333], [19.120866666666664, 54.753566666666664], [19.135066666666667, 54.7343], [19.138550000000002, 54.7657], [19.140449999999998, 54.732483333333334], [19.140066666666666, 54.74565], [19.135350000000003, 54.75233333333333], [19.14356666666667, 54.71606666666666], [19.1456, 54.683949999999996], [19.116833333333332, 54.68541666666667], [19.115099999999998, 54.71906666666666], [19.112166666666667, 54.77701666666667], [19.1007, 54.75966666666667], [19.102533333333334, 54.71945], [19.104283333333335, 54.6893], [19.115916666666667, 54.68171666666667], [19.11435, 54.71405], [19.113, 54.74551666666667], [19.1006, 54.78488333333333], [19.095216666666666, 54.76088333333333], [19.102516666666666, 54.772600000000004], [19.100283333333334, 54.75398333333333], [19.10055, 54.72268333333333], [19.103749999999998, 54.74545], [19.09988333333333, 54.748799999999996], [19.102383333333332, 54.7374], [19.101733333333335, 54.709516666666666], [19.09851666666667, 54.691766666666666], [19.092716666666668, 54.67888333333334], [19.040433333333333, 54.64885], [18.996066666666664, 54.62125], [18.94066666666667, 54.58945000000001], [18.879483333333333, 54.55665], [18.8121, 54.52225], [18.721416666666666, 54.514316666666666], [18.65925, 54.514583333333334], [18.60301666666667, 54.51248333333333], [18.582333333333334, 54.514966666666666], [18.553583333333332, 54.521566666666665], [18.5536, 54.521566666666665], [18.553583333333332, 54.521566666666665], [18.553583333333332, 54.521550000000005], [18.553566666666665, 54.521550000000005], [18.553583333333332, 54.521566666666665], [18.553583333333332, 54.521566666666665], [18.553583333333332, 54.52158333333333], [18.553566666666665, 54.521566666666665], [18.553583333333332, 54.521566666666665], [18.5536, 54.521550000000005], [18.5536, 54.521550000000005], [18.5536, 54.521566666666665], [18.553616666666667, 54.521566666666665], [18.553616666666667, 54.521566666666665], [18.553616666666667, 54.521550000000005], [18.5536, 54.521566666666665], [18.553616666666667, 54.521566666666665], [18.5536, 54.521566666666665], [18.553616666666667, 54.521550000000005]]}, "properties": {"label": "AMBER AGATHA", "mmsi": "261004058", "imo": "8516885", "name": "AMBER AGATHA", "shiptype": "", "first_seen_utc": "2026-01-05T00:09:45Z", "last_seen_utc": "2026-01-14T16:09:28Z", "destination": "GDYNIA", "eta": "{'Day': 14, 'Hour': 6, 'Minute': 0, 'Month': 1}", "display": "", "links": "<a href=\"https://www.vesselfinder.com/vessels?name=8516885\" target=\"_blank\" rel=\"noopener\">VesselFinder</a> | <a href=\"https://www.marinetraffic.com/en/ais/search/all?keyword=8516885\" target=\"_blank\" rel=\"noopener\">MarineTraffic</a>", "vf_url": "https://www.vesselfinder.com/vessels?name=8516885", "mst_url": "https://www.marinetraffic.com/en/ais/search/all?keyword=8516885", "method": "v3_2pass_track3d_fromru10d", "ru_seen_in_lookback": true, "in_monitor_on_day": true}}, {"type": "Feature", "geometry": {"type": "Point", "coordinates": [18.553616666666667, 54.521550000000005]}, "properties": {"label": "AMBER AGATHA", "mmsi": "261004058", "imo": "8516885", "name": "AMBER AGATHA", "shiptype": "", "first_seen_utc": "2026-01-05T00:09:45Z", "last_seen_utc": "2026-01-14T16:09:28Z", "destination": "GDYNIA", "eta": "{'Day': 14, 'Hour': 6, 'Minute': 0, 'Month': 1}", "display": "AMBER AGATHA (261004058)", "links": "<a href=\"https://www.vesselfinder.com/vessels?name=8516885\" target=\"_blank\" rel=\"noopener\">VesselFinder</a> | <a href=\"https://www.marinetraffic.com/en/ais/search/all?keyword=8516885\" target=\"_blank\" rel=\"noopener\">MarineTraffic</a>", "vf_url": "https://www.vesselfinder.com/vessels?name=8516885", "mst_url": "https://www.marinetraffic.com/en/ais/search/all?keyword=8516885", "method": "v3_2pass_track3d_fromru10d", "ru_seen_in_lookback": true, "in_monitor_on_day": true}}, {"type": "Feature", "geometry": {"type": "LineString", "coordinates": [[15.469873333333334, 55.727581666666666], [15.176459999999999, 55.62999166666667], [14.959313333333334, 55.560543333333335], [14.751018333333333, 55.491144999999996], [14.564491666666667, 55.418281666666665], [14.402171666666668, 55.30167666666667], [14.234945000000002, 55.180483333333335]]}, "properties": {"label": "NORTH", "mmsi": "249814000", "imo": "9491501", "name": "NORTH", "shiptype": "", "first_seen_utc": "2026-01-05T00:11:02Z", "last_seen_utc": "2026-01-14T13:22:23Z", "destination": "DEBRV", "eta": "{'Day': 16, 'Hour': 12, 'Minute': 0, 'Month': 1}", "display": "", "links": "<a href=\"https://www.vesselfinder.com/vessels?name=9491501\" target=\"_blank\" rel=\"noopener\">VesselFinder</a> | <a href=\"https://www.marinetraffic.com/en/ais/search/all?keyword=9491501\" target=\"_blank\" rel=\"noopener\">MarineTraffic</a>", "vf_url": "https://www.vesselfinder.com/vessels?name=9491501", "mst_url": "https://www.marinetraffic.com/en/ais/search/all?keyword=9491501", "method": "v3_2pass_track3d_fromru10d", "ru_seen_in_lookback": true, "in_monitor_on_day": true}}, {"type": "Feature", "geometry": {"type": "Point", "coordinates": [14.234945000000002, 55.180483333333335]}, "properties": {"label": "NORTH", "mmsi": "249814000", "imo": "9491501", "name": "NORTH", "shiptype": "", "first_seen_utc": "2026-01-05T00:11:02Z", "last_seen_utc": "2026-01-14T13:22:23Z", "destination": "DEBRV", "eta": "{'Day': 16, 'Hour': 12, 'Minute': 0, 'Month': 1}", "display": "NORTH (249814000)", "links": "<a href=\"https://www.vesselfinder.com/vessels?name=9491501\" target=\"_blank\" rel=\"noopener\">VesselFinder</a> | <a href=\"https://www.marinetraffic.com/en/ais/search/all?keyword=9491501\" target=\"_blank\" rel=\"noopener\">MarineTraffic</a>", "vf_url": "https://www.vesselfinder.com/vessels?name=9491501", "mst_url": "https://www.marinetraffic.com/en/ais/search/all?keyword=9491501", "method": "v3_2pass_track3d_fromru10d", "ru_seen_in_lookback": true, "in_monitor_on_day": true}}, {"type": "Feature", "geometry": {"type": "LineString", "coordinates": [[18.961573333333334, 54.880676666666666], [18.959905, 54.869121666666665], [18.957216666666667, 54.85734333333333], [18.956071666666666, 54.845620000000004], [18.955840000000002, 54.83307833333333], [18.95478166666667, 54.821075], [18.95315833333333, 54.80918], [18.953011666666665, 54.80469166666667], [19.001491666666666, 54.76322666666667], [19.041516666666666, 54.688538333333334], [19.070135, 54.609965], [19.015265, 54.540978333333335], [18.962206666666667, 54.488841666666666], [18.916895, 54.45954666666667], [18.911423333333335, 54.46848833333333], [18.92575833333333, 54.448636666666665], [18.851021666666668, 54.42189666666666], [18.749745, 54.404289999999996], [18.718535, 54.4031], [18.715531666666667, 54.40358166666667], [18.715518333333332, 54.40356666666666], [18.715531666666667, 54.4036], [18.71558333333333, 54.40362833333334], [18.715506666666666, 54.403614999999995], [18.715528333333335, 54.403596666666665], [18.715518333333332, 54.40361], [18.715515, 54.40358833333333], [18.71549, 54.403614999999995], [18.715486666666667, 54.403598333333335], [18.715521666666667, 54.4036], [18.715461666666666, 54.403618333333334], [18.71556, 54.40360833333333], [18.715515, 54.403575000000004], [18.715496666666663, 54.403614999999995], [18.715488333333333, 54.403575000000004], [18.715521666666667, 54.403580000000005], [18.715506666666666, 54.403585], [18.715485, 54.403620000000004], [18.715521666666667, 54.403551666666665], [18.715515, 54.40361], [18.715515, 54.40359], [18.715498333333336, 54.40361], [18.71551, 54.403591666666664], [18.715533333333333, 54.40359], [18.715500000000002, 54.40357166666667], [18.715518333333332, 54.40358166666667], [18.715506666666666, 54.40361166666666], [18.715533333333333, 54.40363], [18.715515, 54.403578333333336], [18.71551, 54.40359333333333], [18.71552, 54.40361166666666], [18.71551, 54.40359333333333], [18.71549333333333, 54.40361], [18.715498333333336, 54.403595], [18.715525, 54.40364666666667], [18.715533333333333, 54.403623333333336], [18.715545000000002, 54.40359], [18.715536666666665, 54.40361], [18.715535, 54.40363166666667], [18.715471666666666, 54.40358666666667], [18.715561666666666, 54.403618333333334], [18.715483333333335, 54.403605], [18.715518333333332, 54.403620000000004], [18.715506666666666, 54.403591666666664], [18.71549333333333, 54.40361166666666], [18.715539999999997, 54.403578333333336], [18.715515, 54.40358333333334], [18.71555, 54.403578333333336], [18.715503333333334, 54.403585], [18.715518333333332, 54.40357166666667], [18.715590000000002, 54.40365], [18.715503333333334, 54.40361666666667], [18.715648333333334, 54.403575000000004], [18.715500000000002, 54.403618333333334], [18.715528333333335, 54.403595], [18.719826666666666, 54.40349166666667], [18.831398333333333, 54.41661666666666], [18.899336666666667, 54.45741666666667], [18.918901666666667, 54.46682833333333], [19.033501666666666, 54.51054166666667], [19.11521, 54.60078], [19.080083333333334, 54.692456666666665], [19.01892666666667, 54.785468333333334], [18.879160000000002, 54.84618666666667], [18.740818333333333, 54.90705666666667], [18.60842166666667, 54.97096], [18.469401666666666, 55.03671833333333], [18.30617833333333, 55.07823666666666], [18.137765, 55.11137333333333], [15.041751666666666, 55.35550166666667], [14.924896666666665, 55.32320166666667], [14.838428333333333, 55.311315], [14.703036666666666, 55.305045], [14.571634999999999, 55.24247166666667], [14.436881666666666, 55.17013], [14.279731666666667, 55.128773333333335]]}, "properties": {"label": "SEAGALAXY", "mmsi": "477269100", "imo": "9847231", "name": "SEAGALAXY", "shiptype": "", "first_seen_utc": "2026-01-05T00:11:06Z", "last_seen_utc": "2026-01-14T10:39:22Z", "destination": "PLGDN-SEGOT", "eta": "{'Day': 15, 'Hour': 18, 'Minute': 0, 'Month': 1}", "display": "", "links": "<a href=\"https://www.vesselfinder.com/vessels?name=9847231\" target=\"_blank\" rel=\"noopener\">VesselFinder</a> | <a href=\"https://www.marinetraffic.com/en/ais/search/all?keyword=9847231\" target=\"_blank\" rel=\"noopener\">MarineTraffic</a>", "vf_url": "https://www.vesselfinder.com/vessels?name=9847231", "mst_url": "https://www.marinetraffic.com/en/ais/search/all?keyword=9847231", "method": "v3_2pass_track3d_fromru10d", "ru_seen_in_lookback": true, "in_monitor_on_day": true}}, {"type": "Feature", "geometry": {"type": "Point", "coordinates": [14.279731666666667, 55.128773333333335]}, "properties": {"label": "SEAGALAXY", "mmsi": "477269100", "imo": "9847231", "name": "SEAGALAXY", "shiptype": "", "first_seen_utc": "2026-01-05T00:11:06Z", "last_seen_utc": "2026-01-14T10:39:22Z", "destination": "PLGDN-SEGOT", "eta": "{'Day': 15, 'Hour': 18, 'Minute': 0, 'Month': 1}", "display": "SEAGALAXY (477269100)", "links": "<a href=\"https://www.vesselfinder.com/vessels?name=9847231\" target=\"_blank\" rel=\"noopener\">VesselFinder</a> | <a href=\"https://www.marinetraffic.com/en/ais/search/all?keyword=9847231\" target=\"_blank\" rel=\"noopener\">MarineTraffic</a>", "vf_url": "https://www.vesselfinder.com/vessels?name=9847231", "mst_url": "https://www.marinetraffic.com/en/ais/search/all?keyword=9847231", "method": "v3_2pass_track3d_fromru10d", "ru_seen_in_lookback": true, "in_monitor_on_day": true}}, {"type": "Feature", "geometry": {"type": "LineString", "coordinates": [[4.260926666666666, 51.29527333333333], [4.260806666666666, 51.29533666666667], [4.26088, 51.29531333333333], [4.260821666666667, 51.29532], [4.260838333333333, 51.29528666666667], [4.26086, 51.29531333333333], [4.2608516666666665, 51.29528666666667], [4.261918333333333, 51.295100000000005], [4.263645, 51.34758333333333], [4.124945, 51.37106000000001], [3.9981716666666665, 51.43899], [3.8919316666666663, 51.356836666666666], [3.7364033333333335, 51.373079999999995], [3.643443333333333, 51.440153333333335], [3.539223333333333, 51.44973], [3.4258666666666664, 51.52898666666667], [3.3646133333333332, 51.628166666666665], [3.288925, 51.723933333333335], [3.3341533333333335, 51.83620666666666], [3.3876633333333337, 51.945613333333334], [3.4869350000000003, 52.177353333333336], [4.022156666666667, 52.70393], [4.14184, 52.79260333333333], [4.254781666666667, 52.884863333333335], [4.347165, 52.98491333333333], [4.43707, 53.08655666666667], [4.5302, 53.18981], [4.607551666666667, 53.29432], [4.677463333333334, 53.40048], [4.74118, 53.512280000000004], [4.8153266666666665, 53.619456666666665], [4.894281666666667, 53.73072], [8.65184, 57.44381333333333], [9.231778333333333, 57.657606666666666], [9.863638333333334, 57.787013333333334], [10.165516666666667, 57.79646], [10.451866666666666, 57.80375333333333], [10.935528333333334, 55.910309999999996], [10.815241666666667, 55.81473666666667], [10.785213333333333, 55.69701333333333]]}, "properties": {"label": "MSC ELKE F", "mmsi": "210731000", "imo": "9318773", "name": "MSC ELKE F", "shiptype": "", "first_seen_utc": "2026-01-05T00:11:14Z", "last_seen_utc": "2026-01-14T15:46:53Z", "destination": "EETLL", "eta": "{'Day': 16, 'Hour': 17, 'Minute': 0, 'Month': 1}", "display": "", "links": "<a href=\"https://www.vesselfinder.com/vessels?name=9318773\" target=\"_blank\" rel=\"noopener\">VesselFinder</a> | <a href=\"https://www.marinetraffic.com/en/ais/search/all?keyword=9318773\" target=\"_blank\" rel=\"noopener\">MarineTraffic</a>", "vf_url": "https://www.vesselfinder.com/vessels?name=9318773", "mst_url": "https://www.marinetraffic.com/en/ais/search/all?keyword=9318773", "method": "v3_2pass_track3d_fromru10d", "ru_seen_in_lookback": true, "in_monitor_on_day": true}}, {"type": "Feature", "geometry": {"type": "Point", "coordinates": [10.785213333333333, 55.69701333333333]}, "properties": {"label": "MSC ELKE F", "mmsi": "210731000", "imo": "9318773", "name": "MSC ELKE F", "shiptype": "", "first_seen_utc": "2026-01-05T00:11:14Z", "last_seen_utc": "2026-01-14T15:46:53Z", "destination": "EETLL", "eta": "{'Day': 16, 'Hour': 17, 'Minute': 0, 'Month': 1}", "display": "MSC ELKE F (210731000)", "links": "<a href=\"https://www.vesselfinder.com/vessels?name=9318773\" target=\"_blank\" rel=\"noopener\">VesselFinder</a> | <a href=\"https://www.marinetraffic.com/en/ais/search/all?keyword=9318773\" target=\"_blank\" rel=\"noopener\">MarineTraffic</a>", "vf_url": "https://www.vesselfinder.com/vessels?name=9318773", "mst_url": "https://www.marinetraffic.com/en/ais/search/all?keyword=9318773", "method": "v3_2pass_track3d_fromru10d", "ru_seen_in_lookback": true, "in_monitor_on_day": true}}, {"type": "Feature", "geometry": {"type": "LineString", "coordinates": [[18.653595, 54.381703333333334], [18.65368, 54.38173666666667], [18.653686666666665, 54.381750000000004], [18.653736666666667, 54.381811666666664], [18.653656666666667, 54.381735000000006], [18.653731666666665, 54.38173833333334], [18.654088333333334, 54.381438333333335], [18.653753333333334, 54.3817], [18.65364333333333, 54.38181833333333], [18.653723333333335, 54.381771666666666], [18.653681666666667, 54.38177666666666], [18.653705, 54.381721666666664], [18.653618333333334, 54.38177333333333], [18.653656666666667, 54.38169666666667], [18.653601666666667, 54.381745], [18.653665, 54.38180833333333], [18.653678333333335, 54.381735000000006], [18.65361, 54.38174], [18.653675, 54.38177666666666], [18.653708333333334, 54.38173166666666], [18.653491666666664, 54.38180166666667], [18.653666666666666, 54.381750000000004], [18.653734999999998, 54.38175666666667], [18.653650000000003, 54.38169333333334], [18.65366, 54.381724999999996], [18.653636666666667, 54.381748333333334], [18.653585, 54.381663333333336], [18.653603333333333, 54.381750000000004], [18.653646666666667, 54.381721666666664], [18.653686666666665, 54.38174166666667], [18.653678333333335, 54.38176166666666], [18.653693333333333, 54.38177833333334], [18.653701666666667, 54.38178333333334], [18.653666666666666, 54.381791666666665], [18.653675, 54.381735000000006], [18.653683333333333, 54.38171666666666], [18.653693333333333, 54.38175666666667], [18.653681666666667, 54.38173833333334], [18.653686666666665, 54.38173166666666], [18.653646666666667, 54.38176833333333], [18.653718333333334, 54.38171833333333], [18.653765, 54.381755], [18.653683333333333, 54.38182833333334], [18.653623333333332, 54.381701666666665], [18.653658333333333, 54.38172333333333], [18.653613333333332, 54.38176], [18.653668333333332, 54.38178333333334], [18.653736666666667, 54.38173333333334], [18.653698333333335, 54.381816666666666], [18.65359833333333, 54.38171166666667], [18.653798333333334, 54.38169666666667], [18.65368, 54.38171833333333], [18.653648333333333, 54.381755], [18.653681666666667, 54.381881666666665], [18.653655, 54.38188666666667], [18.653653333333335, 54.38180333333333], [18.653623333333332, 54.38176333333333], [18.653613333333332, 54.38176], [18.653656666666667, 54.381796666666666], [18.653683333333333, 54.38176], [18.653671666666664, 54.381755], [18.653628333333334, 54.38173166666666], [18.653685, 54.381745], [18.653713333333332, 54.381706666666666], [18.653671666666664, 54.381726666666665], [18.653705, 54.38175833333333], [18.653621666666666, 54.381859999999996], [18.65368, 54.381769999999996], [18.653525, 54.38172333333333], [18.653665, 54.3818], [18.653705, 54.38180333333333], [18.653560000000002, 54.381585], [18.653603333333333, 54.381735000000006], [18.65369666666667, 54.381780000000006], [18.653708333333334, 54.381748333333334], [18.653689999999997, 54.38177666666666], [18.65369666666667, 54.381748333333334], [18.653686666666665, 54.38174], [18.65372, 54.381746666666665], [18.653633333333335, 54.381721666666664], [18.653723333333335, 54.38180166666667], [18.653683333333333, 54.38178666666667], [18.653701666666667, 54.38182333333334], [18.653655, 54.381724999999996], [18.65369666666667, 54.381726666666665], [18.653681666666667, 54.38162], [18.653665, 54.381706666666666], [18.653575, 54.38172833333333], [18.653611666666666, 54.381660000000004], [18.653615, 54.38167], [18.653599999999997, 54.38182], [18.653755, 54.38164833333334], [18.65363166666667, 54.381765], [18.65363166666667, 54.381771666666666], [18.653693333333333, 54.38177666666666], [18.65368833333333, 54.38175666666667], [18.653708333333334, 54.38179], [18.653656666666667, 54.38173666666667], [18.653665, 54.38176833333333], [18.653675, 54.38177833333334], [18.653636666666667, 54.38186833333334], [18.65369666666667, 54.38166666666667], [18.653668333333332, 54.38173333333334], [18.653658333333333, 54.381715], [18.653675, 54.38175833333333], [18.653613333333332, 54.38174], [18.65371, 54.38171833333333], [18.653655, 54.381715], [18.653646666666667, 54.381753333333336], [18.653581666666664, 54.38171833333333], [18.65368833333333, 54.381798333333336], [18.653671666666664, 54.38169333333334], [18.653636666666667, 54.381785], [18.653596666666665, 54.38176], [18.65364, 54.38169833333333], [18.653673333333334, 54.381745], [18.653628333333334, 54.38157666666667], [18.653715, 54.381708333333336], [18.65363166666667, 54.381724999999996], [18.65372166666667, 54.381746666666665], [18.653571666666668, 54.38167833333333]]}, "properties": {"label": "JIA RUN", "mmsi": "477925700", "imo": "9533361", "name": "JIA RUN", "shiptype": "", "first_seen_utc": "2026-01-05T00:11:39Z", "last_seen_utc": "2026-01-14T15:50:32Z", "destination": "GDANSK", "eta": "{'Day': 23, 'Hour': 12, 'Minute': 0, 'Month': 12}", "display": "", "links": "<a href=\"https://www.vesselfinder.com/vessels?name=9533361\" target=\"_blank\" rel=\"noopener\">VesselFinder</a> | <a href=\"https://www.marinetraffic.com/en/ais/search/all?keyword=9533361\" target=\"_blank\" rel=\"noopener\">MarineTraffic</a>", "vf_url": "https://www.vesselfinder.com/vessels?name=9533361", "mst_url": "https://www.marinetraffic.com/en/ais/search/all?keyword=9533361", "method": "v3_2pass_track3d_fromru10d", "ru_seen_in_lookback": true, "in_monitor_on_day": true}}, {"type": "Feature", "geometry": {"type": "Point", "coordinates": [18.653571666666668, 54.38167833333333]}, "properties": {"label": "JIA RUN", "mmsi": "477925700", "imo": "9533361", "name": "JIA RUN", "shiptype": "", "first_seen_utc": "2026-01-05T00:11:39Z", "last_seen_utc": "2026-01-14T15:50:32Z", "destination": "GDANSK", "eta": "{'Day': 23, 'Hour': 12, 'Minute': 0, 'Month': 12}", "display": "JIA RUN (477925700)", "links": "<a href=\"https://www.vesselfinder.com/vessels?name=9533361\" target=\"_blank\" rel=\"noopener\">VesselFinder</a> | <a href=\"https://www.marinetraffic.com/en/ais/search/all?keyword=9533361\" target=\"_blank\" rel=\"noopener\">MarineTraffic</a>", "vf_url": "https://www.vesselfinder.com/vessels?name=9533361", "mst_url": "https://www.marinetraffic.com/en/ais/search/all?keyword=9533361", "method": "v3_2pass_track3d_fromru10d", "ru_seen_in_lookback": true, "in_monitor_on_day": true}}, {"type": "Feature", "geometry": {"type": "LineString", "coordinates": [[9.937591666666666, 53.503395], [9.937551666666668, 53.50336666666667], [9.937533333333333, 53.503413333333334], [9.937576666666667, 53.503371666666666], [9.937596666666668, 53.503371666666666], [9.937596666666668, 53.50336666666667], [9.937578333333333, 53.503405], [9.937508333333334, 53.503550000000004], [9.937581666666667, 53.50338333333333], [9.93753, 53.503344999999996], [9.937473333333333, 53.50339666666666], [9.9375, 53.50338166666667], [9.93754, 53.50335666666667], [9.937556666666667, 53.503355000000006], [9.937533333333333, 53.50335666666667], [9.937616666666665, 53.50327], [9.937555, 53.50338333333333], [9.937538333333332, 53.503371666666666], [9.937621666666667, 53.50333833333333], [9.937563333333333, 53.503365], [9.937526666666667, 53.50333], [9.937773333333332, 53.50371333333333], [9.937546666666666, 53.50340333333334], [9.941278333333335, 53.50224333333333], [9.874446666666667, 53.54290666666667], [9.716646666666666, 53.56436], [9.547938333333333, 53.62005], [9.460586666666668, 53.72463833333334], [9.356793333333334, 53.8302], [9.208111666666667, 53.881195000000005], [9.111753333333333, 53.883646666666664], [9.145299999999999, 53.89362333333334], [9.146041666666667, 53.89397333333333], [9.20731, 53.929851666666664], [9.26997, 53.97550666666667], [9.301235, 54.02996666666666], [9.305468333333332, 54.042485000000006], [9.305735, 54.04363], [9.305528333333333, 54.04458666666667], [9.329386666666666, 54.100271666666664], [9.363973333333332, 54.14964166666667], [9.456351666666666, 54.17649333333333], [9.551426666666666, 54.19836166666666], [9.611043333333333, 54.240588333333335], [9.628033333333333, 54.267135], [9.665069999999998, 54.29066666666667], [9.721971666666667, 54.327165], [9.794693333333333, 54.36179], [9.888276666666666, 54.35417333333333], [9.981545, 54.344325000000005], [10.068268333333332, 54.363645], [10.137475, 54.366155000000006], [10.141866666666665, 54.365561666666665], [10.152538333333332, 54.36396333333333], [10.235983333333333, 54.44090166666667], [10.534933333333333, 54.549461666666666], [10.756876666666667, 54.57154833333333], [10.97867, 54.583976666666665], [11.190625, 54.58040833333334], [11.375106666666666, 54.530078333333336], [11.579498333333333, 54.472535], [11.787275, 54.41676833333334], [12.012553333333333, 54.41444666666666], [12.201228333333335, 54.451005], [12.301671666666666, 54.56382333333333], [18.36321, 54.944116666666666], [18.5817, 54.936775], [18.748825, 54.865808333333334], [18.902848333333335, 54.79606833333333], [19.02693833333333, 54.71445166666667], [19.070575, 54.607126666666666], [18.985844999999998, 54.507963333333336], [18.87845666666667, 54.42847666666667], [18.759948333333334, 54.406214999999996], [18.721411666666665, 54.396589999999996], [18.714771666666664, 54.38581166666667], [18.715466666666668, 54.38507333333334], [18.71546, 54.38507166666667], [18.715498333333336, 54.385081666666665], [18.71546, 54.385081666666665], [18.715515, 54.385128333333334], [18.715498333333336, 54.38507333333334], [18.715496666666663, 54.385088333333336], [18.715525, 54.385070000000006], [18.715498333333336, 54.385125], [18.715461666666666, 54.385040000000004], [18.715461666666666, 54.38506833333334], [18.715486666666667, 54.385065000000004], [18.715494999999997, 54.385065000000004], [18.715483333333335, 54.385101666666664], [18.71549333333333, 54.38507333333334], [18.715453333333336, 54.385038333333334], [18.715483333333335, 54.385081666666665], [18.715505, 54.385081666666665], [18.715491666666665, 54.38508], [18.715505, 54.385081666666665]]}, "properties": {"label": "ELBSPRING", "mmsi": "255916486", "imo": "9462794", "name": "ELBSPRING", "shiptype": "", "first_seen_utc": "2026-01-05T00:11:43Z", "last_seen_utc": "2026-01-14T15:46:04Z", "destination": "PLGDN", "eta": "{'Day': 14, 'Hour': 4, 'Minute': 0, 'Month': 1}", "display": "", "links": "<a href=\"https://www.vesselfinder.com/vessels?name=9462794\" target=\"_blank\" rel=\"noopener\">VesselFinder</a> | <a href=\"https://www.marinetraffic.com/en/ais/search/all?keyword=9462794\" target=\"_blank\" rel=\"noopener\">MarineTraffic</a>", "vf_url": "https://www.vesselfinder.com/vessels?name=9462794", "mst_url": "https://www.marinetraffic.com/en/ais/search/all?keyword=9462794", "method": "v3_2pass_track3d_fromru10d", "ru_seen_in_lookback": true, "in_monitor_on_day": true}}, {"type": "Feature", "geometry": {"type": "Point", "coordinates": [18.715505, 54.385081666666665]}, "properties": {"label": "ELBSPRING", "mmsi": "255916486", "imo": "9462794", "name": "ELBSPRING", "shiptype": "", "first_seen_utc": "2026-01-05T00:11:43Z", "last_seen_utc": "2026-01-14T15:46:04Z", "destination": "PLGDN", "eta": "{'Day': 14, 'Hour': 4, 'Minute': 0, 'Month': 1}", "display": "ELBSPRING (255916486)", "links": "<a href=\"https://www.vesselfinder.com/vessels?name=9462794\" target=\"_blank\" rel=\"noopener\">VesselFinder</a> | <a href=\"https://www.marinetraffic.com/en/ais/search/all?keyword=9462794\" target=\"_blank\" rel=\"noopener\">MarineTraffic</a>", "vf_url": "https://www.vesselfinder.com/vessels?name=9462794", "mst_url": "https://www.marinetraffic.com/en/ais/search/all?keyword=9462794", "method": "v3_2pass_track3d_fromru10d", "ru_seen_in_lookback": true, "in_monitor_on_day": true}}, {"type": "Feature", "geometry": {"type": "LineString", "coordinates": [[5.019736666666666, 60.8221], [5.019728333333333, 60.82210166666667], [5.019760000000001, 60.822075000000005], [5.019760000000001, 60.822091666666665], [5.019755, 60.822091666666665], [5.01972, 60.82210333333333], [5.019731666666667, 60.822093333333335], [5.0197650000000005, 60.822105], [5.019760000000001, 60.82211333333333], [5.019723333333333, 60.822135], [5.019771666666667, 60.82210666666666], [5.019761666666667, 60.82209666666667], [5.019738333333334, 60.82207666666667], [5.01975, 60.822085], [5.019713333333333, 60.822093333333335], [5.019723333333333, 60.82209833333333], [5.019738333333334, 60.82208], [5.01975, 60.82209833333333], [5.019748333333334, 60.822109999999995], [5.0197650000000005, 60.822073333333336], [5.019768333333333, 60.82210333333333], [5.019713333333333, 60.822105], [5.019785, 60.82211666666667], [5.019751666666666, 60.82209], [5.0197183333333335, 60.82213333333333], [5.019745, 60.822105], [5.019756666666667, 60.82209666666667], [5.019736666666666, 60.82210833333333], [5.019695, 60.82210166666667], [5.019748333333334, 60.82211666666667], [5.0197416666666665, 60.8221], [5.019791666666666, 60.82211333333333], [5.01975, 60.822109999999995], [5.019701666666666, 60.822091666666665], [5.019786666666667, 60.82212833333333], [5.019763333333333, 60.82208166666667], [5.019738333333334, 60.8221], [5.019733333333334, 60.822109999999995], [5.019760000000001, 60.8221], [5.019763333333333, 60.82212166666667], [5.019731666666667, 60.82206333333333], [5.01969, 60.82209], [5.019768333333333, 60.822136666666665], [5.019738333333334, 60.82208833333333], [5.0197, 60.82209], [5.01975, 60.822105], [5.019728333333333, 60.822073333333336], [5.019786666666667, 60.822111666666665], [5.019768333333333, 60.822118333333336], [5.01973, 60.82207666666667], [5.019721666666666, 60.82210666666666], [5.019733333333334, 60.82209], [5.019735, 60.82209666666667], [5.019728333333333, 60.82210666666666], [5.019768333333333, 60.82209833333333], [5.019728333333333, 60.82210833333333], [5.019735, 60.82210166666667], [5.019736666666666, 60.822085], [5.0197666666666665, 60.82213333333333], [5.019368333333333, 60.82261166666667], [4.9243500000000004, 60.843938333333334], [4.739775, 60.85729333333334], [4.5703450000000005, 60.852105], [4.504566666666666, 60.81695], [4.475041666666667, 60.76857833333334], [4.431573333333334, 60.69053833333333], [4.38787, 60.61139333333333], [4.334176666666666, 60.534573333333334], [4.320139999999999, 60.461326666666665], [4.3222499999999995, 60.393015], [4.335396666666667, 60.32847], [4.338573333333333, 60.25674], [4.34155, 60.1812], [4.3357866666666665, 60.10422166666667], [4.330815, 60.02799666666667], [4.3250416666666665, 59.951501666666665], [4.324405, 59.870866666666664], [4.326786666666666, 59.78953666666666], [4.3291200000000005, 59.712131666666664], [4.33285, 59.63626166666666], [4.335936666666667, 59.56041333333334], [4.32956, 59.48527333333333], [4.325151666666667, 59.40975666666667], [4.321061666666666, 59.34315166666667], [4.310711666666666, 59.27856666666666], [4.315651666666667, 59.21618333333333], [4.328363333333333, 59.15493], [4.349588333333333, 59.0843], [4.42954, 59.009805], [4.517390000000001, 58.932141666666666], [4.609563333333333, 58.85534333333333], [4.713105, 58.78339166666667], [4.81935, 58.707073333333334], [4.912446666666667, 58.627433333333336], [4.99982, 58.53757666666667], [5.098318333333333, 58.44765833333334], [5.188563333333334, 58.360881666666664], [5.298593333333333, 58.27813333333334], [5.446555, 58.21608166666667], [5.579118333333333, 58.155726666666666], [5.7132016666666665, 58.089034999999996], [5.861993333333333, 58.02075], [6.009601666666667, 57.95433333333334], [6.160126666666667, 57.891814999999994], [6.301538333333334, 57.82548833333333], [6.440306666666667, 57.75929833333333], [6.6078616666666665, 57.704575], [6.816115, 57.69569], [7.0235650000000005, 57.68947], [7.217291666666667, 57.684668333333335], [7.405223333333334, 57.67836833333333], [7.59671, 57.67336833333333], [7.787558333333333, 57.673701666666666], [7.986093333333333, 57.68357666666667], [8.181341666666667, 57.69963833333334], [8.384368333333333, 57.716438333333336], [8.578708333333333, 57.735654999999994], [8.77862, 57.748574999999995], [8.983045, 57.76295833333334], [9.195411666666667, 57.77956], [9.403215, 57.796295], [9.60778, 57.80429], [9.808811666666665, 57.80897166666667]]}, "properties": {"label": "BERGEN TS", "mmsi": "248024000", "imo": "9737400", "name": "BERGEN TS", "shiptype": "", "first_seen_utc": "2026-01-05T00:11:57Z", "last_seen_utc": "2026-01-14T16:09:49Z", "destination": "NOMON>DERSK", "eta": "{'Day': 15, 'Hour': 15, 'Minute': 0, 'Month': 1}", "display": "", "links": "<a href=\"https://www.vesselfinder.com/vessels?name=9737400\" target=\"_blank\" rel=\"noopener\">VesselFinder</a> | <a href=\"https://www.marinetraffic.com/en/ais/search/all?keyword=9737400\" target=\"_blank\" rel=\"noopener\">MarineTraffic</a>", "vf_url": "https://www.vesselfinder.com/vessels?name=9737400", "mst_url": "https://www.marinetraffic.com/en/ais/search/all?keyword=9737400", "method": "v3_2pass_track3d_fromru10d", "ru_seen_in_lookback": true, "in_monitor_on_day": true}}, {"type": "Feature", "geometry": {"type": "Point", "coordinates": [9.808811666666665, 57.80897166666667]}, "properties": {"label": "BERGEN TS", "mmsi": "248024000", "imo": "9737400", "name": "BERGEN TS", "shiptype": "", "first_seen_utc": "2026-01-05T00:11:57Z", "last_seen_utc": "2026-01-14T16:09:49Z", "destination": "NOMON>DERSK", "eta": "{'Day': 15, 'Hour': 15, 'Minute': 0, 'Month': 1}", "display": "BERGEN TS (248024000)", "links": "<a href=\"https://www.vesselfinder.com/vessels?name=9737400\" target=\"_blank\" rel=\"noopener\">VesselFinder</a> | <a href=\"https://www.marinetraffic.com/en/ais/search/all?keyword=9737400\" target=\"_blank\" rel=\"noopener\">MarineTraffic</a>", "vf_url": "https://www.vesselfinder.com/vessels?name=9737400", "mst_url": "https://www.marinetraffic.com/en/ais/search/all?keyword=9737400", "method": "v3_2pass_track3d_fromru10d", "ru_seen_in_lookback": true, "in_monitor_on_day": true}}, {"type": "Feature", "geometry": {"type": "LineString", "coordinates": [[18.987073333333335, 54.84940666666667], [18.984013333333333, 54.781346666666664], [18.966281666666664, 54.72229], [18.932765, 54.66616333333333], [18.894655, 54.611556666666665], [18.836861666666668, 54.56396333333333], [18.77015833333333, 54.519596666666665], [18.698616666666666, 54.47649666666667], [18.665423333333333, 54.45503], [18.66391666666667, 54.45558333333334], [18.66383666666667, 54.455573333333334], [18.663833333333333, 54.45554333333334], [18.664134999999998, 54.45560666666667], [18.66331166666667, 54.45537], [18.663921666666667, 54.45562333333333], [18.663673333333335, 54.45551666666667], [18.664083333333334, 54.45541333333333], [18.664765, 54.457469999999994], [18.654049999999998, 54.418816666666665], [18.665221666666664, 54.38672666666666], [18.665686666666666, 54.36921333333333], [18.665791666666667, 54.36928], [18.665775, 54.369263333333336], [18.66579, 54.36928], [18.665781666666664, 54.36930333333333], [18.665806666666665, 54.36930333333333], [18.665771666666668, 54.36932], [18.665816666666668, 54.36930333333333], [18.665818333333334, 54.369310000000006], [18.66576, 54.36928], [18.665785000000003, 54.369310000000006], [18.665806666666665, 54.369310000000006], [18.66579833333333, 54.36928666666667], [18.665808333333334, 54.36928666666667], [18.66578333333333, 54.369310000000006], [18.665824999999998, 54.369310000000006], [18.665793333333333, 54.36930333333333], [18.665806666666665, 54.36928666666667], [18.66581, 54.36928], [18.665821666666666, 54.369310000000006], [18.665835, 54.36928666666667], [18.665808333333334, 54.369310000000006], [18.665801666666667, 54.36930333333333], [18.66581, 54.36930333333333], [18.665824999999998, 54.36928], [18.665806666666665, 54.36928666666667], [18.66579833333333, 54.369310000000006], [18.665815000000002, 54.36928], [18.665808333333334, 54.36930333333333], [18.665766666666666, 54.36930333333333], [18.66579, 54.36930333333333], [18.665821666666666, 54.369310000000006], [18.66581, 54.36930333333333], [18.665525, 54.3691], [18.663576666666664, 54.36409666666667], [18.663561666666666, 54.36408666666667], [18.665781666666664, 54.369310000000006], [18.665801666666667, 54.36933666666666]]}, "properties": {"label": "RADUGA PROTON", "mmsi": "209658000", "imo": "8131116", "name": "RADUGA PROTON", "shiptype": "", "first_seen_utc": "2026-01-05T00:12:14Z", "last_seen_utc": "2026-01-14T16:13:37Z", "destination": "PLGDN", "eta": "{'Day': 13, 'Hour': 15, 'Minute': 0, 'Month': 1}", "display": "", "links": "<a href=\"https://www.vesselfinder.com/vessels?name=8131116\" target=\"_blank\" rel=\"noopener\">VesselFinder</a> | <a href=\"https://www.marinetraffic.com/en/ais/search/all?keyword=8131116\" target=\"_blank\" rel=\"noopener\">MarineTraffic</a>", "vf_url": "https://www.vesselfinder.com/vessels?name=8131116", "mst_url": "https://www.marinetraffic.com/en/ais/search/all?keyword=8131116", "method": "v3_2pass_track3d_fromru10d", "ru_seen_in_lookback": true, "in_monitor_on_day": true}}, {"type": "Feature", "geometry": {"type": "Point", "coordinates": [18.665801666666667, 54.36933666666666]}, "properties": {"label": "RADUGA PROTON", "mmsi": "209658000", "imo": "8131116", "name": "RADUGA PROTON", "shiptype": "", "first_seen_utc": "2026-01-05T00:12:14Z", "last_seen_utc": "2026-01-14T16:13:37Z", "destination": "PLGDN", "eta": "{'Day': 13, 'Hour': 15, 'Minute': 0, 'Month': 1}", "display": "RADUGA PROTON (209658000)", "links": "<a href=\"https://www.vesselfinder.com/vessels?name=8131116\" target=\"_blank\" rel=\"noopener\">VesselFinder</a> | <a href=\"https://www.marinetraffic.com/en/ais/search/all?keyword=8131116\" target=\"_blank\" rel=\"noopener\">MarineTraffic</a>", "vf_url": "https://www.vesselfinder.com/vessels?name=8131116", "mst_url": "https://www.marinetraffic.com/en/ais/search/all?keyword=8131116", "method": "v3_2pass_track3d_fromru10d", "ru_seen_in_lookback": true, "in_monitor_on_day": true}}, {"type": "Feature", "geometry": {"type": "LineString", "coordinates": [[10.496476666666666, 57.852105], [10.30314, 57.85192833333333], [10.104043333333333, 57.85215166666667], [9.904651666666666, 57.85271], [9.738708333333333, 57.826865], [9.595618333333334, 57.78201833333333], [9.461186666666666, 57.739016666666664], [9.328061666666667, 57.69115], [9.187536666666666, 57.647475], [9.046251666666667, 57.59738166666667], [8.901990000000001, 57.54786166666667], [8.744663333333333, 57.49889833333334], [8.583065, 57.44576333333334], [8.426823333333333, 57.392770000000006], [8.281979999999999, 57.34001833333333], [8.1345, 57.29760666666667], [8.000565, 57.254415], [7.873736666666667, 57.20986166666667], [7.773836666666667, 57.165949999999995], [7.673959999999999, 57.124495], [7.57278, 57.08113166666667], [7.48268, 57.039181666666664], [7.398148333333333, 56.972946666666665], [2.3364333333333334, 51.73676666666667], [2.2282, 51.66383333333333], [2.1152666666666664, 51.58926666666667], [2.0019666666666667, 51.51241666666667], [1.8969833333333335, 51.42811666666667], [1.8270166666666665, 51.32835], [1.7531333333333334, 51.22671666666667], [1.6227166666666666, 51.1549], [1.4880666666666669, 51.08926666666667], [1.3609499999999999, 51.02603333333333]]}, "properties": {"label": "MENTOR", "mmsi": "305030300", "imo": "9340374", "name": "MENTOR", "shiptype": "", "first_seen_utc": "2026-01-05T00:12:17Z", "last_seen_utc": "2026-01-14T05:52:53Z", "destination": "ORAN", "eta": "{'Day': 19, 'Hour': 17, 'Minute': 0, 'Month': 1}", "display": "", "links": "<a href=\"https://www.vesselfinder.com/vessels?name=9340374\" target=\"_blank\" rel=\"noopener\">VesselFinder</a> | <a href=\"https://www.marinetraffic.com/en/ais/search/all?keyword=9340374\" target=\"_blank\" rel=\"noopener\">MarineTraffic</a>", "vf_url": "https://www.vesselfinder.com/vessels?name=9340374", "mst_url": "https://www.marinetraffic.com/en/ais/search/all?keyword=9340374", "method": "v3_2pass_track3d_fromru10d", "ru_seen_in_lookback": true, "in_monitor_on_day": true}}, {"type": "Feature", "geometry": {"type": "Point", "coordinates": [1.3609499999999999, 51.02603333333333]}, "properties": {"label": "MENTOR", "mmsi": "305030300", "imo": "9340374", "name": "MENTOR", "shiptype": "", "first_seen_utc": "2026-01-05T00:12:17Z", "last_seen_utc": "2026-01-14T05:52:53Z", "destination": "ORAN", "eta": "{'Day': 19, 'Hour': 17, 'Minute': 0, 'Month': 1}", "display": "MENTOR (305030300)", "links": "<a href=\"https://www.vesselfinder.com/vessels?name=9340374\" target=\"_blank\" rel=\"noopener\">VesselFinder</a> | <a href=\"https://www.marinetraffic.com/en/ais/search/all?keyword=9340374\" target=\"_blank\" rel=\"noopener\">MarineTraffic</a>", "vf_url": "https://www.vesselfinder.com/vessels?name=9340374", "mst_url": "https://www.marinetraffic.com/en/ais/search/all?keyword=9340374", "method": "v3_2pass_track3d_fromru10d", "ru_seen_in_lookback": true, "in_monitor_on_day": true}}, {"type": "Feature", "geometry": {"type": "LineString", "coordinates": [[19.03396, 54.84184166666667], [18.983258333333332, 54.75968], [18.944306666666666, 54.67688166666667], [18.887338333333332, 54.59936166666667], [18.821598333333334, 54.55410666666667], [18.760586666666665, 54.51396666666667], [18.71128666666667, 54.481946666666666], [18.682470000000002, 54.45731], [18.656686666666666, 54.41676666666667], [18.661076666666666, 54.37979666666667], [18.664975000000002, 54.37119833333334], [18.664951666666663, 54.37121833333333], [18.664975000000002, 54.37123333333333], [18.665021666666668, 54.37120166666667], [18.664963333333333, 54.37121666666667], [18.664971666666666, 54.371226666666665], [18.664976666666668, 54.37123999999999], [18.664991666666666, 54.37122166666666], [18.664981666666666, 54.37122166666666], [18.66498, 54.37121666666667], [18.664981666666666, 54.371215], [18.664985, 54.37123166666667], [18.664921666666665, 54.37123999999999], [18.665006666666667, 54.371248333333334], [18.664958333333335, 54.37121333333334], [18.664968333333334, 54.371226666666665], [18.66498, 54.37115666666667], [18.66496, 54.37121], [18.66499333333333, 54.37121833333333], [18.66498, 54.37124333333334], [18.664968333333334, 54.37122166666666], [18.664975000000002, 54.371205], [18.664983333333332, 54.37121333333334], [18.664968333333334, 54.37123666666666], [18.664976666666668, 54.37121333333334], [18.664991666666666, 54.37122], [18.664945, 54.371226666666665], [18.664978333333334, 54.37121666666667], [18.664978333333334, 54.37124333333334], [18.664998333333333, 54.37119166666666], [18.66499333333333, 54.37123166666667], [18.664991666666666, 54.371224999999995], [18.66499, 54.371206666666666], [18.66497, 54.37122], [18.66497, 54.37123166666667], [18.66499, 54.37121833333333], [18.664998333333333, 54.371228333333335], [18.665026666666666, 54.371224999999995], [18.665020000000002, 54.371215], [18.665016666666666, 54.37121666666667], [18.664994999999998, 54.37123666666666], [18.665020000000002, 54.371255], [18.665016666666666, 54.37121333333334], [18.665011666666665, 54.37119], [18.66498, 54.371228333333335], [18.664978333333334, 54.37122333333333]]}, "properties": {"label": "KAARI", "mmsi": "305342000", "imo": "9434761", "name": "KAARI", "shiptype": "", "first_seen_utc": "2026-01-05T00:13:20Z", "last_seen_utc": "2026-01-14T15:59:02Z", "destination": "RUVYG", "eta": "{'Day': 16, 'Hour': 18, 'Minute': 0, 'Month': 1}", "display": "", "links": "<a href=\"https://www.vesselfinder.com/vessels?name=9434761\" target=\"_blank\" rel=\"noopener\">VesselFinder</a> | <a href=\"https://www.marinetraffic.com/en/ais/search/all?keyword=9434761\" target=\"_blank\" rel=\"noopener\">MarineTraffic</a>", "vf_url": "https://www.vesselfinder.com/vessels?name=9434761", "mst_url": "https://www.marinetraffic.com/en/ais/search/all?keyword=9434761", "method": "v3_2pass_track3d_fromru10d", "ru_seen_in_lookback": true, "in_monitor_on_day": true}}, {"type": "Feature", "geometry": {"type": "Point", "coordinates": [18.664978333333334, 54.37122333333333]}, "properties": {"label": "KAARI", "mmsi": "305342000", "imo": "9434761", "name": "KAARI", "shiptype": "", "first_seen_utc": "2026-01-05T00:13:20Z", "last_seen_utc": "2026-01-14T15:59:02Z", "destination": "RUVYG", "eta": "{'Day': 16, 'Hour': 18, 'Minute': 0, 'Month': 1}", "display": "KAARI (305342000)", "links": "<a href=\"https://www.vesselfinder.com/vessels?name=9434761\" target=\"_blank\" rel=\"noopener\">VesselFinder</a> | <a href=\"https://www.marinetraffic.com/en/ais/search/all?keyword=9434761\" target=\"_blank\" rel=\"noopener\">MarineTraffic</a>", "vf_url": "https://www.vesselfinder.com/vessels?name=9434761", "mst_url": "https://www.marinetraffic.com/en/ais/search/all?keyword=9434761", "method": "v3_2pass_track3d_fromru10d", "ru_seen_in_lookback": true, "in_monitor_on_day": true}}, {"type": "Feature", "geometry": {"type": "LineString", "coordinates": [[8.512653333333335, 53.59994], [8.512666666666666, 53.59995166666667], [8.512635, 53.59999833333333], [8.512671666666666, 53.599975], [8.512675, 53.599981666666665], [8.512701666666667, 53.59995833333333], [8.512686666666665, 53.599934999999995], [8.49244, 53.612269999999995], [8.346098333333334, 53.692233333333334], [8.17929, 53.76858166666667], [8.012368333333333, 53.853465], [7.858693333333333, 53.89208833333333], [7.858336666666667, 53.89502166666667], [7.857858333333334, 53.894795], [7.85772, 53.89474833333334], [7.857701666666667, 53.89470166666667], [7.8577683333333335, 53.894756666666666], [7.858033333333334, 53.894861666666664], [7.858085, 53.894915], [7.858341666666666, 53.894996666666664], [7.859476666666667, 53.89521333333333], [7.860768333333334, 53.89525833333333], [7.8617799999999995, 53.895048333333335], [7.8635150000000005, 53.89439333333333], [7.863214999999999, 53.89468166666666], [7.8622749999999995, 53.895075], [7.861973333333333, 53.89519333333333], [7.861671666666667, 53.895185], [7.861706666666667, 53.895223333333334], [7.861405, 53.89526166666667], [7.860586666666666, 53.89529666666667], [7.8600216666666665, 53.895295000000004], [7.859703333333333, 53.89524333333333], [7.859613333333333, 53.89523333333333], [7.860925, 53.895275], [7.861801666666667, 53.89517333333333], [7.863020000000001, 53.89474], [7.86317, 53.89469833333333], [7.863816666666667, 53.894130000000004], [7.864156666666667, 53.893525], [7.864175, 53.89364333333333], [7.86196, 53.895160000000004], [7.861118333333334, 53.89523], [7.859488333333333, 53.895044999999996], [7.859096666666667, 53.895014999999994], [7.858911666666667, 53.894888333333334], [7.859195, 53.89512166666667], [7.8591, 53.89506333333333], [7.859766666666667, 53.89525166666667], [7.8601383333333334, 53.89528166666666], [7.861158333333334, 53.89521166666667], [7.861181666666667, 53.89526166666667], [7.863603333333333, 53.893535], [7.863763333333334, 53.89318166666667], [7.862485, 53.89478833333333], [7.861313333333333, 53.89515666666667], [7.860213333333333, 53.89521833333333], [7.860028333333333, 53.89526333333333], [7.859286666666667, 53.895176666666664], [7.8592450000000005, 53.89519166666666], [7.859441666666667, 53.89521333333333], [7.859838333333333, 53.89529166666667], [7.860613333333333, 53.89536333333333], [7.8616633333333334, 53.89524666666667], [7.862603333333333, 53.894980000000004], [7.864343333333333, 53.89333], [7.864358333333333, 53.89309], [7.864308333333333, 53.89301], [7.864316666666666, 53.893170000000005], [7.8643816666666675, 53.89306333333333], [7.862615, 53.89478333333333], [7.861818333333333, 53.89494], [7.861443333333333, 53.895028333333336], [7.862305, 53.89497333333334], [7.864331666666667, 53.89368666666667], [7.864335, 53.89366833333334], [7.864371666666667, 53.89348333333333], [7.8644050000000005, 53.89323666666667], [7.864375, 53.893058333333336]]}, "properties": {"label": "JPO GEMINI", "mmsi": "636091995", "imo": "9294020", "name": "JPO GEMINI", "shiptype": "", "first_seen_utc": "2026-01-05T00:13:23Z", "last_seen_utc": "2026-01-14T15:55:44Z", "destination": "DEWVN", "eta": "{'Day': 16, 'Hour': 1, 'Minute': 30, 'Month': 1}", "display": "", "links": "<a href=\"https://www.vesselfinder.com/vessels?name=9294020\" target=\"_blank\" rel=\"noopener\">VesselFinder</a> | <a href=\"https://www.marinetraffic.com/en/ais/search/all?keyword=9294020\" target=\"_blank\" rel=\"noopener\">MarineTraffic</a>", "vf_url": "https://www.vesselfinder.com/vessels?name=9294020", "mst_url": "https://www.marinetraffic.com/en/ais/search/all?keyword=9294020", "method": "v3_2pass_track3d_fromru10d", "ru_seen_in_lookback": true, "in_monitor_on_day": true}}, {"type": "Feature", "geometry": {"type": "Point", "coordinates": [7.864375, 53.893058333333336]}, "properties": {"label": "JPO GEMINI", "mmsi": "636091995", "imo": "9294020", "name": "JPO GEMINI", "shiptype": "", "first_seen_utc": "2026-01-05T00:13:23Z", "last_seen_utc": "2026-01-14T15:55:44Z", "destination": "DEWVN", "eta": "{'Day': 16, 'Hour': 1, 'Minute': 30, 'Month': 1}", "display": "JPO GEMINI (636091995)", "links": "<a href=\"https://www.vesselfinder.com/vessels?name=9294020\" target=\"_blank\" rel=\"noopener\">VesselFinder</a> | <a href=\"https://www.marinetraffic.com/en/ais/search/all?keyword=9294020\" target=\"_blank\" rel=\"noopener\">MarineTraffic</a>", "vf_url": "https://www.vesselfinder.com/vessels?name=9294020", "mst_url": "https://www.marinetraffic.com/en/ais/search/all?keyword=9294020", "method": "v3_2pass_track3d_fromru10d", "ru_seen_in_lookback": true, "in_monitor_on_day": true}}, {"type": "Feature", "geometry": {"type": "LineString", "coordinates": [[18.801673333333333, 54.602275], [18.801625, 54.602306666666664], [18.80162, 54.60231833333333], [18.801636666666663, 54.60232], [18.80159666666667, 54.602291666666666], [18.80163, 54.602325], [18.801625, 54.60232833333334], [18.801611666666666, 54.60234166666667], [18.80163, 54.602311666666665], [18.801606666666665, 54.60231833333333], [18.80161, 54.60230333333333], [18.801589999999997, 54.602288333333334], [18.798386666666666, 54.59614], [18.920885, 54.57356333333333], [19.02565333333333, 54.62148833333333], [19.03175666666667, 54.672335], [19.044838333333335, 54.68366666666667], [19.01249, 54.660025000000005], [18.980385000000002, 54.64434333333334], [18.94027833333333, 54.63659666666667], [18.913310000000003, 54.65143166666667], [18.909218333333335, 54.673855], [18.90584833333333, 54.696558333333336], [18.884815, 54.71470166666666], [18.85447333333333, 54.72725166666667], [18.823013333333332, 54.73674666666667], [18.85856, 54.73697666666667], [18.895120000000002, 54.71692666666667], [18.918425, 54.69915833333334], [18.921853333333335, 54.686058333333335], [18.878488333333333, 54.62730833333333], [18.795698333333334, 54.586585], [18.80101, 54.601459999999996], [18.801045, 54.601485000000004], [18.803571666666667, 54.600366666666666], [18.803551666666667, 54.600339999999996], [18.801631666666665, 54.602325], [18.801625, 54.60231], [18.801611666666666, 54.60232833333334], [18.801651666666665, 54.602313333333335], [18.801586666666665, 54.602345], [18.801573333333334, 54.60232833333334], [18.801566666666666, 54.602313333333335], [18.801660000000002, 54.602335000000004], [18.801628333333333, 54.60232333333333], [18.801623333333335, 54.60230166666667], [18.801638333333337, 54.6023], [18.801668333333335, 54.602325], [18.801638333333337, 54.60227666666666], [18.801636666666663, 54.60230166666667], [18.80167833333333, 54.60230166666667], [18.801638333333337, 54.60230833333333], [18.80163, 54.602311666666665], [18.80162, 54.602313333333335], [18.801611666666666, 54.602345], [18.801601666666667, 54.60235], [18.80163, 54.602325], [18.801608333333334, 54.602311666666665], [18.801443333333335, 54.602288333333334], [18.866985, 54.54722], [18.933831666666666, 54.479794999999996], [18.973844999999997, 54.440394999999995], [19.010713333333335, 54.42546166666667], [19.05486, 54.42024166666667], [19.100595, 54.421845], [19.143038333333333, 54.43108666666667], [19.188266666666667, 54.432071666666666], [19.272074999999997, 54.436370000000004], [19.278905, 54.454613333333334], [19.235835, 54.45631], [19.192245, 54.455839999999995], [19.147851666666668, 54.45762333333333], [19.102553333333333, 54.458616666666664], [19.05953333333333, 54.464061666666666], [19.027511666666665, 54.480041666666665], [19.024085, 54.49498666666667], [18.981023333333333, 54.52283], [18.865153333333335, 54.57154166666667], [18.800996666666666, 54.601455], [18.803538333333332, 54.60037333333333], [18.801544999999997, 54.60241], [18.80168666666667, 54.60232], [18.80163333333333, 54.602313333333335], [18.801616666666668, 54.60230833333333], [18.801598333333335, 54.60233166666667], [18.801618333333334, 54.60234166666667], [18.801613333333332, 54.60232666666666], [18.801561666666665, 54.60233166666667], [18.801606666666665, 54.602335000000004], [18.801623333333335, 54.602315], [18.801628333333333, 54.60232166666666], [18.801634999999997, 54.60231666666667], [18.80163, 54.602306666666664], [18.801648333333333, 54.60232833333334], [18.801625, 54.602306666666664], [18.80163, 54.602325], [18.801626666666667, 54.602325], [18.801621666666666, 54.60232166666666], [18.80161, 54.60230333333333], [18.801595000000002, 54.60233], [18.801631666666665, 54.602338333333336], [18.801631666666665, 54.60234333333334], [18.801606666666665, 54.602340000000005], [18.801611666666666, 54.60231666666667], [18.801598333333335, 54.60232166666666], [18.801605, 54.60230166666667], [18.801605, 54.6023], [18.801621666666666, 54.60231666666667], [18.80163, 54.60230333333333], [18.801603333333333, 54.60228], [18.801663333333334, 54.60231], [18.801666666666666, 54.60230333333333], [18.801616666666668, 54.602293333333336], [18.801636666666663, 54.60230833333333], [18.801634999999997, 54.602313333333335], [18.801666666666666, 54.602340000000005], [18.801673333333333, 54.60232833333334], [18.801663333333334, 54.60232333333333], [18.801660000000002, 54.60233], [18.801628333333333, 54.60229833333334], [18.801655, 54.60232333333333], [18.801658333333332, 54.60232333333333], [18.80163333333333, 54.60232166666666], [18.801631666666665, 54.60232166666666], [18.801626666666667, 54.60233166666667], [18.801660000000002, 54.602325]]}, "properties": {"label": "HEL-157", "mmsi": "261001620", "imo": "8008670", "name": "HEL-157", "shiptype": "", "first_seen_utc": "2026-01-05T00:13:26Z", "last_seen_utc": "2026-01-14T15:59:16Z", "destination": "KEEP CLEAR 0.3AFT", "eta": "{'Day': 0, 'Hour': 24, 'Minute': 60, 'Month': 0}", "display": "", "links": "<a href=\"https://www.vesselfinder.com/vessels?name=8008670\" target=\"_blank\" rel=\"noopener\">VesselFinder</a> | <a href=\"https://www.marinetraffic.com/en/ais/search/all?keyword=8008670\" target=\"_blank\" rel=\"noopener\">MarineTraffic</a>", "vf_url": "https://www.vesselfinder.com/vessels?name=8008670", "mst_url": "https://www.marinetraffic.com/en/ais/search/all?keyword=8008670", "method": "v3_2pass_track3d_fromru10d", "ru_seen_in_lookback": true, "in_monitor_on_day": true}}, {"type": "Feature", "geometry": {"type": "Point", "coordinates": [18.801660000000002, 54.602325]}, "properties": {"label": "HEL-157", "mmsi": "261001620", "imo": "8008670", "name": "HEL-157", "shiptype": "", "first_seen_utc": "2026-01-05T00:13:26Z", "last_seen_utc": "2026-01-14T15:59:16Z", "destination": "KEEP CLEAR 0.3AFT", "eta": "{'Day': 0, 'Hour': 24, 'Minute': 60, 'Month': 0}", "display": "HEL-157 (261001620)", "links": "<a href=\"https://www.vesselfinder.com/vessels?name=8008670\" target=\"_blank\" rel=\"noopener\">VesselFinder</a> | <a href=\"https://www.marinetraffic.com/en/ais/search/all?keyword=8008670\" target=\"_blank\" rel=\"noopener\">MarineTraffic</a>", "vf_url": "https://www.vesselfinder.com/vessels?name=8008670", "mst_url": "https://www.marinetraffic.com/en/ais/search/all?keyword=8008670", "method": "v3_2pass_track3d_fromru10d", "ru_seen_in_lookback": true, "in_monitor_on_day": true}}, {"type": "Feature", "geometry": {"type": "LineString", "coordinates": [[18.710065, 54.516688333333335], [18.709799999999998, 54.516841666666664], [18.710201666666666, 54.51672166666666], [18.710615, 54.516619999999996], [18.709511666666668, 54.51697333333333], [18.709655, 54.51691833333334], [18.709153333333333, 54.517871666666665], [18.70983, 54.51837], [18.710106666666665, 54.51841833333334], [18.710155, 54.518425], [18.70968333333333, 54.51826166666667], [18.70994166666667, 54.517174999999995], [18.712008333333333, 54.51702], [18.712318333333332, 54.51737166666667], [18.711631666666666, 54.51749333333333], [18.66653833333333, 54.51520333333334], [18.560625, 54.52010166666666], [18.558065, 54.52702], [18.558105, 54.526984999999996], [18.55806, 54.52704666666667], [18.558073333333333, 54.52703333333333], [18.55808, 54.527028333333334], [18.558088333333334, 54.527055000000004], [18.558075, 54.527051666666665], [18.558071666666667, 54.527051666666665], [18.558058333333335, 54.52701833333333], [18.558106666666667, 54.52701666666667], [18.55808, 54.527051666666665], [18.558071666666667, 54.52706666666666], [18.558075, 54.527055000000004], [18.558071666666667, 54.527035], [18.55807666666667, 54.527029999999996], [18.55807666666667, 54.527055000000004], [18.558043333333334, 54.527029999999996], [18.558038333333332, 54.527065], [18.558105, 54.527053333333335], [18.558088333333334, 54.527028333333334], [18.558078333333334, 54.527006666666665], [18.558071666666667, 54.527029999999996], [18.558088333333334, 54.527035], [18.558123333333334, 54.52706], [18.55807, 54.527058333333336], [18.55805333333333, 54.527026666666664], [18.558075, 54.52701666666667], [18.558083333333332, 54.52704166666667], [18.558061666666667, 54.52704666666667], [18.558086666666668, 54.527051666666665], [18.558058333333335, 54.52706], [18.558065, 54.52702333333333], [18.558046666666666, 54.527045], [18.558065, 54.527035], [18.558078333333334, 54.52708], [18.558083333333332, 54.527065], [18.621998333333334, 54.52520666666667], [18.793638333333334, 54.527838333333335], [18.907905000000003, 54.604955000000004], [18.992823333333334, 54.69905000000001], [19.012473333333332, 54.79510666666667], [18.880175, 54.85762333333333], [18.741375, 54.91769], [15.572918333333332, 55.849495000000005], [15.41869, 55.910266666666665], [15.258298333333332, 55.96012666666666], [15.103076666666668, 56.013848333333335], [14.947859999999999, 56.067008333333334], [14.846273333333333, 56.112875], [14.844249999999999, 56.11563833333333], [14.843771666666667, 56.115480000000005], [14.844241666666667, 56.115725], [14.843861666666667, 56.11547666666667], [14.843906666666667, 56.11548833333333], [14.843815000000001, 56.11545666666667], [14.844331666666667, 56.11569833333333], [14.844451666666666, 56.115735], [14.8444, 56.115741666666665], [14.844536666666666, 56.115815], [14.844731666666666, 56.11585], [14.844448333333334, 56.11577833333333], [14.844348333333333, 56.11580666666667], [14.84406, 56.11567333333333], [14.843885, 56.115685], [14.84447, 56.11587333333333], [14.844725, 56.116], [14.844481666666667, 56.11598166666667], [14.844658333333333, 56.11615666666667], [14.844741666666666, 56.11629166666667], [14.844443333333334, 56.11622666666666], [14.84508, 56.116326666666666], [14.844591666666668, 56.116308333333336], [14.845183333333333, 56.11638166666667], [14.844473333333333, 56.116706666666666], [14.84763, 56.112928333333336], [14.845608333333333, 56.113168333333334], [14.84587, 56.11314166666667], [14.845885, 56.113150000000005], [14.84617, 56.11311166666667], [14.846958333333333, 56.11320833333333], [14.846480000000001, 56.11316166666666], [14.84619, 56.11314333333333], [14.846251666666666, 56.11320166666667], [14.846288333333332, 56.11319], [14.846678333333333, 56.11315166666667]]}, "properties": {"label": "DREAM SYRAX", "mmsi": "255915968", "imo": "9719513", "name": "DREAM SYRAX", "shiptype": "", "first_seen_utc": "2026-01-05T00:14:52Z", "last_seen_utc": "2026-01-14T16:04:03Z", "destination": "SE KAN", "eta": "{'Day': 13, 'Hour': 21, 'Minute': 0, 'Month': 1}", "display": "", "links": "<a href=\"https://www.vesselfinder.com/vessels?name=9719513\" target=\"_blank\" rel=\"noopener\">VesselFinder</a> | <a href=\"https://www.marinetraffic.com/en/ais/search/all?keyword=9719513\" target=\"_blank\" rel=\"noopener\">MarineTraffic</a>", "vf_url": "https://www.vesselfinder.com/vessels?name=9719513", "mst_url": "https://www.marinetraffic.com/en/ais/search/all?keyword=9719513", "method": "v3_2pass_track3d_fromru10d", "ru_seen_in_lookback": true, "in_monitor_on_day": true}}, {"type": "Feature", "geometry": {"type": "Point", "coordinates": [14.846678333333333, 56.11315166666667]}, "properties": {"label": "DREAM SYRAX", "mmsi": "255915968", "imo": "9719513", "name": "DREAM SYRAX", "shiptype": "", "first_seen_utc": "2026-01-05T00:14:52Z", "last_seen_utc": "2026-01-14T16:04:03Z", "destination": "SE KAN", "eta": "{'Day': 13, 'Hour': 21, 'Minute': 0, 'Month': 1}", "display": "DREAM SYRAX (255915968)", "links": "<a href=\"https://www.vesselfinder.com/vessels?name=9719513\" target=\"_blank\" rel=\"noopener\">VesselFinder</a> | <a href=\"https://www.marinetraffic.com/en/ais/search/all?keyword=9719513\" target=\"_blank\" rel=\"noopener\">MarineTraffic</a>", "vf_url": "https://www.vesselfinder.com/vessels?name=9719513", "mst_url": "https://www.marinetraffic.com/en/ais/search/all?keyword=9719513", "method": "v3_2pass_track3d_fromru10d", "ru_seen_in_lookback": true, "in_monitor_on_day": true}}, {"type": "Feature", "geometry": {"type": "LineString", "coordinates": [[28.711075, 60.331649999999996], [28.711143333333332, 60.33166000000001], [28.710958333333334, 60.33150666666667], [28.732306666666666, 60.303329999999995], [28.790788333333335, 60.239821666666664], [15.325583333333332, 55.633181666666665], [15.132185, 55.590786666666666], [14.926951666666668, 55.536746666666666], [14.739056666666666, 55.482555000000005], [14.601853333333334, 55.43253], [14.489460000000001, 55.36252], [14.384818333333333, 55.285806666666666], [14.21848, 55.166473333333336]]}, "properties": {"label": "PRUDENT WARRIOR", "mmsi": "241485000", "imo": "9753545", "name": "PRUDENT WARRIOR", "shiptype": "", "first_seen_utc": "2026-01-05T00:14:54Z", "last_seen_utc": "2026-01-14T10:04:28Z", "destination": "SGSIN", "eta": "{'Day': 16, 'Hour': 4, 'Minute': 0, 'Month': 2}", "display": "", "links": "<a href=\"https://www.vesselfinder.com/vessels?name=9753545\" target=\"_blank\" rel=\"noopener\">VesselFinder</a> | <a href=\"https://www.marinetraffic.com/en/ais/search/all?keyword=9753545\" target=\"_blank\" rel=\"noopener\">MarineTraffic</a>", "vf_url": "https://www.vesselfinder.com/vessels?name=9753545", "mst_url": "https://www.marinetraffic.com/en/ais/search/all?keyword=9753545", "method": "v3_2pass_track3d_fromru10d", "ru_seen_in_lookback": true, "in_monitor_on_day": true}}, {"type": "Feature", "geometry": {"type": "Point", "coordinates": [14.21848, 55.166473333333336]}, "properties": {"label": "PRUDENT WARRIOR", "mmsi": "241485000", "imo": "9753545", "name": "PRUDENT WARRIOR", "shiptype": "", "first_seen_utc": "2026-01-05T00:14:54Z", "last_seen_utc": "2026-01-14T10:04:28Z", "destination": "SGSIN", "eta": "{'Day': 16, 'Hour': 4, 'Minute': 0, 'Month': 2}", "display": "PRUDENT WARRIOR (241485000)", "links": "<a href=\"https://www.vesselfinder.com/vessels?name=9753545\" target=\"_blank\" rel=\"noopener\">VesselFinder</a> | <a href=\"https://www.marinetraffic.com/en/ais/search/all?keyword=9753545\" target=\"_blank\" rel=\"noopener\">MarineTraffic</a>", "vf_url": "https://www.vesselfinder.com/vessels?name=9753545", "mst_url": "https://www.marinetraffic.com/en/ais/search/all?keyword=9753545", "method": "v3_2pass_track3d_fromru10d", "ru_seen_in_lookback": true, "in_monitor_on_day": true}}, {"type": "Feature", "geometry": {"type": "LineString", "coordinates": [[2.42729, 51.807453333333335], [2.2245633333333337, 51.64806], [2.07769, 51.54441833333333], [1.9615433333333334, 51.47250833333333], [1.8774133333333334, 51.37575833333334], [1.7998566666666667, 51.275459999999995], [1.697175, 51.18086666666667]]}, "properties": {"label": "STEN NORDIC", "mmsi": "257667000", "imo": "9351567", "name": "STEN NORDIC", "shiptype": "", "first_seen_utc": "2026-01-05T00:16:02Z", "last_seen_utc": "2026-01-14T15:54:15Z", "destination": "FR ROU", "eta": "{'Day': 15, 'Hour': 6, 'Minute': 0, 'Month': 1}", "display": "", "links": "<a href=\"https://www.vesselfinder.com/vessels?name=9351567\" target=\"_blank\" rel=\"noopener\">VesselFinder</a> | <a href=\"https://www.marinetraffic.com/en/ais/search/all?keyword=9351567\" target=\"_blank\" rel=\"noopener\">MarineTraffic</a>", "vf_url": "https://www.vesselfinder.com/vessels?name=9351567", "mst_url": "https://www.marinetraffic.com/en/ais/search/all?keyword=9351567", "method": "v3_2pass_track3d_fromru10d", "ru_seen_in_lookback": true, "in_monitor_on_day": true}}, {"type": "Feature", "geometry": {"type": "Point", "coordinates": [1.697175, 51.18086666666667]}, "properties": {"label": "STEN NORDIC", "mmsi": "257667000", "imo": "9351567", "name": "STEN NORDIC", "shiptype": "", "first_seen_utc": "2026-01-05T00:16:02Z", "last_seen_utc": "2026-01-14T15:54:15Z", "destination": "FR ROU", "eta": "{'Day': 15, 'Hour': 6, 'Minute': 0, 'Month': 1}", "display": "STEN NORDIC (257667000)", "links": "<a href=\"https://www.vesselfinder.com/vessels?name=9351567\" target=\"_blank\" rel=\"noopener\">VesselFinder</a> | <a href=\"https://www.marinetraffic.com/en/ais/search/all?keyword=9351567\" target=\"_blank\" rel=\"noopener\">MarineTraffic</a>", "vf_url": "https://www.vesselfinder.com/vessels?name=9351567", "mst_url": "https://www.marinetraffic.com/en/ais/search/all?keyword=9351567", "method": "v3_2pass_track3d_fromru10d", "ru_seen_in_lookback": true, "in_monitor_on_day": true}}, {"type": "Feature", "geometry": {"type": "LineString", "coordinates": [[18.80223, 54.602285], [18.802208333333333, 54.602291666666666], [18.802236666666666, 54.60225666666667], [18.80222, 54.60227833333333], [18.802235, 54.60228166666666], [18.802216666666666, 54.60227333333333], [18.80223833333333, 54.60227833333333], [18.802245000000003, 54.60227666666666], [18.802236666666666, 54.602285], [18.802226666666666, 54.60227333333333], [18.802215, 54.60227666666666], [18.802231666666668, 54.602268333333335], [18.802215, 54.602268333333335], [18.802213333333334, 54.60227333333333], [18.802233333333334, 54.60227666666666], [18.802228333333336, 54.60228333333334], [18.80222, 54.60228], [18.802213333333334, 54.60228], [18.80223, 54.60228166666666], [18.802236666666666, 54.60227666666666], [18.802200000000003, 54.602285], [18.802241666666664, 54.602265], [18.802223333333334, 54.602265], [18.802226666666666, 54.60227], [18.802226666666666, 54.602266666666665], [18.80225, 54.602266666666665], [18.802213333333334, 54.602288333333334], [18.802221666666664, 54.60226333333333], [18.802223333333334, 54.602268333333335], [18.802213333333334, 54.602275], [18.802205, 54.60226], [18.802223333333334, 54.60226333333333], [18.802215, 54.60227833333333], [18.802205, 54.60227833333333], [18.80221166666667, 54.60227333333333], [18.802235, 54.60227333333333], [18.80222, 54.60228166666666], [18.802228333333336, 54.60228], [18.802216666666666, 54.60228166666666], [18.802223333333334, 54.602266666666665], [18.802215, 54.602266666666665], [18.802239999999998, 54.60227333333333], [18.802226666666666, 54.60227833333333], [18.802226666666666, 54.60228166666666], [18.802241666666664, 54.602275], [18.802206666666667, 54.60228], [18.802228333333336, 54.60227333333333], [18.802223333333334, 54.602275], [18.802208333333333, 54.602275], [18.80221166666667, 54.602268333333335], [18.802236666666666, 54.602265], [18.80223, 54.60227], [18.802241666666664, 54.60227], [18.802215, 54.60227], [18.802223333333334, 54.60228], [18.80226, 54.60228], [18.802235, 54.60227], [18.802235, 54.60228166666666], [18.802043333333334, 54.60213], [18.85523, 54.540418333333335], [18.930868333333333, 54.476555], [19.010153333333335, 54.41858333333333], [19.056263333333334, 54.41617166666666], [19.09544, 54.415910000000004], [19.134778333333333, 54.42275666666667], [19.175079999999998, 54.42911166666667], [19.217163333333335, 54.43212833333334], [19.2608, 54.434693333333335], [19.303348333333336, 54.43682666666667], [19.304335, 54.445385], [19.265525, 54.44927333333333], [19.227081666666667, 54.447381666666665], [19.18828166666667, 54.44245], [19.16631, 54.44598], [19.099300000000003, 54.47233333333334], [18.98624166666667, 54.516515], [18.872885, 54.56068666666667], [18.801755, 54.59997166666667], [18.802215, 54.60228], [18.80222, 54.60227333333333], [18.802226666666666, 54.60227833333333], [18.802208333333333, 54.60226333333333], [18.802226666666666, 54.60227333333333], [18.802221666666664, 54.60229], [18.802228333333336, 54.60229833333334], [18.802198333333333, 54.60228], [18.80221, 54.60227333333333], [18.802218333333332, 54.602265], [18.80223833333333, 54.602268333333335], [18.802241666666664, 54.60227833333333], [18.802233333333334, 54.60227666666666], [18.802225, 54.602275], [18.802223333333334, 54.60228333333334], [18.802213333333334, 54.60227], [18.802223333333334, 54.60228166666666], [18.802205, 54.60227666666666], [18.802221666666664, 54.60228333333334], [18.802221666666664, 54.60227666666666], [18.802221666666664, 54.60227666666666], [18.802233333333334, 54.602265], [18.80221166666667, 54.60228333333334], [18.802226666666666, 54.60228333333334], [18.80223833333333, 54.60228666666667], [18.802221666666664, 54.60228], [18.802226666666666, 54.602275], [18.802226666666666, 54.60228], [18.802228333333336, 54.60227], [18.802231666666668, 54.602275], [18.802235, 54.60227833333333], [18.802221666666664, 54.60228], [18.80223, 54.60227833333333], [18.802233333333334, 54.60227833333333], [18.802235, 54.60228], [18.802245000000003, 54.602275], [18.80221, 54.602275], [18.802223333333334, 54.60227666666666], [18.802223333333334, 54.60227], [18.802218333333332, 54.60227666666666], [18.802228333333336, 54.60227333333333], [18.80225, 54.60228], [18.802235, 54.602285], [18.80222, 54.60227333333333], [18.802231666666668, 54.60227833333333], [18.802236666666666, 54.60227833333333], [18.802221666666664, 54.60227], [18.802233333333334, 54.602275], [18.80223, 54.60227833333333]]}, "properties": {"label": "JAS-76", "mmsi": "261007950", "imo": "", "name": "JAS-76", "shiptype": "", "first_seen_utc": "2026-01-05T00:16:05Z", "last_seen_utc": "2026-01-14T16:09:43Z", "destination": "HEL", "eta": "{'Day': 13, 'Hour': 16, 'Minute': 0, 'Month': 1}", "display": "", "links": "<a href=\"https://www.vesselfinder.com/vessels?name=261007950\" target=\"_blank\" rel=\"noopener\">VesselFinder</a> | <a href=\"https://www.marinetraffic.com/en/ais/search/all?keyword=261007950\" target=\"_blank\" rel=\"noopener\">MarineTraffic</a>", "vf_url": "https://www.vesselfinder.com/vessels?name=261007950", "mst_url": "https://www.marinetraffic.com/en/ais/search/all?keyword=261007950", "method": "v3_2pass_track3d_fromru10d", "ru_seen_in_lookback": true, "in_monitor_on_day": true}}, {"type": "Feature", "geometry": {"type": "Point", "coordinates": [18.80223, 54.60227833333333]}, "properties": {"label": "JAS-76", "mmsi": "261007950", "imo": "", "name": "JAS-76", "shiptype": "", "first_seen_utc": "2026-01-05T00:16:05Z", "last_seen_utc": "2026-01-14T16:09:43Z", "destination": "HEL", "eta": "{'Day': 13, 'Hour': 16, 'Minute': 0, 'Month': 1}", "display": "JAS-76 (261007950)", "links": "<a href=\"https://www.vesselfinder.com/vessels?name=261007950\" target=\"_blank\" rel=\"noopener\">VesselFinder</a> | <a href=\"https://www.marinetraffic.com/en/ais/search/all?keyword=261007950\" target=\"_blank\" rel=\"noopener\">MarineTraffic</a>", "vf_url": "https://www.vesselfinder.com/vessels?name=261007950", "mst_url": "https://www.marinetraffic.com/en/ais/search/all?keyword=261007950", "method": "v3_2pass_track3d_fromru10d", "ru_seen_in_lookback": true, "in_monitor_on_day": true}}, {"type": "Feature", "geometry": {"type": "LineString", "coordinates": [[12.249516666666667, 54.61094166666667], [12.188316666666667, 54.52014166666667], [12.116866666666665, 54.45064833333333], [11.97575, 54.448634999999996], [11.83974, 54.47176666666667], [11.701740000000001, 54.49382333333333], [11.563080000000001, 54.522965], [11.418718333333334, 54.55356833333334], [11.268526666666666, 54.58523666666667], [11.11354, 54.606001666666664], [10.964938333333333, 54.59954666666667], [10.825561666666665, 54.59047333333333], [10.355058333333334, 54.51428333333333], [10.241774999999999, 54.45903666666666], [10.182066666666666, 54.37911], [10.143616666666667, 54.36543833333334], [10.108546666666665, 54.37077166666666], [10.015468333333333, 54.35857], [9.92154, 54.34382], [9.829793333333333, 54.36374], [9.744711666666666, 54.33913666666667], [9.687868333333334, 54.29453], [9.621523333333332, 54.258496666666666], [9.574571666666666, 54.209381666666665], [9.488036666666666, 54.18349833333333], [9.396818333333332, 54.159855], [9.328956666666667, 54.12420833333333], [9.309298333333334, 54.059961666666666], [9.293456666666666, 54.002775], [9.239441666666666, 53.95372333333333], [9.179335, 53.91259], [9.146445, 53.89438500000001], [9.139458333333332, 53.890375], [8.80517, 53.84234166666667], [7.719426666666666, 54.02167333333333], [7.567398333333333, 54.00199333333333], [7.426101666666667, 53.98160333333333], [7.291406666666666, 53.96046833333333], [7.159503333333333, 53.939238333333336], [7.031366666666667, 53.919443333333334], [6.905218333333334, 53.90052166666667], [6.779821666666667, 53.88243], [6.653498333333333, 53.863913333333336], [5.551961666666667, 53.65858333333333], [5.40228, 53.62965166666667], [5.254485, 53.59842666666667], [5.108373333333334, 53.56536666666667], [4.959991666666666, 53.53203166666666], [4.810833333333333, 53.501261666666664], [4.679081666666666, 53.470209999999994], [4.559606666666666, 53.35617833333333], [4.511055, 53.28308833333333], [4.461245, 53.20808833333333], [4.39205, 53.13838333333333], [4.293371666666667, 53.083705], [3.921455, 52.703425], [3.3258366666666666, 51.94848666666667], [3.30186, 51.87329833333333], [3.2752633333333336, 51.79671666666666], [3.2710333333333335, 51.722408333333334], [3.3301700000000003, 51.64772833333333], [3.3994866666666668, 51.57631166666667], [3.450328333333333, 51.50694], [3.534543333333333, 51.450111666666665], [3.6113816666666665, 51.42381833333333], [3.7025916666666663, 51.39198833333333], [3.7935700000000003, 51.350405], [3.9036683333333335, 51.359678333333335], [3.9671333333333334, 51.42015833333333], [4.032376666666667, 51.40376666666667], [4.081753333333333, 51.369231666666664], [4.164608333333333, 51.38412], [4.223235, 51.361356666666666], [4.27554, 51.34683333333333], [4.284695, 51.346136666666666], [4.284793333333334, 51.3461], [4.315221666666667, 51.31543166666667], [4.342043333333334, 51.268836666666665], [4.378271666666667, 51.247445], [4.42463, 51.23918666666667], [4.484263333333333, 51.24046333333333], [4.5237050000000005, 51.232020000000006], [4.535261666666667, 51.227125], [4.562396666666667, 51.219073333333334], [4.700555, 51.184913333333334], [4.773811666666666, 51.177971666666664], [4.8395150000000005, 51.165061666666666], [4.857865, 51.16028333333334], [4.860261666666667, 51.15964833333333]]}, "properties": {"label": "AMADEUS SAFFIER", "mmsi": "245918000", "imo": "9996903", "name": "AMADEUS SAFFIER", "shiptype": "", "first_seen_utc": "2026-01-05T00:17:32Z", "last_seen_utc": "2026-01-14T15:46:28Z", "destination": "GENK", "eta": "{'Day': 15, 'Hour': 8, 'Minute': 0, 'Month': 1}", "display": "", "links": "<a href=\"https://www.vesselfinder.com/vessels?name=9996903\" target=\"_blank\" rel=\"noopener\">VesselFinder</a> | <a href=\"https://www.marinetraffic.com/en/ais/search/all?keyword=9996903\" target=\"_blank\" rel=\"noopener\">MarineTraffic</a>", "vf_url": "https://www.vesselfinder.com/vessels?name=9996903", "mst_url": "https://www.marinetraffic.com/en/ais/search/all?keyword=9996903", "method": "v3_2pass_track3d_fromru10d", "ru_seen_in_lookback": true, "in_monitor_on_day": true}}, {"type": "Feature", "geometry": {"type": "Point", "coordinates": [4.860261666666667, 51.15964833333333]}, "properties": {"label": "AMADEUS SAFFIER", "mmsi": "245918000", "imo": "9996903", "name": "AMADEUS SAFFIER", "shiptype": "", "first_seen_utc": "2026-01-05T00:17:32Z", "last_seen_utc": "2026-01-14T15:46:28Z", "destination": "GENK", "eta": "{'Day': 15, 'Hour': 8, 'Minute': 0, 'Month': 1}", "display": "AMADEUS SAFFIER (245918000)", "links": "<a href=\"https://www.vesselfinder.com/vessels?name=9996903\" target=\"_blank\" rel=\"noopener\">VesselFinder</a> | <a href=\"https://www.marinetraffic.com/en/ais/search/all?keyword=9996903\" target=\"_blank\" rel=\"noopener\">MarineTraffic</a>", "vf_url": "https://www.vesselfinder.com/vessels?name=9996903", "mst_url": "https://www.marinetraffic.com/en/ais/search/all?keyword=9996903", "method": "v3_2pass_track3d_fromru10d", "ru_seen_in_lookback": true, "in_monitor_on_day": true}}, {"type": "Feature", "geometry": {"type": "LineString", "coordinates": [[11.032766666666667, 55.33553333333334], [11.091000000000001, 55.2408], [11.03935, 55.14978333333333], [11.019749999999998, 55.051950000000005], [10.965766666666667, 54.962833333333336], [10.879116666666667, 54.888000000000005], [10.862283333333332, 54.804700000000004], [10.853966666666668, 54.7419], [10.918433333333333, 54.67803333333333], [11.039233333333334, 54.6349], [11.159600000000001, 54.59126666666667], [11.280416666666667, 54.5498], [11.414916666666667, 54.51936666666666], [11.547733333333333, 54.480783333333335], [11.682683333333333, 54.439899999999994], [11.829333333333333, 54.417], [11.987016666666667, 54.41623333333334], [12.146266666666666, 54.4146], [12.243683333333333, 54.48908333333333], [12.289800000000001, 54.57835], [12.797916666666667, 54.76821666666667], [12.958483333333334, 54.76871666666667], [13.101016666666668, 54.763749999999995], [15.431533333333334, 54.68076666666666], [18.350916666666667, 54.9214], [18.5242, 54.91943333333334], [18.662216666666666, 54.87696666666667], [18.800066666666666, 54.82565], [18.929916666666667, 54.776500000000006], [19.0272, 54.71716666666667], [19.064533333333333, 54.63925], [19.038416666666667, 54.567883333333334], [18.982083333333332, 54.497733333333336], [18.911633333333334, 54.445433333333334], [18.82995, 54.43926666666667], [18.832800000000002, 54.43965], [18.83261666666667, 54.43971666666666], [18.8324, 54.43968333333333], [18.831333333333337, 54.43953333333333], [18.831633333333333, 54.439616666666666], [18.83151666666667, 54.439600000000006], [18.831266666666668, 54.439566666666664], [18.831183333333335, 54.439499999999995], [18.831149999999997, 54.43951666666667], [18.8309, 54.439483333333335], [18.83105, 54.439499999999995], [18.831266666666668, 54.439566666666664], [18.83145, 54.439616666666666], [18.83181666666667, 54.43971666666666], [18.832183333333333, 54.43971666666666], [18.83205, 54.43968333333333], [18.83216666666667, 54.439733333333336], [18.832016666666668, 54.4397], [18.832266666666666, 54.4397], [18.831683333333334, 54.43968333333333], [18.83175, 54.439733333333336], [18.83178333333333, 54.43971666666666], [18.83165, 54.43971666666666], [18.83171666666667, 54.43971666666666], [18.832033333333335, 54.439733333333336], [18.832216666666667, 54.439750000000004], [18.83178333333333, 54.43971666666666], [18.831966666666666, 54.439733333333336], [18.832066666666666, 54.43971666666666], [18.831633333333333, 54.43968333333333], [18.831733333333332, 54.43971666666666], [18.83135, 54.43968333333333], [18.83171666666667, 54.439750000000004], [18.832083333333333, 54.4398], [18.832016666666668, 54.439750000000004], [18.831366666666668, 54.439750000000004], [18.831883333333334, 54.43978333333334], [18.832216666666667, 54.439766666666664], [18.831200000000003, 54.43971666666666], [18.831216666666666, 54.43966666666667], [18.831933333333332, 54.4398], [18.831799999999998, 54.439816666666665], [18.831333333333337, 54.43971666666666], [18.83135, 54.439750000000004], [18.83105, 54.43971666666666], [18.83171666666667, 54.4397], [18.831883333333334, 54.4398], [18.831583333333334, 54.4398], [18.8321, 54.43985], [18.83175, 54.439816666666665], [18.832, 54.43983333333333], [18.832283333333333, 54.4398]]}, "properties": {"label": "LAURA MAERSK", "mmsi": "219543000", "imo": "9944546", "name": "LAURA MAERSK", "shiptype": "", "first_seen_utc": "2026-01-05T00:18:28Z", "last_seen_utc": "2026-01-14T16:11:21Z", "destination": "PLGDN", "eta": "{'Day': 16, 'Hour': 0, 'Minute': 0, 'Month': 1}", "display": "", "links": "<a href=\"https://www.vesselfinder.com/vessels?name=9944546\" target=\"_blank\" rel=\"noopener\">VesselFinder</a> | <a href=\"https://www.marinetraffic.com/en/ais/search/all?keyword=9944546\" target=\"_blank\" rel=\"noopener\">MarineTraffic</a>", "vf_url": "https://www.vesselfinder.com/vessels?name=9944546", "mst_url": "https://www.marinetraffic.com/en/ais/search/all?keyword=9944546", "method": "v3_2pass_track3d_fromru10d", "ru_seen_in_lookback": true, "in_monitor_on_day": true}}, {"type": "Feature", "geometry": {"type": "Point", "coordinates": [18.832283333333333, 54.4398]}, "properties": {"label": "LAURA MAERSK", "mmsi": "219543000", "imo": "9944546", "name": "LAURA MAERSK", "shiptype": "", "first_seen_utc": "2026-01-05T00:18:28Z", "last_seen_utc": "2026-01-14T16:11:21Z", "destination": "PLGDN", "eta": "{'Day': 16, 'Hour': 0, 'Minute': 0, 'Month': 1}", "display": "LAURA MAERSK (219543000)", "links": "<a href=\"https://www.vesselfinder.com/vessels?name=9944546\" target=\"_blank\" rel=\"noopener\">VesselFinder</a> | <a href=\"https://www.marinetraffic.com/en/ais/search/all?keyword=9944546\" target=\"_blank\" rel=\"noopener\">MarineTraffic</a>", "vf_url": "https://www.vesselfinder.com/vessels?name=9944546", "mst_url": "https://www.marinetraffic.com/en/ais/search/all?keyword=9944546", "method": "v3_2pass_track3d_fromru10d", "ru_seen_in_lookback": true, "in_monitor_on_day": true}}, {"type": "Feature", "geometry": {"type": "LineString", "coordinates": [[18.80299, 54.600051666666666], [18.802973333333334, 54.60004833333333], [18.80295166666667, 54.60003666666667], [18.802976666666666, 54.60002166666666], [18.802943333333335, 54.60005666666667], [18.802923333333336, 54.60006166666667], [18.802958333333333, 54.60006666666666], [18.802953333333335, 54.600098333333335], [18.802941666666666, 54.60006166666667], [18.802916666666665, 54.60006833333333], [18.802948333333333, 54.600045], [18.802945, 54.60003666666667], [18.80294, 54.60004333333333], [18.802928333333334, 54.60004], [18.80295166666667, 54.600051666666666], [18.802961666666665, 54.60002833333333], [18.80296666666667, 54.60004166666667], [18.802991666666667, 54.60003833333334], [18.803015000000002, 54.60001666666667], [18.802983333333334, 54.60004333333333], [18.803, 54.600055], [18.803015000000002, 54.600069999999995], [18.802964999999997, 54.60009166666667], [18.80299, 54.60007666666667], [18.803006666666665, 54.600071666666665], [18.80299, 54.60004833333333], [18.802964999999997, 54.600006666666665], [18.80295, 54.600053333333335], [18.80296333333333, 54.60006833333333], [18.80296666666667, 54.600078333333336], [18.802945, 54.60007666666667], [18.802948333333333, 54.600095], [18.80299, 54.60004], [18.803006666666665, 54.60006333333333], [18.80295166666667, 54.60006833333333], [18.802995, 54.600055], [18.80296, 54.60007666666667], [18.802973333333334, 54.60004666666667], [18.80294, 54.600075], [18.802948333333333, 54.60008833333333], [18.802941666666666, 54.600080000000005], [18.802978333333332, 54.600069999999995], [18.802926666666668, 54.60006333333333], [18.802926666666668, 54.60006833333333], [18.802964999999997, 54.600065], [18.802968333333336, 54.60003833333334], [18.802970000000002, 54.60004333333333], [18.803015000000002, 54.60005], [18.802970000000002, 54.60004666666667], [18.80296333333333, 54.60003666666667], [18.80299, 54.60006], [18.80299, 54.600045], [18.802934999999998, 54.60006833333333], [18.802923333333336, 54.600065], [18.802953333333335, 54.600096666666666], [18.802948333333333, 54.60008833333333], [18.80291833333333, 54.60005833333333], [18.802946666666667, 54.600045], [18.802953333333335, 54.60004166666667], [18.83881166666667, 54.57696833333333], [18.90809833333333, 54.524256666666666], [18.971365, 54.46732], [19.044623333333334, 54.43517166666666], [19.084886666666666, 54.44501666666667], [19.120506666666664, 54.45433333333334], [19.158146666666667, 54.459588333333336], [19.20106, 54.45927666666667], [19.241496666666666, 54.45863666666666], [19.211681666666667, 54.466301666666666], [19.173655, 54.46259166666667], [19.135185, 54.45847833333333], [19.097906666666667, 54.467308333333335], [19.06653, 54.481025], [19.035588333333333, 54.49417666666667], [19.02362, 54.506785], [18.95311, 54.535335], [18.85244833333333, 54.573395], [18.799121666666668, 54.59088666666666], [18.801026666666665, 54.59988666666666], [18.80299, 54.60004833333333], [18.802998333333335, 54.60007333333333], [18.80299, 54.600075], [18.803001666666667, 54.600069999999995], [18.802986666666666, 54.60006166666667], [18.802976666666666, 54.600045], [18.802948333333333, 54.600075], [18.80295166666667, 54.60011], [18.802979999999998, 54.600069999999995], [18.80299, 54.600069999999995], [18.802945, 54.600080000000005], [18.802961666666665, 54.600069999999995], [18.802978333333332, 54.60005666666667], [18.802985, 54.600053333333335], [18.802996666666665, 54.600065], [18.802986666666666, 54.60005833333333], [18.802993333333333, 54.600033333333336], [18.802971666666668, 54.600053333333335], [18.802973333333334, 54.60005666666667], [18.802946666666667, 54.60007333333333], [18.80293, 54.600080000000005], [18.802961666666665, 54.600075], [18.802956666666667, 54.60009166666667], [18.80296333333333, 54.60008333333334], [18.802946666666667, 54.600078333333336], [18.802961666666665, 54.600053333333335], [18.802956666666667, 54.60004], [18.80294, 54.600045], [18.80295166666667, 54.600053333333335], [18.802986666666666, 54.600045], [18.802953333333335, 54.60003], [18.802964999999997, 54.600045], [18.802995, 54.60004], [18.803024999999998, 54.600033333333336], [18.80300833333333, 54.60004166666667], [18.803006666666665, 54.600055], [18.803009999999997, 54.600093333333334], [18.802993333333333, 54.600078333333336], [18.803006666666665, 54.60006166666667], [18.802993333333333, 54.60006833333333], [18.803, 54.60006], [18.802988333333335, 54.60005833333333], [18.802988333333335, 54.60006166666667], [18.80299, 54.60005666666667], [18.802971666666668, 54.60005666666667], [18.802961666666665, 54.60006833333333], [18.802991666666667, 54.60005833333333], [18.803016666666668, 54.60006]]}, "properties": {"label": "LEB-18", "mmsi": "261001230", "imo": "", "name": "LEB-18", "shiptype": "", "first_seen_utc": "2026-01-05T00:18:32Z", "last_seen_utc": "2026-01-14T16:10:44Z", "destination": "HEL>-BALTIC SEA>LEBA", "eta": "{'Day': 28, 'Hour': 17, 'Minute': 0, 'Month': 12}", "display": "", "links": "<a href=\"https://www.vesselfinder.com/vessels?name=261001230\" target=\"_blank\" rel=\"noopener\">VesselFinder</a> | <a href=\"https://www.marinetraffic.com/en/ais/search/all?keyword=261001230\" target=\"_blank\" rel=\"noopener\">MarineTraffic</a>", "vf_url": "https://www.vesselfinder.com/vessels?name=261001230", "mst_url": "https://www.marinetraffic.com/en/ais/search/all?keyword=261001230", "method": "v3_2pass_track3d_fromru10d", "ru_seen_in_lookback": true, "in_monitor_on_day": true}}, {"type": "Feature", "geometry": {"type": "Point", "coordinates": [18.803016666666668, 54.60006]}, "properties": {"label": "LEB-18", "mmsi": "261001230", "imo": "", "name": "LEB-18", "shiptype": "", "first_seen_utc": "2026-01-05T00:18:32Z", "last_seen_utc": "2026-01-14T16:10:44Z", "destination": "HEL>-BALTIC SEA>LEBA", "eta": "{'Day': 28, 'Hour': 17, 'Minute': 0, 'Month': 12}", "display": "LEB-18 (261001230)", "links": "<a href=\"https://www.vesselfinder.com/vessels?name=261001230\" target=\"_blank\" rel=\"noopener\">VesselFinder</a> | <a href=\"https://www.marinetraffic.com/en/ais/search/all?keyword=261001230\" target=\"_blank\" rel=\"noopener\">MarineTraffic</a>", "vf_url": "https://www.vesselfinder.com/vessels?name=261001230", "mst_url": "https://www.marinetraffic.com/en/ais/search/all?keyword=261001230", "method": "v3_2pass_track3d_fromru10d", "ru_seen_in_lookback": true, "in_monitor_on_day": true}}, {"type": "Feature", "geometry": {"type": "LineString", "coordinates": [[18.800795, 54.602205000000005], [18.800785, 54.602185], [18.800774999999998, 54.602195], [18.800785, 54.602195], [18.800745, 54.602195], [18.80078, 54.602205000000005], [18.800774999999998, 54.602195], [18.800785, 54.602195], [18.800795, 54.6022], [18.800785, 54.602185], [18.79884, 54.59827], [18.865105000000003, 54.54387], [18.929714999999998, 54.479995], [18.971255, 54.444885], [18.97428, 54.438824999999994], [18.992945000000002, 54.43139], [19.03451, 54.439319999999995], [19.074794999999998, 54.431555], [19.113879999999998, 54.423570000000005], [19.153650000000003, 54.41612], [19.140095, 54.4163], [19.099545, 54.413505], [19.058190000000003, 54.411575], [19.017255, 54.416495000000005], [18.982915, 54.429719999999996], [18.96104, 54.448075], [18.940895, 54.466519999999996], [18.95779, 54.47907], [18.98357, 54.46878], [18.990344999999998, 54.46624], [18.94698, 54.496745000000004], [18.859545, 54.548635], [18.801675, 54.59993], [18.801675, 54.59995], [18.80262, 54.602395], [18.80262, 54.602375], [18.802590000000002, 54.602399999999996], [18.80264, 54.60239], [18.800785, 54.60223], [18.80076, 54.602205000000005], [18.80077, 54.602195], [18.800774999999998, 54.602195], [18.80078, 54.60221], [18.80078, 54.60221], [18.80076, 54.602205000000005], [18.800765000000002, 54.60221], [18.80079, 54.602215], [18.8008, 54.602205000000005], [18.80078, 54.6022], [18.80077, 54.6022], [18.800765000000002, 54.602195], [18.800765000000002, 54.60221], [18.800755, 54.602195], [18.800745, 54.602195], [18.800785, 54.6022], [18.80078, 54.60222], [18.80077, 54.602205000000005], [18.816125, 54.57414000000001], [18.888295000000003, 54.51479500000001], [18.958840000000002, 54.45523], [18.970399999999998, 54.43396499999999], [19.007545, 54.425200000000004], [19.046435, 54.41696], [19.087255000000003, 54.416045000000004], [19.128024999999997, 54.41832], [19.169179999999997, 54.423365], [19.211025, 54.42519], [19.25314, 54.429245], [19.292595, 54.428374999999996], [19.27673, 54.430524999999996], [19.23886, 54.431000000000004], [19.205655, 54.42100000000001], [19.168345, 54.41619], [19.129275, 54.414605], [19.103009999999998, 54.42449], [19.107225000000003, 54.43508], [19.055735000000002, 54.467725], [18.95823, 54.51619], [18.859865, 54.564730000000004], [18.801645, 54.599945000000005], [18.800755, 54.602215], [18.80079, 54.602215], [18.800785, 54.602205000000005], [18.80078, 54.602205000000005], [18.800774999999998, 54.602205000000005], [18.80077, 54.6022], [18.800765000000002, 54.60221], [18.80077, 54.60219], [18.800774999999998, 54.602215], [18.800774999999998, 54.602205000000005], [18.80077, 54.60221], [18.80078, 54.60221], [18.80077, 54.60221], [18.800765000000002, 54.60221], [18.800774999999998, 54.602215], [18.80078, 54.602195], [18.80078, 54.60221], [18.800765000000002, 54.602215], [18.800774999999998, 54.602195], [18.80076, 54.60222], [18.80079, 54.602195], [18.800765000000002, 54.602195], [18.80077, 54.602205000000005], [18.8008, 54.60221], [18.80077, 54.6022], [18.80078, 54.602205000000005], [18.80077, 54.602205000000005], [18.800765000000002, 54.60221], [18.800774999999998, 54.60221], [18.80079, 54.60222], [18.800774999999998, 54.602205000000005], [18.80077, 54.60221], [18.800785, 54.602195], [18.80077, 54.60221], [18.800774999999998, 54.602205000000005], [18.800785, 54.602215], [18.800774999999998, 54.602215], [18.80079, 54.6022], [18.800785, 54.602205000000005], [18.80077, 54.60222], [18.80079, 54.60221], [18.80078, 54.60221], [18.80078, 54.6022], [18.800785, 54.602205000000005], [18.800785, 54.6022], [18.800774999999998, 54.60221]]}, "properties": {"label": "LEB 62", "mmsi": "261013840", "imo": "", "name": "LEB 62", "shiptype": "", "first_seen_utc": "2026-01-05T00:19:32Z", "last_seen_utc": "2026-01-14T15:47:37Z", "destination": "KEEP SAFE DIST 03AFT", "eta": "{'Day': 0, 'Hour': 24, 'Minute': 60, 'Month': 0}", "display": "", "links": "<a href=\"https://www.vesselfinder.com/vessels?name=261013840\" target=\"_blank\" rel=\"noopener\">VesselFinder</a> | <a href=\"https://www.marinetraffic.com/en/ais/search/all?keyword=261013840\" target=\"_blank\" rel=\"noopener\">MarineTraffic</a>", "vf_url": "https://www.vesselfinder.com/vessels?name=261013840", "mst_url": "https://www.marinetraffic.com/en/ais/search/all?keyword=261013840", "method": "v3_2pass_track3d_fromru10d", "ru_seen_in_lookback": true, "in_monitor_on_day": true}}, {"type": "Feature", "geometry": {"type": "Point", "coordinates": [18.800774999999998, 54.60221]}, "properties": {"label": "LEB 62", "mmsi": "261013840", "imo": "", "name": "LEB 62", "shiptype": "", "first_seen_utc": "2026-01-05T00:19:32Z", "last_seen_utc": "2026-01-14T15:47:37Z", "destination": "KEEP SAFE DIST 03AFT", "eta": "{'Day': 0, 'Hour': 24, 'Minute': 60, 'Month': 0}", "display": "LEB 62 (261013840)", "links": "<a href=\"https://www.vesselfinder.com/vessels?name=261013840\" target=\"_blank\" rel=\"noopener\">VesselFinder</a> | <a href=\"https://www.marinetraffic.com/en/ais/search/all?keyword=261013840\" target=\"_blank\" rel=\"noopener\">MarineTraffic</a>", "vf_url": "https://www.vesselfinder.com/vessels?name=261013840", "mst_url": "https://www.marinetraffic.com/en/ais/search/all?keyword=261013840", "method": "v3_2pass_track3d_fromru10d", "ru_seen_in_lookback": true, "in_monitor_on_day": true}}, {"type": "Feature", "geometry": {"type": "LineString", "coordinates": [[10.99216, 55.08184000000001], [10.974825000000001, 54.99467], [10.880708333333333, 54.93866833333333], [10.836846666666666, 54.86682333333333], [10.820343333333334, 54.78842833333333], [10.770363333333334, 54.71181166666667], [10.838175, 54.64796], [10.979976666666666, 54.60624666666667], [11.131355000000001, 54.57994333333333], [11.283683333333332, 54.55085833333333], [11.429215, 54.51342833333333], [11.574810000000001, 54.47168166666667], [11.725396666666667, 54.42805166666667], [11.894454999999999, 54.41223166666667], [12.066603333333335, 54.408500000000004], [12.204766666666666, 54.45460166666667], [12.254831666666666, 54.54729], [12.855431666666668, 54.76692], [13.01958, 54.79579833333333], [14.063013333333334, 54.990323333333336], [14.235503333333332, 55.056760000000004], [14.386961666666668, 55.14364], [14.518315, 55.21499333333334], [14.676056666666666, 55.29633333333334], [14.923151666666666, 55.379418333333334], [18.454605, 55.058006666666664], [18.709041666666668, 54.958108333333335], [18.866696666666666, 54.89590833333333], [18.959641666666666, 54.80851333333333], [19.03563, 54.70843833333333], [19.068331666666666, 54.620580000000004], [19.015245, 54.544585], [18.933348333333335, 54.486905], [18.89703666666667, 54.465995], [18.893018333333334, 54.46128], [18.890763333333332, 54.461455], [18.891264999999997, 54.46152666666667], [18.89161, 54.461495], [18.891939999999998, 54.46147333333333], [18.891961666666667, 54.461445000000005], [18.892073333333332, 54.461445000000005], [18.892006666666667, 54.46145166666667], [18.891655, 54.461485], [18.891666666666666, 54.461441666666666], [18.891305, 54.46043833333333], [18.902545, 54.45210333333333], [18.874305, 54.427368333333334], [18.755670000000002, 54.40564666666667], [18.718445, 54.402921666666664], [18.71551, 54.40347], [18.715500000000002, 54.40349833333333], [18.71553833333333, 54.403488333333335], [18.715558333333334, 54.40349166666667], [18.71556, 54.40356333333333], [18.715528333333335, 54.40350333333333], [18.715511666666664, 54.40348166666667], [18.715548333333334, 54.40351], [18.715498333333336, 54.40351833333333], [18.71548, 54.403531666666666], [18.715511666666664, 54.40350166666666], [18.71549333333333, 54.403506666666665], [18.715533333333333, 54.403488333333335], [18.715528333333335, 54.40350333333333], [18.715518333333332, 54.40349833333333], [18.715496666666663, 54.4035], [18.715494999999997, 54.403488333333335], [18.715539999999997, 54.403475], [18.71555, 54.40347333333333], [18.715500000000002, 54.40351], [18.715518333333332, 54.40351333333333], [18.715526666666666, 54.40349166666667], [18.715488333333333, 54.40349666666667], [18.715486666666667, 54.4035], [18.715508333333332, 54.40349333333334], [18.715525, 54.403508333333335], [18.715531666666667, 54.40353], [18.715500000000002, 54.4035], [18.715535, 54.40347833333333], [18.715496666666663, 54.40349666666667], [18.715539999999997, 54.40349666666667], [18.715536666666665, 54.403483333333334], [18.715496666666663, 54.403515], [18.71552, 54.403505], [18.71550166666667, 54.403485], [18.715511666666664, 54.40349666666667], [18.715565, 54.403455], [18.713843333333333, 54.405141666666665], [18.715523333333334, 54.403505], [18.715525, 54.40349166666667], [18.715521666666667, 54.40349666666667], [18.715500000000002, 54.403515], [18.71552, 54.40349666666667]]}, "properties": {"label": "PACIFIC EMERALD", "mmsi": "538009197", "imo": "9893022", "name": "PACIFIC EMERALD", "shiptype": "", "first_seen_utc": "2026-01-05T00:19:32Z", "last_seen_utc": "2026-01-14T16:04:07Z", "destination": "PLGDN", "eta": "{'Day': 13, 'Hour': 3, 'Minute': 0, 'Month': 1}", "display": "", "links": "<a href=\"https://www.vesselfinder.com/vessels?name=9893022\" target=\"_blank\" rel=\"noopener\">VesselFinder</a> | <a href=\"https://www.marinetraffic.com/en/ais/search/all?keyword=9893022\" target=\"_blank\" rel=\"noopener\">MarineTraffic</a>", "vf_url": "https://www.vesselfinder.com/vessels?name=9893022", "mst_url": "https://www.marinetraffic.com/en/ais/search/all?keyword=9893022", "method": "v3_2pass_track3d_fromru10d", "ru_seen_in_lookback": true, "in_monitor_on_day": true}}, {"type": "Feature", "geometry": {"type": "Point", "coordinates": [18.71552, 54.40349666666667]}, "properties": {"label": "PACIFIC EMERALD", "mmsi": "538009197", "imo": "9893022", "name": "PACIFIC EMERALD", "shiptype": "", "first_seen_utc": "2026-01-05T00:19:32Z", "last_seen_utc": "2026-01-14T16:04:07Z", "destination": "PLGDN", "eta": "{'Day': 13, 'Hour': 3, 'Minute': 0, 'Month': 1}", "display": "PACIFIC EMERALD (538009197)", "links": "<a href=\"https://www.vesselfinder.com/vessels?name=9893022\" target=\"_blank\" rel=\"noopener\">VesselFinder</a> | <a href=\"https://www.marinetraffic.com/en/ais/search/all?keyword=9893022\" target=\"_blank\" rel=\"noopener\">MarineTraffic</a>", "vf_url": "https://www.vesselfinder.com/vessels?name=9893022", "mst_url": "https://www.marinetraffic.com/en/ais/search/all?keyword=9893022", "method": "v3_2pass_track3d_fromru10d", "ru_seen_in_lookback": true, "in_monitor_on_day": true}}, {"type": "Feature", "geometry": {"type": "LineString", "coordinates": [[18.802380000000003, 54.60293166666667], [18.802355, 54.602945], [18.802393333333335, 54.602925], [18.802406666666666, 54.60293333333333], [18.802383333333335, 54.60292333333334], [18.802356666666665, 54.60293], [18.80237, 54.60292333333334], [18.802388333333333, 54.602941666666666], [18.802356666666665, 54.60292166666667], [18.802380000000003, 54.60288833333333], [18.802368333333334, 54.60292333333334], [18.80236, 54.60292166666667], [18.819773333333334, 54.56885666666667], [18.951383333333336, 54.53977833333333], [19.082015000000002, 54.55736666666667], [19.127338333333334, 54.53591333333333], [19.106836666666666, 54.55518], [19.077856666666666, 54.56997], [19.041611666666665, 54.58049833333334], [19.00971333333333, 54.593893333333334], [18.990353333333335, 54.613265], [18.983561666666667, 54.635085000000004], [18.96534666666667, 54.65466833333333], [18.937163333333334, 54.66902], [18.912213333333334, 54.684756666666665], [18.8947, 54.703046666666665], [18.879450000000002, 54.72260833333333], [18.859028333333335, 54.726195], [18.86717666666667, 54.71234833333333], [18.868935, 54.704539999999994], [18.859031666666667, 54.63651], [18.797818333333332, 54.59628333333333], [18.803315, 54.60129666666667], [18.803546666666666, 54.60026333333334], [18.80237, 54.60293], [18.802378333333333, 54.602918333333335], [18.802403333333334, 54.602920000000005], [18.802366666666668, 54.602941666666666], [18.802393333333335, 54.60293], [18.802343333333333, 54.60292666666667], [18.80238166666667, 54.60290166666667], [18.802391666666665, 54.60290666666666], [18.802383333333335, 54.60292666666667], [18.802366666666668, 54.60293166666667], [18.80238166666667, 54.602918333333335], [18.802378333333333, 54.60293333333333], [18.802393333333335, 54.602918333333335], [18.802393333333335, 54.602936666666665], [18.802383333333335, 54.60292333333334], [18.80244, 54.602945], [18.802380000000003, 54.60292666666667], [18.80237, 54.60293166666667], [18.802380000000003, 54.60294333333333], [18.802438333333335, 54.602875000000004], [18.80238166666667, 54.60293166666667], [18.802380000000003, 54.602920000000005], [18.802373333333332, 54.60290666666666], [18.802348333333335, 54.60290166666667], [18.810545, 54.57780833333334], [18.917038333333334, 54.532424999999996], [19.022578333333335, 54.48303666666666], [19.057035, 54.436675], [19.09937, 54.43991833333334], [19.14025666666667, 54.450055], [19.183026666666667, 54.45226666666667], [19.225886666666668, 54.45329], [19.268905, 54.453536666666665], [19.31322, 54.450984999999996], [19.348221666666667, 54.46835166666666], [19.31206166666667, 54.466924999999996], [19.271585, 54.46171666666667], [19.229723333333332, 54.45862666666667], [19.18584, 54.460115], [19.141998333333333, 54.462356666666665], [19.098491666666668, 54.46411166666667], [19.05655, 54.46358166666666], [19.049896666666665, 54.469298333333334], [18.97233333333333, 54.50440666666667], [18.859488333333335, 54.54862166666667], [18.802321666666668, 54.602981666666665], [18.803539999999998, 54.600271666666664], [18.802408333333336, 54.600395000000006], [18.80268166666667, 54.601906666666665], [18.803060000000002, 54.60126833333334], [18.802356666666665, 54.60293333333333], [18.802386666666667, 54.60293], [18.802393333333335, 54.602935], [18.802383333333335, 54.602915], [18.802378333333333, 54.602935], [18.802378333333333, 54.60293166666667], [18.802386666666667, 54.602938333333334], [18.802383333333335, 54.60294333333333], [18.802376666666664, 54.602936666666665], [18.80238166666667, 54.60293], [18.802363333333336, 54.60295166666666], [18.802376666666664, 54.60293166666667], [18.80237, 54.60296166666667], [18.802386666666667, 54.60292166666667], [18.802358333333334, 54.602935], [18.802351666666667, 54.602936666666665], [18.802378333333333, 54.60292333333334], [18.802361666666666, 54.602925], [18.802368333333334, 54.60292166666667], [18.80238166666667, 54.602913333333326], [18.802356666666665, 54.60291666666667], [18.802353333333333, 54.60293], [18.802366666666668, 54.602935], [18.802366666666668, 54.60293333333333], [18.802368333333334, 54.60295], [18.802373333333332, 54.60294], [18.80237, 54.60293166666667], [18.802386666666667, 54.60292833333333], [18.802363333333336, 54.602935], [18.80238166666667, 54.60293], [18.802385, 54.602941666666666], [18.802376666666664, 54.60292666666667], [18.802413333333334, 54.60293], [18.802383333333335, 54.602938333333334], [18.802385, 54.60292666666667], [18.80242666666667, 54.602963333333335], [18.802398333333333, 54.602975], [18.802376666666664, 54.602938333333334], [18.802368333333334, 54.60293166666667], [18.802413333333334, 54.602920000000005], [18.802363333333336, 54.60293], [18.802393333333335, 54.60292166666667]]}, "properties": {"label": "HEL-150", "mmsi": "261003910", "imo": "8600260", "name": "HEL-150", "shiptype": "", "first_seen_utc": "2026-01-05T00:19:55Z", "last_seen_utc": "2026-01-14T15:49:57Z", "destination": "KEEP SAFE DISTANCE", "eta": "{'Day': 14, 'Hour': 21, 'Minute': 0, 'Month': 11}", "display": "", "links": "<a href=\"https://www.vesselfinder.com/vessels?name=8600260\" target=\"_blank\" rel=\"noopener\">VesselFinder</a> | <a href=\"https://www.marinetraffic.com/en/ais/search/all?keyword=8600260\" target=\"_blank\" rel=\"noopener\">MarineTraffic</a>", "vf_url": "https://www.vesselfinder.com/vessels?name=8600260", "mst_url": "https://www.marinetraffic.com/en/ais/search/all?keyword=8600260", "method": "v3_2pass_track3d_fromru10d", "ru_seen_in_lookback": true, "in_monitor_on_day": true}}, {"type": "Feature", "geometry": {"type": "Point", "coordinates": [18.802393333333335, 54.60292166666667]}, "properties": {"label": "HEL-150", "mmsi": "261003910", "imo": "8600260", "name": "HEL-150", "shiptype": "", "first_seen_utc": "2026-01-05T00:19:55Z", "last_seen_utc": "2026-01-14T15:49:57Z", "destination": "KEEP SAFE DISTANCE", "eta": "{'Day': 14, 'Hour': 21, 'Minute': 0, 'Month': 11}", "display": "HEL-150 (261003910)", "links": "<a href=\"https://www.vesselfinder.com/vessels?name=8600260\" target=\"_blank\" rel=\"noopener\">VesselFinder</a> | <a href=\"https://www.marinetraffic.com/en/ais/search/all?keyword=8600260\" target=\"_blank\" rel=\"noopener\">MarineTraffic</a>", "vf_url": "https://www.vesselfinder.com/vessels?name=8600260", "mst_url": "https://www.marinetraffic.com/en/ais/search/all?keyword=8600260", "method": "v3_2pass_track3d_fromru10d", "ru_seen_in_lookback": true, "in_monitor_on_day": true}}, {"type": "Feature", "geometry": {"type": "LineString", "coordinates": [[-3.634545, 56.03793333333333], [-3.4466683333333332, 56.00947333333333], [-3.276126666666667, 56.02755333333334], [-3.10163, 56.06107333333333], [-2.9032116666666665, 56.09601333333333], [-1.9838933333333335, 56.19525333333333], [-1.77793, 56.21112666666667], [-1.58361, 56.23086], [5.4913066666666674, 57.250506666666666], [5.689931666666666, 57.28942], [5.890533333333334, 57.32854], [6.094791666666667, 57.36889333333333], [6.294991666666666, 57.408366666666666], [6.493645, 57.44432], [6.685873333333333, 57.48693333333333], [6.868233333333333, 57.53082666666667], [7.015766666666667, 57.56496], [7.127129999999999, 57.59056666666667], [7.237471666666666, 57.61183333333334]]}, "properties": {"label": "KEY SOUTH", "mmsi": "248221000", "imo": "9479802", "name": "KEY SOUTH", "shiptype": "", "first_seen_utc": "2026-01-05T00:20:00Z", "last_seen_utc": "2026-01-14T16:11:02Z", "destination": "NO FRK", "eta": "{'Day': 15, 'Hour': 8, 'Minute': 0, 'Month': 1}", "display": "", "links": "<a href=\"https://www.vesselfinder.com/vessels?name=9479802\" target=\"_blank\" rel=\"noopener\">VesselFinder</a> | <a href=\"https://www.marinetraffic.com/en/ais/search/all?keyword=9479802\" target=\"_blank\" rel=\"noopener\">MarineTraffic</a>", "vf_url": "https://www.vesselfinder.com/vessels?name=9479802", "mst_url": "https://www.marinetraffic.com/en/ais/search/all?keyword=9479802", "method": "v3_2pass_track3d_fromru10d", "ru_seen_in_lookback": true, "in_monitor_on_day": true}}, {"type": "Feature", "geometry": {"type": "Point", "coordinates": [7.237471666666666, 57.61183333333334]}, "properties": {"label": "KEY SOUTH", "mmsi": "248221000", "imo": "9479802", "name": "KEY SOUTH", "shiptype": "", "first_seen_utc": "2026-01-05T00:20:00Z", "last_seen_utc": "2026-01-14T16:11:02Z", "destination": "NO FRK", "eta": "{'Day': 15, 'Hour': 8, 'Minute': 0, 'Month': 1}", "display": "KEY SOUTH (248221000)", "links": "<a href=\"https://www.vesselfinder.com/vessels?name=9479802\" target=\"_blank\" rel=\"noopener\">VesselFinder</a> | <a href=\"https://www.marinetraffic.com/en/ais/search/all?keyword=9479802\" target=\"_blank\" rel=\"noopener\">MarineTraffic</a>", "vf_url": "https://www.vesselfinder.com/vessels?name=9479802", "mst_url": "https://www.marinetraffic.com/en/ais/search/all?keyword=9479802", "method": "v3_2pass_track3d_fromru10d", "ru_seen_in_lookback": true, "in_monitor_on_day": true}}, {"type": "Feature", "geometry": {"type": "LineString", "coordinates": [[14.730308333333333, 55.45188666666666], [14.579988333333334, 55.41860166666667], [14.431693333333333, 55.32014166666667], [14.308471666666666, 55.238825]]}, "properties": {"label": "PEAK BORDEAUX", "mmsi": "246474000", "imo": "9545039", "name": "PEAK BORDEAUX", "shiptype": "", "first_seen_utc": "2026-01-05T00:20:14Z", "last_seen_utc": "2026-01-14T15:52:34Z", "destination": "SEVAG", "eta": "{'Day': 15, 'Hour': 7, 'Minute': 0, 'Month': 1}", "display": "", "links": "<a href=\"https://www.vesselfinder.com/vessels?name=9545039\" target=\"_blank\" rel=\"noopener\">VesselFinder</a> | <a href=\"https://www.marinetraffic.com/en/ais/search/all?keyword=9545039\" target=\"_blank\" rel=\"noopener\">MarineTraffic</a>", "vf_url": "https://www.vesselfinder.com/vessels?name=9545039", "mst_url": "https://www.marinetraffic.com/en/ais/search/all?keyword=9545039", "method": "v3_2pass_track3d_fromru10d", "ru_seen_in_lookback": true, "in_monitor_on_day": true}}, {"type": "Feature", "geometry": {"type": "Point", "coordinates": [14.308471666666666, 55.238825]}, "properties": {"label": "PEAK BORDEAUX", "mmsi": "246474000", "imo": "9545039", "name": "PEAK BORDEAUX", "shiptype": "", "first_seen_utc": "2026-01-05T00:20:14Z", "last_seen_utc": "2026-01-14T15:52:34Z", "destination": "SEVAG", "eta": "{'Day': 15, 'Hour': 7, 'Minute': 0, 'Month': 1}", "display": "PEAK BORDEAUX (246474000)", "links": "<a href=\"https://www.vesselfinder.com/vessels?name=9545039\" target=\"_blank\" rel=\"noopener\">VesselFinder</a> | <a href=\"https://www.marinetraffic.com/en/ais/search/all?keyword=9545039\" target=\"_blank\" rel=\"noopener\">MarineTraffic</a>", "vf_url": "https://www.vesselfinder.com/vessels?name=9545039", "mst_url": "https://www.marinetraffic.com/en/ais/search/all?keyword=9545039", "method": "v3_2pass_track3d_fromru10d", "ru_seen_in_lookback": true, "in_monitor_on_day": true}}, {"type": "Feature", "geometry": {"type": "LineString", "coordinates": [[18.802125, 54.603251666666665], [18.802158333333335, 54.60321833333333], [18.80214833333333, 54.603195], [18.802116666666667, 54.603235000000005], [18.802149999999997, 54.603233333333336], [18.802125, 54.60321833333333], [18.802141666666667, 54.603215], [18.802151666666667, 54.60317], [18.802153333333333, 54.60323166666667], [18.802106666666667, 54.60326166666667], [18.802101666666665, 54.603208333333335], [18.802145, 54.603215], [18.802073333333333, 54.60320333333333], [18.854053333333333, 54.60148], [19.006071666666667, 54.66717333333334], [18.982833333333335, 54.672898333333336], [18.94519, 54.67001333333334], [18.907573333333335, 54.66341666666666], [18.88267, 54.677685], [18.92391, 54.68810333333333], [18.963336666666667, 54.675125], [18.927983333333334, 54.67549833333333], [18.900505, 54.691993333333336], [18.88486, 54.70944333333333], [18.855496666666667, 54.72026], [18.826601666666665, 54.73027166666667], [18.830113333333333, 54.73408], [18.839501666666667, 54.65206833333333], [18.800678333333334, 54.59243], [18.803468333333335, 54.60038], [18.801805, 54.60375333333333], [18.801778333333335, 54.60375833333333], [18.801801666666666, 54.603766666666665], [18.801823333333335, 54.603755], [18.801823333333335, 54.60375166666667], [18.801814999999998, 54.603746666666666], [18.8018, 54.60375666666666], [18.8018, 54.60371166666666], [18.801805, 54.60372333333333], [18.801811666666666, 54.603745], [18.801798333333334, 54.60376], [18.801840000000002, 54.60376333333333], [18.801741666666665, 54.603721666666665], [18.801771666666664, 54.60373166666667], [18.801841666666668, 54.603761666666664], [18.801793333333332, 54.60375666666666], [18.801785, 54.60373666666667], [18.80178833333333, 54.603743333333334], [18.801796666666668, 54.603775000000006], [18.80178, 54.60375666666666], [18.801805, 54.60373166666667], [18.801820000000003, 54.603741666666664], [18.80179, 54.603748333333336], [18.801785, 54.60377166666667], [18.801820000000003, 54.60376833333333], [18.801778333333335, 54.603766666666665], [18.801248333333334, 54.60309666666667], [18.873089999999998, 54.554880000000004], [18.967026666666666, 54.50432], [18.982921666666666, 54.446315], [19.01685666666667, 54.429671666666664], [19.063233333333336, 54.42297833333334], [19.154878333333333, 54.42951333333333], [19.256373333333332, 54.429833333333335], [19.234334999999998, 54.53982833333334], [19.102096666666668, 54.55360833333334], [18.971188333333334, 54.56773], [18.84101666666667, 54.58181666666667], [18.801065, 54.601465], [18.803475, 54.60035333333334], [18.801943333333334, 54.60350666666667], [18.80200166666667, 54.60346666666667], [18.80201333333333, 54.603500000000004], [18.801978333333334, 54.60348], [18.801953333333334, 54.60349166666666], [18.80198, 54.603451666666665], [18.801935, 54.60349166666666], [18.80200166666667, 54.60350833333334], [18.801998333333334, 54.60349333333333], [18.801973333333333, 54.60349166666666], [18.801940000000002, 54.603494999999995], [18.801958333333335, 54.60346833333333], [18.801966666666665, 54.60347], [18.80197666666667, 54.603494999999995], [18.801955, 54.60349166666666], [18.801973333333333, 54.60348666666666], [18.80196833333333, 54.60348166666667], [18.801940000000002, 54.60347333333333], [18.801983333333332, 54.60348666666666], [18.801971666666667, 54.60348333333333], [18.801951666666664, 54.60348], [18.801973333333333, 54.60349166666666], [18.801991666666666, 54.60348833333333], [18.801975000000002, 54.60349], [18.801978333333334, 54.603500000000004], [18.801940000000002, 54.60349], [18.801938333333332, 54.603478333333335], [18.801985, 54.60347], [18.802020000000002, 54.60344833333333], [18.801921666666665, 54.603460000000005], [18.801981666666666, 54.60351333333333], [18.801963333333333, 54.60349166666666], [18.801949999999998, 54.60346166666667], [18.801985, 54.603494999999995], [18.80196, 54.603496666666665], [18.801985, 54.603478333333335], [18.80199, 54.60348166666667], [18.801926666666667, 54.603501666666666], [18.802018333333333, 54.603460000000005], [18.80197666666667, 54.60348833333333], [18.801966666666665, 54.60348166666667], [18.801971666666667, 54.603521666666666]]}, "properties": {"label": "HEL 112", "mmsi": "261001880", "imo": "7625861", "name": "HEL 112", "shiptype": "", "first_seen_utc": "2026-01-05T00:20:23Z", "last_seen_utc": "2026-01-14T15:53:32Z", "destination": "KEEP SAFE DIST 03AFT", "eta": "{'Day': 1, 'Hour': 0, 'Minute': 0, 'Month': 1}", "display": "", "links": "<a href=\"https://www.vesselfinder.com/vessels?name=7625861\" target=\"_blank\" rel=\"noopener\">VesselFinder</a> | <a href=\"https://www.marinetraffic.com/en/ais/search/all?keyword=7625861\" target=\"_blank\" rel=\"noopener\">MarineTraffic</a>", "vf_url": "https://www.vesselfinder.com/vessels?name=7625861", "mst_url": "https://www.marinetraffic.com/en/ais/search/all?keyword=7625861", "method": "v3_2pass_track3d_fromru10d", "ru_seen_in_lookback": true, "in_monitor_on_day": true}}, {"type": "Feature", "geometry": {"type": "Point", "coordinates": [18.801971666666667, 54.603521666666666]}, "properties": {"label": "HEL 112", "mmsi": "261001880", "imo": "7625861", "name": "HEL 112", "shiptype": "", "first_seen_utc": "2026-01-05T00:20:23Z", "last_seen_utc": "2026-01-14T15:53:32Z", "destination": "KEEP SAFE DIST 03AFT", "eta": "{'Day': 1, 'Hour': 0, 'Minute': 0, 'Month': 1}", "display": "HEL 112 (261001880)", "links": "<a href=\"https://www.vesselfinder.com/vessels?name=7625861\" target=\"_blank\" rel=\"noopener\">VesselFinder</a> | <a href=\"https://www.marinetraffic.com/en/ais/search/all?keyword=7625861\" target=\"_blank\" rel=\"noopener\">MarineTraffic</a>", "vf_url": "https://www.vesselfinder.com/vessels?name=7625861", "mst_url": "https://www.marinetraffic.com/en/ais/search/all?keyword=7625861", "method": "v3_2pass_track3d_fromru10d", "ru_seen_in_lookback": true, "in_monitor_on_day": true}}, {"type": "Feature", "geometry": {"type": "LineString", "coordinates": [[18.675616666666667, 54.356746666666666], [18.675618333333333, 54.356746666666666], [18.67561, 54.35675166666667], [18.675616666666667, 54.35675333333334], [18.675615, 54.356745000000004], [18.675616666666667, 54.356745000000004], [18.675615, 54.35675333333334], [18.675608333333333, 54.356750000000005], [18.675605, 54.356746666666666], [18.675606666666667, 54.356743333333334], [18.6756, 54.356750000000005], [18.675605, 54.356748333333336], [18.675615, 54.356748333333336], [18.675613333333335, 54.356745000000004], [18.67561166666667, 54.356745000000004], [18.675613333333335, 54.35674166666667], [18.675613333333335, 54.35674166666667], [18.67561, 54.356746666666666], [18.675605, 54.356746666666666], [18.675613333333335, 54.356745000000004], [18.675616666666667, 54.356746666666666], [18.67562333333333, 54.356743333333334], [18.675618333333333, 54.356745000000004], [18.67562666666667, 54.356748333333336], [18.67562666666667, 54.356748333333336], [18.67562333333333, 54.356750000000005], [18.67562, 54.356743333333334], [18.675618333333333, 54.35674166666667], [18.67562, 54.35674166666667], [18.675618333333333, 54.356745000000004], [18.675618333333333, 54.356745000000004], [18.67562, 54.356745000000004], [18.67562, 54.35675166666667], [18.67562333333333, 54.35675333333334], [18.675625, 54.35675166666667], [18.67562, 54.356755], [18.675616666666667, 54.35675666666667], [18.675615, 54.35675833333333], [18.67561166666667, 54.356750000000005], [18.675613333333335, 54.35675333333334], [18.675608333333333, 54.356750000000005], [18.675606666666667, 54.35675666666667], [18.675608333333333, 54.356755], [18.675606666666667, 54.356755], [18.675613333333335, 54.35675333333334], [18.67560166666667, 54.356755], [18.67561166666667, 54.35675166666667], [18.67561, 54.35675333333334], [18.67561, 54.356750000000005], [18.675603333333335, 54.356750000000005], [18.6756, 54.356755], [18.675605, 54.356748333333336], [18.675606666666667, 54.35675166666667], [18.675605, 54.356746666666666], [18.675605, 54.356745000000004], [18.675605, 54.35675166666667], [18.675606666666667, 54.356755], [18.675605, 54.356755], [18.675603333333335, 54.356755], [18.675641666666667, 54.35638333333333], [18.67559333333333, 54.35675666666667], [18.675591666666666, 54.35675166666667], [18.67559333333333, 54.35675166666667], [18.675596666666667, 54.356750000000005], [18.675598333333333, 54.35675333333334], [18.675598333333333, 54.356750000000005], [18.675605, 54.356755], [18.675606666666667, 54.35675333333334], [18.675606666666667, 54.35675833333333], [18.67561166666667, 54.356750000000005], [18.675603333333335, 54.35675666666667], [18.675606666666667, 54.35675666666667], [18.675605, 54.356755], [18.672181666666667, 54.358581666666666], [18.672625, 54.35831333333333], [18.672694999999997, 54.358383333333336], [18.672686666666667, 54.35838833333333], [18.67270166666667, 54.35839], [18.672700000000003, 54.35839333333333], [18.672703333333335, 54.35839166666666], [18.672706666666667, 54.35839166666666], [18.672698333333337, 54.35839166666666], [18.672705, 54.35838833333333], [18.672694999999997, 54.35838666666667], [18.672696666666663, 54.35838833333333], [18.67269, 54.35839166666666], [18.672694999999997, 54.35839166666666], [18.67269, 54.35839], [18.67269333333333, 54.35839], [18.672691666666665, 54.35838833333333], [18.672691666666665, 54.35838833333333], [18.67269, 54.35839333333333], [18.672694999999997, 54.35839333333333], [18.672685, 54.35839], [18.672688333333333, 54.35839166666666], [18.672686666666667, 54.35839], [18.672691666666665, 54.35839], [18.67269, 54.35838833333333], [18.67269333333333, 54.358383333333336], [18.672691666666665, 54.35838833333333], [18.672686666666667, 54.35838833333333], [18.672688333333333, 54.35839166666666], [18.672686666666667, 54.35839], [18.672686666666667, 54.358395], [18.672683333333335, 54.35839], [18.672685, 54.358385], [18.67269333333333, 54.358383333333336], [18.67269, 54.358385], [18.675325, 54.35677833333333], [18.675551666666667, 54.3568], [18.675555, 54.35679666666667], [18.67555666666667, 54.35679666666667], [18.675555, 54.35679833333334], [18.675558333333335, 54.35680166666667], [18.675555, 54.35680833333333], [18.675553333333333, 54.35679833333334], [18.67554833333333, 54.35680166666667], [18.675551666666667, 54.356793333333336], [18.675551666666667, 54.356795000000005], [18.675553333333333, 54.35679666666667], [18.675555, 54.35679666666667]]}, "properties": {"label": "SM PRC 106", "mmsi": "261002090", "imo": "8937560", "name": "SM PRC 106", "shiptype": "", "first_seen_utc": "2026-01-05T00:20:57Z", "last_seen_utc": "2026-01-14T16:11:20Z", "destination": "GDANSK WYSYPISKO", "eta": "{'Day': 3, 'Hour': 10, 'Minute': 0, 'Month': 9}", "display": "", "links": "<a href=\"https://www.vesselfinder.com/vessels?name=8937560\" target=\"_blank\" rel=\"noopener\">VesselFinder</a> | <a href=\"https://www.marinetraffic.com/en/ais/search/all?keyword=8937560\" target=\"_blank\" rel=\"noopener\">MarineTraffic</a>", "vf_url": "https://www.vesselfinder.com/vessels?name=8937560", "mst_url": "https://www.marinetraffic.com/en/ais/search/all?keyword=8937560", "method": "v3_2pass_track3d_fromru10d", "ru_seen_in_lookback": true, "in_monitor_on_day": true}}, {"type": "Feature", "geometry": {"type": "Point", "coordinates": [18.675555, 54.35679666666667]}, "properties": {"label": "SM PRC 106", "mmsi": "261002090", "imo": "8937560", "name": "SM PRC 106", "shiptype": "", "first_seen_utc": "2026-01-05T00:20:57Z", "last_seen_utc": "2026-01-14T16:11:20Z", "destination": "GDANSK WYSYPISKO", "eta": "{'Day': 3, 'Hour': 10, 'Minute': 0, 'Month': 9}", "display": "SM PRC 106 (261002090)", "links": "<a href=\"https://www.vesselfinder.com/vessels?name=8937560\" target=\"_blank\" rel=\"noopener\">VesselFinder</a> | <a href=\"https://www.marinetraffic.com/en/ais/search/all?keyword=8937560\" target=\"_blank\" rel=\"noopener\">MarineTraffic</a>", "vf_url": "https://www.vesselfinder.com/vessels?name=8937560", "mst_url": "https://www.marinetraffic.com/en/ais/search/all?keyword=8937560", "method": "v3_2pass_track3d_fromru10d", "ru_seen_in_lookback": true, "in_monitor_on_day": true}}, {"type": "Feature", "geometry": {"type": "LineString", "coordinates": [[10.499371666666667, 57.85521666666667], [10.303096666666667, 57.85755833333334], [10.114385, 57.840900000000005], [9.912273333333333, 57.821821666666665], [9.722816666666667, 57.80583166666667], [9.577816666666667, 57.757751666666664], [9.428548333333334, 57.716114999999995], [9.271591666666666, 57.68584833333333], [9.08865, 57.66699666666667], [8.910381666666666, 57.642586666666666], [8.73248, 57.611014999999995], [8.555238333333334, 57.577615], [8.382811666666667, 57.546215], [8.250263333333333, 57.498525], [8.172414999999999, 57.42613166666667], [8.099115000000001, 57.35019666666667], [8.026165, 57.27629], [7.952238333333333, 57.20218833333333], [7.881038333333334, 57.132526666666664], [4.735086666666667, 53.69954833333334], [4.623518333333333, 53.54073666666667], [4.575868333333333, 53.45755166666667], [4.529371666666666, 53.37699], [4.480028333333333, 53.292588333333335], [4.4327266666666665, 53.21074333333333], [4.351515, 53.14337], [4.234523333333334, 53.08400833333334], [4.057591666666666, 52.99493666666667], [3.241516666666667, 52.365775], [2.806343333333333, 51.95963666666667], [2.8615816666666665, 51.89587166666667], [2.9979333333333336, 51.85864], [3.1343933333333336, 51.835815000000004], [3.2435166666666664, 51.84710333333333], [3.2996733333333332, 51.849000000000004], [3.33072, 51.836220000000004], [3.33038, 51.82215166666666], [3.3475083333333333, 51.80260833333333], [3.3513183333333334, 51.801111666666664], [3.34887, 51.800375], [3.3492433333333334, 51.798375], [3.3491566666666666, 51.79844], [3.3491933333333335, 51.79844], [3.3492333333333333, 51.79836833333333], [3.349438333333333, 51.798325], [3.3495516666666663, 51.79842], [3.3499583333333334, 51.79845], [3.35081, 51.79830666666667], [3.351716666666667, 51.798485], [3.3534916666666663, 51.799348333333334], [3.3534366666666666, 51.80061333333333], [3.35094, 51.801395], [3.292195, 51.78134], [3.2390416666666666, 51.725278333333335], [3.186606666666667, 51.642543333333336], [3.149715, 51.558143333333334], [3.05137, 51.49346], [2.9844316666666666, 51.424414999999996], [3.102231666666667, 51.39714], [3.2074416666666665, 51.405051666666665], [3.303615, 51.40508833333333], [3.412555, 51.40911833333333], [3.506628333333333, 51.417455000000004], [3.5958866666666665, 51.430105000000005], [3.693141666666667, 51.426395]]}, "properties": {"label": "FEDERAL BARENTS", "mmsi": "538006419", "imo": "9697820", "name": "FEDERAL BARENTS", "shiptype": "", "first_seen_utc": "2026-01-05T00:21:14Z", "last_seen_utc": "2026-01-14T16:07:11Z", "destination": "BEGNE", "eta": "{'Day': 14, 'Hour': 22, 'Minute': 0, 'Month': 1}", "display": "", "links": "<a href=\"https://www.vesselfinder.com/vessels?name=9697820\" target=\"_blank\" rel=\"noopener\">VesselFinder</a> | <a href=\"https://www.marinetraffic.com/en/ais/search/all?keyword=9697820\" target=\"_blank\" rel=\"noopener\">MarineTraffic</a>", "vf_url": "https://www.vesselfinder.com/vessels?name=9697820", "mst_url": "https://www.marinetraffic.com/en/ais/search/all?keyword=9697820", "method": "v3_2pass_track3d_fromru10d", "ru_seen_in_lookback": true, "in_monitor_on_day": true}}, {"type": "Feature", "geometry": {"type": "Point", "coordinates": [3.693141666666667, 51.426395]}, "properties": {"label": "FEDERAL BARENTS", "mmsi": "538006419", "imo": "9697820", "name": "FEDERAL BARENTS", "shiptype": "", "first_seen_utc": "2026-01-05T00:21:14Z", "last_seen_utc": "2026-01-14T16:07:11Z", "destination": "BEGNE", "eta": "{'Day': 14, 'Hour': 22, 'Minute': 0, 'Month': 1}", "display": "FEDERAL BARENTS (538006419)", "links": "<a href=\"https://www.vesselfinder.com/vessels?name=9697820\" target=\"_blank\" rel=\"noopener\">VesselFinder</a> | <a href=\"https://www.marinetraffic.com/en/ais/search/all?keyword=9697820\" target=\"_blank\" rel=\"noopener\">MarineTraffic</a>", "vf_url": "https://www.vesselfinder.com/vessels?name=9697820", "mst_url": "https://www.marinetraffic.com/en/ais/search/all?keyword=9697820", "method": "v3_2pass_track3d_fromru10d", "ru_seen_in_lookback": true, "in_monitor_on_day": true}}, {"type": "Feature", "geometry": {"type": "LineString", "coordinates": [[18.659019999999998, 54.37513833333333], [18.659004999999997, 54.37514], [18.659015, 54.375143333333334], [18.659018333333332, 54.37514], [18.659008333333336, 54.37513833333333], [18.659010000000002, 54.37513833333333], [18.659018333333332, 54.375141666666664], [18.659010000000002, 54.37514], [18.659006666666667, 54.375143333333334], [18.659, 54.37512666666667], [18.659018333333332, 54.375141666666664], [18.659008333333336, 54.37513], [18.65899, 54.375141666666664], [18.659011666666668, 54.37513166666667], [18.659004999999997, 54.375146666666666], [18.659001666666665, 54.37513], [18.65900333333333, 54.375135], [18.659004999999997, 54.37514], [18.658996666666667, 54.37515833333334], [18.659001666666665, 54.37513833333333], [18.659, 54.375141666666664], [18.659010000000002, 54.37513], [18.659019999999998, 54.37515166666667], [18.659021666666668, 54.37515333333333], [18.659033333333333, 54.37515333333333], [18.659015, 54.375135], [18.659001666666665, 54.37513166666667], [18.659013333333334, 54.375135], [18.659006666666667, 54.37515166666667], [18.659018333333332, 54.37513833333333], [18.659010000000002, 54.375144999999996], [18.658995, 54.375141666666664], [18.659023333333334, 54.37514], [18.659021666666668, 54.375135], [18.659025, 54.375146666666666], [18.659004999999997, 54.37515333333333], [18.659018333333332, 54.375144999999996], [18.659031666666667, 54.37515], [18.659033333333333, 54.37513833333333], [18.659011666666668, 54.37513166666667], [18.659013333333334, 54.37513166666667], [18.659019999999998, 54.37513166666667], [18.659021666666668, 54.375125000000004], [18.659011666666668, 54.37513833333333], [18.658996666666667, 54.375146666666666], [18.659001666666665, 54.375146666666666], [18.659006666666667, 54.37513833333333], [18.659025, 54.37513666666667], [18.659013333333334, 54.375143333333334], [18.659011666666668, 54.37512666666667], [18.659004999999997, 54.37513166666667], [18.659018333333332, 54.37513166666667], [18.659025, 54.375128333333336], [18.65900333333333, 54.37514], [18.659008333333336, 54.37514], [18.659019999999998, 54.37514], [18.659015, 54.37512166666667], [18.658998333333333, 54.37513833333333], [18.659018333333332, 54.37514], [18.659011666666668, 54.375146666666666], [18.659001666666665, 54.375165], [18.658996666666667, 54.375173333333336], [18.659001666666665, 54.37513166666667], [18.670775, 54.39100666666666], [18.65599, 54.43526833333333], [18.776221666666668, 54.51078], [18.892471666666665, 54.58719833333334], [18.97971, 54.67570333333333], [19.108698333333333, 54.752008333333336], [19.2487, 54.835775], [15.092726666666666, 55.549], [14.690368333333334, 55.454395], [14.450961666666666, 55.336365]]}, "properties": {"label": "MARCO POLO", "mmsi": "209764000", "imo": "9019080", "name": "MARCO POLO", "shiptype": "", "first_seen_utc": "2026-01-05T00:21:46Z", "last_seen_utc": "2026-01-14T16:11:04Z", "destination": "SE TRG", "eta": "{'Day': 14, 'Hour': 19, 'Minute': 30, 'Month': 1}", "display": "", "links": "<a href=\"https://www.vesselfinder.com/vessels?name=9019080\" target=\"_blank\" rel=\"noopener\">VesselFinder</a> | <a href=\"https://www.marinetraffic.com/en/ais/search/all?keyword=9019080\" target=\"_blank\" rel=\"noopener\">MarineTraffic</a>", "vf_url": "https://www.vesselfinder.com/vessels?name=9019080", "mst_url": "https://www.marinetraffic.com/en/ais/search/all?keyword=9019080", "method": "v3_2pass_track3d_fromru10d", "ru_seen_in_lookback": true, "in_monitor_on_day": true}}, {"type": "Feature", "geometry": {"type": "Point", "coordinates": [14.450961666666666, 55.336365]}, "properties": {"label": "MARCO POLO", "mmsi": "209764000", "imo": "9019080", "name": "MARCO POLO", "shiptype": "", "first_seen_utc": "2026-01-05T00:21:46Z", "last_seen_utc": "2026-01-14T16:11:04Z", "destination": "SE TRG", "eta": "{'Day': 14, 'Hour': 19, 'Minute': 30, 'Month': 1}", "display": "MARCO POLO (209764000)", "links": "<a href=\"https://www.vesselfinder.com/vessels?name=9019080\" target=\"_blank\" rel=\"noopener\">VesselFinder</a> | <a href=\"https://www.marinetraffic.com/en/ais/search/all?keyword=9019080\" target=\"_blank\" rel=\"noopener\">MarineTraffic</a>", "vf_url": "https://www.vesselfinder.com/vessels?name=9019080", "mst_url": "https://www.marinetraffic.com/en/ais/search/all?keyword=9019080", "method": "v3_2pass_track3d_fromru10d", "ru_seen_in_lookback": true, "in_monitor_on_day": true}}, {"type": "Feature", "geometry": {"type": "LineString", "coordinates": [[28.527328333333333, 59.89712833333333], [15.678336666666667, 55.70064166666667], [15.391681666666667, 55.66396666666667], [15.209143333333333, 55.624485], [15.047888333333333, 55.57909166666666], [14.883343333333332, 55.539545], [14.722158333333335, 55.49444833333334], [14.577091666666666, 55.435021666666664], [14.462349999999999, 55.345913333333336], [14.360691666666666, 55.26564333333333], [12.333841666666666, 54.627365000000005], [12.248276666666667, 54.561638333333335], [12.204199999999998, 54.471575], [12.064150000000001, 54.44717], [11.895898333333333, 54.45148166666667], [11.727943333333334, 54.46210166666666], [11.570853333333334, 54.491076666666665], [11.418413333333332, 54.528263333333335]]}, "properties": {"label": "NAFSIKA", "mmsi": "255915964", "imo": "9913511", "name": "NAFSIKA", "shiptype": "", "first_seen_utc": "2026-01-05T00:22:07Z", "last_seen_utc": "2026-01-14T15:46:45Z", "destination": "EGPSD", "eta": "{'Day': 28, 'Hour': 20, 'Minute': 0, 'Month': 1}", "display": "", "links": "<a href=\"https://www.vesselfinder.com/vessels?name=9913511\" target=\"_blank\" rel=\"noopener\">VesselFinder</a> | <a href=\"https://www.marinetraffic.com/en/ais/search/all?keyword=9913511\" target=\"_blank\" rel=\"noopener\">MarineTraffic</a>", "vf_url": "https://www.vesselfinder.com/vessels?name=9913511", "mst_url": "https://www.marinetraffic.com/en/ais/search/all?keyword=9913511", "method": "v3_2pass_track3d_fromru10d", "ru_seen_in_lookback": true, "in_monitor_on_day": true}}, {"type": "Feature", "geometry": {"type": "Point", "coordinates": [11.418413333333332, 54.528263333333335]}, "properties": {"label": "NAFSIKA", "mmsi": "255915964", "imo": "9913511", "name": "NAFSIKA", "shiptype": "", "first_seen_utc": "2026-01-05T00:22:07Z", "last_seen_utc": "2026-01-14T15:46:45Z", "destination": "EGPSD", "eta": "{'Day': 28, 'Hour': 20, 'Minute': 0, 'Month': 1}", "display": "NAFSIKA (255915964)", "links": "<a href=\"https://www.vesselfinder.com/vessels?name=9913511\" target=\"_blank\" rel=\"noopener\">VesselFinder</a> | <a href=\"https://www.marinetraffic.com/en/ais/search/all?keyword=9913511\" target=\"_blank\" rel=\"noopener\">MarineTraffic</a>", "vf_url": "https://www.vesselfinder.com/vessels?name=9913511", "mst_url": "https://www.marinetraffic.com/en/ais/search/all?keyword=9913511", "method": "v3_2pass_track3d_fromru10d", "ru_seen_in_lookback": true, "in_monitor_on_day": true}}, {"type": "Feature", "geometry": {"type": "LineString", "coordinates": [[18.55061166666667, 54.520445], [18.550613333333335, 54.52044333333333], [18.550615, 54.52044], [18.550613333333335, 54.52044], [18.550616666666667, 54.52044333333333], [18.55061166666667, 54.520445], [18.55061166666667, 54.520446666666665], [18.550613333333335, 54.520445], [18.55061166666667, 54.52043833333333], [18.550618333333333, 54.52044166666667], [18.550616666666667, 54.52044333333333], [18.550616666666667, 54.52044166666667], [18.550613333333335, 54.52044166666667], [18.550613333333335, 54.52044333333333], [18.550613333333335, 54.520448333333334], [18.550613333333335, 54.520448333333334], [18.550613333333335, 54.52044166666667], [18.550608333333333, 54.52044333333333], [18.550608333333333, 54.52044], [18.55061, 54.520445], [18.55061, 54.520445], [18.55061166666667, 54.52043833333333], [18.55061166666667, 54.52044], [18.550608333333333, 54.52044], [18.550618333333333, 54.52044333333333], [18.550615, 54.52044166666667], [18.550615, 54.52044166666667], [18.550608333333333, 54.52043833333333], [18.55061, 54.52044], [18.55061166666667, 54.52044166666667], [18.550616666666667, 54.52043833333333], [18.55062, 54.52044], [18.550613333333335, 54.520445], [18.550618333333333, 54.52044333333333], [18.550615, 54.52044333333333], [18.550618333333333, 54.52044333333333], [18.55062, 54.52044333333333], [18.550625, 54.52043666666667], [18.550615, 54.52044333333333], [18.550615, 54.52043833333333], [18.550618333333333, 54.52044], [18.550613333333335, 54.520445], [18.550615, 54.520445], [18.55061166666667, 54.520446666666665], [18.550616666666667, 54.520448333333334], [18.550615, 54.520446666666665], [18.550618333333333, 54.520446666666665], [18.550613333333335, 54.520446666666665], [18.550618333333333, 54.520445], [18.550618333333333, 54.52044333333333], [18.550615, 54.520445], [18.55061166666667, 54.520448333333334], [18.55061, 54.520448333333334], [18.55061166666667, 54.52044333333333], [18.550616666666667, 54.52044333333333], [18.55061166666667, 54.52044], [18.550618333333333, 54.520445], [18.550613333333335, 54.520446666666665], [18.550608333333333, 54.520446666666665], [18.550613333333335, 54.520446666666665], [18.550613333333335, 54.52044333333333], [18.550613333333335, 54.52044166666667], [18.550613333333335, 54.520445], [18.550613333333335, 54.52044333333333], [18.550608333333333, 54.520448333333334], [18.55061, 54.52044333333333], [18.55061166666667, 54.520445], [18.55061, 54.520445], [18.550615, 54.520445], [18.550613333333335, 54.52044333333333], [18.550615, 54.52043833333333], [18.550616666666667, 54.520445], [18.55061166666667, 54.52044], [18.55061, 54.52043833333333], [18.55061166666667, 54.52044], [18.550613333333335, 54.52044], [18.550616666666667, 54.52043833333333], [18.550615, 54.520445], [18.55062, 54.520446666666665], [18.550616666666667, 54.520445], [18.55062, 54.520446666666665], [18.550618333333333, 54.520446666666665], [18.55062333333333, 54.52043666666667], [18.550616666666667, 54.52044333333333], [18.550613333333335, 54.52044166666667], [18.550613333333335, 54.520445], [18.550613333333335, 54.520445], [18.550613333333335, 54.520446666666665], [18.55061166666667, 54.520446666666665], [18.55061166666667, 54.520446666666665], [18.550608333333333, 54.520448333333334], [18.550613333333335, 54.520445], [18.55061166666667, 54.520446666666665], [18.550613333333335, 54.52044333333333], [18.550615, 54.520445], [18.550605, 54.520448333333334], [18.55061, 54.520448333333334], [18.55061, 54.520445], [18.550613333333335, 54.520445], [18.550616666666667, 54.52044333333333], [18.550618333333333, 54.52043833333333], [18.550621666666665, 54.52044333333333], [18.550613333333335, 54.520445], [18.55061166666667, 54.520445], [18.550616666666667, 54.520446666666665], [18.550613333333335, 54.520448333333334], [18.550615, 54.52044333333333], [18.55061, 54.520446666666665], [18.550613333333335, 54.52044333333333], [18.550615, 54.52044166666667], [18.550613333333335, 54.520448333333334], [18.550606666666667, 54.52043666666667], [18.550613333333335, 54.52044166666667], [18.550613333333335, 54.52044333333333], [18.55062, 54.52044], [18.550621666666665, 54.520446666666665], [18.550613333333335, 54.52044166666667], [18.550613333333335, 54.520445], [18.55061, 54.52043833333333], [18.55061166666667, 54.520445], [18.550615, 54.52043833333333]]}, "properties": {"label": "KONSTELACJA", "mmsi": "261092010", "imo": "", "name": "KONSTELACJA", "shiptype": "", "first_seen_utc": "2026-01-05T00:23:21Z", "last_seen_utc": "2026-01-14T15:51:58Z", "destination": "GDYNIA", "eta": "{'Day': 1, 'Hour': 16, 'Minute': 15, 'Month': 8}", "display": "", "links": "<a href=\"https://www.vesselfinder.com/vessels?name=261092010\" target=\"_blank\" rel=\"noopener\">VesselFinder</a> | <a href=\"https://www.marinetraffic.com/en/ais/search/all?keyword=261092010\" target=\"_blank\" rel=\"noopener\">MarineTraffic</a>", "vf_url": "https://www.vesselfinder.com/vessels?name=261092010", "mst_url": "https://www.marinetraffic.com/en/ais/search/all?keyword=261092010", "method": "v3_2pass_track3d_fromru10d", "ru_seen_in_lookback": true, "in_monitor_on_day": true}}, {"type": "Feature", "geometry": {"type": "Point", "coordinates": [18.550615, 54.52043833333333]}, "properties": {"label": "KONSTELACJA", "mmsi": "261092010", "imo": "", "name": "KONSTELACJA", "shiptype": "", "first_seen_utc": "2026-01-05T00:23:21Z", "last_seen_utc": "2026-01-14T15:51:58Z", "destination": "GDYNIA", "eta": "{'Day': 1, 'Hour': 16, 'Minute': 15, 'Month': 8}", "display": "KONSTELACJA (261092010)", "links": "<a href=\"https://www.vesselfinder.com/vessels?name=261092010\" target=\"_blank\" rel=\"noopener\">VesselFinder</a> | <a href=\"https://www.marinetraffic.com/en/ais/search/all?keyword=261092010\" target=\"_blank\" rel=\"noopener\">MarineTraffic</a>", "vf_url": "https://www.vesselfinder.com/vessels?name=261092010", "mst_url": "https://www.marinetraffic.com/en/ais/search/all?keyword=261092010", "method": "v3_2pass_track3d_fromru10d", "ru_seen_in_lookback": true, "in_monitor_on_day": true}}, {"type": "Feature", "geometry": {"type": "LineString", "coordinates": [[10.943088333333332, 54.966276666666666], [10.986601666666667, 55.109966666666665], [11.092511666666667, 55.207076666666666], [11.040731666666666, 55.36658333333333], [10.900888333333334, 55.49523], [10.795146666666666, 55.635646666666666], [10.814585, 55.78561166666667], [10.956568333333333, 55.918135], [10.494606666666666, 57.85423333333333], [10.222903333333333, 57.85407333333333], [9.896625, 57.79119], [4.719905, 53.701861666666666], [4.660128333333334, 53.61217166666667], [4.601601666666666, 53.523628333333335], [4.5501716666666665, 53.425765], [4.501996666666667, 53.33421], [4.45259, 53.242646666666666], [4.388246666666666, 53.15793], [4.268443333333334, 53.10034333333333], [4.146813333333333, 53.04009], [3.46636, 52.47240166666666], [3.348325, 52.03261833333333], [3.337223333333333, 51.97362], [3.3279216666666667, 51.934935], [3.3128283333333335, 51.898331666666664], [3.2810833333333336, 51.86653], [3.278255, 51.82810333333334], [3.2562383333333336, 51.78558666666667], [3.25093, 51.721381666666666], [3.1736716666666664, 51.607198333333336], [3.0435966666666667, 51.494928333333334], [3.0766733333333334, 51.402746666666665], [3.2859616666666667, 51.40578666666667], [3.49419, 51.41566833333333], [3.624705, 51.43353166666667], [3.7484116666666667, 51.365615000000005], [3.9294333333333333, 51.372103333333335], [4.033645, 51.396229999999996], [4.19482, 51.398945000000005], [4.271428333333334, 51.32104], [4.26258, 51.29708666666667]]}, "properties": {"label": "MSC AMY", "mmsi": "255806081", "imo": "9242651", "name": "MSC AMY", "shiptype": "", "first_seen_utc": "2026-01-05T00:23:24Z", "last_seen_utc": "2026-01-14T07:28:40Z", "destination": "ANTWERP", "eta": "{'Day': 13, 'Hour': 23, 'Minute': 0, 'Month': 1}", "display": "", "links": "<a href=\"https://www.vesselfinder.com/vessels?name=9242651\" target=\"_blank\" rel=\"noopener\">VesselFinder</a> | <a href=\"https://www.marinetraffic.com/en/ais/search/all?keyword=9242651\" target=\"_blank\" rel=\"noopener\">MarineTraffic</a>", "vf_url": "https://www.vesselfinder.com/vessels?name=9242651", "mst_url": "https://www.marinetraffic.com/en/ais/search/all?keyword=9242651", "method": "v3_2pass_track3d_fromru10d", "ru_seen_in_lookback": true, "in_monitor_on_day": true}}, {"type": "Feature", "geometry": {"type": "Point", "coordinates": [4.26258, 51.29708666666667]}, "properties": {"label": "MSC AMY", "mmsi": "255806081", "imo": "9242651", "name": "MSC AMY", "shiptype": "", "first_seen_utc": "2026-01-05T00:23:24Z", "last_seen_utc": "2026-01-14T07:28:40Z", "destination": "ANTWERP", "eta": "{'Day': 13, 'Hour': 23, 'Minute': 0, 'Month': 1}", "display": "MSC AMY (255806081)", "links": "<a href=\"https://www.vesselfinder.com/vessels?name=9242651\" target=\"_blank\" rel=\"noopener\">VesselFinder</a> | <a href=\"https://www.marinetraffic.com/en/ais/search/all?keyword=9242651\" target=\"_blank\" rel=\"noopener\">MarineTraffic</a>", "vf_url": "https://www.vesselfinder.com/vessels?name=9242651", "mst_url": "https://www.marinetraffic.com/en/ais/search/all?keyword=9242651", "method": "v3_2pass_track3d_fromru10d", "ru_seen_in_lookback": true, "in_monitor_on_day": true}}, {"type": "Feature", "geometry": {"type": "LineString", "coordinates": [[18.550338333333332, 54.52379333333333], [18.550346666666666, 54.52379166666666], [18.55036833333333, 54.523810000000005], [18.55039, 54.52380333333333], [18.550336666666666, 54.523785], [18.55031166666667, 54.523786666666666], [18.55032, 54.52379333333333], [18.550338333333332, 54.523786666666666], [18.550351666666664, 54.523806666666665], [18.550310000000003, 54.52379833333334], [18.55030833333333, 54.523783333333334], [18.550341666666668, 54.52379], [18.550310000000003, 54.52379], [18.550310000000003, 54.52379], [18.55033166666667, 54.52379333333333], [18.55033166666667, 54.523795], [18.550326666666667, 54.52379166666666], [18.550345, 54.52379166666666], [18.550313333333335, 54.52377833333333], [18.55033, 54.523785], [18.550316666666667, 54.523783333333334], [18.550326666666667, 54.52379], [18.550336666666666, 54.52379666666666], [18.550335, 54.523781666666665], [18.55035333333333, 54.5238], [18.55033, 54.52375666666667], [18.550315, 54.52379833333334], [18.550313333333335, 54.523775], [18.550310000000003, 54.523781666666665], [18.550349999999998, 54.52379833333334], [18.550335, 54.52379333333333], [18.550326666666667, 54.52377833333333], [18.55031166666667, 54.52379166666666], [18.550313333333335, 54.523785], [18.550346666666666, 54.523783333333334], [18.550378333333335, 54.52378], [18.550335, 54.523795], [18.561048333333336, 54.51719666666667], [18.664308333333334, 54.51554833333333], [18.77547666666667, 54.51322166666667], [18.862935, 54.54764333333333], [18.93335666666667, 54.59288], [19.000133333333334, 54.640753333333336], [19.075215, 54.691008333333336], [19.257995, 54.709963333333334], [19.258601666666667, 54.690376666666666], [19.270555, 54.72387833333333], [19.272928333333333, 54.67859166666666], [19.253095, 54.73004666666667], [19.143751666666667, 54.70762], [19.046454999999998, 54.67899833333333], [18.976605, 54.632439999999995], [18.914728333333336, 54.58304333333333], [18.85511, 54.53073166666666], [18.756255, 54.514381666666665], [18.63913, 54.50839833333334], [18.552926666666668, 54.524145], [18.550321666666665, 54.52377833333333], [18.550328333333333, 54.523806666666665], [18.550313333333335, 54.52381833333333], [18.550343333333334, 54.523795], [18.55032, 54.523785], [18.550325, 54.523783333333334], [18.550335, 54.52379333333333], [18.550315, 54.52382166666666], [18.55033166666667, 54.52380166666667], [18.550335, 54.523783333333334], [18.550340000000002, 54.52380166666667], [18.550361666666667, 54.52378], [18.550348333333332, 54.523786666666666], [18.550351666666664, 54.52380166666667], [18.550326666666667, 54.52380333333333], [18.550338333333332, 54.52379833333334], [18.550348333333332, 54.52379666666666], [18.550343333333334, 54.523786666666666], [18.550349999999998, 54.52379], [18.550348333333332, 54.52380333333333], [18.550333333333334, 54.523775], [18.550336666666666, 54.523786666666666], [18.550325, 54.52376833333334], [18.550296666666668, 54.52379833333334], [18.550326666666667, 54.523783333333334]]}, "properties": {"label": "WLA-184 HELOT", "mmsi": "261005510", "imo": "8321175", "name": "WLA-184 HELOT", "shiptype": "", "first_seen_utc": "2026-01-05T00:23:42Z", "last_seen_utc": "2026-01-14T16:03:08Z", "destination": "GDYNIA", "eta": "{'Day': 14, 'Hour': 4, 'Minute': 10, 'Month': 1}", "display": "", "links": "<a href=\"https://www.vesselfinder.com/vessels?name=8321175\" target=\"_blank\" rel=\"noopener\">VesselFinder</a> | <a href=\"https://www.marinetraffic.com/en/ais/search/all?keyword=8321175\" target=\"_blank\" rel=\"noopener\">MarineTraffic</a>", "vf_url": "https://www.vesselfinder.com/vessels?name=8321175", "mst_url": "https://www.marinetraffic.com/en/ais/search/all?keyword=8321175", "method": "v3_2pass_track3d_fromru10d", "ru_seen_in_lookback": true, "in_monitor_on_day": true}}, {"type": "Feature", "geometry": {"type": "Point", "coordinates": [18.550326666666667, 54.523783333333334]}, "properties": {"label": "WLA-184 HELOT", "mmsi": "261005510", "imo": "8321175", "name": "WLA-184 HELOT", "shiptype": "", "first_seen_utc": "2026-01-05T00:23:42Z", "last_seen_utc": "2026-01-14T16:03:08Z", "destination": "GDYNIA", "eta": "{'Day': 14, 'Hour': 4, 'Minute': 10, 'Month': 1}", "display": "WLA-184 HELOT (261005510)", "links": "<a href=\"https://www.vesselfinder.com/vessels?name=8321175\" target=\"_blank\" rel=\"noopener\">VesselFinder</a> | <a href=\"https://www.marinetraffic.com/en/ais/search/all?keyword=8321175\" target=\"_blank\" rel=\"noopener\">MarineTraffic</a>", "vf_url": "https://www.vesselfinder.com/vessels?name=8321175", "mst_url": "https://www.marinetraffic.com/en/ais/search/all?keyword=8321175", "method": "v3_2pass_track3d_fromru10d", "ru_seen_in_lookback": true, "in_monitor_on_day": true}}, {"type": "Feature", "geometry": {"type": "LineString", "coordinates": [[18.707150000000002, 54.3964], [18.707133333333335, 54.3964], [18.707150000000002, 54.3964], [18.707150000000002, 54.39638333333333], [18.707150000000002, 54.3964], [18.707150000000002, 54.3964], [18.707150000000002, 54.3964], [18.707150000000002, 54.3964], [18.707150000000002, 54.3964], [18.707150000000002, 54.3964], [18.707150000000002, 54.39638333333333], [18.707150000000002, 54.3964], [18.707133333333335, 54.3964], [18.707150000000002, 54.3964], [18.707133333333335, 54.3964], [18.707150000000002, 54.3964], [18.707150000000002, 54.39638333333333], [18.707133333333335, 54.3964], [18.707150000000002, 54.39638333333333], [18.707133333333335, 54.39638333333333], [18.707150000000002, 54.3964], [18.707150000000002, 54.3964], [18.707150000000002, 54.39638333333333], [18.70716666666667, 54.39638333333333], [18.707150000000002, 54.3964], [18.707150000000002, 54.3964], [18.707150000000002, 54.39638333333333], [18.707150000000002, 54.39638333333333], [18.707150000000002, 54.3964], [18.722483333333333, 54.400150000000004], [18.878283333333332, 54.42438333333334], [19.013616666666667, 54.4775], [19.092100000000002, 54.57325], [19.091066666666666, 54.674549999999996], [19.041116666666667, 54.76995], [18.899983333333335, 54.8318], [18.762016666666668, 54.89201666666667], [18.60525, 54.95798333333333], [18.426716666666668, 54.96873333333333], [13.123483333333333, 55.20726666666667], [12.946050000000001, 55.2517], [12.744, 55.29501666666667], [12.683533333333333, 55.375], [12.704966666666667, 55.48368333333334], [12.703866666666666, 55.5739], [12.691, 55.668099999999995], [12.705433333333334, 55.77693333333333], [12.658150000000001, 55.88498333333334], [12.685816666666666, 55.98926666666667], [12.589583333333334, 56.089933333333335], [12.453983333333333, 56.17518333333333], [10.493699999999999, 57.84995], [10.273083333333334, 57.85291666666667], [9.916500000000001, 57.84995], [9.550216666666667, 57.80688333333333], [9.085383333333334, 57.63218333333334], [8.80775, 57.540499999999994], [8.2294, 57.355850000000004], [8.07145, 57.29925], [7.935466666666667, 57.24953333333334]]}, "properties": {"label": "CGAS PANTHER", "mmsi": "249362000", "imo": "9578000", "name": "CGAS PANTHER", "shiptype": "", "first_seen_utc": "2026-01-05T00:24:05Z", "last_seen_utc": "2026-01-14T09:54:32Z", "destination": "GB TEE", "eta": "{'Day': 15, 'Hour': 14, 'Minute': 0, 'Month': 1}", "display": "", "links": "<a href=\"https://www.vesselfinder.com/vessels?name=9578000\" target=\"_blank\" rel=\"noopener\">VesselFinder</a> | <a href=\"https://www.marinetraffic.com/en/ais/search/all?keyword=9578000\" target=\"_blank\" rel=\"noopener\">MarineTraffic</a>", "vf_url": "https://www.vesselfinder.com/vessels?name=9578000", "mst_url": "https://www.marinetraffic.com/en/ais/search/all?keyword=9578000", "method": "v3_2pass_track3d_fromru10d", "ru_seen_in_lookback": true, "in_monitor_on_day": true}}, {"type": "Feature", "geometry": {"type": "Point", "coordinates": [7.935466666666667, 57.24953333333334]}, "properties": {"label": "CGAS PANTHER", "mmsi": "249362000", "imo": "9578000", "name": "CGAS PANTHER", "shiptype": "", "first_seen_utc": "2026-01-05T00:24:05Z", "last_seen_utc": "2026-01-14T09:54:32Z", "destination": "GB TEE", "eta": "{'Day': 15, 'Hour': 14, 'Minute': 0, 'Month': 1}", "display": "CGAS PANTHER (249362000)", "links": "<a href=\"https://www.vesselfinder.com/vessels?name=9578000\" target=\"_blank\" rel=\"noopener\">VesselFinder</a> | <a href=\"https://www.marinetraffic.com/en/ais/search/all?keyword=9578000\" target=\"_blank\" rel=\"noopener\">MarineTraffic</a>", "vf_url": "https://www.vesselfinder.com/vessels?name=9578000", "mst_url": "https://www.marinetraffic.com/en/ais/search/all?keyword=9578000", "method": "v3_2pass_track3d_fromru10d", "ru_seen_in_lookback": true, "in_monitor_on_day": true}}, {"type": "Feature", "geometry": {"type": "LineString", "coordinates": [[18.672225, 54.39120333333334], [18.672230000000003, 54.39120833333333], [18.672211666666666, 54.391198333333335], [18.672228333333333, 54.39120166666667], [18.672225, 54.391205], [18.67220166666667, 54.39118666666666], [18.672196666666665, 54.39122], [18.67226, 54.391216666666665], [18.672221666666665, 54.39120833333333], [18.67226, 54.391205], [18.672236666666667, 54.391198333333335], [18.672195, 54.391200000000005], [18.672241666666665, 54.39120333333334], [18.672236666666667, 54.391216666666665], [18.672206666666668, 54.391243333333335], [18.67224333333333, 54.39120333333334], [18.672236666666667, 54.391200000000005], [18.672203333333336, 54.39120833333333], [18.672228333333333, 54.39120166666667], [18.672216666666667, 54.391196666666666], [18.672238333333333, 54.391205], [18.672295000000002, 54.39120166666667], [18.672256666666666, 54.39120833333333], [18.67221, 54.39124666666667], [18.672216666666667, 54.391195], [18.672203333333336, 54.391218333333335], [18.67226833333333, 54.39118166666666], [18.672251666666668, 54.391216666666665], [18.672241666666665, 54.39122666666666], [18.672221666666665, 54.391200000000005], [18.672211666666666, 54.39120166666667], [18.672245, 54.39122], [18.67224666666667, 54.39120166666667], [18.672215, 54.39118166666666], [18.672218333333333, 54.39119166666667], [18.672233333333335, 54.39116666666666], [18.672218333333333, 54.39119], [18.672181666666667, 54.391185], [18.672238333333333, 54.39121], [18.67221, 54.391198333333335], [18.672245, 54.39123], [18.672256666666666, 54.391225], [18.672206666666668, 54.39118333333333], [18.672261666666667, 54.39120666666667], [18.672191666666667, 54.391196666666666], [18.672225, 54.391185], [18.675343333333334, 54.39493], [18.654568333333334, 54.434099999999994], [18.720626666666664, 54.47576], [18.793484999999997, 54.51492], [18.868393333333334, 54.55425666666667], [18.937431666666665, 54.59715666666667], [19.007275, 54.639244999999995], [19.078725000000002, 54.680555], [19.152506666666667, 54.72193666666667], [19.144228333333334, 54.755815], [19.160453333333333, 54.78152166666666], [19.158873333333336, 54.812365], [19.159618333333334, 54.815065], [19.16217333333333, 54.76538], [19.160206666666667, 54.81543166666667], [19.158583333333336, 54.848715], [19.013733333333334, 54.62484666666667], [18.925283333333333, 54.56422666666666], [18.852885, 54.52891833333333], [18.775458333333333, 54.494103333333335], [18.700136666666666, 54.458706666666664], [18.656401666666667, 54.416475], [18.672236666666667, 54.391238333333334], [18.672248333333336, 54.391216666666665], [18.672236666666667, 54.39123], [18.672245, 54.391215], [18.67221333333333, 54.39122], [18.672221666666665, 54.39120666666667], [18.67222, 54.39124], [18.672225, 54.39124], [18.67224333333333, 54.391218333333335], [18.67224, 54.391196666666666], [18.672218333333333, 54.39122333333333], [18.67221333333333, 54.39124], [18.67221333333333, 54.39118333333333], [18.672251666666668, 54.391173333333334], [18.672226666666667, 54.391225], [18.67221, 54.39125666666666], [18.67224666666667, 54.39123], [18.67221333333333, 54.391218333333335], [18.67222, 54.39124666666667], [18.67220166666667, 54.39117666666667], [18.67226, 54.39126], [18.672251666666668, 54.39125333333333], [18.672251666666668, 54.39122833333333]]}, "properties": {"label": "MARINA STELARA", "mmsi": "218031900", "imo": "7607209", "name": "MARINA STELARA", "shiptype": "", "first_seen_utc": "2026-01-05T00:25:13Z", "last_seen_utc": "2026-01-14T15:50:53Z", "destination": "PLGDN", "eta": "{'Day': 14, 'Hour': 4, 'Minute': 0, 'Month': 1}", "display": "", "links": "<a href=\"https://www.vesselfinder.com/vessels?name=7607209\" target=\"_blank\" rel=\"noopener\">VesselFinder</a> | <a href=\"https://www.marinetraffic.com/en/ais/search/all?keyword=7607209\" target=\"_blank\" rel=\"noopener\">MarineTraffic</a>", "vf_url": "https://www.vesselfinder.com/vessels?name=7607209", "mst_url": "https://www.marinetraffic.com/en/ais/search/all?keyword=7607209", "method": "v3_2pass_track3d_fromru10d", "ru_seen_in_lookback": true, "in_monitor_on_day": true}}, {"type": "Feature", "geometry": {"type": "Point", "coordinates": [18.672251666666668, 54.39122833333333]}, "properties": {"label": "MARINA STELARA", "mmsi": "218031900", "imo": "7607209", "name": "MARINA STELARA", "shiptype": "", "first_seen_utc": "2026-01-05T00:25:13Z", "last_seen_utc": "2026-01-14T15:50:53Z", "destination": "PLGDN", "eta": "{'Day': 14, 'Hour': 4, 'Minute': 0, 'Month': 1}", "display": "MARINA STELARA (218031900)", "links": "<a href=\"https://www.vesselfinder.com/vessels?name=7607209\" target=\"_blank\" rel=\"noopener\">VesselFinder</a> | <a href=\"https://www.marinetraffic.com/en/ais/search/all?keyword=7607209\" target=\"_blank\" rel=\"noopener\">MarineTraffic</a>", "vf_url": "https://www.vesselfinder.com/vessels?name=7607209", "mst_url": "https://www.marinetraffic.com/en/ais/search/all?keyword=7607209", "method": "v3_2pass_track3d_fromru10d", "ru_seen_in_lookback": true, "in_monitor_on_day": true}}, {"type": "Feature", "geometry": {"type": "LineString", "coordinates": [[4.229526666666667, 52.826251666666664], [4.325948333333333, 52.942233333333334], [4.419411666666666, 53.05861], [4.523061666666666, 53.17449333333333], [4.6301966666666665, 53.288865], [4.7476199999999995, 53.39875333333334], [4.935071666666667, 53.44739666666667], [5.1245666666666665, 53.49510166666666], [5.318315, 53.53191], [5.512126666666666, 53.568455], [5.707238333333334, 53.609993333333335], [5.901328333333334, 53.650650000000006], [6.097583333333334, 53.688705], [6.29434, 53.72734666666667], [6.486800000000001, 53.76490833333333], [6.681621666666667, 53.79526166666667], [6.874738333333334, 53.820325000000004], [7.0711466666666665, 53.84562666666667], [7.2637816666666675, 53.871415], [7.460085, 53.89784833333333], [7.737818333333333, 53.93421], [8.133628333333332, 53.98446], [8.78364, 53.84116166666667], [8.972853333333335, 53.84807166666667], [9.096061666666666, 53.88070833333334], [9.144465, 53.89331166666667], [9.155826666666666, 53.899458333333335], [9.211451666666667, 53.93307333333333], [9.239173333333333, 53.95334166666667], [9.293353333333332, 54.00213166666666], [9.308863333333333, 54.05765833333333], [9.328576666666667, 54.11317833333333], [9.357996666666667, 54.147495000000006], [9.398361666666666, 54.16023333333333], [9.491291666666665, 54.18406166666667], [9.579413333333333, 54.21143166666666], [9.623458333333334, 54.26101166666667], [9.690823333333332, 54.29509333333333], [9.734820000000001, 54.33400166666667], [9.770585, 54.35210166666666], [9.86333, 54.361958333333334], [9.956116666666667, 54.341413333333335], [10.03862, 54.360593333333334], [10.123728333333334, 54.368320000000004], [10.141678333333335, 54.36571], [10.154871666666667, 54.36439166666666], [10.233803333333332, 54.435566666666666], [10.329503333333333, 54.49217833333333], [10.468960000000001, 54.53070833333334], [10.607948333333333, 54.56073333333333], [10.750364999999999, 54.56870833333333], [10.887488333333332, 54.578345], [11.018263333333334, 54.58696333333333], [11.142088333333334, 54.591195], [11.252168333333334, 54.56222833333334], [11.347248333333333, 54.53534833333333], [11.448223333333335, 54.506348333333335], [11.563366666666667, 54.471925000000006], [11.683983333333334, 54.43709333333334], [11.809161666666666, 54.41082333333333], [11.947573333333334, 54.40475], [12.104143333333333, 54.40304666666667], [12.229334999999999, 54.44981833333333], [12.297263333333332, 54.541035], [12.404068333333333, 54.611446666666666], [12.548373333333332, 54.671868333333336], [18.365033333333333, 54.93775], [18.550306666666664, 54.94413333333333], [18.70381666666667, 54.894149999999996], [18.836668333333332, 54.832528333333336], [18.967188333333336, 54.771098333333335], [19.012294999999998, 54.72656], [19.03303833333333, 54.690733333333334], [19.048524999999998, 54.66103833333333], [19.062276666666666, 54.63840666666667], [19.071941666666664, 54.61669166666666], [19.0543, 54.59215666666667], [18.940898333333333, 54.52131], [18.84089833333333, 54.457348333333336], [18.816805, 54.448589999999996], [18.817315, 54.448679999999996], [18.81683, 54.448618333333336], [18.81736833333333, 54.44868666666667], [18.817405, 54.448660000000004], [18.817551666666667, 54.448663333333336], [18.817641666666667, 54.448723333333334], [18.817658333333334, 54.448726666666666], [18.81786, 54.44876333333333], [18.81800666666667, 54.448751666666666]]}, "properties": {"label": "ESPERANCE", "mmsi": "244265000", "imo": "9491484", "name": "ESPERANCE", "shiptype": "", "first_seen_utc": "2026-01-05T00:25:19Z", "last_seen_utc": "2026-01-14T16:10:46Z", "destination": "PL GDN VIA NOK", "eta": "{'Day': 14, 'Hour': 9, 'Minute': 0, 'Month': 1}", "display": "", "links": "<a href=\"https://www.vesselfinder.com/vessels?name=9491484\" target=\"_blank\" rel=\"noopener\">VesselFinder</a> | <a href=\"https://www.marinetraffic.com/en/ais/search/all?keyword=9491484\" target=\"_blank\" rel=\"noopener\">MarineTraffic</a>", "vf_url": "https://www.vesselfinder.com/vessels?name=9491484", "mst_url": "https://www.marinetraffic.com/en/ais/search/all?keyword=9491484", "method": "v3_2pass_track3d_fromru10d", "ru_seen_in_lookback": true, "in_monitor_on_day": true}}, {"type": "Feature", "geometry": {"type": "Point", "coordinates": [18.81800666666667, 54.448751666666666]}, "properties": {"label": "ESPERANCE", "mmsi": "244265000", "imo": "9491484", "name": "ESPERANCE", "shiptype": "", "first_seen_utc": "2026-01-05T00:25:19Z", "last_seen_utc": "2026-01-14T16:10:46Z", "destination": "PL GDN VIA NOK", "eta": "{'Day': 14, 'Hour': 9, 'Minute': 0, 'Month': 1}", "display": "ESPERANCE (244265000)", "links": "<a href=\"https://www.vesselfinder.com/vessels?name=9491484\" target=\"_blank\" rel=\"noopener\">VesselFinder</a> | <a href=\"https://www.marinetraffic.com/en/ais/search/all?keyword=9491484\" target=\"_blank\" rel=\"noopener\">MarineTraffic</a>", "vf_url": "https://www.vesselfinder.com/vessels?name=9491484", "mst_url": "https://www.marinetraffic.com/en/ais/search/all?keyword=9491484", "method": "v3_2pass_track3d_fromru10d", "ru_seen_in_lookback": true, "in_monitor_on_day": true}}, {"type": "Feature", "geometry": {"type": "LineString", "coordinates": [[18.57794, 54.79266333333333], [18.62604, 54.77741833333334], [18.676431666666666, 54.762035], [18.723805000000002, 54.74749333333333], [18.772603333333333, 54.733291666666666], [18.818536666666667, 54.71948], [18.864236666666667, 54.70628166666667], [18.909675, 54.693774999999995], [18.951975, 54.682660000000006], [18.994266666666665, 54.672995], [19.00799333333333, 54.654223333333334], [19.00141166666667, 54.63458166666667], [18.988836666666668, 54.615453333333335], [18.97795166666667, 54.59391333333333], [18.967246666666664, 54.57340666666666], [18.956701666666667, 54.55343666666667], [18.94949666666667, 54.53176], [18.943598333333334, 54.510848333333335], [18.937326666666667, 54.489635], [18.928223333333335, 54.46811666666667], [18.921761666666665, 54.446596666666665], [18.960463333333333, 54.428428333333336], [18.965995000000003, 54.40553], [18.927236666666666, 54.385281666666664], [18.935721666666666, 54.38857333333333], [18.97810666666667, 54.40780333333333], [18.954276666666665, 54.38981833333333], [18.896588333333334, 54.38525833333333], [18.83751, 54.38306333333333], [18.823641666666667, 54.379133333333336], [18.874148333333334, 54.38233666666667], [18.865869999999997, 54.38344166666666], [18.803078333333335, 54.38834666666666], [18.826723333333334, 54.384], [18.874478333333332, 54.380646666666664], [18.921658333333333, 54.379695], [18.969283333333333, 54.384528333333336], [18.932338333333334, 54.388463333333334], [18.871863333333334, 54.38724166666667], [18.81103166666667, 54.38639833333333], [18.814623333333333, 54.38959833333333], [18.862233333333332, 54.38836], [18.840586666666663, 54.38735666666666], [18.780681666666666, 54.381409999999995], [18.778521666666666, 54.432915], [18.661335, 54.49056333333333], [18.544046666666667, 54.53610833333333]]}, "properties": {"label": "LEOPARD", "mmsi": "576909000", "imo": "6819697", "name": "LEOPARD", "shiptype": "", "first_seen_utc": "2026-01-05T00:25:22Z", "last_seen_utc": "2026-01-14T15:44:45Z", "destination": "PLGDY", "eta": "{'Day': 14, 'Hour': 16, 'Minute': 0, 'Month': 1}", "display": "", "links": "<a href=\"https://www.vesselfinder.com/vessels?name=6819697\" target=\"_blank\" rel=\"noopener\">VesselFinder</a> | <a href=\"https://www.marinetraffic.com/en/ais/search/all?keyword=6819697\" target=\"_blank\" rel=\"noopener\">MarineTraffic</a>", "vf_url": "https://www.vesselfinder.com/vessels?name=6819697", "mst_url": "https://www.marinetraffic.com/en/ais/search/all?keyword=6819697", "method": "v3_2pass_track3d_fromru10d", "ru_seen_in_lookback": true, "in_monitor_on_day": true}}, {"type": "Feature", "geometry": {"type": "Point", "coordinates": [18.544046666666667, 54.53610833333333]}, "properties": {"label": "LEOPARD", "mmsi": "576909000", "imo": "6819697", "name": "LEOPARD", "shiptype": "", "first_seen_utc": "2026-01-05T00:25:22Z", "last_seen_utc": "2026-01-14T15:44:45Z", "destination": "PLGDY", "eta": "{'Day': 14, 'Hour': 16, 'Minute': 0, 'Month': 1}", "display": "LEOPARD (576909000)", "links": "<a href=\"https://www.vesselfinder.com/vessels?name=6819697\" target=\"_blank\" rel=\"noopener\">VesselFinder</a> | <a href=\"https://www.marinetraffic.com/en/ais/search/all?keyword=6819697\" target=\"_blank\" rel=\"noopener\">MarineTraffic</a>", "vf_url": "https://www.vesselfinder.com/vessels?name=6819697", "mst_url": "https://www.marinetraffic.com/en/ais/search/all?keyword=6819697", "method": "v3_2pass_track3d_fromru10d", "ru_seen_in_lookback": true, "in_monitor_on_day": true}}, {"type": "Feature", "geometry": {"type": "LineString", "coordinates": [[15.501205, 55.67240833333334], [15.320983333333334, 55.64670666666667], [15.148693333333334, 55.605001666666666], [14.985909999999999, 55.554970000000004], [14.81927, 55.50660833333333], [14.661101666666667, 55.45613166666667], [14.508866666666668, 55.376191666666664], [14.367716666666666, 55.27648333333333], [14.231638333333333, 55.19562666666666], [12.349858333333334, 54.65571333333333], [12.274545, 54.598975], [12.215888333333334, 54.51067], [12.110913333333334, 54.443830000000005], [11.92522, 54.448625], [11.746791666666667, 54.46438], [11.574215, 54.49889666666666], [11.399498333333334, 54.54691166666667], [11.213941666666667, 54.59571833333334], [11.023665, 54.604455], [10.847385000000001, 54.65562666666666], [10.786503333333334, 54.74821833333333], [10.836761666666666, 54.86550666666667], [10.90188, 54.94610333333333], [10.996976666666665, 55.03845333333334], [10.998244999999999, 55.15186166666667], [11.098603333333333, 55.23413666666667], [11.039723333333335, 55.36156666666667], [10.871929999999999, 55.519996666666664], [10.790486666666668, 55.62912166666667], [10.808191666666666, 55.74270833333333], [10.867561666666667, 55.85617833333333], [11.086186666666666, 56.02808666666667], [11.092355, 56.144575], [10.453628333333334, 57.84694666666667], [10.227033333333333, 57.850183333333334], [9.997800000000002, 57.842205], [9.788586666666667, 57.836965], [9.589573333333334, 57.82360333333334], [9.423231666666668, 57.77656833333333], [9.256593333333333, 57.72756833333334], [9.097495, 57.682], [8.948551666666667, 57.63171], [8.802985, 57.58289666666667], [8.648053333333333, 57.53312666666667], [8.499205, 57.485533333333336], [8.346128333333333, 57.436526666666666], [8.196413333333334, 57.38880666666667], [8.044203333333334, 57.344435], [7.896871666666667, 57.290205], [7.782595, 57.21817166666666], [7.673863333333333, 57.133]]}, "properties": {"label": "EUROSAILOR", "mmsi": "215936000", "imo": "9895915", "name": "EUROSAILOR", "shiptype": "", "first_seen_utc": "2026-01-05T00:25:35Z", "last_seen_utc": "2026-01-14T04:45:39Z", "destination": "TRGEB", "eta": "{'Day': 26, 'Hour': 3, 'Minute': 0, 'Month': 1}", "display": "", "links": "<a href=\"https://www.vesselfinder.com/vessels?name=9895915\" target=\"_blank\" rel=\"noopener\">VesselFinder</a> | <a href=\"https://www.marinetraffic.com/en/ais/search/all?keyword=9895915\" target=\"_blank\" rel=\"noopener\">MarineTraffic</a>", "vf_url": "https://www.vesselfinder.com/vessels?name=9895915", "mst_url": "https://www.marinetraffic.com/en/ais/search/all?keyword=9895915", "method": "v3_2pass_track3d_fromru10d", "ru_seen_in_lookback": true, "in_monitor_on_day": true}}, {"type": "Feature", "geometry": {"type": "Point", "coordinates": [7.673863333333333, 57.133]}, "properties": {"label": "EUROSAILOR", "mmsi": "215936000", "imo": "9895915", "name": "EUROSAILOR", "shiptype": "", "first_seen_utc": "2026-01-05T00:25:35Z", "last_seen_utc": "2026-01-14T04:45:39Z", "destination": "TRGEB", "eta": "{'Day': 26, 'Hour': 3, 'Minute': 0, 'Month': 1}", "display": "EUROSAILOR (215936000)", "links": "<a href=\"https://www.vesselfinder.com/vessels?name=9895915\" target=\"_blank\" rel=\"noopener\">VesselFinder</a> | <a href=\"https://www.marinetraffic.com/en/ais/search/all?keyword=9895915\" target=\"_blank\" rel=\"noopener\">MarineTraffic</a>", "vf_url": "https://www.vesselfinder.com/vessels?name=9895915", "mst_url": "https://www.marinetraffic.com/en/ais/search/all?keyword=9895915", "method": "v3_2pass_track3d_fromru10d", "ru_seen_in_lookback": true, "in_monitor_on_day": true}}, {"type": "Feature", "geometry": {"type": "LineString", "coordinates": [[18.673873333333333, 54.394846666666666], [18.673868333333335, 54.39486], [18.673893333333336, 54.39483333333333], [18.673856666666666, 54.394843333333334], [18.673873333333333, 54.39486], [18.673883333333333, 54.39485833333333], [18.67390333333333, 54.39486], [18.67387, 54.39487833333333], [18.673866666666665, 54.39487], [18.67384333333333, 54.394843333333334], [18.673904999999998, 54.39485], [18.67388, 54.394864999999996], [18.67387, 54.39486], [18.673875, 54.394864999999996], [18.673865, 54.39486], [18.673859999999998, 54.39484], [18.673883333333333, 54.394846666666666], [18.67387, 54.39483499999999], [18.673881666666666, 54.394875], [18.67388833333333, 54.394845000000004], [18.67389166666667, 54.39485666666667], [18.67387, 54.39483666666667], [18.673885, 54.394845000000004], [18.67387666666667, 54.39485666666667], [18.673886666666665, 54.394848333333336], [18.673893333333336, 54.39487], [18.67387666666667, 54.39484166666667], [18.673863333333333, 54.394855], [18.67391, 54.39485], [18.673856666666666, 54.39487166666667], [18.673851666666668, 54.39487], [18.673871666666667, 54.39486], [18.673913333333335, 54.39485833333333], [18.673873333333333, 54.39485333333334], [18.673875, 54.39485], [18.673898333333334, 54.394848333333336], [18.673893333333336, 54.39484166666667], [18.67387666666667, 54.394866666666665], [18.67385833333333, 54.394845000000004], [18.673893333333336, 54.39485], [18.673878333333334, 54.39487333333333], [18.673848333333336, 54.39485666666667], [18.673895, 54.39487666666666], [18.67389166666667, 54.39487], [18.673896666666668, 54.39487], [18.67389166666667, 54.39487333333333], [18.673898333333334, 54.394855], [18.67388, 54.394843333333334], [18.673883333333333, 54.39485833333333], [18.6739, 54.39482666666667], [18.673895, 54.39487666666666], [18.673881666666666, 54.39488333333334], [18.673906666666667, 54.39488166666667], [18.673853333333334, 54.394845000000004], [18.673868333333335, 54.394845000000004], [18.6739, 54.394864999999996], [18.673861666666667, 54.39485833333333], [18.673886666666665, 54.394866666666665], [18.673883333333333, 54.39487], [18.67387, 54.394864999999996], [18.673885, 54.39483666666667], [18.673866666666665, 54.394819999999996], [18.673878333333334, 54.39486], [18.673878333333334, 54.394861666666664], [18.673893333333336, 54.39486333333333], [18.673815, 54.394864999999996], [18.673865, 54.394848333333336], [18.67388833333333, 54.394843333333334], [18.673883333333333, 54.394875], [18.673881666666666, 54.39487], [18.673871666666667, 54.394848333333336], [18.673828333333333, 54.39481], [18.673885, 54.394848333333336], [18.673855, 54.39486333333333], [18.673883333333333, 54.394848333333336], [18.673866666666665, 54.39486333333333], [18.67388, 54.394866666666665], [18.673889999999997, 54.39487], [18.673875, 54.39486333333333], [18.673838333333332, 54.394823333333335], [18.67388, 54.39486333333333], [18.67385833333333, 54.394848333333336], [18.673878333333334, 54.39486], [18.67384, 54.39485166666667], [18.67388, 54.394845000000004], [18.673885, 54.394848333333336], [18.67384666666667, 54.394861666666664], [18.673898333333334, 54.394866666666665], [18.673883333333333, 54.39488166666667], [18.673895, 54.39485833333333], [18.673881666666666, 54.39487166666667], [18.673893333333336, 54.39486], [18.673885, 54.39485], [18.673868333333335, 54.394866666666665], [18.673868333333335, 54.39483499999999], [18.67389166666667, 54.394885], [18.67385833333333, 54.39486333333333], [18.67393, 54.394868333333335], [18.673901666666666, 54.39486], [18.673908333333333, 54.394888333333334], [18.67387, 54.39487833333333], [18.67385833333333, 54.39487], [18.673871666666667, 54.39486], [18.673906666666667, 54.394875], [18.673871666666667, 54.39484], [18.67390333333333, 54.39486333333333], [18.673883333333333, 54.394875], [18.673859999999998, 54.39482666666667], [18.67391, 54.39487], [18.67387666666667, 54.39488166666667], [18.673885, 54.39486333333333], [18.673871666666667, 54.39484], [18.673885, 54.39485], [18.673893333333336, 54.39485666666667], [18.673873333333333, 54.39485333333334], [18.67390333333333, 54.39486333333333], [18.673859999999998, 54.39484], [18.67388, 54.39481833333333], [18.673844999999996, 54.39487], [18.673868333333335, 54.394825], [18.673853333333334, 54.39488333333334], [18.67384666666667, 54.39485166666667]]}, "properties": {"label": "OCEANIA", "mmsi": "261000150", "imo": "8304854", "name": "OCEANIA", "shiptype": "", "first_seen_utc": "2026-01-05T00:27:03Z", "last_seen_utc": "2026-01-14T15:45:31Z", "destination": "GDANSK", "eta": "{'Day': 9, 'Hour': 7, 'Minute': 0, 'Month': 1}", "display": "", "links": "<a href=\"https://www.vesselfinder.com/vessels?name=8304854\" target=\"_blank\" rel=\"noopener\">VesselFinder</a> | <a href=\"https://www.marinetraffic.com/en/ais/search/all?keyword=8304854\" target=\"_blank\" rel=\"noopener\">MarineTraffic</a>", "vf_url": "https://www.vesselfinder.com/vessels?name=8304854", "mst_url": "https://www.marinetraffic.com/en/ais/search/all?keyword=8304854", "method": "v3_2pass_track3d_fromru10d", "ru_seen_in_lookback": true, "in_monitor_on_day": true}}, {"type": "Feature", "geometry": {"type": "Point", "coordinates": [18.67384666666667, 54.39485166666667]}, "properties": {"label": "OCEANIA", "mmsi": "261000150", "imo": "8304854", "name": "OCEANIA", "shiptype": "", "first_seen_utc": "2026-01-05T00:27:03Z", "last_seen_utc": "2026-01-14T15:45:31Z", "destination": "GDANSK", "eta": "{'Day': 9, 'Hour': 7, 'Minute': 0, 'Month': 1}", "display": "OCEANIA (261000150)", "links": "<a href=\"https://www.vesselfinder.com/vessels?name=8304854\" target=\"_blank\" rel=\"noopener\">VesselFinder</a> | <a href=\"https://www.marinetraffic.com/en/ais/search/all?keyword=8304854\" target=\"_blank\" rel=\"noopener\">MarineTraffic</a>", "vf_url": "https://www.vesselfinder.com/vessels?name=8304854", "mst_url": "https://www.marinetraffic.com/en/ais/search/all?keyword=8304854", "method": "v3_2pass_track3d_fromru10d", "ru_seen_in_lookback": true, "in_monitor_on_day": true}}, {"type": "Feature", "geometry": {"type": "LineString", "coordinates": [[18.95025, 54.986650000000004], [18.962183333333332, 54.94513333333334], [18.9811, 54.900616666666664], [19.001733333333334, 54.853566666666666], [19.012983333333334, 54.80596666666667], [19.021116666666668, 54.75836666666667], [19.0347, 54.710366666666665], [19.0519, 54.66303333333334], [19.074216666666665, 54.62355], [19.056050000000003, 54.58521666666666], [19.024633333333334, 54.545716666666664], [18.992849999999997, 54.50686666666666], [18.952983333333336, 54.46086666666667], [18.899283333333337, 54.45238333333334], [18.891716666666664, 54.45133333333333], [18.892516666666666, 54.45133333333333], [18.89271666666667, 54.45126666666667], [18.892699999999998, 54.45131666666667], [18.89265, 54.451283333333336], [18.8929, 54.451233333333334], [18.876633333333334, 54.442616666666666], [18.751716666666667, 54.4056], [18.71625, 54.402116666666664], [18.71626666666667, 54.40215], [18.7163, 54.40218333333333], [18.716316666666668, 54.40221666666666], [18.716316666666668, 54.402116666666664], [18.71626666666667, 54.402166666666666], [18.716283333333333, 54.402116666666664], [18.71626666666667, 54.40213333333334], [18.71623333333333, 54.402116666666664], [18.7163, 54.40218333333333], [18.71625, 54.40213333333334], [18.71625, 54.40215], [18.71626666666667, 54.40215], [18.71626666666667, 54.402166666666666], [18.71626666666667, 54.40225], [18.7163, 54.402166666666666], [18.7163, 54.402166666666666], [18.716316666666668, 54.402166666666666], [18.7163, 54.402116666666664], [18.71623333333333, 54.40215], [18.7163, 54.40221666666666], [18.716316666666668, 54.40213333333334], [18.716316666666668, 54.40215], [18.716283333333333, 54.402116666666664], [18.71625, 54.40221666666666], [18.71626666666667, 54.40215], [18.716333333333335, 54.40213333333334], [18.71623333333333, 54.402100000000004], [18.71623333333333, 54.402100000000004], [18.71625, 54.40215], [18.716333333333335, 54.40215], [18.716216666666664, 54.402233333333335], [18.71635, 54.40213333333334], [18.716333333333335, 54.402100000000004], [18.716333333333335, 54.40213333333334], [18.716216666666664, 54.40218333333333], [18.71625, 54.402166666666666], [18.71626666666667, 54.402233333333335], [18.7163, 54.40215], [18.7163, 54.40215], [18.71626666666667, 54.40215], [18.71623333333333, 54.4022], [18.71623333333333, 54.40213333333334], [18.71635, 54.402116666666664], [18.716316666666668, 54.40215], [18.716283333333333, 54.40215], [18.71626666666667, 54.402166666666666], [18.716283333333333, 54.40213333333334], [18.716283333333333, 54.4022], [18.71625, 54.402116666666664], [18.716316666666668, 54.40213333333334], [18.716283333333333, 54.402166666666666], [18.71626666666667, 54.40215], [18.716283333333333, 54.402116666666664], [18.71623333333333, 54.402100000000004], [18.725083333333334, 54.40045], [18.868716666666668, 54.423316666666665], [19.00535, 54.471199999999996], [19.08295, 54.5666], [19.096, 54.66578333333334], [19.034083333333335, 54.758], [18.89813333333333, 54.817699999999995]]}, "properties": {"label": "RUBIKON 202", "mmsi": "255806519", "imo": "9344423", "name": "RUBIKON 202", "shiptype": "", "first_seen_utc": "2026-01-05T00:27:25Z", "last_seen_utc": "2026-01-14T10:42:52Z", "destination": "SE STE", "eta": "{'Day': 16, 'Hour': 7, 'Minute': 0, 'Month': 1}", "display": "", "links": "<a href=\"https://www.vesselfinder.com/vessels?name=9344423\" target=\"_blank\" rel=\"noopener\">VesselFinder</a> | <a href=\"https://www.marinetraffic.com/en/ais/search/all?keyword=9344423\" target=\"_blank\" rel=\"noopener\">MarineTraffic</a>", "vf_url": "https://www.vesselfinder.com/vessels?name=9344423", "mst_url": "https://www.marinetraffic.com/en/ais/search/all?keyword=9344423", "method": "v3_2pass_track3d_fromru10d", "ru_seen_in_lookback": true, "in_monitor_on_day": true}}, {"type": "Feature", "geometry": {"type": "Point", "coordinates": [18.89813333333333, 54.817699999999995]}, "properties": {"label": "RUBIKON 202", "mmsi": "255806519", "imo": "9344423", "name": "RUBIKON 202", "shiptype": "", "first_seen_utc": "2026-01-05T00:27:25Z", "last_seen_utc": "2026-01-14T10:42:52Z", "destination": "SE STE", "eta": "{'Day': 16, 'Hour': 7, 'Minute': 0, 'Month': 1}", "display": "RUBIKON 202 (255806519)", "links": "<a href=\"https://www.vesselfinder.com/vessels?name=9344423\" target=\"_blank\" rel=\"noopener\">VesselFinder</a> | <a href=\"https://www.marinetraffic.com/en/ais/search/all?keyword=9344423\" target=\"_blank\" rel=\"noopener\">MarineTraffic</a>", "vf_url": "https://www.vesselfinder.com/vessels?name=9344423", "mst_url": "https://www.marinetraffic.com/en/ais/search/all?keyword=9344423", "method": "v3_2pass_track3d_fromru10d", "ru_seen_in_lookback": true, "in_monitor_on_day": true}}, {"type": "Feature", "geometry": {"type": "LineString", "coordinates": [[18.960421666666665, 54.62238166666667], [18.957325, 54.62173833333333], [18.94868166666667, 54.614799999999995], [18.938656666666667, 54.60625], [18.920246666666667, 54.59648], [18.965355, 54.60373833333333], [18.977610000000002, 54.623486666666665], [18.965163333333333, 54.627655], [18.964068333333334, 54.612631666666665], [18.9816, 54.60202666666667], [18.993820000000003, 54.59601333333333], [19.023410000000002, 54.55793666666667], [18.98417, 54.510675], [18.936950000000003, 54.449398333333335], [18.93791, 54.44146333333333], [18.85202, 54.42212833333333], [18.75919, 54.40445666666667], [18.730931666666667, 54.38235833333333], [18.729570000000002, 54.382171666666665], [18.729468333333333, 54.38221333333333], [18.729535, 54.38220166666667], [18.729405, 54.382175], [18.729556666666667, 54.38225333333333], [18.72951, 54.38216833333333], [18.729561666666665, 54.38229666666667], [18.729561666666665, 54.38212333333333], [18.729409999999998, 54.38220666666667], [18.72943666666667, 54.382235], [18.729364999999998, 54.38204833333334], [18.729465, 54.38216], [18.729595, 54.382345], [18.729364999999998, 54.38214166666667], [18.729305, 54.38212166666666], [18.729445, 54.382225], [18.729538333333334, 54.382128333333334], [18.729555, 54.382175], [18.72953, 54.38229166666667], [18.729446666666668, 54.382315], [18.72950666666667, 54.38214333333334], [18.729531666666666, 54.38218166666666], [18.729598333333335, 54.38228], [18.72956333333333, 54.382195], [18.729465, 54.38218], [18.729546666666668, 54.38228], [18.729368333333333, 54.382151666666665], [18.729483333333334, 54.38214666666667], [18.729501666666668, 54.38222333333333], [18.72944, 54.38211166666667], [18.729456666666668, 54.38231], [18.729773333333334, 54.38243666666666], [18.729578333333333, 54.382243333333335], [18.729418333333335, 54.38209], [18.72938, 54.382145], [18.72949, 54.38226833333333], [18.729516666666665, 54.38218], [18.729555, 54.382259999999995], [18.729341666666667, 54.382295], [18.729541666666666, 54.38220333333334], [18.729566666666663, 54.382259999999995], [18.729621666666667, 54.382198333333335], [18.729789999999998, 54.38236166666666], [18.729588333333332, 54.382216666666665], [18.72954, 54.38205], [18.729635, 54.38223], [18.729535, 54.38219], [18.72952666666667, 54.382016666666665], [18.729445, 54.382235], [18.72965, 54.382165], [18.729533333333332, 54.38218833333334], [18.729578333333333, 54.38222833333334], [18.729638333333334, 54.38223666666667], [18.72949, 54.382068333333336], [18.729513333333333, 54.382214999999995], [18.729446666666668, 54.382235], [18.729516666666665, 54.382175], [18.72951, 54.38224666666667], [18.729578333333333, 54.38227666666667], [18.729446666666668, 54.38218333333334], [18.729498333333332, 54.38218333333334], [18.72951, 54.382128333333334], [18.729331666666667, 54.382218333333334], [18.729643333333335, 54.38209], [18.729391666666668, 54.38240833333334], [18.729501666666668, 54.38222666666666], [18.729491666666668, 54.38212166666666], [18.729548333333334, 54.38209666666667], [18.729615000000003, 54.38218666666667], [18.729756666666667, 54.38220166666667], [18.729635, 54.382221666666666], [18.729586666666666, 54.382216666666665], [18.729486666666666, 54.38213], [18.729528333333334, 54.382171666666665], [18.729581666666665, 54.38228166666667], [18.72955166666667, 54.382205], [18.729493333333334, 54.38223333333334], [18.729375, 54.382165], [18.729519999999997, 54.382221666666666], [18.729483333333334, 54.382169999999995], [18.729606666666665, 54.382261666666665], [18.729395, 54.38205666666667], [18.729596666666666, 54.38240166666667], [18.729435000000002, 54.38225166666667], [18.729491666666668, 54.382153333333335], [18.729495, 54.38216833333333], [18.729498333333332, 54.382165], [18.729483333333334, 54.382195], [18.72954, 54.38221333333333], [18.729575, 54.382175], [18.72955, 54.38213333333333], [18.729603333333333, 54.382185], [18.729558333333333, 54.38227333333334], [18.729483333333334, 54.382155], [18.729390000000002, 54.38214166666667], [18.729546666666668, 54.38217833333333], [18.729466666666667, 54.382075], [18.72964, 54.38222833333334], [18.729703333333337, 54.381951666666666], [18.729463333333335, 54.38222], [18.72948166666667, 54.38219166666667], [18.729431666666667, 54.38213], [18.729496666666666, 54.382261666666665], [18.729548333333334, 54.38218333333334], [18.72955, 54.382221666666666]]}, "properties": {"label": "MSC TOPAZ", "mmsi": "636017916", "imo": "9502908", "name": "MSC TOPAZ", "shiptype": "", "first_seen_utc": "2026-01-05T00:27:25Z", "last_seen_utc": "2026-01-14T16:13:21Z", "destination": "BREMERHAVEN", "eta": "{'Day': 16, 'Hour': 6, 'Minute': 0, 'Month': 12}", "display": "", "links": "<a href=\"https://www.vesselfinder.com/vessels?name=9502908\" target=\"_blank\" rel=\"noopener\">VesselFinder</a> | <a href=\"https://www.marinetraffic.com/en/ais/search/all?keyword=9502908\" target=\"_blank\" rel=\"noopener\">MarineTraffic</a>", "vf_url": "https://www.vesselfinder.com/vessels?name=9502908", "mst_url": "https://www.marinetraffic.com/en/ais/search/all?keyword=9502908", "method": "v3_2pass_track3d_fromru10d", "ru_seen_in_lookback": true, "in_monitor_on_day": true}}, {"type": "Feature", "geometry": {"type": "Point", "coordinates": [18.72955, 54.382221666666666]}, "properties": {"label": "MSC TOPAZ", "mmsi": "636017916", "imo": "9502908", "name": "MSC TOPAZ", "shiptype": "", "first_seen_utc": "2026-01-05T00:27:25Z", "last_seen_utc": "2026-01-14T16:13:21Z", "destination": "BREMERHAVEN", "eta": "{'Day': 16, 'Hour': 6, 'Minute': 0, 'Month': 12}", "display": "MSC TOPAZ (636017916)", "links": "<a href=\"https://www.vesselfinder.com/vessels?name=9502908\" target=\"_blank\" rel=\"noopener\">VesselFinder</a> | <a href=\"https://www.marinetraffic.com/en/ais/search/all?keyword=9502908\" target=\"_blank\" rel=\"noopener\">MarineTraffic</a>", "vf_url": "https://www.vesselfinder.com/vessels?name=9502908", "mst_url": "https://www.marinetraffic.com/en/ais/search/all?keyword=9502908", "method": "v3_2pass_track3d_fromru10d", "ru_seen_in_lookback": true, "in_monitor_on_day": true}}, {"type": "Feature", "geometry": {"type": "LineString", "coordinates": [[18.674798333333335, 54.69627], [18.674833333333332, 54.696268333333336], [18.674828333333334, 54.696266666666666], [18.674843333333335, 54.696266666666666], [18.674798333333335, 54.69626], [18.674803333333333, 54.69625166666666], [18.674813333333336, 54.69625166666666], [18.674761666666665, 54.69627666666667], [18.674793333333334, 54.69630333333334], [18.674818333333334, 54.69627], [18.6748, 54.69627833333333], [18.67484, 54.69627333333334], [18.67483, 54.696263333333334], [18.674823333333332, 54.696268333333336], [18.67482, 54.696265000000004], [18.674813333333336, 54.69626], [18.674828333333334, 54.696268333333336], [18.674846666666667, 54.696265000000004], [18.67483, 54.69628], [18.674834999999998, 54.69630666666667], [18.674838333333334, 54.69630666666667], [18.674858333333336, 54.696299999999994], [18.674834999999998, 54.69629666666666], [18.674843333333335, 54.696281666666664], [18.67484166666667, 54.696281666666664], [18.674823333333332, 54.69625833333334], [18.674821666666666, 54.69626166666667], [18.674823333333332, 54.69627], [18.674851666666665, 54.69627], [18.674821666666666, 54.696284999999996], [18.67482, 54.696288333333335], [18.674821666666666, 54.69629333333333], [18.67481666666667, 54.69629333333333], [18.674818333333334, 54.696288333333335], [18.674823333333332, 54.69629], [18.67481666666667, 54.696281666666664], [18.67482, 54.696284999999996], [18.674813333333336, 54.696266666666666], [18.674805, 54.696284999999996], [18.67484166666667, 54.696305], [18.674834999999998, 54.696311666666666], [18.67482, 54.696310000000004], [18.674856666666667, 54.69630666666667], [18.674821666666666, 54.69629], [18.67482, 54.69628], [18.674813333333336, 54.696266666666666], [18.67483, 54.696263333333334], [18.674809999999997, 54.69627333333334], [18.674805, 54.69627333333334], [18.674806666666665, 54.696284999999996], [18.674836666666668, 54.69628], [18.674836666666668, 54.696283333333334], [18.67858, 54.678086666666665], [18.740650000000002, 54.62117833333333], [18.824248333333333, 54.572206666666666], [18.907764999999998, 54.52795833333333], [19.006226666666667, 54.49421666666667], [19.11173, 54.46773666666666], [19.141546666666667, 54.45218833333333], [19.182711666666666, 54.45482833333333], [19.222056666666667, 54.459335], [19.264868333333332, 54.465178333333334], [19.37913, 54.474423333333334], [19.301511666666666, 54.462986666666666], [19.25291, 54.46071166666666], [19.211056666666664, 54.45957666666666], [19.17149, 54.46316], [19.13282333333333, 54.46693833333333], [19.09559833333333, 54.47280833333333], [19.060251666666666, 54.482795], [19.034735, 54.491585], [18.99487333333333, 54.51144], [18.89292, 54.55316166666667], [18.799983333333333, 54.59816], [18.80341, 54.601054999999995], [18.803486666666668, 54.60066666666667], [18.73786, 54.62473833333333], [18.674183333333335, 54.684756666666665], [18.674788333333332, 54.696286666666666], [18.674791666666668, 54.696268333333336], [18.674811666666667, 54.696288333333335], [18.674821666666666, 54.69630166666666], [18.67482, 54.696281666666664], [18.674821666666666, 54.69627333333334], [18.674795, 54.696263333333334], [18.674809999999997, 54.696275], [18.674795, 54.69626166666667], [18.674821666666666, 54.69626166666667], [18.67479666666667, 54.696275], [18.67480833333333, 54.69629333333333], [18.67481666666667, 54.696295], [18.674825, 54.69627666666667], [18.674825, 54.69627], [18.67482, 54.69625333333333], [18.67483, 54.69625333333333], [18.674828333333334, 54.696275], [18.674815000000002, 54.69627333333334], [18.674806666666665, 54.696275], [18.674795, 54.696286666666666], [18.67480833333333, 54.69629166666667], [18.674821666666666, 54.69630333333334], [18.674828333333334, 54.696299999999994], [18.674826666666668, 54.696286666666666], [18.674821666666666, 54.69627666666667], [18.674825, 54.696281666666664], [18.674826666666668, 54.69627666666667], [18.674818333333334, 54.69625833333334], [18.674846666666667, 54.69626], [18.674838333333334, 54.69627], [18.67483, 54.69627666666667], [18.674833333333332, 54.696299999999994], [18.674805, 54.696284999999996], [18.67480833333333, 54.696299999999994], [18.674809999999997, 54.696281666666664], [18.674791666666668, 54.69627166666667], [18.6748, 54.696265000000004], [18.674806666666665, 54.69626166666667]]}, "properties": {"label": "JAS-57 MAGDALENA", "mmsi": "261004280", "imo": "", "name": "JAS-57 MAGDALENA", "shiptype": "", "first_seen_utc": "2026-01-05T00:27:25Z", "last_seen_utc": "2026-01-14T16:09:28Z", "destination": "JASTARNIA", "eta": "{'Day': 23, 'Hour': 12, 'Minute': 44, 'Month': 9}", "display": "", "links": "<a href=\"https://www.vesselfinder.com/vessels?name=261004280\" target=\"_blank\" rel=\"noopener\">VesselFinder</a> | <a href=\"https://www.marinetraffic.com/en/ais/search/all?keyword=261004280\" target=\"_blank\" rel=\"noopener\">MarineTraffic</a>", "vf_url": "https://www.vesselfinder.com/vessels?name=261004280", "mst_url": "https://www.marinetraffic.com/en/ais/search/all?keyword=261004280", "method": "v3_2pass_track3d_fromru10d", "ru_seen_in_lookback": true, "in_monitor_on_day": true}}, {"type": "Feature", "geometry": {"type": "Point", "coordinates": [18.674806666666665, 54.69626166666667]}, "properties": {"label": "JAS-57 MAGDALENA", "mmsi": "261004280", "imo": "", "name": "JAS-57 MAGDALENA", "shiptype": "", "first_seen_utc": "2026-01-05T00:27:25Z", "last_seen_utc": "2026-01-14T16:09:28Z", "destination": "JASTARNIA", "eta": "{'Day': 23, 'Hour': 12, 'Minute': 44, 'Month': 9}", "display": "JAS-57 MAGDALENA (261004280)", "links": "<a href=\"https://www.vesselfinder.com/vessels?name=261004280\" target=\"_blank\" rel=\"noopener\">VesselFinder</a> | <a href=\"https://www.marinetraffic.com/en/ais/search/all?keyword=261004280\" target=\"_blank\" rel=\"noopener\">MarineTraffic</a>", "vf_url": "https://www.vesselfinder.com/vessels?name=261004280", "mst_url": "https://www.marinetraffic.com/en/ais/search/all?keyword=261004280", "method": "v3_2pass_track3d_fromru10d", "ru_seen_in_lookback": true, "in_monitor_on_day": true}}, {"type": "Feature", "geometry": {"type": "LineString", "coordinates": [[19.02720833333333, 54.919774999999994], [19.038091666666666, 54.844435], [19.04515, 54.76859833333333], [19.047596666666667, 54.69437166666667], [19.077166666666667, 54.61939333333333], [19.004396666666665, 54.56022666666667], [18.906305, 54.50795666666667], [18.83930333333333, 54.456109999999995], [18.842226666666665, 54.45019], [18.842176666666667, 54.450230000000005], [18.84231, 54.450235], [18.84209, 54.45021666666666], [18.841973333333332, 54.45017333333333], [18.842368333333333, 54.450285], [18.842035, 54.45016], [18.842311666666667, 54.450271666666666], [18.842190000000002, 54.450230000000005], [18.842316666666665, 54.45026], [18.8423, 54.45024166666667], [18.842391666666668, 54.450255], [18.842435000000002, 54.45026333333333], [18.842493333333334, 54.45025333333333], [18.842433333333336, 54.45030166666666]]}, "properties": {"label": "AVA D", "mmsi": "255705000", "imo": "9306225", "name": "AVA D", "shiptype": "", "first_seen_utc": "2026-01-05T00:27:49Z", "last_seen_utc": "2026-01-14T15:53:10Z", "destination": "PLGDN", "eta": "{'Day': 14, 'Hour': 21, 'Minute': 0, 'Month': 1}", "display": "", "links": "<a href=\"https://www.vesselfinder.com/vessels?name=9306225\" target=\"_blank\" rel=\"noopener\">VesselFinder</a> | <a href=\"https://www.marinetraffic.com/en/ais/search/all?keyword=9306225\" target=\"_blank\" rel=\"noopener\">MarineTraffic</a>", "vf_url": "https://www.vesselfinder.com/vessels?name=9306225", "mst_url": "https://www.marinetraffic.com/en/ais/search/all?keyword=9306225", "method": "v3_2pass_track3d_fromru10d", "ru_seen_in_lookback": true, "in_monitor_on_day": true}}, {"type": "Feature", "geometry": {"type": "Point", "coordinates": [18.842433333333336, 54.45030166666666]}, "properties": {"label": "AVA D", "mmsi": "255705000", "imo": "9306225", "name": "AVA D", "shiptype": "", "first_seen_utc": "2026-01-05T00:27:49Z", "last_seen_utc": "2026-01-14T15:53:10Z", "destination": "PLGDN", "eta": "{'Day': 14, 'Hour': 21, 'Minute': 0, 'Month': 1}", "display": "AVA D (255705000)", "links": "<a href=\"https://www.vesselfinder.com/vessels?name=9306225\" target=\"_blank\" rel=\"noopener\">VesselFinder</a> | <a href=\"https://www.marinetraffic.com/en/ais/search/all?keyword=9306225\" target=\"_blank\" rel=\"noopener\">MarineTraffic</a>", "vf_url": "https://www.vesselfinder.com/vessels?name=9306225", "mst_url": "https://www.marinetraffic.com/en/ais/search/all?keyword=9306225", "method": "v3_2pass_track3d_fromru10d", "ru_seen_in_lookback": true, "in_monitor_on_day": true}}, {"type": "Feature", "geometry": {"type": "LineString", "coordinates": [[14.826471666666666, 56.155363333333334], [14.82647, 56.155361666666664], [14.826468333333334, 56.15536833333333], [14.826461666666667, 56.155364999999996], [14.826463333333333, 56.155363333333334], [14.826456666666667, 56.155363333333334], [14.824601666666666, 56.11273833333333], [14.878006666666666, 56.08916333333333], [15.004538333333333, 56.01983], [15.166755, 55.96761166666667], [15.330116666666667, 55.916255], [15.488971666666666, 55.86590666666667], [18.472825, 55.06630333333333], [18.630835, 55.00153666666667], [18.779873333333335, 54.924821666666666], [18.918153333333333, 54.846154999999996], [19.01208666666667, 54.755175], [19.059835, 54.65034333333333], [19.03063, 54.552476666666664], [18.95539, 54.473785], [18.873268333333332, 54.446389999999994], [18.861476666666665, 54.445368333333334], [18.86093, 54.445346666666666], [18.861341666666664, 54.44545333333333], [18.86135833333333, 54.44546666666667], [18.861096666666665, 54.445455], [18.861328333333333, 54.44549333333334], [18.861803333333334, 54.445550000000004], [18.861978333333333, 54.445553333333336], [18.86216, 54.445523333333334], [18.862000000000002, 54.445523333333334], [18.861848333333334, 54.44554166666667], [18.861666666666668, 54.44552833333333], [18.860991666666667, 54.44549166666666], [18.861003333333333, 54.44551], [18.860545000000002, 54.445368333333334], [18.860619999999997, 54.44540166666666], [18.860295, 54.445298333333334], [18.860433333333333, 54.445365], [18.86052833333333, 54.44540666666667], [18.860511666666664, 54.44536666666667], [18.86078, 54.44545], [18.86108, 54.44549666666667], [18.861015000000002, 54.445475], [18.861081666666667, 54.44549166666666], [18.861486666666668, 54.44556166666667], [18.86152, 54.44557833333333], [18.86143666666667, 54.445568333333334], [18.861533333333334, 54.44557833333333], [18.861923333333333, 54.44558833333333], [18.8617, 54.44558166666666], [18.861620000000002, 54.44557666666666], [18.861601666666665, 54.44554166666667], [18.86139166666667, 54.44555666666667], [18.86122333333333, 54.445478333333334], [18.86108833333333, 54.445508333333336], [18.860883333333334, 54.445463333333336], [18.860628333333334, 54.445418333333336], [18.86052833333333, 54.44541166666667], [18.860395, 54.44536333333333], [18.86037, 54.44536], [18.86027, 54.44533], [18.860318333333332, 54.44536166666667], [18.860281666666666, 54.445344999999996], [18.86041, 54.44541666666667], [18.860698333333335, 54.445503333333335], [18.86052833333333, 54.44545], [18.860703333333333, 54.445475], [18.86089666666667, 54.44553666666666], [18.86075333333333, 54.44553166666667], [18.860905, 54.445575], [18.860591666666668, 54.44551166666667], [18.86078, 54.44554666666667], [18.860745, 54.44554666666667], [18.860653333333335, 54.44553166666667], [18.860568333333333, 54.44551333333333], [18.860556666666664, 54.44555666666667], [18.86055, 54.44554666666667], [18.860666666666667, 54.445550000000004], [18.860743333333335, 54.44558], [18.860511666666664, 54.44552833333333], [18.860633333333332, 54.44555833333333], [18.86063, 54.445568333333334], [18.860726666666668, 54.445591666666665], [18.860521666666667, 54.44555666666667], [18.86043, 54.445545], [18.860485, 54.44555666666667], [18.860466666666664, 54.44559666666667], [18.86025, 54.44554666666667], [18.860288333333333, 54.445521666666664], [18.860290000000003, 54.44559], [18.860288333333333, 54.445593333333335], [18.860116666666666, 54.445555], [18.86000166666667, 54.44553333333333], [18.86020166666667, 54.44560166666667], [18.860173333333332, 54.444206666666666], [18.81543, 54.41592], [18.707055, 54.39666], [18.70718, 54.39646833333334], [18.707175, 54.39647], [18.707175, 54.39646833333334], [18.707171666666667, 54.39646333333334], [18.707176666666665, 54.396454999999996], [18.70717833333333, 54.39646333333334], [18.70717833333333, 54.396465]]}, "properties": {"label": "HAPPY PEREGRINE", "mmsi": "219558000", "imo": "9553660", "name": "HAPPY PEREGRINE", "shiptype": "", "first_seen_utc": "2026-01-05T00:31:00Z", "last_seen_utc": "2026-01-14T16:10:15Z", "destination": "PLGDN", "eta": "{'Day': 12, 'Hour': 19, 'Minute': 0, 'Month': 1}", "display": "", "links": "<a href=\"https://www.vesselfinder.com/vessels?name=9553660\" target=\"_blank\" rel=\"noopener\">VesselFinder</a> | <a href=\"https://www.marinetraffic.com/en/ais/search/all?keyword=9553660\" target=\"_blank\" rel=\"noopener\">MarineTraffic</a>", "vf_url": "https://www.vesselfinder.com/vessels?name=9553660", "mst_url": "https://www.marinetraffic.com/en/ais/search/all?keyword=9553660", "method": "v3_2pass_track3d_fromru10d", "ru_seen_in_lookback": true, "in_monitor_on_day": true}}, {"type": "Feature", "geometry": {"type": "Point", "coordinates": [18.70717833333333, 54.396465]}, "properties": {"label": "HAPPY PEREGRINE", "mmsi": "219558000", "imo": "9553660", "name": "HAPPY PEREGRINE", "shiptype": "", "first_seen_utc": "2026-01-05T00:31:00Z", "last_seen_utc": "2026-01-14T16:10:15Z", "destination": "PLGDN", "eta": "{'Day': 12, 'Hour': 19, 'Minute': 0, 'Month': 1}", "display": "HAPPY PEREGRINE (219558000)", "links": "<a href=\"https://www.vesselfinder.com/vessels?name=9553660\" target=\"_blank\" rel=\"noopener\">VesselFinder</a> | <a href=\"https://www.marinetraffic.com/en/ais/search/all?keyword=9553660\" target=\"_blank\" rel=\"noopener\">MarineTraffic</a>", "vf_url": "https://www.vesselfinder.com/vessels?name=9553660", "mst_url": "https://www.marinetraffic.com/en/ais/search/all?keyword=9553660", "method": "v3_2pass_track3d_fromru10d", "ru_seen_in_lookback": true, "in_monitor_on_day": true}}, {"type": "Feature", "geometry": {"type": "LineString", "coordinates": [[4.404165000000001, 54.06543166666667], [4.119983333333334, 53.920503333333336], [3.833935, 53.78774666666666], [3.549046666666667, 53.47239666666667], [2.646851666666667, 52.14107666666666], [2.6288316666666662, 52.04342333333333], [2.614408333333333, 51.945386666666664], [2.5592016666666666, 51.85664333333333], [2.45771, 51.780409999999996], [2.352275, 51.702396666666665], [2.24998, 51.627001666666665], [2.148755, 51.55363166666667], [2.0482733333333334, 51.47962666666667], [1.9789016666666666, 51.397425], [2.1128466666666665, 51.33205833333333], [2.2704, 51.30828333333333], [2.387176666666667, 51.33584833333334], [2.4915733333333336, 51.36388833333333], [2.624913333333333, 51.377336666666665], [2.6659583333333337, 51.40625333333333], [2.668363333333333, 51.414155], [2.6693700000000002, 51.41498333333333], [2.6713333333333336, 51.416041666666665], [2.6738333333333335, 51.41565333333333], [2.6736333333333335, 51.41575], [2.67355, 51.41579166666667], [2.673845, 51.415705], [2.673521666666667, 51.41583833333333], [2.673505, 51.41589833333333], [2.6734166666666668, 51.41594166666666], [2.6732416666666667, 51.41599], [2.6731416666666665, 51.41610333333333], [2.67221, 51.41621833333333], [2.67204, 51.41636333333334], [2.671966666666667, 51.416331666666665], [2.6715233333333335, 51.416325], [2.670821666666667, 51.416275000000006], [2.6713549999999997, 51.41625], [2.670925, 51.416275000000006], [2.67026, 51.41607166666667], [2.6693849999999997, 51.415636666666664], [2.6694766666666667, 51.415303333333334], [2.669208333333333, 51.41485333333333], [2.6691933333333333, 51.41466333333334], [2.6693766666666665, 51.414926666666666], [2.670398333333333, 51.41587833333333], [2.67386, 51.41589833333333], [2.6737266666666666, 51.41596833333333], [2.6742383333333333, 51.41576666666666], [2.6744416666666666, 51.41569833333333], [2.674491666666667, 51.41562166666667], [2.6745216666666667, 51.41564], [2.674428333333333, 51.415708333333335], [2.67448, 51.41572], [2.674498333333333, 51.415726666666664], [2.674491666666667, 51.41573666666667], [2.674545, 51.41558666666666], [2.6747316666666667, 51.41556666666667], [2.6747116666666666, 51.41549333333333], [2.6752266666666666, 51.41318166666667], [2.6734316666666667, 51.41151166666667], [2.672615, 51.410923333333336], [2.6714849999999997, 51.41091333333333], [2.6707833333333335, 51.411031666666666], [2.67082, 51.411089999999994], [2.67102, 51.411008333333335], [2.671158333333333, 51.410983333333334], [2.6713116666666665, 51.41097], [2.67183, 51.41097], [2.6722416666666664, 51.410981666666665], [2.67299, 51.411035], [2.6739166666666665, 51.41135666666666], [2.6743683333333332, 51.41161], [2.6753883333333333, 51.41264666666667], [2.675465, 51.413243333333334], [2.6754233333333333, 51.41363166666667], [2.6753183333333337, 51.414141666666666], [2.6750649999999996, 51.41446], [2.6747883333333333, 51.41458], [2.6744933333333334, 51.41476], [2.6740583333333334, 51.41486833333333], [2.673128333333333, 51.415255], [2.6710966666666667, 51.415425], [2.6692166666666663, 51.41464666666666], [2.6685783333333335, 51.41351833333333], [2.6685783333333335, 51.413415], [2.6685733333333332, 51.41287166666667], [2.66875, 51.412598333333335]]}, "properties": {"label": "BORDEIRA", "mmsi": "229336000", "imo": "9529499", "name": "BORDEIRA", "shiptype": "", "first_seen_utc": "2026-01-05T00:34:38Z", "last_seen_utc": "2026-01-14T15:43:33Z", "destination": "BE ANR", "eta": "{'Day': 13, 'Hour': 3, 'Minute': 0, 'Month': 1}", "display": "", "links": "<a href=\"https://www.vesselfinder.com/vessels?name=9529499\" target=\"_blank\" rel=\"noopener\">VesselFinder</a> | <a href=\"https://www.marinetraffic.com/en/ais/search/all?keyword=9529499\" target=\"_blank\" rel=\"noopener\">MarineTraffic</a>", "vf_url": "https://www.vesselfinder.com/vessels?name=9529499", "mst_url": "https://www.marinetraffic.com/en/ais/search/all?keyword=9529499", "method": "v3_2pass_track3d_fromru10d", "ru_seen_in_lookback": true, "in_monitor_on_day": true}}, {"type": "Feature", "geometry": {"type": "Point", "coordinates": [2.66875, 51.412598333333335]}, "properties": {"label": "BORDEIRA", "mmsi": "229336000", "imo": "9529499", "name": "BORDEIRA", "shiptype": "", "first_seen_utc": "2026-01-05T00:34:38Z", "last_seen_utc": "2026-01-14T15:43:33Z", "destination": "BE ANR", "eta": "{'Day': 13, 'Hour': 3, 'Minute': 0, 'Month': 1}", "display": "BORDEIRA (229336000)", "links": "<a href=\"https://www.vesselfinder.com/vessels?name=9529499\" target=\"_blank\" rel=\"noopener\">VesselFinder</a> | <a href=\"https://www.marinetraffic.com/en/ais/search/all?keyword=9529499\" target=\"_blank\" rel=\"noopener\">MarineTraffic</a>", "vf_url": "https://www.vesselfinder.com/vessels?name=9529499", "mst_url": "https://www.marinetraffic.com/en/ais/search/all?keyword=9529499", "method": "v3_2pass_track3d_fromru10d", "ru_seen_in_lookback": true, "in_monitor_on_day": true}}, {"type": "Feature", "geometry": {"type": "LineString", "coordinates": [[19.050053333333334, 54.82438333333334], [19.07213, 54.859605], [19.065306666666668, 54.85589], [19.05935, 54.84649], [19.052931666666666, 54.83866666666667], [19.04577833333333, 54.830751666666664], [19.038085000000002, 54.821235], [19.036715, 54.81098333333333], [19.044331666666668, 54.800691666666665], [19.053088333333335, 54.79085333333333], [19.061651666666666, 54.78100166666666], [19.069671666666668, 54.771123333333335], [19.074863333333333, 54.76086333333333], [19.081685, 54.750861666666665], [19.090506666666666, 54.74272166666666], [19.104415, 54.73534333333334], [19.119633333333336, 54.72889166666666], [19.08852166666667, 54.70321833333333], [19.058865, 54.60463], [18.993898333333334, 54.517795], [18.931448333333332, 54.442890000000006], [18.837563333333332, 54.41948333333333], [18.735188333333333, 54.401955], [18.714771666666664, 54.389021666666665], [18.711011666666664, 54.38798333333333], [18.711000000000002, 54.38800833333333], [18.710995, 54.38803], [18.710995, 54.388015], [18.710986666666667, 54.38805166666667], [18.710995, 54.388015], [18.711001666666668, 54.38802166666667], [18.711003333333334, 54.38802], [18.710995, 54.38802333333333], [18.71099, 54.38802166666667], [18.711000000000002, 54.38801333333333], [18.711001666666668, 54.38802333333333], [18.710995, 54.388018333333335], [18.710983333333335, 54.38802833333333], [18.710988333333333, 54.38802333333333], [18.71099333333333, 54.388018333333335], [18.71098, 54.38802333333333], [18.710998333333336, 54.38802833333333], [18.711015, 54.38803], [18.710998333333336, 54.38803166666666], [18.710996666666666, 54.38802666666666], [18.711000000000002, 54.388038333333334], [18.711000000000002, 54.38802166666667], [18.710998333333336, 54.388025], [18.710995, 54.388025], [18.711000000000002, 54.38802666666666], [18.711001666666668, 54.38802], [18.710991666666665, 54.38802333333333], [18.71099, 54.38802166666667], [18.711008333333332, 54.38802], [18.711006666666666, 54.38801333333333], [18.710998333333336, 54.38803166666666], [18.711000000000002, 54.38802666666666], [18.71099, 54.38803166666666], [18.711003333333334, 54.388038333333334], [18.710996666666666, 54.388034999999995], [18.711000000000002, 54.388016666666665], [18.710991666666665, 54.38802166666667], [18.710996666666666, 54.38802166666667], [18.710998333333336, 54.388018333333335], [18.711001666666668, 54.38803], [18.711003333333334, 54.388025], [18.711006666666666, 54.388025], [18.710991666666665, 54.388018333333335], [18.710998333333336, 54.388018333333335], [18.711001666666668, 54.388005], [18.711003333333334, 54.388018333333335], [18.711005, 54.388045000000005], [18.711006666666666, 54.38802166666667], [18.71099333333333, 54.38802666666666], [18.710991666666665, 54.38802], [18.71099333333333, 54.38802166666667], [18.711006666666666, 54.387989999999995], [18.710978333333333, 54.38802666666666], [18.710983333333335, 54.38802333333333], [18.710991666666665, 54.38803], [18.711001666666668, 54.388025], [18.711000000000002, 54.388015], [18.711000000000002, 54.38802166666667], [18.71099333333333, 54.388018333333335], [18.710998333333336, 54.388016666666665], [18.710998333333336, 54.388016666666665], [18.710988333333333, 54.38802833333333], [18.710996666666666, 54.38802333333333], [18.71099333333333, 54.38802666666666], [18.710991666666665, 54.38802166666667], [18.711003333333334, 54.388025], [18.71099333333333, 54.388016666666665], [18.710991666666665, 54.388015], [18.710988333333333, 54.38802], [18.710991666666665, 54.38802], [18.71099, 54.388018333333335], [18.710991666666665, 54.38802], [18.71099, 54.38802833333333], [18.71099333333333, 54.388025], [18.710991666666665, 54.388034999999995], [18.710978333333333, 54.38804666666667], [18.71099, 54.38802333333333], [18.710991666666665, 54.388018333333335], [18.710985, 54.388025], [18.710983333333335, 54.388011666666664], [18.710986666666667, 54.388018333333335], [18.710985, 54.388018333333335], [18.710976666666667, 54.388025], [18.710985, 54.38802333333333], [18.710998333333336, 54.38802], [18.710986666666667, 54.388016666666665], [18.710991666666665, 54.388025], [18.710983333333335, 54.38802166666667], [18.710996666666666, 54.38802666666666], [18.711009999999998, 54.38801333333333], [18.711003333333334, 54.388040000000004], [18.71099333333333, 54.388034999999995], [18.710996666666666, 54.388018333333335], [18.710998333333336, 54.38802], [18.711000000000002, 54.38802333333333], [18.711000000000002, 54.38802666666666]]}, "properties": {"label": "CMA CGM KERGUELEN", "mmsi": "215207000", "imo": "9702132", "name": "CMA CGM KERGUELEN", "shiptype": "", "first_seen_utc": "2026-01-05T00:37:16Z", "last_seen_utc": "2026-01-14T15:58:04Z", "destination": "SEGOT", "eta": "{'Day': 16, 'Hour': 5, 'Minute': 0, 'Month': 1}", "display": "", "links": "<a href=\"https://www.vesselfinder.com/vessels?name=9702132\" target=\"_blank\" rel=\"noopener\">VesselFinder</a> | <a href=\"https://www.marinetraffic.com/en/ais/search/all?keyword=9702132\" target=\"_blank\" rel=\"noopener\">MarineTraffic</a>", "vf_url": "https://www.vesselfinder.com/vessels?name=9702132", "mst_url": "https://www.marinetraffic.com/en/ais/search/all?keyword=9702132", "method": "v3_2pass_track3d_fromru10d", "ru_seen_in_lookback": true, "in_monitor_on_day": true}}, {"type": "Feature", "geometry": {"type": "Point", "coordinates": [18.711000000000002, 54.38802666666666]}, "properties": {"label": "CMA CGM KERGUELEN", "mmsi": "215207000", "imo": "9702132", "name": "CMA CGM KERGUELEN", "shiptype": "", "first_seen_utc": "2026-01-05T00:37:16Z", "last_seen_utc": "2026-01-14T15:58:04Z", "destination": "SEGOT", "eta": "{'Day': 16, 'Hour': 5, 'Minute': 0, 'Month': 1}", "display": "CMA CGM KERGUELEN (215207000)", "links": "<a href=\"https://www.vesselfinder.com/vessels?name=9702132\" target=\"_blank\" rel=\"noopener\">VesselFinder</a> | <a href=\"https://www.marinetraffic.com/en/ais/search/all?keyword=9702132\" target=\"_blank\" rel=\"noopener\">MarineTraffic</a>", "vf_url": "https://www.vesselfinder.com/vessels?name=9702132", "mst_url": "https://www.marinetraffic.com/en/ais/search/all?keyword=9702132", "method": "v3_2pass_track3d_fromru10d", "ru_seen_in_lookback": true, "in_monitor_on_day": true}}, {"type": "Feature", "geometry": {"type": "LineString", "coordinates": [[19.065005, 54.90066], [19.038935, 54.84352666666667], [19.008111666666665, 54.784279999999995], [18.975311666666666, 54.72761166666667], [18.934124999999998, 54.670985], [18.891963333333333, 54.614826666666666], [18.833408333333335, 54.565245], [18.766358333333336, 54.51882], [18.704651666666667, 54.47692833333333], [18.671948333333333, 54.456871666666665], [18.671131666666668, 54.45543166666666], [18.671358333333334, 54.455481666666664], [18.671583333333334, 54.45557833333333], [18.67128166666667, 54.455463333333334], [18.671296666666667, 54.45547833333333], [18.671555, 54.45556166666667], [18.671325000000003, 54.45548333333333], [18.67157166666667, 54.45556833333333], [18.6712, 54.45548333333333], [18.67086833333333, 54.45538333333333], [18.666908333333332, 54.44662833333334], [18.661189999999998, 54.40917833333333], [18.670286666666666, 54.390724999999996], [18.66722, 54.38696166666667], [18.66751, 54.38711833333333], [18.667493333333333, 54.38714], [18.667481666666667, 54.38713333333333], [18.667475000000003, 54.38714166666667], [18.66749666666667, 54.38715], [18.667468333333332, 54.38714], [18.667495, 54.38715166666667], [18.667486666666665, 54.38713166666666], [18.66749, 54.38712666666667], [18.667520000000003, 54.38714], [18.667469999999998, 54.38715333333334], [18.66748, 54.38713166666666], [18.66748833333333, 54.38711333333333], [18.667478333333335, 54.387145000000004], [18.667505000000002, 54.387146666666666], [18.667514999999998, 54.38715833333333], [18.667526666666667, 54.38715666666667], [18.66751, 54.387146666666666], [18.667513333333332, 54.38713], [18.6675, 54.387134999999994], [18.667514999999998, 54.38711833333333], [18.667485, 54.387123333333335], [18.667471666666664, 54.38713833333334], [18.66748833333333, 54.38713666666667], [18.667483333333333, 54.387123333333335], [18.66749, 54.387143333333334], [18.66749666666667, 54.38712833333333], [18.667514999999998, 54.387103333333336], [18.667503333333332, 54.38712666666667], [18.667495, 54.38713], [18.667508333333334, 54.387119999999996], [18.667483333333333, 54.38712666666667], [18.667483333333333, 54.38711833333333], [18.667493333333333, 54.387134999999994], [18.667493333333333, 54.38714], [18.667513333333332, 54.387145000000004], [18.667481666666667, 54.38713666666667], [18.667456666666666, 54.38715333333334], [18.667481666666667, 54.38716333333333], [18.667478333333335, 54.38713666666667], [18.667511666666666, 54.387125], [18.667508333333334, 54.387134999999994], [18.66751833333333, 54.38709333333334], [18.667493333333333, 54.38711166666667], [18.667550000000002, 54.38712666666667], [18.667523333333335, 54.38715333333334], [18.667481666666667, 54.38714], [18.66745, 54.38716333333333], [18.667478333333335, 54.387146666666666], [18.660975, 54.37968], [18.66357, 54.36403166666666], [18.663596666666667, 54.36404666666667], [18.663561666666666, 54.36405666666667], [18.663553333333333, 54.36405166666667], [18.665855, 54.36564], [18.66744, 54.38714], [18.667486666666665, 54.387164999999996], [18.667478333333335, 54.38712666666667], [18.667486666666665, 54.387148333333336], [18.667506666666668, 54.38717], [18.66754, 54.387148333333336], [18.66720666666667, 54.38698333333333], [18.66718, 54.38696], [18.660338333333335, 54.382815], [18.662508333333335, 54.38466833333334], [18.654526666666666, 54.419563333333336], [18.717078333333333, 54.47083], [18.795031666666667, 54.522695], [18.872808333333335, 54.57571666666667], [18.93345833333333, 54.63644], [18.965449999999997, 54.701768333333334], [18.983515, 54.767871666666665], [18.986323333333335, 54.83419166666667], [18.9881, 54.91441333333333]]}, "properties": {"label": "RADUGA ALTAIR", "mmsi": "210561000", "imo": "9338773", "name": "RADUGA ALTAIR", "shiptype": "", "first_seen_utc": "2026-01-05T00:47:25Z", "last_seen_utc": "2026-01-14T04:25:59Z", "destination": "RULED", "eta": "{'Day': 16, 'Hour': 19, 'Minute': 0, 'Month': 1}", "display": "", "links": "<a href=\"https://www.vesselfinder.com/vessels?name=9338773\" target=\"_blank\" rel=\"noopener\">VesselFinder</a> | <a href=\"https://www.marinetraffic.com/en/ais/search/all?keyword=9338773\" target=\"_blank\" rel=\"noopener\">MarineTraffic</a>", "vf_url": "https://www.vesselfinder.com/vessels?name=9338773", "mst_url": "https://www.marinetraffic.com/en/ais/search/all?keyword=9338773", "method": "v3_2pass_track3d_fromru10d", "ru_seen_in_lookback": true, "in_monitor_on_day": true}}, {"type": "Feature", "geometry": {"type": "Point", "coordinates": [18.9881, 54.91441333333333]}, "properties": {"label": "RADUGA ALTAIR", "mmsi": "210561000", "imo": "9338773", "name": "RADUGA ALTAIR", "shiptype": "", "first_seen_utc": "2026-01-05T00:47:25Z", "last_seen_utc": "2026-01-14T04:25:59Z", "destination": "RULED", "eta": "{'Day': 16, 'Hour': 19, 'Minute': 0, 'Month': 1}", "display": "RADUGA ALTAIR (210561000)", "links": "<a href=\"https://www.vesselfinder.com/vessels?name=9338773\" target=\"_blank\" rel=\"noopener\">VesselFinder</a> | <a href=\"https://www.marinetraffic.com/en/ais/search/all?keyword=9338773\" target=\"_blank\" rel=\"noopener\">MarineTraffic</a>", "vf_url": "https://www.vesselfinder.com/vessels?name=9338773", "mst_url": "https://www.marinetraffic.com/en/ais/search/all?keyword=9338773", "method": "v3_2pass_track3d_fromru10d", "ru_seen_in_lookback": true, "in_monitor_on_day": true}}, {"type": "Feature", "geometry": {"type": "LineString", "coordinates": [[18.851016666666666, 54.44152666666666], [18.851163333333332, 54.44137333333333], [18.850313333333336, 54.44175833333334], [18.850295000000003, 54.44192833333333], [18.849929999999997, 54.44243166666667], [18.849881666666665, 54.442523333333334], [18.850058333333333, 54.44286], [18.850306666666665, 54.443054999999994], [18.850993333333335, 54.44335], [18.851323333333333, 54.443374999999996], [18.85146, 54.443329999999996], [18.851, 54.44300166666667], [18.849980000000002, 54.442395000000005], [18.850216666666665, 54.44195666666667], [18.85279166666667, 54.44147833333333], [18.852518333333332, 54.44139166666666], [18.852436666666666, 54.44135333333334], [18.852314999999997, 54.44134], [18.85270166666667, 54.441405], [18.85269, 54.441383333333334], [18.852590000000003, 54.441361666666666], [18.852565000000002, 54.44134833333333], [18.85282, 54.441435], [18.852948333333334, 54.44152666666666], [18.853071666666665, 54.441588333333335], [18.85306166666667, 54.44159666666667], [18.853085, 54.441604999999996], [18.853175, 54.44170666666666], [18.85338833333333, 54.441805], [18.853036666666664, 54.44168166666667], [18.835195, 54.43702666666666], [18.772571666666668, 54.41292333333333], [18.707476666666665, 54.39665], [18.707176666666665, 54.396335], [18.70717833333333, 54.39633], [18.707168333333335, 54.39631833333333], [18.70716666666667, 54.396323333333335], [18.70716, 54.39632166666667], [18.70716666666667, 54.39633166666667], [18.70716333333333, 54.39633666666667], [18.70718833333333, 54.39635], [18.707125, 54.396348333333336], [18.707150000000002, 54.396341666666665], [18.707168333333335, 54.396364999999996], [18.707136666666667, 54.39633666666667], [18.707155, 54.396348333333336], [18.707176666666665, 54.396345], [18.707215, 54.39635166666667], [18.70716, 54.39633166666667], [18.707185, 54.39634], [18.70719666666667, 54.39633], [18.707173333333333, 54.396346666666666], [18.707186666666665, 54.39638166666667], [18.70718, 54.39638333333333], [18.707175, 54.39634], [18.707150000000002, 54.396345], [18.707148333333336, 54.396355], [18.70716, 54.39633833333333], [18.70717, 54.396345], [18.707153333333334, 54.39631833333333], [18.70716666666667, 54.39632833333334], [18.707195000000002, 54.39632833333334], [18.70716, 54.396323333333335], [18.707151666666668, 54.396325000000004], [18.71207, 54.39685166666666], [18.8474, 54.420428333333334], [18.996818333333334, 54.455895000000005], [19.072080000000003, 54.55097], [19.10580666666667, 54.64760166666667], [19.051161666666665, 54.74446666666667], [18.89931, 54.92556166666667], [15.55948, 55.88585666666667], [15.390916666666667, 55.93138], [15.227756666666666, 55.97849166666666], [15.067910000000001, 56.025144999999995], [14.905236666666667, 56.070254999999996], [14.856938333333334, 56.11221166666667], [14.856306666666667, 56.11457333333333], [14.855856666666666, 56.11440833333334], [14.856451666666667, 56.114623333333334], [14.856308333333335, 56.114754999999995], [14.856743333333332, 56.114871666666666], [14.856235, 56.11474333333333], [14.856425, 56.11480666666667], [14.856488333333335, 56.11479333333333], [14.856813333333333, 56.11488333333333], [14.857245, 56.11494666666667], [14.857508333333334, 56.114911666666664], [14.857436666666667, 56.114855], [14.857088333333333, 56.114850000000004], [14.857028333333334, 56.114810000000006], [14.856875, 56.114855], [14.856955, 56.11483666666666], [14.857063333333334, 56.11472666666667], [14.857236666666667, 56.11474166666667], [14.85735, 56.114670000000004], [14.858121666666667, 56.11466333333333], [14.857190000000001, 56.11477166666667], [14.857679999999998, 56.11478833333333], [14.858236666666667, 56.11477], [14.858640000000001, 56.11462166666667]]}, "properties": {"label": "DREAM TERRAX", "mmsi": "538008844", "imo": "9875719", "name": "DREAM TERRAX", "shiptype": "", "first_seen_utc": "2026-01-05T02:05:41Z", "last_seen_utc": "2026-01-14T15:57:11Z", "destination": "PL GDN>SE KAN", "eta": "{'Day': 14, 'Hour': 4, 'Minute': 0, 'Month': 1}", "display": "", "links": "<a href=\"https://www.vesselfinder.com/vessels?name=9875719\" target=\"_blank\" rel=\"noopener\">VesselFinder</a> | <a href=\"https://www.marinetraffic.com/en/ais/search/all?keyword=9875719\" target=\"_blank\" rel=\"noopener\">MarineTraffic</a>", "vf_url": "https://www.vesselfinder.com/vessels?name=9875719", "mst_url": "https://www.marinetraffic.com/en/ais/search/all?keyword=9875719", "method": "v3_2pass_track3d_fromru10d", "ru_seen_in_lookback": true, "in_monitor_on_day": true}}, {"type": "Feature", "geometry": {"type": "Point", "coordinates": [14.858640000000001, 56.11462166666667]}, "properties": {"label": "DREAM TERRAX", "mmsi": "538008844", "imo": "9875719", "name": "DREAM TERRAX", "shiptype": "", "first_seen_utc": "2026-01-05T02:05:41Z", "last_seen_utc": "2026-01-14T15:57:11Z", "destination": "PL GDN>SE KAN", "eta": "{'Day': 14, 'Hour': 4, 'Minute': 0, 'Month': 1}", "display": "DREAM TERRAX (538008844)", "links": "<a href=\"https://www.vesselfinder.com/vessels?name=9875719\" target=\"_blank\" rel=\"noopener\">VesselFinder</a> | <a href=\"https://www.marinetraffic.com/en/ais/search/all?keyword=9875719\" target=\"_blank\" rel=\"noopener\">MarineTraffic</a>", "vf_url": "https://www.vesselfinder.com/vessels?name=9875719", "mst_url": "https://www.marinetraffic.com/en/ais/search/all?keyword=9875719", "method": "v3_2pass_track3d_fromru10d", "ru_seen_in_lookback": true, "in_monitor_on_day": true}}, {"type": "Feature", "geometry": {"type": "LineString", "coordinates": [[7.838206666666666, 53.922355], [7.837986666666667, 53.92233], [7.838044999999999, 53.922335], [7.838080000000001, 53.922378333333334], [7.83639, 53.92180666666666], [7.838243333333334, 53.92234], [7.839393333333334, 53.92224], [7.840066666666667, 53.92213], [7.840236666666667, 53.922088333333335], [7.840310000000001, 53.92202833333333], [7.840251666666666, 53.921976666666666], [7.839956666666667, 53.92214333333333], [7.839566666666667, 53.92223333333333], [7.83896, 53.922325], [7.838995, 53.922385], [7.838416666666666, 53.92238333333333], [7.838288333333334, 53.92238666666666], [7.838276666666667, 53.922360000000005], [7.8399600000000005, 53.92212833333333], [7.840416666666667, 53.921953333333335], [7.84056, 53.92196], [7.840813333333333, 53.92180333333333], [7.840888333333334, 53.921776666666666], [7.840875, 53.921745], [7.839335, 53.922381666666666], [7.840165, 53.922111666666666], [7.840954999999999, 53.921373333333335], [7.841043333333333, 53.921346666666665], [7.840676666666667, 53.921805], [7.838228333333333, 53.92235166666667], [7.837998333333333, 53.9224], [7.838021666666666, 53.92238], [7.838368333333333, 53.92242833333333], [7.838393333333333, 53.92241], [7.838931666666666, 53.922403333333335], [7.84042, 53.922093333333336], [7.841573333333333, 53.920615], [7.841301666666666, 53.921236666666665], [7.841023333333334, 53.92138], [7.84089, 53.921643333333336], [7.8409933333333335, 53.921573333333335], [7.841395, 53.92146666666667]]}, "properties": {"label": "LITTLE ATHINA", "mmsi": "636023244", "imo": "9980368", "name": "LITTLE ATHINA", "shiptype": "", "first_seen_utc": "2026-01-05T03:32:49Z", "last_seen_utc": "2026-01-14T13:26:35Z", "destination": "DEHAM", "eta": "{'Day': 12, 'Hour': 4, 'Minute': 6, 'Month': 1}", "display": "", "links": "<a href=\"https://www.vesselfinder.com/vessels?name=9980368\" target=\"_blank\" rel=\"noopener\">VesselFinder</a> | <a href=\"https://www.marinetraffic.com/en/ais/search/all?keyword=9980368\" target=\"_blank\" rel=\"noopener\">MarineTraffic</a>", "vf_url": "https://www.vesselfinder.com/vessels?name=9980368", "mst_url": "https://www.marinetraffic.com/en/ais/search/all?keyword=9980368", "method": "v3_2pass_track3d_fromru10d", "ru_seen_in_lookback": true, "in_monitor_on_day": true}}, {"type": "Feature", "geometry": {"type": "Point", "coordinates": [7.841395, 53.92146666666667]}, "properties": {"label": "LITTLE ATHINA", "mmsi": "636023244", "imo": "9980368", "name": "LITTLE ATHINA", "shiptype": "", "first_seen_utc": "2026-01-05T03:32:49Z", "last_seen_utc": "2026-01-14T13:26:35Z", "destination": "DEHAM", "eta": "{'Day': 12, 'Hour': 4, 'Minute': 6, 'Month': 1}", "display": "LITTLE ATHINA (636023244)", "links": "<a href=\"https://www.vesselfinder.com/vessels?name=9980368\" target=\"_blank\" rel=\"noopener\">VesselFinder</a> | <a href=\"https://www.marinetraffic.com/en/ais/search/all?keyword=9980368\" target=\"_blank\" rel=\"noopener\">MarineTraffic</a>", "vf_url": "https://www.vesselfinder.com/vessels?name=9980368", "mst_url": "https://www.marinetraffic.com/en/ais/search/all?keyword=9980368", "method": "v3_2pass_track3d_fromru10d", "ru_seen_in_lookback": true, "in_monitor_on_day": true}}, {"type": "Feature", "geometry": {"type": "LineString", "coordinates": [[11.578211666666666, 54.48741], [11.424588333333332, 54.52981333333333], [11.264856666666667, 54.57373833333334], [11.1067, 54.60030833333334], [10.957133333333333, 54.614760000000004], [10.860896666666667, 54.64304], [10.777883333333333, 54.68204166666667], [10.794785, 54.756861666666666], [10.837186666666666, 54.844415000000005], [10.905035, 54.94571833333334], [10.994128333333332, 55.029313333333334], [10.990173333333333, 55.127673333333334], [11.094611666666667, 55.20104166666667], [11.050456666666665, 55.29867166666667], [10.871778333333333, 55.51577833333333], [10.802668333333335, 55.613506666666666], [10.800655, 55.716585], [10.827866666666667, 55.82322], [10.944619999999999, 55.909683333333334], [10.402921666666666, 57.856388333333335], [10.183046666666666, 57.885095], [9.985071666666666, 57.87215166666667], [9.79176, 57.846914999999996], [9.603996666666665, 57.82207166666667], [9.449016666666667, 57.77041833333333], [9.289888333333332, 57.714805], [9.127555, 57.657518333333336], [8.964856666666666, 57.602176666666665], [8.808918333333335, 57.54654166666667], [8.656486666666666, 57.49182666666666], [8.505551666666667, 57.442015], [8.357285, 57.390215], [8.20267, 57.34389], [8.058238333333334, 57.28376], [7.909011666666667, 57.22849166666666], [7.752618333333333, 57.172718333333336], [7.604381666666667, 57.123360000000005], [7.456778333333333, 57.06877333333333], [7.313338333333333, 56.95431833333334], [3.821625, 53.782408333333336], [3.6363766666666666, 53.650655], [3.5774933333333334, 53.54237], [3.2472783333333335, 52.91282], [2.666948333333333, 52.233565], [2.6079766666666666, 52.14053166666667], [2.5951233333333334, 52.04357166666667], [2.5865766666666667, 51.942710000000005], [2.504035, 51.86074], [2.3925533333333333, 51.782355], [2.2760116666666668, 51.70867666666666], [2.1607399999999997, 51.62763666666667], [2.0390366666666666, 51.547019999999996], [1.9184533333333333, 51.46469833333333]]}, "properties": {"label": "ACACIA", "mmsi": "538009124", "imo": "9597642", "name": "ACACIA", "shiptype": "", "first_seen_utc": "2026-01-05T05:04:55Z", "last_seen_utc": "2026-01-14T15:53:23Z", "destination": "CISPY", "eta": "{'Day': 25, 'Hour': 12, 'Minute': 0, 'Month': 1}", "display": "", "links": "<a href=\"https://www.vesselfinder.com/vessels?name=9597642\" target=\"_blank\" rel=\"noopener\">VesselFinder</a> | <a href=\"https://www.marinetraffic.com/en/ais/search/all?keyword=9597642\" target=\"_blank\" rel=\"noopener\">MarineTraffic</a>", "vf_url": "https://www.vesselfinder.com/vessels?name=9597642", "mst_url": "https://www.marinetraffic.com/en/ais/search/all?keyword=9597642", "method": "v3_2pass_track3d_fromru10d", "ru_seen_in_lookback": true, "in_monitor_on_day": true}}, {"type": "Feature", "geometry": {"type": "Point", "coordinates": [1.9184533333333333, 51.46469833333333]}, "properties": {"label": "ACACIA", "mmsi": "538009124", "imo": "9597642", "name": "ACACIA", "shiptype": "", "first_seen_utc": "2026-01-05T05:04:55Z", "last_seen_utc": "2026-01-14T15:53:23Z", "destination": "CISPY", "eta": "{'Day': 25, 'Hour': 12, 'Minute': 0, 'Month': 1}", "display": "ACACIA (538009124)", "links": "<a href=\"https://www.vesselfinder.com/vessels?name=9597642\" target=\"_blank\" rel=\"noopener\">VesselFinder</a> | <a href=\"https://www.marinetraffic.com/en/ais/search/all?keyword=9597642\" target=\"_blank\" rel=\"noopener\">MarineTraffic</a>", "vf_url": "https://www.vesselfinder.com/vessels?name=9597642", "mst_url": "https://www.marinetraffic.com/en/ais/search/all?keyword=9597642", "method": "v3_2pass_track3d_fromru10d", "ru_seen_in_lookback": true, "in_monitor_on_day": true}}, {"type": "Feature", "geometry": {"type": "LineString", "coordinates": [[10.480878333333333, 57.84611333333333], [10.314378333333334, 57.856064999999994], [10.1443, 57.857591666666664], [9.983113333333334, 57.849705], [9.781038333333333, 57.836148333333334], [9.629093333333334, 57.83052333333333], [9.502688333333333, 57.79709666666667], [9.176218333333333, 57.678916666666666], [9.047971666666665, 57.63523], [8.91742, 57.58902333333333], [8.785183333333332, 57.54289333333334], [8.653305, 57.498976666666664], [8.510636666666667, 57.45241], [8.399018333333334, 57.40632666666667], [8.307618333333334, 57.35367], [8.222795, 57.28492166666667], [3.0978383333333332, 52.72688], [2.9530666666666665, 52.557206666666666], [2.87845, 52.46653166666667], [2.7812116666666666, 52.34874], [2.6735183333333334, 52.221376666666664], [2.6329833333333337, 52.13236], [2.6153916666666666, 52.034819999999996], [2.4860366666666667, 51.814745], [2.380978333333333, 51.74285], [2.265823333333333, 51.664925000000004], [2.1818083333333336, 51.60666666666667], [2.094266666666667, 51.54687], [2.000755, 51.491755], [1.9269816666666666, 51.42817333333333], [1.8612116666666667, 51.356408333333334], [1.80074, 51.28033333333334], [1.7215783333333334, 51.20680166666667], [1.6102750000000001, 51.146253333333334], [1.4885016666666668, 51.084426666666666], [1.3433633333333332, 51.006780000000006]]}, "properties": {"label": "LAKER", "mmsi": "352003741", "imo": "9581368", "name": "LAKER", "shiptype": "", "first_seen_utc": "2026-01-05T05:23:47Z", "last_seen_utc": "2026-01-14T15:23:58Z", "destination": "SN DKR", "eta": "{'Day': 22, 'Hour': 12, 'Minute': 5, 'Month': 1}", "display": "", "links": "<a href=\"https://www.vesselfinder.com/vessels?name=9581368\" target=\"_blank\" rel=\"noopener\">VesselFinder</a> | <a href=\"https://www.marinetraffic.com/en/ais/search/all?keyword=9581368\" target=\"_blank\" rel=\"noopener\">MarineTraffic</a>", "vf_url": "https://www.vesselfinder.com/vessels?name=9581368", "mst_url": "https://www.marinetraffic.com/en/ais/search/all?keyword=9581368", "method": "v3_2pass_track3d_fromru10d", "ru_seen_in_lookback": true, "in_monitor_on_day": true}}, {"type": "Feature", "geometry": {"type": "Point", "coordinates": [1.3433633333333332, 51.006780000000006]}, "properties": {"label": "LAKER", "mmsi": "352003741", "imo": "9581368", "name": "LAKER", "shiptype": "", "first_seen_utc": "2026-01-05T05:23:47Z", "last_seen_utc": "2026-01-14T15:23:58Z", "destination": "SN DKR", "eta": "{'Day': 22, 'Hour': 12, 'Minute': 5, 'Month': 1}", "display": "LAKER (352003741)", "links": "<a href=\"https://www.vesselfinder.com/vessels?name=9581368\" target=\"_blank\" rel=\"noopener\">VesselFinder</a> | <a href=\"https://www.marinetraffic.com/en/ais/search/all?keyword=9581368\" target=\"_blank\" rel=\"noopener\">MarineTraffic</a>", "vf_url": "https://www.vesselfinder.com/vessels?name=9581368", "mst_url": "https://www.marinetraffic.com/en/ais/search/all?keyword=9581368", "method": "v3_2pass_track3d_fromru10d", "ru_seen_in_lookback": true, "in_monitor_on_day": true}}, {"type": "Feature", "geometry": {"type": "LineString", "coordinates": [[10.491938333333334, 57.869571666666666], [10.230861666666668, 57.84208833333333], [9.981715000000001, 57.815061666666665], [9.737034999999999, 57.79116166666667], [9.485909999999999, 57.74836166666667], [9.267468333333333, 57.704746666666665], [9.049545, 57.657695], [8.83306, 57.603655], [8.617358333333334, 57.54469166666667], [8.399886666666667, 57.484615], [8.217106666666668, 57.406886666666665], [8.030288333333333, 57.30162333333333], [7.849398333333334, 57.21942666666666], [7.606403333333334, 57.115035], [7.4150583333333335, 57.037295], [7.30136, 56.94999666666667], [7.132583333333333, 54.519665], [7.04187, 54.43671333333334], [6.990489999999999, 54.39113], [7.000458333333333, 54.385329999999996], [7.018823333333333, 54.392871666666665], [7.036443333333334, 54.39969833333334], [7.055311666666666, 54.406438333333334], [7.074174999999999, 54.41339333333334], [7.093528333333333, 54.420658333333336], [7.115013333333334, 54.429764999999996], [7.134525, 54.440155], [7.163906666666667, 54.46037833333333], [7.19446, 54.525855], [7.5847533333333335, 54.00361], [7.75772, 53.88064333333333]]}, "properties": {"label": "MAERSK GIRONDE", "mmsi": "563076300", "imo": "9235555", "name": "MAERSK GIRONDE", "shiptype": "", "first_seen_utc": "2026-01-05T05:41:30Z", "last_seen_utc": "2026-01-14T16:13:44Z", "destination": "DEBRV", "eta": "{'Day': 14, 'Hour': 16, 'Minute': 30, 'Month': 1}", "display": "", "links": "<a href=\"https://www.vesselfinder.com/vessels?name=9235555\" target=\"_blank\" rel=\"noopener\">VesselFinder</a> | <a href=\"https://www.marinetraffic.com/en/ais/search/all?keyword=9235555\" target=\"_blank\" rel=\"noopener\">MarineTraffic</a>", "vf_url": "https://www.vesselfinder.com/vessels?name=9235555", "mst_url": "https://www.marinetraffic.com/en/ais/search/all?keyword=9235555", "method": "v3_2pass_track3d_fromru10d", "ru_seen_in_lookback": true, "in_monitor_on_day": true}}, {"type": "Feature", "geometry": {"type": "Point", "coordinates": [7.75772, 53.88064333333333]}, "properties": {"label": "MAERSK GIRONDE", "mmsi": "563076300", "imo": "9235555", "name": "MAERSK GIRONDE", "shiptype": "", "first_seen_utc": "2026-01-05T05:41:30Z", "last_seen_utc": "2026-01-14T16:13:44Z", "destination": "DEBRV", "eta": "{'Day': 14, 'Hour': 16, 'Minute': 30, 'Month': 1}", "display": "MAERSK GIRONDE (563076300)", "links": "<a href=\"https://www.vesselfinder.com/vessels?name=9235555\" target=\"_blank\" rel=\"noopener\">VesselFinder</a> | <a href=\"https://www.marinetraffic.com/en/ais/search/all?keyword=9235555\" target=\"_blank\" rel=\"noopener\">MarineTraffic</a>", "vf_url": "https://www.vesselfinder.com/vessels?name=9235555", "mst_url": "https://www.marinetraffic.com/en/ais/search/all?keyword=9235555", "method": "v3_2pass_track3d_fromru10d", "ru_seen_in_lookback": true, "in_monitor_on_day": true}}, {"type": "Feature", "geometry": {"type": "LineString", "coordinates": [[10.139941666666665, 57.811278333333334], [9.982013333333333, 57.77032166666667], [9.822068333333334, 57.72288833333334], [9.655443333333332, 57.67147], [4.657358333333334, 53.591535], [4.590333333333334, 53.486821666666664], [4.5347, 53.398516666666666], [4.477045, 53.307935], [4.413405, 53.218849999999996], [4.32155, 53.143211666666666], [4.21004, 53.07974166666667], [4.099245, 53.01860833333333], [3.7458066666666667, 52.797375], [3.0780033333333336, 52.24059666666667]]}, "properties": {"label": "LUCKY", "mmsi": "636022993", "imo": "9037305", "name": "LUCKY", "shiptype": "", "first_seen_utc": "2026-01-05T05:55:16Z", "last_seen_utc": "2026-01-14T16:02:26Z", "destination": "MA JFL", "eta": "{'Day': 20, 'Hour': 12, 'Minute': 0, 'Month': 1}", "display": "", "links": "<a href=\"https://www.vesselfinder.com/vessels?name=9037305\" target=\"_blank\" rel=\"noopener\">VesselFinder</a> | <a href=\"https://www.marinetraffic.com/en/ais/search/all?keyword=9037305\" target=\"_blank\" rel=\"noopener\">MarineTraffic</a>", "vf_url": "https://www.vesselfinder.com/vessels?name=9037305", "mst_url": "https://www.marinetraffic.com/en/ais/search/all?keyword=9037305", "method": "v3_2pass_track3d_fromru10d", "ru_seen_in_lookback": true, "in_monitor_on_day": true}}, {"type": "Feature", "geometry": {"type": "Point", "coordinates": [3.0780033333333336, 52.24059666666667]}, "properties": {"label": "LUCKY", "mmsi": "636022993", "imo": "9037305", "name": "LUCKY", "shiptype": "", "first_seen_utc": "2026-01-05T05:55:16Z", "last_seen_utc": "2026-01-14T16:02:26Z", "destination": "MA JFL", "eta": "{'Day': 20, 'Hour': 12, 'Minute': 0, 'Month': 1}", "display": "LUCKY (636022993)", "links": "<a href=\"https://www.vesselfinder.com/vessels?name=9037305\" target=\"_blank\" rel=\"noopener\">VesselFinder</a> | <a href=\"https://www.marinetraffic.com/en/ais/search/all?keyword=9037305\" target=\"_blank\" rel=\"noopener\">MarineTraffic</a>", "vf_url": "https://www.vesselfinder.com/vessels?name=9037305", "mst_url": "https://www.marinetraffic.com/en/ais/search/all?keyword=9037305", "method": "v3_2pass_track3d_fromru10d", "ru_seen_in_lookback": true, "in_monitor_on_day": true}}, {"type": "Feature", "geometry": {"type": "LineString", "coordinates": [[15.504533333333335, 55.70176666666667], [15.152899999999999, 55.63068333333333], [14.95545, 55.54901666666667], [14.794, 55.49493333333333], [14.6369, 55.44388333333333], [12.266166666666667, 54.59668333333333], [12.22985, 54.52136666666667], [12.14765, 54.44486666666667], [11.979800000000001, 54.447716666666665], [11.81115, 54.45028333333333], [11.647816666666667, 54.47728333333334], [11.491783333333332, 54.520133333333334], [11.318816666666667, 54.562583333333336], [11.149233333333333, 54.60295], [10.97035, 54.61426666666667], [10.8181, 54.671616666666665], [10.800133333333333, 54.76401666666666], [10.837833333333332, 54.86423333333333], [10.901083333333334, 54.94573333333334], [10.99605, 55.030116666666665], [10.992516666666667, 55.13575], [11.103216666666667, 55.216883333333335], [11.0375, 55.31575], [10.865166666666665, 55.525816666666664]]}, "properties": {"label": "PALERMO", "mmsi": "538008065", "imo": "9414292", "name": "PALERMO", "shiptype": "", "first_seen_utc": "2026-01-05T06:19:31Z", "last_seen_utc": "2026-01-14T16:04:17Z", "destination": "GIGIB_FOR_ORDERS", "eta": "{'Day': 21, 'Hour': 10, 'Minute': 0, 'Month': 1}", "display": "", "links": "<a href=\"https://www.vesselfinder.com/vessels?name=9414292\" target=\"_blank\" rel=\"noopener\">VesselFinder</a> | <a href=\"https://www.marinetraffic.com/en/ais/search/all?keyword=9414292\" target=\"_blank\" rel=\"noopener\">MarineTraffic</a>", "vf_url": "https://www.vesselfinder.com/vessels?name=9414292", "mst_url": "https://www.marinetraffic.com/en/ais/search/all?keyword=9414292", "method": "v3_2pass_track3d_fromru10d", "ru_seen_in_lookback": true, "in_monitor_on_day": true}}, {"type": "Feature", "geometry": {"type": "Point", "coordinates": [10.865166666666665, 55.525816666666664]}, "properties": {"label": "PALERMO", "mmsi": "538008065", "imo": "9414292", "name": "PALERMO", "shiptype": "", "first_seen_utc": "2026-01-05T06:19:31Z", "last_seen_utc": "2026-01-14T16:04:17Z", "destination": "GIGIB_FOR_ORDERS", "eta": "{'Day': 21, 'Hour': 10, 'Minute': 0, 'Month': 1}", "display": "PALERMO (538008065)", "links": "<a href=\"https://www.vesselfinder.com/vessels?name=9414292\" target=\"_blank\" rel=\"noopener\">VesselFinder</a> | <a href=\"https://www.marinetraffic.com/en/ais/search/all?keyword=9414292\" target=\"_blank\" rel=\"noopener\">MarineTraffic</a>", "vf_url": "https://www.vesselfinder.com/vessels?name=9414292", "mst_url": "https://www.marinetraffic.com/en/ais/search/all?keyword=9414292", "method": "v3_2pass_track3d_fromru10d", "ru_seen_in_lookback": true, "in_monitor_on_day": true}}, {"type": "Feature", "geometry": {"type": "LineString", "coordinates": [[11.039308333333334, 55.34356833333333], [10.929898333333334, 55.46388666666667], [10.846298333333333, 55.554809999999996], [10.776326666666668, 55.651248333333335], [10.609974999999999, 55.662123333333334], [10.167198333333333, 55.67920166666667], [10.040451666666666, 55.63640833333333], [9.90667, 55.59232833333333], [9.81827, 55.565540000000006], [9.766416666666666, 55.55462166666667], [9.766598333333333, 55.555425], [9.766566666666668, 55.555435], [9.772081666666667, 55.55229666666666], [9.872103333333333, 55.58792833333334], [9.999645, 55.62087], [10.306836666666667, 55.672365], [10.483061666666666, 55.63404833333333], [10.630093333333333, 55.66993333333333], [10.775986666666666, 55.722386666666665], [10.821891666666666, 55.82275166666667], [10.941931666666667, 55.907214999999994], [11.093975, 56.06086333333334]]}, "properties": {"label": "ARETEA", "mmsi": "241348000", "imo": "9711456", "name": "ARETEA", "shiptype": "", "first_seen_utc": "2026-01-05T06:42:59Z", "last_seen_utc": "2026-01-14T06:52:20Z", "destination": "DK FRC => NL RTM", "eta": "{'Day': 16, 'Hour': 11, 'Minute': 0, 'Month': 1}", "display": "", "links": "<a href=\"https://www.vesselfinder.com/vessels?name=9711456\" target=\"_blank\" rel=\"noopener\">VesselFinder</a> | <a href=\"https://www.marinetraffic.com/en/ais/search/all?keyword=9711456\" target=\"_blank\" rel=\"noopener\">MarineTraffic</a>", "vf_url": "https://www.vesselfinder.com/vessels?name=9711456", "mst_url": "https://www.marinetraffic.com/en/ais/search/all?keyword=9711456", "method": "v3_2pass_track3d_fromru10d", "ru_seen_in_lookback": true, "in_monitor_on_day": true}}, {"type": "Feature", "geometry": {"type": "Point", "coordinates": [11.093975, 56.06086333333334]}, "properties": {"label": "ARETEA", "mmsi": "241348000", "imo": "9711456", "name": "ARETEA", "shiptype": "", "first_seen_utc": "2026-01-05T06:42:59Z", "last_seen_utc": "2026-01-14T06:52:20Z", "destination": "DK FRC => NL RTM", "eta": "{'Day': 16, 'Hour': 11, 'Minute': 0, 'Month': 1}", "display": "ARETEA (241348000)", "links": "<a href=\"https://www.vesselfinder.com/vessels?name=9711456\" target=\"_blank\" rel=\"noopener\">VesselFinder</a> | <a href=\"https://www.marinetraffic.com/en/ais/search/all?keyword=9711456\" target=\"_blank\" rel=\"noopener\">MarineTraffic</a>", "vf_url": "https://www.vesselfinder.com/vessels?name=9711456", "mst_url": "https://www.marinetraffic.com/en/ais/search/all?keyword=9711456", "method": "v3_2pass_track3d_fromru10d", "ru_seen_in_lookback": true, "in_monitor_on_day": true}}, {"type": "Feature", "geometry": {"type": "LineString", "coordinates": [[10.293935000000001, 54.53189], [10.293141666666665, 54.531778333333335], [10.292623333333333, 54.53180666666666], [10.29258, 54.53180833333333], [10.292306666666667, 54.531705], [10.292613333333332, 54.53184666666667], [10.292444999999999, 54.53192333333333], [10.292586666666667, 54.53196666666667], [10.292570000000001, 54.532005000000005], [10.292399999999999, 54.531965], [10.292831666666666, 54.532109999999996], [10.292750000000002, 54.532088333333334], [10.292718333333333, 54.53207166666667], [10.292171666666666, 54.531865], [10.292225, 54.531915000000005], [10.291798333333332, 54.531675], [10.295715, 54.5151], [10.231705, 54.44752666666667], [10.18024, 54.375535], [10.142968333333332, 54.36607333333333], [10.142971666666666, 54.36607], [10.126811666666667, 54.36817333333333], [10.049209999999999, 54.35966333333333], [9.985963333333332, 54.34556833333333], [9.903441666666668, 54.34965], [9.809923333333334, 54.363535], [9.727758333333332, 54.330513333333336], [9.671275000000001, 54.29175], [9.615855, 54.24883166666667], [9.566003333333333, 54.20518833333333], [9.507803333333333, 54.187565], [9.418948333333333, 54.16537166666667], [9.336688333333333, 54.13606666666667], [9.319533333333334, 54.08121166666667], [9.303216666666666, 54.04062166666667], [9.289055, 53.993453333333335], [9.231771666666667, 53.94802833333333], [9.169948333333334, 53.907363333333336], [9.145825, 53.89456333333333], [9.142078333333334, 53.892723333333336], [8.994793333333332, 53.853613333333335], [7.843088333333333, 54.097676666666665], [7.6999200000000005, 54.142466666666664], [7.548443333333334, 54.19039166666666], [7.39457, 54.19698666666667], [7.23541, 54.19574333333333], [7.07253, 54.19305], [6.911491666666667, 54.19198333333333], [6.747838333333333, 54.190846666666665], [6.58639, 54.18941333333333], [6.417861666666667, 54.18904166666667], [6.252685, 54.179685], [6.063911666666667, 54.16207333333333], [2.7632333333333334, 52.30289833333333], [2.6892816666666666, 52.21415833333333], [2.6254433333333336, 52.08946], [2.6084783333333332, 51.98042], [2.5473816666666664, 51.876234999999994], [2.433876666666667, 51.79255333333333], [2.314248333333333, 51.70991166666667], [2.192635, 51.62701333333334], [2.073026666666667, 51.540780000000005], [1.9635466666666666, 51.45095666666667], [1.8701916666666667, 51.353521666666666], [1.7879383333333334, 51.257349999999995], [1.6876866666666668, 51.17608833333334], [1.57599, 51.10547999999999], [1.4668516666666667, 51.037065], [1.3584166666666666, 50.96099666666667], [1.2685783333333334, 50.884075], [-0.26333, 50.43319833333333], [-0.6474066666666667, 50.367218333333334], [-0.79437, 50.34298166666667]]}, "properties": {"label": "BC ARMONIA", "mmsi": "352003881", "imo": "9706334", "name": "BC ARMONIA", "shiptype": "", "first_seen_utc": "2026-01-05T07:39:47Z", "last_seen_utc": "2026-01-14T16:03:08Z", "destination": "ES LPA", "eta": "{'Day': 20, 'Hour': 5, 'Minute': 0, 'Month': 1}", "display": "", "links": "<a href=\"https://www.vesselfinder.com/vessels?name=9706334\" target=\"_blank\" rel=\"noopener\">VesselFinder</a> | <a href=\"https://www.marinetraffic.com/en/ais/search/all?keyword=9706334\" target=\"_blank\" rel=\"noopener\">MarineTraffic</a>", "vf_url": "https://www.vesselfinder.com/vessels?name=9706334", "mst_url": "https://www.marinetraffic.com/en/ais/search/all?keyword=9706334", "method": "v3_2pass_track3d_fromru10d", "ru_seen_in_lookback": true, "in_monitor_on_day": true}}, {"type": "Feature", "geometry": {"type": "Point", "coordinates": [-0.79437, 50.34298166666667]}, "properties": {"label": "BC ARMONIA", "mmsi": "352003881", "imo": "9706334", "name": "BC ARMONIA", "shiptype": "", "first_seen_utc": "2026-01-05T07:39:47Z", "last_seen_utc": "2026-01-14T16:03:08Z", "destination": "ES LPA", "eta": "{'Day': 20, 'Hour': 5, 'Minute': 0, 'Month': 1}", "display": "BC ARMONIA (352003881)", "links": "<a href=\"https://www.vesselfinder.com/vessels?name=9706334\" target=\"_blank\" rel=\"noopener\">VesselFinder</a> | <a href=\"https://www.marinetraffic.com/en/ais/search/all?keyword=9706334\" target=\"_blank\" rel=\"noopener\">MarineTraffic</a>", "vf_url": "https://www.vesselfinder.com/vessels?name=9706334", "mst_url": "https://www.marinetraffic.com/en/ais/search/all?keyword=9706334", "method": "v3_2pass_track3d_fromru10d", "ru_seen_in_lookback": true, "in_monitor_on_day": true}}, {"type": "Feature", "geometry": {"type": "LineString", "coordinates": [[18.674778333333332, 54.69629333333333], [18.674719999999997, 54.696266666666666], [18.674746666666667, 54.696284999999996], [18.674758333333333, 54.696281666666664], [18.67477166666667, 54.69629333333333], [18.674788333333332, 54.696311666666666], [18.674753333333335, 54.69627833333333], [18.674753333333335, 54.69630166666666], [18.674753333333335, 54.696288333333335], [18.674746666666667, 54.69629166666667], [18.674753333333335, 54.696283333333334], [18.674735, 54.69630333333334], [18.674756666666667, 54.696295], [18.674736666666668, 54.696308333333334], [18.67475166666667, 54.69627333333334], [18.674748333333334, 54.69627666666667], [18.674721666666667, 54.69629166666667], [18.67475166666667, 54.69629333333333], [18.674676666666667, 54.69624666666667], [18.674735, 54.696313333333336], [18.674735, 54.696310000000004], [18.674770000000002, 54.69627333333334], [18.674775, 54.69627333333334], [18.696053333333335, 54.65369], [18.774095, 54.59914833333333], [18.854353333333332, 54.54604166666666], [18.922538333333332, 54.49141833333333], [18.980766666666668, 54.43588], [19.004166666666666, 54.42428666666667], [19.042846666666666, 54.420790000000004], [19.08580166666667, 54.425983333333335], [19.107776666666666, 54.453825], [19.145018333333333, 54.45312], [19.182078333333333, 54.454305], [19.097641666666668, 54.45162166666667], [19.12577333333333, 54.45516666666666], [19.082643333333333, 54.496359999999996], [18.970781666666667, 54.52818], [18.86830666666667, 54.564521666666664], [18.801066666666667, 54.59991166666667], [18.789916666666667, 54.600665000000006], [18.698436666666666, 54.64839833333333], [18.674753333333335, 54.696281666666664], [18.674773333333334, 54.696286666666666], [18.674756666666667, 54.69629333333333], [18.674743333333332, 54.696281666666664], [18.67476, 54.696288333333335], [18.674755, 54.696288333333335], [18.674764999999997, 54.696286666666666], [18.674728333333334, 54.69628], [18.674758333333333, 54.69629333333333]]}, "properties": {"label": "JAS-74", "mmsi": "261004430", "imo": "", "name": "JAS-74", "shiptype": "", "first_seen_utc": "2026-01-05T08:10:24Z", "last_seen_utc": "2026-01-14T01:05:42Z", "destination": "", "eta": "{'Day': 0, 'Hour': 0, 'Minute': 0, 'Month': 0}", "display": "", "links": "<a href=\"https://www.vesselfinder.com/vessels?name=261004430\" target=\"_blank\" rel=\"noopener\">VesselFinder</a> | <a href=\"https://www.marinetraffic.com/en/ais/search/all?keyword=261004430\" target=\"_blank\" rel=\"noopener\">MarineTraffic</a>", "vf_url": "https://www.vesselfinder.com/vessels?name=261004430", "mst_url": "https://www.marinetraffic.com/en/ais/search/all?keyword=261004430", "method": "v3_2pass_track3d_fromru10d", "ru_seen_in_lookback": true, "in_monitor_on_day": true}}, {"type": "Feature", "geometry": {"type": "Point", "coordinates": [18.674758333333333, 54.69629333333333]}, "properties": {"label": "JAS-74", "mmsi": "261004430", "imo": "", "name": "JAS-74", "shiptype": "", "first_seen_utc": "2026-01-05T08:10:24Z", "last_seen_utc": "2026-01-14T01:05:42Z", "destination": "", "eta": "{'Day': 0, 'Hour': 0, 'Minute': 0, 'Month': 0}", "display": "JAS-74 (261004430)", "links": "<a href=\"https://www.vesselfinder.com/vessels?name=261004430\" target=\"_blank\" rel=\"noopener\">VesselFinder</a> | <a href=\"https://www.marinetraffic.com/en/ais/search/all?keyword=261004430\" target=\"_blank\" rel=\"noopener\">MarineTraffic</a>", "vf_url": "https://www.vesselfinder.com/vessels?name=261004430", "mst_url": "https://www.marinetraffic.com/en/ais/search/all?keyword=261004430", "method": "v3_2pass_track3d_fromru10d", "ru_seen_in_lookback": true, "in_monitor_on_day": true}}, {"type": "Feature", "geometry": {"type": "LineString", "coordinates": [[8.537651666666667, 53.57541333333334], [8.537796666666667, 53.575363333333335], [8.537759999999999, 53.575410000000005], [8.537808333333334, 53.575336666666665], [8.53772, 53.575405], [8.537776666666668, 53.575354999999995], [8.537745, 53.575435], [8.537728333333332, 53.575421666666664], [8.537866666666668, 53.575426666666665], [8.537738333333333, 53.575385], [8.537731666666668, 53.575410000000005], [8.537755, 53.57541166666667], [8.537758333333333, 53.575415], [8.537736666666666, 53.57541833333333], [8.537763333333334, 53.57543166666667], [8.537745, 53.57538833333333], [8.537748333333333, 53.575403333333334], [8.537755, 53.575426666666665], [8.537716666666666, 53.57539833333333], [8.537748333333333, 53.57541166666667], [8.537740000000001, 53.575410000000005], [8.537761666666666, 53.575395], [8.537743333333333, 53.57544166666666], [8.537708333333335, 53.57544166666666], [8.53777, 53.57539666666666], [8.537749999999999, 53.57539833333333], [8.537749999999999, 53.57538666666667], [8.537753333333335, 53.57541333333334], [8.537761666666666, 53.575421666666664], [8.537745, 53.57539166666666], [8.537714999999999, 53.575405], [8.537733333333334, 53.575428333333335], [8.537746666666667, 53.575385], [8.537738333333333, 53.575415], [8.537741666666667, 53.57542], [8.466995, 53.624628333333334], [8.301568333333334, 53.71284166666667], [8.118644999999999, 53.81370666666667], [7.9045700000000005, 53.865651666666665], [7.721085, 53.930479999999996], [7.635923333333333, 54.03080166666667], [7.530608333333333, 54.14961], [7.367486666666666, 54.20303166666667], [7.146283333333333, 54.20003333333333], [6.931766666666666, 54.20003333333333], [6.712325000000001, 54.19667833333333], [6.502393333333333, 54.193171666666665], [6.292073333333334, 54.18570833333333], [4.77999, 53.766935], [4.693241666666666, 53.65195666666667], [4.607033333333334, 53.53520833333334], [4.537476666666667, 53.41334833333334], [4.476226666666666, 53.29252333333333], [4.39591, 53.17552], [4.2405083333333335, 53.09600666666667], [4.020711666666667, 52.98712666666667], [3.72414, 52.801415], [3.449473333333333, 52.349243333333334], [3.3395066666666664, 52.058038333333336], [3.3267366666666667, 52.00244166666666], [3.308875, 51.94179333333333], [3.291416666666667, 51.87441666666667], [3.276078333333333, 51.81323], [3.2309316666666663, 51.75375833333333], [3.18347, 51.65461166666667], [3.1107816666666666, 51.542315], [2.99086, 51.450095000000005], [3.1249249999999997, 51.39944], [3.3335466666666664, 51.40595666666666], [3.52165, 51.42047], [3.6420033333333333, 51.43919666666667], [3.7275416666666668, 51.37567666666666], [3.873928333333333, 51.34902833333333], [3.981395, 51.434828333333336], [4.088628333333333, 51.370176666666666], [4.221758333333333, 51.36441], [4.270826666666666, 51.31615166666666], [4.267896666666667, 51.299504999999996], [4.254588333333333, 51.28891], [4.254593333333333, 51.288916666666665], [4.254583333333334, 51.288925], [4.254583333333334, 51.288911666666664], [4.254593333333333, 51.28891], [4.254553333333333, 51.288905], [4.2546083333333335, 51.28890666666667], [4.254625, 51.28892666666666], [4.254623333333333, 51.288938333333334], [4.254603333333333, 51.28890833333333], [4.254566666666666, 51.288935], [4.254613333333333, 51.288943333333336], [4.254525, 51.288895000000004], [4.25457, 51.28892666666666], [4.254583333333334, 51.288866666666664], [4.254568333333333, 51.28888], [4.254503333333333, 51.288885], [4.254536666666667, 51.288869999999996], [4.254408333333333, 51.28893], [4.254661666666666, 51.28889166666667], [4.25452, 51.28881333333333], [4.2546083333333335, 51.28891], [4.25462, 51.288916666666665], [4.254605, 51.28891833333333], [4.254618333333333, 51.288896666666666], [4.254603333333333, 51.28892333333333], [4.254625, 51.28891333333333], [4.254543333333333, 51.28891], [4.254613333333333, 51.28884166666667], [4.254555, 51.28885666666667]]}, "properties": {"label": "MSC OLIVIA", "mmsi": "636022723", "imo": "9954761", "name": "MSC OLIVIA", "shiptype": "", "first_seen_utc": "2026-01-05T08:50:29Z", "last_seen_utc": "2026-01-14T15:45:35Z", "destination": "ANTWERP", "eta": "{'Day': 13, 'Hour': 16, 'Minute': 30, 'Month': 1}", "display": "", "links": "<a href=\"https://www.vesselfinder.com/vessels?name=9954761\" target=\"_blank\" rel=\"noopener\">VesselFinder</a> | <a href=\"https://www.marinetraffic.com/en/ais/search/all?keyword=9954761\" target=\"_blank\" rel=\"noopener\">MarineTraffic</a>", "vf_url": "https://www.vesselfinder.com/vessels?name=9954761", "mst_url": "https://www.marinetraffic.com/en/ais/search/all?keyword=9954761", "method": "v3_2pass_track3d_fromru10d", "ru_seen_in_lookback": true, "in_monitor_on_day": true}}, {"type": "Feature", "geometry": {"type": "Point", "coordinates": [4.254555, 51.28885666666667]}, "properties": {"label": "MSC OLIVIA", "mmsi": "636022723", "imo": "9954761", "name": "MSC OLIVIA", "shiptype": "", "first_seen_utc": "2026-01-05T08:50:29Z", "last_seen_utc": "2026-01-14T15:45:35Z", "destination": "ANTWERP", "eta": "{'Day': 13, 'Hour': 16, 'Minute': 30, 'Month': 1}", "display": "MSC OLIVIA (636022723)", "links": "<a href=\"https://www.vesselfinder.com/vessels?name=9954761\" target=\"_blank\" rel=\"noopener\">VesselFinder</a> | <a href=\"https://www.marinetraffic.com/en/ais/search/all?keyword=9954761\" target=\"_blank\" rel=\"noopener\">MarineTraffic</a>", "vf_url": "https://www.vesselfinder.com/vessels?name=9954761", "mst_url": "https://www.marinetraffic.com/en/ais/search/all?keyword=9954761", "method": "v3_2pass_track3d_fromru10d", "ru_seen_in_lookback": true, "in_monitor_on_day": true}}, {"type": "Feature", "geometry": {"type": "LineString", "coordinates": [[18.71123, 54.388086666666666], [18.71125, 54.38806833333333], [18.711261666666665, 54.388086666666666], [18.71125333333333, 54.388086666666666], [18.71121833333333, 54.38810333333333], [18.71127166666667, 54.388065], [18.711216666666665, 54.38809666666667], [18.71122666666667, 54.38809666666667], [18.71125, 54.388079999999995], [18.711231666666666, 54.38807833333333], [18.711251666666666, 54.388075], [18.71123833333333, 54.38807166666666], [18.71123, 54.38809833333333], [18.71123833333333, 54.388088333333336], [18.71122666666667, 54.38809333333334], [18.711223333333333, 54.38807], [18.711236666666665, 54.388090000000005], [18.711258333333333, 54.38805333333333], [18.711255, 54.38807], [18.711266666666667, 54.388115], [18.735881666666668, 54.40073333333333], [18.877975, 54.423930000000006], [19.032913333333333, 54.50509], [19.10953, 54.64623666666667], [18.973276666666667, 54.779181666666666], [18.75500333333333, 54.87954333333333], [18.518925000000003, 54.98473166666667], [12.475345, 54.68197], [12.326753333333333, 54.626063333333335], [12.254508333333332, 54.573793333333334], [12.186493333333335, 54.454101666666666], [11.967295, 54.44128666666666], [11.70921, 54.46091166666667], [11.469063333333334, 54.518656666666665], [11.218485, 54.58607833333333], [10.964400000000001, 54.61476666666667], [10.775068333333333, 54.71163166666667], [10.836661666666666, 54.862745000000004], [10.966446666666666, 54.97334166666667], [10.990496666666667, 55.100413333333336], [11.095243333333334, 55.198465000000006], [11.051256666666665, 55.29763666666667], [11.021711666666667, 55.40186166666667], [10.875076666666667, 55.516055], [10.788255, 55.638693333333336], [10.81444, 55.76432666666666], [10.894466666666666, 55.877066666666664], [11.032453333333333, 55.98301], [10.498205, 57.86346], [10.27448, 57.85757], [10.041581666666668, 57.85086], [9.825893333333333, 57.839214999999996], [9.60632, 57.82915333333334], [9.423425, 57.786903333333335], [9.262501666666667, 57.73542833333333], [9.106675, 57.68273166666667], [8.9504, 57.62748333333333], [8.800608333333335, 57.57184666666667], [8.655698333333333, 57.512881666666665], [8.508005, 57.450313333333334], [8.354743333333333, 57.386116666666666], [8.228791666666668, 57.308551666666666], [8.097815, 57.21640333333333], [7.96745, 57.12783833333334], [7.7329783333333335, 56.936458333333334]]}, "properties": {"label": "OOCL SWEDEN", "mmsi": "477949300", "imo": "9922603", "name": "OOCL SWEDEN", "shiptype": "", "first_seen_utc": "2026-01-05T09:33:41Z", "last_seen_utc": "2026-01-14T05:05:16Z", "destination": "PLGDN>DEWVN", "eta": "{'Day': 14, 'Hour': 19, 'Minute': 0, 'Month': 1}", "display": "", "links": "<a href=\"https://www.vesselfinder.com/vessels?name=9922603\" target=\"_blank\" rel=\"noopener\">VesselFinder</a> | <a href=\"https://www.marinetraffic.com/en/ais/search/all?keyword=9922603\" target=\"_blank\" rel=\"noopener\">MarineTraffic</a>", "vf_url": "https://www.vesselfinder.com/vessels?name=9922603", "mst_url": "https://www.marinetraffic.com/en/ais/search/all?keyword=9922603", "method": "v3_2pass_track3d_fromru10d", "ru_seen_in_lookback": true, "in_monitor_on_day": true}}, {"type": "Feature", "geometry": {"type": "Point", "coordinates": [7.7329783333333335, 56.936458333333334]}, "properties": {"label": "OOCL SWEDEN", "mmsi": "477949300", "imo": "9922603", "name": "OOCL SWEDEN", "shiptype": "", "first_seen_utc": "2026-01-05T09:33:41Z", "last_seen_utc": "2026-01-14T05:05:16Z", "destination": "PLGDN>DEWVN", "eta": "{'Day': 14, 'Hour': 19, 'Minute': 0, 'Month': 1}", "display": "OOCL SWEDEN (477949300)", "links": "<a href=\"https://www.vesselfinder.com/vessels?name=9922603\" target=\"_blank\" rel=\"noopener\">VesselFinder</a> | <a href=\"https://www.marinetraffic.com/en/ais/search/all?keyword=9922603\" target=\"_blank\" rel=\"noopener\">MarineTraffic</a>", "vf_url": "https://www.vesselfinder.com/vessels?name=9922603", "mst_url": "https://www.marinetraffic.com/en/ais/search/all?keyword=9922603", "method": "v3_2pass_track3d_fromru10d", "ru_seen_in_lookback": true, "in_monitor_on_day": true}}, {"type": "Feature", "geometry": {"type": "LineString", "coordinates": [[18.715633333333336, 54.385284999999996], [18.715635000000002, 54.385284999999996], [18.715638333333334, 54.385284999999996], [18.715633333333336, 54.385281666666664], [18.715626666666665, 54.385281666666664], [18.715626666666665, 54.385279999999995], [18.715625, 54.385284999999996], [18.715623333333333, 54.385284999999996], [18.715635000000002, 54.385284999999996], [18.715625, 54.385275], [18.715631666666663, 54.385279999999995], [18.715623333333333, 54.385281666666664], [18.715633333333336, 54.38527833333333], [18.715626666666665, 54.385281666666664], [18.715626666666665, 54.385279999999995], [18.715626666666665, 54.385281666666664], [18.715633333333336, 54.385279999999995], [18.715626666666665, 54.385279999999995], [18.71562833333333, 54.38528833333333], [18.715629999999997, 54.38527833333333], [18.71562833333333, 54.385279999999995], [18.715631666666663, 54.385279999999995], [18.715629999999997, 54.385279999999995], [18.715626666666665, 54.38528833333333], [18.715625, 54.385275], [18.715635000000002, 54.38527666666666], [18.71562833333333, 54.385281666666664], [18.715575, 54.385283333333334], [18.78599, 54.408530000000006], [18.951731666666667, 54.434083333333334], [19.058675, 54.537623333333336], [19.101951666666665, 54.65467833333333], [19.018493333333332, 54.76732333333334], [18.845965, 54.844645], [18.676634999999997, 54.91922], [18.48819, 54.96368], [12.261858333333333, 54.582436666666666], [12.191145, 54.45544833333334], [11.98577, 54.429625], [11.763948333333333, 54.44641], [11.557089999999999, 54.50206], [11.351425, 54.561173333333336], [11.117595, 54.60767166666667], [10.887755, 54.641110000000005], [10.782945000000002, 54.74005833333333], [10.838213333333334, 54.876575], [10.977300000000001, 54.98708666666666], [10.990886666666666, 55.118219999999994], [11.10402, 55.224828333333335], [11.041348333333334, 55.353851666666664], [10.868605, 55.525128333333335], [10.787378333333333, 55.65057], [10.813573333333332, 55.77842166666667], [10.914085, 55.89133833333334], [11.115643333333333, 56.057273333333335], [10.499995, 57.85055333333333], [10.23462, 57.84578666666666], [10.006868333333333, 57.84081833333333], [9.7723, 57.83497666666666], [9.551425, 57.806355], [9.357376666666665, 57.74827666666667], [9.164591666666666, 57.68329666666667], [8.971756666666666, 57.62480333333333], [8.79008, 57.55809166666666], [8.313391666666666, 57.38290333333334], [8.135476666666667, 57.318795]]}, "properties": {"label": "CMA CGM RUNDALE", "mmsi": "256882000", "imo": "9961300", "name": "CMA CGM RUNDALE", "shiptype": "", "first_seen_utc": "2026-01-05T11:54:32Z", "last_seen_utc": "2026-01-14T10:29:36Z", "destination": "GBTIL", "eta": "{'Day': 15, 'Hour': 18, 'Minute': 0, 'Month': 1}", "display": "", "links": "<a href=\"https://www.vesselfinder.com/vessels?name=9961300\" target=\"_blank\" rel=\"noopener\">VesselFinder</a> | <a href=\"https://www.marinetraffic.com/en/ais/search/all?keyword=9961300\" target=\"_blank\" rel=\"noopener\">MarineTraffic</a>", "vf_url": "https://www.vesselfinder.com/vessels?name=9961300", "mst_url": "https://www.marinetraffic.com/en/ais/search/all?keyword=9961300", "method": "v3_2pass_track3d_fromru10d", "ru_seen_in_lookback": true, "in_monitor_on_day": true}}, {"type": "Feature", "geometry": {"type": "Point", "coordinates": [8.135476666666667, 57.318795]}, "properties": {"label": "CMA CGM RUNDALE", "mmsi": "256882000", "imo": "9961300", "name": "CMA CGM RUNDALE", "shiptype": "", "first_seen_utc": "2026-01-05T11:54:32Z", "last_seen_utc": "2026-01-14T10:29:36Z", "destination": "GBTIL", "eta": "{'Day': 15, 'Hour': 18, 'Minute': 0, 'Month': 1}", "display": "CMA CGM RUNDALE (256882000)", "links": "<a href=\"https://www.vesselfinder.com/vessels?name=9961300\" target=\"_blank\" rel=\"noopener\">VesselFinder</a> | <a href=\"https://www.marinetraffic.com/en/ais/search/all?keyword=9961300\" target=\"_blank\" rel=\"noopener\">MarineTraffic</a>", "vf_url": "https://www.vesselfinder.com/vessels?name=9961300", "mst_url": "https://www.marinetraffic.com/en/ais/search/all?keyword=9961300", "method": "v3_2pass_track3d_fromru10d", "ru_seen_in_lookback": true, "in_monitor_on_day": true}}, {"type": "Feature", "geometry": {"type": "LineString", "coordinates": [[3.7764983333333335, 51.927551666666666], [3.776638333333333, 51.92755833333333], [3.7767600000000003, 51.92756833333333], [3.7770099999999998, 51.927545], [3.777216666666667, 51.927533333333336], [3.7775766666666666, 51.92745], [3.7776516666666664, 51.92743666666667], [3.778255, 51.92727333333333], [3.778525, 51.927213333333334], [3.777823333333333, 51.92512333333333], [3.823415, 51.99763666666667], [3.9980683333333333, 51.99655166666666], [4.03837, 51.97185666666667], [3.993365, 51.95223166666666], [3.9908816666666667, 51.95175666666667], [3.9909383333333333, 51.95164666666667], [3.9908966666666665, 51.95164], [3.990908333333333, 51.951685], [3.990845, 51.95164833333333], [3.99092, 51.95165833333333], [3.990998333333333, 51.95175], [3.9909916666666665, 51.95173333333333], [3.990925, 51.95164], [3.9909216666666665, 51.951726666666666], [3.990763333333333, 51.95175833333334], [3.9909616666666663, 51.95169666666666], [3.990895, 51.9516], [3.9908966666666665, 51.95167166666667], [3.990955, 51.951699999999995], [3.99086, 51.95159666666667], [3.9909133333333333, 51.951695], [3.99086, 51.951663333333336], [3.9909433333333335, 51.95168], [3.9909000000000003, 51.95167666666667], [3.9909233333333334, 51.951675], [3.9909583333333334, 51.95167], [3.990956666666667, 51.951728333333335], [3.990963333333333, 51.95184], [3.990933333333333, 51.95173], [3.990965, 51.95173166666667], [3.99094, 51.951715], [3.99097, 51.95171666666667], [3.990936666666667, 51.951699999999995], [3.9909766666666666, 51.95167333333333], [3.9909433333333335, 51.951768333333334], [3.990915, 51.951681666666666], [3.9909416666666666, 51.951708333333336], [4.044288333333333, 51.96837166666667], [3.9815466666666666, 52.01667], [3.8965616666666665, 52.03163166666666], [3.880795, 52.070251666666664], [3.897785, 52.15624833333333], [3.8792883333333332, 52.23525666666667], [3.85948, 52.31430666666667], [4.1764600000000005, 52.785981666666665], [4.274078333333334, 52.86392333333333], [4.329011666666667, 52.93046666666667], [4.37968, 52.99876], [4.443316666666666, 53.061675], [4.503286666666667, 53.12642666666667], [4.554943333333333, 53.191336666666665], [4.60498, 53.25991333333333], [4.659081666666666, 53.328968333333336], [4.711033333333333, 53.392471666666665], [4.816578333333334, 53.422109999999996], [4.920141666666667, 53.451096666666665], [5.036829999999999, 53.480623333333334], [5.158736666666667, 53.50785], [5.279566666666667, 53.53196666666667], [5.401418333333334, 53.55683], [5.542953333333333, 53.583585], [5.671256666666666, 53.60622], [5.831013333333333, 53.63599166666667], [6.0195, 53.67095666666667], [6.148916666666667, 53.696061666666665], [6.280901666666667, 53.717416666666665], [7.4037500000000005, 53.881675], [7.528598333333333, 53.89956166666666], [9.040353333333334, 53.86151333333333], [9.107771666666668, 53.883808333333334], [9.130696666666667, 53.88597666666667], [9.143533333333332, 53.892878333333336], [9.143633333333334, 53.89293333333333]]}, "properties": {"label": "SVENDBORG", "mmsi": "255805594", "imo": "9454230", "name": "SVENDBORG", "shiptype": "", "first_seen_utc": "2026-01-05T12:46:49Z", "last_seen_utc": "2026-01-14T12:41:46Z", "destination": "PL GDN VIA NOK", "eta": "{'Day': 14, 'Hour': 8, 'Minute': 0, 'Month': 1}", "display": "", "links": "<a href=\"https://www.vesselfinder.com/vessels?name=9454230\" target=\"_blank\" rel=\"noopener\">VesselFinder</a> | <a href=\"https://www.marinetraffic.com/en/ais/search/all?keyword=9454230\" target=\"_blank\" rel=\"noopener\">MarineTraffic</a>", "vf_url": "https://www.vesselfinder.com/vessels?name=9454230", "mst_url": "https://www.marinetraffic.com/en/ais/search/all?keyword=9454230", "method": "v3_2pass_track3d_fromru10d", "ru_seen_in_lookback": true, "in_monitor_on_day": true}}, {"type": "Feature", "geometry": {"type": "Point", "coordinates": [9.143633333333334, 53.89293333333333]}, "properties": {"label": "SVENDBORG", "mmsi": "255805594", "imo": "9454230", "name": "SVENDBORG", "shiptype": "", "first_seen_utc": "2026-01-05T12:46:49Z", "last_seen_utc": "2026-01-14T12:41:46Z", "destination": "PL GDN VIA NOK", "eta": "{'Day': 14, 'Hour': 8, 'Minute': 0, 'Month': 1}", "display": "SVENDBORG (255805594)", "links": "<a href=\"https://www.vesselfinder.com/vessels?name=9454230\" target=\"_blank\" rel=\"noopener\">VesselFinder</a> | <a href=\"https://www.marinetraffic.com/en/ais/search/all?keyword=9454230\" target=\"_blank\" rel=\"noopener\">MarineTraffic</a>", "vf_url": "https://www.vesselfinder.com/vessels?name=9454230", "mst_url": "https://www.marinetraffic.com/en/ais/search/all?keyword=9454230", "method": "v3_2pass_track3d_fromru10d", "ru_seen_in_lookback": true, "in_monitor_on_day": true}}, {"type": "Feature", "geometry": {"type": "LineString", "coordinates": [[11.836549999999999, 54.4317], [11.700033333333332, 54.455733333333335], [11.57015, 54.495], [11.434883333333334, 54.535], [11.29315, 54.57553333333333], [11.154333333333334, 54.60758333333333], [11.003766666666667, 54.60046666666666], [10.870216666666666, 54.645316666666666], [10.7715, 54.706716666666665], [10.807416666666667, 54.77513333333333], [10.838033333333334, 54.87136666666667], [10.931683333333332, 54.95511666666666], [10.9977, 55.041216666666664], [10.992533333333334, 55.13760166666667], [11.099383333333332, 55.204950000000004], [11.046783333333334, 55.297333333333334], [10.861833333333333, 55.53508333333333], [10.788016666666666, 55.633900000000004], [10.805583333333335, 55.7351], [10.8063, 55.838449999999995], [10.906933333333335, 55.90971666666667], [11.036816666666665, 55.97338333333333], [10.366316666666668, 57.85503333333334], [10.194266666666666, 57.84856666666667], [9.986583333333334, 57.83211666666667], [9.828783333333332, 57.8271], [9.67, 57.81296666666666], [9.526766666666667, 57.787866666666666], [9.396883333333333, 57.74668333333333], [9.266516666666666, 57.70183333333333], [9.139416666666667, 57.65541666666666], [9.027050000000001, 57.60685], [8.913616666666666, 57.5587], [8.789833333333332, 57.52173333333334], [8.662133333333333, 57.48126666666667], [8.540766666666666, 57.44301666666667], [8.417433333333333, 57.40468333333333], [8.307966666666667, 57.36415], [8.238516666666666, 57.30103333333333], [8.171966666666666, 57.23968333333333], [8.10825, 57.1747], [8.042133333333334, 57.10528333333333], [7.967233333333334, 57.02518333333333], [7.884083333333334, 56.934916666666666], [7.78185, 56.835116666666664], [7.4305666666666665, 56.44873333333333], [4.729383333333333, 53.72461666666666], [4.678816666666666, 53.63231666666666]]}, "properties": {"label": "AEOLIAN VICTORY", "mmsi": "538010993", "imo": "9433602", "name": "AEOLIAN VICTORY", "shiptype": "", "first_seen_utc": "2026-01-05T12:49:02Z", "last_seen_utc": "2026-01-14T15:53:40Z", "destination": "CNLYG", "eta": "{'Day': 10, 'Hour': 12, 'Minute': 0, 'Month': 3}", "display": "", "links": "<a href=\"https://www.vesselfinder.com/vessels?name=9433602\" target=\"_blank\" rel=\"noopener\">VesselFinder</a> | <a href=\"https://www.marinetraffic.com/en/ais/search/all?keyword=9433602\" target=\"_blank\" rel=\"noopener\">MarineTraffic</a>", "vf_url": "https://www.vesselfinder.com/vessels?name=9433602", "mst_url": "https://www.marinetraffic.com/en/ais/search/all?keyword=9433602", "method": "v3_2pass_track3d_fromru10d", "ru_seen_in_lookback": true, "in_monitor_on_day": true}}, {"type": "Feature", "geometry": {"type": "Point", "coordinates": [4.678816666666666, 53.63231666666666]}, "properties": {"label": "AEOLIAN VICTORY", "mmsi": "538010993", "imo": "9433602", "name": "AEOLIAN VICTORY", "shiptype": "", "first_seen_utc": "2026-01-05T12:49:02Z", "last_seen_utc": "2026-01-14T15:53:40Z", "destination": "CNLYG", "eta": "{'Day': 10, 'Hour': 12, 'Minute': 0, 'Month': 3}", "display": "AEOLIAN VICTORY (538010993)", "links": "<a href=\"https://www.vesselfinder.com/vessels?name=9433602\" target=\"_blank\" rel=\"noopener\">VesselFinder</a> | <a href=\"https://www.marinetraffic.com/en/ais/search/all?keyword=9433602\" target=\"_blank\" rel=\"noopener\">MarineTraffic</a>", "vf_url": "https://www.vesselfinder.com/vessels?name=9433602", "mst_url": "https://www.marinetraffic.com/en/ais/search/all?keyword=9433602", "method": "v3_2pass_track3d_fromru10d", "ru_seen_in_lookback": true, "in_monitor_on_day": true}}, {"type": "Feature", "geometry": {"type": "LineString", "coordinates": [[28.335696666666667, 60.46836], [18.986458333333335, 54.86633333333334], [18.98643, 54.817879999999995], [18.983471666666667, 54.76763666666667], [18.961338333333334, 54.70988666666666], [18.92432, 54.64824333333333], [18.87146166666667, 54.588589999999996], [18.795101666666667, 54.534886666666665], [18.71537, 54.48116], [18.649916666666666, 54.423379999999995], [18.669945, 54.39089333333333], [18.668443333333336, 54.39010333333333]]}, "properties": {"label": "AMBER SKY", "mmsi": "255806387", "imo": "9312688", "name": "AMBER SKY", "shiptype": "", "first_seen_utc": "2026-01-05T13:56:39Z", "last_seen_utc": "2026-01-14T15:47:39Z", "destination": "PLDN", "eta": "{'Day': 14, 'Hour': 8, 'Minute': 0, 'Month': 1}", "display": "", "links": "<a href=\"https://www.vesselfinder.com/vessels?name=9312688\" target=\"_blank\" rel=\"noopener\">VesselFinder</a> | <a href=\"https://www.marinetraffic.com/en/ais/search/all?keyword=9312688\" target=\"_blank\" rel=\"noopener\">MarineTraffic</a>", "vf_url": "https://www.vesselfinder.com/vessels?name=9312688", "mst_url": "https://www.marinetraffic.com/en/ais/search/all?keyword=9312688", "method": "v3_2pass_track3d_fromru10d", "ru_seen_in_lookback": true, "in_monitor_on_day": true}}, {"type": "Feature", "geometry": {"type": "Point", "coordinates": [18.668443333333336, 54.39010333333333]}, "properties": {"label": "AMBER SKY", "mmsi": "255806387", "imo": "9312688", "name": "AMBER SKY", "shiptype": "", "first_seen_utc": "2026-01-05T13:56:39Z", "last_seen_utc": "2026-01-14T15:47:39Z", "destination": "PLDN", "eta": "{'Day': 14, 'Hour': 8, 'Minute': 0, 'Month': 1}", "display": "AMBER SKY (255806387)", "links": "<a href=\"https://www.vesselfinder.com/vessels?name=9312688\" target=\"_blank\" rel=\"noopener\">VesselFinder</a> | <a href=\"https://www.marinetraffic.com/en/ais/search/all?keyword=9312688\" target=\"_blank\" rel=\"noopener\">MarineTraffic</a>", "vf_url": "https://www.vesselfinder.com/vessels?name=9312688", "mst_url": "https://www.marinetraffic.com/en/ais/search/all?keyword=9312688", "method": "v3_2pass_track3d_fromru10d", "ru_seen_in_lookback": true, "in_monitor_on_day": true}}, {"type": "Feature", "geometry": {"type": "LineString", "coordinates": [[14.691898333333334, 54.94916333333333], [14.530766666666667, 54.954116666666664], [14.36687, 54.95796], [12.191376666666667, 54.525591666666664], [12.124383333333332, 54.453745000000005], [11.979126666666668, 54.44127], [11.824458333333332, 54.43853166666667], [11.678611666666665, 54.47009166666667], [11.540528333333333, 54.50817333333334], [11.398285, 54.54647833333333], [11.247639999999999, 54.585789999999996], [11.079820000000002, 54.60747166666667], [10.923698333333334, 54.59419833333333], [10.777171666666668, 54.58558], [10.637315, 54.575736666666664], [10.50035, 54.551860000000005], [10.364106666666666, 54.516844999999996], [10.249853333333334, 54.466681666666666], [10.196165, 54.390233333333335], [10.146353333333334, 54.36539666666667], [10.143333333333334, 54.36578833333333], [10.066708333333334, 54.36317666666666], [9.981948333333333, 54.344555], [9.886628333333334, 54.354929999999996], [9.792309999999999, 54.36134333333334], [9.718336666666666, 54.325228333333335], [9.653986666666666, 54.2887], [9.609908333333333, 54.23882833333333], [9.5468, 54.19681], [9.460675, 54.177593333333334], [9.391135, 54.15843333333333], [9.332368333333333, 54.13057166666667], [9.315536666666667, 54.073285000000006], [9.296943333333333, 54.014876666666666], [9.253581666666665, 53.964106666666666], [9.189413333333333, 53.91791], [9.14792, 53.892575], [9.146121666666666, 53.89133666666667], [9.03458, 53.864285]]}, "properties": {"label": "BALTIC COASTER", "mmsi": "255915748", "imo": "9963009", "name": "BALTIC COASTER", "shiptype": "", "first_seen_utc": "2026-01-05T14:47:33Z", "last_seen_utc": "2026-01-14T09:34:59Z", "destination": "NLRTM", "eta": "{'Day': 15, 'Hour': 12, 'Minute': 0, 'Month': 1}", "display": "", "links": "<a href=\"https://www.vesselfinder.com/vessels?name=9963009\" target=\"_blank\" rel=\"noopener\">VesselFinder</a> | <a href=\"https://www.marinetraffic.com/en/ais/search/all?keyword=9963009\" target=\"_blank\" rel=\"noopener\">MarineTraffic</a>", "vf_url": "https://www.vesselfinder.com/vessels?name=9963009", "mst_url": "https://www.marinetraffic.com/en/ais/search/all?keyword=9963009", "method": "v3_2pass_track3d_fromru10d", "ru_seen_in_lookback": true, "in_monitor_on_day": true}}, {"type": "Feature", "geometry": {"type": "Point", "coordinates": [9.03458, 53.864285]}, "properties": {"label": "BALTIC COASTER", "mmsi": "255915748", "imo": "9963009", "name": "BALTIC COASTER", "shiptype": "", "first_seen_utc": "2026-01-05T14:47:33Z", "last_seen_utc": "2026-01-14T09:34:59Z", "destination": "NLRTM", "eta": "{'Day': 15, 'Hour': 12, 'Minute': 0, 'Month': 1}", "display": "BALTIC COASTER (255915748)", "links": "<a href=\"https://www.vesselfinder.com/vessels?name=9963009\" target=\"_blank\" rel=\"noopener\">VesselFinder</a> | <a href=\"https://www.marinetraffic.com/en/ais/search/all?keyword=9963009\" target=\"_blank\" rel=\"noopener\">MarineTraffic</a>", "vf_url": "https://www.vesselfinder.com/vessels?name=9963009", "mst_url": "https://www.marinetraffic.com/en/ais/search/all?keyword=9963009", "method": "v3_2pass_track3d_fromru10d", "ru_seen_in_lookback": true, "in_monitor_on_day": true}}, {"type": "Feature", "geometry": {"type": "LineString", "coordinates": [[16.257883333333332, 56.17968333333333], [15.503066666666665, 55.75723333333334], [15.350850000000001, 55.6989], [15.194266666666666, 55.64086666666667], [15.027683333333332, 55.58873333333334], [14.854883333333333, 55.53825], [12.243933333333333, 54.60641666666667], [12.19505, 54.5016], [12.065050000000001, 54.43698333333334], [11.872166666666667, 54.43748333333333], [11.684966666666666, 54.46628333333333], [11.511866666666666, 54.51508333333334], [11.331183333333334, 54.56728333333333], [11.149683333333334, 54.62225], [10.97245, 54.68096666666667], [10.8868, 54.7729], [10.89865, 54.888466666666666], [11.018133333333333, 54.98218333333333], [11.0506, 55.1016], [11.102683333333333, 55.21453333333333], [11.042883333333332, 55.3247], [10.868233333333334, 55.545716666666664], [10.79285, 55.65146666666667], [10.871466666666667, 55.72056666666666], [10.905733333333334, 55.71055], [10.9766, 55.69403333333333], [11.088816666666666, 55.671733333333336]]}, "properties": {"label": "ARAGONITH", "mmsi": "209672000", "imo": "9164081", "name": "ARAGONITH", "shiptype": "", "first_seen_utc": "2026-01-05T16:08:16Z", "last_seen_utc": "2026-01-14T07:28:28Z", "destination": "DK KAL", "eta": "{'Day': 14, 'Hour': 7, 'Minute': 0, 'Month': 1}", "display": "", "links": "<a href=\"https://www.vesselfinder.com/vessels?name=9164081\" target=\"_blank\" rel=\"noopener\">VesselFinder</a> | <a href=\"https://www.marinetraffic.com/en/ais/search/all?keyword=9164081\" target=\"_blank\" rel=\"noopener\">MarineTraffic</a>", "vf_url": "https://www.vesselfinder.com/vessels?name=9164081", "mst_url": "https://www.marinetraffic.com/en/ais/search/all?keyword=9164081", "method": "v3_2pass_track3d_fromru10d", "ru_seen_in_lookback": true, "in_monitor_on_day": true}}, {"type": "Feature", "geometry": {"type": "Point", "coordinates": [11.088816666666666, 55.671733333333336]}, "properties": {"label": "ARAGONITH", "mmsi": "209672000", "imo": "9164081", "name": "ARAGONITH", "shiptype": "", "first_seen_utc": "2026-01-05T16:08:16Z", "last_seen_utc": "2026-01-14T07:28:28Z", "destination": "DK KAL", "eta": "{'Day': 14, 'Hour': 7, 'Minute': 0, 'Month': 1}", "display": "ARAGONITH (209672000)", "links": "<a href=\"https://www.vesselfinder.com/vessels?name=9164081\" target=\"_blank\" rel=\"noopener\">VesselFinder</a> | <a href=\"https://www.marinetraffic.com/en/ais/search/all?keyword=9164081\" target=\"_blank\" rel=\"noopener\">MarineTraffic</a>", "vf_url": "https://www.vesselfinder.com/vessels?name=9164081", "mst_url": "https://www.marinetraffic.com/en/ais/search/all?keyword=9164081", "method": "v3_2pass_track3d_fromru10d", "ru_seen_in_lookback": true, "in_monitor_on_day": true}}, {"type": "Feature", "geometry": {"type": "LineString", "coordinates": [[-2.064365, 50.38367], [-1.9085666666666665, 50.398873333333334], [-1.7425566666666665, 50.4145], [-1.565585, 50.431695], [-1.382005, 50.45055333333333], [-1.2006483333333333, 50.466923333333334], [-1.049215, 50.52675], [-0.9768116666666666, 50.61928833333333], [-1.0025516666666667, 50.71673666666666], [-1.2242783333333334, 50.764246666666665], [-1.3254516666666667, 50.842636666666664], [-1.4122383333333335, 50.89322666666667], [-1.4207266666666667, 50.893431666666665], [-1.4207216666666667, 50.893413333333335], [-1.4207633333333334, 50.89342333333333], [-1.4207383333333332, 50.89341833333334], [-1.4207083333333335, 50.89341666666667], [-1.4207466666666666, 50.89339333333333], [-1.4207366666666668, 50.89342666666666], [-1.4206916666666667, 50.893425], [-1.4206833333333333, 50.893413333333335], [-1.4207183333333333, 50.893415], [-1.4207166666666666, 50.89340333333334], [-1.4207416666666668, 50.89340833333333], [-1.4207500000000002, 50.893391666666666], [-1.4207283333333334, 50.89345333333333], [-1.4207216666666667, 50.893411666666665], [-1.4206866666666669, 50.89338333333333], [-1.4207299999999998, 50.893413333333335], [-1.4207133333333333, 50.89342166666667], [-1.4207299999999998, 50.89339], [-1.4207233333333333, 50.89339833333334], [-1.4207216666666667, 50.893436666666666], [-1.4207216666666667, 50.89342666666666], [-1.42071, 50.893413333333335], [-1.4207016666666665, 50.893413333333335], [-1.420745, 50.89339333333333], [-1.4207283333333334, 50.89338166666666], [-1.420705, 50.89342833333333], [-1.4207216666666667, 50.89341833333334], [-1.4207466666666666, 50.893405], [-1.4207466666666666, 50.89339], [-1.4207500000000002, 50.89338], [-1.4207583333333333, 50.89339666666667], [-1.4207333333333334, 50.8934], [-1.4207483333333333, 50.89341], [-1.4207166666666666, 50.89342666666666], [-1.4207383333333332, 50.89337833333333], [-1.4207016666666665, 50.89342666666666], [-1.4207316666666665, 50.89340666666667], [-1.42071, 50.893411666666665], [-1.4207150000000002, 50.893435], [-1.4207533333333333, 50.893391666666666], [-1.4207066666666668, 50.89339], [-1.4206983333333334, 50.893386666666665], [-1.42076, 50.89339666666667], [-1.4207283333333334, 50.89337666666667], [-1.4207433333333335, 50.89341], [-1.42071, 50.893425], [-1.4207033333333332, 50.893436666666666], [-1.4207533333333333, 50.893413333333335], [-1.4206983333333334, 50.89342333333333], [-1.4206933333333334, 50.89341833333334], [-1.42069, 50.8934], [-1.4207333333333334, 50.89341666666667], [-1.42076, 50.89340666666667], [-1.4207066666666668, 50.89341833333334], [-1.4207166666666666, 50.89340333333334], [-1.42077, 50.89341666666667], [-1.4207500000000002, 50.89341666666667], [-1.4207466666666666, 50.89342666666666], [-1.4207466666666666, 50.893415], [-1.4207133333333333, 50.893411666666665], [-1.4207366666666668, 50.89342333333333], [-1.4206983333333334, 50.89339], [-1.4207866666666669, 50.89341], [-1.42072, 50.89341666666667], [-1.4207133333333333, 50.893413333333335], [-1.42074, 50.893395000000005], [-1.4207716666666668, 50.893395000000005], [-1.4207116666666666, 50.893405], [-1.4207666666666665, 50.893415], [-1.42072, 50.893395000000005], [-1.42069, 50.8934], [-1.42071, 50.893413333333335], [-1.4207116666666666, 50.89340666666667], [-1.4207416666666668, 50.89338333333333], [-1.4207316666666665, 50.893425], [-1.42071, 50.89340833333333], [-1.42071, 50.893395000000005], [-1.4207216666666667, 50.893388333333334], [-1.4207283333333334, 50.893415], [-1.4207833333333333, 50.89338166666666], [-1.4207516666666666, 50.89341833333334], [-1.4207333333333334, 50.893411666666665], [-1.4207183333333333, 50.89341833333334], [-1.4207116666666666, 50.893386666666665], [-1.42074, 50.893431666666665], [-1.4207316666666665, 50.893429999999995], [-1.4206983333333334, 50.893413333333335], [-1.4207483333333333, 50.89340666666667], [-1.4207016666666665, 50.89342], [-1.4207466666666666, 50.89340166666667], [-1.420735, 50.89341], [-1.42078, 50.89340666666667], [-1.4207683333333334, 50.893388333333334], [-1.4207633333333334, 50.893388333333334], [-1.4206866666666669, 50.89342], [-1.4207299999999998, 50.893391666666666], [-1.4206933333333334, 50.893429999999995], [-1.4206949999999998, 50.89341666666667], [-1.4206916666666667, 50.8934], [-1.4207333333333334, 50.89338333333333], [-1.4207333333333334, 50.89339], [-1.4207183333333333, 50.89339833333334], [-1.4207766666666666, 50.89342833333333], [-1.4207633333333334, 50.8934], [-1.4207283333333334, 50.89340833333333], [-1.4206933333333334, 50.893425], [-1.4207416666666668, 50.893395000000005], [-1.4207016666666665, 50.89339], [-1.4206916666666667, 50.89337833333333]]}, "properties": {"label": "EDDYSTONE", "mmsi": "235507000", "imo": "9234070", "name": "EDDYSTONE", "shiptype": "", "first_seen_utc": "2026-01-05T21:48:57Z", "last_seen_utc": "2026-01-14T16:05:04Z", "destination": "GB SOU", "eta": "{'Day': 12, 'Hour': 4, 'Minute': 15, 'Month': 1}", "display": "", "links": "<a href=\"https://www.vesselfinder.com/vessels?name=9234070\" target=\"_blank\" rel=\"noopener\">VesselFinder</a> | <a href=\"https://www.marinetraffic.com/en/ais/search/all?keyword=9234070\" target=\"_blank\" rel=\"noopener\">MarineTraffic</a>", "vf_url": "https://www.vesselfinder.com/vessels?name=9234070", "mst_url": "https://www.marinetraffic.com/en/ais/search/all?keyword=9234070", "method": "v3_2pass_track3d_fromru10d", "ru_seen_in_lookback": true, "in_monitor_on_day": true}}, {"type": "Feature", "geometry": {"type": "Point", "coordinates": [-1.4206916666666667, 50.89337833333333]}, "properties": {"label": "EDDYSTONE", "mmsi": "235507000", "imo": "9234070", "name": "EDDYSTONE", "shiptype": "", "first_seen_utc": "2026-01-05T21:48:57Z", "last_seen_utc": "2026-01-14T16:05:04Z", "destination": "GB SOU", "eta": "{'Day': 12, 'Hour': 4, 'Minute': 15, 'Month': 1}", "display": "EDDYSTONE (235507000)", "links": "<a href=\"https://www.vesselfinder.com/vessels?name=9234070\" target=\"_blank\" rel=\"noopener\">VesselFinder</a> | <a href=\"https://www.marinetraffic.com/en/ais/search/all?keyword=9234070\" target=\"_blank\" rel=\"noopener\">MarineTraffic</a>", "vf_url": "https://www.vesselfinder.com/vessels?name=9234070", "mst_url": "https://www.marinetraffic.com/en/ais/search/all?keyword=9234070", "method": "v3_2pass_track3d_fromru10d", "ru_seen_in_lookback": true, "in_monitor_on_day": true}}, {"type": "Feature", "geometry": {"type": "LineString", "coordinates": [[10.485611666666667, 57.87046], [10.297683333333334, 57.85919], [10.107828333333334, 57.84973166666667], [9.913466666666666, 57.84277], [9.73826, 57.82429666666667], [9.560263333333333, 57.799025], [9.413791666666667, 57.755961666666664], [9.263801666666666, 57.71], [9.108725, 57.658879999999996], [8.950015, 57.60627], [8.795418333333334, 57.55375166666667], [8.619513333333334, 57.484746666666666], [8.362119999999999, 57.40101], [8.222365, 57.37286833333334], [8.109128333333334, 57.342324999999995], [7.980151666666667, 57.28626166666666], [7.85043, 57.236823333333334], [7.718681666666667, 57.18719333333333], [7.535238333333334, 57.11865833333333], [4.646258333333334, 54.28370833333334], [2.63017, 52.060813333333336], [2.568556666666667, 51.9367], [2.464271666666667, 51.81893], [2.3575616666666668, 51.739965], [2.2383900000000003, 51.65727166666667], [2.1205249999999998, 51.575943333333335], [1.9963566666666668, 51.494083333333336], [1.8907483333333335, 51.408071666666665], [1.8233866666666667, 51.305841666666666], [1.74745, 51.208965], [1.6158666666666666, 51.144055], [1.4966599999999999, 51.073105000000005], [1.4048133333333332, 50.992495], [-0.8504016666666666, 50.364718333333336]]}, "properties": {"label": "ALBERTA", "mmsi": "311039900", "imo": "9486922", "name": "ALBERTA", "shiptype": "", "first_seen_utc": "2026-01-05T22:38:35Z", "last_seen_utc": "2026-01-14T15:02:45Z", "destination": "EGPSD", "eta": "{'Day': 26, 'Hour': 1, 'Minute': 0, 'Month': 1}", "display": "", "links": "<a href=\"https://www.vesselfinder.com/vessels?name=9486922\" target=\"_blank\" rel=\"noopener\">VesselFinder</a> | <a href=\"https://www.marinetraffic.com/en/ais/search/all?keyword=9486922\" target=\"_blank\" rel=\"noopener\">MarineTraffic</a>", "vf_url": "https://www.vesselfinder.com/vessels?name=9486922", "mst_url": "https://www.marinetraffic.com/en/ais/search/all?keyword=9486922", "method": "v3_2pass_track3d_fromru10d", "ru_seen_in_lookback": true, "in_monitor_on_day": true}}, {"type": "Feature", "geometry": {"type": "Point", "coordinates": [-0.8504016666666666, 50.364718333333336]}, "properties": {"label": "ALBERTA", "mmsi": "311039900", "imo": "9486922", "name": "ALBERTA", "shiptype": "", "first_seen_utc": "2026-01-05T22:38:35Z", "last_seen_utc": "2026-01-14T15:02:45Z", "destination": "EGPSD", "eta": "{'Day': 26, 'Hour': 1, 'Minute': 0, 'Month': 1}", "display": "ALBERTA (311039900)", "links": "<a href=\"https://www.vesselfinder.com/vessels?name=9486922\" target=\"_blank\" rel=\"noopener\">VesselFinder</a> | <a href=\"https://www.marinetraffic.com/en/ais/search/all?keyword=9486922\" target=\"_blank\" rel=\"noopener\">MarineTraffic</a>", "vf_url": "https://www.vesselfinder.com/vessels?name=9486922", "mst_url": "https://www.marinetraffic.com/en/ais/search/all?keyword=9486922", "method": "v3_2pass_track3d_fromru10d", "ru_seen_in_lookback": true, "in_monitor_on_day": true}}, {"type": "Feature", "geometry": {"type": "LineString", "coordinates": [[9.710016666666666, 57.84948333333333], [9.546349999999999, 57.79861666666667], [9.38335, 57.747616666666666], [9.217233333333333, 57.69949999999999], [9.047583333333334, 57.64736666666667], [8.891783333333333, 57.59133333333333], [8.732216666666666, 57.53263333333334], [8.570366666666667, 57.4778], [8.400933333333333, 57.42458333333333], [8.23325, 57.370583333333336], [8.0725, 57.31868333333333], [7.909116666666667, 57.26571666666667], [7.751483333333334, 57.21505], [7.593533333333334, 57.16485], [7.448883333333333, 57.11605], [7.3124666666666664, 57.06995], [7.179783333333333, 57.023649999999996], [7.052933333333333, 56.97926666666667], [3.6023833333333335, 53.57598333333333], [3.393333333333333, 53.17028333333334], [2.6148000000000002, 51.91336666666667], [2.216416666666667, 51.600516666666664], [2.1104333333333334, 51.53568333333333], [2.0044333333333335, 51.4739], [1.9065166666666669, 51.40963333333333], [1.8434333333333333, 51.32915], [1.7860333333333334, 51.249966666666666], [1.6964000000000001, 51.18848333333334], [1.5850666666666666, 51.13345], [1.4671333333333334, 51.07286666666666], [1.3455000000000001, 51.00771666666667], [-1.2375833333333333, 50.28155]]}, "properties": {"label": "KRITI VIGOR", "mmsi": "511101857", "imo": "9290397", "name": "KRITI VIGOR", "shiptype": "", "first_seen_utc": "2026-01-05T22:41:39Z", "last_seen_utc": "2026-01-14T09:19:25Z", "destination": "EG PSD", "eta": "{'Day': 26, 'Hour': 2, 'Minute': 20, 'Month': 1}", "display": "", "links": "<a href=\"https://www.vesselfinder.com/vessels?name=9290397\" target=\"_blank\" rel=\"noopener\">VesselFinder</a> | <a href=\"https://www.marinetraffic.com/en/ais/search/all?keyword=9290397\" target=\"_blank\" rel=\"noopener\">MarineTraffic</a>", "vf_url": "https://www.vesselfinder.com/vessels?name=9290397", "mst_url": "https://www.marinetraffic.com/en/ais/search/all?keyword=9290397", "method": "v3_2pass_track3d_fromru10d", "ru_seen_in_lookback": true, "in_monitor_on_day": true}}, {"type": "Feature", "geometry": {"type": "Point", "coordinates": [-1.2375833333333333, 50.28155]}, "properties": {"label": "KRITI VIGOR", "mmsi": "511101857", "imo": "9290397", "name": "KRITI VIGOR", "shiptype": "", "first_seen_utc": "2026-01-05T22:41:39Z", "last_seen_utc": "2026-01-14T09:19:25Z", "destination": "EG PSD", "eta": "{'Day': 26, 'Hour': 2, 'Minute': 20, 'Month': 1}", "display": "KRITI VIGOR (511101857)", "links": "<a href=\"https://www.vesselfinder.com/vessels?name=9290397\" target=\"_blank\" rel=\"noopener\">VesselFinder</a> | <a href=\"https://www.marinetraffic.com/en/ais/search/all?keyword=9290397\" target=\"_blank\" rel=\"noopener\">MarineTraffic</a>", "vf_url": "https://www.vesselfinder.com/vessels?name=9290397", "mst_url": "https://www.marinetraffic.com/en/ais/search/all?keyword=9290397", "method": "v3_2pass_track3d_fromru10d", "ru_seen_in_lookback": true, "in_monitor_on_day": true}}, {"type": "Feature", "geometry": {"type": "LineString", "coordinates": [[15.886976666666667, 55.729825], [15.545725000000001, 55.68044], [15.387028333333335, 55.659106666666666], [15.200488333333334, 55.623963333333336], [14.967324999999999, 55.55487166666667], [14.767513333333333, 55.49422666666667], [14.606041666666666, 55.44190666666667], [14.495618333333335, 55.36960666666666], [14.390356666666666, 55.29653166666667], [14.277958333333334, 55.21563333333334], [12.28424, 54.60586], [12.225718333333333, 54.526311666666665], [12.172918333333334, 54.44180666666667], [12.029124999999999, 54.43192], [11.873486666666668, 54.43177333333333], [11.71776, 54.450605], [11.575715, 54.491481666666665], [11.433265, 54.53230333333333], [11.285161666666665, 54.57647166666666], [11.126618333333333, 54.61174833333334], [10.974753333333332, 54.61365833333333], [10.834551666666666, 54.658294999999995], [10.77832, 54.72594333333333], [10.820006666666666, 54.78792166666666], [10.837705, 54.86134166666667], [10.882085, 54.93086], [10.974815, 54.987875], [10.990721666666667, 55.07452], [11.010311666666666, 55.16220833333333], [11.105754999999998, 55.22784], [11.042048333333334, 55.314135], [10.954775000000001, 55.44367666666667], [10.869893333333332, 55.523745], [10.804245, 55.615365], [10.795318333333334, 55.71017166666666], [10.81751, 55.80704], [10.844908333333333, 55.894315], [10.99058, 55.93796833333333], [11.112698333333332, 56.056799999999996]]}, "properties": {"label": "NEW ENDEAVOR", "mmsi": "352246000", "imo": "9579638", "name": "NEW ENDEAVOR", "shiptype": "", "first_seen_utc": "2026-01-05T22:42:35Z", "last_seen_utc": "2026-01-14T06:16:17Z", "destination": "EG PSD", "eta": "{'Day': 28, 'Hour': 10, 'Minute': 10, 'Month': 1}", "display": "", "links": "<a href=\"https://www.vesselfinder.com/vessels?name=9579638\" target=\"_blank\" rel=\"noopener\">VesselFinder</a> | <a href=\"https://www.marinetraffic.com/en/ais/search/all?keyword=9579638\" target=\"_blank\" rel=\"noopener\">MarineTraffic</a>", "vf_url": "https://www.vesselfinder.com/vessels?name=9579638", "mst_url": "https://www.marinetraffic.com/en/ais/search/all?keyword=9579638", "method": "v3_2pass_track3d_fromru10d", "ru_seen_in_lookback": true, "in_monitor_on_day": true}}, {"type": "Feature", "geometry": {"type": "Point", "coordinates": [11.112698333333332, 56.056799999999996]}, "properties": {"label": "NEW ENDEAVOR", "mmsi": "352246000", "imo": "9579638", "name": "NEW ENDEAVOR", "shiptype": "", "first_seen_utc": "2026-01-05T22:42:35Z", "last_seen_utc": "2026-01-14T06:16:17Z", "destination": "EG PSD", "eta": "{'Day': 28, 'Hour': 10, 'Minute': 10, 'Month': 1}", "display": "NEW ENDEAVOR (352246000)", "links": "<a href=\"https://www.vesselfinder.com/vessels?name=9579638\" target=\"_blank\" rel=\"noopener\">VesselFinder</a> | <a href=\"https://www.marinetraffic.com/en/ais/search/all?keyword=9579638\" target=\"_blank\" rel=\"noopener\">MarineTraffic</a>", "vf_url": "https://www.vesselfinder.com/vessels?name=9579638", "mst_url": "https://www.marinetraffic.com/en/ais/search/all?keyword=9579638", "method": "v3_2pass_track3d_fromru10d", "ru_seen_in_lookback": true, "in_monitor_on_day": true}}, {"type": "Feature", "geometry": {"type": "LineString", "coordinates": [[15.883033333333334, 55.86108333333333], [15.48045, 55.73108333333333], [15.3293, 55.682183333333334], [15.047083333333335, 55.58913333333333], [14.891583333333333, 55.53893333333333], [14.741366666666666, 55.49078333333333], [14.583233333333334, 55.43486666666667], [14.452416666666666, 55.35021666666667], [13.05885, 55.259966666666664], [12.87515, 55.26725], [12.70195, 55.30395], [12.695616666666666, 55.401916666666665], [12.7186, 55.4807], [12.67275, 55.474583333333335], [12.689033333333333, 55.468399999999995], [12.793966666666668, 55.553466666666665], [12.920766666666667, 55.634483333333336], [12.866266666666666, 55.728233333333336], [12.767933333333334, 55.8211], [12.739583333333334, 55.925666666666665], [12.672033333333333, 56.02511666666667], [12.546033333333332, 56.11925], [10.357949999999999, 57.84858333333333], [10.067083333333333, 57.83696666666666], [9.8537, 57.829966666666664]]}, "properties": {"label": "ATALANTE", "mmsi": "229720000", "imo": "9363168", "name": "ATALANTE", "shiptype": "", "first_seen_utc": "2026-01-05T22:45:06Z", "last_seen_utc": "2026-01-14T15:44:51Z", "destination": "FR BAY", "eta": "{'Day': 18, 'Hour': 20, 'Minute': 0, 'Month': 1}", "display": "", "links": "<a href=\"https://www.vesselfinder.com/vessels?name=9363168\" target=\"_blank\" rel=\"noopener\">VesselFinder</a> | <a href=\"https://www.marinetraffic.com/en/ais/search/all?keyword=9363168\" target=\"_blank\" rel=\"noopener\">MarineTraffic</a>", "vf_url": "https://www.vesselfinder.com/vessels?name=9363168", "mst_url": "https://www.marinetraffic.com/en/ais/search/all?keyword=9363168", "method": "v3_2pass_track3d_fromru10d", "ru_seen_in_lookback": true, "in_monitor_on_day": true}}, {"type": "Feature", "geometry": {"type": "Point", "coordinates": [9.8537, 57.829966666666664]}, "properties": {"label": "ATALANTE", "mmsi": "229720000", "imo": "9363168", "name": "ATALANTE", "shiptype": "", "first_seen_utc": "2026-01-05T22:45:06Z", "last_seen_utc": "2026-01-14T15:44:51Z", "destination": "FR BAY", "eta": "{'Day': 18, 'Hour': 20, 'Minute': 0, 'Month': 1}", "display": "ATALANTE (229720000)", "links": "<a href=\"https://www.vesselfinder.com/vessels?name=9363168\" target=\"_blank\" rel=\"noopener\">VesselFinder</a> | <a href=\"https://www.marinetraffic.com/en/ais/search/all?keyword=9363168\" target=\"_blank\" rel=\"noopener\">MarineTraffic</a>", "vf_url": "https://www.vesselfinder.com/vessels?name=9363168", "mst_url": "https://www.marinetraffic.com/en/ais/search/all?keyword=9363168", "method": "v3_2pass_track3d_fromru10d", "ru_seen_in_lookback": true, "in_monitor_on_day": true}}, {"type": "Feature", "geometry": {"type": "LineString", "coordinates": [[18.555335, 54.522153333333335], [18.555316666666666, 54.522155], [18.555349999999997, 54.52218166666667], [18.555315, 54.522145], [18.55532, 54.522151666666666], [18.59429, 54.51403333333334], [18.724978333333336, 54.50232833333334], [18.856403333333333, 54.489005], [18.990256666666667, 54.47057333333333], [19.129196666666665, 54.450813333333336], [19.253218333333333, 54.430058333333335], [19.30281, 54.65709666666667], [19.361431666666665, 54.599174999999995], [19.324945, 54.58913166666667], [19.422113333333336, 54.49407833333333], [19.420203333333333, 54.47061833333333], [19.40426666666667, 54.45768333333333], [19.432376666666666, 54.503948333333334], [19.425568333333334, 54.494771666666665], [19.432723333333335, 54.498335], [19.368515, 54.498781666666666], [19.239651666666667, 54.48546833333333], [19.10728333333333, 54.47074666666666], [18.97231, 54.471898333333336], [18.840218333333333, 54.47239833333333], [18.709718333333335, 54.48708166666667], [18.58165166666667, 54.509474999999995], [18.555321666666668, 54.52215], [18.555315, 54.52216333333333], [18.555316666666666, 54.52216166666666], [18.555323333333334, 54.522165], [18.555328333333332, 54.52215666666667], [18.555313333333334, 54.52215833333333], [18.555298333333333, 54.522155], [18.55533, 54.522146666666664], [18.555308333333336, 54.522165], [18.555316666666666, 54.522166666666664], [18.555333333333333, 54.522145], [18.555328333333332, 54.522165], [18.55533, 54.52214333333333], [18.55530333333333, 54.52216833333333], [18.555304999999997, 54.52215833333333], [18.555323333333334, 54.52216333333333], [18.555331666666667, 54.522153333333335], [18.620058333333336, 54.50705333333334], [18.74480833333333, 54.48455666666667], [18.87142833333333, 54.471940000000004], [19.00369166666667, 54.47805], [19.131696666666667, 54.49250666666667], [19.175925, 54.505408333333335], [19.213681666666666, 54.50018166666667], [19.258793333333333, 54.49995333333333], [19.330685000000003, 54.503706666666666], [19.36670666666667, 54.51052666666667], [19.314193333333332, 54.506425], [19.27142, 54.50337666666667], [19.227943333333332, 54.50085833333333], [19.18687333333333, 54.49914166666667], [19.22799, 54.495405], [19.270686666666666, 54.49398], [19.312378333333335, 54.499781666666664], [19.514676666666666, 54.51195833333334], [19.429363333333335, 54.508979999999994], [19.347875, 54.51253], [19.303811666666665, 54.51276166666666], [19.264513333333333, 54.502815000000005], [19.22823, 54.488126666666666], [19.19306, 54.473036666666665], [19.15806, 54.46028166666667], [19.117810000000002, 54.45207166666667], [19.076281666666667, 54.453221666666664], [19.069671666666668, 54.46714], [19.095495000000003, 54.475638333333336], [19.131404999999997, 54.47381], [19.17042, 54.47607333333334], [19.202566666666666, 54.46505166666667], [19.236483333333336, 54.45012], [19.27709666666667, 54.450651666666666], [19.391816666666667, 54.51113]]}, "properties": {"label": "ORKA WLA-139", "mmsi": "261497000", "imo": "7905211", "name": "ORKA WLA-139", "shiptype": "", "first_seen_utc": "2026-01-06T00:04:12Z", "last_seen_utc": "2026-01-14T15:54:37Z", "destination": "CPA 0.3NM AFT", "eta": "{'Day': 0, 'Hour': 24, 'Minute': 60, 'Month': 0}", "display": "", "links": "<a href=\"https://www.vesselfinder.com/vessels?name=7905211\" target=\"_blank\" rel=\"noopener\">VesselFinder</a> | <a href=\"https://www.marinetraffic.com/en/ais/search/all?keyword=7905211\" target=\"_blank\" rel=\"noopener\">MarineTraffic</a>", "vf_url": "https://www.vesselfinder.com/vessels?name=7905211", "mst_url": "https://www.marinetraffic.com/en/ais/search/all?keyword=7905211", "method": "v3_2pass_track3d_fromru10d", "ru_seen_in_lookback": true, "in_monitor_on_day": true}}, {"type": "Feature", "geometry": {"type": "Point", "coordinates": [19.391816666666667, 54.51113]}, "properties": {"label": "ORKA WLA-139", "mmsi": "261497000", "imo": "7905211", "name": "ORKA WLA-139", "shiptype": "", "first_seen_utc": "2026-01-06T00:04:12Z", "last_seen_utc": "2026-01-14T15:54:37Z", "destination": "CPA 0.3NM AFT", "eta": "{'Day': 0, 'Hour': 24, 'Minute': 60, 'Month': 0}", "display": "ORKA WLA-139 (261497000)", "links": "<a href=\"https://www.vesselfinder.com/vessels?name=7905211\" target=\"_blank\" rel=\"noopener\">VesselFinder</a> | <a href=\"https://www.marinetraffic.com/en/ais/search/all?keyword=7905211\" target=\"_blank\" rel=\"noopener\">MarineTraffic</a>", "vf_url": "https://www.vesselfinder.com/vessels?name=7905211", "mst_url": "https://www.marinetraffic.com/en/ais/search/all?keyword=7905211", "method": "v3_2pass_track3d_fromru10d", "ru_seen_in_lookback": true, "in_monitor_on_day": true}}, {"type": "Feature", "geometry": {"type": "LineString", "coordinates": [[14.372263333333333, 55.295428333333334], [12.192743333333334, 54.453788333333335], [12.079676666666668, 54.428605], [11.952266666666667, 54.427659999999996], [11.822893333333333, 54.42198833333334], [11.703691666666666, 54.44687], [11.594983333333333, 54.48087666666667], [11.481318333333332, 54.515361666666664], [11.357956666666666, 54.54923833333333], [11.239370000000001, 54.58331833333333]]}, "properties": {"label": "BUNDU", "mmsi": "352001341", "imo": "9273014", "name": "BUNDU", "shiptype": "", "first_seen_utc": "2026-01-06T00:17:08Z", "last_seen_utc": "2026-01-14T15:52:10Z", "destination": "MAJFL", "eta": "{'Day': 25, 'Hour': 18, 'Minute': 0, 'Month': 1}", "display": "", "links": "<a href=\"https://www.vesselfinder.com/vessels?name=9273014\" target=\"_blank\" rel=\"noopener\">VesselFinder</a> | <a href=\"https://www.marinetraffic.com/en/ais/search/all?keyword=9273014\" target=\"_blank\" rel=\"noopener\">MarineTraffic</a>", "vf_url": "https://www.vesselfinder.com/vessels?name=9273014", "mst_url": "https://www.marinetraffic.com/en/ais/search/all?keyword=9273014", "method": "v3_2pass_track3d_fromru10d", "ru_seen_in_lookback": true, "in_monitor_on_day": true}}, {"type": "Feature", "geometry": {"type": "Point", "coordinates": [11.239370000000001, 54.58331833333333]}, "properties": {"label": "BUNDU", "mmsi": "352001341", "imo": "9273014", "name": "BUNDU", "shiptype": "", "first_seen_utc": "2026-01-06T00:17:08Z", "last_seen_utc": "2026-01-14T15:52:10Z", "destination": "MAJFL", "eta": "{'Day': 25, 'Hour': 18, 'Minute': 0, 'Month': 1}", "display": "BUNDU (352001341)", "links": "<a href=\"https://www.vesselfinder.com/vessels?name=9273014\" target=\"_blank\" rel=\"noopener\">VesselFinder</a> | <a href=\"https://www.marinetraffic.com/en/ais/search/all?keyword=9273014\" target=\"_blank\" rel=\"noopener\">MarineTraffic</a>", "vf_url": "https://www.vesselfinder.com/vessels?name=9273014", "mst_url": "https://www.marinetraffic.com/en/ais/search/all?keyword=9273014", "method": "v3_2pass_track3d_fromru10d", "ru_seen_in_lookback": true, "in_monitor_on_day": true}}, {"type": "Feature", "geometry": {"type": "LineString", "coordinates": [[18.66860666666667, 54.390105], [18.668628333333334, 54.3901], [18.668613333333333, 54.39011], [18.668593333333334, 54.39008166666667], [18.668623333333336, 54.39011666666667], [18.66864, 54.39010666666666], [18.668615, 54.39012], [18.668605, 54.39011], [18.668591666666668, 54.390121666666666], [18.668635, 54.39010666666666], [18.668601666666667, 54.390096666666665], [18.668625000000002, 54.390118333333334], [18.668601666666667, 54.39011333333334], [18.668611666666667, 54.39011166666667], [18.66863, 54.390098333333334], [18.66862666666667, 54.3901], [18.668574999999997, 54.39010666666666], [18.668586666666666, 54.39011], [18.668619999999997, 54.39010833333334], [18.668595, 54.390105], [18.66861, 54.390105], [18.668633333333332, 54.390123333333335], [18.668631666666666, 54.39013], [18.66864, 54.39008666666667], [18.66859, 54.39012666666667], [18.668605, 54.39011333333334], [18.66861833333333, 54.39008333333334], [18.668623333333336, 54.39008833333333], [18.66863, 54.39009333333333], [18.66861, 54.39010833333334], [18.668616666666665, 54.39011166666667], [18.668601666666667, 54.39011333333334], [18.66863, 54.39012], [18.668596666666666, 54.390121666666666], [18.668595, 54.390115], [18.668623333333336, 54.39010833333334], [18.66863, 54.390101666666666], [18.668581666666668, 54.390094999999995], [18.668621666666663, 54.3901], [18.66863, 54.39011333333334], [18.668643333333332, 54.39013166666667], [18.668583333333334, 54.390121666666666], [18.668588333333332, 54.390125], [18.66860666666667, 54.390121666666666], [18.668580000000002, 54.39010833333334], [18.668603333333333, 54.39011333333334], [18.668598333333332, 54.390121666666666], [18.668636666666664, 54.390096666666665], [18.668581666666668, 54.390101666666666], [18.668608333333335, 54.390094999999995], [18.668621666666663, 54.39011333333334], [18.668601666666667, 54.39009333333333], [18.668611666666667, 54.390105], [18.6686, 54.39013], [18.668638333333334, 54.3901], [18.66860666666667, 54.39013333333333], [18.668613333333333, 54.39011333333334], [18.668621666666663, 54.3901], [18.668619999999997, 54.390118333333334], [18.668623333333336, 54.39011666666667], [18.66860666666667, 54.390115], [18.668603333333333, 54.390125], [18.668598333333332, 54.390105], [18.668628333333334, 54.39012], [18.668646666666667, 54.390115], [18.668586666666666, 54.3901], [18.668625000000002, 54.39013], [18.668616666666665, 54.39012], [18.668636666666664, 54.390118333333334], [18.668566666666667, 54.39011666666667], [18.668613333333333, 54.39011], [18.668621666666663, 54.390125], [18.668603333333333, 54.390115], [18.668633333333332, 54.390121666666666], [18.668593333333334, 54.390115], [18.66861, 54.390115], [18.668621666666663, 54.39012833333334], [18.668613333333333, 54.39011333333334], [18.668619999999997, 54.39010833333334], [18.66861833333333, 54.390121666666666], [18.6686, 54.39011333333334], [18.668623333333336, 54.3901], [18.668598333333332, 54.39012666666667], [18.668591666666668, 54.39011333333334], [18.66860666666667, 54.39011666666667], [18.658185, 54.381465000000006], [18.650813333333335, 54.421765], [18.733251666666668, 54.48014666666666], [18.825045, 54.54055833333334], [18.913766666666668, 54.60152666666667], [18.969941666666667, 54.67298166666667], [19.073886666666667, 54.72136666666667], [19.185675, 54.76922166666667]]}, "properties": {"label": "KAREWOOD STAR", "mmsi": "311000648", "imo": "9363986", "name": "KAREWOOD STAR", "shiptype": "", "first_seen_utc": "2026-01-06T01:13:24Z", "last_seen_utc": "2026-01-14T00:44:33Z", "destination": "PARNU", "eta": "{'Day': 15, 'Hour': 16, 'Minute': 0, 'Month': 1}", "display": "", "links": "<a href=\"https://www.vesselfinder.com/vessels?name=9363986\" target=\"_blank\" rel=\"noopener\">VesselFinder</a> | <a href=\"https://www.marinetraffic.com/en/ais/search/all?keyword=9363986\" target=\"_blank\" rel=\"noopener\">MarineTraffic</a>", "vf_url": "https://www.vesselfinder.com/vessels?name=9363986", "mst_url": "https://www.marinetraffic.com/en/ais/search/all?keyword=9363986", "method": "v3_2pass_track3d_fromru10d", "ru_seen_in_lookback": true, "in_monitor_on_day": true}}, {"type": "Feature", "geometry": {"type": "Point", "coordinates": [19.185675, 54.76922166666667]}, "properties": {"label": "KAREWOOD STAR", "mmsi": "311000648", "imo": "9363986", "name": "KAREWOOD STAR", "shiptype": "", "first_seen_utc": "2026-01-06T01:13:24Z", "last_seen_utc": "2026-01-14T00:44:33Z", "destination": "PARNU", "eta": "{'Day': 15, 'Hour': 16, 'Minute': 0, 'Month': 1}", "display": "KAREWOOD STAR (311000648)", "links": "<a href=\"https://www.vesselfinder.com/vessels?name=9363986\" target=\"_blank\" rel=\"noopener\">VesselFinder</a> | <a href=\"https://www.marinetraffic.com/en/ais/search/all?keyword=9363986\" target=\"_blank\" rel=\"noopener\">MarineTraffic</a>", "vf_url": "https://www.vesselfinder.com/vessels?name=9363986", "mst_url": "https://www.marinetraffic.com/en/ais/search/all?keyword=9363986", "method": "v3_2pass_track3d_fromru10d", "ru_seen_in_lookback": true, "in_monitor_on_day": true}}, {"type": "Feature", "geometry": {"type": "LineString", "coordinates": [[15.235483333333333, 55.5879], [15.010416666666666, 55.53411666666667], [14.8582, 55.501916666666666], [14.709783333333332, 55.4642], [14.570016666666668, 55.4152], [12.254433333333333, 54.582366666666665], [12.2113, 54.50586666666666], [12.148316666666666, 54.43835], [12.01475, 54.4284], [11.873783333333334, 54.43008333333333], [11.73075, 54.44301666666667], [11.600716666666667, 54.47618333333333], [11.4694, 54.51241666666667], [11.331266666666666, 54.555166666666665], [11.1951, 54.59453333333333], [11.056433333333333, 54.6022], [10.96125, 54.61615], [10.90825, 54.63348333333333], [10.856449999999999, 54.651650000000004], [10.805016666666667, 54.67078333333333], [10.77805, 54.704299999999996], [10.811933333333334, 54.77338333333333], [10.8371, 54.86156666666667], [10.904283333333332, 54.944516666666665], [10.99185, 55.01635]]}, "properties": {"label": "SHENG AN YANG", "mmsi": "414531000", "imo": "9343302", "name": "SHENG AN YANG", "shiptype": "", "first_seen_utc": "2026-01-06T01:18:14Z", "last_seen_utc": "2026-01-14T16:11:23Z", "destination": "IN VTZ", "eta": "{'Day': 28, 'Hour': 12, 'Minute': 0, 'Month': 2}", "display": "", "links": "<a href=\"https://www.vesselfinder.com/vessels?name=9343302\" target=\"_blank\" rel=\"noopener\">VesselFinder</a> | <a href=\"https://www.marinetraffic.com/en/ais/search/all?keyword=9343302\" target=\"_blank\" rel=\"noopener\">MarineTraffic</a>", "vf_url": "https://www.vesselfinder.com/vessels?name=9343302", "mst_url": "https://www.marinetraffic.com/en/ais/search/all?keyword=9343302", "method": "v3_2pass_track3d_fromru10d", "ru_seen_in_lookback": true, "in_monitor_on_day": true}}, {"type": "Feature", "geometry": {"type": "Point", "coordinates": [10.99185, 55.01635]}, "properties": {"label": "SHENG AN YANG", "mmsi": "414531000", "imo": "9343302", "name": "SHENG AN YANG", "shiptype": "", "first_seen_utc": "2026-01-06T01:18:14Z", "last_seen_utc": "2026-01-14T16:11:23Z", "destination": "IN VTZ", "eta": "{'Day': 28, 'Hour': 12, 'Minute': 0, 'Month': 2}", "display": "SHENG AN YANG (414531000)", "links": "<a href=\"https://www.vesselfinder.com/vessels?name=9343302\" target=\"_blank\" rel=\"noopener\">VesselFinder</a> | <a href=\"https://www.marinetraffic.com/en/ais/search/all?keyword=9343302\" target=\"_blank\" rel=\"noopener\">MarineTraffic</a>", "vf_url": "https://www.vesselfinder.com/vessels?name=9343302", "mst_url": "https://www.marinetraffic.com/en/ais/search/all?keyword=9343302", "method": "v3_2pass_track3d_fromru10d", "ru_seen_in_lookback": true, "in_monitor_on_day": true}}, {"type": "Feature", "geometry": {"type": "LineString", "coordinates": [[10.174119999999998, 54.380453333333335], [10.17188, 54.37673333333333], [10.157101666666668, 54.36607333333333], [10.141278333333334, 54.36552666666667], [10.139001666666667, 54.365973333333336], [10.064443333333333, 54.36214333333333], [9.999605, 54.35146333333333], [9.907291666666667, 54.348396666666666], [9.816348333333334, 54.363640000000004], [9.73655, 54.33508333333334], [9.702908333333333, 54.29931666666666], [9.628416666666668, 54.26932], [9.59592, 54.22141], [9.515854999999998, 54.18922666666666], [9.424546666666666, 54.16690333333334], [9.357621666666667, 54.14758333333334], [9.328041666666667, 54.09708], [9.301856666666668, 54.03313], [9.260151666666667, 53.96889], [9.19926, 53.924276666666664], [9.145451666666666, 53.89437], [9.144033333333335, 53.89355333333333], [7.674573333333333, 54.018343333333334], [7.555178333333333, 53.99881333333334], [7.434406666666666, 53.97942666666667], [7.315565, 53.96259666666666], [7.196571666666667, 53.944269999999996], [7.076516666666667, 53.92666666666666], [6.958325, 53.90916333333333], [6.839645, 53.8906], [6.709958333333334, 53.872460000000004], [6.0773866666666665, 53.76478], [5.73384, 53.69568], [5.608996666666667, 53.67087333333333], [5.466498333333333, 53.64285333333333], [5.35585, 53.62373], [5.238031666666667, 53.60282333333334], [5.118908333333334, 53.57844333333333], [5.0021700000000004, 53.55536333333334], [4.885445000000001, 53.529646666666665], [4.77, 53.501976666666664], [4.656913333333334, 53.47443], [4.515175, 53.34515666666667], [4.447753333333334, 53.26025333333334], [4.399870000000001, 53.19593], [4.3157033333333334, 53.138866666666665], [4.220986666666667, 53.094206666666665], [4.108818333333334, 53.03741], [4.0138316666666665, 52.988526666666665], [3.83504, 52.88382], [3.7206483333333336, 52.801383333333334], [3.6408466666666666, 52.73959], [2.6984316666666666, 51.95203333333333], [2.629185, 51.89917666666667], [2.0263083333333336, 51.47700333333333], [1.9613066666666665, 51.41399], [1.9062066666666666, 51.34570333333333], [1.8505399999999999, 51.278850000000006], [1.7803733333333334, 51.21648666666667], [1.7149233333333334, 51.168393333333334], [1.6544783333333333, 51.11226333333333], [1.7182316666666668, 51.04486333333333], [1.8089733333333333, 51.028866666666666], [2.1661283333333334, 51.038403333333335], [2.1771733333333336, 51.00246666666667]]}, "properties": {"label": "UNITAR", "mmsi": "257364000", "imo": "9505687", "name": "UNITAR", "shiptype": "", "first_seen_utc": "2026-01-06T02:58:27Z", "last_seen_utc": "2026-01-14T07:00:33Z", "destination": "FRDKK", "eta": "{'Day': 14, 'Hour': 5, 'Minute': 0, 'Month': 1}", "display": "", "links": "<a href=\"https://www.vesselfinder.com/vessels?name=9505687\" target=\"_blank\" rel=\"noopener\">VesselFinder</a> | <a href=\"https://www.marinetraffic.com/en/ais/search/all?keyword=9505687\" target=\"_blank\" rel=\"noopener\">MarineTraffic</a>", "vf_url": "https://www.vesselfinder.com/vessels?name=9505687", "mst_url": "https://www.marinetraffic.com/en/ais/search/all?keyword=9505687", "method": "v3_2pass_track3d_fromru10d", "ru_seen_in_lookback": true, "in_monitor_on_day": true}}, {"type": "Feature", "geometry": {"type": "Point", "coordinates": [2.1771733333333336, 51.00246666666667]}, "properties": {"label": "UNITAR", "mmsi": "257364000", "imo": "9505687", "name": "UNITAR", "shiptype": "", "first_seen_utc": "2026-01-06T02:58:27Z", "last_seen_utc": "2026-01-14T07:00:33Z", "destination": "FRDKK", "eta": "{'Day': 14, 'Hour': 5, 'Minute': 0, 'Month': 1}", "display": "UNITAR (257364000)", "links": "<a href=\"https://www.vesselfinder.com/vessels?name=9505687\" target=\"_blank\" rel=\"noopener\">VesselFinder</a> | <a href=\"https://www.marinetraffic.com/en/ais/search/all?keyword=9505687\" target=\"_blank\" rel=\"noopener\">MarineTraffic</a>", "vf_url": "https://www.vesselfinder.com/vessels?name=9505687", "mst_url": "https://www.marinetraffic.com/en/ais/search/all?keyword=9505687", "method": "v3_2pass_track3d_fromru10d", "ru_seen_in_lookback": true, "in_monitor_on_day": true}}, {"type": "Feature", "geometry": {"type": "LineString", "coordinates": [[7.411083333333334, 57.044983333333334], [7.630333333333334, 57.12031666666667], [7.852566666666666, 57.19018333333334], [8.076066666666668, 57.258766666666666], [8.289233333333334, 57.33823333333333], [8.510133333333334, 57.41785], [8.729000000000001, 57.49093333333334], [8.9488, 57.56125], [9.166833333333333, 57.62826666666667], [9.389100000000001, 57.69931666666666], [9.6309, 57.741933333333336], [9.876016666666667, 57.76383333333333], [10.107249999999999, 57.782199999999996], [10.338416666666665, 57.795433333333335], [11.195133333333333, 56.135216666666665], [11.083266666666667, 56.033300000000004], [10.979566666666667, 55.940450000000006], [10.816383333333333, 55.8849], [10.807866666666666, 55.78458333333333], [10.778616666666666, 55.67473333333333], [10.82075, 55.57438333333334], [11.002616666666666, 55.39671666666666], [11.040766666666666, 55.30013333333333], [11.092716666666666, 55.20433333333334], [10.987816666666667, 55.126933333333334], [10.9939, 55.0201], [10.891133333333332, 54.94211666666667], [10.838733333333332, 54.85338333333333], [10.792466666666666, 54.75541666666666], [10.81825, 54.66325], [10.970683333333334, 54.6099], [11.145566666666667, 54.59083333333333], [11.309949999999999, 54.547333333333334], [11.480283333333334, 54.498583333333336], [11.656716666666666, 54.44701666666666], [11.838766666666666, 54.411883333333336], [12.0371, 54.40983333333334], [12.198, 54.4475], [12.256433333333332, 54.529316666666666], [12.294233333333333, 54.591516666666664], [12.392083333333334, 54.64196666666667], [12.50665, 54.68541666666667], [18.39081666666667, 55.09758333333333], [18.48235, 55.04605], [18.565333333333335, 54.99948333333334], [18.651466666666668, 54.95218333333333], [18.740216666666665, 54.90496666666666], [18.833566666666666, 54.86006666666666], [18.91535, 54.80231666666667], [18.995150000000002, 54.75128333333334], [19.034283333333335, 54.692699999999995], [19.06455, 54.6344], [19.052583333333335, 54.58161666666667], [19.019650000000002, 54.54091666666667], [18.99585, 54.511516666666665], [18.953899999999997, 54.5125], [18.936683333333335, 54.52503333333333]]}, "properties": {"label": "CMA CGM B FRANKLIN", "mmsi": "215195000", "imo": "9706891", "name": "CMA CGM B FRANKLIN", "shiptype": "", "first_seen_utc": "2026-01-06T03:45:13Z", "last_seen_utc": "2026-01-14T15:43:48Z", "destination": "PLGDN", "eta": "{'Day': 14, 'Hour': 15, 'Minute': 30, 'Month': 1}", "display": "", "links": "<a href=\"https://www.vesselfinder.com/vessels?name=9706891\" target=\"_blank\" rel=\"noopener\">VesselFinder</a> | <a href=\"https://www.marinetraffic.com/en/ais/search/all?keyword=9706891\" target=\"_blank\" rel=\"noopener\">MarineTraffic</a>", "vf_url": "https://www.vesselfinder.com/vessels?name=9706891", "mst_url": "https://www.marinetraffic.com/en/ais/search/all?keyword=9706891", "method": "v3_2pass_track3d_fromru10d", "ru_seen_in_lookback": true, "in_monitor_on_day": true}}, {"type": "Feature", "geometry": {"type": "Point", "coordinates": [18.936683333333335, 54.52503333333333]}, "properties": {"label": "CMA CGM B FRANKLIN", "mmsi": "215195000", "imo": "9706891", "name": "CMA CGM B FRANKLIN", "shiptype": "", "first_seen_utc": "2026-01-06T03:45:13Z", "last_seen_utc": "2026-01-14T15:43:48Z", "destination": "PLGDN", "eta": "{'Day': 14, 'Hour': 15, 'Minute': 30, 'Month': 1}", "display": "CMA CGM B FRANKLIN (215195000)", "links": "<a href=\"https://www.vesselfinder.com/vessels?name=9706891\" target=\"_blank\" rel=\"noopener\">VesselFinder</a> | <a href=\"https://www.marinetraffic.com/en/ais/search/all?keyword=9706891\" target=\"_blank\" rel=\"noopener\">MarineTraffic</a>", "vf_url": "https://www.vesselfinder.com/vessels?name=9706891", "mst_url": "https://www.marinetraffic.com/en/ais/search/all?keyword=9706891", "method": "v3_2pass_track3d_fromru10d", "ru_seen_in_lookback": true, "in_monitor_on_day": true}}, {"type": "Feature", "geometry": {"type": "LineString", "coordinates": [[18.58, 54.76416666666667], [18.689833333333336, 54.731], [18.792166666666667, 54.6875], [18.84016666666667, 54.62166666666667], [18.839833333333335, 54.620666666666665], [18.825166666666668, 54.646166666666666], [18.805, 54.667500000000004], [18.78783333333333, 54.68833333333334], [18.792333333333332, 54.694833333333335], [18.805666666666664, 54.66833333333333], [18.826, 54.64483333333333], [18.839166666666664, 54.62], [18.839333333333332, 54.596333333333334], [18.8505, 54.58566666666666], [18.863666666666667, 54.608], [18.855, 54.62983333333333], [18.83966666666667, 54.64966666666667], [18.831666666666667, 54.668], [18.835166666666666, 54.67883333333334], [18.8385, 54.69316666666667], [18.84, 54.709833333333336], [18.831, 54.705666666666666], [18.81683333333333, 54.708999999999996], [18.83566666666667, 54.64633333333334], [18.828666666666667, 54.58566666666666], [18.803035, 54.60173333333333], [18.803035, 54.60174], [18.803465000000003, 54.600743333333334], [18.803468333333335, 54.60071666666667], [18.803471666666667, 54.600728333333336], [18.80346666666667, 54.60073833333333], [18.803476666666665, 54.60071833333333], [18.803491666666666, 54.60071833333333], [18.803468333333335, 54.600723333333335], [18.80346666666667, 54.60071166666667], [18.803463333333333, 54.600728333333336], [18.803473333333333, 54.600728333333336], [18.80345833333333, 54.60073333333333], [18.803475, 54.60071666666667], [18.803483333333336, 54.60073333333333], [18.803493333333332, 54.60072666666667], [18.803481666666666, 54.60071666666667], [18.803463333333333, 54.600699999999996], [18.803463333333333, 54.600723333333335], [18.803456666666666, 54.60073666666666], [18.803486666666668, 54.600723333333335], [18.803481666666666, 54.60073833333333], [18.803473333333333, 54.60073833333333], [18.803481666666666, 54.600721666666665], [18.803483333333336, 54.600705], [18.803468333333335, 54.600715], [18.803456666666666, 54.600723333333335], [18.803461666666667, 54.600715], [18.803468333333335, 54.60073], [18.803471666666667, 54.60072666666667], [18.80347, 54.600723333333335], [18.803481666666666, 54.600715], [18.80348, 54.600721666666665], [18.803459999999998, 54.60071666666667], [18.80346666666667, 54.60074], [18.803453333333334, 54.60071666666667], [18.803475, 54.60070666666666], [18.80347, 54.60073666666666], [18.803471666666667, 54.600744999999996], [18.803471666666667, 54.600728333333336], [18.803471666666667, 54.60073333333333], [18.803465000000003, 54.600743333333334], [18.803481666666666, 54.600723333333335]]}, "properties": {"label": "DZI-85", "mmsi": "261010820", "imo": "", "name": "DZI-85", "shiptype": "", "first_seen_utc": "2026-01-06T04:16:21Z", "last_seen_utc": "2026-01-14T15:50:41Z", "destination": "", "eta": "{'Day': 0, 'Hour': 24, 'Minute': 60, 'Month': 0}", "display": "", "links": "<a href=\"https://www.vesselfinder.com/vessels?name=261010820\" target=\"_blank\" rel=\"noopener\">VesselFinder</a> | <a href=\"https://www.marinetraffic.com/en/ais/search/all?keyword=261010820\" target=\"_blank\" rel=\"noopener\">MarineTraffic</a>", "vf_url": "https://www.vesselfinder.com/vessels?name=261010820", "mst_url": "https://www.marinetraffic.com/en/ais/search/all?keyword=261010820", "method": "v3_2pass_track3d_fromru10d", "ru_seen_in_lookback": true, "in_monitor_on_day": true}}, {"type": "Feature", "geometry": {"type": "Point", "coordinates": [18.803481666666666, 54.600723333333335]}, "properties": {"label": "DZI-85", "mmsi": "261010820", "imo": "", "name": "DZI-85", "shiptype": "", "first_seen_utc": "2026-01-06T04:16:21Z", "last_seen_utc": "2026-01-14T15:50:41Z", "destination": "", "eta": "{'Day': 0, 'Hour': 24, 'Minute': 60, 'Month': 0}", "display": "DZI-85 (261010820)", "links": "<a href=\"https://www.vesselfinder.com/vessels?name=261010820\" target=\"_blank\" rel=\"noopener\">VesselFinder</a> | <a href=\"https://www.marinetraffic.com/en/ais/search/all?keyword=261010820\" target=\"_blank\" rel=\"noopener\">MarineTraffic</a>", "vf_url": "https://www.vesselfinder.com/vessels?name=261010820", "mst_url": "https://www.marinetraffic.com/en/ais/search/all?keyword=261010820", "method": "v3_2pass_track3d_fromru10d", "ru_seen_in_lookback": true, "in_monitor_on_day": true}}, {"type": "Feature", "geometry": {"type": "LineString", "coordinates": [[18.510058333333333, 54.78232833333333], [18.635865000000003, 54.74382333333333], [18.752386666666666, 54.697025000000004], [18.833008333333332, 54.63114333333333], [18.87940166666667, 54.556828333333335], [18.918318333333332, 54.48229833333333], [18.99238, 54.41602833333333], [19.114126666666667, 54.43253666666667], [19.16836, 54.43805666666666], [19.208741666666665, 54.445645], [19.251065, 54.44103333333333], [19.184401666666666, 54.43737], [19.160795, 54.44550666666667], [19.04980833333333, 54.49820833333333], [18.936788333333332, 54.541511666666665], [18.833516666666664, 54.57742], [18.801681666666664, 54.59996], [18.802666666666667, 54.60003], [18.802680000000002, 54.60003666666667], [18.802666666666667, 54.60003666666667], [18.802665, 54.60004166666667], [18.802668333333333, 54.59999333333334], [18.802616666666665, 54.600045], [18.802616666666665, 54.600026666666665], [18.802591666666668, 54.60005666666667], [18.80261, 54.600045], [18.802591666666668, 54.60004], [18.802595, 54.600045], [18.802626666666665, 54.60004666666667], [18.802643333333332, 54.60004833333333], [18.80266333333333, 54.60004166666667], [18.80263, 54.60002333333333], [18.802665, 54.60004], [18.802661666666665, 54.600015], [18.802655, 54.60003833333334], [18.802633333333333, 54.60003833333334], [18.802625, 54.60003833333334], [18.802635000000002, 54.60004833333333], [18.802608333333335, 54.600045], [18.80263, 54.60006166666667], [18.80263, 54.600071666666665], [18.802595, 54.60004166666667], [18.80260666666667, 54.600026666666665], [18.802599999999998, 54.60000333333333], [18.802643333333332, 54.600024999999995], [18.802628333333335, 54.600006666666665], [18.802636666666668, 54.60003166666667], [18.802626666666665, 54.60000166666667], [18.802650000000003, 54.600026666666665], [18.802661666666665, 54.600026666666665], [18.802671666666665, 54.60001], [18.802688333333332, 54.60002166666666], [18.802661666666665, 54.600045], [18.80269666666667, 54.600065], [18.802658333333333, 54.60005833333333], [18.802655, 54.600045], [18.80264833333333, 54.60004333333333], [18.802676666666667, 54.600053333333335], [18.802668333333333, 54.600033333333336], [18.80267, 54.60003833333334], [18.80265166666667, 54.60004666666667], [18.802645, 54.60004], [18.802641666666666, 54.60004166666667], [18.802646666666664, 54.60004], [18.802661666666665, 54.60005]]}, "properties": {"label": "WLA-51", "mmsi": "261012880", "imo": "", "name": "WLA-51", "shiptype": "", "first_seen_utc": "2026-01-06T04:20:08Z", "last_seen_utc": "2026-01-14T16:08:59Z", "destination": "WLA", "eta": "{'Day': 1, 'Hour': 0, 'Minute': 0, 'Month': 1}", "display": "", "links": "<a href=\"https://www.vesselfinder.com/vessels?name=261012880\" target=\"_blank\" rel=\"noopener\">VesselFinder</a> | <a href=\"https://www.marinetraffic.com/en/ais/search/all?keyword=261012880\" target=\"_blank\" rel=\"noopener\">MarineTraffic</a>", "vf_url": "https://www.vesselfinder.com/vessels?name=261012880", "mst_url": "https://www.marinetraffic.com/en/ais/search/all?keyword=261012880", "method": "v3_2pass_track3d_fromru10d", "ru_seen_in_lookback": true, "in_monitor_on_day": true}}, {"type": "Feature", "geometry": {"type": "Point", "coordinates": [18.802661666666665, 54.60005]}, "properties": {"label": "WLA-51", "mmsi": "261012880", "imo": "", "name": "WLA-51", "shiptype": "", "first_seen_utc": "2026-01-06T04:20:08Z", "last_seen_utc": "2026-01-14T16:08:59Z", "destination": "WLA", "eta": "{'Day': 1, 'Hour': 0, 'Minute': 0, 'Month': 1}", "display": "WLA-51 (261012880)", "links": "<a href=\"https://www.vesselfinder.com/vessels?name=261012880\" target=\"_blank\" rel=\"noopener\">VesselFinder</a> | <a href=\"https://www.marinetraffic.com/en/ais/search/all?keyword=261012880\" target=\"_blank\" rel=\"noopener\">MarineTraffic</a>", "vf_url": "https://www.vesselfinder.com/vessels?name=261012880", "mst_url": "https://www.marinetraffic.com/en/ais/search/all?keyword=261012880", "method": "v3_2pass_track3d_fromru10d", "ru_seen_in_lookback": true, "in_monitor_on_day": true}}, {"type": "Feature", "geometry": {"type": "LineString", "coordinates": [[18.80269333333333, 54.602285], [18.802688333333332, 54.60228333333334], [18.802698333333336, 54.602275], [18.802698333333336, 54.602293333333336], [18.80269666666667, 54.60229], [18.802695000000003, 54.602288333333334], [18.80269333333333, 54.60228166666666], [18.802695000000003, 54.60228333333334], [18.802698333333336, 54.60229], [18.802688333333332, 54.602291666666666], [18.802695000000003, 54.60229666666667], [18.796533333333333, 54.590003333333335], [18.87384666666667, 54.609428333333334], [18.955225, 54.622301666666665], [18.939886666666666, 54.605884999999994], [18.925638333333332, 54.58197], [18.92721166666667, 54.59473333333334], [18.94094, 54.61369166666667], [18.951343333333334, 54.63413833333333], [18.963244999999997, 54.655055], [18.9769, 54.67625833333333], [18.977863333333335, 54.658775], [18.9544, 54.64077666666667], [18.931863333333336, 54.629443333333334], [18.913975, 54.64676], [18.899961666666666, 54.66451833333333], [18.888733333333334, 54.68344166666667], [18.882861666666667, 54.70030833333333], [18.88193, 54.71055666666667], [18.894581666666667, 54.69201833333333], [18.863221666666668, 54.62493833333333], [18.798495, 54.594265], [18.803521666666665, 54.60032666666667], [18.802366666666668, 54.60006666666666], [18.802365, 54.600026666666665], [18.802363333333336, 54.600024999999995], [18.802378333333333, 54.60002166666666], [18.802378333333333, 54.60001833333333], [18.802368333333334, 54.60001833333333], [18.802378333333333, 54.60002333333333], [18.802376666666664, 54.60001166666667], [18.802368333333334, 54.60001666666667], [18.80237, 54.60001], [18.802363333333336, 54.600015], [18.802378333333333, 54.60001166666667], [18.802361666666666, 54.60001666666667], [18.802355, 54.600006666666665], [18.802353333333333, 54.60001166666667], [18.802341666666667, 54.60001], [18.80235, 54.60001], [18.802371666666666, 54.600005], [18.802378333333333, 54.60001333333333], [18.802385, 54.60001333333333], [18.80238166666667, 54.600015], [18.802376666666664, 54.60001333333333], [18.802371666666666, 54.60002166666666], [18.802366666666668, 54.60000333333333], [18.802383333333335, 54.600005], [18.79737833333333, 54.593358333333335], [18.880760000000002, 54.55794166666667], [18.975833333333334, 54.52369], [19.041518333333332, 54.475456666666666], [19.041195000000002, 54.435404999999996], [19.085935, 54.4339], [19.128045, 54.437178333333335], [19.165006666666667, 54.44755], [19.204954999999998, 54.448771666666666], [19.245818333333332, 54.444808333333334], [19.29045166666667, 54.44366166666667], [19.32423, 54.45091333333333], [19.283703333333335, 54.45663666666667], [19.24172, 54.454728333333335], [19.200723333333332, 54.45448333333333], [19.15887, 54.45630833333333], [19.117568333333335, 54.45565666666666], [19.076798333333333, 54.459905000000006], [19.056620000000002, 54.46857166666667], [19.044343333333334, 54.48155833333333], [19.003916666666665, 54.499845], [18.916395, 54.537578333333336], [18.81866, 54.57787833333334], [18.803438333333336, 54.600561666666664], [18.80352, 54.60032833333333], [18.80174, 54.59999166666667], [18.80173166666667, 54.59996666666667], [18.801724999999998, 54.59996833333333], [18.801721666666666, 54.599963333333335], [18.801721666666666, 54.59995833333333], [18.801718333333334, 54.59995833333333], [18.801718333333334, 54.59995666666667], [18.801716666666668, 54.59995833333333], [18.80172333333333, 54.59995833333333], [18.801721666666666, 54.59996666666667], [18.80172, 54.599965], [18.801711666666666, 54.59996666666667], [18.801703333333332, 54.599963333333335], [18.801708333333334, 54.599963333333335], [18.801715, 54.599965], [18.801715, 54.599963333333335], [18.80172333333333, 54.59996], [18.801726666666664, 54.59996], [18.80173166666667, 54.59996], [18.801733333333335, 54.599963333333335], [18.80172333333333, 54.599955], [18.801726666666664, 54.59995666666667], [18.801718333333334, 54.59995833333333], [18.801713333333332, 54.59995333333333], [18.801706666666668, 54.599965], [18.801716666666668, 54.59996833333333], [18.801716666666668, 54.59997666666666], [18.801721666666666, 54.59997333333333], [18.80172, 54.599965], [18.801726666666664, 54.59995833333333], [18.801733333333335, 54.59995666666667], [18.801726666666664, 54.59995833333333], [18.801724999999998, 54.59995833333333], [18.80172333333333, 54.599963333333335], [18.801721666666666, 54.599961666666665], [18.801716666666668, 54.599963333333335], [18.801724999999998, 54.59996666666667], [18.801726666666664, 54.59997833333333], [18.801724999999998, 54.59997666666666], [18.80171, 54.59996666666667], [18.801718333333334, 54.599963333333335], [18.801706666666668, 54.59996], [18.801696666666665, 54.599965], [18.801676666666665, 54.59995333333333]]}, "properties": {"label": "WLA-220", "mmsi": "261002913", "imo": "", "name": "WLA-220", "shiptype": "", "first_seen_utc": "2026-01-06T04:22:38Z", "last_seen_utc": "2026-01-14T16:10:42Z", "destination": "WLADYSLAWOWO", "eta": "{'Day': 27, 'Hour': 9, 'Minute': 20, 'Month': 8}", "display": "", "links": "<a href=\"https://www.vesselfinder.com/vessels?name=261002913\" target=\"_blank\" rel=\"noopener\">VesselFinder</a> | <a href=\"https://www.marinetraffic.com/en/ais/search/all?keyword=261002913\" target=\"_blank\" rel=\"noopener\">MarineTraffic</a>", "vf_url": "https://www.vesselfinder.com/vessels?name=261002913", "mst_url": "https://www.marinetraffic.com/en/ais/search/all?keyword=261002913", "method": "v3_2pass_track3d_fromru10d", "ru_seen_in_lookback": true, "in_monitor_on_day": true}}, {"type": "Feature", "geometry": {"type": "Point", "coordinates": [18.801676666666665, 54.59995333333333]}, "properties": {"label": "WLA-220", "mmsi": "261002913", "imo": "", "name": "WLA-220", "shiptype": "", "first_seen_utc": "2026-01-06T04:22:38Z", "last_seen_utc": "2026-01-14T16:10:42Z", "destination": "WLADYSLAWOWO", "eta": "{'Day': 27, 'Hour': 9, 'Minute': 20, 'Month': 8}", "display": "WLA-220 (261002913)", "links": "<a href=\"https://www.vesselfinder.com/vessels?name=261002913\" target=\"_blank\" rel=\"noopener\">VesselFinder</a> | <a href=\"https://www.marinetraffic.com/en/ais/search/all?keyword=261002913\" target=\"_blank\" rel=\"noopener\">MarineTraffic</a>", "vf_url": "https://www.vesselfinder.com/vessels?name=261002913", "mst_url": "https://www.marinetraffic.com/en/ais/search/all?keyword=261002913", "method": "v3_2pass_track3d_fromru10d", "ru_seen_in_lookback": true, "in_monitor_on_day": true}}, {"type": "Feature", "geometry": {"type": "LineString", "coordinates": [[3.6383916666666667, 53.61897166666667], [3.5705766666666667, 53.49280666666667], [3.5236650000000003, 53.39673833333333], [3.378651666666667, 53.140465], [3.0015533333333333, 52.59435833333334], [2.80897, 52.34380833333333], [2.3276833333333333, 51.69519833333333], [2.217203333333333, 51.623195], [2.0786333333333333, 51.532574999999994], [1.9697749999999998, 51.46186], [1.8867933333333333, 51.38287833333333], [1.8169283333333333, 51.33015833333333], [1.8088833333333334, 51.29379666666667], [1.7866533333333334, 51.24460333333333], [1.7063683333333333, 51.18031666666666], [1.6159233333333334, 51.12535833333333], [1.5159383333333334, 51.07789666666667], [-0.9575083333333333, 50.33400833333334]]}, "properties": {"label": "STAR OCEAN", "mmsi": "311001561", "imo": "1016484", "name": "STAR OCEAN", "shiptype": "", "first_seen_utc": "2026-01-06T05:12:01Z", "last_seen_utc": "2026-01-14T06:59:29Z", "destination": "ES LPA", "eta": "{'Day': 19, 'Hour': 8, 'Minute': 0, 'Month': 1}", "display": "", "links": "<a href=\"https://www.vesselfinder.com/vessels?name=1016484\" target=\"_blank\" rel=\"noopener\">VesselFinder</a> | <a href=\"https://www.marinetraffic.com/en/ais/search/all?keyword=1016484\" target=\"_blank\" rel=\"noopener\">MarineTraffic</a>", "vf_url": "https://www.vesselfinder.com/vessels?name=1016484", "mst_url": "https://www.marinetraffic.com/en/ais/search/all?keyword=1016484", "method": "v3_2pass_track3d_fromru10d", "ru_seen_in_lookback": true, "in_monitor_on_day": true}}, {"type": "Feature", "geometry": {"type": "Point", "coordinates": [-0.9575083333333333, 50.33400833333334]}, "properties": {"label": "STAR OCEAN", "mmsi": "311001561", "imo": "1016484", "name": "STAR OCEAN", "shiptype": "", "first_seen_utc": "2026-01-06T05:12:01Z", "last_seen_utc": "2026-01-14T06:59:29Z", "destination": "ES LPA", "eta": "{'Day': 19, 'Hour': 8, 'Minute': 0, 'Month': 1}", "display": "STAR OCEAN (311001561)", "links": "<a href=\"https://www.vesselfinder.com/vessels?name=1016484\" target=\"_blank\" rel=\"noopener\">VesselFinder</a> | <a href=\"https://www.marinetraffic.com/en/ais/search/all?keyword=1016484\" target=\"_blank\" rel=\"noopener\">MarineTraffic</a>", "vf_url": "https://www.vesselfinder.com/vessels?name=1016484", "mst_url": "https://www.marinetraffic.com/en/ais/search/all?keyword=1016484", "method": "v3_2pass_track3d_fromru10d", "ru_seen_in_lookback": true, "in_monitor_on_day": true}}, {"type": "Feature", "geometry": {"type": "LineString", "coordinates": [[18.802039999999998, 54.60349833333333], [18.80205, 54.603494999999995], [18.802073333333333, 54.603503333333336], [18.80205, 54.60349833333333], [18.80205833333333, 54.603503333333336], [18.80202166666667, 54.60348], [18.802048333333335, 54.60348666666666], [18.802045, 54.603494999999995], [18.802051666666667, 54.60348166666667], [18.802055, 54.60349], [18.802081666666666, 54.60349166666666], [18.802051666666667, 54.603471666666664], [18.863723333333333, 54.57494833333333], [19.002848333333336, 54.58804833333333], [19.093518333333336, 54.60588333333333], [19.067709999999998, 54.61428], [19.054008333333336, 54.62630166666667], [19.041776666666667, 54.62618166666667], [19.019348333333333, 54.61689166666667], [18.980645, 54.61996166666667], [18.94497, 54.627579999999995], [18.934815, 54.64843166666667], [18.925551666666667, 54.668866666666666], [18.904711666666667, 54.68564333333334], [18.88764666666667, 54.70383666666667], [18.86364, 54.71877833333333], [18.839563333333334, 54.73158], [18.869065, 54.72105333333333], [18.885926666666666, 54.698904999999996], [18.891538333333333, 54.692879999999995], [18.880085, 54.654311666666665], [18.849248333333332, 54.601501666666664], [18.80097, 54.60080666666667], [18.803341666666665, 54.60132], [18.803348333333336, 54.60132], [18.803328333333333, 54.60132], [18.80338, 54.601306666666666], [18.803545, 54.60035333333334], [18.803539999999998, 54.600323333333336], [18.799238333333335, 54.59860166666667], [18.878141666666668, 54.54117], [18.97891333333333, 54.48708833333333], [19.016656666666666, 54.440945000000006], [19.054231666666666, 54.430778333333336], [19.092133333333333, 54.443128333333334], [19.13563333333333, 54.447210000000005], [19.195653333333333, 54.45108833333334], [19.320015, 54.44710666666666], [19.24406, 54.45642333333333], [19.198513333333334, 54.456469999999996], [19.153673333333334, 54.459055], [19.11584, 54.464463333333335], [19.099120000000003, 54.46440333333333], [18.987558333333332, 54.504580000000004], [18.86756666666667, 54.546661666666665], [18.80538, 54.579404999999994], [18.803575000000002, 54.600336666666664], [18.801871666666667, 54.60375333333333], [18.801893333333332, 54.603746666666666], [18.801885000000002, 54.603745], [18.801895000000002, 54.603743333333334], [18.801893333333332, 54.60375166666667], [18.801906666666664, 54.60375666666666], [18.801904999999998, 54.60376333333333], [18.801883333333333, 54.60375166666667], [18.801903333333332, 54.603755], [18.801883333333333, 54.60375666666666], [18.801895000000002, 54.60375], [18.801876666666665, 54.60376333333333], [18.801885000000002, 54.60375666666666], [18.801901666666666, 54.603755], [18.801885000000002, 54.60375166666667], [18.801875, 54.603746666666666], [18.80188, 54.60375333333333], [18.8019, 54.60375666666666], [18.801918333333333, 54.603766666666665], [18.801896666666668, 54.60375], [18.801885000000002, 54.60376], [18.80189, 54.60375], [18.801868333333335, 54.603766666666665], [18.801903333333332, 54.60375666666666], [18.801904999999998, 54.603755], [18.801904999999998, 54.60375333333333], [18.801885000000002, 54.60373833333333], [18.80187, 54.60375], [18.801861666666664, 54.603755], [18.801893333333332, 54.60375833333333], [18.801876666666665, 54.60376], [18.801918333333333, 54.60375], [18.801895000000002, 54.60375833333333], [18.801895000000002, 54.603745], [18.801873333333333, 54.60375333333333], [18.801876666666665, 54.60378166666667], [18.801883333333333, 54.60375], [18.80189, 54.603746666666666], [18.801904999999998, 54.603748333333336], [18.80188, 54.60375], [18.801906666666664, 54.603785], [18.801903333333332, 54.60375666666666], [18.801873333333333, 54.603764999999996], [18.801904999999998, 54.603741666666664], [18.801915, 54.60372666666667], [18.801888333333334, 54.60376], [18.801896666666668, 54.60374]]}, "properties": {"label": "HEL-102", "mmsi": "261007210", "imo": "7625847", "name": "HEL-102", "shiptype": "", "first_seen_utc": "2026-01-06T05:12:16Z", "last_seen_utc": "2026-01-14T15:59:31Z", "destination": "", "eta": "{'Day': 0, 'Hour': 24, 'Minute': 60, 'Month': 0}", "display": "", "links": "<a href=\"https://www.vesselfinder.com/vessels?name=7625847\" target=\"_blank\" rel=\"noopener\">VesselFinder</a> | <a href=\"https://www.marinetraffic.com/en/ais/search/all?keyword=7625847\" target=\"_blank\" rel=\"noopener\">MarineTraffic</a>", "vf_url": "https://www.vesselfinder.com/vessels?name=7625847", "mst_url": "https://www.marinetraffic.com/en/ais/search/all?keyword=7625847", "method": "v3_2pass_track3d_fromru10d", "ru_seen_in_lookback": true, "in_monitor_on_day": true}}, {"type": "Feature", "geometry": {"type": "Point", "coordinates": [18.801896666666668, 54.60374]}, "properties": {"label": "HEL-102", "mmsi": "261007210", "imo": "7625847", "name": "HEL-102", "shiptype": "", "first_seen_utc": "2026-01-06T05:12:16Z", "last_seen_utc": "2026-01-14T15:59:31Z", "destination": "", "eta": "{'Day': 0, 'Hour': 24, 'Minute': 60, 'Month': 0}", "display": "HEL-102 (261007210)", "links": "<a href=\"https://www.vesselfinder.com/vessels?name=7625847\" target=\"_blank\" rel=\"noopener\">VesselFinder</a> | <a href=\"https://www.marinetraffic.com/en/ais/search/all?keyword=7625847\" target=\"_blank\" rel=\"noopener\">MarineTraffic</a>", "vf_url": "https://www.vesselfinder.com/vessels?name=7625847", "mst_url": "https://www.marinetraffic.com/en/ais/search/all?keyword=7625847", "method": "v3_2pass_track3d_fromru10d", "ru_seen_in_lookback": true, "in_monitor_on_day": true}}, {"type": "Feature", "geometry": {"type": "LineString", "coordinates": [[18.800743333333333, 54.60239166666667], [18.80078166666667, 54.60238833333334], [18.800765000000002, 54.60241499999999], [18.80075833333333, 54.60243166666667], [18.800728333333332, 54.60241666666666], [18.800728333333332, 54.60240666666667], [18.800723333333334, 54.60241666666666], [18.800716666666666, 54.60244333333333], [18.800733333333334, 54.602428333333336], [18.800733333333334, 54.602423333333334], [18.800721666666668, 54.60239333333333], [18.800728333333332, 54.602395], [18.800721666666668, 54.602380000000004], [18.800766666666668, 54.602375], [18.800755, 54.60241499999999], [18.800753333333333, 54.60242], [18.800771666666666, 54.60241], [18.800751666666667, 54.60236666666666], [18.800753333333333, 54.602399999999996], [18.800751666666667, 54.602435], [18.800765000000002, 54.60244], [18.800755, 54.60243666666667], [18.80075, 54.60241333333333], [18.80078, 54.602428333333336], [18.800748333333335, 54.60241166666666], [18.800768333333334, 54.60243], [18.800746666666665, 54.60243333333334], [18.800741666666667, 54.602396666666664], [18.800763333333336, 54.60241166666666], [18.80074, 54.60241333333333], [18.800726666666666, 54.60242], [18.800728333333332, 54.60243166666667], [18.80077, 54.602399999999996], [18.80078, 54.602435], [18.800741666666667, 54.60244], [18.800785, 54.60240833333333], [18.800773333333332, 54.602383333333336], [18.800720000000002, 54.60243666666667], [18.800693333333335, 54.602444999999996], [18.800755, 54.60245166666667], [18.800651666666667, 54.60239166666667], [18.800701666666665, 54.60243833333333], [18.800706666666667, 54.602426666666666], [18.800720000000002, 54.60241], [18.800718333333336, 54.602385], [18.800726666666666, 54.602403333333335], [18.800733333333334, 54.602423333333334], [18.800738333333335, 54.602395], [18.800778333333334, 54.602401666666665], [18.800768333333334, 54.60240833333333], [18.800729999999998, 54.602455], [18.800733333333334, 54.60241666666666], [18.800731666666664, 54.60241333333333], [18.80071333333333, 54.60243], [18.800706666666667, 54.60245333333333], [18.800718333333336, 54.60239833333333], [18.800673333333336, 54.602441666666664], [18.8007, 54.60241333333333], [18.8007, 54.60240666666667], [18.839308333333335, 54.57259666666666], [18.88603, 54.52083833333334], [18.933699999999998, 54.46822833333333], [18.978191666666664, 54.437958333333334], [19.0695, 54.43958166666666], [19.13008, 54.43380666666667], [19.238578333333333, 54.446005], [19.193935, 54.446265000000004], [19.154171666666667, 54.44791333333333], [19.11505, 54.450831666666666], [19.10292666666667, 54.454928333333335], [19.086748333333333, 54.465336666666666], [18.991833333333332, 54.507113333333336], [18.905061666666665, 54.544666666666664], [18.817523333333334, 54.58233], [18.800735, 54.60241], [18.800738333333335, 54.60242], [18.800785, 54.602448333333335], [18.800795, 54.60242], [18.800768333333334, 54.60241666666666], [18.800806666666666, 54.60239833333333], [18.800688333333333, 54.602401666666665], [18.800693333333335, 54.60243833333333], [18.800706666666667, 54.60241], [18.800706666666667, 54.602448333333335], [18.800698333333333, 54.60244], [18.800733333333334, 54.60243], [18.800729999999998, 54.602399999999996], [18.80075, 54.60240666666667], [18.80075, 54.602405], [18.80075, 54.60241333333333], [18.800746666666665, 54.602395], [18.800726666666666, 54.60241166666666], [18.80074, 54.60241499999999], [18.800733333333334, 54.60240666666667], [18.800723333333334, 54.60241166666666], [18.800728333333332, 54.60241499999999], [18.800731666666664, 54.602423333333334], [18.800729999999998, 54.602426666666666], [18.80073666666667, 54.602435], [18.800723333333334, 54.602426666666666], [18.800735, 54.60241499999999], [18.800748333333335, 54.60239], [18.800731666666664, 54.60240833333333], [18.80074, 54.602383333333336], [18.80074, 54.60241166666666], [18.800745, 54.60241166666666], [18.800756666666665, 54.602395], [18.800786666666667, 54.60237666666667], [18.800756666666665, 54.60239], [18.800755, 54.60240833333333], [18.80076, 54.60243833333333], [18.800765000000002, 54.602423333333334], [18.800771666666666, 54.60241499999999], [18.800755, 54.60241666666666], [18.800761666666666, 54.602423333333334], [18.800785, 54.602399999999996], [18.800721666666668, 54.60237666666667], [18.800774999999998, 54.602401666666665], [18.800753333333333, 54.60241666666666], [18.80074, 54.602395], [18.800738333333335, 54.60242], [18.80076, 54.60239833333333]]}, "properties": {"label": "WLA-197", "mmsi": "261006870", "imo": "", "name": "WLA-197", "shiptype": "", "first_seen_utc": "2026-01-06T06:56:13Z", "last_seen_utc": "2026-01-14T16:13:25Z", "destination": "WLADYSLAWOWO", "eta": "{'Day': 3, 'Hour': 14, 'Minute': 39, 'Month': 9}", "display": "", "links": "<a href=\"https://www.vesselfinder.com/vessels?name=261006870\" target=\"_blank\" rel=\"noopener\">VesselFinder</a> | <a href=\"https://www.marinetraffic.com/en/ais/search/all?keyword=261006870\" target=\"_blank\" rel=\"noopener\">MarineTraffic</a>", "vf_url": "https://www.vesselfinder.com/vessels?name=261006870", "mst_url": "https://www.marinetraffic.com/en/ais/search/all?keyword=261006870", "method": "v3_2pass_track3d_fromru10d", "ru_seen_in_lookback": true, "in_monitor_on_day": true}}, {"type": "Feature", "geometry": {"type": "Point", "coordinates": [18.80076, 54.60239833333333]}, "properties": {"label": "WLA-197", "mmsi": "261006870", "imo": "", "name": "WLA-197", "shiptype": "", "first_seen_utc": "2026-01-06T06:56:13Z", "last_seen_utc": "2026-01-14T16:13:25Z", "destination": "WLADYSLAWOWO", "eta": "{'Day': 3, 'Hour': 14, 'Minute': 39, 'Month': 9}", "display": "WLA-197 (261006870)", "links": "<a href=\"https://www.vesselfinder.com/vessels?name=261006870\" target=\"_blank\" rel=\"noopener\">VesselFinder</a> | <a href=\"https://www.marinetraffic.com/en/ais/search/all?keyword=261006870\" target=\"_blank\" rel=\"noopener\">MarineTraffic</a>", "vf_url": "https://www.vesselfinder.com/vessels?name=261006870", "mst_url": "https://www.marinetraffic.com/en/ais/search/all?keyword=261006870", "method": "v3_2pass_track3d_fromru10d", "ru_seen_in_lookback": true, "in_monitor_on_day": true}}, {"type": "Feature", "geometry": {"type": "LineString", "coordinates": [[19.158953333333333, 54.703525], [19.17237, 54.75395666666667], [19.19895166666667, 54.79754333333334], [19.190488333333334, 54.74345166666667], [19.189143333333334, 54.68798833333334], [19.17227, 54.68237833333333], [19.174883333333334, 54.73900666666667], [19.189791666666668, 54.79859833333333], [19.189863333333335, 54.745235], [19.183238333333335, 54.682628333333334], [19.167696666666664, 54.64453666666667], [19.178101666666667, 54.69309166666667], [19.187103333333333, 54.748865], [19.181448333333332, 54.79649833333334], [19.156361666666665, 54.729295], [19.086456666666667, 54.68921], [19.066666666666666, 54.649225], [19.06818666666667, 54.590223333333334], [18.988051666666667, 54.512341666666664], [18.939541666666667, 54.44381666666666], [18.847491666666667, 54.42142833333333], [18.74494333333333, 54.403265000000005], [18.72160166666667, 54.40555], [18.71876166666667, 54.405975], [18.718805, 54.405995], [18.718844999999998, 54.405991666666665], [18.718833333333336, 54.405989999999996], [18.718808333333335, 54.405986666666664], [18.718795, 54.405995], [18.718831666666667, 54.40597666666667], [18.718798333333332, 54.405975], [18.718791666666668, 54.405975], [18.718791666666668, 54.40600166666666], [18.718841666666666, 54.40598333333333], [18.71880666666667, 54.405995], [18.718823333333333, 54.40598833333333], [18.718816666666665, 54.40600666666667], [18.718799999999998, 54.405971666666666], [18.718813333333333, 54.405995], [18.71881, 54.405975], [18.71878, 54.406], [18.71878, 54.40599666666667], [18.71886, 54.40598833333333], [18.718808333333335, 54.405995], [18.718818333333335, 54.405986666666664], [18.718791666666668, 54.40600166666666], [18.718796666666666, 54.405971666666666], [18.718823333333333, 54.405995], [18.718793333333334, 54.405965], [18.718793333333334, 54.405995], [18.718805, 54.40598333333333], [18.718821666666667, 54.405985], [18.71873833333333, 54.406013333333334], [18.71884, 54.405955], [18.718803333333334, 54.40598], [18.718754999999998, 54.40595833333334], [18.718798333333332, 54.405965], [18.718773333333335, 54.40596666666667], [18.718805, 54.405971666666666], [18.71883, 54.40596166666667], [18.718786666666666, 54.40597], [18.718778333333333, 54.40597], [18.71884, 54.40593833333333], [18.718795, 54.405935], [18.718808333333335, 54.40596666666667], [18.718798333333332, 54.405989999999996], [18.718813333333333, 54.40595833333334], [18.718790000000002, 54.405968333333334], [18.718803333333334, 54.405991666666665], [18.718818333333335, 54.40597833333334], [18.71881, 54.40599666666667], [18.71884, 54.40593166666667], [18.718798333333332, 54.405985], [18.718808333333335, 54.40593666666667], [18.718805, 54.40597666666667], [18.718803333333334, 54.405948333333335], [18.718791666666668, 54.40596666666667], [18.718791666666668, 54.40598], [18.71878, 54.40597666666667], [18.718801666666664, 54.40598], [18.718825, 54.40596333333334], [18.71882, 54.40595333333333], [18.718795, 54.405986666666664], [18.778171666666665, 54.409655], [18.917913333333335, 54.426395], [19.02276833333333, 54.492961666666666], [19.100849999999998, 54.585825], [19.091678333333334, 54.67957666666667], [19.019661666666664, 54.764111666666665], [18.89191333333333, 54.82258], [18.781341666666666, 54.889673333333334], [18.625876666666667, 54.94560666666666]]}, "properties": {"label": "LUZON SPIRIT", "mmsi": "311000467", "imo": "9572276", "name": "LUZON SPIRIT", "shiptype": "", "first_seen_utc": "2026-01-06T08:47:42Z", "last_seen_utc": "2026-01-14T00:35:37Z", "destination": "DK SKA", "eta": "{'Day': 15, 'Hour': 16, 'Minute': 0, 'Month': 1}", "display": "", "links": "<a href=\"https://www.vesselfinder.com/vessels?name=9572276\" target=\"_blank\" rel=\"noopener\">VesselFinder</a> | <a href=\"https://www.marinetraffic.com/en/ais/search/all?keyword=9572276\" target=\"_blank\" rel=\"noopener\">MarineTraffic</a>", "vf_url": "https://www.vesselfinder.com/vessels?name=9572276", "mst_url": "https://www.marinetraffic.com/en/ais/search/all?keyword=9572276", "method": "v3_2pass_track3d_fromru10d", "ru_seen_in_lookback": true, "in_monitor_on_day": true}}, {"type": "Feature", "geometry": {"type": "Point", "coordinates": [18.625876666666667, 54.94560666666666]}, "properties": {"label": "LUZON SPIRIT", "mmsi": "311000467", "imo": "9572276", "name": "LUZON SPIRIT", "shiptype": "", "first_seen_utc": "2026-01-06T08:47:42Z", "last_seen_utc": "2026-01-14T00:35:37Z", "destination": "DK SKA", "eta": "{'Day': 15, 'Hour': 16, 'Minute': 0, 'Month': 1}", "display": "LUZON SPIRIT (311000467)", "links": "<a href=\"https://www.vesselfinder.com/vessels?name=9572276\" target=\"_blank\" rel=\"noopener\">VesselFinder</a> | <a href=\"https://www.marinetraffic.com/en/ais/search/all?keyword=9572276\" target=\"_blank\" rel=\"noopener\">MarineTraffic</a>", "vf_url": "https://www.vesselfinder.com/vessels?name=9572276", "mst_url": "https://www.marinetraffic.com/en/ais/search/all?keyword=9572276", "method": "v3_2pass_track3d_fromru10d", "ru_seen_in_lookback": true, "in_monitor_on_day": true}}, {"type": "Feature", "geometry": {"type": "LineString", "coordinates": [[11.069976666666667, 55.276246666666665], [10.97977, 55.42162166666667], [10.877111666666668, 55.51254166666667], [10.799605000000001, 55.62333833333333], [10.807751666666666, 55.741946666666664], [10.865998333333332, 55.855925], [11.28615, 56.181961666666666], [10.498811666666667, 57.85294833333333], [10.257788333333334, 57.85234166666667], [10.018761666666668, 57.85271], [9.785875, 57.85395166666667], [9.566418333333333, 57.84155333333333], [9.396513333333333, 57.77279333333333], [9.225155, 57.706376666666664], [8.915771666666666, 57.59051833333333], [8.723098333333333, 57.52178], [8.530045, 57.44889666666666], [8.191478333333333, 57.320635], [8.017875, 57.255343333333336], [7.836576666666667, 57.189075], [4.702401666666666, 53.676645], [4.622661666666667, 53.557361666666665], [4.570493333333333, 53.429656666666666], [4.509213333333333, 53.30932333333333], [4.417488333333334, 53.19789], [4.276776666666667, 53.10118], [2.7970166666666665, 52.02281666666667], [2.568948333333333, 51.86593666666667], [2.224723333333333, 51.628375], [2.082891666666667, 51.53076166666666], [1.9510533333333333, 51.431585000000005], [1.852135, 51.31226166666667], [1.7310866666666667, 51.199705], [1.5572333333333332, 51.114995], [1.375445, 51.02733333333333], [-0.9510466666666667, 50.34290166666666]]}, "properties": {"label": "ENZO 2", "mmsi": "620800050", "imo": "9236652", "name": "ENZO 2", "shiptype": "", "first_seen_utc": "2026-01-06T10:00:28Z", "last_seen_utc": "2026-01-14T08:35:30Z", "destination": "EGDAM", "eta": "{'Day': 24, 'Hour': 5, 'Minute': 0, 'Month': 1}", "display": "", "links": "<a href=\"https://www.vesselfinder.com/vessels?name=9236652\" target=\"_blank\" rel=\"noopener\">VesselFinder</a> | <a href=\"https://www.marinetraffic.com/en/ais/search/all?keyword=9236652\" target=\"_blank\" rel=\"noopener\">MarineTraffic</a>", "vf_url": "https://www.vesselfinder.com/vessels?name=9236652", "mst_url": "https://www.marinetraffic.com/en/ais/search/all?keyword=9236652", "method": "v3_2pass_track3d_fromru10d", "ru_seen_in_lookback": true, "in_monitor_on_day": true}}, {"type": "Feature", "geometry": {"type": "Point", "coordinates": [-0.9510466666666667, 50.34290166666666]}, "properties": {"label": "ENZO 2", "mmsi": "620800050", "imo": "9236652", "name": "ENZO 2", "shiptype": "", "first_seen_utc": "2026-01-06T10:00:28Z", "last_seen_utc": "2026-01-14T08:35:30Z", "destination": "EGDAM", "eta": "{'Day': 24, 'Hour': 5, 'Minute': 0, 'Month': 1}", "display": "ENZO 2 (620800050)", "links": "<a href=\"https://www.vesselfinder.com/vessels?name=9236652\" target=\"_blank\" rel=\"noopener\">VesselFinder</a> | <a href=\"https://www.marinetraffic.com/en/ais/search/all?keyword=9236652\" target=\"_blank\" rel=\"noopener\">MarineTraffic</a>", "vf_url": "https://www.vesselfinder.com/vessels?name=9236652", "mst_url": "https://www.marinetraffic.com/en/ais/search/all?keyword=9236652", "method": "v3_2pass_track3d_fromru10d", "ru_seen_in_lookback": true, "in_monitor_on_day": true}}, {"type": "Feature", "geometry": {"type": "LineString", "coordinates": [[18.87906333333333, 54.45219833333333], [18.878848333333334, 54.452235], [18.879213333333333, 54.45227666666666], [18.878998333333335, 54.45238166666666], [18.879303333333333, 54.45243666666667], [18.87788833333333, 54.45281], [18.876753333333333, 54.45300666666667], [18.876340000000003, 54.45324166666667], [18.876711666666665, 54.45308833333333], [18.876303333333333, 54.45329], [18.87559333333333, 54.454010000000004], [18.875786666666666, 54.454269999999994], [18.87563, 54.45390166666667], [18.876246666666667, 54.45315], [18.87858333333333, 54.452325], [18.880550000000003, 54.452508333333334], [18.880319999999998, 54.45243833333333], [18.880503333333333, 54.45248333333333], [18.880266666666667, 54.45235], [18.880558333333333, 54.45249333333334], [18.88095, 54.45256333333334], [18.88035, 54.452414999999995], [18.880238333333335, 54.45239], [18.88033, 54.452418333333334], [18.880903333333332, 54.452585], [18.88083, 54.452565], [18.881293333333335, 54.45282833333333], [18.880903333333332, 54.452663333333334], [18.881548333333335, 54.45300666666667], [18.881325, 54.45291333333333], [18.880295, 54.45250166666666], [18.880186666666667, 54.45253], [18.880708333333335, 54.45275], [18.88138, 54.45318666666667], [18.88199, 54.45389], [18.881404999999997, 54.455490000000005], [18.879693333333332, 54.456246666666665], [18.879138333333334, 54.456336666666665], [18.879626666666663, 54.456273333333336], [18.880229999999997, 54.456195], [18.879955, 54.456271666666666], [18.879923333333334, 54.45626333333333], [18.879691666666666, 54.45637333333333], [18.88010166666667, 54.45636666666667], [18.880351666666666, 54.456403333333334], [18.880278333333333, 54.456424999999996], [18.880441666666666, 54.45636833333333], [18.880443333333336, 54.45632666666667], [18.880251666666666, 54.45636833333333], [18.879663333333333, 54.456480000000006], [18.878908333333335, 54.45657166666667], [18.877971666666667, 54.45649], [18.877731666666666, 54.45648833333333], [18.877333333333336, 54.456355], [18.87665666666667, 54.456145], [18.877036666666665, 54.45632], [18.877063333333336, 54.456300000000006], [18.876943333333333, 54.45622], [18.877608333333335, 54.456435000000006], [18.878283333333332, 54.45652666666667], [18.878390000000003, 54.456535], [18.87871833333333, 54.456561666666666], [18.87875166666667, 54.45654833333333], [18.87901, 54.456595], [18.878881666666665, 54.456585000000004], [18.878803333333334, 54.456570000000006], [18.87912833333333, 54.45659666666666], [18.879250000000003, 54.45656833333333], [18.87951, 54.45653166666667], [18.879566666666665, 54.45653166666667], [18.87918833333333, 54.45650333333333], [18.879036666666664, 54.456538333333334], [18.878815, 54.45655166666666], [18.878051666666668, 54.45652333333333], [18.877738333333333, 54.456496666666666], [18.87743, 54.45641666666667], [18.8774, 54.45639833333333], [18.87743, 54.456426666666665], [18.877203333333334, 54.456405000000004], [18.87739, 54.45651], [18.877748333333333, 54.456575], [18.877701666666667, 54.45657833333333], [18.877648333333333, 54.45657666666667], [18.878055, 54.456630000000004], [18.878075000000003, 54.456673333333335], [18.877993333333333, 54.45667], [18.878055, 54.456813333333336], [18.877918333333334, 54.456955], [18.878015, 54.457011666666666], [18.877998333333334, 54.45701], [18.877953333333334, 54.45700333333333], [18.878033333333335, 54.45704166666667], [18.877768333333332, 54.45702000000001], [18.877783333333333, 54.45702666666667], [18.877805000000002, 54.45707], [18.877878333333335, 54.45710166666667], [18.87797, 54.45713], [18.878016666666667, 54.457166666666666], [18.877869999999998, 54.45715166666666], [18.877763333333334, 54.45715166666666], [18.877895000000002, 54.45724833333334], [18.877611666666667, 54.457253333333334], [18.877256666666664, 54.45726666666667], [18.877464999999997, 54.45730666666667], [18.877455, 54.45732666666667], [18.877258333333334, 54.45733666666667], [18.87741, 54.45732833333333], [18.878931666666666, 54.458153333333335], [18.87857, 54.45935166666666], [18.878345000000003, 54.45927166666667], [18.878713333333334, 54.45936], [18.878683333333335, 54.45935], [18.878435000000003, 54.45929], [18.87857166666667, 54.45928333333333], [18.87841, 54.45924], [18.87913, 54.45937], [18.879414999999998, 54.45945833333334], [18.879453333333334, 54.459426666666666], [18.879331666666666, 54.45938666666667], [18.879256666666667, 54.45937333333333], [18.879436666666667, 54.45939666666666]]}, "properties": {"label": "DF MYSTRAS", "mmsi": "636021311", "imo": "9941702", "name": "DF MYSTRAS", "shiptype": "", "first_seen_utc": "2026-01-06T13:48:41Z", "last_seen_utc": "2026-01-14T16:04:09Z", "destination": "LY ESI>PL GDN", "eta": "{'Day': 10, 'Hour': 15, 'Minute': 30, 'Month': 1}", "display": "", "links": "<a href=\"https://www.vesselfinder.com/vessels?name=9941702\" target=\"_blank\" rel=\"noopener\">VesselFinder</a> | <a href=\"https://www.marinetraffic.com/en/ais/search/all?keyword=9941702\" target=\"_blank\" rel=\"noopener\">MarineTraffic</a>", "vf_url": "https://www.vesselfinder.com/vessels?name=9941702", "mst_url": "https://www.marinetraffic.com/en/ais/search/all?keyword=9941702", "method": "v3_2pass_track3d_fromru10d", "ru_seen_in_lookback": true, "in_monitor_on_day": true}}, {"type": "Feature", "geometry": {"type": "Point", "coordinates": [18.879436666666667, 54.45939666666666]}, "properties": {"label": "DF MYSTRAS", "mmsi": "636021311", "imo": "9941702", "name": "DF MYSTRAS", "shiptype": "", "first_seen_utc": "2026-01-06T13:48:41Z", "last_seen_utc": "2026-01-14T16:04:09Z", "destination": "LY ESI>PL GDN", "eta": "{'Day': 10, 'Hour': 15, 'Minute': 30, 'Month': 1}", "display": "DF MYSTRAS (636021311)", "links": "<a href=\"https://www.vesselfinder.com/vessels?name=9941702\" target=\"_blank\" rel=\"noopener\">VesselFinder</a> | <a href=\"https://www.marinetraffic.com/en/ais/search/all?keyword=9941702\" target=\"_blank\" rel=\"noopener\">MarineTraffic</a>", "vf_url": "https://www.vesselfinder.com/vessels?name=9941702", "mst_url": "https://www.marinetraffic.com/en/ais/search/all?keyword=9941702", "method": "v3_2pass_track3d_fromru10d", "ru_seen_in_lookback": true, "in_monitor_on_day": true}}, {"type": "Feature", "geometry": {"type": "LineString", "coordinates": [[7.996448333333333, 57.23134666666667], [7.921341666666667, 57.14848333333334], [7.843085, 57.061951666666666], [7.769006666666667, 56.98126833333333], [7.690353333333333, 56.900065000000005], [3.6243716666666668, 53.634615000000004], [3.5751433333333336, 53.540495], [3.5269733333333333, 53.44753], [3.46998, 53.33813166666666], [3.3715533333333334, 53.149585], [2.8169066666666667, 52.398755], [2.602495, 51.898738333333334], [2.3872583333333335, 51.738095], [2.2716833333333333, 51.662101666666665], [2.15945, 51.585285], [2.050066666666667, 51.51084166666667], [1.9398166666666665, 51.435105], [1.8629066666666667, 51.349585000000005], [1.792285, 51.26526], [1.7005716666666666, 51.19703833333333], [1.5906366666666665, 51.143861666666666], [1.486135, 51.09204166666667], [1.3869216666666666, 51.03478666666667], [1.2920766666666668, 50.973706666666665], [-0.96123, 50.346493333333335], [-1.3593316666666666, 50.277953333333336]]}, "properties": {"label": "CHIBA", "mmsi": "352002692", "imo": "9349631", "name": "CHIBA", "shiptype": "", "first_seen_utc": "2026-01-06T14:38:52Z", "last_seen_utc": "2026-01-14T06:59:55Z", "destination": "ALIAGA FOR ORDERS", "eta": "{'Day': 27, 'Hour': 23, 'Minute': 0, 'Month': 1}", "display": "", "links": "<a href=\"https://www.vesselfinder.com/vessels?name=9349631\" target=\"_blank\" rel=\"noopener\">VesselFinder</a> | <a href=\"https://www.marinetraffic.com/en/ais/search/all?keyword=9349631\" target=\"_blank\" rel=\"noopener\">MarineTraffic</a>", "vf_url": "https://www.vesselfinder.com/vessels?name=9349631", "mst_url": "https://www.marinetraffic.com/en/ais/search/all?keyword=9349631", "method": "v3_2pass_track3d_fromru10d", "ru_seen_in_lookback": true, "in_monitor_on_day": true}}, {"type": "Feature", "geometry": {"type": "Point", "coordinates": [-1.3593316666666666, 50.277953333333336]}, "properties": {"label": "CHIBA", "mmsi": "352002692", "imo": "9349631", "name": "CHIBA", "shiptype": "", "first_seen_utc": "2026-01-06T14:38:52Z", "last_seen_utc": "2026-01-14T06:59:55Z", "destination": "ALIAGA FOR ORDERS", "eta": "{'Day': 27, 'Hour': 23, 'Minute': 0, 'Month': 1}", "display": "CHIBA (352002692)", "links": "<a href=\"https://www.vesselfinder.com/vessels?name=9349631\" target=\"_blank\" rel=\"noopener\">VesselFinder</a> | <a href=\"https://www.marinetraffic.com/en/ais/search/all?keyword=9349631\" target=\"_blank\" rel=\"noopener\">MarineTraffic</a>", "vf_url": "https://www.vesselfinder.com/vessels?name=9349631", "mst_url": "https://www.marinetraffic.com/en/ais/search/all?keyword=9349631", "method": "v3_2pass_track3d_fromru10d", "ru_seen_in_lookback": true, "in_monitor_on_day": true}}, {"type": "Feature", "geometry": {"type": "LineString", "coordinates": [[18.841330000000003, 54.455391666666664], [18.841835, 54.455333333333336], [18.84146666666667, 54.45545666666667], [18.841535, 54.455416666666665], [18.84080833333333, 54.45561166666666], [18.840141666666668, 54.45588333333333], [18.83964, 54.45641666666667], [18.84008, 54.45625333333333], [18.840571666666666, 54.45596166666667], [18.840598333333332, 54.45590333333334], [18.841896666666667, 54.45585166666667], [18.843876666666667, 54.45553666666667], [18.842086666666667, 54.45540833333334], [18.841093333333333, 54.45586], [18.842906666666668, 54.45530833333333], [18.842591666666667, 54.45529833333333], [18.843045, 54.455378333333336], [18.84317666666667, 54.455435], [18.84350166666667, 54.455270000000006], [18.84350166666667, 54.4553], [18.843786666666666, 54.45535666666667], [18.843935, 54.45536166666667], [18.84374, 54.45533833333333], [18.843818333333335, 54.45538166666667], [18.844025, 54.455423333333336], [18.84423333333333, 54.45548333333333], [18.844541666666665, 54.455704999999995], [18.84419, 54.45554], [18.84376166666667, 54.456255000000006], [18.840775, 54.44693333333333], [18.825301666666668, 54.418185], [18.718745000000002, 54.397360000000006], [18.711661666666664, 54.39227], [18.711673333333334, 54.392230000000005], [18.711663333333334, 54.39223333333334], [18.71168, 54.39224166666667], [18.711655, 54.392228333333335], [18.711665, 54.39223833333333], [18.711671666666668, 54.39225166666667], [18.711673333333334, 54.39225166666667], [18.71166, 54.392266666666664], [18.711675, 54.39225166666667], [18.71163, 54.39224166666667], [18.71163, 54.39223666666667], [18.711655, 54.39224166666667], [18.711668333333332, 54.39226333333333], [18.711658333333332, 54.392266666666664], [18.711671666666668, 54.39226833333333], [18.71166, 54.39226], [18.711675, 54.392246666666665], [18.711663333333334, 54.39223833333333], [18.711726666666667, 54.39222666666667], [18.711675, 54.392248333333335], [18.711693333333336, 54.392245], [18.711661666666664, 54.39228], [18.711685, 54.39228], [18.711689999999997, 54.39224], [18.71167, 54.39226166666666], [18.711705, 54.39207333333333], [18.711665, 54.392255], [18.71167, 54.39227833333334], [18.711663333333334, 54.39224], [18.711638333333333, 54.39224333333333], [18.711653333333334, 54.392248333333335], [18.711665, 54.392264999999995], [18.71165166666667, 54.392228333333335], [18.711665, 54.392230000000005], [18.711691666666663, 54.39225], [18.711628333333334, 54.392246666666665], [18.711626666666668, 54.39225666666667], [18.711663333333334, 54.39222666666667], [18.711676666666666, 54.392264999999995], [18.711675, 54.39223666666667], [18.71164333333333, 54.392245], [18.711678333333335, 54.39225666666667], [18.71166, 54.39227166666667], [18.71173, 54.39220666666667], [18.711621666666666, 54.39224333333333], [18.711925, 54.39210833333333], [18.711638333333333, 54.39225833333333], [18.711666666666666, 54.39225166666667], [18.711673333333334, 54.392235], [18.71168, 54.39225666666667], [18.711683333333333, 54.39225333333333], [18.711685, 54.39225], [18.711633333333335, 54.392273333333335], [18.711661666666664, 54.39228666666667], [18.711675, 54.39225833333333], [18.711663333333334, 54.392248333333335], [18.711656666666666, 54.392266666666664], [18.711689999999997, 54.39225666666667], [18.711663333333334, 54.39225166666667], [18.711665, 54.39224166666667], [18.711693333333336, 54.392245], [18.711661666666664, 54.39221666666666], [18.711656666666666, 54.39225], [18.711671666666668, 54.39223833333333], [18.711653333333334, 54.39225833333333], [18.711673333333334, 54.39226333333333], [18.711663333333334, 54.39228666666667], [18.71166, 54.39223333333334], [18.711689999999997, 54.39226333333333], [18.711648333333336, 54.392248333333335], [18.711675, 54.39228], [18.711656666666666, 54.392275000000005], [18.71168, 54.392230000000005], [18.711656666666666, 54.392245], [18.71166, 54.392248333333335], [18.711681666666667, 54.39226166666666], [18.71165166666667, 54.39225166666667], [18.71169666666667, 54.392275000000005], [18.711668333333332, 54.39226], [18.71167, 54.39225666666667], [18.711685, 54.392264999999995], [18.711665, 54.39227], [18.711615, 54.39226833333333], [18.711705, 54.39232333333334], [18.71168, 54.392264999999995], [18.711666666666666, 54.39225166666667], [18.71168, 54.39226166666666], [18.711623333333332, 54.39227166666667], [18.711661666666664, 54.39225833333333]]}, "properties": {"label": "BENJAMIN OLDENDORFF", "mmsi": "255806325", "imo": "9853034", "name": "BENJAMIN OLDENDORFF", "shiptype": "", "first_seen_utc": "2026-01-06T19:40:43Z", "last_seen_utc": "2026-01-14T16:11:07Z", "destination": "MF JFL", "eta": "{'Day': 22, 'Hour': 7, 'Minute': 0, 'Month': 1}", "display": "", "links": "<a href=\"https://www.vesselfinder.com/vessels?name=9853034\" target=\"_blank\" rel=\"noopener\">VesselFinder</a> | <a href=\"https://www.marinetraffic.com/en/ais/search/all?keyword=9853034\" target=\"_blank\" rel=\"noopener\">MarineTraffic</a>", "vf_url": "https://www.vesselfinder.com/vessels?name=9853034", "mst_url": "https://www.marinetraffic.com/en/ais/search/all?keyword=9853034", "method": "v3_2pass_track3d_fromru10d", "ru_seen_in_lookback": true, "in_monitor_on_day": true}}, {"type": "Feature", "geometry": {"type": "Point", "coordinates": [18.711661666666664, 54.39225833333333]}, "properties": {"label": "BENJAMIN OLDENDORFF", "mmsi": "255806325", "imo": "9853034", "name": "BENJAMIN OLDENDORFF", "shiptype": "", "first_seen_utc": "2026-01-06T19:40:43Z", "last_seen_utc": "2026-01-14T16:11:07Z", "destination": "MF JFL", "eta": "{'Day': 22, 'Hour': 7, 'Minute': 0, 'Month': 1}", "display": "BENJAMIN OLDENDORFF (255806325)", "links": "<a href=\"https://www.vesselfinder.com/vessels?name=9853034\" target=\"_blank\" rel=\"noopener\">VesselFinder</a> | <a href=\"https://www.marinetraffic.com/en/ais/search/all?keyword=9853034\" target=\"_blank\" rel=\"noopener\">MarineTraffic</a>", "vf_url": "https://www.vesselfinder.com/vessels?name=9853034", "mst_url": "https://www.marinetraffic.com/en/ais/search/all?keyword=9853034", "method": "v3_2pass_track3d_fromru10d", "ru_seen_in_lookback": true, "in_monitor_on_day": true}}, {"type": "Feature", "geometry": {"type": "LineString", "coordinates": [[15.540600000000001, 55.746748333333336], [15.381605, 55.69734166666667], [15.039926666666666, 55.588584999999995], [14.902009999999999, 55.545761666666664], [14.756595, 55.5048], [14.618006666666668, 55.46170166666666], [13.910885, 55.23597666666667], [13.056188333333333, 55.26243833333333], [12.8861, 55.266525], [12.732115, 55.29707833333334], [12.676426666666666, 55.36486333333333], [12.703865, 55.45661166666666], [12.710308333333334, 55.54525833333333], [12.69601, 55.63061666666667], [12.690148333333333, 55.71756833333333], [12.715443333333333, 55.802884999999996], [12.737821666666667, 55.879365], [12.718355, 55.95234166666667], [12.69298, 56.01841833333334], [12.690321666666668, 56.03114166666667], [12.69031, 56.03117666666667], [12.690315, 56.031166666666664], [12.690235, 56.03112333333333], [12.6903, 56.031165], [12.690298333333335, 56.031148333333334], [12.690290000000001, 56.031153333333336], [12.690278333333334, 56.031135], [12.690316666666666, 56.03112833333333], [12.690286666666667, 56.031165], [12.690298333333335, 56.03113], [12.690255, 56.03114], [12.690258333333333, 56.03117333333333], [12.690283333333333, 56.031148333333334], [12.690256666666667, 56.03115833333333], [12.690291666666667, 56.03117666666667], [12.690278333333334, 56.03117833333333], [12.69027, 56.031150000000004], [12.690285, 56.03115666666667], [12.690303333333333, 56.031165], [12.69031, 56.03115833333333], [12.690281666666667, 56.03118333333334], [12.690305, 56.031169999999996], [12.690303333333333, 56.03116], [12.690331666666667, 56.031151666666666], [12.690293333333333, 56.03114666666667], [12.690323333333334, 56.03115833333333], [12.690333333333333, 56.031166666666664], [12.690331666666667, 56.03115666666667], [12.69031, 56.03113166666667], [12.69031, 56.031165], [12.690320000000002, 56.03112833333333], [12.690316666666666, 56.031166666666664], [12.690301666666667, 56.03116333333333], [12.690301666666667, 56.031150000000004], [12.690303333333333, 56.031150000000004], [12.69031, 56.03115666666667], [12.690298333333335, 56.03113833333334]]}, "properties": {"label": "KAROLIINA", "mmsi": "305201000", "imo": "9381380", "name": "KAROLIINA", "shiptype": "", "first_seen_utc": "2026-01-07T00:49:13Z", "last_seen_utc": "2026-01-14T16:06:26Z", "destination": "SEHEL", "eta": "{'Day': 13, 'Hour': 20, 'Minute': 0, 'Month': 1}", "display": "", "links": "<a href=\"https://www.vesselfinder.com/vessels?name=9381380\" target=\"_blank\" rel=\"noopener\">VesselFinder</a> | <a href=\"https://www.marinetraffic.com/en/ais/search/all?keyword=9381380\" target=\"_blank\" rel=\"noopener\">MarineTraffic</a>", "vf_url": "https://www.vesselfinder.com/vessels?name=9381380", "mst_url": "https://www.marinetraffic.com/en/ais/search/all?keyword=9381380", "method": "v3_2pass_track3d_fromru10d", "ru_seen_in_lookback": true, "in_monitor_on_day": true}}, {"type": "Feature", "geometry": {"type": "Point", "coordinates": [12.690298333333335, 56.03113833333334]}, "properties": {"label": "KAROLIINA", "mmsi": "305201000", "imo": "9381380", "name": "KAROLIINA", "shiptype": "", "first_seen_utc": "2026-01-07T00:49:13Z", "last_seen_utc": "2026-01-14T16:06:26Z", "destination": "SEHEL", "eta": "{'Day': 13, 'Hour': 20, 'Minute': 0, 'Month': 1}", "display": "KAROLIINA (305201000)", "links": "<a href=\"https://www.vesselfinder.com/vessels?name=9381380\" target=\"_blank\" rel=\"noopener\">VesselFinder</a> | <a href=\"https://www.marinetraffic.com/en/ais/search/all?keyword=9381380\" target=\"_blank\" rel=\"noopener\">MarineTraffic</a>", "vf_url": "https://www.vesselfinder.com/vessels?name=9381380", "mst_url": "https://www.marinetraffic.com/en/ais/search/all?keyword=9381380", "method": "v3_2pass_track3d_fromru10d", "ru_seen_in_lookback": true, "in_monitor_on_day": true}}, {"type": "Feature", "geometry": {"type": "LineString", "coordinates": [[10.497586666666667, 57.85155666666667], [10.286065, 57.845415], [10.078841666666667, 57.83824166666667], [9.861496666666666, 57.83104], [9.666654999999999, 57.82401], [9.502911666666668, 57.783975000000005], [9.340396666666667, 57.73736666666667], [9.179601666666667, 57.68509166666667], [8.999886666666667, 57.634035000000004], [8.824046666666668, 57.587448333333334], [8.584775, 57.49433166666667], [8.241771666666667, 57.36004166666667], [8.062651666666666, 57.30609166666667], [3.478148333333333, 53.35118333333333], [3.473068333333333, 53.227945], [3.340565, 53.06164833333333], [3.27508, 52.95611833333333], [2.6039466666666664, 52.04858], [2.59818, 51.927800000000005], [2.1541566666666667, 51.595643333333335], [2.0548416666666665, 51.527386666666665], [1.9605433333333333, 51.45945], [1.8922416666666666, 51.37833333333333], [1.8250366666666666, 51.29273], [1.7331166666666666, 51.20794], [1.6044699999999998, 51.14338166666666], [1.4671183333333333, 51.08805666666667]]}, "properties": {"label": "HAPPY LADY", "mmsi": "241281000", "imo": "9644225", "name": "HAPPY LADY", "shiptype": "", "first_seen_utc": "2026-01-07T05:07:59Z", "last_seen_utc": "2026-01-14T00:44:19Z", "destination": "MAPTM", "eta": "{'Day': 18, 'Hour': 15, 'Minute': 0, 'Month': 1}", "display": "", "links": "<a href=\"https://www.vesselfinder.com/vessels?name=9644225\" target=\"_blank\" rel=\"noopener\">VesselFinder</a> | <a href=\"https://www.marinetraffic.com/en/ais/search/all?keyword=9644225\" target=\"_blank\" rel=\"noopener\">MarineTraffic</a>", "vf_url": "https://www.vesselfinder.com/vessels?name=9644225", "mst_url": "https://www.marinetraffic.com/en/ais/search/all?keyword=9644225", "method": "v3_2pass_track3d_fromru10d", "ru_seen_in_lookback": true, "in_monitor_on_day": true}}, {"type": "Feature", "geometry": {"type": "Point", "coordinates": [1.4671183333333333, 51.08805666666667]}, "properties": {"label": "HAPPY LADY", "mmsi": "241281000", "imo": "9644225", "name": "HAPPY LADY", "shiptype": "", "first_seen_utc": "2026-01-07T05:07:59Z", "last_seen_utc": "2026-01-14T00:44:19Z", "destination": "MAPTM", "eta": "{'Day': 18, 'Hour': 15, 'Minute': 0, 'Month': 1}", "display": "HAPPY LADY (241281000)", "links": "<a href=\"https://www.vesselfinder.com/vessels?name=9644225\" target=\"_blank\" rel=\"noopener\">VesselFinder</a> | <a href=\"https://www.marinetraffic.com/en/ais/search/all?keyword=9644225\" target=\"_blank\" rel=\"noopener\">MarineTraffic</a>", "vf_url": "https://www.vesselfinder.com/vessels?name=9644225", "mst_url": "https://www.marinetraffic.com/en/ais/search/all?keyword=9644225", "method": "v3_2pass_track3d_fromru10d", "ru_seen_in_lookback": true, "in_monitor_on_day": true}}, {"type": "Feature", "geometry": {"type": "LineString", "coordinates": [[18.985509999999998, 54.89145], [18.983093333333333, 54.787481666666665], [18.95634, 54.68896333333333], [18.888501666666667, 54.6014], [18.787159999999997, 54.530883333333335], [18.699873333333336, 54.470038333333335], [18.669423333333334, 54.44469], [18.662045, 54.407619999999994], [18.668051666666667, 54.38882833333333], [18.664791666666666, 54.385281666666664], [18.664831666666664, 54.385265], [18.66485, 54.385245000000005], [18.66482166666667, 54.385284999999996], [18.664826666666666, 54.385281666666664], [18.664761666666667, 54.385225], [18.66477666666667, 54.385275], [18.664808333333333, 54.385263333333334], [18.664758333333335, 54.385255], [18.664785, 54.385281666666664], [18.664808333333333, 54.38525833333333], [18.66481, 54.385263333333334], [18.66484, 54.38527], [18.664730000000002, 54.385286666666666], [18.664783333333332, 54.38530333333333], [18.66482166666667, 54.38527833333333], [18.66482166666667, 54.38525833333333], [18.664845, 54.38527833333333], [18.66485, 54.385266666666666], [18.66483, 54.385268333333336], [18.66482166666667, 54.385295], [18.664814999999997, 54.38525333333334], [18.664808333333333, 54.38527833333333], [18.664778333333334, 54.385238333333334], [18.664818333333336, 54.385290000000005], [18.664795, 54.385281666666664], [18.664814999999997, 54.38525666666667], [18.66481, 54.38531166666667], [18.66482166666667, 54.385286666666666], [18.664806666666667, 54.38527666666666], [18.664823333333334, 54.38527], [18.664851666666667, 54.385275]]}, "properties": {"label": "WL MUROM", "mmsi": "477885500", "imo": "9674385", "name": "WL MUROM", "shiptype": "", "first_seen_utc": "2026-01-07T08:11:31Z", "last_seen_utc": "2026-01-14T16:04:46Z", "destination": "PLGDN", "eta": "{'Day': 14, 'Hour': 12, 'Minute': 0, 'Month': 1}", "display": "", "links": "<a href=\"https://www.vesselfinder.com/vessels?name=9674385\" target=\"_blank\" rel=\"noopener\">VesselFinder</a> | <a href=\"https://www.marinetraffic.com/en/ais/search/all?keyword=9674385\" target=\"_blank\" rel=\"noopener\">MarineTraffic</a>", "vf_url": "https://www.vesselfinder.com/vessels?name=9674385", "mst_url": "https://www.marinetraffic.com/en/ais/search/all?keyword=9674385", "method": "v3_2pass_track3d_fromru10d", "ru_seen_in_lookback": true, "in_monitor_on_day": true}}, {"type": "Feature", "geometry": {"type": "Point", "coordinates": [18.664851666666667, 54.385275]}, "properties": {"label": "WL MUROM", "mmsi": "477885500", "imo": "9674385", "name": "WL MUROM", "shiptype": "", "first_seen_utc": "2026-01-07T08:11:31Z", "last_seen_utc": "2026-01-14T16:04:46Z", "destination": "PLGDN", "eta": "{'Day': 14, 'Hour': 12, 'Minute': 0, 'Month': 1}", "display": "WL MUROM (477885500)", "links": "<a href=\"https://www.vesselfinder.com/vessels?name=9674385\" target=\"_blank\" rel=\"noopener\">VesselFinder</a> | <a href=\"https://www.marinetraffic.com/en/ais/search/all?keyword=9674385\" target=\"_blank\" rel=\"noopener\">MarineTraffic</a>", "vf_url": "https://www.vesselfinder.com/vessels?name=9674385", "mst_url": "https://www.marinetraffic.com/en/ais/search/all?keyword=9674385", "method": "v3_2pass_track3d_fromru10d", "ru_seen_in_lookback": true, "in_monitor_on_day": true}}, {"type": "Feature", "geometry": {"type": "LineString", "coordinates": [[18.885893333333335, 54.43969833333333], [18.886146666666665, 54.439715], [18.887116666666667, 54.439805], [18.885715, 54.43979], [18.886338333333335, 54.439845], [18.885659999999998, 54.439805], [18.884871666666665, 54.440039999999996], [18.885493333333333, 54.440129999999996], [18.88615, 54.44014333333334], [18.885786666666668, 54.44012], [18.88577666666667, 54.43995833333334], [18.887043333333335, 54.439973333333334], [18.886941666666665, 54.440039999999996], [18.88648, 54.439769999999996], [18.886253333333332, 54.43991333333334], [18.886396666666666, 54.440025], [18.88694333333333, 54.439780000000006], [18.887031666666665, 54.43971333333333], [18.887345, 54.439766666666664], [18.887223333333335, 54.43971], [18.887675, 54.439793333333334], [18.887864999999998, 54.439805], [18.887661666666666, 54.439798333333336], [18.887075, 54.439688333333336], [18.887528333333332, 54.43973166666667], [18.887698333333333, 54.439796666666666], [18.88766, 54.439780000000006], [18.887623333333334, 54.439838333333334], [18.887681666666666, 54.439843333333336], [18.887518333333333, 54.43978833333333], [18.887983333333334, 54.439985], [18.887528333333332, 54.43981833333333], [18.886695, 54.43974], [18.88689833333333, 54.43976166666666], [18.886745, 54.43992], [18.887321666666665, 54.440081666666664], [18.888256666666667, 54.44045666666667], [18.888176666666666, 54.44136], [18.886793333333333, 54.442915], [18.885585, 54.443039999999996], [18.885385, 54.44295666666667], [18.885951666666664, 54.44308], [18.88608833333333, 54.44309], [18.88631333333333, 54.44305], [18.88599, 54.44307333333334], [18.886211666666668, 54.44312166666667], [18.886785, 54.443099999999994], [18.88692166666667, 54.44321166666667], [18.886998333333334, 54.44331], [18.887138333333333, 54.44325333333334], [18.886955, 54.443275], [18.88654, 54.44331666666667], [18.885885, 54.443311666666666], [18.885476666666666, 54.443308333333334], [18.88489333333333, 54.44318], [18.885088333333332, 54.443263333333334], [18.884706666666666, 54.44318666666666], [18.884411666666665, 54.44308], [18.884343333333334, 54.44305166666666], [18.884353333333333, 54.44306666666667], [18.884118333333333, 54.442928333333334], [18.88454833333333, 54.44311666666667], [18.885063333333335, 54.44325], [18.884990000000002, 54.443218333333334], [18.88536333333333, 54.44330333333333], [18.885706666666668, 54.443374999999996], [18.88615666666667, 54.443398333333334], [18.886276666666667, 54.443373333333334], [18.885923333333334, 54.443395], [18.88624, 54.443374999999996], [18.886386666666667, 54.44336666666666], [18.886348333333334, 54.44335], [18.88654166666667, 54.44334], [18.886300000000002, 54.443365], [18.885878333333334, 54.443355], [18.885613333333332, 54.44336], [18.885375, 54.443333333333335], [18.88484, 54.443223333333336], [18.884696666666667, 54.44318], [18.884580000000003, 54.44317], [18.884498333333333, 54.44312166666667], [18.88451, 54.44314333333333], [18.884406666666667, 54.443135], [18.88454, 54.443225], [18.88488166666667, 54.44468666666667], [18.884853333333336, 54.444176666666664], [18.886346666666668, 54.44134], [18.885256666666667, 54.44255], [18.84897833333333, 54.423986666666664], [18.74194333333333, 54.4036], [18.71907, 54.405901666666665], [18.71894, 54.40578], [18.718935, 54.40578666666667], [18.718935, 54.40578333333334], [18.718935, 54.40578333333334], [18.718935, 54.40578333333334], [18.718935, 54.40578333333334], [18.718935, 54.40578333333334], [18.718935, 54.4058], [18.718933333333332, 54.4058], [18.718933333333332, 54.40578333333334], [18.718933333333332, 54.40578333333334], [18.718933333333332, 54.40578333333334], [18.718933333333332, 54.40578333333334], [18.718933333333332, 54.40578333333334], [18.718916666666665, 54.40578333333334], [18.718933333333332, 54.40578333333334], [18.71895, 54.40578333333334], [18.718916666666665, 54.4058], [18.718916666666665, 54.40578333333334], [18.71891833333333, 54.40578333333334], [18.71891833333333, 54.40578333333334], [18.71891833333333, 54.40578333333334], [18.71891833333333, 54.40578333333334], [18.71891833333333, 54.40578333333334], [18.71891833333333, 54.405766666666665], [18.71891833333333, 54.405766666666665], [18.718935, 54.40578333333334], [18.718935, 54.40578333333334], [18.718935, 54.40578333333334], [18.71895, 54.40578333333334], [18.718933333333332, 54.4058], [18.718933333333332, 54.40578333333334], [18.71895, 54.40578333333334], [18.718935, 54.40578333333334], [18.718951666666666, 54.40578333333334]]}, "properties": {"label": "SEALING", "mmsi": "211397660", "imo": "9251652", "name": "SEALING", "shiptype": "", "first_seen_utc": "2026-01-07T12:22:09Z", "last_seen_utc": "2026-01-14T15:52:27Z", "destination": "PLGDN", "eta": "{'Day': 13, 'Hour': 20, 'Minute': 0, 'Month': 1}", "display": "", "links": "<a href=\"https://www.vesselfinder.com/vessels?name=9251652\" target=\"_blank\" rel=\"noopener\">VesselFinder</a> | <a href=\"https://www.marinetraffic.com/en/ais/search/all?keyword=9251652\" target=\"_blank\" rel=\"noopener\">MarineTraffic</a>", "vf_url": "https://www.vesselfinder.com/vessels?name=9251652", "mst_url": "https://www.marinetraffic.com/en/ais/search/all?keyword=9251652", "method": "v3_2pass_track3d_fromru10d", "ru_seen_in_lookback": true, "in_monitor_on_day": true}}, {"type": "Feature", "geometry": {"type": "Point", "coordinates": [18.718951666666666, 54.40578333333334]}, "properties": {"label": "SEALING", "mmsi": "211397660", "imo": "9251652", "name": "SEALING", "shiptype": "", "first_seen_utc": "2026-01-07T12:22:09Z", "last_seen_utc": "2026-01-14T15:52:27Z", "destination": "PLGDN", "eta": "{'Day': 13, 'Hour': 20, 'Minute': 0, 'Month': 1}", "display": "SEALING (211397660)", "links": "<a href=\"https://www.vesselfinder.com/vessels?name=9251652\" target=\"_blank\" rel=\"noopener\">VesselFinder</a> | <a href=\"https://www.marinetraffic.com/en/ais/search/all?keyword=9251652\" target=\"_blank\" rel=\"noopener\">MarineTraffic</a>", "vf_url": "https://www.vesselfinder.com/vessels?name=9251652", "mst_url": "https://www.marinetraffic.com/en/ais/search/all?keyword=9251652", "method": "v3_2pass_track3d_fromru10d", "ru_seen_in_lookback": true, "in_monitor_on_day": true}}, {"type": "Feature", "geometry": {"type": "LineString", "coordinates": [[10.991520000000001, 55.142338333333335], [10.994443333333333, 55.05606], [10.963848333333335, 54.975496666666665], [10.872425, 54.920566666666666], [10.836861666666666, 54.849619999999994], [10.808924999999999, 54.77603166666667], [10.765414999999999, 54.698411666666665], [10.861431666666666, 54.64028833333334], [10.994095, 54.59362833333333], [11.143193333333333, 54.57823333333333], [11.288291666666668, 54.54372166666667], [11.430321666666666, 54.50659666666666], [11.575475, 54.46811833333334], [11.725733333333332, 54.428086666666665], [11.891255, 54.41118666666667], [12.059601666666667, 54.41068333333333], [12.198165, 54.45115666666666], [12.244933333333334, 54.53006833333333], [12.512611666666666, 54.691721666666666], [12.62118, 54.723715], [12.790801666666665, 54.759825], [13.078158333333333, 54.75428], [18.541391666666666, 54.995536666666666], [18.69120666666667, 54.93342333333333], [18.808208333333333, 54.874595], [18.928673333333332, 54.81531666666667], [19.027423333333335, 54.75222833333333], [19.057371666666665, 54.66952333333334], [19.058476666666664, 54.58949], [18.996126666666665, 54.51583166666667], [18.914499999999997, 54.489153333333334], [18.871085, 54.471853333333335], [18.867093333333333, 54.462763333333335], [18.865126666666665, 54.46275666666667], [18.865855, 54.46272333333333], [18.866030000000002, 54.462740000000004], [18.866165000000002, 54.462795], [18.865991666666666, 54.462795], [18.865781666666667, 54.46277333333333], [18.865231666666666, 54.462716666666665], [18.86467, 54.46266166666667], [18.864386666666668, 54.462563333333335], [18.864545, 54.46259833333333], [18.86453, 54.46264166666666], [18.864151666666665, 54.462545], [18.864095000000002, 54.46252333333334], [18.864236666666667, 54.46254833333333], [18.864523333333334, 54.46267666666667], [18.864496666666664, 54.46266833333333], [18.86493, 54.462605], [18.864776666666668, 54.46270666666667], [18.864911666666668, 54.462718333333335], [18.865001666666668, 54.46277166666666], [18.865025, 54.462734999999995], [18.864964999999998, 54.46279166666667], [18.86498, 54.462761666666665], [18.864856666666665, 54.46275], [18.864878333333333, 54.46270833333333], [18.865011666666664, 54.46275666666667], [18.864963333333332, 54.462786666666666], [18.865025, 54.46279833333333], [18.865168333333333, 54.462869999999995], [18.865036666666665, 54.46281], [18.864925000000003, 54.462869999999995], [18.865173333333335, 54.462891666666664], [18.865306666666665, 54.46288166666667], [18.864928333333335, 54.462815], [18.864786666666664, 54.46292166666667], [18.86461166666667, 54.462893333333334], [18.864896666666667, 54.46295833333333], [18.86505833333333, 54.46303666666667], [18.86474666666667, 54.462945], [18.864886666666667, 54.46296666666667], [18.865036666666665, 54.46304333333333], [18.86446833333333, 54.462896666666666], [18.864091666666663, 54.46284], [18.86442333333333, 54.462965000000004], [18.86435, 54.46297166666667], [18.864291666666666, 54.462938333333334], [18.86408833333333, 54.462853333333335], [18.863948333333333, 54.46294], [18.864653333333333, 54.463010000000004], [18.864853333333333, 54.46308], [18.864918333333332, 54.463033333333335], [18.86484, 54.46304333333333], [18.864865, 54.463075]]}, "properties": {"label": "ATLANTIC JADE", "mmsi": "636021135", "imo": "9892987", "name": "ATLANTIC JADE", "shiptype": "", "first_seen_utc": "2026-01-07T13:12:39Z", "last_seen_utc": "2026-01-14T15:43:38Z", "destination": "PLGDN", "eta": "{'Day': 13, 'Hour': 9, 'Minute': 0, 'Month': 1}", "display": "", "links": "<a href=\"https://www.vesselfinder.com/vessels?name=9892987\" target=\"_blank\" rel=\"noopener\">VesselFinder</a> | <a href=\"https://www.marinetraffic.com/en/ais/search/all?keyword=9892987\" target=\"_blank\" rel=\"noopener\">MarineTraffic</a>", "vf_url": "https://www.vesselfinder.com/vessels?name=9892987", "mst_url": "https://www.marinetraffic.com/en/ais/search/all?keyword=9892987", "method": "v3_2pass_track3d_fromru10d", "ru_seen_in_lookback": true, "in_monitor_on_day": true}}, {"type": "Feature", "geometry": {"type": "Point", "coordinates": [18.864865, 54.463075]}, "properties": {"label": "ATLANTIC JADE", "mmsi": "636021135", "imo": "9892987", "name": "ATLANTIC JADE", "shiptype": "", "first_seen_utc": "2026-01-07T13:12:39Z", "last_seen_utc": "2026-01-14T15:43:38Z", "destination": "PLGDN", "eta": "{'Day': 13, 'Hour': 9, 'Minute': 0, 'Month': 1}", "display": "ATLANTIC JADE (636021135)", "links": "<a href=\"https://www.vesselfinder.com/vessels?name=9892987\" target=\"_blank\" rel=\"noopener\">VesselFinder</a> | <a href=\"https://www.marinetraffic.com/en/ais/search/all?keyword=9892987\" target=\"_blank\" rel=\"noopener\">MarineTraffic</a>", "vf_url": "https://www.vesselfinder.com/vessels?name=9892987", "mst_url": "https://www.marinetraffic.com/en/ais/search/all?keyword=9892987", "method": "v3_2pass_track3d_fromru10d", "ru_seen_in_lookback": true, "in_monitor_on_day": true}}, {"type": "Feature", "geometry": {"type": "LineString", "coordinates": [[18.64793166666667, 54.37269666666667], [18.647925, 54.37271333333333], [18.647943333333334, 54.372679999999995], [18.64790833333333, 54.372706666666666], [18.6479, 54.37271333333333], [18.647949999999998, 54.37267333333333], [18.647915, 54.37269666666667], [18.64790833333333, 54.37269666666667], [18.647916666666667, 54.372679999999995], [18.647915, 54.37269666666667], [18.647971666666667, 54.37271333333333], [18.64793166666667, 54.372679999999995], [18.64792333333333, 54.37269666666667], [18.64787833333333, 54.372753333333335], [18.647915, 54.37271333333333], [18.64793166666667, 54.372706666666666], [18.647936666666666, 54.37269666666667], [18.647881666666667, 54.372679999999995], [18.647933333333334, 54.372679999999995], [18.64789, 54.37271333333333], [18.647904999999998, 54.372679999999995], [18.647916666666667, 54.37267333333333], [18.647898333333334, 54.372719999999994], [18.647913333333335, 54.37271333333333], [18.647925, 54.372640000000004], [18.647938333333332, 54.372663333333335], [18.6479, 54.372679999999995], [18.647913333333335, 54.372679999999995], [18.647916666666667, 54.37271333333333], [18.647896666666668, 54.37269666666667], [18.64793166666667, 54.372719999999994], [18.64800166666667, 54.37269666666667], [18.647936666666666, 54.372706666666666], [18.64793166666667, 54.372706666666666], [18.647898333333334, 54.37269666666667], [18.647915, 54.372679999999995], [18.647906666666664, 54.37269666666667], [18.647845, 54.372679999999995], [18.647904999999998, 54.372706666666666], [18.647943333333334, 54.372706666666666], [18.647915, 54.372706666666666], [18.647941666666668, 54.37267333333333], [18.64787833333333, 54.37269666666667], [18.647925, 54.372746666666664], [18.647936666666666, 54.37271333333333], [18.647983333333332, 54.37269666666667], [18.6479, 54.372719999999994], [18.647915, 54.37269666666667], [18.647916666666667, 54.37269666666667], [18.647941666666668, 54.372706666666666], [18.64796833333333, 54.372719999999994], [18.647865000000003, 54.37269666666667], [18.647843333333334, 54.372746666666664], [18.647888333333334, 54.372719999999994], [18.647913333333335, 54.372679999999995], [18.64787, 54.372753333333335], [18.647916666666667, 54.37269666666667], [18.64792, 54.37271333333333], [18.64543666666667, 54.371003333333334], [18.646303333333332, 54.36900333333333], [18.646523333333334, 54.36958666666667], [18.645088333333334, 54.37081666666666], [18.644765, 54.3712], [18.64790833333333, 54.37273666666667], [18.647904999999998, 54.372719999999994], [18.64795666666667, 54.37271333333333], [18.64792333333333, 54.37271333333333], [18.647896666666668, 54.37267333333333], [18.64786333333333, 54.372663333333335], [18.647941666666668, 54.37271333333333], [18.64793166666667, 54.372746666666664], [18.647855, 54.372719999999994], [18.647915, 54.372679999999995], [18.647933333333334, 54.372706666666666], [18.64789, 54.372679999999995], [18.647861666666664, 54.37271333333333], [18.64789, 54.37269666666667], [18.647925, 54.372719999999994], [18.647916666666667, 54.37269666666667], [18.64793166666667, 54.372679999999995], [18.64787, 54.37271333333333], [18.647925, 54.372706666666666], [18.64789, 54.372719999999994], [18.647933333333334, 54.372746666666664], [18.64789, 54.372679999999995], [18.647916666666667, 54.37271333333333], [18.6479, 54.372679999999995], [18.647936666666666, 54.37269666666667], [18.647938333333332, 54.372679999999995], [18.647941666666668, 54.37269666666667], [18.64790833333333, 54.37264666666667], [18.64793166666667, 54.372706666666666], [18.647895000000002, 54.37269666666667], [18.647906666666664, 54.37271333333333], [18.64796, 54.372719999999994], [18.647978333333334, 54.37271333333333], [18.64792, 54.37271333333333], [18.647941666666668, 54.37271333333333], [18.647916666666667, 54.372706666666666], [18.647915, 54.37271333333333], [18.64788, 54.372719999999994], [18.647873333333333, 54.372719999999994], [18.647925, 54.37271333333333], [18.64792333333333, 54.37271333333333], [18.647938333333332, 54.37269666666667], [18.647943333333334, 54.372706666666666], [18.647938333333332, 54.37271333333333], [18.647906666666664, 54.37271333333333], [18.647933333333334, 54.37278666666667], [18.647888333333334, 54.37269666666667], [18.64789, 54.372679999999995], [18.647925, 54.372663333333335], [18.647943333333334, 54.372706666666666], [18.64790833333333, 54.372706666666666], [18.64790833333333, 54.37269666666667], [18.647941666666668, 54.372679999999995], [18.6479, 54.37269666666667], [18.647896666666668, 54.37269666666667], [18.64792, 54.37269666666667], [18.647906666666664, 54.372663333333335], [18.64789, 54.37267333333333], [18.647916666666667, 54.372706666666666], [18.647938333333332, 54.372679999999995], [18.647888333333334, 54.372719999999994], [18.64787, 54.37273666666667], [18.64790833333333, 54.372679999999995]]}, "properties": {"label": "ERLEND", "mmsi": "275031017", "imo": "8820339", "name": "ERLEND", "shiptype": "", "first_seen_utc": "2026-01-07T15:20:51Z", "last_seen_utc": "2026-01-14T15:57:57Z", "destination": "PLGDN", "eta": "{'Day': 8, 'Hour': 8, 'Minute': 0, 'Month': 1}", "display": "", "links": "<a href=\"https://www.vesselfinder.com/vessels?name=8820339\" target=\"_blank\" rel=\"noopener\">VesselFinder</a> | <a href=\"https://www.marinetraffic.com/en/ais/search/all?keyword=8820339\" target=\"_blank\" rel=\"noopener\">MarineTraffic</a>", "vf_url": "https://www.vesselfinder.com/vessels?name=8820339", "mst_url": "https://www.marinetraffic.com/en/ais/search/all?keyword=8820339", "method": "v3_2pass_track3d_fromru10d", "ru_seen_in_lookback": true, "in_monitor_on_day": true}}, {"type": "Feature", "geometry": {"type": "Point", "coordinates": [18.64790833333333, 54.372679999999995]}, "properties": {"label": "ERLEND", "mmsi": "275031017", "imo": "8820339", "name": "ERLEND", "shiptype": "", "first_seen_utc": "2026-01-07T15:20:51Z", "last_seen_utc": "2026-01-14T15:57:57Z", "destination": "PLGDN", "eta": "{'Day': 8, 'Hour': 8, 'Minute': 0, 'Month': 1}", "display": "ERLEND (275031017)", "links": "<a href=\"https://www.vesselfinder.com/vessels?name=8820339\" target=\"_blank\" rel=\"noopener\">VesselFinder</a> | <a href=\"https://www.marinetraffic.com/en/ais/search/all?keyword=8820339\" target=\"_blank\" rel=\"noopener\">MarineTraffic</a>", "vf_url": "https://www.vesselfinder.com/vessels?name=8820339", "mst_url": "https://www.marinetraffic.com/en/ais/search/all?keyword=8820339", "method": "v3_2pass_track3d_fromru10d", "ru_seen_in_lookback": true, "in_monitor_on_day": true}}, {"type": "Feature", "geometry": {"type": "LineString", "coordinates": [[15.54942, 55.74198166666667], [15.258866666666668, 55.64868333333333], [15.111713333333334, 55.60172], [14.66009, 55.460119999999996], [14.532228333333334, 55.396049999999995], [14.413326666666668, 55.322195], [14.223001666666667, 55.176431666666666], [12.259538333333333, 54.57955833333333], [12.196813333333333, 54.468576666666664], [12.051036666666667, 54.43387499999999], [11.874718333333334, 54.432696666666665], [11.707683333333334, 54.455130000000004], [11.553474999999999, 54.497616666666666], [11.392995, 54.54220333333333], [11.234158333333333, 54.592295], [11.061, 54.60332666666667], [10.911883333333332, 54.631780000000006], [10.766506666666666, 54.683233333333334], [10.8087, 54.76780833333333], [10.838135, 54.858713333333334], [10.92334, 54.949835], [11.034948333333334, 55.035195], [11.05034, 55.14534833333333], [11.095471666666667, 55.244193333333335], [10.869815, 55.51965833333334], [10.799681666666666, 55.62051833333333], [10.804805, 55.72468166666667], [10.826531666666666, 55.82641833333333]]}, "properties": {"label": "ROSTRUM ZUG", "mmsi": "636093387", "imo": "9952646", "name": "ROSTRUM ZUG", "shiptype": "", "first_seen_utc": "2026-01-07T23:37:04Z", "last_seen_utc": "2026-01-14T06:41:49Z", "destination": "ITMNF", "eta": "{'Day': 26, 'Hour': 12, 'Minute': 10, 'Month': 1}", "display": "", "links": "<a href=\"https://www.vesselfinder.com/vessels?name=9952646\" target=\"_blank\" rel=\"noopener\">VesselFinder</a> | <a href=\"https://www.marinetraffic.com/en/ais/search/all?keyword=9952646\" target=\"_blank\" rel=\"noopener\">MarineTraffic</a>", "vf_url": "https://www.vesselfinder.com/vessels?name=9952646", "mst_url": "https://www.marinetraffic.com/en/ais/search/all?keyword=9952646", "method": "v3_2pass_track3d_fromru10d", "ru_seen_in_lookback": true, "in_monitor_on_day": true}}, {"type": "Feature", "geometry": {"type": "Point", "coordinates": [10.826531666666666, 55.82641833333333]}, "properties": {"label": "ROSTRUM ZUG", "mmsi": "636093387", "imo": "9952646", "name": "ROSTRUM ZUG", "shiptype": "", "first_seen_utc": "2026-01-07T23:37:04Z", "last_seen_utc": "2026-01-14T06:41:49Z", "destination": "ITMNF", "eta": "{'Day': 26, 'Hour': 12, 'Minute': 10, 'Month': 1}", "display": "ROSTRUM ZUG (636093387)", "links": "<a href=\"https://www.vesselfinder.com/vessels?name=9952646\" target=\"_blank\" rel=\"noopener\">VesselFinder</a> | <a href=\"https://www.marinetraffic.com/en/ais/search/all?keyword=9952646\" target=\"_blank\" rel=\"noopener\">MarineTraffic</a>", "vf_url": "https://www.vesselfinder.com/vessels?name=9952646", "mst_url": "https://www.marinetraffic.com/en/ais/search/all?keyword=9952646", "method": "v3_2pass_track3d_fromru10d", "ru_seen_in_lookback": true, "in_monitor_on_day": true}}, {"type": "Feature", "geometry": {"type": "LineString", "coordinates": [[14.999758333333334, 55.42044833333333], [14.847518333333333, 55.35935166666666], [14.622676666666667, 55.279048333333336], [12.272681666666667, 54.60282666666667], [12.227565, 54.52688], [12.155661666666667, 54.44738333333333], [11.983836666666667, 54.443189999999994], [11.797763333333334, 54.44602833333333], [11.618265000000001, 54.47564], [11.451465, 54.52137166666667], [11.275335, 54.570953333333335], [11.094446666666666, 54.606766666666665], [10.917926666666666, 54.62879833333333], [10.776408333333334, 54.693414999999995], [10.826283333333333, 54.79406166666667], [10.847943333333335, 54.88998166666667], [10.956003333333333, 54.96818333333333], [10.998676666666666, 55.06979666666667], [11.010561666666666, 55.169914999999996], [11.103556666666666, 55.233235], [11.037493333333334, 55.33182166666666], [10.865643333333333, 55.52467166666667], [10.793321666666666, 55.627523333333336], [10.803468333333333, 55.72876833333333], [10.818978333333332, 55.831275], [10.903343333333334, 55.90846666666666]]}, "properties": {"label": "EVRIDIKI", "mmsi": "636013156", "imo": "9318137", "name": "EVRIDIKI", "shiptype": "", "first_seen_utc": "2026-01-08T05:03:43Z", "last_seen_utc": "2026-01-14T07:31:24Z", "destination": "TR TUT", "eta": "{'Day': 26, 'Hour': 19, 'Minute': 0, 'Month': 1}", "display": "", "links": "<a href=\"https://www.vesselfinder.com/vessels?name=9318137\" target=\"_blank\" rel=\"noopener\">VesselFinder</a> | <a href=\"https://www.marinetraffic.com/en/ais/search/all?keyword=9318137\" target=\"_blank\" rel=\"noopener\">MarineTraffic</a>", "vf_url": "https://www.vesselfinder.com/vessels?name=9318137", "mst_url": "https://www.marinetraffic.com/en/ais/search/all?keyword=9318137", "method": "v3_2pass_track3d_fromru10d", "ru_seen_in_lookback": true, "in_monitor_on_day": true}}, {"type": "Feature", "geometry": {"type": "Point", "coordinates": [10.903343333333334, 55.90846666666666]}, "properties": {"label": "EVRIDIKI", "mmsi": "636013156", "imo": "9318137", "name": "EVRIDIKI", "shiptype": "", "first_seen_utc": "2026-01-08T05:03:43Z", "last_seen_utc": "2026-01-14T07:31:24Z", "destination": "TR TUT", "eta": "{'Day': 26, 'Hour': 19, 'Minute': 0, 'Month': 1}", "display": "EVRIDIKI (636013156)", "links": "<a href=\"https://www.vesselfinder.com/vessels?name=9318137\" target=\"_blank\" rel=\"noopener\">VesselFinder</a> | <a href=\"https://www.marinetraffic.com/en/ais/search/all?keyword=9318137\" target=\"_blank\" rel=\"noopener\">MarineTraffic</a>", "vf_url": "https://www.vesselfinder.com/vessels?name=9318137", "mst_url": "https://www.marinetraffic.com/en/ais/search/all?keyword=9318137", "method": "v3_2pass_track3d_fromru10d", "ru_seen_in_lookback": true, "in_monitor_on_day": true}}, {"type": "Feature", "geometry": {"type": "LineString", "coordinates": [[18.719299999999997, 54.400666666666666], [19.012666666666668, 54.7686]]}, "properties": {"label": "255806516", "mmsi": "255806516", "imo": "", "name": "", "shiptype": "", "first_seen_utc": "2026-01-08T05:55:10Z", "last_seen_utc": "2026-01-14T10:17:03Z", "destination": "", "eta": "", "display": "", "links": "<a href=\"https://www.vesselfinder.com/vessels?name=255806516\" target=\"_blank\" rel=\"noopener\">VesselFinder</a> | <a href=\"https://www.marinetraffic.com/en/ais/search/all?keyword=255806516\" target=\"_blank\" rel=\"noopener\">MarineTraffic</a>", "vf_url": "https://www.vesselfinder.com/vessels?name=255806516", "mst_url": "https://www.marinetraffic.com/en/ais/search/all?keyword=255806516", "method": "v3_2pass_track3d_fromru10d", "ru_seen_in_lookback": true, "in_monitor_on_day": true}}, {"type": "Feature", "geometry": {"type": "Point", "coordinates": [19.012666666666668, 54.7686]}, "properties": {"label": "255806516", "mmsi": "255806516", "imo": "", "name": "", "shiptype": "", "first_seen_utc": "2026-01-08T05:55:10Z", "last_seen_utc": "2026-01-14T10:17:03Z", "destination": "", "eta": "", "display": "255806516 (255806516)", "links": "<a href=\"https://www.vesselfinder.com/vessels?name=255806516\" target=\"_blank\" rel=\"noopener\">VesselFinder</a> | <a href=\"https://www.marinetraffic.com/en/ais/search/all?keyword=255806516\" target=\"_blank\" rel=\"noopener\">MarineTraffic</a>", "vf_url": "https://www.vesselfinder.com/vessels?name=255806516", "mst_url": "https://www.marinetraffic.com/en/ais/search/all?keyword=255806516", "method": "v3_2pass_track3d_fromru10d", "ru_seen_in_lookback": true, "in_monitor_on_day": true}}, {"type": "Feature", "geometry": {"type": "LineString", "coordinates": [[11.425563333333335, 54.531258333333334], [11.268654999999999, 54.575775], [11.111386666666668, 54.604595], [10.970801666666667, 54.612161666666665], [10.882428333333333, 54.64020166666667], [10.800873333333334, 54.67229333333333], [10.7809, 54.732575], [10.83427, 54.81357], [10.874723333333332, 54.924546666666664], [10.986146666666667, 55.00888], [10.990698333333334, 55.116025], [11.088568333333335, 55.196245], [11.051185, 55.294135], [10.854501666666666, 55.53864333333333], [10.785948333333332, 55.642415], [10.806033333333334, 55.751144999999994], [10.929983333333332, 55.913545], [10.013884999999998, 57.85295166666666], [9.840103333333333, 57.851715]]}, "properties": {"label": "HERMES", "mmsi": "636015035", "imo": "9613056", "name": "HERMES", "shiptype": "", "first_seen_utc": "2026-01-08T15:27:05Z", "last_seen_utc": "2026-01-14T16:05:39Z", "destination": "MYLUM", "eta": "{'Day': 22, 'Hour': 2, 'Minute': 0, 'Month': 2}", "display": "", "links": "<a href=\"https://www.vesselfinder.com/vessels?name=9613056\" target=\"_blank\" rel=\"noopener\">VesselFinder</a> | <a href=\"https://www.marinetraffic.com/en/ais/search/all?keyword=9613056\" target=\"_blank\" rel=\"noopener\">MarineTraffic</a>", "vf_url": "https://www.vesselfinder.com/vessels?name=9613056", "mst_url": "https://www.marinetraffic.com/en/ais/search/all?keyword=9613056", "method": "v3_2pass_track3d_fromru10d", "ru_seen_in_lookback": true, "in_monitor_on_day": true}}, {"type": "Feature", "geometry": {"type": "Point", "coordinates": [9.840103333333333, 57.851715]}, "properties": {"label": "HERMES", "mmsi": "636015035", "imo": "9613056", "name": "HERMES", "shiptype": "", "first_seen_utc": "2026-01-08T15:27:05Z", "last_seen_utc": "2026-01-14T16:05:39Z", "destination": "MYLUM", "eta": "{'Day': 22, 'Hour': 2, 'Minute': 0, 'Month': 2}", "display": "HERMES (636015035)", "links": "<a href=\"https://www.vesselfinder.com/vessels?name=9613056\" target=\"_blank\" rel=\"noopener\">VesselFinder</a> | <a href=\"https://www.marinetraffic.com/en/ais/search/all?keyword=9613056\" target=\"_blank\" rel=\"noopener\">MarineTraffic</a>", "vf_url": "https://www.vesselfinder.com/vessels?name=9613056", "mst_url": "https://www.marinetraffic.com/en/ais/search/all?keyword=9613056", "method": "v3_2pass_track3d_fromru10d", "ru_seen_in_lookback": true, "in_monitor_on_day": true}}, {"type": "Feature", "geometry": {"type": "LineString", "coordinates": [[10.87222, 54.64467666666667], [10.786183333333334, 54.74290833333334], [10.839038333333333, 54.874385], [10.974221666666667, 54.98288], [10.990548333333333, 55.10740833333333], [11.094186666666667, 55.20086333333334], [11.0455, 55.312400000000004], [10.973881666666667, 55.430515], [10.858983333333333, 55.539633333333335], [10.785061666666667, 55.66453166666667], [10.815371666666666, 55.79188666666666], [10.931786666666666, 55.900848333333336], [11.117215, 56.05675166666666], [10.496865000000001, 57.85620166666667], [10.314493333333333, 57.84683], [10.110333333333333, 57.840516666666666]]}, "properties": {"label": "XIN LONG YUN 86", "mmsi": "412705880", "imo": "9162265", "name": "XIN LONG YUN 86", "shiptype": "", "first_seen_utc": "2026-01-08T17:57:16Z", "last_seen_utc": "2026-01-14T16:13:42Z", "destination": "EGEDK", "eta": "{'Day': 19, 'Hour': 15, 'Minute': 0, 'Month': 1}", "display": "", "links": "<a href=\"https://www.vesselfinder.com/vessels?name=9162265\" target=\"_blank\" rel=\"noopener\">VesselFinder</a> | <a href=\"https://www.marinetraffic.com/en/ais/search/all?keyword=9162265\" target=\"_blank\" rel=\"noopener\">MarineTraffic</a>", "vf_url": "https://www.vesselfinder.com/vessels?name=9162265", "mst_url": "https://www.marinetraffic.com/en/ais/search/all?keyword=9162265", "method": "v3_2pass_track3d_fromru10d", "ru_seen_in_lookback": true, "in_monitor_on_day": true}}, {"type": "Feature", "geometry": {"type": "Point", "coordinates": [10.110333333333333, 57.840516666666666]}, "properties": {"label": "XIN LONG YUN 86", "mmsi": "412705880", "imo": "9162265", "name": "XIN LONG YUN 86", "shiptype": "", "first_seen_utc": "2026-01-08T17:57:16Z", "last_seen_utc": "2026-01-14T16:13:42Z", "destination": "EGEDK", "eta": "{'Day': 19, 'Hour': 15, 'Minute': 0, 'Month': 1}", "display": "XIN LONG YUN 86 (412705880)", "links": "<a href=\"https://www.vesselfinder.com/vessels?name=9162265\" target=\"_blank\" rel=\"noopener\">VesselFinder</a> | <a href=\"https://www.marinetraffic.com/en/ais/search/all?keyword=9162265\" target=\"_blank\" rel=\"noopener\">MarineTraffic</a>", "vf_url": "https://www.vesselfinder.com/vessels?name=9162265", "mst_url": "https://www.marinetraffic.com/en/ais/search/all?keyword=9162265", "method": "v3_2pass_track3d_fromru10d", "ru_seen_in_lookback": true, "in_monitor_on_day": true}}, {"type": "Feature", "geometry": {"type": "LineString", "coordinates": [[10.496565, 57.84646166666666], [10.292693333333334, 57.835651666666664], [10.105115000000001, 57.79025166666667], [9.913356666666665, 57.73934166666666], [9.725206666666667, 57.689341666666664], [9.525806666666666, 57.64783833333333], [9.334981666666666, 57.59163], [9.154993333333334, 57.53729833333333], [8.961818333333333, 57.485553333333336], [7.366055, 54.48733166666667], [7.38054, 54.358286666666665], [7.407285, 54.23296666666667], [7.492061666666667, 54.11397], [7.54728, 54.05194166666667], [7.574113333333333, 54.02106666666667], [7.60049, 53.98943166666666], [7.628068333333333, 53.958165], [7.668893333333333, 53.92501], [7.777035, 53.88383833333333], [8.02449, 53.847015000000006], [8.180018333333333, 53.764415], [8.349531666666667, 53.687545], [8.48985, 53.611585], [8.52933, 53.58398666666667], [8.529771666666667, 53.584201666666665], [8.529776666666667, 53.58420666666667], [8.529765000000001, 53.584205], [8.529770000000001, 53.584201666666665], [8.529768333333333, 53.58419833333333], [8.529773333333333, 53.584195], [8.52978, 53.58419666666667], [8.529766666666667, 53.58419833333333], [8.529774999999999, 53.584195], [8.52976, 53.58419666666667], [8.529756666666666, 53.58419666666667], [8.529753333333334, 53.58418166666667], [8.529753333333334, 53.58421333333333], [8.529751666666666, 53.58419333333333], [8.529755, 53.58419], [8.529756666666666, 53.58419666666667], [8.529766666666667, 53.58419333333333], [8.529755, 53.5842], [8.529763333333333, 53.58419833333333], [8.529765000000001, 53.584201666666665], [8.529773333333333, 53.584203333333335], [8.529778333333333, 53.58419833333333], [8.529766666666667, 53.58419833333333], [8.52978, 53.5842], [8.529770000000001, 53.584205], [8.52976, 53.584195], [8.529770000000001, 53.58419666666667], [8.529768333333333, 53.58419833333333], [8.529776666666667, 53.58419833333333], [8.529773333333333, 53.584201666666665], [8.51732, 53.593986666666666], [8.514850000000001, 53.598445], [8.51484, 53.59844333333333], [8.514845, 53.59844666666667], [8.514850000000001, 53.598445], [8.514835, 53.59844333333333], [8.514831666666668, 53.59844666666667], [8.514836666666666, 53.59844666666667], [8.51483, 53.59844666666667], [8.514838333333334, 53.598438333333334], [8.514843333333333, 53.598445], [8.514848333333333, 53.59844333333333], [8.514838333333334, 53.59844666666667], [8.514843333333333, 53.59844333333333], [8.514838333333334, 53.598441666666666], [8.514835, 53.59844333333333], [8.514843333333333, 53.59844666666667], [8.514838333333334, 53.598445], [8.514845, 53.598441666666666], [8.514841666666666, 53.598441666666666], [8.514835, 53.598438333333334], [8.51484, 53.598441666666666], [8.514846666666667, 53.598441666666666], [8.514828333333334, 53.59844333333333], [8.514838333333334, 53.59844333333333], [8.521818333333334, 53.58651666666666], [8.544615, 53.568374999999996], [8.544686666666667, 53.56843166666667], [8.54468, 53.56842833333334], [8.544681666666666, 53.56843166666667], [8.544673333333332, 53.56843166666667], [8.544673333333332, 53.56843666666667]]}, "properties": {"label": "CMA CGM MERMAID", "mmsi": "256708000", "imo": "9961283", "name": "CMA CGM MERMAID", "shiptype": "", "first_seen_utc": "2026-01-08T21:30:01Z", "last_seen_utc": "2026-01-14T15:59:21Z", "destination": "DEBRV", "eta": "{'Day': 13, 'Hour': 23, 'Minute': 0, 'Month': 1}", "display": "", "links": "<a href=\"https://www.vesselfinder.com/vessels?name=9961283\" target=\"_blank\" rel=\"noopener\">VesselFinder</a> | <a href=\"https://www.marinetraffic.com/en/ais/search/all?keyword=9961283\" target=\"_blank\" rel=\"noopener\">MarineTraffic</a>", "vf_url": "https://www.vesselfinder.com/vessels?name=9961283", "mst_url": "https://www.marinetraffic.com/en/ais/search/all?keyword=9961283", "method": "v3_2pass_track3d_fromru10d", "ru_seen_in_lookback": true, "in_monitor_on_day": true}}, {"type": "Feature", "geometry": {"type": "Point", "coordinates": [8.544673333333332, 53.56843666666667]}, "properties": {"label": "CMA CGM MERMAID", "mmsi": "256708000", "imo": "9961283", "name": "CMA CGM MERMAID", "shiptype": "", "first_seen_utc": "2026-01-08T21:30:01Z", "last_seen_utc": "2026-01-14T15:59:21Z", "destination": "DEBRV", "eta": "{'Day': 13, 'Hour': 23, 'Minute': 0, 'Month': 1}", "display": "CMA CGM MERMAID (256708000)", "links": "<a href=\"https://www.vesselfinder.com/vessels?name=9961283\" target=\"_blank\" rel=\"noopener\">VesselFinder</a> | <a href=\"https://www.marinetraffic.com/en/ais/search/all?keyword=9961283\" target=\"_blank\" rel=\"noopener\">MarineTraffic</a>", "vf_url": "https://www.vesselfinder.com/vessels?name=9961283", "mst_url": "https://www.marinetraffic.com/en/ais/search/all?keyword=9961283", "method": "v3_2pass_track3d_fromru10d", "ru_seen_in_lookback": true, "in_monitor_on_day": true}}, {"type": "Feature", "geometry": {"type": "LineString", "coordinates": [[10.09562, 57.842009999999995], [9.881849999999998, 57.842198333333336], [9.688788333333333, 57.83631333333334], [9.493293333333334, 57.83043333333333], [9.296898333333333, 57.82327166666666], [9.096606666666666, 57.81515], [8.898018333333333, 57.80753833333333], [8.70702, 57.798445], [8.512886666666667, 57.795881666666666], [8.314496666666667, 57.793099999999995], [8.108796666666667, 57.78719], [7.906733333333333, 57.786605], [7.697585, 57.78639833333333], [7.487665000000001, 57.793506666666666], [7.272218333333333, 57.79937666666667], [7.040674999999999, 57.80566666666667], [6.799181666666667, 57.81153], [6.584555, 57.84470666666667], [6.427053333333333, 57.91522], [6.261175, 57.99067], [6.094078333333333, 58.06124166666667], [5.9236233333333335, 58.13149666666666], [5.747598333333333, 58.21103333333333], [5.58121, 58.296825], [5.40819, 58.36901833333333], [5.25062, 58.448096666666665], [5.109758333333334, 58.53162666666666], [4.978171666666666, 58.60733166666667], [4.84715, 58.688005], [4.713661666666667, 58.757751666666664], [4.573323333333334, 58.82385333333333], [4.442428333333334, 58.89937666666666], [4.31655, 58.97502], [4.2230083333333335, 59.05495666666666], [4.221028333333333, 59.162326666666665], [4.219525, 59.27112666666667], [4.21532, 59.37803833333333], [4.218355, 59.486885], [4.2168866666666664, 59.594725000000004], [4.21518, 59.70225666666667], [4.215756666666667, 59.805438333333335], [4.214485, 59.906060000000004], [4.209988333333333, 60.00496666666666], [4.201821666666667, 60.10693666666667], [4.2015633333333335, 60.20891833333334], [4.203078333333333, 60.31081833333334], [4.209275, 60.41516333333333], [4.213268333333334, 60.51852333333333], [4.208176666666667, 60.61655], [4.200823333333333, 60.718489999999996], [4.208265, 60.81964166666667], [4.20405, 60.92737833333333], [4.2031616666666665, 61.03632666666667], [4.20386, 61.14415333333333], [4.1991933333333336, 61.24760333333334], [4.205778333333333, 61.35511333333333], [4.199236666666667, 61.46073], [4.1937983333333335, 61.56436833333333], [4.202758333333334, 61.673478333333335], [4.19843, 61.782066666666665], [4.196616666666666, 61.88851833333333]]}, "properties": {"label": "ALTO", "mmsi": "304616000", "imo": "9277333", "name": "ALTO", "shiptype": "", "first_seen_utc": "2026-01-08T21:47:51Z", "last_seen_utc": "2026-01-14T15:45:20Z", "destination": "RUMMK", "eta": "{'Day': 18, 'Hour': 8, 'Minute': 0, 'Month': 1}", "display": "", "links": "<a href=\"https://www.vesselfinder.com/vessels?name=9277333\" target=\"_blank\" rel=\"noopener\">VesselFinder</a> | <a href=\"https://www.marinetraffic.com/en/ais/search/all?keyword=9277333\" target=\"_blank\" rel=\"noopener\">MarineTraffic</a>", "vf_url": "https://www.vesselfinder.com/vessels?name=9277333", "mst_url": "https://www.marinetraffic.com/en/ais/search/all?keyword=9277333", "method": "v3_2pass_track3d_fromru10d", "ru_seen_in_lookback": true, "in_monitor_on_day": true}}, {"type": "Feature", "geometry": {"type": "Point", "coordinates": [4.196616666666666, 61.88851833333333]}, "properties": {"label": "ALTO", "mmsi": "304616000", "imo": "9277333", "name": "ALTO", "shiptype": "", "first_seen_utc": "2026-01-08T21:47:51Z", "last_seen_utc": "2026-01-14T15:45:20Z", "destination": "RUMMK", "eta": "{'Day': 18, 'Hour': 8, 'Minute': 0, 'Month': 1}", "display": "ALTO (304616000)", "links": "<a href=\"https://www.vesselfinder.com/vessels?name=9277333\" target=\"_blank\" rel=\"noopener\">VesselFinder</a> | <a href=\"https://www.marinetraffic.com/en/ais/search/all?keyword=9277333\" target=\"_blank\" rel=\"noopener\">MarineTraffic</a>", "vf_url": "https://www.vesselfinder.com/vessels?name=9277333", "mst_url": "https://www.marinetraffic.com/en/ais/search/all?keyword=9277333", "method": "v3_2pass_track3d_fromru10d", "ru_seen_in_lookback": true, "in_monitor_on_day": true}}, {"type": "Feature", "geometry": {"type": "LineString", "coordinates": [[15.691518333333333, 55.70005333333334], [15.443076666666666, 55.664701666666666], [15.261453333333332, 55.642500000000005], [15.09242, 55.59458166666666], [14.936606666666668, 55.543308333333336], [14.772976666666667, 55.494015], [14.614405, 55.444525], [12.263433333333333, 54.59737500000001], [12.216663333333335, 54.50695833333334], [12.101821666666666, 54.44546166666667], [11.925388333333332, 54.44744166666667], [11.743815000000001, 54.459471666666666], [11.571845, 54.498625], [11.406345, 54.54054333333333], [11.229073333333334, 54.58684166666667], [11.034933333333333, 54.60209666666666], [10.871251666666666, 54.65275333333333], [10.785961666666667, 54.74180166666667], [10.839228333333333, 54.84558666666667], [10.880245, 54.93136666666667], [10.986545, 55.006523333333334], [10.99031, 55.11024333333333], [11.07655, 55.19057333333333], [11.065268333333334, 55.28080833333333], [10.85478, 55.54183833333333], [10.788231666666666, 55.6417], [10.810576666666666, 55.74674], [10.853585, 55.84805166666667], [10.488436666666667, 57.85782666666667], [10.238563333333333, 57.85618], [10.023176666666666, 57.85561499999999], [9.844573333333333, 57.84277833333333], [9.679061666666666, 57.804375], [9.511831666666666, 57.76387], [9.356078333333333, 57.71579666666666], [9.207533333333334, 57.67738166666666], [9.051736666666667, 57.641153333333335], [8.898413333333334, 57.60427833333333]]}, "properties": {"label": "SKYLIGHT", "mmsi": "538010642", "imo": "9396737", "name": "SKYLIGHT", "shiptype": "", "first_seen_utc": "2026-01-09T09:16:37Z", "last_seen_utc": "2026-01-14T15:45:17Z", "destination": "FOR ORDER", "eta": "{'Day': 17, 'Hour': 9, 'Minute': 0, 'Month': 1}", "display": "", "links": "<a href=\"https://www.vesselfinder.com/vessels?name=9396737\" target=\"_blank\" rel=\"noopener\">VesselFinder</a> | <a href=\"https://www.marinetraffic.com/en/ais/search/all?keyword=9396737\" target=\"_blank\" rel=\"noopener\">MarineTraffic</a>", "vf_url": "https://www.vesselfinder.com/vessels?name=9396737", "mst_url": "https://www.marinetraffic.com/en/ais/search/all?keyword=9396737", "method": "v3_2pass_track3d_fromru10d", "ru_seen_in_lookback": true, "in_monitor_on_day": true}}, {"type": "Feature", "geometry": {"type": "Point", "coordinates": [8.898413333333334, 57.60427833333333]}, "properties": {"label": "SKYLIGHT", "mmsi": "538010642", "imo": "9396737", "name": "SKYLIGHT", "shiptype": "", "first_seen_utc": "2026-01-09T09:16:37Z", "last_seen_utc": "2026-01-14T15:45:17Z", "destination": "FOR ORDER", "eta": "{'Day': 17, 'Hour': 9, 'Minute': 0, 'Month': 1}", "display": "SKYLIGHT (538010642)", "links": "<a href=\"https://www.vesselfinder.com/vessels?name=9396737\" target=\"_blank\" rel=\"noopener\">VesselFinder</a> | <a href=\"https://www.marinetraffic.com/en/ais/search/all?keyword=9396737\" target=\"_blank\" rel=\"noopener\">MarineTraffic</a>", "vf_url": "https://www.vesselfinder.com/vessels?name=9396737", "mst_url": "https://www.marinetraffic.com/en/ais/search/all?keyword=9396737", "method": "v3_2pass_track3d_fromru10d", "ru_seen_in_lookback": true, "in_monitor_on_day": true}}, {"type": "Feature", "geometry": {"type": "LineString", "coordinates": [[4.225475, 53.087196666666664], [4.0578883333333335, 52.99308166666666], [3.332241666666667, 51.97251666666667], [3.2856650000000003, 51.846875], [3.241496666666667, 51.73615333333333], [3.3540383333333335, 51.62321833333333], [3.454086666666667, 51.50716666666666], [3.585665, 51.433945], [3.7338250000000004, 51.37304666666667], [3.95099, 51.387605], [4.05057, 51.37662833333333], [4.21967, 51.36819833333333], [4.269056666666667, 51.30037166666667], [4.247648333333333, 51.27897166666666], [4.247651666666667, 51.278969999999994], [4.21871, 51.278475], [4.218653333333333, 51.27849833333333], [4.218656666666667, 51.278495], [4.218655, 51.27849833333333], [4.218651666666667, 51.27849833333333], [4.218653333333333, 51.27850166666666], [4.218656666666667, 51.2785], [4.21866, 51.27850166666666], [4.2459766666666665, 51.27740333333334], [4.247071666666667, 51.278355000000005], [4.272343333333334, 51.30858166666667], [4.196083333333333, 51.39783333333333], [4.034326666666667, 51.40532833333334], [3.916333333333333, 51.368336666666664], [3.7121666666666666, 51.39510166666666], [3.5743416666666668, 51.43219166666667], [3.346675, 51.40842333333333], [3.111523333333333, 51.401575], [2.8893433333333336, 51.37984666666667], [2.7024683333333335, 51.37478], [2.5834566666666663, 51.38047666666667], [2.4613316666666667, 51.375115], [2.3429383333333336, 51.35449833333333], [2.1942049999999997, 51.370160000000006], [2.07578, 51.396899999999995], [1.9243916666666665, 51.40638166666667], [1.7787149999999998, 51.40663], [1.6472766666666667, 51.39249333333333], [1.5271816666666667, 51.411748333333335], [1.3370716666666667, 51.477185], [1.093115, 51.49423], [0.8741783333333333, 51.478296666666665], [0.7421266666666667, 51.448475], [0.74253, 51.44186666666667], [0.7425266666666667, 51.44186166666667], [0.74253, 51.44186], [0.7425316666666667, 51.44186], [0.74253, 51.44186], [0.7425316666666667, 51.441855000000004], [0.74253, 51.44186333333334], [0.7425266666666667, 51.44186166666667], [0.74253, 51.44186], [0.7425333333333334, 51.44186333333334], [0.7425333333333334, 51.441853333333334], [0.7425316666666667, 51.44186166666667], [0.74253, 51.44186333333334], [0.7425333333333334, 51.44186], [0.7425333333333334, 51.441856666666666], [0.74253, 51.44186166666667], [0.7425316666666667, 51.44186166666667], [0.7425366666666666, 51.44186166666667], [0.74254, 51.44186333333334], [0.7425366666666666, 51.44186333333334], [0.7409199999999999, 51.448184999999995], [0.9371483333333334, 51.479254999999995], [1.134005, 51.489718333333336], [1.3371466666666667, 51.47504333333333], [1.4929466666666669, 51.42665], [1.5825133333333334, 51.398555], [1.6932066666666665, 51.39622], [1.8000183333333333, 51.409106666666666], [1.9098666666666666, 51.38738166666667], [2.0149683333333335, 51.365575], [2.1140383333333332, 51.33639], [2.2115283333333333, 51.30902833333334], [2.319455, 51.323055], [2.438301666666667, 51.34937], [2.543356666666667, 51.36101333333333], [2.6583400000000004, 51.358421666666665], [2.832625, 51.363438333333335], [3.0230233333333336, 51.400821666666666], [3.186741666666667, 51.365921666666665], [3.1767616666666667, 51.35456166666667], [3.176625, 51.35449166666667], [3.1766183333333333, 51.35449666666667], [3.1766133333333335, 51.35449833333333], [3.176615, 51.35449833333333], [3.1766133333333335, 51.3545], [3.176616666666667, 51.35449833333333], [3.176615, 51.35449166666667], [3.1766183333333333, 51.35449666666667], [3.176623333333333, 51.35449166666667], [3.1766183333333333, 51.354490000000006], [3.1766183333333333, 51.35449166666667], [3.1766216666666667, 51.35449666666667], [3.1766183333333333, 51.35449333333334], [3.1766183333333333, 51.35449166666667], [3.177516666666667, 51.353845], [3.1775083333333334, 51.35384333333333], [3.1775049999999996, 51.35384166666667], [3.1775033333333336, 51.35384666666666], [3.1775066666666665, 51.353836666666666], [3.1775033333333336, 51.353838333333336], [3.1775, 51.35384]]}, "properties": {"label": "FINNECO III", "mmsi": "230700000", "imo": "9856854", "name": "FINNECO III", "shiptype": "", "first_seen_utc": "2026-01-09T12:25:38Z", "last_seen_utc": "2026-01-14T16:06:42Z", "destination": "BILBAO", "eta": "{'Day': 16, 'Hour': 13, 'Minute': 0, 'Month': 1}", "display": "", "links": "<a href=\"https://www.vesselfinder.com/vessels?name=9856854\" target=\"_blank\" rel=\"noopener\">VesselFinder</a> | <a href=\"https://www.marinetraffic.com/en/ais/search/all?keyword=9856854\" target=\"_blank\" rel=\"noopener\">MarineTraffic</a>", "vf_url": "https://www.vesselfinder.com/vessels?name=9856854", "mst_url": "https://www.marinetraffic.com/en/ais/search/all?keyword=9856854", "method": "v3_2pass_track3d_fromru10d", "ru_seen_in_lookback": true, "in_monitor_on_day": true}}, {"type": "Feature", "geometry": {"type": "Point", "coordinates": [3.1775, 51.35384]}, "properties": {"label": "FINNECO III", "mmsi": "230700000", "imo": "9856854", "name": "FINNECO III", "shiptype": "", "first_seen_utc": "2026-01-09T12:25:38Z", "last_seen_utc": "2026-01-14T16:06:42Z", "destination": "BILBAO", "eta": "{'Day': 16, 'Hour': 13, 'Minute': 0, 'Month': 1}", "display": "FINNECO III (230700000)", "links": "<a href=\"https://www.vesselfinder.com/vessels?name=9856854\" target=\"_blank\" rel=\"noopener\">VesselFinder</a> | <a href=\"https://www.marinetraffic.com/en/ais/search/all?keyword=9856854\" target=\"_blank\" rel=\"noopener\">MarineTraffic</a>", "vf_url": "https://www.vesselfinder.com/vessels?name=9856854", "mst_url": "https://www.marinetraffic.com/en/ais/search/all?keyword=9856854", "method": "v3_2pass_track3d_fromru10d", "ru_seen_in_lookback": true, "in_monitor_on_day": true}}, {"type": "Feature", "geometry": {"type": "LineString", "coordinates": [[18.506953333333335, 54.54550833333334], [18.506986666666666, 54.545503333333336], [18.50698, 54.54551], [18.506933333333333, 54.545501666666674], [18.50697166666667, 54.545503333333336], [18.506948333333334, 54.54549166666666], [18.506944999999998, 54.54549166666666], [18.506905, 54.545503333333336], [18.506958333333333, 54.54548], [18.506956666666667, 54.54548833333333], [18.506936666666665, 54.5455], [18.506888333333332, 54.54551], [18.506964999999997, 54.5455], [18.506951666666666, 54.54549333333333], [18.506893333333334, 54.545521666666666], [18.506946666666668, 54.54551666666667], [18.506901666666668, 54.54551333333333], [18.506906666666666, 54.54549166666666], [18.506898333333332, 54.545546666666674], [18.506923333333337, 54.54553166666667], [18.506888333333332, 54.545550000000006], [18.506936666666665, 54.54550666666667], [18.50691833333333, 54.5455], [18.506935, 54.54549166666666], [18.506888333333332, 54.545473333333334], [18.506968333333337, 54.545525], [18.506911666666667, 54.545496666666665], [18.506966666666663, 54.545485], [18.506843333333332, 54.54546166666667], [18.506943333333332, 54.545485], [18.506913333333333, 54.5455], [18.506936666666665, 54.545523333333335], [18.50692666666667, 54.54551333333333], [18.50696, 54.545505000000006], [18.506911666666667, 54.545501666666674], [18.506916666666665, 54.545494999999995], [18.506815, 54.54551666666667], [18.506911666666667, 54.54549833333333], [18.506911666666667, 54.545458333333336], [18.506895, 54.54549333333333], [18.506944999999998, 54.54557333333333], [18.506908333333335, 54.54546666666667], [18.506916666666665, 54.545501666666674], [18.506941666666666, 54.54553333333333], [18.50683666666667, 54.54546833333333], [18.506916666666665, 54.54553166666667], [18.506935, 54.54550666666667], [18.506961666666665, 54.54549166666666], [18.506936666666665, 54.54551666666667], [18.506944999999998, 54.54551], [18.506944999999998, 54.545515], [18.506931666666667, 54.54548833333333], [18.506995, 54.54548833333333], [18.506948333333334, 54.54549333333333], [18.506961666666665, 54.54549333333333], [18.506951666666666, 54.54548666666667], [18.506944999999998, 54.545475], [18.506955, 54.54548166666667], [18.506946666666668, 54.54549166666666], [18.506708333333332, 54.54523666666667], [18.537376666666667, 54.53316333333333], [18.536148333333333, 54.53297166666667], [18.536128333333334, 54.532965], [18.536186666666666, 54.53294666666667], [18.536148333333333, 54.532979999999995], [18.536170000000002, 54.532961666666665], [18.53612, 54.53299666666667], [18.536161666666665, 54.532981666666664], [18.536128333333334, 54.53295333333333], [18.536131666666666, 54.53297833333333], [18.536146666666664, 54.53295666666667], [18.536146666666664, 54.53296], [18.536166666666666, 54.53295666666667], [18.53616333333333, 54.53295833333333], [18.536150000000003, 54.532934999999995], [18.536123333333332, 54.532985000000004], [18.536111666666667, 54.532961666666665], [18.536123333333332, 54.53297666666666], [18.53611833333333, 54.53295333333333], [18.536173333333334, 54.53293833333333], [18.536115, 54.53299833333333], [18.536108333333335, 54.53294], [18.536103333333333, 54.532965], [18.536178333333332, 54.53298333333333], [18.536126666666668, 54.53295], [18.53611, 54.53296], [18.536155, 54.532981666666664], [18.536168333333332, 54.532975], [18.536203333333333, 54.532990000000005], [18.536158333333333, 54.53296666666667], [18.536144999999998, 54.53296833333333], [18.536138333333334, 54.532963333333335], [18.536153333333335, 54.532900000000005], [18.536175, 54.532975], [18.536173333333334, 54.53294166666667], [18.53615166666667, 54.53296833333333], [18.536126666666668, 54.53294833333334], [18.536170000000002, 54.53296833333333], [18.536193333333333, 54.53292666666667], [18.536176666666666, 54.53297166666667], [18.536186666666666, 54.532963333333335], [18.536171666666668, 54.532965], [18.536146666666664, 54.53294833333334], [18.536135, 54.532963333333335], [18.536138333333334, 54.533005], [18.536144999999998, 54.53299166666667], [18.53616, 54.53297833333333], [18.53614333333333, 54.53297666666666], [18.536173333333334, 54.53296], [18.536175, 54.532985000000004], [18.536173333333334, 54.53299666666667], [18.536171666666668, 54.532963333333335], [18.536136666666668, 54.532965], [18.536176666666666, 54.53297166666667], [18.536170000000002, 54.53300333333333], [18.536141666666666, 54.53295833333333], [18.536133333333332, 54.532934999999995], [18.536099999999998, 54.532955], [18.536131666666666, 54.53295], [18.536099999999998, 54.532965], [18.536136666666668, 54.53295166666667], [18.536131666666666, 54.53297]]}, "properties": {"label": "YAMAN", "mmsi": "572882220", "imo": "9504944", "name": "YAMAN", "shiptype": "", "first_seen_utc": "2026-01-10T02:56:38Z", "last_seen_utc": "2026-01-14T16:10:03Z", "destination": "GDYNIA", "eta": "{'Day': 10, 'Hour': 2, 'Minute': 0, 'Month': 1}", "display": "", "links": "<a href=\"https://www.vesselfinder.com/vessels?name=9504944\" target=\"_blank\" rel=\"noopener\">VesselFinder</a> | <a href=\"https://www.marinetraffic.com/en/ais/search/all?keyword=9504944\" target=\"_blank\" rel=\"noopener\">MarineTraffic</a>", "vf_url": "https://www.vesselfinder.com/vessels?name=9504944", "mst_url": "https://www.marinetraffic.com/en/ais/search/all?keyword=9504944", "method": "v3_2pass_track3d_fromru10d", "ru_seen_in_lookback": true, "in_monitor_on_day": true}}, {"type": "Feature", "geometry": {"type": "Point", "coordinates": [18.536131666666666, 54.53297]}, "properties": {"label": "YAMAN", "mmsi": "572882220", "imo": "9504944", "name": "YAMAN", "shiptype": "", "first_seen_utc": "2026-01-10T02:56:38Z", "last_seen_utc": "2026-01-14T16:10:03Z", "destination": "GDYNIA", "eta": "{'Day': 10, 'Hour': 2, 'Minute': 0, 'Month': 1}", "display": "YAMAN (572882220)", "links": "<a href=\"https://www.vesselfinder.com/vessels?name=9504944\" target=\"_blank\" rel=\"noopener\">VesselFinder</a> | <a href=\"https://www.marinetraffic.com/en/ais/search/all?keyword=9504944\" target=\"_blank\" rel=\"noopener\">MarineTraffic</a>", "vf_url": "https://www.vesselfinder.com/vessels?name=9504944", "mst_url": "https://www.marinetraffic.com/en/ais/search/all?keyword=9504944", "method": "v3_2pass_track3d_fromru10d", "ru_seen_in_lookback": true, "in_monitor_on_day": true}}, {"type": "Feature", "geometry": {"type": "LineString", "coordinates": [[28.727266666666665, 60.30802333333334], [28.79838, 60.247859999999996], [15.684283333333333, 55.699713333333335], [15.457410000000001, 55.66997666666667], [15.264473333333333, 55.64164666666667], [15.108135, 55.601115], [14.958581666666667, 55.556670000000004], [14.809271666666666, 55.512565], [14.669026666666667, 55.46520833333333], [14.544673333333332, 55.40575833333333], [14.447438333333334, 55.33380833333333], [14.219905, 55.163423333333334], [12.372605, 54.657421666666664], [12.272658333333334, 54.59834], [12.220515, 54.516328333333334]]}, "properties": {"label": "METRO LIVAS", "mmsi": "241969000", "imo": "1017050", "name": "METRO LIVAS", "shiptype": "", "first_seen_utc": "2026-01-10T06:37:38Z", "last_seen_utc": "2026-01-14T15:59:55Z", "destination": "LAS PALMAS", "eta": "{'Day': 10, 'Hour': 5, 'Minute': 0, 'Month': 1}", "display": "", "links": "<a href=\"https://www.vesselfinder.com/vessels?name=1017050\" target=\"_blank\" rel=\"noopener\">VesselFinder</a> | <a href=\"https://www.marinetraffic.com/en/ais/search/all?keyword=1017050\" target=\"_blank\" rel=\"noopener\">MarineTraffic</a>", "vf_url": "https://www.vesselfinder.com/vessels?name=1017050", "mst_url": "https://www.marinetraffic.com/en/ais/search/all?keyword=1017050", "method": "v3_2pass_track3d_fromru10d", "ru_seen_in_lookback": true, "in_monitor_on_day": true}}, {"type": "Feature", "geometry": {"type": "Point", "coordinates": [12.220515, 54.516328333333334]}, "properties": {"label": "METRO LIVAS", "mmsi": "241969000", "imo": "1017050", "name": "METRO LIVAS", "shiptype": "", "first_seen_utc": "2026-01-10T06:37:38Z", "last_seen_utc": "2026-01-14T15:59:55Z", "destination": "LAS PALMAS", "eta": "{'Day': 10, 'Hour': 5, 'Minute': 0, 'Month': 1}", "display": "METRO LIVAS (241969000)", "links": "<a href=\"https://www.vesselfinder.com/vessels?name=1017050\" target=\"_blank\" rel=\"noopener\">VesselFinder</a> | <a href=\"https://www.marinetraffic.com/en/ais/search/all?keyword=1017050\" target=\"_blank\" rel=\"noopener\">MarineTraffic</a>", "vf_url": "https://www.vesselfinder.com/vessels?name=1017050", "mst_url": "https://www.marinetraffic.com/en/ais/search/all?keyword=1017050", "method": "v3_2pass_track3d_fromru10d", "ru_seen_in_lookback": true, "in_monitor_on_day": true}}, {"type": "Feature", "geometry": {"type": "LineString", "coordinates": [[19.006843333333332, 54.57900666666667], [19.010188333333335, 54.569608333333335], [19.00263, 54.596595], [19.002116666666666, 54.63701833333334], [18.988515, 54.66276333333334], [18.997091666666666, 54.65642833333333], [19.00482333333333, 54.650994999999995], [19.017666666666667, 54.64618666666667], [19.03078, 54.641510000000004], [19.046425, 54.63706833333333], [18.984645, 54.637344999999996], [18.987295, 54.633471666666665], [19.000958333333333, 54.62963166666667], [19.011689999999998, 54.62627833333333], [19.021818333333332, 54.622915], [19.03948, 54.62045833333333], [19.038711666666664, 54.62242833333333], [18.91383, 54.62245], [18.827238333333334, 54.55802666666667], [18.740221666666667, 54.49973833333333], [18.690818333333333, 54.466748333333335], [18.69021, 54.46333166666667], [18.689841666666666, 54.46313333333333], [18.690033333333336, 54.463231666666665], [18.69042166666667, 54.463528333333336], [18.690556666666666, 54.46360333333334], [18.690845000000003, 54.46395833333334], [18.69079, 54.46386], [18.69044166666667, 54.46356333333333], [18.690878333333334, 54.463985], [18.690916666666666, 54.464124999999996], [18.690884999999998, 54.46438166666667], [18.690976666666664, 54.464553333333335], [18.690808333333333, 54.464465000000004], [18.690536666666667, 54.464913333333335], [18.690504999999998, 54.46487833333333], [18.687945, 54.46564166666667], [18.687133333333335, 54.46545833333333], [18.687043333333335, 54.465415], [18.687661666666667, 54.46562166666667], [18.687593333333332, 54.46559833333333], [18.688376666666667, 54.46572833333333], [18.688213333333334, 54.46574833333333], [18.688733333333335, 54.46579333333333], [18.688313333333333, 54.46579166666667], [18.688423333333333, 54.465803333333334], [18.688231666666663, 54.465781666666665], [18.688406666666666, 54.46584], [18.68847333333333, 54.46581833333333], [18.688454999999998, 54.465831666666666], [18.688438333333334, 54.46581333333334], [18.687971666666666, 54.465775], [18.68783, 54.465741666666666], [18.687491666666666, 54.46568666666667], [18.687523333333335, 54.46570666666666], [18.687661666666667, 54.46580666666667], [18.687388333333335, 54.46579333333333], [18.68743, 54.46588166666667], [18.68800666666667, 54.46597], [18.68761, 54.46588833333333], [18.687698333333334, 54.46591], [18.687615, 54.465900000000005], [18.68805166666667, 54.46595833333333], [18.68818, 54.465961666666665], [18.688523333333332, 54.46597666666666], [18.688075, 54.46597166666666], [18.687981666666666, 54.46602333333333], [18.68844, 54.46605], [18.688128333333335, 54.466051666666665], [18.687843333333333, 54.46601], [18.687725, 54.46598166666667], [18.688019999999998, 54.46601666666666], [18.688061666666666, 54.466033333333336], [18.688016666666666, 54.466033333333336], [18.688103333333334, 54.46606333333333], [18.687345, 54.465925], [18.687863333333333, 54.46604333333333], [18.687498333333334, 54.46596], [18.687298333333334, 54.46593333333333], [18.68694, 54.465875], [18.687079999999998, 54.46601666666666], [18.68701666666667, 54.46601666666666], [18.687503333333332, 54.466175], [18.687743333333334, 54.46622333333333], [18.687433333333335, 54.466235], [18.68697166666667, 54.46617833333333], [18.68725, 54.466298333333334], [18.6871, 54.46635166666667], [18.687375, 54.466406666666664], [18.687058333333333, 54.466408333333334], [18.686953333333335, 54.46642166666666], [18.68700833333333, 54.46643666666667], [18.686968333333333, 54.46642], [18.686890000000002, 54.466456666666666], [18.686901666666664, 54.46649166666667], [18.68701, 54.466523333333335], [18.686953333333335, 54.46655833333333], [18.686865, 54.46655166666667], [18.687003333333333, 54.466625], [18.686716666666666, 54.46661166666667], [18.686860000000003, 54.46666666666667], [18.686791666666668, 54.466658333333335], [18.686946666666664, 54.466685], [18.686401666666665, 54.466651666666664], [18.686748333333334, 54.466728333333336], [18.686519999999998, 54.46668666666667], [18.686283333333332, 54.467018333333336], [18.686283333333332, 54.466985], [18.686539999999997, 54.467054999999995], [18.686235, 54.46699666666667], [18.686416666666666, 54.467009999999995], [18.685943333333334, 54.466945], [18.68653, 54.467063333333336], [18.686276666666668, 54.467011666666664], [18.68614, 54.46699], [18.68615833333333, 54.466973333333335], [18.686108333333333, 54.46693333333334], [18.686328333333332, 54.46704166666667], [18.686581666666665, 54.46706166666667], [18.68687, 54.467075], [18.68694, 54.467095], [18.686711666666667, 54.46705833333333], [18.686828333333334, 54.46707166666667]]}, "properties": {"label": "FRIO STAR", "mmsi": "354962000", "imo": "9172947", "name": "FRIO STAR", "shiptype": "", "first_seen_utc": "2026-01-11T13:32:31Z", "last_seen_utc": "2026-01-14T15:51:13Z", "destination": "PLGDN", "eta": "{'Day': 11, 'Hour': 16, 'Minute': 0, 'Month': 0}", "display": "", "links": "<a href=\"https://www.vesselfinder.com/vessels?name=9172947\" target=\"_blank\" rel=\"noopener\">VesselFinder</a> | <a href=\"https://www.marinetraffic.com/en/ais/search/all?keyword=9172947\" target=\"_blank\" rel=\"noopener\">MarineTraffic</a>", "vf_url": "https://www.vesselfinder.com/vessels?name=9172947", "mst_url": "https://www.marinetraffic.com/en/ais/search/all?keyword=9172947", "method": "v3_2pass_track3d_fromru10d", "ru_seen_in_lookback": true, "in_monitor_on_day": true}}, {"type": "Feature", "geometry": {"type": "Point", "coordinates": [18.686828333333334, 54.46707166666667]}, "properties": {"label": "FRIO STAR", "mmsi": "354962000", "imo": "9172947", "name": "FRIO STAR", "shiptype": "", "first_seen_utc": "2026-01-11T13:32:31Z", "last_seen_utc": "2026-01-14T15:51:13Z", "destination": "PLGDN", "eta": "{'Day': 11, 'Hour': 16, 'Minute': 0, 'Month': 0}", "display": "FRIO STAR (354962000)", "links": "<a href=\"https://www.vesselfinder.com/vessels?name=9172947\" target=\"_blank\" rel=\"noopener\">VesselFinder</a> | <a href=\"https://www.marinetraffic.com/en/ais/search/all?keyword=9172947\" target=\"_blank\" rel=\"noopener\">MarineTraffic</a>", "vf_url": "https://www.vesselfinder.com/vessels?name=9172947", "mst_url": "https://www.marinetraffic.com/en/ais/search/all?keyword=9172947", "method": "v3_2pass_track3d_fromru10d", "ru_seen_in_lookback": true, "in_monitor_on_day": true}}, {"type": "Feature", "geometry": {"type": "LineString", "coordinates": [[19.02206, 54.93384833333334], [19.00578833333333, 54.855985000000004], [18.990726666666667, 54.782990000000005], [18.966211666666666, 54.715385], [18.930335, 54.65281], [18.894795, 54.60985], [18.84906, 54.57153666666667], [18.794558333333335, 54.53754166666667], [18.746246666666664, 54.50230833333333], [18.697364999999998, 54.467378333333336], [18.65990833333333, 54.41135333333333], [18.662863333333334, 54.374541666666666], [18.663748333333334, 54.36465666666666], [18.663796666666666, 54.36465666666666], [18.663765, 54.36463833333333], [18.663838333333334, 54.364664999999995], [18.66374666666667, 54.364635], [18.66376166666667, 54.36461166666666], [18.66376, 54.364635], [18.66375833333333, 54.364626666666666], [18.663735, 54.364630000000005], [18.663815, 54.364623333333334], [18.66375833333333, 54.364623333333334], [18.663731666666667, 54.364628333333336], [18.663755, 54.364619999999995], [18.663776666666667, 54.36465666666666], [18.663785, 54.364668333333334], [18.66374, 54.364626666666666], [18.663776666666667, 54.36461], [18.663768333333334, 54.36463833333333], [18.663808333333336, 54.364619999999995], [18.66377333333333, 54.364628333333336], [18.66374, 54.36461166666666], [18.66377333333333, 54.36463833333333], [18.66376166666667, 54.36463166666667], [18.66375833333333, 54.364641666666664], [18.66379, 54.36463666666667], [18.663805, 54.364623333333334], [18.6638, 54.364625000000004], [18.66377333333333, 54.364626666666666], [18.663743333333333, 54.364615], [18.663745, 54.36461833333333], [18.663841666666666, 54.364668333333334], [18.663756666666664, 54.36465166666667], [18.66377333333333, 54.36463833333333], [18.660445, 54.38191166666666], [18.653470000000002, 54.41925166666667], [18.71901, 54.47356833333333], [18.809168333333332, 54.53095], [18.895111666666665, 54.58941166666667], [18.952568333333332, 54.656481666666664], [18.968118333333333, 54.73031833333334], [18.920953333333333, 54.79150333333334], [18.827266666666667, 54.830394999999996], [18.731585, 54.87200333333333], [14.533025, 53.663938333333334], [14.594619999999999, 53.589286666666666], [14.633795, 53.515391666666666], [14.594861666666667, 53.445585], [14.585606666666667, 53.435356666666664], [14.585545, 53.43537], [14.58554, 53.435359999999996], [14.585543333333334, 53.435385], [14.585553333333333, 53.43537666666667], [14.585545, 53.43537], [14.585531666666666, 53.435385], [14.585550000000001, 53.43536166666667], [14.585555, 53.435356666666664], [14.58553, 53.43537166666667], [14.585565, 53.435375], [14.58554, 53.435359999999996], [14.585545, 53.43537833333333], [14.58552, 53.435381666666665], [14.585515, 53.43537333333334], [14.585551666666667, 53.43537333333334], [14.585558333333333, 53.435363333333335], [14.585558333333333, 53.43535333333333]]}, "properties": {"label": "MAXIMAR", "mmsi": "210674000", "imo": "9951862", "name": "MAXIMAR", "shiptype": "", "first_seen_utc": "2026-01-12T00:12:21Z", "last_seen_utc": "2026-01-14T15:59:56Z", "destination": "PLSZZ", "eta": "{'Day': 13, 'Hour': 23, 'Minute': 59, 'Month': 1}", "display": "", "links": "<a href=\"https://www.vesselfinder.com/vessels?name=9951862\" target=\"_blank\" rel=\"noopener\">VesselFinder</a> | <a href=\"https://www.marinetraffic.com/en/ais/search/all?keyword=9951862\" target=\"_blank\" rel=\"noopener\">MarineTraffic</a>", "vf_url": "https://www.vesselfinder.com/vessels?name=9951862", "mst_url": "https://www.marinetraffic.com/en/ais/search/all?keyword=9951862", "method": "v3_2pass_track3d_fromru10d", "ru_seen_in_lookback": true, "in_monitor_on_day": true}}, {"type": "Feature", "geometry": {"type": "Point", "coordinates": [14.585558333333333, 53.43535333333333]}, "properties": {"label": "MAXIMAR", "mmsi": "210674000", "imo": "9951862", "name": "MAXIMAR", "shiptype": "", "first_seen_utc": "2026-01-12T00:12:21Z", "last_seen_utc": "2026-01-14T15:59:56Z", "destination": "PLSZZ", "eta": "{'Day': 13, 'Hour': 23, 'Minute': 59, 'Month': 1}", "display": "MAXIMAR (210674000)", "links": "<a href=\"https://www.vesselfinder.com/vessels?name=9951862\" target=\"_blank\" rel=\"noopener\">VesselFinder</a> | <a href=\"https://www.marinetraffic.com/en/ais/search/all?keyword=9951862\" target=\"_blank\" rel=\"noopener\">MarineTraffic</a>", "vf_url": "https://www.vesselfinder.com/vessels?name=9951862", "mst_url": "https://www.marinetraffic.com/en/ais/search/all?keyword=9951862", "method": "v3_2pass_track3d_fromru10d", "ru_seen_in_lookback": true, "in_monitor_on_day": true}}, {"type": "Feature", "geometry": {"type": "LineString", "coordinates": [[18.758960000000002, 54.569675], [18.691488333333332, 54.497143333333334], [18.627761666666668, 54.505694999999996], [18.686845, 54.50322833333333], [18.68965166666667, 54.495329999999996], [18.70259, 54.49354833333334], [18.64781, 54.50227666666667], [18.657191666666666, 54.50718666666667], [18.662993333333336, 54.501268333333336], [18.662636666666668, 54.507798333333334], [18.643946666666668, 54.520966666666666], [18.65020666666667, 54.50609], [18.64248, 54.506600000000006], [18.642454999999998, 54.506636666666665], [18.642471666666665, 54.50674333333333], [18.642521666666667, 54.506615000000004], [18.642528333333335, 54.50655833333334], [18.642521666666667, 54.50654], [18.64246166666667, 54.50653666666666], [18.642388333333333, 54.50665166666667], [18.64199166666667, 54.50686333333333], [18.628741666666667, 54.514395], [18.61904666666667, 54.51206166666667], [18.594415, 54.510416666666664], [18.58747333333333, 54.510421666666666], [18.587221666666668, 54.51043833333333], [18.587358333333334, 54.51044666666667], [18.587553333333336, 54.510414999999995], [18.587378333333334, 54.510435], [18.58756, 54.51045833333333], [18.58716666666667, 54.51049], [18.587245, 54.51049166666667], [18.587218333333333, 54.510455], [18.587476666666664, 54.510463333333334], [18.587231666666664, 54.51047166666667], [18.586986666666668, 54.510470000000005], [18.586748333333333, 54.51041166666666], [18.586725, 54.51034], [18.587026666666667, 54.510464999999996], [18.586956666666666, 54.51042666666667], [18.586968333333335, 54.510508333333334], [18.58693333333333, 54.51049833333333], [18.587318333333332, 54.510470000000005], [18.587088333333334, 54.51028833333333], [18.619213333333335, 54.51480166666667], [18.627571666666665, 54.522256666666664], [18.662213333333334, 54.558805], [18.565043333333332, 54.53942833333333], [18.568168333333332, 54.539523333333335], [18.592568333333336, 54.504423333333335], [18.605008333333334, 54.507705], [18.620698333333333, 54.511145000000006], [18.753463333333332, 54.477560000000004], [18.906045, 54.46969], [18.99622, 54.42580833333333], [18.996346666666668, 54.39339833333334], [19.045658333333332, 54.376385], [19.002411666666667, 54.35714666666667], [19.022151666666666, 54.36967666666667], [19.018768333333334, 54.358126666666664], [19.080351666666665, 54.35998], [19.044365000000003, 54.358025], [19.044365000000003, 54.35803833333333], [19.044583333333332, 54.35801666666667], [19.044201666666666, 54.35794833333333], [19.044555, 54.35802666666667], [19.044218333333333, 54.35795333333333]]}, "properties": {"label": "ORP HEWELIUSZ", "mmsi": "261247000", "imo": "", "name": "ORP HEWELIUSZ", "shiptype": "", "first_seen_utc": "2026-01-12T08:31:34Z", "last_seen_utc": "2026-01-14T15:56:36Z", "destination": "", "eta": "{'Day': 0, 'Hour': 24, 'Minute': 60, 'Month': 0}", "display": "", "links": "<a href=\"https://www.vesselfinder.com/vessels?name=261247000\" target=\"_blank\" rel=\"noopener\">VesselFinder</a> | <a href=\"https://www.marinetraffic.com/en/ais/search/all?keyword=261247000\" target=\"_blank\" rel=\"noopener\">MarineTraffic</a>", "vf_url": "https://www.vesselfinder.com/vessels?name=261247000", "mst_url": "https://www.marinetraffic.com/en/ais/search/all?keyword=261247000", "method": "v3_2pass_track3d_fromru10d", "ru_seen_in_lookback": true, "in_monitor_on_day": true}}, {"type": "Feature", "geometry": {"type": "Point", "coordinates": [19.044218333333333, 54.35795333333333]}, "properties": {"label": "ORP HEWELIUSZ", "mmsi": "261247000", "imo": "", "name": "ORP HEWELIUSZ", "shiptype": "", "first_seen_utc": "2026-01-12T08:31:34Z", "last_seen_utc": "2026-01-14T15:56:36Z", "destination": "", "eta": "{'Day': 0, 'Hour': 24, 'Minute': 60, 'Month': 0}", "display": "ORP HEWELIUSZ (261247000)", "links": "<a href=\"https://www.vesselfinder.com/vessels?name=261247000\" target=\"_blank\" rel=\"noopener\">VesselFinder</a> | <a href=\"https://www.marinetraffic.com/en/ais/search/all?keyword=261247000\" target=\"_blank\" rel=\"noopener\">MarineTraffic</a>", "vf_url": "https://www.vesselfinder.com/vessels?name=261247000", "mst_url": "https://www.marinetraffic.com/en/ais/search/all?keyword=261247000", "method": "v3_2pass_track3d_fromru10d", "ru_seen_in_lookback": true, "in_monitor_on_day": true}}, {"type": "Feature", "geometry": {"type": "LineString", "coordinates": [[19.2282, 54.804635], [19.108755, 54.830333333333336], [18.76091166666667, 54.90331666666667], [18.600945000000003, 54.93325], [12.161174999999998, 54.46859166666666], [12.052633333333334, 54.444136666666665], [11.928771666666668, 54.444089999999996], [11.805645, 54.44354666666666], [11.687785, 54.45408333333333], [11.577805000000001, 54.48439], [11.46022, 54.51656166666667], [11.32821, 54.549665], [11.206568333333333, 54.58676333333334], [11.076993333333332, 54.59888333333333], [10.953345, 54.589886666666665], [10.831418333333334, 54.58557], [10.70913, 54.577891666666666], [10.37403, 54.518411666666665], [10.264228333333334, 54.481300000000005], [10.208361666666667, 54.4127], [10.147991666666666, 54.36513333333333], [10.143755, 54.36571666666667], [10.064221666666667, 54.362275], [10.031225000000001, 54.36089333333334], [9.939916666666667, 54.340905], [9.834531666666667, 54.363910000000004], [9.748308333333334, 54.341098333333335], [9.696503333333334, 54.29663]]}, "properties": {"label": "ROSEBURG", "mmsi": "305184000", "imo": "8817370", "name": "ROSEBURG", "shiptype": "", "first_seen_utc": "2026-01-12T21:59:13Z", "last_seen_utc": "2026-01-14T15:51:04Z", "destination": "BRAKE VIA NOK", "eta": "{'Day': 15, 'Hour': 15, 'Minute': 0, 'Month': 1}", "display": "", "links": "<a href=\"https://www.vesselfinder.com/vessels?name=8817370\" target=\"_blank\" rel=\"noopener\">VesselFinder</a> | <a href=\"https://www.marinetraffic.com/en/ais/search/all?keyword=8817370\" target=\"_blank\" rel=\"noopener\">MarineTraffic</a>", "vf_url": "https://www.vesselfinder.com/vessels?name=8817370", "mst_url": "https://www.marinetraffic.com/en/ais/search/all?keyword=8817370", "method": "v3_2pass_track3d_fromru10d", "ru_seen_in_lookback": true, "in_monitor_on_day": true}}, {"type": "Feature", "geometry": {"type": "Point", "coordinates": [9.696503333333334, 54.29663]}, "properties": {"label": "ROSEBURG", "mmsi": "305184000", "imo": "8817370", "name": "ROSEBURG", "shiptype": "", "first_seen_utc": "2026-01-12T21:59:13Z", "last_seen_utc": "2026-01-14T15:51:04Z", "destination": "BRAKE VIA NOK", "eta": "{'Day': 15, 'Hour': 15, 'Minute': 0, 'Month': 1}", "display": "ROSEBURG (305184000)", "links": "<a href=\"https://www.vesselfinder.com/vessels?name=8817370\" target=\"_blank\" rel=\"noopener\">VesselFinder</a> | <a href=\"https://www.marinetraffic.com/en/ais/search/all?keyword=8817370\" target=\"_blank\" rel=\"noopener\">MarineTraffic</a>", "vf_url": "https://www.vesselfinder.com/vessels?name=8817370", "mst_url": "https://www.marinetraffic.com/en/ais/search/all?keyword=8817370", "method": "v3_2pass_track3d_fromru10d", "ru_seen_in_lookback": true, "in_monitor_on_day": true}}, {"type": "Feature", "geometry": {"type": "Point", "coordinates": [19.011263333333332, 54.53182666666667]}, "properties": {"label": "538009140", "mmsi": "538009140", "imo": "", "name": "", "shiptype": "", "first_seen_utc": "2026-01-14T02:28:51Z", "last_seen_utc": "2026-01-14T02:28:51Z", "destination": "", "eta": "", "display": "538009140 (538009140)", "links": "<a href=\"https://www.vesselfinder.com/vessels?name=538009140\" target=\"_blank\" rel=\"noopener\">VesselFinder</a> | <a href=\"https://www.marinetraffic.com/en/ais/search/all?keyword=538009140\" target=\"_blank\" rel=\"noopener\">MarineTraffic</a>", "vf_url": "https://www.vesselfinder.com/vessels?name=538009140", "mst_url": "https://www.marinetraffic.com/en/ais/search/all?keyword=538009140", "method": "v3_2pass_track3d_fromru10d", "ru_seen_in_lookback": true, "in_monitor_on_day": true}}]}