{"type": "FeatureCollection", "features": [{"type": "Feature", "geometry": {"type": "LineString", "coordinates": [[12.242970000000001, 54.591406666666664], [12.189788333333333, 54.50827666666667], [12.108675, 54.44417333333333], [11.957931666666667, 54.444343333333336], [11.80713, 54.44569333333333], [11.668579999999999, 54.47505], [11.537891666666667, 54.50893666666666], [11.401733333333334, 54.54705333333333], [11.259273333333335, 54.5816], [11.121883333333333, 54.609473333333334], [10.989625, 54.60197], [10.857038333333332, 54.59361], [10.726623333333333, 54.590673333333335], [10.4629, 54.54333333333333], [10.333318333333333, 54.51044], [10.23168, 54.44515], [10.16822, 54.36556666666667], [10.143591666666667, 54.365763333333334], [10.093761666666667, 54.37186666666666], [10.061793333333332, 54.36117333333333], [10.032663333333334, 54.36084], [9.941853333333334, 54.34095], [9.857471666666667, 54.36302], [9.763611666666666, 54.34866666666667], [9.713778333333332, 54.322356666666664], [9.706573333333333, 54.30135], [9.630398333333334, 54.27256], [9.594466666666667, 54.220083333333335], [9.556188333333333, 54.20117333333334], [9.52106, 54.19029], [9.429428333333334, 54.16855333333333], [9.361908333333334, 54.149480000000004], [9.326455000000001, 54.09357], [9.302401666666666, 54.035833333333336], [9.275973333333333, 53.980599999999995], [9.2141, 53.93519666666667], [9.153008333333334, 53.898583333333335], [9.145601666666666, 53.89441], [9.070841666666666, 53.872013333333335], [7.984263333333333, 54.029070000000004], [7.731881666666666, 54.03666333333333], [7.584895, 54.01607333333333], [7.439346666666666, 53.99327], [7.29415, 53.96935333333333], [7.154463333333334, 53.949], [7.019855000000001, 53.93031333333333], [6.88944, 53.91180666666666], [6.760805, 53.89493], [6.639131666666667, 53.87809333333333], [6.51657, 53.86111666666667], [6.390726666666667, 53.844636666666666], [6.25642, 53.82339], [5.361818333333333, 53.694269999999996], [5.173019999999999, 53.61932], [5.019521666666666, 53.57334], [4.860166666666667, 53.53239666666666], [4.7001816666666665, 53.49149666666666], [4.557148333333333, 53.393433333333334], [4.490998333333334, 53.30622666666667], [4.440650000000001, 53.22715], [4.3647, 53.15327], [4.24497, 53.097836666666666], [4.127036666666666, 53.03821666666667]]}, "properties": {"label": "BALTIC SHARK", "mmsi": "304932000", "imo": "9315032", "name": "BALTIC SHARK", "shiptype": "", "first_seen_utc": "2026-01-07T00:00:02Z", "last_seen_utc": "2026-01-16T02:43:35Z", "destination": "NLRTM VIA NOK", "eta": "{'Day': 16, 'Hour': 9, 'Minute': 0, 'Month': 1}", "display": "", "links": "<a href=\"https://www.vesselfinder.com/vessels?name=9315032\" target=\"_blank\" rel=\"noopener\">VesselFinder</a> | <a href=\"https://www.marinetraffic.com/en/ais/search/all?keyword=9315032\" target=\"_blank\" rel=\"noopener\">MarineTraffic</a>", "vf_url": "https://www.vesselfinder.com/vessels?name=9315032", "mst_url": "https://www.marinetraffic.com/en/ais/search/all?keyword=9315032", "method": "v3_2pass_track3d_fromru10d", "ru_seen_in_lookback": true, "in_monitor_on_day": true}}, {"type": "Feature", "geometry": {"type": "Point", "coordinates": [4.127036666666666, 53.03821666666667]}, "properties": {"label": "BALTIC SHARK", "mmsi": "304932000", "imo": "9315032", "name": "BALTIC SHARK", "shiptype": "", "first_seen_utc": "2026-01-07T00:00:02Z", "last_seen_utc": "2026-01-16T02:43:35Z", "destination": "NLRTM VIA NOK", "eta": "{'Day': 16, 'Hour': 9, 'Minute': 0, 'Month': 1}", "display": "BALTIC SHARK (304932000)", "links": "<a href=\"https://www.vesselfinder.com/vessels?name=9315032\" target=\"_blank\" rel=\"noopener\">VesselFinder</a> | <a href=\"https://www.marinetraffic.com/en/ais/search/all?keyword=9315032\" target=\"_blank\" rel=\"noopener\">MarineTraffic</a>", "vf_url": "https://www.vesselfinder.com/vessels?name=9315032", "mst_url": "https://www.marinetraffic.com/en/ais/search/all?keyword=9315032", "method": "v3_2pass_track3d_fromru10d", "ru_seen_in_lookback": true, "in_monitor_on_day": true}}, {"type": "Feature", "geometry": {"type": "LineString", "coordinates": [[19.4339, 54.78581666666666], [19.138075, 54.84828666666667], [18.96314166666667, 54.884710000000005], [18.85960833333333, 54.90934333333333]]}, "properties": {"label": "RUBYN", "mmsi": "341852000", "imo": "8511885", "name": "RUBYN", "shiptype": "", "first_seen_utc": "2026-01-07T00:00:20Z", "last_seen_utc": "2026-01-16T03:23:18Z", "destination": "KALININGRAD", "eta": "{'Day': 13, 'Hour': 8, 'Minute': 0, 'Month': 1}", "display": "", "links": "<a href=\"https://www.vesselfinder.com/vessels?name=8511885\" target=\"_blank\" rel=\"noopener\">VesselFinder</a> | <a href=\"https://www.marinetraffic.com/en/ais/search/all?keyword=8511885\" target=\"_blank\" rel=\"noopener\">MarineTraffic</a>", "vf_url": "https://www.vesselfinder.com/vessels?name=8511885", "mst_url": "https://www.marinetraffic.com/en/ais/search/all?keyword=8511885", "method": "v3_2pass_track3d_fromru10d", "ru_seen_in_lookback": true, "in_monitor_on_day": true}}, {"type": "Feature", "geometry": {"type": "Point", "coordinates": [18.85960833333333, 54.90934333333333]}, "properties": {"label": "RUBYN", "mmsi": "341852000", "imo": "8511885", "name": "RUBYN", "shiptype": "", "first_seen_utc": "2026-01-07T00:00:20Z", "last_seen_utc": "2026-01-16T03:23:18Z", "destination": "KALININGRAD", "eta": "{'Day': 13, 'Hour': 8, 'Minute': 0, 'Month': 1}", "display": "RUBYN (341852000)", "links": "<a href=\"https://www.vesselfinder.com/vessels?name=8511885\" target=\"_blank\" rel=\"noopener\">VesselFinder</a> | <a href=\"https://www.marinetraffic.com/en/ais/search/all?keyword=8511885\" target=\"_blank\" rel=\"noopener\">MarineTraffic</a>", "vf_url": "https://www.vesselfinder.com/vessels?name=8511885", "mst_url": "https://www.marinetraffic.com/en/ais/search/all?keyword=8511885", "method": "v3_2pass_track3d_fromru10d", "ru_seen_in_lookback": true, "in_monitor_on_day": true}}, {"type": "Feature", "geometry": {"type": "LineString", "coordinates": [[8.9504, 57.62748333333333], [8.800608333333335, 57.57184666666667], [8.655698333333333, 57.512881666666665], [8.508005, 57.450313333333334], [8.354743333333333, 57.386116666666666], [8.228791666666668, 57.308551666666666], [8.097815, 57.21640333333333], [7.96745, 57.12783833333334], [7.7329783333333335, 56.936458333333334], [7.47291, 54.128416666666666], [7.563008333333333, 54.02813333333334], [7.6722, 53.91652833333333], [7.7996316666666665, 53.85682], [7.94463, 53.814791666666665], [8.03926, 53.773423333333334], [8.064713333333334, 53.72032166666667], [8.08317, 53.68361], [8.124766666666666, 53.64413833333333], [8.156318333333333, 53.59551666666667], [8.155048333333333, 53.58800833333333], [8.155065, 53.58797833333333], [8.155061666666667, 53.587986666666666], [8.155061666666667, 53.587985], [8.155048333333333, 53.587975], [8.155033333333334, 53.58800333333333], [8.155051666666667, 53.587981666666664], [8.155003333333333, 53.58797666666667], [8.155081666666666, 53.58797833333333], [8.155031666666666, 53.587986666666666], [8.155051666666667, 53.58797833333333], [8.155038333333334, 53.588006666666665], [8.155045, 53.588026666666664], [8.155035, 53.58800833333333], [8.155065, 53.587983333333334], [8.15506, 53.58799166666667], [8.155033333333334, 53.587988333333335], [8.155056666666667, 53.58800333333333], [8.155054999999999, 53.58800333333333], [8.155083333333334, 53.587975], [8.155056666666667, 53.58797833333333], [8.155045, 53.58799166666667], [8.155058333333333, 53.58797333333334], [8.155076666666666, 53.588004999999995], [8.155038333333334, 53.58797833333333], [8.155018333333334, 53.587965000000004], [8.155068333333334, 53.58797666666667], [8.155045, 53.587985], [8.15507, 53.58795666666666], [8.155083333333334, 53.58799666666666], [8.155056666666667, 53.587968333333336], [8.155041666666667, 53.58799166666667], [8.15504, 53.587985], [8.155036666666668, 53.588004999999995], [8.15504, 53.588006666666665], [8.155045, 53.588010000000004], [8.155036666666668, 53.58797333333334], [8.155066666666666, 53.58797166666667], [8.155058333333333, 53.587983333333334], [8.158236666666665, 53.603100000000005], [8.075223333333334, 53.70090666666667], [7.977040000000001, 53.80740333333333], [7.771838333333333, 53.870266666666666], [7.649288333333333, 53.98192166666667], [7.4396933333333335, 53.962315], [7.18944, 53.933814999999996], [6.933118333333334, 53.90982333333333], [6.67866, 53.879955], [6.425798333333334, 53.85146666666667], [6.192798333333333, 53.81083666666667], [5.967713333333333, 53.766625], [5.751961666666667, 53.72479333333333]]}, "properties": {"label": "OOCL SWEDEN", "mmsi": "477949300", "imo": "9922603", "name": "OOCL SWEDEN", "shiptype": "", "first_seen_utc": "2026-01-07T00:03:07Z", "last_seen_utc": "2026-01-16T03:52:04Z", "destination": "DEWVN>BEZEE", "eta": "{'Day': 16, 'Hour': 17, 'Minute': 0, 'Month': 1}", "display": "", "links": "<a href=\"https://www.vesselfinder.com/vessels?name=9922603\" target=\"_blank\" rel=\"noopener\">VesselFinder</a> | <a href=\"https://www.marinetraffic.com/en/ais/search/all?keyword=9922603\" target=\"_blank\" rel=\"noopener\">MarineTraffic</a>", "vf_url": "https://www.vesselfinder.com/vessels?name=9922603", "mst_url": "https://www.marinetraffic.com/en/ais/search/all?keyword=9922603", "method": "v3_2pass_track3d_fromru10d", "ru_seen_in_lookback": true, "in_monitor_on_day": true}}, {"type": "Feature", "geometry": {"type": "Point", "coordinates": [5.751961666666667, 53.72479333333333]}, "properties": {"label": "OOCL SWEDEN", "mmsi": "477949300", "imo": "9922603", "name": "OOCL SWEDEN", "shiptype": "", "first_seen_utc": "2026-01-07T00:03:07Z", "last_seen_utc": "2026-01-16T03:52:04Z", "destination": "DEWVN>BEZEE", "eta": "{'Day': 16, 'Hour': 17, 'Minute': 0, 'Month': 1}", "display": "OOCL SWEDEN (477949300)", "links": "<a href=\"https://www.vesselfinder.com/vessels?name=9922603\" target=\"_blank\" rel=\"noopener\">VesselFinder</a> | <a href=\"https://www.marinetraffic.com/en/ais/search/all?keyword=9922603\" target=\"_blank\" rel=\"noopener\">MarineTraffic</a>", "vf_url": "https://www.vesselfinder.com/vessels?name=9922603", "mst_url": "https://www.marinetraffic.com/en/ais/search/all?keyword=9922603", "method": "v3_2pass_track3d_fromru10d", "ru_seen_in_lookback": true, "in_monitor_on_day": true}}, {"type": "Feature", "geometry": {"type": "LineString", "coordinates": [[19.101733333333335, 54.709516666666666], [19.09851666666667, 54.691766666666666], [19.092716666666668, 54.67888333333334], [19.040433333333333, 54.64885], [18.996066666666664, 54.62125], [18.94066666666667, 54.58945000000001], [18.879483333333333, 54.55665], [18.8121, 54.52225], [18.721416666666666, 54.514316666666666], [18.65925, 54.514583333333334], [18.60301666666667, 54.51248333333333], [18.582333333333334, 54.514966666666666], [18.553583333333332, 54.521566666666665], [18.5536, 54.521566666666665], [18.553583333333332, 54.521566666666665], [18.553583333333332, 54.521550000000005], [18.553566666666665, 54.521550000000005], [18.553583333333332, 54.521566666666665], [18.553583333333332, 54.521566666666665], [18.553583333333332, 54.52158333333333], [18.553566666666665, 54.521566666666665], [18.553583333333332, 54.521566666666665], [18.5536, 54.521550000000005], [18.5536, 54.521550000000005], [18.5536, 54.521566666666665], [18.553616666666667, 54.521566666666665], [18.553616666666667, 54.521566666666665], [18.553616666666667, 54.521550000000005], [18.5536, 54.521566666666665], [18.553616666666667, 54.521566666666665], [18.5536, 54.521566666666665], [18.553616666666667, 54.521550000000005], [18.553633333333334, 54.521550000000005], [18.553616666666667, 54.521550000000005], [18.553616666666667, 54.521566666666665], [18.553616666666667, 54.521566666666665], [18.553616666666667, 54.521550000000005], [18.5536, 54.52153333333333], [18.553616666666667, 54.52153333333333], [18.5536, 54.521550000000005], [18.5536, 54.521550000000005], [18.553583333333332, 54.521550000000005], [18.5536, 54.521550000000005], [18.553566666666665, 54.52153333333333], [18.553583333333332, 54.521550000000005], [18.5536, 54.521566666666665], [18.553583333333332, 54.521566666666665], [18.553583333333332, 54.521566666666665], [18.5536, 54.521550000000005], [18.553616666666667, 54.52153333333333], [18.5536, 54.521550000000005], [18.5536, 54.521550000000005], [18.5536, 54.521550000000005], [18.5536, 54.521566666666665], [18.5536, 54.521566666666665], [18.5536, 54.52153333333333], [18.5536, 54.521550000000005], [18.553616666666667, 54.521550000000005], [18.5536, 54.521566666666665], [18.553583333333332, 54.521566666666665], [18.5536, 54.521566666666665], [18.553583333333332, 54.521566666666665], [18.553583333333332, 54.521566666666665], [18.553566666666665, 54.521566666666665], [18.553583333333332, 54.521566666666665], [18.553583333333332, 54.521566666666665], [18.553583333333332, 54.521566666666665], [18.5536, 54.521566666666665], [18.5536, 54.521566666666665], [18.5536, 54.521566666666665], [18.5536, 54.52158333333333], [18.5536, 54.521566666666665], [18.5536, 54.521550000000005], [18.5536, 54.521550000000005], [18.5536, 54.521566666666665], [18.5536, 54.521566666666665], [18.553616666666667, 54.521550000000005], [18.553616666666667, 54.521566666666665], [18.553616666666667, 54.521566666666665], [18.553616666666667, 54.521566666666665], [18.5536, 54.521566666666665], [18.553616666666667, 54.521566666666665], [18.5536, 54.521566666666665], [18.5536, 54.521550000000005], [18.5536, 54.521550000000005], [18.5536, 54.521566666666665], [18.553583333333332, 54.521550000000005], [18.5536, 54.521550000000005], [18.553583333333332, 54.521550000000005], [18.5536, 54.521550000000005], [18.553583333333332, 54.521566666666665], [18.5536, 54.521566666666665], [18.553583333333332, 54.521566666666665], [18.5536, 54.521566666666665], [18.553583333333332, 54.521550000000005], [18.553583333333332, 54.521550000000005], [18.5536, 54.521566666666665], [18.5536, 54.521566666666665], [18.5536, 54.52158333333333], [18.5536, 54.521566666666665]]}, "properties": {"label": "AMBER AGATHA", "mmsi": "261004058", "imo": "8516885", "name": "AMBER AGATHA", "shiptype": "", "first_seen_utc": "2026-01-07T00:03:38Z", "last_seen_utc": "2026-01-16T04:00:33Z", "destination": "GDYNIA", "eta": "{'Day': 14, 'Hour': 6, 'Minute': 0, 'Month': 1}", "display": "", "links": "<a href=\"https://www.vesselfinder.com/vessels?name=8516885\" target=\"_blank\" rel=\"noopener\">VesselFinder</a> | <a href=\"https://www.marinetraffic.com/en/ais/search/all?keyword=8516885\" target=\"_blank\" rel=\"noopener\">MarineTraffic</a>", "vf_url": "https://www.vesselfinder.com/vessels?name=8516885", "mst_url": "https://www.marinetraffic.com/en/ais/search/all?keyword=8516885", "method": "v3_2pass_track3d_fromru10d", "ru_seen_in_lookback": true, "in_monitor_on_day": true}}, {"type": "Feature", "geometry": {"type": "Point", "coordinates": [18.5536, 54.521566666666665]}, "properties": {"label": "AMBER AGATHA", "mmsi": "261004058", "imo": "8516885", "name": "AMBER AGATHA", "shiptype": "", "first_seen_utc": "2026-01-07T00:03:38Z", "last_seen_utc": "2026-01-16T04:00:33Z", "destination": "GDYNIA", "eta": "{'Day': 14, 'Hour': 6, 'Minute': 0, 'Month': 1}", "display": "AMBER AGATHA (261004058)", "links": "<a href=\"https://www.vesselfinder.com/vessels?name=8516885\" target=\"_blank\" rel=\"noopener\">VesselFinder</a> | <a href=\"https://www.marinetraffic.com/en/ais/search/all?keyword=8516885\" target=\"_blank\" rel=\"noopener\">MarineTraffic</a>", "vf_url": "https://www.vesselfinder.com/vessels?name=8516885", "mst_url": "https://www.marinetraffic.com/en/ais/search/all?keyword=8516885", "method": "v3_2pass_track3d_fromru10d", "ru_seen_in_lookback": true, "in_monitor_on_day": true}}, {"type": "Feature", "geometry": {"type": "LineString", "coordinates": [[18.802205, 54.60227666666666], [18.802221666666664, 54.60228333333334], [18.802221666666664, 54.60227666666666], [18.802221666666664, 54.60227666666666], [18.802233333333334, 54.602265], [18.80221166666667, 54.60228333333334], [18.802226666666666, 54.60228333333334], [18.80223833333333, 54.60228666666667], [18.802221666666664, 54.60228], [18.802226666666666, 54.602275], [18.802226666666666, 54.60228], [18.802228333333336, 54.60227], [18.802231666666668, 54.602275], [18.802235, 54.60227833333333], [18.802221666666664, 54.60228], [18.80223, 54.60227833333333], [18.802233333333334, 54.60227833333333], [18.802235, 54.60228], [18.802245000000003, 54.602275], [18.80221, 54.602275], [18.802223333333334, 54.60227666666666], [18.802223333333334, 54.60227], [18.802218333333332, 54.60227666666666], [18.802228333333336, 54.60227333333333], [18.80225, 54.60228], [18.802235, 54.602285], [18.80222, 54.60227333333333], [18.802231666666668, 54.60227833333333], [18.802236666666666, 54.60227833333333], [18.802221666666664, 54.60227], [18.802233333333334, 54.602275], [18.80223, 54.60227833333333], [18.802225, 54.60228166666666], [18.802231666666668, 54.602268333333335], [18.802233333333334, 54.602275], [18.802231666666668, 54.602285], [18.80223833333333, 54.60229833333334], [18.802236666666666, 54.602285], [18.802225, 54.602268333333335], [18.80223, 54.602266666666665], [18.80223833333333, 54.60227666666666], [18.80223, 54.60228333333334], [18.802226666666666, 54.60227833333333], [18.802228333333336, 54.60227], [18.802223333333334, 54.60227166666667], [18.802203333333335, 54.602266666666665], [18.802225, 54.60228666666667], [18.802225, 54.60227333333333], [18.80222, 54.602266666666665], [18.802223333333334, 54.602265], [18.802221666666664, 54.602265], [18.802213333333334, 54.602266666666665], [18.802205, 54.60228], [18.802218333333332, 54.60226333333333], [18.802248333333335, 54.60227666666666], [18.802221666666664, 54.60228166666666], [18.802223333333334, 54.60225833333333], [18.834664999999998, 54.596938333333334], [18.844696666666668, 54.62567666666666], [18.828576666666667, 54.64561666666667], [18.823668333333334, 54.66598], [18.835121666666666, 54.68806333333334], [18.84955, 54.66983666666667], [18.856851666666667, 54.64756333333333], [18.87529333333333, 54.62865], [18.87293, 54.60617333333333], [18.888381666666664, 54.58551], [18.87444, 54.599601666666665], [18.879778333333334, 54.621356666666664], [18.887189999999997, 54.638245], [18.872811666666667, 54.63178333333334], [18.813251666666666, 54.58739666666667], [18.801746666666666, 54.59997833333333], [18.801751666666668, 54.59993833333333], [18.801751666666668, 54.59996], [18.80223, 54.602288333333334], [18.802221666666664, 54.602275], [18.80221166666667, 54.60228333333334], [18.80221166666667, 54.60229], [18.80223, 54.602275], [18.802225, 54.60228166666666], [18.802218333333332, 54.60227333333333], [18.802208333333333, 54.60227], [18.802208333333333, 54.602291666666666], [18.80221, 54.60229], [18.802236666666666, 54.60227], [18.802228333333336, 54.602265], [18.802225, 54.602266666666665], [18.802226666666666, 54.60228333333334], [18.80222, 54.60228333333334], [18.802231666666668, 54.60228], [18.802236666666666, 54.60228666666667], [18.80221166666667, 54.60227333333333], [18.802233333333334, 54.60228166666666], [18.802221666666664, 54.60228333333334], [18.80223833333333, 54.60227833333333], [18.802223333333334, 54.60227833333333], [18.802226666666666, 54.60228333333334], [18.80223, 54.60227333333333], [18.802228333333336, 54.602266666666665], [18.802235, 54.602261666666664], [18.802228333333336, 54.602266666666665]]}, "properties": {"label": "JAS-76", "mmsi": "261007950", "imo": "", "name": "JAS-76", "shiptype": "", "first_seen_utc": "2026-01-07T00:03:45Z", "last_seen_utc": "2026-01-16T03:44:23Z", "destination": "HEL", "eta": "{'Day': 15, 'Hour': 13, 'Minute': 40, 'Month': 1}", "display": "", "links": "<a href=\"https://www.vesselfinder.com/vessels?name=261007950\" target=\"_blank\" rel=\"noopener\">VesselFinder</a> | <a href=\"https://www.marinetraffic.com/en/ais/search/all?keyword=261007950\" target=\"_blank\" rel=\"noopener\">MarineTraffic</a>", "vf_url": "https://www.vesselfinder.com/vessels?name=261007950", "mst_url": "https://www.marinetraffic.com/en/ais/search/all?keyword=261007950", "method": "v3_2pass_track3d_fromru10d", "ru_seen_in_lookback": true, "in_monitor_on_day": true}}, {"type": "Feature", "geometry": {"type": "Point", "coordinates": [18.802228333333336, 54.602266666666665]}, "properties": {"label": "JAS-76", "mmsi": "261007950", "imo": "", "name": "JAS-76", "shiptype": "", "first_seen_utc": "2026-01-07T00:03:45Z", "last_seen_utc": "2026-01-16T03:44:23Z", "destination": "HEL", "eta": "{'Day': 15, 'Hour': 13, 'Minute': 40, 'Month': 1}", "display": "JAS-76 (261007950)", "links": "<a href=\"https://www.vesselfinder.com/vessels?name=261007950\" target=\"_blank\" rel=\"noopener\">VesselFinder</a> | <a href=\"https://www.marinetraffic.com/en/ais/search/all?keyword=261007950\" target=\"_blank\" rel=\"noopener\">MarineTraffic</a>", "vf_url": "https://www.vesselfinder.com/vessels?name=261007950", "mst_url": "https://www.marinetraffic.com/en/ais/search/all?keyword=261007950", "method": "v3_2pass_track3d_fromru10d", "ru_seen_in_lookback": true, "in_monitor_on_day": true}}, {"type": "Feature", "geometry": {"type": "LineString", "coordinates": [[18.991081666666666, 54.935251666666666], [19.00415, 54.80925833333333], [18.957116666666664, 54.68792], [18.863061666666667, 54.57855166666666], [18.677308333333333, 54.537283333333335], [18.529913333333333, 54.53818166666667], [18.50800333333333, 54.54286666666667], [18.508010000000002, 54.54286833333333], [18.508008333333333, 54.54287333333333], [18.508006666666667, 54.542865], [18.508013333333334, 54.54285166666667], [18.508, 54.54287], [18.50799, 54.542856666666665], [18.50800333333333, 54.54287166666666], [18.507995, 54.54287], [18.50801166666667, 54.54286333333334], [18.508, 54.54287], [18.507985, 54.54287333333333], [18.50801166666667, 54.542875], [18.50800333333333, 54.542885], [18.508013333333334, 54.542856666666665], [18.507995, 54.54286333333334], [18.508016666666666, 54.542858333333335], [18.508006666666667, 54.542860000000005], [18.508005, 54.542878333333334], [18.507996666666667, 54.542865], [18.508010000000002, 54.54285333333333], [18.508006666666667, 54.54286166666667], [18.508005, 54.54286833333333], [18.508005, 54.54287166666666], [18.508006666666667, 54.54286833333333], [18.508010000000002, 54.542865], [18.50801166666667, 54.542865], [18.508013333333334, 54.54286333333334], [18.508016666666666, 54.54286666666667], [18.508013333333334, 54.54287166666666], [18.508016666666666, 54.54286166666667], [18.507998333333333, 54.542860000000005], [18.508005, 54.542865], [18.50642333333333, 54.54428666666667], [18.502554999999997, 54.54460666666667], [18.50257, 54.54462], [18.502583333333334, 54.544624999999996], [18.502571666666665, 54.544628333333335], [18.502578333333336, 54.54461666666667], [18.50257333333333, 54.544624999999996], [18.502576666666666, 54.54461666666667], [18.502568333333333, 54.544623333333334], [18.502554999999997, 54.544628333333335], [18.502565, 54.544624999999996], [18.502571666666665, 54.54461833333333], [18.502578333333336, 54.544621666666664]]}, "properties": {"label": "ELBWAVE", "mmsi": "209276000", "imo": "9504035", "name": "ELBWAVE", "shiptype": "", "first_seen_utc": "2026-01-07T00:05:12Z", "last_seen_utc": "2026-01-16T04:00:47Z", "destination": "DEHAM", "eta": "{'Day': 18, 'Hour': 0, 'Minute': 0, 'Month': 1}", "display": "", "links": "<a href=\"https://www.vesselfinder.com/vessels?name=9504035\" target=\"_blank\" rel=\"noopener\">VesselFinder</a> | <a href=\"https://www.marinetraffic.com/en/ais/search/all?keyword=9504035\" target=\"_blank\" rel=\"noopener\">MarineTraffic</a>", "vf_url": "https://www.vesselfinder.com/vessels?name=9504035", "mst_url": "https://www.marinetraffic.com/en/ais/search/all?keyword=9504035", "method": "v3_2pass_track3d_fromru10d", "ru_seen_in_lookback": true, "in_monitor_on_day": true}}, {"type": "Feature", "geometry": {"type": "Point", "coordinates": [18.502578333333336, 54.544621666666664]}, "properties": {"label": "ELBWAVE", "mmsi": "209276000", "imo": "9504035", "name": "ELBWAVE", "shiptype": "", "first_seen_utc": "2026-01-07T00:05:12Z", "last_seen_utc": "2026-01-16T04:00:47Z", "destination": "DEHAM", "eta": "{'Day': 18, 'Hour': 0, 'Minute': 0, 'Month': 1}", "display": "ELBWAVE (209276000)", "links": "<a href=\"https://www.vesselfinder.com/vessels?name=9504035\" target=\"_blank\" rel=\"noopener\">VesselFinder</a> | <a href=\"https://www.marinetraffic.com/en/ais/search/all?keyword=9504035\" target=\"_blank\" rel=\"noopener\">MarineTraffic</a>", "vf_url": "https://www.vesselfinder.com/vessels?name=9504035", "mst_url": "https://www.marinetraffic.com/en/ais/search/all?keyword=9504035", "method": "v3_2pass_track3d_fromru10d", "ru_seen_in_lookback": true, "in_monitor_on_day": true}}, {"type": "Feature", "geometry": {"type": "LineString", "coordinates": [[18.550613333333335, 54.520445], [18.55061166666667, 54.520446666666665], [18.550613333333335, 54.52044333333333], [18.550615, 54.520445], [18.550605, 54.520448333333334], [18.55061, 54.520448333333334], [18.55061, 54.520445], [18.550613333333335, 54.520445], [18.550616666666667, 54.52044333333333], [18.550618333333333, 54.52043833333333], [18.550621666666665, 54.52044333333333], [18.550613333333335, 54.520445], [18.55061166666667, 54.520445], [18.550616666666667, 54.520446666666665], [18.550613333333335, 54.520448333333334], [18.550615, 54.52044333333333], [18.55061, 54.520446666666665], [18.550613333333335, 54.52044333333333], [18.550615, 54.52044166666667], [18.550613333333335, 54.520448333333334], [18.550606666666667, 54.52043666666667], [18.550613333333335, 54.52044166666667], [18.550613333333335, 54.52044333333333], [18.55062, 54.52044], [18.550621666666665, 54.520446666666665], [18.550613333333335, 54.52044166666667], [18.550613333333335, 54.520445], [18.55061, 54.52043833333333], [18.55061166666667, 54.520445], [18.550615, 54.52043833333333], [18.550616666666667, 54.52044166666667], [18.550616666666667, 54.52044166666667], [18.550618333333333, 54.52044333333333], [18.550616666666667, 54.52044333333333], [18.550618333333333, 54.520445], [18.550616666666667, 54.520445], [18.550616666666667, 54.52044333333333], [18.550616666666667, 54.52044166666667], [18.550615, 54.52044], [18.550616666666667, 54.52044333333333], [18.550616666666667, 54.520445], [18.55061166666667, 54.52044333333333], [18.550613333333335, 54.520446666666665], [18.550613333333335, 54.520446666666665], [18.550615, 54.520445], [18.55061166666667, 54.520446666666665], [18.550615, 54.520446666666665], [18.550613333333335, 54.52044166666667], [18.55061166666667, 54.520446666666665], [18.550608333333333, 54.520446666666665], [18.550608333333333, 54.520448333333334], [18.55061166666667, 54.520445], [18.550616666666667, 54.52044166666667], [18.550613333333335, 54.52043833333333], [18.55062, 54.520445], [18.550615, 54.52044333333333], [18.55061166666667, 54.520445], [18.550613333333335, 54.520445], [18.55910833333333, 54.52014166666667], [18.570686666666667, 54.510145], [18.569076666666668, 54.507065], [18.567198333333334, 54.506888333333336], [18.573125, 54.50752833333333], [18.575253333333333, 54.507780000000004], [18.568604999999998, 54.50792666666667], [18.569161666666666, 54.507965], [18.568499999999997, 54.506445], [18.568848333333335, 54.509660000000004], [18.550613333333335, 54.52044333333333], [18.55061166666667, 54.52044166666667], [18.550608333333333, 54.52044333333333], [18.550603333333335, 54.52044166666667], [18.550603333333335, 54.52044], [18.550605, 54.52044], [18.550606666666667, 54.52043833333333], [18.550608333333333, 54.52044], [18.550606666666667, 54.52044333333333], [18.55061166666667, 54.520445], [18.55061166666667, 54.52044333333333], [18.55061166666667, 54.520445], [18.55061166666667, 54.520445], [18.550616666666667, 54.520435], [18.55061, 54.52044166666667], [18.550608333333333, 54.52044], [18.550606666666667, 54.52044333333333], [18.550605, 54.520446666666665], [18.550605, 54.520446666666665], [18.5506, 54.520445], [18.550605, 54.520446666666665], [18.550603333333335, 54.520446666666665], [18.550608333333333, 54.520445], [18.550605, 54.520445], [18.550606666666667, 54.52044333333333], [18.550605, 54.52044333333333], [18.550603333333335, 54.520445], [18.55060166666667, 54.520446666666665], [18.55060166666667, 54.520448333333334], [18.550603333333335, 54.52044333333333]]}, "properties": {"label": "KONSTELACJA", "mmsi": "261092010", "imo": "", "name": "KONSTELACJA", "shiptype": "", "first_seen_utc": "2026-01-07T00:05:21Z", "last_seen_utc": "2026-01-16T03:49:15Z", "destination": "GDYNIA KALIBRACJA", "eta": "{'Day': 15, 'Hour': 9, 'Minute': 15, 'Month': 1}", "display": "", "links": "<a href=\"https://www.vesselfinder.com/vessels?name=261092010\" target=\"_blank\" rel=\"noopener\">VesselFinder</a> | <a href=\"https://www.marinetraffic.com/en/ais/search/all?keyword=261092010\" target=\"_blank\" rel=\"noopener\">MarineTraffic</a>", "vf_url": "https://www.vesselfinder.com/vessels?name=261092010", "mst_url": "https://www.marinetraffic.com/en/ais/search/all?keyword=261092010", "method": "v3_2pass_track3d_fromru10d", "ru_seen_in_lookback": true, "in_monitor_on_day": true}}, {"type": "Feature", "geometry": {"type": "Point", "coordinates": [18.550603333333335, 54.52044333333333]}, "properties": {"label": "KONSTELACJA", "mmsi": "261092010", "imo": "", "name": "KONSTELACJA", "shiptype": "", "first_seen_utc": "2026-01-07T00:05:21Z", "last_seen_utc": "2026-01-16T03:49:15Z", "destination": "GDYNIA KALIBRACJA", "eta": "{'Day': 15, 'Hour': 9, 'Minute': 15, 'Month': 1}", "display": "KONSTELACJA (261092010)", "links": "<a href=\"https://www.vesselfinder.com/vessels?name=261092010\" target=\"_blank\" rel=\"noopener\">VesselFinder</a> | <a href=\"https://www.marinetraffic.com/en/ais/search/all?keyword=261092010\" target=\"_blank\" rel=\"noopener\">MarineTraffic</a>", "vf_url": "https://www.vesselfinder.com/vessels?name=261092010", "mst_url": "https://www.marinetraffic.com/en/ais/search/all?keyword=261092010", "method": "v3_2pass_track3d_fromru10d", "ru_seen_in_lookback": true, "in_monitor_on_day": true}}, {"type": "Feature", "geometry": {"type": "LineString", "coordinates": [[15.469873333333334, 55.727581666666666], [15.176459999999999, 55.62999166666667], [14.959313333333334, 55.560543333333335], [14.751018333333333, 55.491144999999996], [14.564491666666667, 55.418281666666665], [14.402171666666668, 55.30167666666667], [14.234945000000002, 55.180483333333335], [12.261976666666667, 54.58559], [12.196525000000001, 54.466], [12.004408333333334, 54.44537833333333], [11.796341666666667, 54.442973333333335], [11.604296666666666, 54.47997833333333], [11.411315, 54.52973], [11.218241666666668, 54.586193333333334], [11.007408333333332, 54.59744], [10.817973333333333, 54.663175], [10.805418333333334, 54.76547333333333], [10.838281666666667, 54.86998166666667], [10.935984999999999, 54.95951], [10.999125, 55.06221333333334], [11.025948333333334, 55.173424999999995], [11.07518, 55.26895666666667], [10.835756666666667, 55.56853666666667], [10.789486666666667, 55.686276666666664], [10.815606666666667, 55.80788333333333], [10.939718333333333, 55.906034999999996], [10.372576666666667, 57.84710166666667], [10.241584999999999, 57.837955], [10.109846666666666, 57.81630166666666], [9.977886666666667, 57.793258333333334], [9.82413, 57.76239833333333], [9.673781666666667, 57.73072166666667], [9.563851666666666, 57.70784833333333], [9.450306666666668, 57.68602666666666], [9.337325, 57.663511666666665], [9.228481666666665, 57.639783333333334], [9.12081, 57.59124666666666], [9.037906666666666, 57.551993333333336], [8.955895, 57.513065]]}, "properties": {"label": "NORTH", "mmsi": "249814000", "imo": "9491501", "name": "NORTH", "shiptype": "", "first_seen_utc": "2026-01-07T00:06:16Z", "last_seen_utc": "2026-01-16T02:44:52Z", "destination": "DEHAM", "eta": "{'Day': 17, 'Hour': 11, 'Minute': 0, 'Month': 1}", "display": "", "links": "<a href=\"https://www.vesselfinder.com/vessels?name=9491501\" target=\"_blank\" rel=\"noopener\">VesselFinder</a> | <a href=\"https://www.marinetraffic.com/en/ais/search/all?keyword=9491501\" target=\"_blank\" rel=\"noopener\">MarineTraffic</a>", "vf_url": "https://www.vesselfinder.com/vessels?name=9491501", "mst_url": "https://www.marinetraffic.com/en/ais/search/all?keyword=9491501", "method": "v3_2pass_track3d_fromru10d", "ru_seen_in_lookback": true, "in_monitor_on_day": true}}, {"type": "Feature", "geometry": {"type": "Point", "coordinates": [8.955895, 57.513065]}, "properties": {"label": "NORTH", "mmsi": "249814000", "imo": "9491501", "name": "NORTH", "shiptype": "", "first_seen_utc": "2026-01-07T00:06:16Z", "last_seen_utc": "2026-01-16T02:44:52Z", "destination": "DEHAM", "eta": "{'Day': 17, 'Hour': 11, 'Minute': 0, 'Month': 1}", "display": "NORTH (249814000)", "links": "<a href=\"https://www.vesselfinder.com/vessels?name=9491501\" target=\"_blank\" rel=\"noopener\">VesselFinder</a> | <a href=\"https://www.marinetraffic.com/en/ais/search/all?keyword=9491501\" target=\"_blank\" rel=\"noopener\">MarineTraffic</a>", "vf_url": "https://www.vesselfinder.com/vessels?name=9491501", "mst_url": "https://www.marinetraffic.com/en/ais/search/all?keyword=9491501", "method": "v3_2pass_track3d_fromru10d", "ru_seen_in_lookback": true, "in_monitor_on_day": true}}, {"type": "Feature", "geometry": {"type": "LineString", "coordinates": [[18.800774999999998, 54.602215], [18.80078, 54.602195], [18.80078, 54.60221], [18.800765000000002, 54.602215], [18.800774999999998, 54.602195], [18.80076, 54.60222], [18.80079, 54.602195], [18.800765000000002, 54.602195], [18.80077, 54.602205000000005], [18.8008, 54.60221], [18.80077, 54.6022], [18.80078, 54.602205000000005], [18.80077, 54.602205000000005], [18.800765000000002, 54.60221], [18.800774999999998, 54.60221], [18.80079, 54.60222], [18.800774999999998, 54.602205000000005], [18.80077, 54.60221], [18.800785, 54.602195], [18.80077, 54.60221], [18.800774999999998, 54.602205000000005], [18.800785, 54.602215], [18.800774999999998, 54.602215], [18.80079, 54.6022], [18.800785, 54.602205000000005], [18.80077, 54.60222], [18.80079, 54.60221], [18.80078, 54.60221], [18.80078, 54.6022], [18.800785, 54.602205000000005], [18.800785, 54.6022], [18.800774999999998, 54.60221], [18.80077, 54.602215], [18.800805, 54.6022], [18.800774999999998, 54.602205000000005], [18.8008, 54.6022], [18.80078, 54.602205000000005], [18.80077, 54.602205000000005], [18.800785, 54.60221], [18.80078, 54.602195], [18.80078, 54.602205000000005], [18.8008, 54.602205000000005], [18.80077, 54.6022], [18.800765000000002, 54.602205000000005], [18.8008, 54.602195], [18.800774999999998, 54.602205000000005], [18.800785, 54.60221], [18.80079, 54.602205000000005], [18.800765000000002, 54.602185], [18.800795, 54.602215], [18.800785, 54.60222], [18.80077, 54.6022], [18.800774999999998, 54.602205000000005], [18.80078, 54.60219], [18.800755, 54.602205000000005], [18.800835, 54.602185], [18.800810000000002, 54.6022], [18.800785, 54.602185], [18.82658, 54.594075], [18.838385000000002, 54.61937], [18.833525, 54.64126], [18.832505, 54.654970000000006], [18.849155, 54.632315], [18.851760000000002, 54.60803], [18.85225, 54.58497], [18.864469999999997, 54.564595000000004], [18.883505, 54.54607], [18.864945, 54.558144999999996], [18.841869999999997, 54.576915], [18.847905, 54.596715], [18.862475, 54.606855], [18.878045, 54.61509], [18.88151, 54.627224999999996], [18.88173, 54.643445], [18.84809, 54.605760000000004], [18.801105, 54.599885], [18.80167, 54.59993], [18.80076, 54.602195], [18.80079, 54.6022], [18.80077, 54.602205000000005], [18.800715, 54.60221], [18.800765000000002, 54.6022], [18.80078, 54.602195], [18.800765000000002, 54.60219], [18.800755, 54.602205000000005], [18.80077, 54.60221], [18.800785, 54.602205000000005], [18.80078, 54.60218], [18.800785, 54.602205000000005], [18.800774999999998, 54.602205000000005], [18.80076, 54.602195], [18.80076, 54.6022], [18.80078, 54.60221], [18.80077, 54.602205000000005], [18.800774999999998, 54.60221], [18.80078, 54.602205000000005], [18.800795, 54.602205000000005], [18.80078, 54.60222], [18.800795, 54.6022], [18.80077, 54.60219], [18.80079, 54.602195], [18.80077, 54.6022], [18.800785, 54.6022]]}, "properties": {"label": "LEB 62", "mmsi": "261013840", "imo": "", "name": "LEB 62", "shiptype": "", "first_seen_utc": "2026-01-07T00:06:30Z", "last_seen_utc": "2026-01-16T03:51:41Z", "destination": "KEEP SAFE DIST 03AFT", "eta": "{'Day': 0, 'Hour': 24, 'Minute': 60, 'Month': 0}", "display": "", "links": "<a href=\"https://www.vesselfinder.com/vessels?name=261013840\" target=\"_blank\" rel=\"noopener\">VesselFinder</a> | <a href=\"https://www.marinetraffic.com/en/ais/search/all?keyword=261013840\" target=\"_blank\" rel=\"noopener\">MarineTraffic</a>", "vf_url": "https://www.vesselfinder.com/vessels?name=261013840", "mst_url": "https://www.marinetraffic.com/en/ais/search/all?keyword=261013840", "method": "v3_2pass_track3d_fromru10d", "ru_seen_in_lookback": true, "in_monitor_on_day": true}}, {"type": "Feature", "geometry": {"type": "Point", "coordinates": [18.800785, 54.6022]}, "properties": {"label": "LEB 62", "mmsi": "261013840", "imo": "", "name": "LEB 62", "shiptype": "", "first_seen_utc": "2026-01-07T00:06:30Z", "last_seen_utc": "2026-01-16T03:51:41Z", "destination": "KEEP SAFE DIST 03AFT", "eta": "{'Day': 0, 'Hour': 24, 'Minute': 60, 'Month': 0}", "display": "LEB 62 (261013840)", "links": "<a href=\"https://www.vesselfinder.com/vessels?name=261013840\" target=\"_blank\" rel=\"noopener\">VesselFinder</a> | <a href=\"https://www.marinetraffic.com/en/ais/search/all?keyword=261013840\" target=\"_blank\" rel=\"noopener\">MarineTraffic</a>", "vf_url": "https://www.vesselfinder.com/vessels?name=261013840", "mst_url": "https://www.marinetraffic.com/en/ais/search/all?keyword=261013840", "method": "v3_2pass_track3d_fromru10d", "ru_seen_in_lookback": true, "in_monitor_on_day": true}}, {"type": "Feature", "geometry": {"type": "LineString", "coordinates": [[14.844331666666667, 56.11569833333333], [14.844451666666666, 56.115735], [14.8444, 56.115741666666665], [14.844536666666666, 56.115815], [14.844731666666666, 56.11585], [14.844448333333334, 56.11577833333333], [14.844348333333333, 56.11580666666667], [14.84406, 56.11567333333333], [14.843885, 56.115685], [14.84447, 56.11587333333333], [14.844725, 56.116], [14.844481666666667, 56.11598166666667], [14.844658333333333, 56.11615666666667], [14.844741666666666, 56.11629166666667], [14.844443333333334, 56.11622666666666], [14.84508, 56.116326666666666], [14.844591666666668, 56.116308333333336], [14.845183333333333, 56.11638166666667], [14.844473333333333, 56.116706666666666], [14.84763, 56.112928333333336], [14.845608333333333, 56.113168333333334], [14.84587, 56.11314166666667], [14.845885, 56.113150000000005], [14.84617, 56.11311166666667], [14.846958333333333, 56.11320833333333], [14.846480000000001, 56.11316166666666], [14.84619, 56.11314333333333], [14.846251666666666, 56.11320166666667], [14.846288333333332, 56.11319], [14.846678333333333, 56.11315166666667], [14.847468333333333, 56.11309333333334], [14.847828333333332, 56.112986666666664], [14.847371666666668, 56.11298], [14.846955000000001, 56.11318333333334], [14.847608333333334, 56.113034999999996], [14.847545, 56.113085], [14.847226666666668, 56.11311666666666], [14.847228333333334, 56.113103333333335], [14.846503333333334, 56.113236666666666], [14.847088333333334, 56.11320833333333], [14.847198333333333, 56.113168333333334], [14.847611666666667, 56.11302], [14.847546666666666, 56.11305333333333], [14.847688333333334, 56.112965], [14.847793333333334, 56.11289333333333], [14.847935, 56.11284166666667], [14.848081666666667, 56.112685000000006], [14.847898333333335, 56.11281833333333], [14.848043333333333, 56.112674999999996], [14.847913333333334, 56.11284166666667], [14.848078333333332, 56.11263666666667], [14.847866666666667, 56.11281833333333], [14.847426666666667, 56.113013333333335], [14.846976666666666, 56.11309000000001], [14.847208333333333, 56.1131], [14.846901666666668, 56.113155], [14.84692, 56.11318666666667], [14.846811666666667, 56.11318666666667], [14.846648333333333, 56.11324666666667], [14.847000000000001, 56.11319], [14.847153333333333, 56.11315833333333], [14.847015, 56.11318666666667], [14.847126666666666, 56.11315833333333], [14.846806666666668, 56.113193333333335], [14.846195, 56.113193333333335], [14.846231666666666, 56.11322166666666], [14.846403333333335, 56.11323333333333], [14.846225, 56.113245], [14.845778333333334, 56.1132], [14.846205, 56.113211666666665], [14.846354999999999, 56.11322], [14.845934999999999, 56.11322833333334], [14.846108333333332, 56.113245], [14.846171666666667, 56.113245], [14.845878333333333, 56.11322166666666], [14.845878333333333, 56.11326666666666], [14.845686666666667, 56.11322], [14.84568, 56.11318666666667], [14.845685, 56.11322], [14.845538333333334, 56.11317], [14.845746666666667, 56.113215], [14.845956666666666, 56.113258333333334], [14.84567, 56.11327000000001], [14.846098333333334, 56.113265], [14.84575, 56.11320333333333], [14.846026666666667, 56.11318333333334], [14.845766666666666, 56.11317833333333], [14.845675, 56.11316], [14.845388333333334, 56.11311666666666], [14.84562, 56.113155], [14.845351666666666, 56.1131], [14.8453, 56.11308333333333], [14.845373333333333, 56.113123333333334], [14.845226666666667, 56.11309166666667], [14.845196666666668, 56.113101666666665], [14.845255, 56.11311833333333], [14.847103333333333, 56.11205833333334]]}, "properties": {"label": "DREAM SYRAX", "mmsi": "255915968", "imo": "9719513", "name": "DREAM SYRAX", "shiptype": "", "first_seen_utc": "2026-01-07T00:06:42Z", "last_seen_utc": "2026-01-16T03:34:11Z", "destination": "SE KAN", "eta": "{'Day': 13, 'Hour': 21, 'Minute': 0, 'Month': 1}", "display": "", "links": "<a href=\"https://www.vesselfinder.com/vessels?name=9719513\" target=\"_blank\" rel=\"noopener\">VesselFinder</a> | <a href=\"https://www.marinetraffic.com/en/ais/search/all?keyword=9719513\" target=\"_blank\" rel=\"noopener\">MarineTraffic</a>", "vf_url": "https://www.vesselfinder.com/vessels?name=9719513", "mst_url": "https://www.marinetraffic.com/en/ais/search/all?keyword=9719513", "method": "v3_2pass_track3d_fromru10d", "ru_seen_in_lookback": true, "in_monitor_on_day": true}}, {"type": "Feature", "geometry": {"type": "Point", "coordinates": [14.847103333333333, 56.11205833333334]}, "properties": {"label": "DREAM SYRAX", "mmsi": "255915968", "imo": "9719513", "name": "DREAM SYRAX", "shiptype": "", "first_seen_utc": "2026-01-07T00:06:42Z", "last_seen_utc": "2026-01-16T03:34:11Z", "destination": "SE KAN", "eta": "{'Day': 13, 'Hour': 21, 'Minute': 0, 'Month': 1}", "display": "DREAM SYRAX (255915968)", "links": "<a href=\"https://www.vesselfinder.com/vessels?name=9719513\" target=\"_blank\" rel=\"noopener\">VesselFinder</a> | <a href=\"https://www.marinetraffic.com/en/ais/search/all?keyword=9719513\" target=\"_blank\" rel=\"noopener\">MarineTraffic</a>", "vf_url": "https://www.vesselfinder.com/vessels?name=9719513", "mst_url": "https://www.marinetraffic.com/en/ais/search/all?keyword=9719513", "method": "v3_2pass_track3d_fromru10d", "ru_seen_in_lookback": true, "in_monitor_on_day": true}}, {"type": "Feature", "geometry": {"type": "LineString", "coordinates": [[15.092726666666666, 55.549], [14.690368333333334, 55.454395], [14.450961666666666, 55.336365], [13.277366666666667, 55.293168333333334], [13.152631666666668, 55.362878333333335], [13.159258333333334, 55.36505833333333], [13.159263333333334, 55.36506333333333], [13.159268333333333, 55.36506333333333], [13.159281666666667, 55.36507833333334], [13.159255, 55.365075000000004], [13.15926, 55.36507166666667], [13.158703333333333, 55.364823333333334], [13.043863333333332, 55.271971666666666], [12.515641666666665, 54.86277166666666], [12.316004999999999, 54.676714999999994], [12.23958, 54.544025000000005], [12.131093333333332, 54.429228333333334], [11.895665000000001, 54.410561666666666], [11.692465, 54.32745166666667], [11.479271666666667, 54.251995], [11.266261666666667, 54.17297], [11.080506666666668, 54.07819166666666], [10.909453333333333, 53.97575666666667], [10.942963333333333, 53.992675], [11.125723333333333, 54.065525], [11.343648333333334, 54.15075], [11.561775, 54.22736333333333], [11.792095, 54.295028333333335], [12.022011666666666, 54.35904666666667], [12.223123333333332, 54.45070666666666], [13.00961, 55.246433333333336], [13.14875, 55.359206666666665], [13.159255, 55.36508333333334], [13.15926, 55.36508833333333], [13.15926, 55.36507666666667], [13.16003, 55.333735000000004], [13.390080000000001, 55.27131166666666], [13.629443333333334, 55.23540333333334], [13.86441, 55.19168833333333], [14.099748333333334, 55.16700166666667], [14.334750000000001, 55.19493333333333], [14.498625, 55.305076666666665], [14.665041666666667, 55.41553666666667], [14.854906666666666, 55.504310000000004], [15.098066666666666, 55.542495], [15.341093333333333, 55.57147166666667]]}, "properties": {"label": "MARCO POLO", "mmsi": "209764000", "imo": "9019080", "name": "MARCO POLO", "shiptype": "", "first_seen_utc": "2026-01-07T00:07:11Z", "last_seen_utc": "2026-01-16T00:37:43Z", "destination": "LT KLJ", "eta": "{'Day': 16, 'Hour': 16, 'Minute': 0, 'Month': 1}", "display": "", "links": "<a href=\"https://www.vesselfinder.com/vessels?name=9019080\" target=\"_blank\" rel=\"noopener\">VesselFinder</a> | <a href=\"https://www.marinetraffic.com/en/ais/search/all?keyword=9019080\" target=\"_blank\" rel=\"noopener\">MarineTraffic</a>", "vf_url": "https://www.vesselfinder.com/vessels?name=9019080", "mst_url": "https://www.marinetraffic.com/en/ais/search/all?keyword=9019080", "method": "v3_2pass_track3d_fromru10d", "ru_seen_in_lookback": true, "in_monitor_on_day": true}}, {"type": "Feature", "geometry": {"type": "Point", "coordinates": [15.341093333333333, 55.57147166666667]}, "properties": {"label": "MARCO POLO", "mmsi": "209764000", "imo": "9019080", "name": "MARCO POLO", "shiptype": "", "first_seen_utc": "2026-01-07T00:07:11Z", "last_seen_utc": "2026-01-16T00:37:43Z", "destination": "LT KLJ", "eta": "{'Day': 16, 'Hour': 16, 'Minute': 0, 'Month': 1}", "display": "MARCO POLO (209764000)", "links": "<a href=\"https://www.vesselfinder.com/vessels?name=9019080\" target=\"_blank\" rel=\"noopener\">VesselFinder</a> | <a href=\"https://www.marinetraffic.com/en/ais/search/all?keyword=9019080\" target=\"_blank\" rel=\"noopener\">MarineTraffic</a>", "vf_url": "https://www.vesselfinder.com/vessels?name=9019080", "mst_url": "https://www.marinetraffic.com/en/ais/search/all?keyword=9019080", "method": "v3_2pass_track3d_fromru10d", "ru_seen_in_lookback": true, "in_monitor_on_day": true}}, {"type": "Feature", "geometry": {"type": "LineString", "coordinates": [[15.762765, 55.833976666666665], [15.410451666666667, 55.72259], [15.116958333333335, 55.62579], [14.938268333333333, 55.57133666666667], [14.810274999999999, 55.53014333333333], [14.684568333333335, 55.488256666666665], [14.560241666666666, 55.44572], [14.466646666666666, 55.37977], [14.375396666666667, 55.31335333333333], [14.282615, 55.247103333333335], [14.145826666666666, 55.23364333333333], [13.995761666666668, 55.23731333333333], [13.846026666666667, 55.240786666666665], [13.702318333333332, 55.24319], [13.059048333333333, 55.25992], [12.867801666666667, 55.27091333333333], [12.727593333333335, 55.301073333333335], [12.690311666666666, 55.37470666666666], [12.704111666666668, 55.459603333333334], [12.714366666666667, 55.543189999999996], [12.69697, 55.62712333333333], [12.688241666666666, 55.71342], [12.710041666666665, 55.79391333333333], [12.735095, 55.87074333333333], [12.722036666666666, 55.94672], [12.67718, 56.02020666666667], [12.591254999999999, 56.09052666666666], [12.476181666666667, 56.1536], [12.352935, 56.18274666666667], [11.887731666666667, 56.05040666666666], [11.840213333333333, 55.97871333333333], [11.844095000000001, 55.908519999999996]]}, "properties": {"label": "KETLIN", "mmsi": "305445000", "imo": "9342152", "name": "KETLIN", "shiptype": "", "first_seen_utc": "2026-01-07T00:07:43Z", "last_seen_utc": "2026-01-16T03:36:27Z", "destination": "DKFDV", "eta": "{'Day': 16, 'Hour': 4, 'Minute': 0, 'Month': 1}", "display": "", "links": "<a href=\"https://www.vesselfinder.com/vessels?name=9342152\" target=\"_blank\" rel=\"noopener\">VesselFinder</a> | <a href=\"https://www.marinetraffic.com/en/ais/search/all?keyword=9342152\" target=\"_blank\" rel=\"noopener\">MarineTraffic</a>", "vf_url": "https://www.vesselfinder.com/vessels?name=9342152", "mst_url": "https://www.marinetraffic.com/en/ais/search/all?keyword=9342152", "method": "v3_2pass_track3d_fromru10d", "ru_seen_in_lookback": true, "in_monitor_on_day": true}}, {"type": "Feature", "geometry": {"type": "Point", "coordinates": [11.844095000000001, 55.908519999999996]}, "properties": {"label": "KETLIN", "mmsi": "305445000", "imo": "9342152", "name": "KETLIN", "shiptype": "", "first_seen_utc": "2026-01-07T00:07:43Z", "last_seen_utc": "2026-01-16T03:36:27Z", "destination": "DKFDV", "eta": "{'Day': 16, 'Hour': 4, 'Minute': 0, 'Month': 1}", "display": "KETLIN (305445000)", "links": "<a href=\"https://www.vesselfinder.com/vessels?name=9342152\" target=\"_blank\" rel=\"noopener\">VesselFinder</a> | <a href=\"https://www.marinetraffic.com/en/ais/search/all?keyword=9342152\" target=\"_blank\" rel=\"noopener\">MarineTraffic</a>", "vf_url": "https://www.vesselfinder.com/vessels?name=9342152", "mst_url": "https://www.marinetraffic.com/en/ais/search/all?keyword=9342152", "method": "v3_2pass_track3d_fromru10d", "ru_seen_in_lookback": true, "in_monitor_on_day": true}}, {"type": "Feature", "geometry": {"type": "LineString", "coordinates": [[18.653755, 54.38164833333334], [18.65363166666667, 54.381765], [18.65363166666667, 54.381771666666666], [18.653693333333333, 54.38177666666666], [18.65368833333333, 54.38175666666667], [18.653708333333334, 54.38179], [18.653656666666667, 54.38173666666667], [18.653665, 54.38176833333333], [18.653675, 54.38177833333334], [18.653636666666667, 54.38186833333334], [18.65369666666667, 54.38166666666667], [18.653668333333332, 54.38173333333334], [18.653658333333333, 54.381715], [18.653675, 54.38175833333333], [18.653613333333332, 54.38174], [18.65371, 54.38171833333333], [18.653655, 54.381715], [18.653646666666667, 54.381753333333336], [18.653581666666664, 54.38171833333333], [18.65368833333333, 54.381798333333336], [18.653671666666664, 54.38169333333334], [18.653636666666667, 54.381785], [18.653596666666665, 54.38176], [18.65364, 54.38169833333333], [18.653673333333334, 54.381745], [18.653628333333334, 54.38157666666667], [18.653715, 54.381708333333336], [18.65363166666667, 54.381724999999996], [18.65372166666667, 54.381746666666665], [18.653571666666668, 54.38167833333333], [18.653715, 54.381690000000006], [18.653658333333333, 54.381775], [18.653675, 54.381715], [18.653658333333333, 54.381721666666664], [18.65375166666667, 54.381715], [18.653686666666665, 54.38172833333333], [18.65368833333333, 54.38171833333333], [18.653655, 54.381703333333334], [18.653693333333333, 54.38177833333334], [18.653656666666667, 54.38180666666666], [18.653726666666667, 54.38173666666667], [18.6537, 54.38171833333333], [18.653665, 54.381765], [18.653691666666667, 54.38172], [18.653665, 54.38175666666667], [18.653666666666666, 54.38176833333333], [18.65368, 54.38172], [18.653689999999997, 54.381805], [18.653650000000003, 54.38174333333333], [18.65372166666667, 54.381706666666666], [18.653683333333333, 54.381745], [18.653708333333334, 54.381690000000006], [18.65364333333333, 54.38183333333333], [18.65366, 54.38176833333333], [18.653658333333333, 54.381769999999996], [18.653746666666667, 54.38178166666667], [18.653689999999997, 54.38173833333334], [18.653689999999997, 54.381705000000004], [18.6537, 54.38179], [18.653635, 54.381706666666666], [18.65371, 54.381735000000006], [18.653671666666664, 54.38176166666666], [18.653689999999997, 54.38174166666667], [18.653689999999997, 54.38176833333333], [18.653675, 54.381748333333334], [18.653711666666666, 54.381780000000006], [18.653726666666667, 54.38182], [18.653695000000003, 54.381690000000006], [18.65375166666667, 54.38179], [18.653703333333333, 54.381753333333336], [18.653701666666667, 54.38180833333333], [18.653658333333333, 54.38173], [18.653693333333333, 54.381796666666666], [18.653705, 54.381771666666666], [18.653618333333334, 54.38178666666667], [18.65359833333333, 54.381771666666666], [18.653705, 54.381811666666664], [18.653683333333333, 54.381721666666664], [18.65364333333333, 54.38177833333334], [18.653593333333333, 54.381690000000006], [18.65373333333333, 54.38172833333333], [18.65369666666667, 54.381681666666665], [18.653665, 54.38176166666666], [18.653715, 54.38176], [18.653718333333334, 54.38178833333333], [18.653663333333334, 54.38176166666666], [18.65371, 54.38168333333333], [18.653725, 54.38176166666666], [18.653723333333335, 54.381795000000004], [18.653723333333335, 54.381751666666666], [18.653701666666667, 54.38175833333333], [18.653683333333333, 54.381795000000004], [18.653641666666665, 54.38182333333334], [18.653666666666666, 54.381775], [18.653728333333333, 54.381705000000004], [18.65368, 54.38174], [18.653671666666664, 54.38171833333333], [18.65364333333333, 54.38178666666667]]}, "properties": {"label": "JIA RUN", "mmsi": "477925700", "imo": "9533361", "name": "JIA RUN", "shiptype": "", "first_seen_utc": "2026-01-07T00:08:35Z", "last_seen_utc": "2026-01-16T03:47:35Z", "destination": "GDANSK", "eta": "{'Day': 23, 'Hour': 12, 'Minute': 0, 'Month': 12}", "display": "", "links": "<a href=\"https://www.vesselfinder.com/vessels?name=9533361\" target=\"_blank\" rel=\"noopener\">VesselFinder</a> | <a href=\"https://www.marinetraffic.com/en/ais/search/all?keyword=9533361\" target=\"_blank\" rel=\"noopener\">MarineTraffic</a>", "vf_url": "https://www.vesselfinder.com/vessels?name=9533361", "mst_url": "https://www.marinetraffic.com/en/ais/search/all?keyword=9533361", "method": "v3_2pass_track3d_fromru10d", "ru_seen_in_lookback": true, "in_monitor_on_day": true}}, {"type": "Feature", "geometry": {"type": "Point", "coordinates": [18.65364333333333, 54.38178666666667]}, "properties": {"label": "JIA RUN", "mmsi": "477925700", "imo": "9533361", "name": "JIA RUN", "shiptype": "", "first_seen_utc": "2026-01-07T00:08:35Z", "last_seen_utc": "2026-01-16T03:47:35Z", "destination": "GDANSK", "eta": "{'Day': 23, 'Hour': 12, 'Minute': 0, 'Month': 12}", "display": "JIA RUN (477925700)", "links": "<a href=\"https://www.vesselfinder.com/vessels?name=9533361\" target=\"_blank\" rel=\"noopener\">VesselFinder</a> | <a href=\"https://www.marinetraffic.com/en/ais/search/all?keyword=9533361\" target=\"_blank\" rel=\"noopener\">MarineTraffic</a>", "vf_url": "https://www.vesselfinder.com/vessels?name=9533361", "mst_url": "https://www.marinetraffic.com/en/ais/search/all?keyword=9533361", "method": "v3_2pass_track3d_fromru10d", "ru_seen_in_lookback": true, "in_monitor_on_day": true}}, {"type": "Feature", "geometry": {"type": "LineString", "coordinates": [[18.71099333333333, 54.388016666666665], [18.710991666666665, 54.388015], [18.710988333333333, 54.38802], [18.710991666666665, 54.38802], [18.71099, 54.388018333333335], [18.710991666666665, 54.38802], [18.71099, 54.38802833333333], [18.71099333333333, 54.388025], [18.710991666666665, 54.388034999999995], [18.710978333333333, 54.38804666666667], [18.71099, 54.38802333333333], [18.710991666666665, 54.388018333333335], [18.710985, 54.388025], [18.710983333333335, 54.388011666666664], [18.710986666666667, 54.388018333333335], [18.710985, 54.388018333333335], [18.710976666666667, 54.388025], [18.710985, 54.38802333333333], [18.710998333333336, 54.38802], [18.710986666666667, 54.388016666666665], [18.710991666666665, 54.388025], [18.710983333333335, 54.38802166666667], [18.710996666666666, 54.38802666666666], [18.711009999999998, 54.38801333333333], [18.711003333333334, 54.388040000000004], [18.71099333333333, 54.388034999999995], [18.710996666666666, 54.388018333333335], [18.710998333333336, 54.38802], [18.711000000000002, 54.38802333333333], [18.711000000000002, 54.38802666666666], [18.71099333333333, 54.38802833333333], [18.710981666666665, 54.38802666666666], [18.710995, 54.38802333333333], [18.712075000000002, 54.388506666666665], [18.776083333333336, 54.407943333333336], [18.88702, 54.424753333333335], [19.02922166666667, 54.50166333333333], [19.106573333333333, 54.64705666666667], [19.06259, 54.80247833333333], [18.87129666666667, 54.88797666666667], [18.659961666666668, 54.96782666666666], [18.405625, 54.964573333333334], [18.151083333333336, 54.96174666666666], [14.821458333333334, 54.65569333333334], [14.215016666666665, 54.65575666666667], [13.804885, 54.723229999999994], [13.209748333333332, 54.776885], [12.427993333333335, 54.66483], [12.27709, 54.60118666666666], [12.199856666666667, 54.46722666666667], [11.964743333333333, 54.440425], [11.708576666666666, 54.45442833333333], [11.473753333333333, 54.51629166666667], [11.248316666666666, 54.594568333333335], [11.031626666666666, 54.633138333333335], [10.834458333333334, 54.66066], [10.800946666666666, 54.759915], [10.839531666666666, 54.87700333333333], [10.960659999999999, 54.971291666666666], [10.990248333333334, 55.090646666666665], [11.07703, 55.19363166666667], [11.052628333333333, 55.29418], [11.03922, 55.37000666666667], [10.931894999999999, 55.40445666666667], [10.929521666666666, 55.405895], [10.929210000000001, 55.405791666666666], [10.929705, 55.40476], [10.880458333333333, 55.50928833333333], [10.792603333333334, 55.62406333333333], [10.806515, 55.746563333333334], [10.818308333333333, 55.8712], [10.976833333333333, 55.93494333333333], [11.088673333333332, 56.03715666666667], [11.21367, 56.136201666666665]]}, "properties": {"label": "CMA CGM KERGUELEN", "mmsi": "215207000", "imo": "9702132", "name": "CMA CGM KERGUELEN", "shiptype": "", "first_seen_utc": "2026-01-07T00:08:38Z", "last_seen_utc": "2026-01-16T00:17:39Z", "destination": "SEGOT", "eta": "{'Day': 16, 'Hour': 4, 'Minute': 0, 'Month': 1}", "display": "", "links": "<a href=\"https://www.vesselfinder.com/vessels?name=9702132\" target=\"_blank\" rel=\"noopener\">VesselFinder</a> | <a href=\"https://www.marinetraffic.com/en/ais/search/all?keyword=9702132\" target=\"_blank\" rel=\"noopener\">MarineTraffic</a>", "vf_url": "https://www.vesselfinder.com/vessels?name=9702132", "mst_url": "https://www.marinetraffic.com/en/ais/search/all?keyword=9702132", "method": "v3_2pass_track3d_fromru10d", "ru_seen_in_lookback": true, "in_monitor_on_day": true}}, {"type": "Feature", "geometry": {"type": "Point", "coordinates": [11.21367, 56.136201666666665]}, "properties": {"label": "CMA CGM KERGUELEN", "mmsi": "215207000", "imo": "9702132", "name": "CMA CGM KERGUELEN", "shiptype": "", "first_seen_utc": "2026-01-07T00:08:38Z", "last_seen_utc": "2026-01-16T00:17:39Z", "destination": "SEGOT", "eta": "{'Day': 16, 'Hour': 4, 'Minute': 0, 'Month': 1}", "display": "CMA CGM KERGUELEN (215207000)", "links": "<a href=\"https://www.vesselfinder.com/vessels?name=9702132\" target=\"_blank\" rel=\"noopener\">VesselFinder</a> | <a href=\"https://www.marinetraffic.com/en/ais/search/all?keyword=9702132\" target=\"_blank\" rel=\"noopener\">MarineTraffic</a>", "vf_url": "https://www.vesselfinder.com/vessels?name=9702132", "mst_url": "https://www.marinetraffic.com/en/ais/search/all?keyword=9702132", "method": "v3_2pass_track3d_fromru10d", "ru_seen_in_lookback": true, "in_monitor_on_day": true}}, {"type": "Feature", "geometry": {"type": "LineString", "coordinates": [[2.0263083333333336, 51.47700333333333], [1.9613066666666665, 51.41399], [1.9062066666666666, 51.34570333333333], [1.8505399999999999, 51.278850000000006], [1.7803733333333334, 51.21648666666667], [1.7149233333333334, 51.168393333333334], [1.6544783333333333, 51.11226333333333], [1.7182316666666668, 51.04486333333333], [1.8089733333333333, 51.028866666666666], [2.1661283333333334, 51.038403333333335], [2.1771733333333336, 51.00246666666667], [1.9115833333333332, 51.037596666666666], [1.8036733333333332, 51.03492000000001], [1.7715816666666666, 51.09012], [1.8769116666666668, 51.14994333333333], [1.9917416666666665, 51.199796666666664], [2.083905, 51.25955333333333], [2.129563333333333, 51.33797333333334], [2.1923016666666664, 51.404583333333335], [2.3985083333333335, 51.587043333333334], [2.4857549999999997, 51.65112333333333], [2.602931666666667, 51.749559999999995], [2.696413333333333, 51.81999666666666], [2.7973116666666664, 51.895149999999994], [3.130263333333333, 52.12836], [4.037748333333334, 52.46709], [4.115443333333333, 52.477579999999996], [4.18842, 52.48377333333334], [4.266706666666667, 52.478613333333335], [4.346438333333333, 52.47271333333333], [4.416065000000001, 52.471426666666666], [4.524248333333333, 52.466519999999996], [4.590156666666667, 52.466006666666665], [4.608405, 52.46459], [4.703646666666667, 52.43947], [4.776378333333333, 52.40718666666667], [4.7877366666666665, 52.40217333333333], [4.787706666666667, 52.40218], [4.787725, 52.402190000000004], [4.787705, 52.40221333333333], [4.787723333333333, 52.402206666666665], [4.787706666666667, 52.402190000000004], [4.787693333333333, 52.402190000000004], [4.7877, 52.40221333333333], [4.787723333333333, 52.402206666666665], [4.787696666666666, 52.402206666666665], [4.787726666666667, 52.40222333333334], [4.787703333333334, 52.402206666666665], [4.787706666666667, 52.402206666666665], [4.787738333333333, 52.402206666666665]]}, "properties": {"label": "UNITAR", "mmsi": "257364000", "imo": "9505687", "name": "UNITAR", "shiptype": "", "first_seen_utc": "2026-01-07T00:08:59Z", "last_seen_utc": "2026-01-16T03:37:14Z", "destination": "NLAMS", "eta": "{'Day': 15, 'Hour': 16, 'Minute': 0, 'Month': 1}", "display": "", "links": "<a href=\"https://www.vesselfinder.com/vessels?name=9505687\" target=\"_blank\" rel=\"noopener\">VesselFinder</a> | <a href=\"https://www.marinetraffic.com/en/ais/search/all?keyword=9505687\" target=\"_blank\" rel=\"noopener\">MarineTraffic</a>", "vf_url": "https://www.vesselfinder.com/vessels?name=9505687", "mst_url": "https://www.marinetraffic.com/en/ais/search/all?keyword=9505687", "method": "v3_2pass_track3d_fromru10d", "ru_seen_in_lookback": true, "in_monitor_on_day": true}}, {"type": "Feature", "geometry": {"type": "Point", "coordinates": [4.787738333333333, 52.402206666666665]}, "properties": {"label": "UNITAR", "mmsi": "257364000", "imo": "9505687", "name": "UNITAR", "shiptype": "", "first_seen_utc": "2026-01-07T00:08:59Z", "last_seen_utc": "2026-01-16T03:37:14Z", "destination": "NLAMS", "eta": "{'Day': 15, 'Hour': 16, 'Minute': 0, 'Month': 1}", "display": "UNITAR (257364000)", "links": "<a href=\"https://www.vesselfinder.com/vessels?name=9505687\" target=\"_blank\" rel=\"noopener\">VesselFinder</a> | <a href=\"https://www.marinetraffic.com/en/ais/search/all?keyword=9505687\" target=\"_blank\" rel=\"noopener\">MarineTraffic</a>", "vf_url": "https://www.vesselfinder.com/vessels?name=9505687", "mst_url": "https://www.marinetraffic.com/en/ais/search/all?keyword=9505687", "method": "v3_2pass_track3d_fromru10d", "ru_seen_in_lookback": true, "in_monitor_on_day": true}}, {"type": "Feature", "geometry": {"type": "LineString", "coordinates": [[14.17275, 55.02185833333333], [14.34941, 55.14665333333333], [14.465839999999998, 55.23625833333333], [14.593818333333333, 55.33549666666667], [14.731131666666666, 55.40959], [14.9198, 55.44853166666667], [18.632054999999998, 55.025306666666665], [18.770365, 54.949200000000005], [18.89587, 54.86378666666667], [19.002286666666667, 54.768786666666664], [19.054675, 54.66320333333333], [19.037766666666666, 54.56449833333333], [18.964113333333334, 54.47902166666667], [18.89428333333333, 54.45183166666666], [18.88684, 54.447298333333336], [18.88708, 54.447215], [18.887825000000003, 54.446805000000005], [18.888445, 54.44644], [18.888523333333335, 54.446398333333335], [18.88628333333333, 54.44745], [18.88408666666667, 54.447225], [18.883143333333333, 54.44696], [18.883015, 54.44669666666667], [18.882794999999998, 54.446839999999995], [18.88294833333333, 54.446825], [18.883135, 54.44680833333334], [18.883761666666665, 54.447206666666666], [18.88337, 54.44700833333333], [18.883348333333334, 54.44699666666667], [18.882839999999998, 54.44690666666667], [18.883249999999997, 54.447055], [18.883778333333332, 54.44729333333333], [18.883531666666666, 54.447285], [18.883561666666665, 54.44728166666666], [18.88412, 54.44733166666666], [18.884418333333333, 54.447493333333334], [18.884681666666665, 54.447615000000006], [18.884263333333333, 54.44744], [18.884388333333334, 54.44749], [18.88459, 54.44757666666667], [18.884326666666666, 54.447570000000006], [18.884059999999998, 54.44751833333333], [18.884328333333332, 54.44757833333333], [18.883801666666667, 54.44750166666667], [18.8836, 54.44743666666667], [18.88324833333333, 54.44733833333333], [18.883061666666666, 54.44726166666667], [18.882753333333334, 54.44717], [18.882381666666667, 54.44706833333333], [18.88265, 54.44713166666667], [18.882806666666667, 54.44723166666667], [18.883085, 54.447325], [18.883058333333334, 54.447355], [18.883043333333333, 54.44733166666666], [18.88293666666667, 54.44733166666666], [18.88282333333333, 54.44727833333333], [18.883198333333333, 54.44742166666666], [18.883376666666667, 54.447453333333335], [18.88353, 54.447565000000004], [18.88329333333333, 54.44750166666667], [18.883396666666666, 54.44752666666667], [18.883699999999997, 54.44761833333334], [18.88354, 54.44754833333333], [18.88401, 54.44762166666667], [18.884013333333332, 54.44757833333333], [18.883789999999998, 54.447630000000004], [18.883888333333335, 54.44762166666667], [18.88409, 54.44764333333333], [18.884076666666665, 54.447586666666666]]}, "properties": {"label": "EAGLE BINTULU", "mmsi": "533130869", "imo": "9795074", "name": "EAGLE BINTULU", "shiptype": "", "first_seen_utc": "2026-01-07T00:09:46Z", "last_seen_utc": "2026-01-16T03:37:16Z", "destination": "GDANSK POLAND", "eta": "{'Day': 15, 'Hour': 20, 'Minute': 0, 'Month': 1}", "display": "", "links": "<a href=\"https://www.vesselfinder.com/vessels?name=9795074\" target=\"_blank\" rel=\"noopener\">VesselFinder</a> | <a href=\"https://www.marinetraffic.com/en/ais/search/all?keyword=9795074\" target=\"_blank\" rel=\"noopener\">MarineTraffic</a>", "vf_url": "https://www.vesselfinder.com/vessels?name=9795074", "mst_url": "https://www.marinetraffic.com/en/ais/search/all?keyword=9795074", "method": "v3_2pass_track3d_fromru10d", "ru_seen_in_lookback": true, "in_monitor_on_day": true}}, {"type": "Feature", "geometry": {"type": "Point", "coordinates": [18.884076666666665, 54.447586666666666]}, "properties": {"label": "EAGLE BINTULU", "mmsi": "533130869", "imo": "9795074", "name": "EAGLE BINTULU", "shiptype": "", "first_seen_utc": "2026-01-07T00:09:46Z", "last_seen_utc": "2026-01-16T03:37:16Z", "destination": "GDANSK POLAND", "eta": "{'Day': 15, 'Hour': 20, 'Minute': 0, 'Month': 1}", "display": "EAGLE BINTULU (533130869)", "links": "<a href=\"https://www.vesselfinder.com/vessels?name=9795074\" target=\"_blank\" rel=\"noopener\">VesselFinder</a> | <a href=\"https://www.marinetraffic.com/en/ais/search/all?keyword=9795074\" target=\"_blank\" rel=\"noopener\">MarineTraffic</a>", "vf_url": "https://www.vesselfinder.com/vessels?name=9795074", "mst_url": "https://www.marinetraffic.com/en/ais/search/all?keyword=9795074", "method": "v3_2pass_track3d_fromru10d", "ru_seen_in_lookback": true, "in_monitor_on_day": true}}, {"type": "Feature", "geometry": {"type": "LineString", "coordinates": [[0.45253333333333334, 53.75396666666666], [0.4525666666666667, 53.75386666666667], [0.45348333333333335, 53.75595], [0.4536833333333333, 53.755183333333335], [0.4532, 53.75481666666667], [0.4522833333333333, 53.75429999999999], [0.4498833333333333, 53.757], [0.44984999999999997, 53.757], [0.44966666666666666, 53.75696666666667], [0.4497666666666667, 53.75698333333333], [0.45311666666666667, 53.75586666666666], [0.45213333333333333, 53.7539], [0.45208333333333334, 53.75395], [0.45139999999999997, 53.75396666666666], [0.45035000000000003, 53.75608333333333], [0.4496833333333334, 53.75268333333334], [0.4504666666666666, 53.75293333333333], [0.45045, 53.75301666666667]]}, "properties": {"label": "ESSEX STAR", "mmsi": "256809000", "imo": "9348297", "name": "ESSEX STAR", "shiptype": "", "first_seen_utc": "2026-01-07T00:09:49Z", "last_seen_utc": "2026-01-16T02:45:13Z", "destination": "BEANR > GBIMM", "eta": "{'Day': 13, 'Hour': 21, 'Minute': 0, 'Month': 1}", "display": "", "links": "<a href=\"https://www.vesselfinder.com/vessels?name=9348297\" target=\"_blank\" rel=\"noopener\">VesselFinder</a> | <a href=\"https://www.marinetraffic.com/en/ais/search/all?keyword=9348297\" target=\"_blank\" rel=\"noopener\">MarineTraffic</a>", "vf_url": "https://www.vesselfinder.com/vessels?name=9348297", "mst_url": "https://www.marinetraffic.com/en/ais/search/all?keyword=9348297", "method": "v3_2pass_track3d_fromru10d", "ru_seen_in_lookback": true, "in_monitor_on_day": true}}, {"type": "Feature", "geometry": {"type": "Point", "coordinates": [0.45045, 53.75301666666667]}, "properties": {"label": "ESSEX STAR", "mmsi": "256809000", "imo": "9348297", "name": "ESSEX STAR", "shiptype": "", "first_seen_utc": "2026-01-07T00:09:49Z", "last_seen_utc": "2026-01-16T02:45:13Z", "destination": "BEANR > GBIMM", "eta": "{'Day': 13, 'Hour': 21, 'Minute': 0, 'Month': 1}", "display": "ESSEX STAR (256809000)", "links": "<a href=\"https://www.vesselfinder.com/vessels?name=9348297\" target=\"_blank\" rel=\"noopener\">VesselFinder</a> | <a href=\"https://www.marinetraffic.com/en/ais/search/all?keyword=9348297\" target=\"_blank\" rel=\"noopener\">MarineTraffic</a>", "vf_url": "https://www.vesselfinder.com/vessels?name=9348297", "mst_url": "https://www.marinetraffic.com/en/ais/search/all?keyword=9348297", "method": "v3_2pass_track3d_fromru10d", "ru_seen_in_lookback": true, "in_monitor_on_day": true}}, {"type": "Feature", "geometry": {"type": "LineString", "coordinates": [[18.557315000000003, 54.95090666666667], [18.71669166666667, 54.87871333333333], [18.894045000000002, 54.80820000000001], [19.02732, 54.721851666666666], [19.072491666666668, 54.60890833333334], [18.990146666666664, 54.506076666666665], [18.864713333333334, 54.42436166666666], [18.747853333333335, 54.40472833333333], [18.71966666666667, 54.391126666666665], [18.718271666666666, 54.387105], [18.71828, 54.387116666666664], [18.71830333333333, 54.387134999999994], [18.71827, 54.38710666666667], [18.718281666666666, 54.387121666666665], [18.718283333333332, 54.38710833333334], [18.718284999999998, 54.387100000000004], [18.718273333333332, 54.387101666666666], [18.71828, 54.387105], [18.718320000000002, 54.38717], [18.718290000000003, 54.387053333333334], [18.718290000000003, 54.38709333333334], [18.718268333333334, 54.38709166666667], [18.718283333333332, 54.38709333333334], [18.718265, 54.387119999999996], [18.718281666666666, 54.38711166666667], [18.718275000000002, 54.38711333333333], [18.718175, 54.387013333333336], [18.718315, 54.387143333333334], [18.718290000000003, 54.387121666666665], [18.718261666666667, 54.38708999999999], [18.718255, 54.38704833333334], [18.718286666666664, 54.38709166666667], [18.718146666666666, 54.387065], [18.71828833333333, 54.38709666666667], [18.718301666666665, 54.387134999999994], [18.718261666666667, 54.38709666666667], [18.718255, 54.38715666666667], [18.718256666666665, 54.38704], [18.718308333333333, 54.38708333333333], [18.718298333333333, 54.38708666666666], [18.71822166666667, 54.387078333333335], [18.718341666666667, 54.38706166666667], [18.718305, 54.38723666666667], [18.718143333333334, 54.38733166666667], [18.718011666666666, 54.387224999999994], [18.718011666666666, 54.387213333333335], [18.718006666666668, 54.387213333333335], [18.717993333333332, 54.387235000000004], [18.717986666666665, 54.38721833333333], [18.717986666666665, 54.387213333333335], [18.717938333333333, 54.38723166666667], [18.717981666666667, 54.387235000000004], [18.718286666666664, 54.38718166666667], [18.717955, 54.38721666666667], [18.717981666666667, 54.38722], [18.717985, 54.38722166666666], [18.718076666666665, 54.38714166666667], [18.718276666666668, 54.38709666666667], [18.718293333333335, 54.38708833333333], [18.718290000000003, 54.387085], [18.717996666666668, 54.38723166666667], [18.717948333333332, 54.38722333333333], [18.71797666666667, 54.38723666666667], [18.717958333333335, 54.387238333333336], [18.717948333333332, 54.387256666666666], [18.717978333333335, 54.387235000000004], [18.71798, 54.387191666666666], [18.717993333333332, 54.38722], [18.717941666666665, 54.387188333333334], [18.717991666666666, 54.387224999999994], [18.717963333333334, 54.387235000000004], [18.717978333333335, 54.387224999999994], [18.717973333333337, 54.38722333333333], [18.717963333333334, 54.387179999999994], [18.717969999999998, 54.38723], [18.717993333333332, 54.387213333333335], [18.717996666666668, 54.387245], [18.717958333333335, 54.387224999999994], [18.717978333333335, 54.38721666666667], [18.717963333333334, 54.38722166666666], [18.717981666666667, 54.38724833333333], [18.717969999999998, 54.38722833333334], [18.71796, 54.38722666666667], [18.717965, 54.387205], [18.717985, 54.387209999999996], [18.717953333333334, 54.387224999999994], [18.717973333333337, 54.38722333333333], [18.717965, 54.387235000000004], [18.71796833333333, 54.38723], [18.717961666666667, 54.38722833333334], [18.717981666666667, 54.387224999999994], [18.717978333333335, 54.38722333333333], [18.717978333333335, 54.387235000000004], [18.71799, 54.387235000000004], [18.717971666666664, 54.387224999999994], [18.71796833333333, 54.387213333333335], [18.717975000000003, 54.38721666666667], [18.731715, 54.401828333333334]]}, "properties": {"label": "W KLAIPEDA", "mmsi": "538009143", "imo": "9211482", "name": "W KLAIPEDA", "shiptype": "", "first_seen_utc": "2026-01-07T00:11:10Z", "last_seen_utc": "2026-01-16T03:40:40Z", "destination": "PLGDY", "eta": "{'Day': 16, 'Hour': 7, 'Minute': 30, 'Month': 1}", "display": "", "links": "<a href=\"https://www.vesselfinder.com/vessels?name=9211482\" target=\"_blank\" rel=\"noopener\">VesselFinder</a> | <a href=\"https://www.marinetraffic.com/en/ais/search/all?keyword=9211482\" target=\"_blank\" rel=\"noopener\">MarineTraffic</a>", "vf_url": "https://www.vesselfinder.com/vessels?name=9211482", "mst_url": "https://www.marinetraffic.com/en/ais/search/all?keyword=9211482", "method": "v3_2pass_track3d_fromru10d", "ru_seen_in_lookback": true, "in_monitor_on_day": true}}, {"type": "Feature", "geometry": {"type": "Point", "coordinates": [18.731715, 54.401828333333334]}, "properties": {"label": "W KLAIPEDA", "mmsi": "538009143", "imo": "9211482", "name": "W KLAIPEDA", "shiptype": "", "first_seen_utc": "2026-01-07T00:11:10Z", "last_seen_utc": "2026-01-16T03:40:40Z", "destination": "PLGDY", "eta": "{'Day': 16, 'Hour': 7, 'Minute': 30, 'Month': 1}", "display": "W KLAIPEDA (538009143)", "links": "<a href=\"https://www.vesselfinder.com/vessels?name=9211482\" target=\"_blank\" rel=\"noopener\">VesselFinder</a> | <a href=\"https://www.marinetraffic.com/en/ais/search/all?keyword=9211482\" target=\"_blank\" rel=\"noopener\">MarineTraffic</a>", "vf_url": "https://www.vesselfinder.com/vessels?name=9211482", "mst_url": "https://www.marinetraffic.com/en/ais/search/all?keyword=9211482", "method": "v3_2pass_track3d_fromru10d", "ru_seen_in_lookback": true, "in_monitor_on_day": true}}, {"type": "Feature", "geometry": {"type": "LineString", "coordinates": [[18.673893333333336, 54.39486], [18.673885, 54.39485], [18.673868333333335, 54.394866666666665], [18.673868333333335, 54.39483499999999], [18.67389166666667, 54.394885], [18.67385833333333, 54.39486333333333], [18.67393, 54.394868333333335], [18.673901666666666, 54.39486], [18.673908333333333, 54.394888333333334], [18.67387, 54.39487833333333], [18.67385833333333, 54.39487], [18.673871666666667, 54.39486], [18.673906666666667, 54.394875], [18.673871666666667, 54.39484], [18.67390333333333, 54.39486333333333], [18.673883333333333, 54.394875], [18.673859999999998, 54.39482666666667], [18.67391, 54.39487], [18.67387666666667, 54.39488166666667], [18.673885, 54.39486333333333], [18.673871666666667, 54.39484], [18.673885, 54.39485], [18.673893333333336, 54.39485666666667], [18.673873333333333, 54.39485333333334], [18.67390333333333, 54.39486333333333], [18.673859999999998, 54.39484], [18.67388, 54.39481833333333], [18.673844999999996, 54.39487], [18.673868333333335, 54.394825], [18.673853333333334, 54.39488333333334], [18.67384666666667, 54.39485166666667], [18.673863333333333, 54.39485833333333], [18.673898333333334, 54.39489666666667], [18.67387, 54.39485], [18.673883333333333, 54.39483499999999], [18.673895, 54.394843333333334], [18.673875, 54.39487833333333], [18.673868333333335, 54.39483666666667], [18.673906666666667, 54.39485], [18.673861666666667, 54.39485833333333], [18.673861666666667, 54.39486], [18.67388, 54.394843333333334], [18.67385, 54.39487833333333], [18.67388, 54.39488166666667], [18.673878333333334, 54.394861666666664], [18.673866666666665, 54.394846666666666], [18.673878333333334, 54.394868333333335], [18.673889999999997, 54.39487666666666], [18.673895, 54.394868333333335], [18.673875, 54.39486], [18.673861666666667, 54.39486], [18.673853333333334, 54.394848333333336], [18.673893333333336, 54.394895], [18.673871666666667, 54.394843333333334], [18.67388833333333, 54.39482833333333], [18.673898333333334, 54.39484], [18.673859999999998, 54.39487999999999], [18.673898333333334, 54.39485333333334], [18.673906666666667, 54.394843333333334], [18.673906666666667, 54.39488333333334], [18.673878333333334, 54.394848333333336], [18.673828333333333, 54.39483833333334], [18.67382, 54.39484166666667], [18.673895, 54.39487], [18.67388833333333, 54.39487833333333], [18.67391, 54.39485], [18.67388, 54.394816666666664], [18.673875, 54.39487], [18.673865, 54.39487666666666], [18.67388833333333, 54.394861666666664], [18.673873333333333, 54.39487666666666], [18.673923333333335, 54.394861666666664], [18.673886666666665, 54.39485166666667], [18.673871666666667, 54.394855], [18.673865, 54.39487166666667], [18.673851666666668, 54.39485833333333], [18.673898333333334, 54.39487333333333], [18.673873333333333, 54.39488333333334], [18.673871666666667, 54.394868333333335], [18.673871666666667, 54.394861666666664], [18.67385, 54.39486], [18.673889999999997, 54.394864999999996], [18.67393666666667, 54.39485166666667], [18.673821666666665, 54.39484], [18.673883333333333, 54.39483833333334], [18.673851666666668, 54.394843333333334], [18.673853333333334, 54.394868333333335], [18.673898333333334, 54.39488166666667], [18.673886666666665, 54.39485666666667], [18.673889999999997, 54.39486333333333], [18.673873333333333, 54.39486333333333], [18.673885, 54.39486], [18.673911666666665, 54.394846666666666], [18.673875, 54.39486333333333], [18.67387, 54.39483666666667], [18.67384666666667, 54.39483333333333], [18.673883333333333, 54.39487166666667], [18.673896666666668, 54.39485166666667], [18.67388833333333, 54.39486]]}, "properties": {"label": "OCEANIA", "mmsi": "261000150", "imo": "8304854", "name": "OCEANIA", "shiptype": "", "first_seen_utc": "2026-01-07T00:12:00Z", "last_seen_utc": "2026-01-16T03:39:48Z", "destination": "GDANSK", "eta": "{'Day': 9, 'Hour': 7, 'Minute': 0, 'Month': 1}", "display": "", "links": "<a href=\"https://www.vesselfinder.com/vessels?name=8304854\" target=\"_blank\" rel=\"noopener\">VesselFinder</a> | <a href=\"https://www.marinetraffic.com/en/ais/search/all?keyword=8304854\" target=\"_blank\" rel=\"noopener\">MarineTraffic</a>", "vf_url": "https://www.vesselfinder.com/vessels?name=8304854", "mst_url": "https://www.marinetraffic.com/en/ais/search/all?keyword=8304854", "method": "v3_2pass_track3d_fromru10d", "ru_seen_in_lookback": true, "in_monitor_on_day": true}}, {"type": "Feature", "geometry": {"type": "Point", "coordinates": [18.67388833333333, 54.39486]}, "properties": {"label": "OCEANIA", "mmsi": "261000150", "imo": "8304854", "name": "OCEANIA", "shiptype": "", "first_seen_utc": "2026-01-07T00:12:00Z", "last_seen_utc": "2026-01-16T03:39:48Z", "destination": "GDANSK", "eta": "{'Day': 9, 'Hour': 7, 'Minute': 0, 'Month': 1}", "display": "OCEANIA (261000150)", "links": "<a href=\"https://www.vesselfinder.com/vessels?name=8304854\" target=\"_blank\" rel=\"noopener\">VesselFinder</a> | <a href=\"https://www.marinetraffic.com/en/ais/search/all?keyword=8304854\" target=\"_blank\" rel=\"noopener\">MarineTraffic</a>", "vf_url": "https://www.vesselfinder.com/vessels?name=8304854", "mst_url": "https://www.marinetraffic.com/en/ais/search/all?keyword=8304854", "method": "v3_2pass_track3d_fromru10d", "ru_seen_in_lookback": true, "in_monitor_on_day": true}}, {"type": "Feature", "geometry": {"type": "LineString", "coordinates": [[4.254588333333333, 51.28891], [4.254593333333333, 51.288916666666665], [4.254583333333334, 51.288925], [4.254583333333334, 51.288911666666664], [4.254593333333333, 51.28891], [4.254553333333333, 51.288905], [4.2546083333333335, 51.28890666666667], [4.254625, 51.28892666666666], [4.254623333333333, 51.288938333333334], [4.254603333333333, 51.28890833333333], [4.254566666666666, 51.288935], [4.254613333333333, 51.288943333333336], [4.254525, 51.288895000000004], [4.25457, 51.28892666666666], [4.254583333333334, 51.288866666666664], [4.254568333333333, 51.28888], [4.254503333333333, 51.288885], [4.254536666666667, 51.288869999999996], [4.254408333333333, 51.28893], [4.254661666666666, 51.28889166666667], [4.25452, 51.28881333333333], [4.2546083333333335, 51.28891], [4.25462, 51.288916666666665], [4.254605, 51.28891833333333], [4.254618333333333, 51.288896666666666], [4.254603333333333, 51.28892333333333], [4.254625, 51.28891333333333], [4.254543333333333, 51.28891], [4.254613333333333, 51.28884166666667], [4.254555, 51.28885666666667], [4.254551666666667, 51.28890333333333], [4.2546116666666665, 51.289051666666666], [4.254591666666666, 51.289001666666664], [4.254695, 51.288956666666664], [4.2545866666666665, 51.288866666666664], [4.254575, 51.28888333333334], [4.254601666666667, 51.28892333333333], [4.25464, 51.288935], [4.2546, 51.28892166666667], [4.25456, 51.28888333333334], [4.254603333333333, 51.288911666666664], [4.254591666666666, 51.28891833333333], [4.2546083333333335, 51.28893333333333], [4.254606666666667, 51.288914999999996], [4.254593333333333, 51.28892166666667], [4.254625, 51.28892833333334], [4.254596666666667, 51.28893], [4.2546100000000004, 51.288916666666665], [4.254646666666667, 51.288965], [4.271353333333334, 51.30189], [4.229096666666667, 51.35930333333333], [4.102468333333333, 51.369733333333336], [3.975155, 51.431781666666666], [3.8510333333333335, 51.347565], [3.7075916666666666, 51.417561666666664], [3.595981666666667, 51.434288333333335], [3.4498683333333333, 51.415108333333336], [3.2500033333333334, 51.41087666666667], [3.04369, 51.41089833333333], [2.837708333333333, 51.421928333333334], [2.732265, 51.37556], [2.639078333333333, 51.38303], [2.5397966666666667, 51.38153], [2.422283333333333, 51.363733333333336], [2.309498333333333, 51.339475], [2.193073333333333, 51.367021666666666], [2.077555, 51.415755], [1.9598016666666667, 51.420195], [1.8959983333333335, 51.367738333333335], [1.8267483333333334, 51.30296], [1.75685, 51.23627833333333], [1.6696533333333332, 51.17868166666666], [1.574685, 51.12912333333334], [1.4844149999999998, 51.06794333333333], [1.4146016666666665, 51.000838333333334], [1.3245783333333334, 50.929431666666666], [1.2088366666666666, 50.869546666666665], [-1.0061666666666667, 50.365541666666665], [-1.3235416666666666, 50.321569999999994], [-1.492315, 50.295555], [-1.6329733333333332, 50.270905], [-1.7803566666666666, 50.24639166666667], [-1.8978716666666666, 50.23140166666667]]}, "properties": {"label": "MSC OLIVIA", "mmsi": "636022723", "imo": "9954761", "name": "MSC OLIVIA", "shiptype": "", "first_seen_utc": "2026-01-07T00:12:40Z", "last_seen_utc": "2026-01-16T03:58:18Z", "destination": "USCHS", "eta": "{'Day': 25, 'Hour': 9, 'Minute': 0, 'Month': 1}", "display": "", "links": "<a href=\"https://www.vesselfinder.com/vessels?name=9954761\" target=\"_blank\" rel=\"noopener\">VesselFinder</a> | <a href=\"https://www.marinetraffic.com/en/ais/search/all?keyword=9954761\" target=\"_blank\" rel=\"noopener\">MarineTraffic</a>", "vf_url": "https://www.vesselfinder.com/vessels?name=9954761", "mst_url": "https://www.marinetraffic.com/en/ais/search/all?keyword=9954761", "method": "v3_2pass_track3d_fromru10d", "ru_seen_in_lookback": true, "in_monitor_on_day": true}}, {"type": "Feature", "geometry": {"type": "Point", "coordinates": [-1.8978716666666666, 50.23140166666667]}, "properties": {"label": "MSC OLIVIA", "mmsi": "636022723", "imo": "9954761", "name": "MSC OLIVIA", "shiptype": "", "first_seen_utc": "2026-01-07T00:12:40Z", "last_seen_utc": "2026-01-16T03:58:18Z", "destination": "USCHS", "eta": "{'Day': 25, 'Hour': 9, 'Minute': 0, 'Month': 1}", "display": "MSC OLIVIA (636022723)", "links": "<a href=\"https://www.vesselfinder.com/vessels?name=9954761\" target=\"_blank\" rel=\"noopener\">VesselFinder</a> | <a href=\"https://www.marinetraffic.com/en/ais/search/all?keyword=9954761\" target=\"_blank\" rel=\"noopener\">MarineTraffic</a>", "vf_url": "https://www.vesselfinder.com/vessels?name=9954761", "mst_url": "https://www.marinetraffic.com/en/ais/search/all?keyword=9954761", "method": "v3_2pass_track3d_fromru10d", "ru_seen_in_lookback": true, "in_monitor_on_day": true}}, {"type": "Feature", "geometry": {"type": "LineString", "coordinates": [[10.493699999999999, 57.84995], [10.273083333333334, 57.85291666666667], [9.916500000000001, 57.84995], [9.550216666666667, 57.80688333333333], [9.085383333333334, 57.63218333333334], [8.80775, 57.540499999999994], [8.2294, 57.355850000000004], [8.07145, 57.29925], [7.935466666666667, 57.24953333333334], [-0.5963833333333334, 54.73030000000001], [-0.7562666666666666, 54.688916666666664], [-0.9276, 54.689166666666665], [-1.0114166666666666, 54.7001], [-1.0141, 54.70048333333333], [-1.0143166666666668, 54.70015], [-1.0143, 54.70025], [-1.0144499999999999, 54.70003333333333], [-1.0146333333333333, 54.69996666666667], [-1.01255, 54.69943333333333], [-1.0546666666666666, 54.69043333333333], [-1.153, 54.63663333333333], [-1.1641333333333332, 54.62251666666667], [-1.16415, 54.62251666666667], [-1.16415, 54.62251666666667], [-1.16415, 54.62251666666667], [-1.16415, 54.62251666666667], [-1.16415, 54.62251666666667], [-1.1641333333333332, 54.622499999999995], [-1.16415, 54.62251666666667], [-1.16415, 54.62251666666667], [-1.1641666666666666, 54.62253333333333], [-1.1641333333333332, 54.62251666666667], [-1.1641333333333332, 54.62253333333333]]}, "properties": {"label": "CGAS PANTHER", "mmsi": "249362000", "imo": "9578000", "name": "CGAS PANTHER", "shiptype": "", "first_seen_utc": "2026-01-07T00:12:54Z", "last_seen_utc": "2026-01-16T03:41:31Z", "destination": "GB TEE", "eta": "{'Day': 15, 'Hour': 16, 'Minute': 45, 'Month': 1}", "display": "", "links": "<a href=\"https://www.vesselfinder.com/vessels?name=9578000\" target=\"_blank\" rel=\"noopener\">VesselFinder</a> | <a href=\"https://www.marinetraffic.com/en/ais/search/all?keyword=9578000\" target=\"_blank\" rel=\"noopener\">MarineTraffic</a>", "vf_url": "https://www.vesselfinder.com/vessels?name=9578000", "mst_url": "https://www.marinetraffic.com/en/ais/search/all?keyword=9578000", "method": "v3_2pass_track3d_fromru10d", "ru_seen_in_lookback": true, "in_monitor_on_day": true}}, {"type": "Feature", "geometry": {"type": "Point", "coordinates": [-1.1641333333333332, 54.62253333333333]}, "properties": {"label": "CGAS PANTHER", "mmsi": "249362000", "imo": "9578000", "name": "CGAS PANTHER", "shiptype": "", "first_seen_utc": "2026-01-07T00:12:54Z", "last_seen_utc": "2026-01-16T03:41:31Z", "destination": "GB TEE", "eta": "{'Day': 15, 'Hour': 16, 'Minute': 45, 'Month': 1}", "display": "CGAS PANTHER (249362000)", "links": "<a href=\"https://www.vesselfinder.com/vessels?name=9578000\" target=\"_blank\" rel=\"noopener\">VesselFinder</a> | <a href=\"https://www.marinetraffic.com/en/ais/search/all?keyword=9578000\" target=\"_blank\" rel=\"noopener\">MarineTraffic</a>", "vf_url": "https://www.vesselfinder.com/vessels?name=9578000", "mst_url": "https://www.marinetraffic.com/en/ais/search/all?keyword=9578000", "method": "v3_2pass_track3d_fromru10d", "ru_seen_in_lookback": true, "in_monitor_on_day": true}}, {"type": "Feature", "geometry": {"type": "LineString", "coordinates": [[10.143333333333334, 54.36578833333333], [10.066708333333334, 54.36317666666666], [9.981948333333333, 54.344555], [9.886628333333334, 54.354929999999996], [9.792309999999999, 54.36134333333334], [9.718336666666666, 54.325228333333335], [9.653986666666666, 54.2887], [9.609908333333333, 54.23882833333333], [9.5468, 54.19681], [9.460675, 54.177593333333334], [9.391135, 54.15843333333333], [9.332368333333333, 54.13057166666667], [9.315536666666667, 54.073285000000006], [9.296943333333333, 54.014876666666666], [9.253581666666665, 53.964106666666666], [9.189413333333333, 53.91791], [9.14792, 53.892575], [9.146121666666666, 53.89133666666667], [9.03458, 53.864285], [6.005506666666666, 53.75863833333334], [5.863848333333333, 53.72746166666666], [5.71872, 53.69601333333333], [5.57097, 53.662778333333335], [5.42165, 53.631948333333334], [5.2725583333333335, 53.604625000000006], [5.129568333333333, 53.57552333333333], [4.992168333333334, 53.54733], [4.859645, 53.520869999999995], [4.733246666666667, 53.494263333333336], [4.5857850000000004, 53.42294833333334], [4.534823333333334, 53.35353], [4.4899933333333335, 53.284285], [4.449405, 53.21736833333333], [4.397633333333333, 53.15160166666667], [4.2925699999999996, 53.100411666666666], [4.187263333333333, 53.0473], [3.9614816666666663, 52.85152166666667], [3.8855733333333333, 52.607036666666666], [3.8582083333333332, 52.514426666666665], [3.817488333333333, 52.3765], [3.7963033333333334, 52.294774999999994], [3.783158333333333, 52.20547], [3.782078333333333, 52.12090666666666], [3.8164733333333336, 52.04210833333333], [3.9354816666666665, 52.00837166666667], [4.067001666666667, 51.98594], [4.175951666666666, 51.94828], [4.274583333333334, 51.90125666666667], [4.3541316666666665, 51.90362666666667], [4.35475, 51.90340166666667], [4.35476, 51.90342], [4.354743333333333, 51.90338666666666], [4.35475, 51.903405], [4.354753333333333, 51.90342666666666], [4.354758333333334, 51.903445000000005], [4.354768333333333, 51.903416666666665], [4.354744999999999, 51.90343166666666], [4.354753333333333, 51.903398333333335], [4.354765, 51.90341166666666], [4.35475, 51.903418333333335], [4.3547416666666665, 51.90342], [4.354743333333333, 51.903425], [4.354751666666667, 51.90341166666666], [4.354756666666666, 51.90340166666667], [4.3547633333333335, 51.903418333333335], [4.354775, 51.903416666666665], [4.354768333333333, 51.90343666666667], [4.3547633333333335, 51.903438333333334], [4.3547633333333335, 51.90340166666667], [4.354748333333333, 51.903385], [4.354748333333333, 51.90342666666666], [4.35477, 51.90342833333333], [4.354755, 51.90341]]}, "properties": {"label": "BALTIC COASTER", "mmsi": "255915748", "imo": "9963009", "name": "BALTIC COASTER", "shiptype": "", "first_seen_utc": "2026-01-07T00:13:24Z", "last_seen_utc": "2026-01-16T03:36:45Z", "destination": "NLRTM", "eta": "{'Day': 15, 'Hour': 12, 'Minute': 0, 'Month': 1}", "display": "", "links": "<a href=\"https://www.vesselfinder.com/vessels?name=9963009\" target=\"_blank\" rel=\"noopener\">VesselFinder</a> | <a href=\"https://www.marinetraffic.com/en/ais/search/all?keyword=9963009\" target=\"_blank\" rel=\"noopener\">MarineTraffic</a>", "vf_url": "https://www.vesselfinder.com/vessels?name=9963009", "mst_url": "https://www.marinetraffic.com/en/ais/search/all?keyword=9963009", "method": "v3_2pass_track3d_fromru10d", "ru_seen_in_lookback": true, "in_monitor_on_day": true}}, {"type": "Feature", "geometry": {"type": "Point", "coordinates": [4.354755, 51.90341]}, "properties": {"label": "BALTIC COASTER", "mmsi": "255915748", "imo": "9963009", "name": "BALTIC COASTER", "shiptype": "", "first_seen_utc": "2026-01-07T00:13:24Z", "last_seen_utc": "2026-01-16T03:36:45Z", "destination": "NLRTM", "eta": "{'Day': 15, 'Hour': 12, 'Minute': 0, 'Month': 1}", "display": "BALTIC COASTER (255915748)", "links": "<a href=\"https://www.vesselfinder.com/vessels?name=9963009\" target=\"_blank\" rel=\"noopener\">VesselFinder</a> | <a href=\"https://www.marinetraffic.com/en/ais/search/all?keyword=9963009\" target=\"_blank\" rel=\"noopener\">MarineTraffic</a>", "vf_url": "https://www.vesselfinder.com/vessels?name=9963009", "mst_url": "https://www.marinetraffic.com/en/ais/search/all?keyword=9963009", "method": "v3_2pass_track3d_fromru10d", "ru_seen_in_lookback": true, "in_monitor_on_day": true}}, {"type": "Feature", "geometry": {"type": "LineString", "coordinates": [[19.0215, 54.91016666666667], [19.036833333333334, 54.78933333333334], [19.049833333333332, 54.67333333333333], [19.032666666666668, 54.5635], [18.943833333333334, 54.45733333333333], [18.81683333333333, 54.44833333333334], [18.816333333333333, 54.44916666666666], [18.816333333333333, 54.449333333333335], [18.815833333333334, 54.44916666666666], [18.815833333333334, 54.44916666666666], [18.816, 54.449333333333335], [18.816166666666668, 54.449333333333335], [18.815833333333334, 54.449333333333335], [18.816, 54.449333333333335], [18.81566666666667, 54.44916666666666], [18.8155, 54.44916666666666], [18.81566666666667, 54.44916666666666], [18.815833333333334, 54.449333333333335], [18.81566666666667, 54.449333333333335], [18.815833333333334, 54.449333333333335], [18.81566666666667, 54.449333333333335], [18.815833333333334, 54.449333333333335], [18.815333333333335, 54.44916666666666], [18.8155, 54.44916666666666], [18.81566666666667, 54.449333333333335], [18.81566666666667, 54.449333333333335], [18.8155, 54.44916666666666], [18.81566666666667, 54.449333333333335], [18.81566666666667, 54.449333333333335], [18.816166666666668, 54.448166666666665]]}, "properties": {"label": "RAGNA", "mmsi": "211265530", "imo": "9173329", "name": "RAGNA", "shiptype": "", "first_seen_utc": "2026-01-07T00:13:36Z", "last_seen_utc": "2026-01-16T03:33:11Z", "destination": "PLGDN", "eta": "{'Day': 15, 'Hour': 16, 'Minute': 0, 'Month': 1}", "display": "", "links": "<a href=\"https://www.vesselfinder.com/vessels?name=9173329\" target=\"_blank\" rel=\"noopener\">VesselFinder</a> | <a href=\"https://www.marinetraffic.com/en/ais/search/all?keyword=9173329\" target=\"_blank\" rel=\"noopener\">MarineTraffic</a>", "vf_url": "https://www.vesselfinder.com/vessels?name=9173329", "mst_url": "https://www.marinetraffic.com/en/ais/search/all?keyword=9173329", "method": "v3_2pass_track3d_fromru10d", "ru_seen_in_lookback": true, "in_monitor_on_day": true}}, {"type": "Feature", "geometry": {"type": "Point", "coordinates": [18.816166666666668, 54.448166666666665]}, "properties": {"label": "RAGNA", "mmsi": "211265530", "imo": "9173329", "name": "RAGNA", "shiptype": "", "first_seen_utc": "2026-01-07T00:13:36Z", "last_seen_utc": "2026-01-16T03:33:11Z", "destination": "PLGDN", "eta": "{'Day': 15, 'Hour': 16, 'Minute': 0, 'Month': 1}", "display": "RAGNA (211265530)", "links": "<a href=\"https://www.vesselfinder.com/vessels?name=9173329\" target=\"_blank\" rel=\"noopener\">VesselFinder</a> | <a href=\"https://www.marinetraffic.com/en/ais/search/all?keyword=9173329\" target=\"_blank\" rel=\"noopener\">MarineTraffic</a>", "vf_url": "https://www.vesselfinder.com/vessels?name=9173329", "mst_url": "https://www.marinetraffic.com/en/ais/search/all?keyword=9173329", "method": "v3_2pass_track3d_fromru10d", "ru_seen_in_lookback": true, "in_monitor_on_day": true}}, {"type": "Feature", "geometry": {"type": "LineString", "coordinates": [[7.5847533333333335, 54.00361], [7.75772, 53.88064333333333], [7.8912700000000005, 53.862856666666666], [8.116583333333333, 53.812443333333334], [8.29918, 53.71312833333333], [8.457638333333334, 53.627534999999995], [8.522005, 53.586733333333335], [8.521406666666667, 53.59303166666667], [8.521398333333334, 53.593025], [8.521396666666666, 53.593028333333336], [8.5214, 53.593035], [8.521396666666666, 53.593028333333336], [8.521391666666666, 53.593025], [8.521391666666666, 53.593021666666665], [8.521398333333334, 53.593028333333336], [8.521408333333333, 53.59303333333333], [8.521401666666668, 53.59303333333333], [8.5214, 53.59303333333333], [8.521393333333332, 53.593035], [8.521396666666666, 53.59303333333333], [8.521401666666668, 53.59303], [8.521401666666668, 53.593023333333335], [8.5214, 53.593035], [8.521393333333332, 53.59303166666667], [8.521401666666668, 53.59303166666667], [8.521398333333334, 53.59302666666667], [8.5214, 53.59302666666667], [8.521403333333334, 53.59303166666667], [8.521406666666667, 53.593035], [8.521388333333332, 53.593041666666664], [8.521385, 53.593028333333336], [8.521391666666666, 53.59303666666666], [8.521383333333334, 53.59303333333333], [8.521396666666666, 53.59303], [8.521388333333332, 53.59303333333333], [8.521395, 53.59302666666667], [8.521403333333334, 53.59303333333333], [8.5214, 53.593035], [8.521393333333332, 53.59303666666666], [8.521391666666666, 53.59303166666667], [8.521398333333334, 53.593028333333336], [8.521401666666668, 53.59303], [8.5214, 53.593035], [8.5214, 53.59303333333333], [8.521393333333332, 53.593039999999995], [8.521388333333332, 53.59303166666667], [8.521393333333332, 53.59303833333333], [8.521401666666668, 53.59303333333333], [8.521398333333334, 53.593035], [8.521386666666666, 53.59303], [8.521396666666666, 53.593035], [8.521396666666666, 53.59303666666666], [8.527395, 53.585770000000004], [8.528068333333334, 53.585975], [8.528073333333333, 53.58597833333333], [8.528071666666667, 53.58597833333333], [8.528068333333334, 53.58598], [8.528071666666667, 53.58597333333333], [8.52807, 53.585969999999996], [8.528071666666667, 53.58597666666667], [8.528076666666667, 53.58598], [8.528073333333333, 53.58597833333333], [8.528071666666667, 53.58598], [8.528076666666667, 53.58598], [8.528066666666668, 53.58598166666666], [8.528071666666667, 53.585975], [8.528058333333332, 53.58597333333333], [8.486263333333333, 53.61648666666667]]}, "properties": {"label": "MAERSK GIRONDE", "mmsi": "563076300", "imo": "9235555", "name": "MAERSK GIRONDE", "shiptype": "", "first_seen_utc": "2026-01-07T00:13:59Z", "last_seen_utc": "2026-01-16T03:33:58Z", "destination": "DEWVN", "eta": "{'Day': 16, 'Hour': 6, 'Minute': 0, 'Month': 1}", "display": "", "links": "<a href=\"https://www.vesselfinder.com/vessels?name=9235555\" target=\"_blank\" rel=\"noopener\">VesselFinder</a> | <a href=\"https://www.marinetraffic.com/en/ais/search/all?keyword=9235555\" target=\"_blank\" rel=\"noopener\">MarineTraffic</a>", "vf_url": "https://www.vesselfinder.com/vessels?name=9235555", "mst_url": "https://www.marinetraffic.com/en/ais/search/all?keyword=9235555", "method": "v3_2pass_track3d_fromru10d", "ru_seen_in_lookback": true, "in_monitor_on_day": true}}, {"type": "Feature", "geometry": {"type": "Point", "coordinates": [8.486263333333333, 53.61648666666667]}, "properties": {"label": "MAERSK GIRONDE", "mmsi": "563076300", "imo": "9235555", "name": "MAERSK GIRONDE", "shiptype": "", "first_seen_utc": "2026-01-07T00:13:59Z", "last_seen_utc": "2026-01-16T03:33:58Z", "destination": "DEWVN", "eta": "{'Day': 16, 'Hour': 6, 'Minute': 0, 'Month': 1}", "display": "MAERSK GIRONDE (563076300)", "links": "<a href=\"https://www.vesselfinder.com/vessels?name=9235555\" target=\"_blank\" rel=\"noopener\">VesselFinder</a> | <a href=\"https://www.marinetraffic.com/en/ais/search/all?keyword=9235555\" target=\"_blank\" rel=\"noopener\">MarineTraffic</a>", "vf_url": "https://www.vesselfinder.com/vessels?name=9235555", "mst_url": "https://www.marinetraffic.com/en/ais/search/all?keyword=9235555", "method": "v3_2pass_track3d_fromru10d", "ru_seen_in_lookback": true, "in_monitor_on_day": true}}, {"type": "Feature", "geometry": {"type": "LineString", "coordinates": [[19.514676666666666, 54.51195833333334], [19.429363333333335, 54.508979999999994], [19.347875, 54.51253], [19.303811666666665, 54.51276166666666], [19.264513333333333, 54.502815000000005], [19.22823, 54.488126666666666], [19.19306, 54.473036666666665], [19.15806, 54.46028166666667], [19.117810000000002, 54.45207166666667], [19.076281666666667, 54.453221666666664], [19.069671666666668, 54.46714], [19.095495000000003, 54.475638333333336], [19.131404999999997, 54.47381], [19.17042, 54.47607333333334], [19.202566666666666, 54.46505166666667], [19.236483333333336, 54.45012], [19.27709666666667, 54.450651666666666], [19.391816666666667, 54.51113], [19.358214999999998, 54.49203333333333], [19.320308333333333, 54.47546666666666], [19.364553333333333, 54.472678333333334], [19.391028333333335, 54.56963], [19.361771666666666, 54.549060000000004], [19.32213833333333, 54.530678333333334], [19.292138333333334, 54.54526166666667], [19.29742666666667, 54.543895], [19.302288333333333, 54.54176833333334], [19.25667333333333, 54.527285], [19.315973333333332, 54.45859333333333], [19.392861666666665, 54.55075333333333], [19.303858333333334, 54.492219999999996], [19.217701666666667, 54.43363166666666], [19.117013333333333, 54.446735], [18.99462, 54.46013333333334], [18.91491166666667, 54.51477], [18.958176666666667, 54.58634333333334], [19.076088333333335, 54.61806], [19.13078833333333, 54.63355333333333], [19.14455, 54.63527333333333], [19.184771666666666, 54.631409999999995], [19.226305, 54.63222666666666], [19.264701666666667, 54.63272], [19.318978333333334, 54.646], [19.29720166666667, 54.62707666666667], [19.25769, 54.61983333333333], [19.215198333333333, 54.62091], [19.171891666666667, 54.62544833333333], [19.133643333333335, 54.637895], [19.157921666666667, 54.632688333333334], [19.196841666666668, 54.61947], [19.234978333333334, 54.616348333333335], [19.27346, 54.61283], [19.260313333333333, 54.61754833333334], [19.214038333333335, 54.621025], [19.169196666666668, 54.625595], [19.125015, 54.631375000000006], [19.096211666666665, 54.638235], [19.140048333333333, 54.63897], [19.170681666666667, 54.64541333333333], [19.16947, 54.65318833333333], [19.104429999999997, 54.64709166666667], [19.004605, 54.625951666666666], [18.886275, 54.60228666666667], [18.795933333333334, 54.586758333333336], [18.801978333333334, 54.599985], [18.801991666666666, 54.599979999999995], [18.801981666666666, 54.59997], [18.780038333333334, 54.586765], [18.693550000000002, 54.54234833333333], [18.57326, 54.516648333333336], [18.555351666666663, 54.52215666666667], [18.555328333333332, 54.52216], [18.555323333333334, 54.522151666666666], [18.555308333333336, 54.52216333333333], [18.55532, 54.522124999999996], [18.55533666666667, 54.52215], [18.555333333333333, 54.522146666666664], [18.555325, 54.52215833333333]]}, "properties": {"label": "ORKA WLA-139", "mmsi": "261497000", "imo": "7905211", "name": "ORKA WLA-139", "shiptype": "", "first_seen_utc": "2026-01-07T00:15:10Z", "last_seen_utc": "2026-01-16T03:34:18Z", "destination": "CPA 0.3NM AFT", "eta": "{'Day': 0, 'Hour': 24, 'Minute': 60, 'Month': 0}", "display": "", "links": "<a href=\"https://www.vesselfinder.com/vessels?name=7905211\" target=\"_blank\" rel=\"noopener\">VesselFinder</a> | <a href=\"https://www.marinetraffic.com/en/ais/search/all?keyword=7905211\" target=\"_blank\" rel=\"noopener\">MarineTraffic</a>", "vf_url": "https://www.vesselfinder.com/vessels?name=7905211", "mst_url": "https://www.marinetraffic.com/en/ais/search/all?keyword=7905211", "method": "v3_2pass_track3d_fromru10d", "ru_seen_in_lookback": true, "in_monitor_on_day": true}}, {"type": "Feature", "geometry": {"type": "Point", "coordinates": [18.555325, 54.52215833333333]}, "properties": {"label": "ORKA WLA-139", "mmsi": "261497000", "imo": "7905211", "name": "ORKA WLA-139", "shiptype": "", "first_seen_utc": "2026-01-07T00:15:10Z", "last_seen_utc": "2026-01-16T03:34:18Z", "destination": "CPA 0.3NM AFT", "eta": "{'Day': 0, 'Hour': 24, 'Minute': 60, 'Month': 0}", "display": "ORKA WLA-139 (261497000)", "links": "<a href=\"https://www.vesselfinder.com/vessels?name=7905211\" target=\"_blank\" rel=\"noopener\">VesselFinder</a> | <a href=\"https://www.marinetraffic.com/en/ais/search/all?keyword=7905211\" target=\"_blank\" rel=\"noopener\">MarineTraffic</a>", "vf_url": "https://www.vesselfinder.com/vessels?name=7905211", "mst_url": "https://www.marinetraffic.com/en/ais/search/all?keyword=7905211", "method": "v3_2pass_track3d_fromru10d", "ru_seen_in_lookback": true, "in_monitor_on_day": true}}, {"type": "Feature", "geometry": {"type": "LineString", "coordinates": [[11.031808333333334, 55.351915], [11.073006666666666, 55.26207], [11.043888333333333, 55.18303], [10.986828333333333, 55.102493333333335], [10.985315000000002, 55.00958666666667], [10.886095000000001, 54.940688333333334], [10.834808333333333, 54.85610833333333], [10.793863333333332, 54.77792], [10.771258333333332, 54.705663333333334], [10.864021666666668, 54.64040166666667], [11.014341666666667, 54.587970000000006], [11.190201666666667, 54.57870666666667], [11.34468, 54.533530000000006], [11.50619, 54.48912833333333], [11.674156666666667, 54.44264833333333], [11.84646, 54.40645833333333], [12.020416666666668, 54.40837333333333], [12.179686666666667, 54.433933333333336], [12.249445, 54.52650666666667], [18.459315, 54.94878333333334], [18.610081666666666, 54.932181666666665], [18.744893333333334, 54.872568333333334], [18.879626666666663, 54.80744166666667], [19.009493333333335, 54.74217], [19.063445, 54.651740000000004], [19.039431666666665, 54.5661], [18.989706666666667, 54.50938], [18.951696666666667, 54.46519333333333], [18.87749, 54.427575000000004], [18.765673333333332, 54.40725666666666], [18.728765, 54.40161], [18.718661666666666, 54.40584166666667], [18.718686666666667, 54.40586666666666], [18.718696666666666, 54.405935], [18.718663333333332, 54.405881666666666], [18.718661666666666, 54.405935], [18.718631666666667, 54.40586833333334], [18.718711666666664, 54.40599833333333], [18.718751666666666, 54.405755], [18.718611666666668, 54.40598166666667], [18.71865, 54.40596333333334], [18.71866, 54.40586166666667], [18.718745000000002, 54.405856666666665], [18.718745000000002, 54.405835], [18.718683333333335, 54.405811666666665], [18.718773333333335, 54.405815], [18.718725, 54.405858333333335], [18.718664999999998, 54.40586666666666], [18.718686666666667, 54.40582833333334], [18.718866666666667, 54.40588833333334], [18.718813333333333, 54.405989999999996], [18.718701666666668, 54.40596666666667], [18.71867166666667, 54.40583166666667], [18.718635, 54.40587666666667], [18.718685, 54.40585333333333], [18.71867166666667, 54.406015000000004], [18.718708333333332, 54.40579666666667], [18.718726666666665, 54.405881666666666], [18.718705, 54.40591666666667], [18.718758333333334, 54.405948333333335], [18.71878, 54.40588]]}, "properties": {"label": "FRONT ALTAIR", "mmsi": "538007007", "imo": "9745902", "name": "FRONT ALTAIR", "shiptype": "", "first_seen_utc": "2026-01-07T00:15:30Z", "last_seen_utc": "2026-01-16T03:46:22Z", "destination": "PLGDN", "eta": "{'Day': 15, 'Hour': 11, 'Minute': 0, 'Month': 1}", "display": "", "links": "<a href=\"https://www.vesselfinder.com/vessels?name=9745902\" target=\"_blank\" rel=\"noopener\">VesselFinder</a> | <a href=\"https://www.marinetraffic.com/en/ais/search/all?keyword=9745902\" target=\"_blank\" rel=\"noopener\">MarineTraffic</a>", "vf_url": "https://www.vesselfinder.com/vessels?name=9745902", "mst_url": "https://www.marinetraffic.com/en/ais/search/all?keyword=9745902", "method": "v3_2pass_track3d_fromru10d", "ru_seen_in_lookback": true, "in_monitor_on_day": true}}, {"type": "Feature", "geometry": {"type": "Point", "coordinates": [18.71878, 54.40588]}, "properties": {"label": "FRONT ALTAIR", "mmsi": "538007007", "imo": "9745902", "name": "FRONT ALTAIR", "shiptype": "", "first_seen_utc": "2026-01-07T00:15:30Z", "last_seen_utc": "2026-01-16T03:46:22Z", "destination": "PLGDN", "eta": "{'Day': 15, 'Hour': 11, 'Minute': 0, 'Month': 1}", "display": "FRONT ALTAIR (538007007)", "links": "<a href=\"https://www.vesselfinder.com/vessels?name=9745902\" target=\"_blank\" rel=\"noopener\">VesselFinder</a> | <a href=\"https://www.marinetraffic.com/en/ais/search/all?keyword=9745902\" target=\"_blank\" rel=\"noopener\">MarineTraffic</a>", "vf_url": "https://www.vesselfinder.com/vessels?name=9745902", "mst_url": "https://www.marinetraffic.com/en/ais/search/all?keyword=9745902", "method": "v3_2pass_track3d_fromru10d", "ru_seen_in_lookback": true, "in_monitor_on_day": true}}, {"type": "Feature", "geometry": {"type": "LineString", "coordinates": [[18.711663333333334, 54.39225166666667], [18.711665, 54.39224166666667], [18.711693333333336, 54.392245], [18.711661666666664, 54.39221666666666], [18.711656666666666, 54.39225], [18.711671666666668, 54.39223833333333], [18.711653333333334, 54.39225833333333], [18.711673333333334, 54.39226333333333], [18.711663333333334, 54.39228666666667], [18.71166, 54.39223333333334], [18.711689999999997, 54.39226333333333], [18.711648333333336, 54.392248333333335], [18.711675, 54.39228], [18.711656666666666, 54.392275000000005], [18.71168, 54.392230000000005], [18.711656666666666, 54.392245], [18.71166, 54.392248333333335], [18.711681666666667, 54.39226166666666], [18.71165166666667, 54.39225166666667], [18.71169666666667, 54.392275000000005], [18.711668333333332, 54.39226], [18.71167, 54.39225666666667], [18.711685, 54.392264999999995], [18.711665, 54.39227], [18.711615, 54.39226833333333], [18.711705, 54.39232333333334], [18.71168, 54.392264999999995], [18.711666666666666, 54.39225166666667], [18.71168, 54.39226166666666], [18.711623333333332, 54.39227166666667], [18.711661666666664, 54.39225833333333], [18.71164, 54.39226833333333], [18.711678333333335, 54.39225], [18.71164, 54.39225333333333], [18.711646666666663, 54.39225166666667], [18.711646666666663, 54.39226333333333], [18.71168833333333, 54.39225333333333], [18.711683333333333, 54.392246666666665], [18.71167, 54.39225166666667], [18.711663333333334, 54.39225], [18.71165166666667, 54.39225166666667], [18.711635, 54.39226333333333], [18.754636666666666, 54.40400833333333], [18.912481666666668, 54.427548333333334], [19.027928333333332, 54.49874166666667], [19.109218333333335, 54.595195], [19.088168333333332, 54.69205], [19.001191666666667, 54.77027833333333], [18.86685333333333, 54.82548166666666], [18.735783333333334, 54.88819], [18.585385, 54.941763333333334], [18.41732, 54.96401], [14.977478333333332, 54.678403333333335], [14.229556666666667, 54.656621666666666], [14.047585, 54.68380333333334], [13.642936666666666, 54.771071666666664], [13.047648333333333, 55.21910166666667], [12.870388333333333, 55.265861666666666], [12.694436666666666, 55.30441666666666], [12.696535, 55.40000333333333], [12.717208333333334, 55.49269833333334], [12.803211666666666, 55.55855333333333], [12.890901666666668, 55.616011666666665], [12.896256666666666, 55.698438333333335], [12.800675, 55.78913333333333], [12.743515, 55.886496666666666], [12.692045, 55.990505], [12.602735, 56.086295], [12.449785, 56.17422]]}, "properties": {"label": "BENJAMIN OLDENDORFF", "mmsi": "255806325", "imo": "9853034", "name": "BENJAMIN OLDENDORFF", "shiptype": "", "first_seen_utc": "2026-01-07T00:16:17Z", "last_seen_utc": "2026-01-16T01:50:16Z", "destination": "MA JFL", "eta": "{'Day': 23, 'Hour': 7, 'Minute': 0, 'Month': 1}", "display": "", "links": "<a href=\"https://www.vesselfinder.com/vessels?name=9853034\" target=\"_blank\" rel=\"noopener\">VesselFinder</a> | <a href=\"https://www.marinetraffic.com/en/ais/search/all?keyword=9853034\" target=\"_blank\" rel=\"noopener\">MarineTraffic</a>", "vf_url": "https://www.vesselfinder.com/vessels?name=9853034", "mst_url": "https://www.marinetraffic.com/en/ais/search/all?keyword=9853034", "method": "v3_2pass_track3d_fromru10d", "ru_seen_in_lookback": true, "in_monitor_on_day": true}}, {"type": "Feature", "geometry": {"type": "Point", "coordinates": [12.449785, 56.17422]}, "properties": {"label": "BENJAMIN OLDENDORFF", "mmsi": "255806325", "imo": "9853034", "name": "BENJAMIN OLDENDORFF", "shiptype": "", "first_seen_utc": "2026-01-07T00:16:17Z", "last_seen_utc": "2026-01-16T01:50:16Z", "destination": "MA JFL", "eta": "{'Day': 23, 'Hour': 7, 'Minute': 0, 'Month': 1}", "display": "BENJAMIN OLDENDORFF (255806325)", "links": "<a href=\"https://www.vesselfinder.com/vessels?name=9853034\" target=\"_blank\" rel=\"noopener\">VesselFinder</a> | <a href=\"https://www.marinetraffic.com/en/ais/search/all?keyword=9853034\" target=\"_blank\" rel=\"noopener\">MarineTraffic</a>", "vf_url": "https://www.vesselfinder.com/vessels?name=9853034", "mst_url": "https://www.marinetraffic.com/en/ais/search/all?keyword=9853034", "method": "v3_2pass_track3d_fromru10d", "ru_seen_in_lookback": true, "in_monitor_on_day": true}}, {"type": "Feature", "geometry": {"type": "LineString", "coordinates": [[18.801940000000002, 54.603494999999995], [18.801958333333335, 54.60346833333333], [18.801966666666665, 54.60347], [18.80197666666667, 54.603494999999995], [18.801955, 54.60349166666666], [18.801973333333333, 54.60348666666666], [18.80196833333333, 54.60348166666667], [18.801940000000002, 54.60347333333333], [18.801983333333332, 54.60348666666666], [18.801971666666667, 54.60348333333333], [18.801951666666664, 54.60348], [18.801973333333333, 54.60349166666666], [18.801991666666666, 54.60348833333333], [18.801975000000002, 54.60349], [18.801978333333334, 54.603500000000004], [18.801940000000002, 54.60349], [18.801938333333332, 54.603478333333335], [18.801985, 54.60347], [18.802020000000002, 54.60344833333333], [18.801921666666665, 54.603460000000005], [18.801981666666666, 54.60351333333333], [18.801963333333333, 54.60349166666666], [18.801949999999998, 54.60346166666667], [18.801985, 54.603494999999995], [18.80196, 54.603496666666665], [18.801985, 54.603478333333335], [18.80199, 54.60348166666667], [18.801926666666667, 54.603501666666666], [18.802018333333333, 54.603460000000005], [18.80197666666667, 54.60348833333333], [18.801966666666665, 54.60348166666667], [18.801971666666667, 54.603521666666666], [18.801966666666665, 54.60349833333333], [18.801971666666667, 54.60348166666667], [18.80196833333333, 54.603503333333336], [18.802008333333333, 54.603476666666666], [18.801973333333333, 54.60348666666666], [18.801971666666667, 54.603471666666664], [18.801940000000002, 54.603460000000005], [18.801963333333333, 54.603460000000005], [18.801973333333333, 54.60345333333333], [18.80197666666667, 54.60347], [18.801965, 54.60348666666666], [18.80193166666667, 54.603451666666665], [18.80198, 54.60351333333333], [18.802003333333335, 54.603501666666666], [18.801946666666666, 54.603496666666665], [18.801963333333333, 54.60348666666666], [18.801926666666667, 54.60349833333333], [18.801983333333332, 54.603503333333336], [18.801991666666666, 54.603515], [18.801961666666667, 54.60348333333333], [18.80197666666667, 54.603500000000004], [18.802008333333333, 54.60348], [18.80196833333333, 54.60348333333333], [18.801983333333332, 54.603505000000006], [18.80198, 54.60351], [18.801973333333333, 54.603455000000004], [18.80178833333333, 54.603410000000004], [18.833360000000003, 54.58963166666667], [18.852633333333333, 54.61597166666666], [18.871411666666667, 54.63993666666667], [18.850061666666665, 54.663815], [18.856321666666666, 54.64490833333333], [18.87265, 54.622665], [18.888423333333332, 54.599315000000004], [18.911056666666664, 54.58037], [18.948015, 54.58550666666667], [18.965096666666668, 54.61078833333333], [18.978928333333332, 54.637825], [18.989263333333334, 54.64915833333334], [19.003328333333332, 54.649393333333336], [18.99031666666667, 54.63935], [18.88216, 54.602983333333334], [18.800751666666667, 54.601306666666666], [18.803476666666665, 54.600355], [18.803528333333336, 54.600335], [18.801933333333334, 54.60347333333333], [18.801973333333333, 54.603503333333336], [18.802020000000002, 54.603515], [18.80197666666667, 54.60349833333333], [18.801913333333335, 54.60347333333333], [18.801904999999998, 54.60349], [18.801993333333332, 54.603475], [18.801945, 54.60351333333333], [18.801946666666666, 54.603475], [18.801975000000002, 54.60348666666666], [18.80198, 54.60348166666667], [18.801948333333332, 54.60348333333333], [18.801981666666666, 54.60348833333333], [18.801953333333334, 54.60347333333333], [18.801933333333334, 54.60349], [18.802003333333335, 54.603496666666665], [18.801988333333334, 54.603478333333335], [18.801971666666667, 54.60349166666666], [18.801903333333332, 54.60346166666667], [18.801971666666667, 54.60348833333333], [18.802014999999997, 54.603500000000004], [18.801946666666666, 54.60349333333333], [18.801996666666664, 54.603485], [18.80196, 54.603501666666666], [18.801961666666667, 54.60348666666666], [18.80196833333333, 54.60350833333334]]}, "properties": {"label": "HEL 112", "mmsi": "261001880", "imo": "7625861", "name": "HEL 112", "shiptype": "", "first_seen_utc": "2026-01-07T00:17:03Z", "last_seen_utc": "2026-01-16T04:00:43Z", "destination": "KEEP SAFE DIST 03AFT", "eta": "{'Day': 1, 'Hour': 0, 'Minute': 0, 'Month': 1}", "display": "", "links": "<a href=\"https://www.vesselfinder.com/vessels?name=7625861\" target=\"_blank\" rel=\"noopener\">VesselFinder</a> | <a href=\"https://www.marinetraffic.com/en/ais/search/all?keyword=7625861\" target=\"_blank\" rel=\"noopener\">MarineTraffic</a>", "vf_url": "https://www.vesselfinder.com/vessels?name=7625861", "mst_url": "https://www.marinetraffic.com/en/ais/search/all?keyword=7625861", "method": "v3_2pass_track3d_fromru10d", "ru_seen_in_lookback": true, "in_monitor_on_day": true}}, {"type": "Feature", "geometry": {"type": "Point", "coordinates": [18.80196833333333, 54.60350833333334]}, "properties": {"label": "HEL 112", "mmsi": "261001880", "imo": "7625861", "name": "HEL 112", "shiptype": "", "first_seen_utc": "2026-01-07T00:17:03Z", "last_seen_utc": "2026-01-16T04:00:43Z", "destination": "KEEP SAFE DIST 03AFT", "eta": "{'Day': 1, 'Hour': 0, 'Minute': 0, 'Month': 1}", "display": "HEL 112 (261001880)", "links": "<a href=\"https://www.vesselfinder.com/vessels?name=7625861\" target=\"_blank\" rel=\"noopener\">VesselFinder</a> | <a href=\"https://www.marinetraffic.com/en/ais/search/all?keyword=7625861\" target=\"_blank\" rel=\"noopener\">MarineTraffic</a>", "vf_url": "https://www.vesselfinder.com/vessels?name=7625861", "mst_url": "https://www.marinetraffic.com/en/ais/search/all?keyword=7625861", "method": "v3_2pass_track3d_fromru10d", "ru_seen_in_lookback": true, "in_monitor_on_day": true}}, {"type": "Feature", "geometry": {"type": "LineString", "coordinates": [[3.2435166666666664, 51.84710333333333], [3.2996733333333332, 51.849000000000004], [3.33072, 51.836220000000004], [3.33038, 51.82215166666666], [3.3475083333333333, 51.80260833333333], [3.3513183333333334, 51.801111666666664], [3.34887, 51.800375], [3.3492433333333334, 51.798375], [3.3491566666666666, 51.79844], [3.3491933333333335, 51.79844], [3.3492333333333333, 51.79836833333333], [3.349438333333333, 51.798325], [3.3495516666666663, 51.79842], [3.3499583333333334, 51.79845], [3.35081, 51.79830666666667], [3.351716666666667, 51.798485], [3.3534916666666663, 51.799348333333334], [3.3534366666666666, 51.80061333333333], [3.35094, 51.801395], [3.292195, 51.78134], [3.2390416666666666, 51.725278333333335], [3.186606666666667, 51.642543333333336], [3.149715, 51.558143333333334], [3.05137, 51.49346], [2.9844316666666666, 51.424414999999996], [3.102231666666667, 51.39714], [3.2074416666666665, 51.405051666666665], [3.303615, 51.40508833333333], [3.412555, 51.40911833333333], [3.506628333333333, 51.417455000000004], [3.5958866666666665, 51.430105000000005], [3.693141666666667, 51.426395], [3.7451133333333333, 51.36665833333333], [3.80363, 51.34816333333333], [3.8163883333333337, 51.329458333333335], [3.817018333333333, 51.32875833333333], [3.8225966666666666, 51.322903333333336], [3.833798333333333, 51.299121666666665], [3.828105, 51.25647166666667], [3.8029, 51.21191833333333], [3.792405, 51.166585000000005], [3.7841183333333333, 51.14685833333333], [3.793395, 51.14433], [3.7933783333333335, 51.14438666666667], [3.7934816666666666, 51.14439333333333], [3.793381666666667, 51.14433666666666], [3.7933266666666667, 51.14436], [3.793395, 51.14432333333333], [3.7933866666666662, 51.144325], [3.793403333333333, 51.14434333333334], [3.793381666666667, 51.14434833333333], [3.7934133333333335, 51.14436666666666], [3.793426666666667, 51.14433833333333], [3.793341666666667, 51.144335], [3.7934133333333335, 51.14444833333334], [3.7933783333333335, 51.14429833333334], [3.7933250000000003, 51.144326666666664], [3.7933766666666666, 51.144353333333335], [3.793388333333333, 51.14429166666666], [3.793355, 51.144398333333335], [3.793381666666667, 51.14432333333333], [3.793403333333333, 51.14436166666667], [3.793355, 51.14433], [3.793388333333333, 51.14436], [3.7933766666666666, 51.14430333333333], [3.79339, 51.14431166666667], [3.7933700000000004, 51.144365], [3.7933666666666666, 51.14433833333333], [3.793363333333333, 51.14437], [3.793381666666667, 51.14438333333333], [3.793365, 51.14436833333333], [3.793363333333333, 51.144275], [3.793405, 51.144373333333334], [3.7934133333333335, 51.14435833333334], [3.7933666666666666, 51.144328333333334], [3.7933483333333333, 51.14435], [3.7933850000000002, 51.14426666666667], [3.79379, 51.144261666666665], [3.793805, 51.14424666666666], [3.793815, 51.14425666666667], [3.7937716666666663, 51.14426], [3.7937950000000003, 51.144284999999996], [3.793805, 51.144261666666665], [3.793773333333333, 51.144283333333334], [3.7937749999999997, 51.144275], [3.7937950000000003, 51.144236666666664], [3.793825, 51.144215], [3.7938183333333333, 51.144355000000004], [3.793835, 51.14427833333333], [3.79379, 51.144284999999996], [3.793815, 51.144265000000004], [3.7937583333333333, 51.14427166666667], [3.7937933333333334, 51.14426666666667], [3.793741666666667, 51.14435666666667], [3.793785, 51.144281666666664], [3.7938233333333335, 51.144255], [3.7938166666666664, 51.14425166666667], [3.793773333333333, 51.144268333333336]]}, "properties": {"label": "FEDERAL BARENTS", "mmsi": "538006419", "imo": "9697820", "name": "FEDERAL BARENTS", "shiptype": "", "first_seen_utc": "2026-01-07T00:17:19Z", "last_seen_utc": "2026-01-16T03:42:36Z", "destination": "BEGNE", "eta": "{'Day': 14, 'Hour': 22, 'Minute': 0, 'Month': 1}", "display": "", "links": "<a href=\"https://www.vesselfinder.com/vessels?name=9697820\" target=\"_blank\" rel=\"noopener\">VesselFinder</a> | <a href=\"https://www.marinetraffic.com/en/ais/search/all?keyword=9697820\" target=\"_blank\" rel=\"noopener\">MarineTraffic</a>", "vf_url": "https://www.vesselfinder.com/vessels?name=9697820", "mst_url": "https://www.marinetraffic.com/en/ais/search/all?keyword=9697820", "method": "v3_2pass_track3d_fromru10d", "ru_seen_in_lookback": true, "in_monitor_on_day": true}}, {"type": "Feature", "geometry": {"type": "Point", "coordinates": [3.793773333333333, 51.144268333333336]}, "properties": {"label": "FEDERAL BARENTS", "mmsi": "538006419", "imo": "9697820", "name": "FEDERAL BARENTS", "shiptype": "", "first_seen_utc": "2026-01-07T00:17:19Z", "last_seen_utc": "2026-01-16T03:42:36Z", "destination": "BEGNE", "eta": "{'Day': 14, 'Hour': 22, 'Minute': 0, 'Month': 1}", "display": "FEDERAL BARENTS (538006419)", "links": "<a href=\"https://www.vesselfinder.com/vessels?name=9697820\" target=\"_blank\" rel=\"noopener\">VesselFinder</a> | <a href=\"https://www.marinetraffic.com/en/ais/search/all?keyword=9697820\" target=\"_blank\" rel=\"noopener\">MarineTraffic</a>", "vf_url": "https://www.vesselfinder.com/vessels?name=9697820", "mst_url": "https://www.marinetraffic.com/en/ais/search/all?keyword=9697820", "method": "v3_2pass_track3d_fromru10d", "ru_seen_in_lookback": true, "in_monitor_on_day": true}}, {"type": "Feature", "geometry": {"type": "LineString", "coordinates": [[18.800746666666665, 54.602395], [18.800726666666666, 54.60241166666666], [18.80074, 54.60241499999999], [18.800733333333334, 54.60240666666667], [18.800723333333334, 54.60241166666666], [18.800728333333332, 54.60241499999999], [18.800731666666664, 54.602423333333334], [18.800729999999998, 54.602426666666666], [18.80073666666667, 54.602435], [18.800723333333334, 54.602426666666666], [18.800735, 54.60241499999999], [18.800748333333335, 54.60239], [18.800731666666664, 54.60240833333333], [18.80074, 54.602383333333336], [18.80074, 54.60241166666666], [18.800745, 54.60241166666666], [18.800756666666665, 54.602395], [18.800786666666667, 54.60237666666667], [18.800756666666665, 54.60239], [18.800755, 54.60240833333333], [18.80076, 54.60243833333333], [18.800765000000002, 54.602423333333334], [18.800771666666666, 54.60241499999999], [18.800755, 54.60241666666666], [18.800761666666666, 54.602423333333334], [18.800785, 54.602399999999996], [18.800721666666668, 54.60237666666667], [18.800774999999998, 54.602401666666665], [18.800753333333333, 54.60241666666666], [18.80074, 54.602395], [18.800738333333335, 54.60242], [18.80076, 54.60239833333333], [18.800766666666668, 54.60241166666666], [18.800783333333335, 54.60240666666667], [18.80079, 54.60239833333333], [18.800735, 54.602385], [18.800726666666666, 54.60244333333333], [18.80078166666667, 54.60239833333333], [18.80071, 54.60243833333333], [18.800696666666667, 54.60243833333333], [18.800751666666667, 54.60243333333334], [18.800746666666665, 54.60241833333334], [18.800725, 54.602381666666666], [18.80073666666667, 54.602395], [18.800748333333335, 54.60238833333334], [18.800743333333333, 54.602395], [18.800798333333333, 54.60239333333333], [18.800774999999998, 54.60242166666667], [18.800748333333335, 54.602455], [18.800751666666667, 54.60241333333333], [18.80075833333333, 54.60241166666666], [18.800731666666664, 54.60242], [18.80074, 54.602435], [18.800733333333334, 54.60243666666667], [18.800729999999998, 54.60239833333333], [18.800786666666667, 54.60243166666667], [18.80074, 54.60241166666666], [18.823246666666666, 54.59070333333333], [18.81698, 54.67602], [18.833849999999998, 54.654455], [18.84577, 54.63146666666667], [18.858113333333332, 54.61114666666666], [18.85740333333333, 54.587250000000004], [18.850405000000002, 54.56289833333334], [18.868518333333334, 54.54132333333334], [18.89099, 54.52194166666666], [18.928181666666667, 54.52587666666667], [18.934945000000003, 54.53116], [18.888526666666667, 54.55423166666667], [18.811616666666666, 54.58526166666666], [18.80069, 54.602446666666665], [18.800755, 54.60241], [18.800706666666667, 54.60242166666667], [18.800761666666666, 54.602403333333335], [18.800748333333335, 54.60240833333333], [18.800765000000002, 54.602446666666665], [18.800796666666667, 54.60243333333334], [18.800761666666666, 54.60241666666666], [18.800785, 54.60237166666666], [18.80071, 54.602441666666664], [18.800701666666665, 54.602399999999996], [18.800706666666667, 54.602428333333336], [18.800695, 54.60243833333333], [18.800696666666667, 54.602446666666665], [18.800718333333336, 54.602435], [18.800716666666666, 54.60240666666667], [18.800746666666665, 54.60241666666666], [18.800748333333335, 54.60241166666666], [18.800771666666666, 54.60240666666667], [18.800756666666665, 54.60241499999999], [18.800731666666664, 54.60242], [18.800731666666664, 54.602428333333336], [18.800741666666667, 54.602425000000004], [18.800716666666666, 54.602425000000004], [18.800726666666666, 54.60243333333334], [18.800748333333335, 54.60243], [18.800741666666667, 54.60243]]}, "properties": {"label": "WLA-197", "mmsi": "261006870", "imo": "", "name": "WLA-197", "shiptype": "", "first_seen_utc": "2026-01-07T00:17:22Z", "last_seen_utc": "2026-01-16T03:40:54Z", "destination": "WLADYSLAWOWO", "eta": "{'Day': 3, 'Hour': 14, 'Minute': 39, 'Month': 9}", "display": "", "links": "<a href=\"https://www.vesselfinder.com/vessels?name=261006870\" target=\"_blank\" rel=\"noopener\">VesselFinder</a> | <a href=\"https://www.marinetraffic.com/en/ais/search/all?keyword=261006870\" target=\"_blank\" rel=\"noopener\">MarineTraffic</a>", "vf_url": "https://www.vesselfinder.com/vessels?name=261006870", "mst_url": "https://www.marinetraffic.com/en/ais/search/all?keyword=261006870", "method": "v3_2pass_track3d_fromru10d", "ru_seen_in_lookback": true, "in_monitor_on_day": true}}, {"type": "Feature", "geometry": {"type": "Point", "coordinates": [18.800741666666667, 54.60243]}, "properties": {"label": "WLA-197", "mmsi": "261006870", "imo": "", "name": "WLA-197", "shiptype": "", "first_seen_utc": "2026-01-07T00:17:22Z", "last_seen_utc": "2026-01-16T03:40:54Z", "destination": "WLADYSLAWOWO", "eta": "{'Day': 3, 'Hour': 14, 'Minute': 39, 'Month': 9}", "display": "WLA-197 (261006870)", "links": "<a href=\"https://www.vesselfinder.com/vessels?name=261006870\" target=\"_blank\" rel=\"noopener\">VesselFinder</a> | <a href=\"https://www.marinetraffic.com/en/ais/search/all?keyword=261006870\" target=\"_blank\" rel=\"noopener\">MarineTraffic</a>", "vf_url": "https://www.vesselfinder.com/vessels?name=261006870", "mst_url": "https://www.marinetraffic.com/en/ais/search/all?keyword=261006870", "method": "v3_2pass_track3d_fromru10d", "ru_seen_in_lookback": true, "in_monitor_on_day": true}}, {"type": "Feature", "geometry": {"type": "LineString", "coordinates": [[18.801703333333332, 54.599963333333335], [18.801708333333334, 54.599963333333335], [18.801715, 54.599965], [18.801715, 54.599963333333335], [18.80172333333333, 54.59996], [18.801726666666664, 54.59996], [18.80173166666667, 54.59996], [18.801733333333335, 54.599963333333335], [18.80172333333333, 54.599955], [18.801726666666664, 54.59995666666667], [18.801718333333334, 54.59995833333333], [18.801713333333332, 54.59995333333333], [18.801706666666668, 54.599965], [18.801716666666668, 54.59996833333333], [18.801716666666668, 54.59997666666666], [18.801721666666666, 54.59997333333333], [18.80172, 54.599965], [18.801726666666664, 54.59995833333333], [18.801733333333335, 54.59995666666667], [18.801726666666664, 54.59995833333333], [18.801724999999998, 54.59995833333333], [18.80172333333333, 54.599963333333335], [18.801721666666666, 54.599961666666665], [18.801716666666668, 54.599963333333335], [18.801724999999998, 54.59996666666667], [18.801726666666664, 54.59997833333333], [18.801724999999998, 54.59997666666666], [18.80171, 54.59996666666667], [18.801718333333334, 54.599963333333335], [18.801706666666668, 54.59996], [18.801696666666665, 54.599965], [18.801676666666665, 54.59995333333333], [18.801671666666667, 54.59996], [18.80167, 54.599965], [18.801691666666667, 54.59997], [18.801701666666666, 54.59997333333333], [18.801708333333334, 54.59997], [18.8017, 54.59995166666667], [18.801711666666666, 54.599965], [18.801713333333332, 54.599961666666665], [18.80169833333333, 54.59996666666667], [18.801681666666664, 54.59996], [18.801683333333337, 54.59995666666667], [18.801701666666666, 54.599963333333335], [18.80171, 54.599965], [18.801705000000002, 54.59996666666667], [18.801688333333335, 54.599963333333335], [18.801685000000003, 54.599961666666665], [18.80171, 54.59996833333333], [18.801724999999998, 54.599965], [18.80172333333333, 54.59997166666667], [18.801728333333333, 54.59996], [18.801726666666664, 54.599963333333335], [18.80173166666667, 54.599963333333335], [18.80173166666667, 54.59996], [18.801735, 54.59995333333333], [18.801728333333333, 54.59995333333333], [18.801724999999998, 54.59995833333333], [18.795283333333334, 54.587455], [18.84672833333333, 54.59480666666666], [18.862611666666666, 54.62099166666667], [18.859716666666667, 54.644845000000004], [18.842643333333335, 54.66695333333333], [18.823238333333332, 54.68705666666666], [18.837341666666667, 54.66837666666667], [18.856213333333336, 54.64743166666666], [18.868718333333334, 54.626308333333334], [18.88228666666667, 54.60434333333333], [18.889358333333334, 54.58300666666666], [18.924923333333332, 54.58898666666666], [18.953656666666667, 54.60782], [18.981370000000002, 54.62419], [18.957815, 54.605941666666666], [18.935013333333334, 54.59011833333333], [18.921843333333335, 54.585255], [18.908686666666664, 54.576123333333335], [18.896821666666664, 54.564205], [18.84842666666667, 54.583376666666666], [18.800628333333336, 54.601414999999996], [18.800606666666667, 54.60143166666667], [18.8006, 54.60143666666667], [18.803498333333334, 54.600323333333336], [18.80352333333333, 54.600315], [18.803366666666665, 54.60112166666667], [18.803405, 54.60109166666667], [18.80341, 54.601083333333335], [18.803408333333334, 54.60108], [18.803401666666666, 54.60107666666667], [18.803391666666666, 54.60107333333334], [18.803393333333336, 54.60108], [18.803403333333332, 54.60107666666667], [18.803405, 54.60108666666667], [18.803403333333332, 54.60108833333334], [18.803403333333332, 54.60108833333334], [18.803396666666668, 54.60109], [18.803401666666666, 54.601081666666666], [18.803406666666667, 54.601085], [18.803405, 54.60109333333333], [18.803403333333332, 54.601085], [18.803405, 54.601083333333335], [18.8034, 54.601078333333334], [18.803396666666668, 54.601083333333335]]}, "properties": {"label": "WLA-220", "mmsi": "261002913", "imo": "", "name": "WLA-220", "shiptype": "", "first_seen_utc": "2026-01-07T00:18:27Z", "last_seen_utc": "2026-01-16T03:43:05Z", "destination": "WLADYSLAWOWO", "eta": "{'Day': 27, 'Hour': 9, 'Minute': 20, 'Month': 8}", "display": "", "links": "<a href=\"https://www.vesselfinder.com/vessels?name=261002913\" target=\"_blank\" rel=\"noopener\">VesselFinder</a> | <a href=\"https://www.marinetraffic.com/en/ais/search/all?keyword=261002913\" target=\"_blank\" rel=\"noopener\">MarineTraffic</a>", "vf_url": "https://www.vesselfinder.com/vessels?name=261002913", "mst_url": "https://www.marinetraffic.com/en/ais/search/all?keyword=261002913", "method": "v3_2pass_track3d_fromru10d", "ru_seen_in_lookback": true, "in_monitor_on_day": true}}, {"type": "Feature", "geometry": {"type": "Point", "coordinates": [18.803396666666668, 54.601083333333335]}, "properties": {"label": "WLA-220", "mmsi": "261002913", "imo": "", "name": "WLA-220", "shiptype": "", "first_seen_utc": "2026-01-07T00:18:27Z", "last_seen_utc": "2026-01-16T03:43:05Z", "destination": "WLADYSLAWOWO", "eta": "{'Day': 27, 'Hour': 9, 'Minute': 20, 'Month': 8}", "display": "WLA-220 (261002913)", "links": "<a href=\"https://www.vesselfinder.com/vessels?name=261002913\" target=\"_blank\" rel=\"noopener\">VesselFinder</a> | <a href=\"https://www.marinetraffic.com/en/ais/search/all?keyword=261002913\" target=\"_blank\" rel=\"noopener\">MarineTraffic</a>", "vf_url": "https://www.vesselfinder.com/vessels?name=261002913", "mst_url": "https://www.marinetraffic.com/en/ais/search/all?keyword=261002913", "method": "v3_2pass_track3d_fromru10d", "ru_seen_in_lookback": true, "in_monitor_on_day": true}}, {"type": "Feature", "geometry": {"type": "LineString", "coordinates": [[19.21835, 54.378685000000004], [19.135295, 54.38479333333333], [19.05385, 54.38915833333333], [18.972343333333335, 54.393170000000005], [18.889705, 54.40050166666666], [18.82291, 54.408723333333334], [18.747693333333334, 54.41881166666667], [18.675268333333335, 54.42541833333333], [18.67805, 54.40313833333333], [18.664093333333334, 54.37063166666667], [18.676454999999997, 54.35612666666667], [18.676589999999997, 54.356115], [18.676541666666665, 54.356125], [18.675236666666667, 54.35689333333333], [18.67524166666667, 54.35691333333333], [18.675213333333332, 54.35689], [18.675216666666664, 54.35690666666667], [18.67522166666667, 54.35688666666667], [18.675251666666668, 54.356895], [18.675235, 54.35691], [18.67522166666667, 54.35689833333333], [18.675228333333333, 54.356896666666664], [18.67523, 54.35689333333333], [18.67522166666667, 54.35691166666666], [18.675220000000003, 54.356865], [18.675250000000002, 54.356919999999995], [18.675203333333332, 54.35689166666667], [18.67521833333333, 54.3569], [18.675243333333334, 54.356895], [18.675220000000003, 54.356896666666664], [18.675226666666667, 54.35688666666667], [18.67524166666667, 54.356901666666666], [18.67522166666667, 54.35688666666667], [18.675213333333332, 54.35690666666667], [18.675205000000002, 54.35690833333333], [18.675245, 54.356883333333336], [18.675255, 54.356885000000005], [18.675211666666666, 54.35689833333333], [18.67524, 54.35690833333333], [18.67523333333333, 54.35690666666667], [18.67522166666667, 54.3569], [18.675223333333335, 54.35688833333334], [18.675201666666666, 54.35690833333333], [18.675213333333332, 54.356926666666666], [18.67521833333333, 54.356874999999995], [18.67522166666667, 54.35690833333333], [18.67524166666667, 54.35687166666666], [18.67524166666667, 54.356901666666666], [18.675226666666667, 54.35691], [18.675245, 54.35689166666667], [18.675226666666667, 54.35690666666667], [18.675223333333335, 54.356896666666664], [18.675220000000003, 54.356878333333334], [18.67524166666667, 54.35689], [18.67523, 54.35688833333334], [18.675231666666665, 54.356885000000005], [18.67524, 54.35689166666667], [18.67523333333333, 54.35689166666667], [18.675220000000003, 54.356905], [18.675216666666664, 54.356885000000005], [18.675216666666664, 54.35687166666666], [18.67521, 54.35688833333334], [18.675220000000003, 54.35691166666666], [18.676161666666665, 54.356451666666665], [18.676226666666665, 54.356451666666665], [18.672245, 54.358815], [18.672253333333334, 54.35883166666667], [18.675251666666668, 54.35690666666667], [18.675214999999998, 54.35689333333333], [18.675238333333333, 54.356896666666664], [18.675213333333332, 54.356915], [18.675243333333334, 54.35689333333333], [18.675236666666667, 54.35691333333333], [18.675211666666666, 54.356881666666666], [18.675235, 54.356905], [18.67523333333333, 54.35687666666667], [18.675245, 54.35689333333333], [18.67524, 54.35689166666667], [18.675243333333334, 54.35688833333334], [18.675250000000002, 54.35688833333334], [18.675235, 54.35689333333333], [18.675206666666668, 54.356895], [18.675226666666667, 54.35690833333333], [18.675265000000003, 54.356905], [18.6752, 54.356901666666666], [18.675226666666667, 54.35689], [18.675250000000002, 54.3569], [18.675255, 54.356895], [18.675214999999998, 54.356915], [18.675226666666667, 54.356881666666666], [18.675253333333334, 54.356925000000004], [18.675231666666665, 54.356896666666664], [18.67524166666667, 54.356901666666666], [18.675258333333332, 54.356880000000004], [18.67522166666667, 54.35691666666666], [18.675223333333335, 54.35691333333333], [18.675253333333334, 54.356895], [18.675231666666665, 54.356903333333335], [18.675216666666664, 54.356883333333336], [18.675238333333333, 54.356865], [18.675223333333335, 54.356903333333335]]}, "properties": {"label": "HENRYK", "mmsi": "261059000", "imo": "7504926", "name": "HENRYK", "shiptype": "", "first_seen_utc": "2026-01-07T00:19:44Z", "last_seen_utc": "2026-01-16T03:33:07Z", "destination": "NOWYSWIAT", "eta": "{'Day': 13, 'Hour': 13, 'Minute': 0, 'Month': 1}", "display": "", "links": "<a href=\"https://www.vesselfinder.com/vessels?name=7504926\" target=\"_blank\" rel=\"noopener\">VesselFinder</a> | <a href=\"https://www.marinetraffic.com/en/ais/search/all?keyword=7504926\" target=\"_blank\" rel=\"noopener\">MarineTraffic</a>", "vf_url": "https://www.vesselfinder.com/vessels?name=7504926", "mst_url": "https://www.marinetraffic.com/en/ais/search/all?keyword=7504926", "method": "v3_2pass_track3d_fromru10d", "ru_seen_in_lookback": true, "in_monitor_on_day": true}}, {"type": "Feature", "geometry": {"type": "Point", "coordinates": [18.675223333333335, 54.356903333333335]}, "properties": {"label": "HENRYK", "mmsi": "261059000", "imo": "7504926", "name": "HENRYK", "shiptype": "", "first_seen_utc": "2026-01-07T00:19:44Z", "last_seen_utc": "2026-01-16T03:33:07Z", "destination": "NOWYSWIAT", "eta": "{'Day': 13, 'Hour': 13, 'Minute': 0, 'Month': 1}", "display": "HENRYK (261059000)", "links": "<a href=\"https://www.vesselfinder.com/vessels?name=7504926\" target=\"_blank\" rel=\"noopener\">VesselFinder</a> | <a href=\"https://www.marinetraffic.com/en/ais/search/all?keyword=7504926\" target=\"_blank\" rel=\"noopener\">MarineTraffic</a>", "vf_url": "https://www.vesselfinder.com/vessels?name=7504926", "mst_url": "https://www.marinetraffic.com/en/ais/search/all?keyword=7504926", "method": "v3_2pass_track3d_fromru10d", "ru_seen_in_lookback": true, "in_monitor_on_day": true}}, {"type": "Feature", "geometry": {"type": "LineString", "coordinates": [[4.713105, 58.78339166666667], [4.81935, 58.707073333333334], [4.912446666666667, 58.627433333333336], [4.99982, 58.53757666666667], [5.098318333333333, 58.44765833333334], [5.188563333333334, 58.360881666666664], [5.298593333333333, 58.27813333333334], [5.446555, 58.21608166666667], [5.579118333333333, 58.155726666666666], [5.7132016666666665, 58.089034999999996], [5.861993333333333, 58.02075], [6.009601666666667, 57.95433333333334], [6.160126666666667, 57.891814999999994], [6.301538333333334, 57.82548833333333], [6.440306666666667, 57.75929833333333], [6.6078616666666665, 57.704575], [6.816115, 57.69569], [7.0235650000000005, 57.68947], [7.217291666666667, 57.684668333333335], [7.405223333333334, 57.67836833333333], [7.59671, 57.67336833333333], [7.787558333333333, 57.673701666666666], [7.986093333333333, 57.68357666666667], [8.181341666666667, 57.69963833333334], [8.384368333333333, 57.716438333333336], [8.578708333333333, 57.735654999999994], [8.77862, 57.748574999999995], [8.983045, 57.76295833333334], [9.195411666666667, 57.77956], [9.403215, 57.796295], [9.60778, 57.80429], [9.808811666666665, 57.80897166666667], [10.006499999999999, 57.80842], [10.209685, 57.81134], [10.376433333333333, 57.81408166666667], [11.176915000000001, 56.12605166666666], [11.01111, 55.96678166666666], [10.863341666666667, 55.89803833333334], [10.8057, 55.81239666666667], [10.783330000000001, 55.701948333333334], [10.808415, 55.59634333333334], [10.979334999999999, 55.41500166666666], [11.039063333333333, 55.307125], [11.095036666666665, 55.20655333333333], [10.99147, 55.12889500000001], [10.991743333333334, 55.023736666666665], [10.887903333333332, 54.940801666666665], [10.836523333333334, 54.839845], [10.782285, 54.73471], [10.836068333333333, 54.65142166666667], [10.983901666666666, 54.597948333333335], [11.152556666666667, 54.589573333333334], [11.311225, 54.549526666666665], [11.466416666666667, 54.501504999999995], [11.624545000000001, 54.45194], [11.785485, 54.407583333333335], [11.849635000000001, 54.36777166666666], [11.8545, 54.30505], [11.882595, 54.27025666666667], [11.908813333333335, 54.24861], [11.916554999999999, 54.23884666666667], [11.916316666666667, 54.237975], [11.915754999999999, 54.237965], [11.916011666666666, 54.237629999999996], [11.916526666666666, 54.237761666666664], [11.916528333333334, 54.23774166666667], [11.916113333333334, 54.23769], [11.916155, 54.23768333333333], [11.916951666666668, 54.23758333333333], [11.916845, 54.237449999999995], [11.916851666666668, 54.23729166666667], [11.916948333333332, 54.23726333333333], [11.916893333333332, 54.23729166666667], [11.917063333333335, 54.23721333333334], [11.916918333333333, 54.23729166666667], [11.916843333333333, 54.23738166666667], [11.916761666666668, 54.23740833333333]]}, "properties": {"label": "BERGEN TS", "mmsi": "248024000", "imo": "9737400", "name": "BERGEN TS", "shiptype": "", "first_seen_utc": "2026-01-07T00:20:09Z", "last_seen_utc": "2026-01-16T03:30:36Z", "destination": "NOMON>DERSK", "eta": "{'Day': 15, 'Hour': 15, 'Minute': 0, 'Month': 1}", "display": "", "links": "<a href=\"https://www.vesselfinder.com/vessels?name=9737400\" target=\"_blank\" rel=\"noopener\">VesselFinder</a> | <a href=\"https://www.marinetraffic.com/en/ais/search/all?keyword=9737400\" target=\"_blank\" rel=\"noopener\">MarineTraffic</a>", "vf_url": "https://www.vesselfinder.com/vessels?name=9737400", "mst_url": "https://www.marinetraffic.com/en/ais/search/all?keyword=9737400", "method": "v3_2pass_track3d_fromru10d", "ru_seen_in_lookback": true, "in_monitor_on_day": true}}, {"type": "Feature", "geometry": {"type": "Point", "coordinates": [11.916761666666668, 54.23740833333333]}, "properties": {"label": "BERGEN TS", "mmsi": "248024000", "imo": "9737400", "name": "BERGEN TS", "shiptype": "", "first_seen_utc": "2026-01-07T00:20:09Z", "last_seen_utc": "2026-01-16T03:30:36Z", "destination": "NOMON>DERSK", "eta": "{'Day': 15, 'Hour': 15, 'Minute': 0, 'Month': 1}", "display": "BERGEN TS (248024000)", "links": "<a href=\"https://www.vesselfinder.com/vessels?name=9737400\" target=\"_blank\" rel=\"noopener\">VesselFinder</a> | <a href=\"https://www.marinetraffic.com/en/ais/search/all?keyword=9737400\" target=\"_blank\" rel=\"noopener\">MarineTraffic</a>", "vf_url": "https://www.vesselfinder.com/vessels?name=9737400", "mst_url": "https://www.marinetraffic.com/en/ais/search/all?keyword=9737400", "method": "v3_2pass_track3d_fromru10d", "ru_seen_in_lookback": true, "in_monitor_on_day": true}}, {"type": "Feature", "geometry": {"type": "LineString", "coordinates": [[18.39081666666667, 55.09758333333333], [18.48235, 55.04605], [18.565333333333335, 54.99948333333334], [18.651466666666668, 54.95218333333333], [18.740216666666665, 54.90496666666666], [18.833566666666666, 54.86006666666666], [18.91535, 54.80231666666667], [18.995150000000002, 54.75128333333334], [19.034283333333335, 54.692699999999995], [19.06455, 54.6344], [19.052583333333335, 54.58161666666667], [19.019650000000002, 54.54091666666667], [18.99585, 54.511516666666665], [18.953899999999997, 54.5125], [18.936683333333335, 54.52503333333333], [18.93708333333333, 54.53906666666667], [18.9383, 54.55278333333333], [18.935766666666666, 54.50828333333333], [18.921066666666665, 54.45956666666667], [18.852433333333334, 54.425783333333335], [18.7505, 54.405316666666664], [18.717100000000002, 54.39013333333333], [18.711216666666665, 54.38786666666667], [18.7112, 54.38786666666667], [18.7112, 54.38786666666667], [18.7112, 54.38786666666667], [18.7112, 54.387883333333335], [18.7112, 54.387883333333335], [18.711216666666665, 54.38786666666667], [18.7112, 54.387883333333335], [18.7112, 54.38786666666667], [18.7112, 54.387883333333335], [18.711216666666665, 54.387883333333335], [18.711216666666665, 54.38786666666667], [18.7112, 54.387883333333335], [18.7112, 54.38786666666667], [18.7112, 54.38786666666667], [18.71125333333333, 54.38791666666667], [18.711216666666665, 54.387883333333335], [18.7112, 54.387883333333335], [18.711233333333332, 54.38786666666667], [18.711216666666665, 54.38786666666667], [18.7112, 54.38786666666667], [18.7112, 54.38785], [18.711183333333334, 54.38785], [18.7112, 54.387883333333335], [18.7112, 54.38786666666667], [18.711216666666665, 54.38786666666667], [18.7112, 54.38786666666667], [18.711183333333334, 54.387899999999995], [18.7112, 54.387883333333335], [18.711216666666665, 54.38786666666667], [18.711216666666665, 54.38786666666667], [18.711216666666665, 54.387883333333335], [18.711251666666666, 54.38789666666666], [18.711216666666665, 54.38786666666667], [18.711216666666665, 54.387883333333335], [18.711216666666665, 54.38786666666667], [18.7112, 54.38786666666667], [18.711216666666665, 54.38786666666667], [18.7112, 54.38786666666667], [18.7112, 54.38786666666667], [18.7112, 54.38786666666667], [18.7112, 54.38786666666667], [18.711166666666667, 54.38783333333333], [18.7112, 54.38786666666667], [18.711216666666665, 54.387883333333335], [18.711216666666665, 54.38786666666667], [18.7112, 54.38786666666667], [18.711216666666665, 54.38786666666667], [18.711216666666665, 54.38786666666667], [18.711216666666665, 54.38786666666667], [18.711216666666665, 54.387883333333335], [18.7112, 54.38786666666667], [18.7112, 54.38786666666667], [18.7112, 54.38786666666667], [18.711216666666665, 54.38786666666667], [18.711216666666665, 54.38786666666667], [18.711216666666665, 54.38786666666667], [18.7112, 54.38786666666667], [18.711216666666665, 54.38786666666667], [18.711216666666665, 54.38786666666667], [18.7112, 54.38786666666667]]}, "properties": {"label": "CMA CGM B FRANKLIN", "mmsi": "215195000", "imo": "9706891", "name": "CMA CGM B FRANKLIN", "shiptype": "", "first_seen_utc": "2026-01-07T00:23:06Z", "last_seen_utc": "2026-01-16T03:41:47Z", "destination": "GBSOU", "eta": "{'Day': 20, 'Hour': 7, 'Minute': 0, 'Month': 1}", "display": "", "links": "<a href=\"https://www.vesselfinder.com/vessels?name=9706891\" target=\"_blank\" rel=\"noopener\">VesselFinder</a> | <a href=\"https://www.marinetraffic.com/en/ais/search/all?keyword=9706891\" target=\"_blank\" rel=\"noopener\">MarineTraffic</a>", "vf_url": "https://www.vesselfinder.com/vessels?name=9706891", "mst_url": "https://www.marinetraffic.com/en/ais/search/all?keyword=9706891", "method": "v3_2pass_track3d_fromru10d", "ru_seen_in_lookback": true, "in_monitor_on_day": true}}, {"type": "Feature", "geometry": {"type": "Point", "coordinates": [18.7112, 54.38786666666667]}, "properties": {"label": "CMA CGM B FRANKLIN", "mmsi": "215195000", "imo": "9706891", "name": "CMA CGM B FRANKLIN", "shiptype": "", "first_seen_utc": "2026-01-07T00:23:06Z", "last_seen_utc": "2026-01-16T03:41:47Z", "destination": "GBSOU", "eta": "{'Day': 20, 'Hour': 7, 'Minute': 0, 'Month': 1}", "display": "CMA CGM B FRANKLIN (215195000)", "links": "<a href=\"https://www.vesselfinder.com/vessels?name=9706891\" target=\"_blank\" rel=\"noopener\">VesselFinder</a> | <a href=\"https://www.marinetraffic.com/en/ais/search/all?keyword=9706891\" target=\"_blank\" rel=\"noopener\">MarineTraffic</a>", "vf_url": "https://www.vesselfinder.com/vessels?name=9706891", "mst_url": "https://www.marinetraffic.com/en/ais/search/all?keyword=9706891", "method": "v3_2pass_track3d_fromru10d", "ru_seen_in_lookback": true, "in_monitor_on_day": true}}, {"type": "Feature", "geometry": {"type": "LineString", "coordinates": [[16.737235000000002, 55.49205333333334], [15.417663333333333, 55.473274999999994], [15.13217, 55.49263833333334], [15.083345000000001, 55.57776666666667], [14.959066666666667, 55.557739999999995], [14.824951666666667, 55.52182333333334], [14.694888333333333, 55.481793333333336], [14.58994, 55.42425166666667], [14.493388333333334, 55.364288333333334], [14.4039, 55.300979999999996], [14.315781666666668, 55.23962166666667], [14.215093333333334, 55.17969333333333], [14.118699999999999, 55.12001166666666], [14.018028333333332, 55.0643], [13.875758333333332, 55.03510166666667], [13.737211666666667, 55.006695], [12.247620000000001, 54.6124], [12.194236666666665, 54.53955666666666], [12.168795, 54.45692333333333], [12.034995, 54.42949833333333], [11.935393333333334, 54.40220166666666], [11.938656666666667, 54.32045666666667], [11.987879999999999, 54.26029166666667], [12.004484999999999, 54.24036833333333], [12.004539999999999, 54.24023666666667], [12.004588333333334, 54.240345000000005], [12.004465000000001, 54.24053833333333], [12.004376666666667, 54.240883333333336]]}, "properties": {"label": "ROSTRUM HEDONIST", "mmsi": "636093240", "imo": "9955894", "name": "ROSTRUM HEDONIST", "shiptype": "", "first_seen_utc": "2026-01-07T00:24:15Z", "last_seen_utc": "2026-01-16T03:44:26Z", "destination": "ROSTOCK", "eta": "{'Day': 16, 'Hour': 6, 'Minute': 0, 'Month': 1}", "display": "", "links": "<a href=\"https://www.vesselfinder.com/vessels?name=9955894\" target=\"_blank\" rel=\"noopener\">VesselFinder</a> | <a href=\"https://www.marinetraffic.com/en/ais/search/all?keyword=9955894\" target=\"_blank\" rel=\"noopener\">MarineTraffic</a>", "vf_url": "https://www.vesselfinder.com/vessels?name=9955894", "mst_url": "https://www.marinetraffic.com/en/ais/search/all?keyword=9955894", "method": "v3_2pass_track3d_fromru10d", "ru_seen_in_lookback": true, "in_monitor_on_day": true}}, {"type": "Feature", "geometry": {"type": "Point", "coordinates": [12.004376666666667, 54.240883333333336]}, "properties": {"label": "ROSTRUM HEDONIST", "mmsi": "636093240", "imo": "9955894", "name": "ROSTRUM HEDONIST", "shiptype": "", "first_seen_utc": "2026-01-07T00:24:15Z", "last_seen_utc": "2026-01-16T03:44:26Z", "destination": "ROSTOCK", "eta": "{'Day': 16, 'Hour': 6, 'Minute': 0, 'Month': 1}", "display": "ROSTRUM HEDONIST (636093240)", "links": "<a href=\"https://www.vesselfinder.com/vessels?name=9955894\" target=\"_blank\" rel=\"noopener\">VesselFinder</a> | <a href=\"https://www.marinetraffic.com/en/ais/search/all?keyword=9955894\" target=\"_blank\" rel=\"noopener\">MarineTraffic</a>", "vf_url": "https://www.vesselfinder.com/vessels?name=9955894", "mst_url": "https://www.marinetraffic.com/en/ais/search/all?keyword=9955894", "method": "v3_2pass_track3d_fromru10d", "ru_seen_in_lookback": true, "in_monitor_on_day": true}}, {"type": "Feature", "geometry": {"type": "LineString", "coordinates": [[15.524868333333334, 55.74861], [15.274061666666666, 55.665213333333334], [15.12169, 55.617145], [14.973605, 55.569755], [14.82621, 55.51903166666667], [14.669618333333334, 55.46912333333333], [14.533135, 55.400085]]}, "properties": {"label": "AQUARIUS", "mmsi": "636018924", "imo": "9354272", "name": "AQUARIUS", "shiptype": "", "first_seen_utc": "2026-01-07T00:24:17Z", "last_seen_utc": "2026-01-16T03:43:16Z", "destination": "RU LED > US BAL", "eta": "{'Day': 30, 'Hour': 18, 'Minute': 0, 'Month': 1}", "display": "", "links": "<a href=\"https://www.vesselfinder.com/vessels?name=9354272\" target=\"_blank\" rel=\"noopener\">VesselFinder</a> | <a href=\"https://www.marinetraffic.com/en/ais/search/all?keyword=9354272\" target=\"_blank\" rel=\"noopener\">MarineTraffic</a>", "vf_url": "https://www.vesselfinder.com/vessels?name=9354272", "mst_url": "https://www.marinetraffic.com/en/ais/search/all?keyword=9354272", "method": "v3_2pass_track3d_fromru10d", "ru_seen_in_lookback": true, "in_monitor_on_day": true}}, {"type": "Feature", "geometry": {"type": "Point", "coordinates": [14.533135, 55.400085]}, "properties": {"label": "AQUARIUS", "mmsi": "636018924", "imo": "9354272", "name": "AQUARIUS", "shiptype": "", "first_seen_utc": "2026-01-07T00:24:17Z", "last_seen_utc": "2026-01-16T03:43:16Z", "destination": "RU LED > US BAL", "eta": "{'Day': 30, 'Hour': 18, 'Minute': 0, 'Month': 1}", "display": "AQUARIUS (636018924)", "links": "<a href=\"https://www.vesselfinder.com/vessels?name=9354272\" target=\"_blank\" rel=\"noopener\">VesselFinder</a> | <a href=\"https://www.marinetraffic.com/en/ais/search/all?keyword=9354272\" target=\"_blank\" rel=\"noopener\">MarineTraffic</a>", "vf_url": "https://www.vesselfinder.com/vessels?name=9354272", "mst_url": "https://www.marinetraffic.com/en/ais/search/all?keyword=9354272", "method": "v3_2pass_track3d_fromru10d", "ru_seen_in_lookback": true, "in_monitor_on_day": true}}, {"type": "Feature", "geometry": {"type": "LineString", "coordinates": [[18.83165, 54.43971666666666], [18.83171666666667, 54.43971666666666], [18.832033333333335, 54.439733333333336], [18.832216666666667, 54.439750000000004], [18.83178333333333, 54.43971666666666], [18.831966666666666, 54.439733333333336], [18.832066666666666, 54.43971666666666], [18.831633333333333, 54.43968333333333], [18.831733333333332, 54.43971666666666], [18.83135, 54.43968333333333], [18.83171666666667, 54.439750000000004], [18.832083333333333, 54.4398], [18.832016666666668, 54.439750000000004], [18.831366666666668, 54.439750000000004], [18.831883333333334, 54.43978333333334], [18.832216666666667, 54.439766666666664], [18.831200000000003, 54.43971666666666], [18.831216666666666, 54.43966666666667], [18.831933333333332, 54.4398], [18.831799999999998, 54.439816666666665], [18.831333333333337, 54.43971666666666], [18.83135, 54.439750000000004], [18.83105, 54.43971666666666], [18.83171666666667, 54.4397], [18.831883333333334, 54.4398], [18.831583333333334, 54.4398], [18.8321, 54.43985], [18.83175, 54.439816666666665], [18.832, 54.43983333333333], [18.832283333333333, 54.4398], [18.83235, 54.43983333333333], [18.832383333333333, 54.43983333333333], [18.832183333333333, 54.43985], [18.83235, 54.43985], [18.83243333333333, 54.439816666666665], [18.832733333333334, 54.4398], [18.83295, 54.439766666666664], [18.833583333333333, 54.439600000000006], [18.83395, 54.43946666666667], [18.83395, 54.439499999999995], [18.83491666666667, 54.438916666666664], [18.83525, 54.43821666666667], [18.83515, 54.43853333333333], [18.835116666666668, 54.438599999999994], [18.835216666666668, 54.43841666666666], [18.835016666666668, 54.43873333333333], [18.834883333333334, 54.4389], [18.834833333333332, 54.43893333333333], [18.834966666666666, 54.438766666666666], [18.834883333333334, 54.43896666666667], [18.834983333333334, 54.438833333333335], [18.83468333333333, 54.43906666666667], [18.835016666666668, 54.43875], [18.834883333333334, 54.43888333333334], [18.834466666666668, 54.4392], [18.83403333333333, 54.43938333333333], [18.833450000000003, 54.43958333333333], [18.833849999999998, 54.439499999999995], [18.8341, 54.4394], [18.83376666666667, 54.439483333333335], [18.83365, 54.439416666666666], [18.834049999999998, 54.43938333333333], [18.834183333333332, 54.43945], [18.833849999999998, 54.439433333333334], [18.83265, 54.4397], [18.832800000000002, 54.43971666666666], [18.833216666666665, 54.43968333333333], [18.83311666666667, 54.439733333333336], [18.832783333333335, 54.439750000000004], [18.8325, 54.439750000000004], [18.8326, 54.439733333333336], [18.83235, 54.439733333333336], [18.83216666666667, 54.439766666666664], [18.831599999999998, 54.43971666666666], [18.831083333333332, 54.43953333333333], [18.830933333333334, 54.43963333333333], [18.831366666666668, 54.43971666666666], [18.83148333333333, 54.439733333333336], [18.831616666666665, 54.439766666666664], [18.8311, 54.43963333333333], [18.8309, 54.43963333333333], [18.83085, 54.43963333333333], [18.830933333333334, 54.43966666666667], [18.831366666666668, 54.43971666666666], [18.831583333333334, 54.4398], [18.83128333333333, 54.43971666666666], [18.831533333333333, 54.439733333333336], [18.831266666666668, 54.439733333333336], [18.83135, 54.43968333333333], [18.831133333333334, 54.4397], [18.83181666666667, 54.438266666666664], [18.784100000000002, 54.41115], [18.733316666666667, 54.38416666666667], [18.728816666666667, 54.38158333333333], [18.728833333333334, 54.381566666666664], [18.728833333333334, 54.38158333333333], [18.728816666666667, 54.38158333333333]]}, "properties": {"label": "LAURA MAERSK", "mmsi": "219543000", "imo": "9944546", "name": "LAURA MAERSK", "shiptype": "", "first_seen_utc": "2026-01-07T00:26:14Z", "last_seen_utc": "2026-01-16T03:53:34Z", "destination": "PLGDN", "eta": "{'Day': 16, 'Hour': 1, 'Minute': 0, 'Month': 1}", "display": "", "links": "<a href=\"https://www.vesselfinder.com/vessels?name=9944546\" target=\"_blank\" rel=\"noopener\">VesselFinder</a> | <a href=\"https://www.marinetraffic.com/en/ais/search/all?keyword=9944546\" target=\"_blank\" rel=\"noopener\">MarineTraffic</a>", "vf_url": "https://www.vesselfinder.com/vessels?name=9944546", "mst_url": "https://www.marinetraffic.com/en/ais/search/all?keyword=9944546", "method": "v3_2pass_track3d_fromru10d", "ru_seen_in_lookback": true, "in_monitor_on_day": true}}, {"type": "Feature", "geometry": {"type": "Point", "coordinates": [18.728816666666667, 54.38158333333333]}, "properties": {"label": "LAURA MAERSK", "mmsi": "219543000", "imo": "9944546", "name": "LAURA MAERSK", "shiptype": "", "first_seen_utc": "2026-01-07T00:26:14Z", "last_seen_utc": "2026-01-16T03:53:34Z", "destination": "PLGDN", "eta": "{'Day': 16, 'Hour': 1, 'Minute': 0, 'Month': 1}", "display": "LAURA MAERSK (219543000)", "links": "<a href=\"https://www.vesselfinder.com/vessels?name=9944546\" target=\"_blank\" rel=\"noopener\">VesselFinder</a> | <a href=\"https://www.marinetraffic.com/en/ais/search/all?keyword=9944546\" target=\"_blank\" rel=\"noopener\">MarineTraffic</a>", "vf_url": "https://www.vesselfinder.com/vessels?name=9944546", "mst_url": "https://www.marinetraffic.com/en/ais/search/all?keyword=9944546", "method": "v3_2pass_track3d_fromru10d", "ru_seen_in_lookback": true, "in_monitor_on_day": true}}, {"type": "Feature", "geometry": {"type": "LineString", "coordinates": [[19.013733333333334, 54.62484666666667], [18.925283333333333, 54.56422666666666], [18.852885, 54.52891833333333], [18.775458333333333, 54.494103333333335], [18.700136666666666, 54.458706666666664], [18.656401666666667, 54.416475], [18.672236666666667, 54.391238333333334], [18.672248333333336, 54.391216666666665], [18.672236666666667, 54.39123], [18.672245, 54.391215], [18.67221333333333, 54.39122], [18.672221666666665, 54.39120666666667], [18.67222, 54.39124], [18.672225, 54.39124], [18.67224333333333, 54.391218333333335], [18.67224, 54.391196666666666], [18.672218333333333, 54.39122333333333], [18.67221333333333, 54.39124], [18.67221333333333, 54.39118333333333], [18.672251666666668, 54.391173333333334], [18.672226666666667, 54.391225], [18.67221, 54.39125666666666], [18.67224666666667, 54.39123], [18.67221333333333, 54.391218333333335], [18.67222, 54.39124666666667], [18.67220166666667, 54.39117666666667], [18.67226, 54.39126], [18.672251666666668, 54.39125333333333], [18.672251666666668, 54.39122833333333], [18.67222333333333, 54.391215], [18.67224666666667, 54.39118833333334], [18.672235, 54.39118], [18.67222333333333, 54.391238333333334], [18.672265, 54.391218333333335], [18.672233333333335, 54.391218333333335], [18.672193333333333, 54.39121333333333], [18.672255, 54.39122833333333], [18.672275, 54.39123333333334], [18.672253333333334, 54.39122166666667], [18.672256666666666, 54.39123333333334], [18.67226, 54.39116], [18.672218333333333, 54.39121166666666], [18.67224333333333, 54.391173333333334], [18.672253333333334, 54.39122333333333], [18.67224, 54.391195], [18.672273333333333, 54.391175], [18.672265, 54.39120833333333], [18.672273333333333, 54.39119166666667], [18.672286666666665, 54.39120666666667], [18.672258333333332, 54.39121333333333], [18.672236666666667, 54.391200000000005], [18.672275, 54.39120833333333], [18.672250000000002, 54.39123166666666], [18.672251666666668, 54.391196666666666], [18.672250000000002, 54.39119], [18.672230000000003, 54.39123166666666], [18.672304999999998, 54.39122], [18.672226666666667, 54.391215], [18.672258333333332, 54.391241666666666], [18.672311666666666, 54.39122333333333], [18.672218333333333, 54.39121333333333], [18.672255, 54.39122833333333], [18.672278333333335, 54.39117], [18.672263333333333, 54.391218333333335], [18.672216666666667, 54.39121], [18.67222333333333, 54.39124], [18.672255, 54.39122666666666], [18.672225, 54.391215], [18.67219833333333, 54.391235], [18.672671666666666, 54.39155], [18.672633333333334, 54.39155166666667], [18.672651666666663, 54.39156833333333], [18.672703333333335, 54.391598333333334], [18.672675, 54.39158666666666], [18.672688333333333, 54.39158833333333], [18.672661666666666, 54.391600000000004], [18.67267, 54.391578333333335], [18.672253333333334, 54.39119166666667], [18.67222, 54.39122166666667], [18.67221, 54.391195], [18.67221, 54.39122166666667], [18.67221333333333, 54.391225], [18.672265, 54.39120333333334], [18.67218666666667, 54.391200000000005], [18.672216666666667, 54.39121], [18.672238333333333, 54.39121], [18.672218333333333, 54.391216666666665], [18.672255, 54.39122833333333], [18.672261666666667, 54.391198333333335], [18.672250000000002, 54.391196666666666], [18.67228833333333, 54.39120333333334], [18.672228333333333, 54.391196666666666], [18.67219, 54.39122833333333], [18.672245, 54.39120833333333], [18.67222, 54.39121333333333], [18.67220166666667, 54.391196666666666], [18.67224666666667, 54.39120666666667], [18.672273333333333, 54.391263333333335]]}, "properties": {"label": "MARINA STELARA", "mmsi": "218031900", "imo": "7607209", "name": "MARINA STELARA", "shiptype": "", "first_seen_utc": "2026-01-07T00:26:27Z", "last_seen_utc": "2026-01-16T03:57:03Z", "destination": "PLGDN", "eta": "{'Day': 14, 'Hour': 4, 'Minute': 0, 'Month': 1}", "display": "", "links": "<a href=\"https://www.vesselfinder.com/vessels?name=7607209\" target=\"_blank\" rel=\"noopener\">VesselFinder</a> | <a href=\"https://www.marinetraffic.com/en/ais/search/all?keyword=7607209\" target=\"_blank\" rel=\"noopener\">MarineTraffic</a>", "vf_url": "https://www.vesselfinder.com/vessels?name=7607209", "mst_url": "https://www.marinetraffic.com/en/ais/search/all?keyword=7607209", "method": "v3_2pass_track3d_fromru10d", "ru_seen_in_lookback": true, "in_monitor_on_day": true}}, {"type": "Feature", "geometry": {"type": "Point", "coordinates": [18.672273333333333, 54.391263333333335]}, "properties": {"label": "MARINA STELARA", "mmsi": "218031900", "imo": "7607209", "name": "MARINA STELARA", "shiptype": "", "first_seen_utc": "2026-01-07T00:26:27Z", "last_seen_utc": "2026-01-16T03:57:03Z", "destination": "PLGDN", "eta": "{'Day': 14, 'Hour': 4, 'Minute': 0, 'Month': 1}", "display": "MARINA STELARA (218031900)", "links": "<a href=\"https://www.vesselfinder.com/vessels?name=7607209\" target=\"_blank\" rel=\"noopener\">VesselFinder</a> | <a href=\"https://www.marinetraffic.com/en/ais/search/all?keyword=7607209\" target=\"_blank\" rel=\"noopener\">MarineTraffic</a>", "vf_url": "https://www.vesselfinder.com/vessels?name=7607209", "mst_url": "https://www.marinetraffic.com/en/ais/search/all?keyword=7607209", "method": "v3_2pass_track3d_fromru10d", "ru_seen_in_lookback": true, "in_monitor_on_day": true}}, {"type": "Feature", "geometry": {"type": "LineString", "coordinates": [[15.876646666666666, 55.838895], [15.663731666666667, 55.76985833333333], [15.488026666666666, 55.71308166666667], [15.290533333333334, 55.65121], [15.126926666666666, 55.596305], [14.969358333333334, 55.54785666666667], [14.80892, 55.50073333333333], [14.652871666666666, 55.45250166666666], [14.525318333333333, 55.379475], [14.404721666666667, 55.305910000000004], [14.278403333333333, 55.22673833333333], [14.164901666666667, 55.15081833333333], [14.044573333333334, 55.07654333333333], [13.906786666666667, 55.05606833333333], [13.739618333333334, 55.01144], [13.578956666666667, 54.972568333333335], [12.251521666666667, 54.61733166666667], [12.195831666666667, 54.523588333333336], [12.108831666666667, 54.44907], [11.932688333333335, 54.44534], [11.75964, 54.447876666666666], [11.603299999999999, 54.48360666666667], [11.446850000000001, 54.530633333333334], [11.284273333333335, 54.57852333333334], [11.122456666666666, 54.62348166666666], [10.9752, 54.676291666666664], [10.88349, 54.752645], [10.881433333333332, 54.85151166666667], [10.949653333333334, 54.938208333333336], [11.03475, 55.02318666666667], [11.05417, 55.12469166666666], [11.106428333333334, 55.220758333333336], [11.043028333333332, 55.312021666666666]]}, "properties": {"label": "RAMIRA", "mmsi": "265007000", "imo": "9890599", "name": "RAMIRA", "shiptype": "", "first_seen_utc": "2026-01-07T00:26:42Z", "last_seen_utc": "2026-01-16T03:23:14Z", "destination": "DK KAL", "eta": "{'Day': 16, 'Hour': 6, 'Minute': 0, 'Month': 1}", "display": "", "links": "<a href=\"https://www.vesselfinder.com/vessels?name=9890599\" target=\"_blank\" rel=\"noopener\">VesselFinder</a> | <a href=\"https://www.marinetraffic.com/en/ais/search/all?keyword=9890599\" target=\"_blank\" rel=\"noopener\">MarineTraffic</a>", "vf_url": "https://www.vesselfinder.com/vessels?name=9890599", "mst_url": "https://www.marinetraffic.com/en/ais/search/all?keyword=9890599", "method": "v3_2pass_track3d_fromru10d", "ru_seen_in_lookback": true, "in_monitor_on_day": true}}, {"type": "Feature", "geometry": {"type": "Point", "coordinates": [11.043028333333332, 55.312021666666666]}, "properties": {"label": "RAMIRA", "mmsi": "265007000", "imo": "9890599", "name": "RAMIRA", "shiptype": "", "first_seen_utc": "2026-01-07T00:26:42Z", "last_seen_utc": "2026-01-16T03:23:14Z", "destination": "DK KAL", "eta": "{'Day': 16, 'Hour': 6, 'Minute': 0, 'Month': 1}", "display": "RAMIRA (265007000)", "links": "<a href=\"https://www.vesselfinder.com/vessels?name=9890599\" target=\"_blank\" rel=\"noopener\">VesselFinder</a> | <a href=\"https://www.marinetraffic.com/en/ais/search/all?keyword=9890599\" target=\"_blank\" rel=\"noopener\">MarineTraffic</a>", "vf_url": "https://www.vesselfinder.com/vessels?name=9890599", "mst_url": "https://www.marinetraffic.com/en/ais/search/all?keyword=9890599", "method": "v3_2pass_track3d_fromru10d", "ru_seen_in_lookback": true, "in_monitor_on_day": true}}, {"type": "Feature", "geometry": {"type": "LineString", "coordinates": [[18.877953333333334, 54.45700333333333], [18.878033333333335, 54.45704166666667], [18.877768333333332, 54.45702000000001], [18.877783333333333, 54.45702666666667], [18.877805000000002, 54.45707], [18.877878333333335, 54.45710166666667], [18.87797, 54.45713], [18.878016666666667, 54.457166666666666], [18.877869999999998, 54.45715166666666], [18.877763333333334, 54.45715166666666], [18.877895000000002, 54.45724833333334], [18.877611666666667, 54.457253333333334], [18.877256666666664, 54.45726666666667], [18.877464999999997, 54.45730666666667], [18.877455, 54.45732666666667], [18.877258333333334, 54.45733666666667], [18.87741, 54.45732833333333], [18.878931666666666, 54.458153333333335], [18.87857, 54.45935166666666], [18.878345000000003, 54.45927166666667], [18.878713333333334, 54.45936], [18.878683333333335, 54.45935], [18.878435000000003, 54.45929], [18.87857166666667, 54.45928333333333], [18.87841, 54.45924], [18.87913, 54.45937], [18.879414999999998, 54.45945833333334], [18.879453333333334, 54.459426666666666], [18.879331666666666, 54.45938666666667], [18.879256666666667, 54.45937333333333], [18.879436666666667, 54.45939666666666], [18.879613333333335, 54.45941166666667], [18.879846666666666, 54.45939333333333], [18.87995833333333, 54.45943833333333], [18.880208333333332, 54.45941666666667], [18.88010166666667, 54.459383333333335], [18.880658333333333, 54.45935166666666], [18.880985, 54.459305], [18.881338333333336, 54.45921], [18.881758333333334, 54.45899], [18.881224999999997, 54.45918166666667], [18.881696666666667, 54.459043333333334], [18.883438333333334, 54.45814333333333], [18.88352666666667, 54.45731333333333], [18.882555, 54.45867833333333], [18.883408333333332, 54.457816666666666], [18.883285, 54.45802833333333], [18.881581666666666, 54.45903833333333], [18.880468333333333, 54.45921166666667], [18.879768333333335, 54.459185000000005], [18.879231666666666, 54.459125], [18.88019166666667, 54.45912166666667], [18.879831666666668, 54.459195], [18.880043333333333, 54.45928], [18.87980333333333, 54.459145], [18.880425, 54.459140000000005], [18.879791666666666, 54.459158333333335], [18.879456666666666, 54.458909999999996], [18.872118333333333, 54.44926833333333], [18.869445, 54.42579833333333], [18.78180166666667, 54.409663333333334], [18.728263333333334, 54.40153833333333], [18.715795, 54.40351833333333], [18.71566, 54.40356833333333], [18.715648333333334, 54.40358166666667], [18.715633333333336, 54.403596666666665], [18.715686666666667, 54.40359], [18.715691666666665, 54.403545], [18.715671666666665, 54.40356333333333], [18.715698333333332, 54.40356], [18.715661666666666, 54.40361], [18.715655, 54.40354166666667], [18.715663333333335, 54.403573333333334], [18.715555, 54.40305166666667], [18.715680000000003, 54.40354833333333], [18.715708333333335, 54.40356], [18.71571, 54.403528333333334], [18.71566, 54.403575000000004], [18.715665, 54.403585], [18.71558333333333, 54.40359], [18.715686666666667, 54.40356333333333], [18.71567333333333, 54.403573333333334], [18.715700000000002, 54.403569999999995], [18.715645, 54.403546666666664], [18.715695, 54.40355666666667], [18.715671666666665, 54.40355], [18.715646666666665, 54.40359333333333], [18.715700000000002, 54.403596666666665], [18.71566, 54.403573333333334], [18.715674999999997, 54.40355666666667], [18.715695, 54.40355833333333], [18.715695, 54.40356666666666], [18.715685, 54.403565], [18.715661666666666, 54.403596666666665], [18.715643333333333, 54.40355666666667], [18.715683333333335, 54.40356166666666], [18.71566, 54.403575000000004], [18.715663333333335, 54.403565], [18.715703333333334, 54.403565]]}, "properties": {"label": "DF MYSTRAS", "mmsi": "636021311", "imo": "9941702", "name": "DF MYSTRAS", "shiptype": "", "first_seen_utc": "2026-01-07T00:26:51Z", "last_seen_utc": "2026-01-16T04:01:56Z", "destination": "LY ESI>PL GDN", "eta": "{'Day': 10, 'Hour': 15, 'Minute': 30, 'Month': 1}", "display": "", "links": "<a href=\"https://www.vesselfinder.com/vessels?name=9941702\" target=\"_blank\" rel=\"noopener\">VesselFinder</a> | <a href=\"https://www.marinetraffic.com/en/ais/search/all?keyword=9941702\" target=\"_blank\" rel=\"noopener\">MarineTraffic</a>", "vf_url": "https://www.vesselfinder.com/vessels?name=9941702", "mst_url": "https://www.marinetraffic.com/en/ais/search/all?keyword=9941702", "method": "v3_2pass_track3d_fromru10d", "ru_seen_in_lookback": true, "in_monitor_on_day": true}}, {"type": "Feature", "geometry": {"type": "Point", "coordinates": [18.715703333333334, 54.403565]}, "properties": {"label": "DF MYSTRAS", "mmsi": "636021311", "imo": "9941702", "name": "DF MYSTRAS", "shiptype": "", "first_seen_utc": "2026-01-07T00:26:51Z", "last_seen_utc": "2026-01-16T04:01:56Z", "destination": "LY ESI>PL GDN", "eta": "{'Day': 10, 'Hour': 15, 'Minute': 30, 'Month': 1}", "display": "DF MYSTRAS (636021311)", "links": "<a href=\"https://www.vesselfinder.com/vessels?name=9941702\" target=\"_blank\" rel=\"noopener\">VesselFinder</a> | <a href=\"https://www.marinetraffic.com/en/ais/search/all?keyword=9941702\" target=\"_blank\" rel=\"noopener\">MarineTraffic</a>", "vf_url": "https://www.vesselfinder.com/vessels?name=9941702", "mst_url": "https://www.marinetraffic.com/en/ais/search/all?keyword=9941702", "method": "v3_2pass_track3d_fromru10d", "ru_seen_in_lookback": true, "in_monitor_on_day": true}}, {"type": "Feature", "geometry": {"type": "LineString", "coordinates": [[18.801625, 54.602306666666664], [18.80163, 54.602325], [18.801626666666667, 54.602325], [18.801621666666666, 54.60232166666666], [18.80161, 54.60230333333333], [18.801595000000002, 54.60233], [18.801631666666665, 54.602338333333336], [18.801631666666665, 54.60234333333334], [18.801606666666665, 54.602340000000005], [18.801611666666666, 54.60231666666667], [18.801598333333335, 54.60232166666666], [18.801605, 54.60230166666667], [18.801605, 54.6023], [18.801621666666666, 54.60231666666667], [18.80163, 54.60230333333333], [18.801603333333333, 54.60228], [18.801663333333334, 54.60231], [18.801666666666666, 54.60230333333333], [18.801616666666668, 54.602293333333336], [18.801636666666663, 54.60230833333333], [18.801634999999997, 54.602313333333335], [18.801666666666666, 54.602340000000005], [18.801673333333333, 54.60232833333334], [18.801663333333334, 54.60232333333333], [18.801660000000002, 54.60233], [18.801628333333333, 54.60229833333334], [18.801655, 54.60232333333333], [18.801658333333332, 54.60232333333333], [18.80163333333333, 54.60232166666666], [18.801631666666665, 54.60232166666666], [18.801626666666667, 54.60233166666667], [18.801660000000002, 54.602325], [18.801661666666668, 54.60231833333333], [18.801661666666668, 54.60234833333333], [18.801638333333337, 54.60235333333333], [18.80163333333333, 54.60235333333333], [18.801631666666665, 54.602305], [18.8016, 54.602333333333334], [18.801605, 54.60234666666667], [18.801618333333334, 54.60232833333334], [18.80162, 54.60233166666667], [18.801585, 54.60234666666667], [18.801608333333334, 54.602335000000004], [18.801656666666666, 54.60231], [18.801638333333337, 54.602325], [18.80163333333333, 54.602305], [18.801658333333332, 54.60231], [18.80163333333333, 54.60231833333333], [18.801685000000003, 54.602325], [18.801648333333333, 54.60230833333333], [18.801666666666666, 54.60230333333333], [18.80168666666667, 54.60230333333333], [18.801623333333335, 54.602333333333334], [18.801626666666667, 54.60234166666667], [18.801640000000003, 54.602338333333336], [18.801621666666666, 54.60233166666667], [18.801576666666666, 54.602345], [18.801598333333335, 54.60229833333334], [18.796668333333333, 54.59312833333333], [18.88065333333333, 54.53039833333333], [18.957513333333335, 54.46476666666667], [19.00668166666667, 54.42298], [19.04770166666667, 54.42013166666666], [19.090715, 54.41578666666667], [19.132056666666664, 54.41836166666667], [19.091549999999998, 54.41381], [19.042718333333333, 54.41377], [18.997813333333333, 54.42272166666667], [18.975565, 54.42034], [19.012294999999998, 54.414433333333335], [19.053301666666666, 54.413381666666666], [19.092125, 54.41323666666666], [19.081306666666666, 54.432048333333334], [19.07853, 54.43864833333334], [19.075813333333333, 54.43913], [18.992421666666665, 54.48428], [18.887895, 54.53933166666666], [18.79927, 54.59729166666667], [18.803369999999997, 54.601245], [18.803566666666665, 54.600363333333334], [18.803549999999998, 54.60039666666667], [18.80167, 54.60235], [18.801666666666666, 54.60232833333334], [18.801653333333334, 54.602295000000005], [18.801608333333334, 54.60232833333334], [18.801611666666666, 54.602340000000005], [18.801601666666667, 54.60232666666666], [18.801608333333334, 54.602340000000005], [18.801598333333335, 54.60233166666667], [18.801546666666663, 54.60233166666667], [18.801626666666667, 54.60234166666667], [18.801640000000003, 54.602311666666665], [18.801646666666667, 54.60231], [18.801688333333335, 54.60233], [18.801665, 54.60231], [18.801656666666666, 54.60229666666667], [18.801653333333334, 54.60231833333333], [18.801673333333333, 54.602315], [18.801634999999997, 54.60232666666666], [18.801595000000002, 54.602333333333334], [18.801583333333333, 54.60236666666666], [18.80163, 54.60234333333334]]}, "properties": {"label": "HEL-157", "mmsi": "261001620", "imo": "8008670", "name": "HEL-157", "shiptype": "", "first_seen_utc": "2026-01-07T00:28:16Z", "last_seen_utc": "2026-01-16T03:36:27Z", "destination": "KEEP CLEAR 0.3AFT", "eta": "{'Day': 0, 'Hour': 24, 'Minute': 60, 'Month': 0}", "display": "", "links": "<a href=\"https://www.vesselfinder.com/vessels?name=8008670\" target=\"_blank\" rel=\"noopener\">VesselFinder</a> | <a href=\"https://www.marinetraffic.com/en/ais/search/all?keyword=8008670\" target=\"_blank\" rel=\"noopener\">MarineTraffic</a>", "vf_url": "https://www.vesselfinder.com/vessels?name=8008670", "mst_url": "https://www.marinetraffic.com/en/ais/search/all?keyword=8008670", "method": "v3_2pass_track3d_fromru10d", "ru_seen_in_lookback": true, "in_monitor_on_day": true}}, {"type": "Feature", "geometry": {"type": "Point", "coordinates": [18.80163, 54.60234333333334]}, "properties": {"label": "HEL-157", "mmsi": "261001620", "imo": "8008670", "name": "HEL-157", "shiptype": "", "first_seen_utc": "2026-01-07T00:28:16Z", "last_seen_utc": "2026-01-16T03:36:27Z", "destination": "KEEP CLEAR 0.3AFT", "eta": "{'Day': 0, 'Hour': 24, 'Minute': 60, 'Month': 0}", "display": "HEL-157 (261001620)", "links": "<a href=\"https://www.vesselfinder.com/vessels?name=8008670\" target=\"_blank\" rel=\"noopener\">VesselFinder</a> | <a href=\"https://www.marinetraffic.com/en/ais/search/all?keyword=8008670\" target=\"_blank\" rel=\"noopener\">MarineTraffic</a>", "vf_url": "https://www.vesselfinder.com/vessels?name=8008670", "mst_url": "https://www.marinetraffic.com/en/ais/search/all?keyword=8008670", "method": "v3_2pass_track3d_fromru10d", "ru_seen_in_lookback": true, "in_monitor_on_day": true}}, {"type": "Feature", "geometry": {"type": "LineString", "coordinates": [[19.000938333333334, 54.75408], [18.94007333333333, 54.675129999999996], [18.884333333333334, 54.597685], [18.78500166666667, 54.53146], [18.692931666666667, 54.466260000000005], [18.673355, 54.455436666666664], [18.673051666666666, 54.45538333333333], [18.672895, 54.45531833333334], [18.672781666666666, 54.45526333333333], [18.672825, 54.455313333333336], [18.67256666666667, 54.45516], [18.672636666666666, 54.45520166666667], [18.67271, 54.45527166666667], [18.672766666666668, 54.45523166666667], [18.672565000000002, 54.45493666666667], [18.672531666666664, 54.45505166666667], [18.665953333333334, 54.44844333333333], [18.680151666666667, 54.40202]]}, "properties": {"label": "AMBER STAR", "mmsi": "305641000", "imo": "9534286", "name": "AMBER STAR", "shiptype": "", "first_seen_utc": "2026-01-07T00:29:04Z", "last_seen_utc": "2026-01-16T03:36:08Z", "destination": "GDANSK", "eta": "{'Day': 15, 'Hour': 15, 'Minute': 0, 'Month': 1}", "display": "", "links": "<a href=\"https://www.vesselfinder.com/vessels?name=9534286\" target=\"_blank\" rel=\"noopener\">VesselFinder</a> | <a href=\"https://www.marinetraffic.com/en/ais/search/all?keyword=9534286\" target=\"_blank\" rel=\"noopener\">MarineTraffic</a>", "vf_url": "https://www.vesselfinder.com/vessels?name=9534286", "mst_url": "https://www.marinetraffic.com/en/ais/search/all?keyword=9534286", "method": "v3_2pass_track3d_fromru10d", "ru_seen_in_lookback": true, "in_monitor_on_day": true}}, {"type": "Feature", "geometry": {"type": "Point", "coordinates": [18.680151666666667, 54.40202]}, "properties": {"label": "AMBER STAR", "mmsi": "305641000", "imo": "9534286", "name": "AMBER STAR", "shiptype": "", "first_seen_utc": "2026-01-07T00:29:04Z", "last_seen_utc": "2026-01-16T03:36:08Z", "destination": "GDANSK", "eta": "{'Day': 15, 'Hour': 15, 'Minute': 0, 'Month': 1}", "display": "AMBER STAR (305641000)", "links": "<a href=\"https://www.vesselfinder.com/vessels?name=9534286\" target=\"_blank\" rel=\"noopener\">VesselFinder</a> | <a href=\"https://www.marinetraffic.com/en/ais/search/all?keyword=9534286\" target=\"_blank\" rel=\"noopener\">MarineTraffic</a>", "vf_url": "https://www.vesselfinder.com/vessels?name=9534286", "mst_url": "https://www.marinetraffic.com/en/ais/search/all?keyword=9534286", "method": "v3_2pass_track3d_fromru10d", "ru_seen_in_lookback": true, "in_monitor_on_day": true}}, {"type": "Feature", "geometry": {"type": "LineString", "coordinates": [[18.802993333333333, 54.600033333333336], [18.802971666666668, 54.600053333333335], [18.802973333333334, 54.60005666666667], [18.802946666666667, 54.60007333333333], [18.80293, 54.600080000000005], [18.802961666666665, 54.600075], [18.802956666666667, 54.60009166666667], [18.80296333333333, 54.60008333333334], [18.802946666666667, 54.600078333333336], [18.802961666666665, 54.600053333333335], [18.802956666666667, 54.60004], [18.80294, 54.600045], [18.80295166666667, 54.600053333333335], [18.802986666666666, 54.600045], [18.802953333333335, 54.60003], [18.802964999999997, 54.600045], [18.802995, 54.60004], [18.803024999999998, 54.600033333333336], [18.80300833333333, 54.60004166666667], [18.803006666666665, 54.600055], [18.803009999999997, 54.600093333333334], [18.802993333333333, 54.600078333333336], [18.803006666666665, 54.60006166666667], [18.802993333333333, 54.60006833333333], [18.803, 54.60006], [18.802988333333335, 54.60005833333333], [18.802988333333335, 54.60006166666667], [18.80299, 54.60005666666667], [18.802971666666668, 54.60005666666667], [18.802961666666665, 54.60006833333333], [18.802991666666667, 54.60005833333333], [18.803016666666668, 54.60006], [18.803005, 54.60006833333333], [18.80300833333333, 54.60006166666667], [18.803011666666666, 54.60005666666667], [18.802985, 54.60006333333333], [18.802975, 54.600055], [18.802955, 54.60007666666667], [18.802958333333333, 54.60007666666667], [18.802958333333333, 54.60006333333333], [18.802979999999998, 54.60006], [18.802936666666668, 54.60006833333333], [18.802955, 54.60006833333333], [18.802961666666665, 54.60000333333333], [18.803, 54.60005666666667], [18.803023333333332, 54.60006333333333], [18.803031666666666, 54.60005], [18.802970000000002, 54.60004166666667], [18.802996666666665, 54.600065], [18.802988333333335, 54.60006666666666], [18.80296, 54.60007666666667], [18.802919999999997, 54.60005666666667], [18.802983333333334, 54.600053333333335], [18.802995, 54.60010166666667], [18.80296666666667, 54.60008166666667], [18.802948333333333, 54.60008166666667], [18.80296333333333, 54.60005], [18.823933333333333, 54.59023333333334], [18.84016666666667, 54.616575], [18.832415, 54.63785], [18.81918166666667, 54.655878333333334], [18.844260000000002, 54.64964833333333], [18.852173333333333, 54.626675], [18.86229666666667, 54.61072333333333], [18.877233333333333, 54.61395666666667], [18.848176666666667, 54.59872333333333], [18.799590000000002, 54.59341333333334], [18.801728333333333, 54.600008333333335], [18.801713333333332, 54.59997], [18.802576666666667, 54.60239333333333], [18.80300833333333, 54.60004333333333], [18.80296666666667, 54.60005666666667], [18.802973333333334, 54.600071666666665], [18.802961666666665, 54.60006333333333], [18.802971666666668, 54.600078333333336], [18.802975, 54.600055], [18.802968333333336, 54.600071666666665], [18.802953333333335, 54.600080000000005], [18.802998333333335, 54.60005], [18.802983333333334, 54.60007333333333], [18.802981666666668, 54.60007666666667], [18.80300833333333, 54.600065], [18.802981666666668, 54.60007666666667], [18.802956666666667, 54.60006166666667], [18.802938333333334, 54.600080000000005], [18.802981666666668, 54.60010166666667], [18.802943333333335, 54.600071666666665], [18.802970000000002, 54.600078333333336], [18.802931666666666, 54.60009166666667], [18.802961666666665, 54.60006666666666], [18.80296, 54.60004666666667], [18.80296666666667, 54.60005833333333], [18.803, 54.60006], [18.803018333333334, 54.60006166666667], [18.80299, 54.600053333333335], [18.802970000000002, 54.60005833333333], [18.802979999999998, 54.600075], [18.802958333333333, 54.60006666666666], [18.80293, 54.600078333333336], [18.80296333333333, 54.60006833333333], [18.802971666666668, 54.600095], [18.802938333333334, 54.600093333333334]]}, "properties": {"label": "LEB-18", "mmsi": "261001230", "imo": "", "name": "LEB-18", "shiptype": "", "first_seen_utc": "2026-01-07T00:29:22Z", "last_seen_utc": "2026-01-16T03:42:43Z", "destination": "HEL>-BALTIC SEA>LEBA", "eta": "{'Day': 28, 'Hour': 17, 'Minute': 0, 'Month': 12}", "display": "", "links": "<a href=\"https://www.vesselfinder.com/vessels?name=261001230\" target=\"_blank\" rel=\"noopener\">VesselFinder</a> | <a href=\"https://www.marinetraffic.com/en/ais/search/all?keyword=261001230\" target=\"_blank\" rel=\"noopener\">MarineTraffic</a>", "vf_url": "https://www.vesselfinder.com/vessels?name=261001230", "mst_url": "https://www.marinetraffic.com/en/ais/search/all?keyword=261001230", "method": "v3_2pass_track3d_fromru10d", "ru_seen_in_lookback": true, "in_monitor_on_day": true}}, {"type": "Feature", "geometry": {"type": "Point", "coordinates": [18.802938333333334, 54.600093333333334]}, "properties": {"label": "LEB-18", "mmsi": "261001230", "imo": "", "name": "LEB-18", "shiptype": "", "first_seen_utc": "2026-01-07T00:29:22Z", "last_seen_utc": "2026-01-16T03:42:43Z", "destination": "HEL>-BALTIC SEA>LEBA", "eta": "{'Day': 28, 'Hour': 17, 'Minute': 0, 'Month': 12}", "display": "LEB-18 (261001230)", "links": "<a href=\"https://www.vesselfinder.com/vessels?name=261001230\" target=\"_blank\" rel=\"noopener\">VesselFinder</a> | <a href=\"https://www.marinetraffic.com/en/ais/search/all?keyword=261001230\" target=\"_blank\" rel=\"noopener\">MarineTraffic</a>", "vf_url": "https://www.vesselfinder.com/vessels?name=261001230", "mst_url": "https://www.marinetraffic.com/en/ais/search/all?keyword=261001230", "method": "v3_2pass_track3d_fromru10d", "ru_seen_in_lookback": true, "in_monitor_on_day": true}}, {"type": "Feature", "geometry": {"type": "LineString", "coordinates": [[18.802363333333336, 54.60295166666666], [18.802376666666664, 54.60293166666667], [18.80237, 54.60296166666667], [18.802386666666667, 54.60292166666667], [18.802358333333334, 54.602935], [18.802351666666667, 54.602936666666665], [18.802378333333333, 54.60292333333334], [18.802361666666666, 54.602925], [18.802368333333334, 54.60292166666667], [18.80238166666667, 54.602913333333326], [18.802356666666665, 54.60291666666667], [18.802353333333333, 54.60293], [18.802366666666668, 54.602935], [18.802366666666668, 54.60293333333333], [18.802368333333334, 54.60295], [18.802373333333332, 54.60294], [18.80237, 54.60293166666667], [18.802386666666667, 54.60292833333333], [18.802363333333336, 54.602935], [18.80238166666667, 54.60293], [18.802385, 54.602941666666666], [18.802376666666664, 54.60292666666667], [18.802413333333334, 54.60293], [18.802383333333335, 54.602938333333334], [18.802385, 54.60292666666667], [18.80242666666667, 54.602963333333335], [18.802398333333333, 54.602975], [18.802376666666664, 54.602938333333334], [18.802368333333334, 54.60293166666667], [18.802413333333334, 54.602920000000005], [18.802363333333336, 54.60293], [18.802393333333335, 54.60292166666667], [18.802378333333333, 54.60293166666667], [18.802366666666668, 54.602915], [18.802368333333334, 54.60293166666667], [18.80236, 54.602895], [18.80237, 54.60292333333334], [18.802388333333333, 54.60293333333333], [18.802401666666665, 54.602925], [18.802401666666665, 54.602925], [18.802371666666666, 54.602905], [18.802368333333334, 54.60292833333333], [18.802338333333335, 54.60293166666667], [18.802376666666664, 54.602911666666664], [18.802353333333333, 54.60291666666667], [18.802396666666667, 54.60292666666667], [18.802405, 54.602958333333326], [18.802356666666665, 54.60294333333333], [18.802361666666666, 54.602925], [18.802415, 54.602868333333326], [18.8024, 54.602925], [18.802374999999998, 54.60293333333333], [18.802358333333334, 54.602909999999994], [18.802376666666664, 54.60293333333333], [18.802419999999998, 54.60287833333334], [18.80235, 54.60293], [18.802378333333333, 54.602893333333334], [18.802425000000003, 54.60294333333333], [18.802356666666665, 54.602935], [18.843125, 54.55524166666667], [18.935931666666665, 54.49678166666667], [19.013154999999998, 54.43927333333333], [19.046578333333333, 54.42599833333334], [19.0872, 54.418485000000004], [19.12436166666667, 54.42176333333334], [19.078685, 54.42720666666666], [19.035023333333335, 54.431515], [18.996008333333336, 54.44438666666667], [19.007168333333333, 54.440286666666665], [19.045476666666666, 54.42959666666666], [19.078501666666668, 54.43398833333333], [19.030705, 54.433585], [18.993301666666664, 54.44654333333334], [18.963221666666666, 54.462745000000005], [18.98519, 54.44924666666667], [19.02145833333333, 54.437464999999996], [19.049941666666665, 54.433110000000006], [19.050993333333334, 54.436569999999996], [19.031763333333334, 54.453485], [18.929669999999998, 54.50705333333334], [18.835815, 54.56481333333333], [18.803291666666667, 54.601315], [18.803295, 54.60131166666667], [18.803330000000003, 54.601306666666666], [18.803553333333333, 54.600258333333336], [18.803463333333333, 54.600255], [18.803565, 54.600275], [18.802383333333335, 54.60292666666667], [18.80237, 54.602938333333334], [18.802380000000003, 54.60293], [18.80239, 54.602911666666664], [18.802388333333333, 54.602925], [18.802374999999998, 54.60293166666667], [18.802376666666664, 54.60294333333333], [18.802383333333335, 54.60293], [18.802403333333334, 54.602911666666664], [18.802415, 54.602941666666666], [18.802374999999998, 54.60294333333333], [18.802380000000003, 54.602935], [18.80235, 54.60293], [18.802380000000003, 54.60292333333334], [18.802373333333332, 54.602935], [18.80235, 54.602936666666665]]}, "properties": {"label": "HEL-150", "mmsi": "261003910", "imo": "8600260", "name": "HEL-150", "shiptype": "", "first_seen_utc": "2026-01-07T00:29:44Z", "last_seen_utc": "2026-01-16T03:55:08Z", "destination": "KEEP SAFE DISTANCE", "eta": "{'Day': 14, 'Hour': 21, 'Minute': 0, 'Month': 11}", "display": "", "links": "<a href=\"https://www.vesselfinder.com/vessels?name=8600260\" target=\"_blank\" rel=\"noopener\">VesselFinder</a> | <a href=\"https://www.marinetraffic.com/en/ais/search/all?keyword=8600260\" target=\"_blank\" rel=\"noopener\">MarineTraffic</a>", "vf_url": "https://www.vesselfinder.com/vessels?name=8600260", "mst_url": "https://www.marinetraffic.com/en/ais/search/all?keyword=8600260", "method": "v3_2pass_track3d_fromru10d", "ru_seen_in_lookback": true, "in_monitor_on_day": true}}, {"type": "Feature", "geometry": {"type": "Point", "coordinates": [18.80235, 54.602936666666665]}, "properties": {"label": "HEL-150", "mmsi": "261003910", "imo": "8600260", "name": "HEL-150", "shiptype": "", "first_seen_utc": "2026-01-07T00:29:44Z", "last_seen_utc": "2026-01-16T03:55:08Z", "destination": "KEEP SAFE DISTANCE", "eta": "{'Day': 14, 'Hour': 21, 'Minute': 0, 'Month': 11}", "display": "HEL-150 (261003910)", "links": "<a href=\"https://www.vesselfinder.com/vessels?name=8600260\" target=\"_blank\" rel=\"noopener\">VesselFinder</a> | <a href=\"https://www.marinetraffic.com/en/ais/search/all?keyword=8600260\" target=\"_blank\" rel=\"noopener\">MarineTraffic</a>", "vf_url": "https://www.vesselfinder.com/vessels?name=8600260", "mst_url": "https://www.marinetraffic.com/en/ais/search/all?keyword=8600260", "method": "v3_2pass_track3d_fromru10d", "ru_seen_in_lookback": true, "in_monitor_on_day": true}}, {"type": "Feature", "geometry": {"type": "LineString", "coordinates": [[18.674795, 54.69626166666667], [18.674821666666666, 54.69626166666667], [18.67479666666667, 54.696275], [18.67480833333333, 54.69629333333333], [18.67481666666667, 54.696295], [18.674825, 54.69627666666667], [18.674825, 54.69627], [18.67482, 54.69625333333333], [18.67483, 54.69625333333333], [18.674828333333334, 54.696275], [18.674815000000002, 54.69627333333334], [18.674806666666665, 54.696275], [18.674795, 54.696286666666666], [18.67480833333333, 54.69629166666667], [18.674821666666666, 54.69630333333334], [18.674828333333334, 54.696299999999994], [18.674826666666668, 54.696286666666666], [18.674821666666666, 54.69627666666667], [18.674825, 54.696281666666664], [18.674826666666668, 54.69627666666667], [18.674818333333334, 54.69625833333334], [18.674846666666667, 54.69626], [18.674838333333334, 54.69627], [18.67483, 54.69627666666667], [18.674833333333332, 54.696299999999994], [18.674805, 54.696284999999996], [18.67480833333333, 54.696299999999994], [18.674809999999997, 54.696281666666664], [18.674791666666668, 54.69627166666667], [18.6748, 54.696265000000004], [18.674806666666665, 54.69626166666667], [18.674791666666668, 54.696263333333334], [18.674773333333334, 54.696266666666666], [18.674805, 54.696281666666664], [18.674786666666666, 54.69629], [18.674793333333334, 54.696283333333334], [18.674793333333334, 54.69629833333333], [18.67480833333333, 54.696281666666664], [18.674803333333333, 54.696275], [18.674826666666668, 54.69627166666667], [18.674815000000002, 54.696266666666666], [18.674793333333334, 54.69625], [18.674805, 54.69626166666667], [18.674813333333336, 54.69625666666666], [18.67481666666667, 54.696275], [18.674809999999997, 54.696281666666664], [18.674834999999998, 54.69627833333333], [18.67483, 54.696284999999996], [18.674826666666668, 54.69627666666667], [18.674834999999998, 54.69627666666667], [18.674834999999998, 54.696266666666666], [18.674846666666667, 54.696266666666666], [18.674833333333332, 54.69626166666667], [18.67483, 54.69625], [18.674805, 54.69625666666666], [18.674828333333334, 54.69627833333333], [18.674811666666667, 54.69628], [18.674821666666666, 54.696275], [18.674806666666665, 54.696284999999996], [18.674813333333336, 54.696263333333334], [18.674818333333334, 54.69627], [18.67481666666667, 54.696283333333334], [18.67485, 54.69626166666667], [18.674854999999997, 54.69626], [18.674856666666667, 54.696239999999996], [18.674845, 54.696275], [18.674846666666667, 54.69629333333333], [18.674831666666666, 54.696295], [18.674818333333334, 54.69629666666666], [18.67480833333333, 54.69629166666667], [18.674825, 54.69629333333333], [18.674811666666667, 54.696284999999996], [18.674803333333333, 54.696266666666666], [18.674809999999997, 54.69626166666667], [18.674793333333334, 54.69626166666667], [18.674798333333335, 54.696254999999994], [18.67480833333333, 54.696263333333334], [18.674793333333334, 54.696268333333336], [18.674786666666666, 54.696281666666664], [18.674776666666666, 54.696310000000004], [18.674773333333334, 54.696299999999994], [18.674803333333333, 54.696266666666666], [18.674831666666666, 54.696263333333334], [18.674831666666666, 54.69627166666667], [18.67482, 54.69627666666667], [18.674781666666668, 54.69627166666667], [18.674825, 54.69629833333333], [18.67485, 54.69630333333334], [18.674836666666668, 54.696295], [18.674826666666668, 54.696283333333334], [18.67485, 54.69628], [18.674828333333334, 54.696284999999996], [18.674811666666667, 54.696275], [18.674831666666666, 54.69627666666667], [18.674825, 54.69625666666666], [18.674818333333334, 54.69628], [18.674828333333334, 54.696286666666666]]}, "properties": {"label": "JAS-57 MAGDALENA", "mmsi": "261004280", "imo": "", "name": "JAS-57 MAGDALENA", "shiptype": "", "first_seen_utc": "2026-01-07T00:29:57Z", "last_seen_utc": "2026-01-16T04:00:26Z", "destination": "JASTARNIA", "eta": "{'Day': 23, 'Hour': 12, 'Minute': 44, 'Month': 9}", "display": "", "links": "<a href=\"https://www.vesselfinder.com/vessels?name=261004280\" target=\"_blank\" rel=\"noopener\">VesselFinder</a> | <a href=\"https://www.marinetraffic.com/en/ais/search/all?keyword=261004280\" target=\"_blank\" rel=\"noopener\">MarineTraffic</a>", "vf_url": "https://www.vesselfinder.com/vessels?name=261004280", "mst_url": "https://www.marinetraffic.com/en/ais/search/all?keyword=261004280", "method": "v3_2pass_track3d_fromru10d", "ru_seen_in_lookback": true, "in_monitor_on_day": true}}, {"type": "Feature", "geometry": {"type": "Point", "coordinates": [18.674828333333334, 54.696286666666666]}, "properties": {"label": "JAS-57 MAGDALENA", "mmsi": "261004280", "imo": "", "name": "JAS-57 MAGDALENA", "shiptype": "", "first_seen_utc": "2026-01-07T00:29:57Z", "last_seen_utc": "2026-01-16T04:00:26Z", "destination": "JASTARNIA", "eta": "{'Day': 23, 'Hour': 12, 'Minute': 44, 'Month': 9}", "display": "JAS-57 MAGDALENA (261004280)", "links": "<a href=\"https://www.vesselfinder.com/vessels?name=261004280\" target=\"_blank\" rel=\"noopener\">VesselFinder</a> | <a href=\"https://www.marinetraffic.com/en/ais/search/all?keyword=261004280\" target=\"_blank\" rel=\"noopener\">MarineTraffic</a>", "vf_url": "https://www.vesselfinder.com/vessels?name=261004280", "mst_url": "https://www.marinetraffic.com/en/ais/search/all?keyword=261004280", "method": "v3_2pass_track3d_fromru10d", "ru_seen_in_lookback": true, "in_monitor_on_day": true}}, {"type": "Feature", "geometry": {"type": "LineString", "coordinates": [[15.55948, 55.88585666666667], [15.390916666666667, 55.93138], [15.227756666666666, 55.97849166666666], [15.067910000000001, 56.025144999999995], [14.905236666666667, 56.070254999999996], [14.856938333333334, 56.11221166666667], [14.856306666666667, 56.11457333333333], [14.855856666666666, 56.11440833333334], [14.856451666666667, 56.114623333333334], [14.856308333333335, 56.114754999999995], [14.856743333333332, 56.114871666666666], [14.856235, 56.11474333333333], [14.856425, 56.11480666666667], [14.856488333333335, 56.11479333333333], [14.856813333333333, 56.11488333333333], [14.857245, 56.11494666666667], [14.857508333333334, 56.114911666666664], [14.857436666666667, 56.114855], [14.857088333333333, 56.114850000000004], [14.857028333333334, 56.114810000000006], [14.856875, 56.114855], [14.856955, 56.11483666666666], [14.857063333333334, 56.11472666666667], [14.857236666666667, 56.11474166666667], [14.85735, 56.114670000000004], [14.858121666666667, 56.11466333333333], [14.857190000000001, 56.11477166666667], [14.857679999999998, 56.11478833333333], [14.858236666666667, 56.11477], [14.858640000000001, 56.11462166666667], [14.858683333333333, 56.114538333333336], [14.859381666666668, 56.11409833333333], [14.859085, 56.114401666666666], [14.858833333333333, 56.11454666666667], [14.859106666666666, 56.114353333333334], [14.858836666666667, 56.11454666666667], [14.859178333333334, 56.114286666666665], [14.858551666666667, 56.114603333333335], [14.858358333333333, 56.11466166666666], [14.858511666666667, 56.114645], [14.858894999999999, 56.11448666666667], [14.858738333333333, 56.11455], [14.858616666666668, 56.114623333333334], [14.859131666666666, 56.11421833333333], [14.858761666666668, 56.11456], [14.859016666666667, 56.11436333333334], [14.859253333333333, 56.11425166666667], [14.859029999999999, 56.11441333333333], [14.859138333333334, 56.114270000000005], [14.859396666666667, 56.11393333333333], [14.859371666666668, 56.113865000000004], [14.859038333333332, 56.11431166666667], [14.858929999999999, 56.11441666666666], [14.858658333333333, 56.11450166666667], [14.858266666666667, 56.114648333333335], [14.85847, 56.114585000000005], [14.858398333333334, 56.114686666666664], [14.858035, 56.114738333333335], [14.858033333333333, 56.11474166666667], [14.858223333333333, 56.114731666666664], [14.858268333333333, 56.112539999999996], [14.815281666666667, 56.12040833333333], [14.825595, 56.154626666666665], [14.826456666666667, 56.155303333333336], [14.826463333333333, 56.155295], [14.826473333333333, 56.155295], [14.826458333333333, 56.15527833333333], [14.826466666666667, 56.15526333333333], [14.826448333333333, 56.15528833333334], [14.82647, 56.15529], [14.826453333333335, 56.155271666666664], [14.82644, 56.155300000000004], [14.826459999999999, 56.15528166666666], [14.826453333333335, 56.155305], [14.826463333333333, 56.155300000000004], [14.826456666666667, 56.15527], [14.826463333333333, 56.155296666666665], [14.826466666666667, 56.155273333333334], [14.82648, 56.15528333333334], [14.826463333333333, 56.155265], [14.826468333333334, 56.15531], [14.826478333333334, 56.155276666666666], [14.826443333333334, 56.15526666666666], [14.826453333333335, 56.15529], [14.826443333333334, 56.155303333333336], [14.826466666666667, 56.155298333333334], [14.826485, 56.155298333333334], [14.826461666666667, 56.155295], [14.826459999999999, 56.15529166666667], [14.826458333333333, 56.155285000000006], [14.826448333333333, 56.155303333333336], [14.826458333333333, 56.155315], [14.826451666666665, 56.155276666666666], [14.826448333333333, 56.15526666666666], [14.82644, 56.155271666666664], [14.816363333333333, 56.12799666666667]]}, "properties": {"label": "DREAM TERRAX", "mmsi": "538008844", "imo": "9875719", "name": "DREAM TERRAX", "shiptype": "", "first_seen_utc": "2026-01-07T00:30:12Z", "last_seen_utc": "2026-01-16T03:32:40Z", "destination": "SE KAN>PL GDN", "eta": "{'Day': 16, 'Hour': 23, 'Minute': 0, 'Month': 1}", "display": "", "links": "<a href=\"https://www.vesselfinder.com/vessels?name=9875719\" target=\"_blank\" rel=\"noopener\">VesselFinder</a> | <a href=\"https://www.marinetraffic.com/en/ais/search/all?keyword=9875719\" target=\"_blank\" rel=\"noopener\">MarineTraffic</a>", "vf_url": "https://www.vesselfinder.com/vessels?name=9875719", "mst_url": "https://www.marinetraffic.com/en/ais/search/all?keyword=9875719", "method": "v3_2pass_track3d_fromru10d", "ru_seen_in_lookback": true, "in_monitor_on_day": true}}, {"type": "Feature", "geometry": {"type": "Point", "coordinates": [14.816363333333333, 56.12799666666667]}, "properties": {"label": "DREAM TERRAX", "mmsi": "538008844", "imo": "9875719", "name": "DREAM TERRAX", "shiptype": "", "first_seen_utc": "2026-01-07T00:30:12Z", "last_seen_utc": "2026-01-16T03:32:40Z", "destination": "SE KAN>PL GDN", "eta": "{'Day': 16, 'Hour': 23, 'Minute': 0, 'Month': 1}", "display": "DREAM TERRAX (538008844)", "links": "<a href=\"https://www.vesselfinder.com/vessels?name=9875719\" target=\"_blank\" rel=\"noopener\">VesselFinder</a> | <a href=\"https://www.marinetraffic.com/en/ais/search/all?keyword=9875719\" target=\"_blank\" rel=\"noopener\">MarineTraffic</a>", "vf_url": "https://www.vesselfinder.com/vessels?name=9875719", "mst_url": "https://www.marinetraffic.com/en/ais/search/all?keyword=9875719", "method": "v3_2pass_track3d_fromru10d", "ru_seen_in_lookback": true, "in_monitor_on_day": true}}, {"type": "Feature", "geometry": {"type": "LineString", "coordinates": [[12.690278333333334, 56.031135], [12.690316666666666, 56.03112833333333], [12.690286666666667, 56.031165], [12.690298333333335, 56.03113], [12.690255, 56.03114], [12.690258333333333, 56.03117333333333], [12.690283333333333, 56.031148333333334], [12.690256666666667, 56.03115833333333], [12.690291666666667, 56.03117666666667], [12.690278333333334, 56.03117833333333], [12.69027, 56.031150000000004], [12.690285, 56.03115666666667], [12.690303333333333, 56.031165], [12.69031, 56.03115833333333], [12.690281666666667, 56.03118333333334], [12.690305, 56.031169999999996], [12.690303333333333, 56.03116], [12.690331666666667, 56.031151666666666], [12.690293333333333, 56.03114666666667], [12.690323333333334, 56.03115833333333], [12.690333333333333, 56.031166666666664], [12.690331666666667, 56.03115666666667], [12.69031, 56.03113166666667], [12.69031, 56.031165], [12.690320000000002, 56.03112833333333], [12.690316666666666, 56.031166666666664], [12.690301666666667, 56.03116333333333], [12.690301666666667, 56.031150000000004], [12.690303333333333, 56.031150000000004], [12.69031, 56.03115666666667], [12.690298333333335, 56.03113833333334], [12.690288333333333, 56.03117833333333], [12.690318333333332, 56.031155], [12.690298333333335, 56.03115666666667], [12.690323333333334, 56.031171666666665], [12.690355, 56.031151666666666], [12.690331666666667, 56.031169999999996], [12.690294999999999, 56.03115666666667], [12.690313333333334, 56.031150000000004], [12.690301666666667, 56.03117666666667], [12.690318333333332, 56.03114333333333], [12.690258333333333, 56.031153333333336], [12.690316666666666, 56.031175], [12.690339999999999, 56.031171666666665], [12.690288333333333, 56.03114], [12.690308333333332, 56.03113666666666], [12.690335000000001, 56.031153333333336], [12.690294999999999, 56.03119166666667], [12.690298333333335, 56.03114666666667], [12.690228333333332, 56.03109666666667], [12.690320000000002, 56.031175], [12.690306666666666, 56.031150000000004], [12.690316666666666, 56.031148333333334], [12.690273333333332, 56.031105000000004], [12.69028, 56.031169999999996], [12.690276666666668, 56.03114333333333], [12.690298333333335, 56.031150000000004], [12.690291666666667, 56.031150000000004], [12.690293333333333, 56.03116833333333], [12.690286666666667, 56.03118166666666], [12.690261666666666, 56.031169999999996], [12.690291666666667, 56.031169999999996], [12.690313333333334, 56.03112833333333], [12.69026, 56.03117666666667], [12.6903, 56.031155], [12.69033, 56.03122333333333], [12.69035, 56.03120166666667], [12.690345, 56.03117333333333], [12.690311666666666, 56.03117333333333], [12.690298333333335, 56.03116166666667], [12.690318333333332, 56.03117333333333], [12.690273333333332, 56.031151666666666], [12.690296666666667, 56.03115833333333], [12.690345, 56.031145], [12.690286666666667, 56.03115833333333], [12.690290000000001, 56.03117833333333], [12.69031, 56.03116833333333], [12.690311666666666, 56.03116], [12.690253333333334, 56.031145], [12.690293333333333, 56.031155], [12.690293333333333, 56.031135], [12.690339999999999, 56.03114166666667], [12.690318333333332, 56.03114], [12.69033, 56.03116166666667], [12.690328333333333, 56.031171666666665], [12.690281666666667, 56.03116833333333], [12.690271666666666, 56.03115833333333], [12.690333333333333, 56.03117666666667], [12.690380000000001, 56.031169999999996], [12.690305, 56.031165], [12.690305, 56.03118333333334], [12.690313333333334, 56.031155], [12.690333333333333, 56.031169999999996], [12.690301666666667, 56.03119166666667], [12.690276666666668, 56.03115666666667], [12.690281666666667, 56.031126666666665], [12.690326666666666, 56.031151666666666], [12.690323333333334, 56.03115833333333]]}, "properties": {"label": "KAROLIINA", "mmsi": "305201000", "imo": "9381380", "name": "KAROLIINA", "shiptype": "", "first_seen_utc": "2026-01-07T00:49:13Z", "last_seen_utc": "2026-01-16T03:36:35Z", "destination": "SEHEL", "eta": "{'Day': 13, 'Hour': 20, 'Minute': 0, 'Month': 1}", "display": "", "links": "<a href=\"https://www.vesselfinder.com/vessels?name=9381380\" target=\"_blank\" rel=\"noopener\">VesselFinder</a> | <a href=\"https://www.marinetraffic.com/en/ais/search/all?keyword=9381380\" target=\"_blank\" rel=\"noopener\">MarineTraffic</a>", "vf_url": "https://www.vesselfinder.com/vessels?name=9381380", "mst_url": "https://www.marinetraffic.com/en/ais/search/all?keyword=9381380", "method": "v3_2pass_track3d_fromru10d", "ru_seen_in_lookback": true, "in_monitor_on_day": true}}, {"type": "Feature", "geometry": {"type": "Point", "coordinates": [12.690323333333334, 56.03115833333333]}, "properties": {"label": "KAROLIINA", "mmsi": "305201000", "imo": "9381380", "name": "KAROLIINA", "shiptype": "", "first_seen_utc": "2026-01-07T00:49:13Z", "last_seen_utc": "2026-01-16T03:36:35Z", "destination": "SEHEL", "eta": "{'Day': 13, 'Hour': 20, 'Minute': 0, 'Month': 1}", "display": "KAROLIINA (305201000)", "links": "<a href=\"https://www.vesselfinder.com/vessels?name=9381380\" target=\"_blank\" rel=\"noopener\">VesselFinder</a> | <a href=\"https://www.marinetraffic.com/en/ais/search/all?keyword=9381380\" target=\"_blank\" rel=\"noopener\">MarineTraffic</a>", "vf_url": "https://www.vesselfinder.com/vessels?name=9381380", "mst_url": "https://www.marinetraffic.com/en/ais/search/all?keyword=9381380", "method": "v3_2pass_track3d_fromru10d", "ru_seen_in_lookback": true, "in_monitor_on_day": true}}, {"type": "Feature", "geometry": {"type": "LineString", "coordinates": [[18.956701666666667, 54.55343666666667], [18.94949666666667, 54.53176], [18.943598333333334, 54.510848333333335], [18.937326666666667, 54.489635], [18.928223333333335, 54.46811666666667], [18.921761666666665, 54.446596666666665], [18.960463333333333, 54.428428333333336], [18.965995000000003, 54.40553], [18.927236666666666, 54.385281666666664], [18.935721666666666, 54.38857333333333], [18.97810666666667, 54.40780333333333], [18.954276666666665, 54.38981833333333], [18.896588333333334, 54.38525833333333], [18.83751, 54.38306333333333], [18.823641666666667, 54.379133333333336], [18.874148333333334, 54.38233666666667], [18.865869999999997, 54.38344166666666], [18.803078333333335, 54.38834666666666], [18.826723333333334, 54.384], [18.874478333333332, 54.380646666666664], [18.921658333333333, 54.379695], [18.969283333333333, 54.384528333333336], [18.932338333333334, 54.388463333333334], [18.871863333333334, 54.38724166666667], [18.81103166666667, 54.38639833333333], [18.814623333333333, 54.38959833333333], [18.862233333333332, 54.38836], [18.840586666666663, 54.38735666666666], [18.780681666666666, 54.381409999999995], [18.778521666666666, 54.432915], [18.661335, 54.49056333333333], [18.544046666666667, 54.53610833333333], [18.530621666666665, 54.53675166666667], [18.530604999999998, 54.53676333333333], [18.53060833333333, 54.53676166666666], [18.530610000000003, 54.536759999999994], [18.530626666666667, 54.53675666666666], [18.530621666666665, 54.536768333333335], [18.530618333333333, 54.53675833333333], [18.530593333333336, 54.536768333333335], [18.530595, 54.53675833333333], [18.530593333333336, 54.53675833333333], [18.530598333333334, 54.53676166666666], [18.53061166666667, 54.536764999999995], [18.530604999999998, 54.536773333333336], [18.53060833333333, 54.536759999999994], [18.53062333333333, 54.53675666666666], [18.530636666666666, 54.536755], [18.530636666666666, 54.536746666666666], [18.530595, 54.536770000000004], [18.530616666666667, 54.536748333333335], [18.530636666666666, 54.536728333333336], [18.53062, 54.536741666666664], [18.53060833333333, 54.536725000000004], [18.53060333333333, 54.536744999999996], [18.530601666666666, 54.53671833333333], [18.530595, 54.536775], [18.530598333333334, 54.536773333333336], [18.530618333333333, 54.53677166666667], [18.530621666666665, 54.536764999999995], [18.530593333333336, 54.53677666666667], [18.530613333333335, 54.536768333333335], [18.530606666666664, 54.53673833333333], [18.530606666666664, 54.53676333333333], [18.530613333333335, 54.536735], [18.530649999999998, 54.536701666666666], [18.53060833333333, 54.53674], [18.530615, 54.53675166666667], [18.530596666666668, 54.53675833333333], [18.5306, 54.536773333333336], [18.530606666666664, 54.53676666666667], [18.530598333333334, 54.536768333333335], [18.530598333333334, 54.536764999999995], [18.530601666666666, 54.536764999999995], [18.530591666666666, 54.536743333333334], [18.530578333333334, 54.536775], [18.530598333333334, 54.53675333333333], [18.530596666666668, 54.53675333333333], [18.53060833333333, 54.536773333333336], [18.530598333333334, 54.536759999999994], [18.530618333333333, 54.536755], [18.530581666666667, 54.53676166666666], [18.53060333333333, 54.53675833333333], [18.53061166666667, 54.53673333333334], [18.530610000000003, 54.536764999999995], [18.5306, 54.53675], [18.530628333333333, 54.536759999999994], [18.530598333333334, 54.53677666666667], [18.530598333333334, 54.53676666666667], [18.530585, 54.53676666666667], [18.530601666666666, 54.53676666666667], [18.530610000000003, 54.53675333333333], [18.530615, 54.53676333333333], [18.530635, 54.53675], [18.530615, 54.53676333333333], [18.53063, 54.53673666666667], [18.530631666666668, 54.536735], [18.530610000000003, 54.536744999999996], [18.530610000000003, 54.53673166666667], [18.530586666666668, 54.53675833333333]]}, "properties": {"label": "LEOPARD", "mmsi": "576909000", "imo": "6819697", "name": "LEOPARD", "shiptype": "", "first_seen_utc": "2026-01-07T00:55:38Z", "last_seen_utc": "2026-01-16T03:48:03Z", "destination": "PLGDY", "eta": "{'Day': 14, 'Hour': 16, 'Minute': 0, 'Month': 1}", "display": "", "links": "<a href=\"https://www.vesselfinder.com/vessels?name=6819697\" target=\"_blank\" rel=\"noopener\">VesselFinder</a> | <a href=\"https://www.marinetraffic.com/en/ais/search/all?keyword=6819697\" target=\"_blank\" rel=\"noopener\">MarineTraffic</a>", "vf_url": "https://www.vesselfinder.com/vessels?name=6819697", "mst_url": "https://www.marinetraffic.com/en/ais/search/all?keyword=6819697", "method": "v3_2pass_track3d_fromru10d", "ru_seen_in_lookback": true, "in_monitor_on_day": true}}, {"type": "Feature", "geometry": {"type": "Point", "coordinates": [18.530586666666668, 54.53675833333333]}, "properties": {"label": "LEOPARD", "mmsi": "576909000", "imo": "6819697", "name": "LEOPARD", "shiptype": "", "first_seen_utc": "2026-01-07T00:55:38Z", "last_seen_utc": "2026-01-16T03:48:03Z", "destination": "PLGDY", "eta": "{'Day': 14, 'Hour': 16, 'Minute': 0, 'Month': 1}", "display": "LEOPARD (576909000)", "links": "<a href=\"https://www.vesselfinder.com/vessels?name=6819697\" target=\"_blank\" rel=\"noopener\">VesselFinder</a> | <a href=\"https://www.marinetraffic.com/en/ais/search/all?keyword=6819697\" target=\"_blank\" rel=\"noopener\">MarineTraffic</a>", "vf_url": "https://www.vesselfinder.com/vessels?name=6819697", "mst_url": "https://www.marinetraffic.com/en/ais/search/all?keyword=6819697", "method": "v3_2pass_track3d_fromru10d", "ru_seen_in_lookback": true, "in_monitor_on_day": true}}, {"type": "Feature", "geometry": {"type": "LineString", "coordinates": [[-1.4207283333333334, 50.893415], [-1.4207833333333333, 50.89338166666666], [-1.4207516666666666, 50.89341833333334], [-1.4207333333333334, 50.893411666666665], [-1.4207183333333333, 50.89341833333334], [-1.4207116666666666, 50.893386666666665], [-1.42074, 50.893431666666665], [-1.4207316666666665, 50.893429999999995], [-1.4206983333333334, 50.893413333333335], [-1.4207483333333333, 50.89340666666667], [-1.4207016666666665, 50.89342], [-1.4207466666666666, 50.89340166666667], [-1.420735, 50.89341], [-1.42078, 50.89340666666667], [-1.4207683333333334, 50.893388333333334], [-1.4207633333333334, 50.893388333333334], [-1.4206866666666669, 50.89342], [-1.4207299999999998, 50.893391666666666], [-1.4206933333333334, 50.893429999999995], [-1.4206949999999998, 50.89341666666667], [-1.4206916666666667, 50.8934], [-1.4207333333333334, 50.89338333333333], [-1.4207333333333334, 50.89339], [-1.4207183333333333, 50.89339833333334], [-1.4207766666666666, 50.89342833333333], [-1.4207633333333334, 50.8934], [-1.4207283333333334, 50.89340833333333], [-1.4206933333333334, 50.893425], [-1.4207416666666668, 50.893395000000005], [-1.4207016666666665, 50.89339], [-1.4206916666666667, 50.89337833333333], [-1.4207216666666667, 50.89338], [-1.420725, 50.89340666666667], [-1.420735, 50.89340833333333], [-1.4207533333333333, 50.893405], [-1.42076, 50.89341666666667], [-1.4207266666666667, 50.893388333333334], [-1.4207316666666665, 50.89339666666667], [-1.4207166666666666, 50.893405], [-1.4206866666666669, 50.89342666666666], [-1.4207816666666666, 50.89341833333334], [-1.4207333333333334, 50.89340333333334], [-1.4207016666666665, 50.8934], [-1.4207216666666667, 50.89342333333333], [-1.4207150000000002, 50.893405], [-1.4207150000000002, 50.893395000000005], [-1.4207016666666665, 50.89341666666667], [-1.4207116666666666, 50.893395000000005], [-1.4206766666666666, 50.893413333333335], [-1.4207033333333332, 50.89340333333334], [-1.4207500000000002, 50.89339666666667], [-1.4207150000000002, 50.89340666666667], [-1.4207066666666668, 50.89339666666667], [-1.4207483333333333, 50.89339833333334], [-1.4207483333333333, 50.893391666666666], [-1.4207316666666665, 50.893431666666665], [-1.4207616666666667, 50.893413333333335], [-1.4207066666666668, 50.893395000000005], [-1.4207216666666667, 50.893388333333334], [-1.4207383333333332, 50.89343833333333], [-1.4207633333333334, 50.8934], [-1.4207566666666667, 50.89340166666667], [-1.4207433333333335, 50.893384999999995], [-1.4207366666666668, 50.893433333333334], [-1.420735, 50.893411666666665], [-1.420735, 50.893413333333335], [-1.420735, 50.89341666666667], [-1.4207299999999998, 50.89338333333333], [-1.42074, 50.8934], [-1.4207316666666665, 50.89341], [-1.4207066666666668, 50.8934], [-1.4207333333333334, 50.893433333333334], [-1.4207466666666666, 50.89341666666667], [-1.4207033333333332, 50.89339666666667], [-1.4207216666666667, 50.89339], [-1.4207266666666667, 50.893433333333334], [-1.4206716666666668, 50.893391666666666], [-1.4207566666666667, 50.89339666666667], [-1.4207333333333334, 50.893440000000005], [-1.4207383333333332, 50.893395000000005], [-1.4207500000000002, 50.8934], [-1.4207266666666667, 50.893413333333335], [-1.420725, 50.89341], [-1.4206983333333334, 50.89341666666667], [-1.4207416666666668, 50.89345166666667], [-1.4207183333333333, 50.89340333333334], [-1.4207183333333333, 50.89341833333334], [-1.4207233333333333, 50.89341833333334], [-1.4207683333333334, 50.893384999999995], [-1.4207483333333333, 50.893415], [-1.4207383333333332, 50.893413333333335], [-1.4207233333333333, 50.89341666666667], [-1.4207516666666666, 50.89340166666667], [-1.4206966666666667, 50.89342166666667], [-1.4207033333333332, 50.893425], [-1.4207316666666665, 50.89340833333333], [-1.4207266666666667, 50.8934], [-1.4207433333333335, 50.89339833333334], [-1.4207283333333334, 50.893425]]}, "properties": {"label": "EDDYSTONE", "mmsi": "235507000", "imo": "9234070", "name": "EDDYSTONE", "shiptype": "", "first_seen_utc": "2026-01-07T03:20:25Z", "last_seen_utc": "2026-01-16T03:45:52Z", "destination": "GB SOU", "eta": "{'Day': 12, 'Hour': 4, 'Minute': 15, 'Month': 1}", "display": "", "links": "<a href=\"https://www.vesselfinder.com/vessels?name=9234070\" target=\"_blank\" rel=\"noopener\">VesselFinder</a> | <a href=\"https://www.marinetraffic.com/en/ais/search/all?keyword=9234070\" target=\"_blank\" rel=\"noopener\">MarineTraffic</a>", "vf_url": "https://www.vesselfinder.com/vessels?name=9234070", "mst_url": "https://www.marinetraffic.com/en/ais/search/all?keyword=9234070", "method": "v3_2pass_track3d_fromru10d", "ru_seen_in_lookback": true, "in_monitor_on_day": true}}, {"type": "Feature", "geometry": {"type": "Point", "coordinates": [-1.4207283333333334, 50.893425]}, "properties": {"label": "EDDYSTONE", "mmsi": "235507000", "imo": "9234070", "name": "EDDYSTONE", "shiptype": "", "first_seen_utc": "2026-01-07T03:20:25Z", "last_seen_utc": "2026-01-16T03:45:52Z", "destination": "GB SOU", "eta": "{'Day': 12, 'Hour': 4, 'Minute': 15, 'Month': 1}", "display": "EDDYSTONE (235507000)", "links": "<a href=\"https://www.vesselfinder.com/vessels?name=9234070\" target=\"_blank\" rel=\"noopener\">VesselFinder</a> | <a href=\"https://www.marinetraffic.com/en/ais/search/all?keyword=9234070\" target=\"_blank\" rel=\"noopener\">MarineTraffic</a>", "vf_url": "https://www.vesselfinder.com/vessels?name=9234070", "mst_url": "https://www.marinetraffic.com/en/ais/search/all?keyword=9234070", "method": "v3_2pass_track3d_fromru10d", "ru_seen_in_lookback": true, "in_monitor_on_day": true}}, {"type": "Feature", "geometry": {"type": "LineString", "coordinates": [[18.729581666666665, 54.38228166666667], [18.72955166666667, 54.382205], [18.729493333333334, 54.38223333333334], [18.729375, 54.382165], [18.729519999999997, 54.382221666666666], [18.729483333333334, 54.382169999999995], [18.729606666666665, 54.382261666666665], [18.729395, 54.38205666666667], [18.729596666666666, 54.38240166666667], [18.729435000000002, 54.38225166666667], [18.729491666666668, 54.382153333333335], [18.729495, 54.38216833333333], [18.729498333333332, 54.382165], [18.729483333333334, 54.382195], [18.72954, 54.38221333333333], [18.729575, 54.382175], [18.72955, 54.38213333333333], [18.729603333333333, 54.382185], [18.729558333333333, 54.38227333333334], [18.729483333333334, 54.382155], [18.729390000000002, 54.38214166666667], [18.729546666666668, 54.38217833333333], [18.729466666666667, 54.382075], [18.72964, 54.38222833333334], [18.729703333333337, 54.381951666666666], [18.729463333333335, 54.38222], [18.72948166666667, 54.38219166666667], [18.729431666666667, 54.38213], [18.729496666666666, 54.382261666666665], [18.729548333333334, 54.38218333333334], [18.72955, 54.382221666666666], [18.72929, 54.38226833333333], [18.729766666666666, 54.382108333333335], [18.72969, 54.382171666666665], [18.729621666666667, 54.38214166666667], [18.729513333333333, 54.382216666666665], [18.729486666666666, 54.38227666666667], [18.729298333333336, 54.38212166666666], [18.729626666666665, 54.382165], [18.729591666666668, 54.38218666666667], [18.729588333333332, 54.382235], [18.72955, 54.38221], [18.729541666666666, 54.382235], [18.729443333333332, 54.38216833333333], [18.729501666666668, 54.38217833333333], [18.729533333333332, 54.382241666666665], [18.73557, 54.38435333333334], [18.793143333333333, 54.41044333333333], [18.981033333333336, 54.44043], [19.090308333333333, 54.565873333333336], [19.07195, 54.71176333333334], [18.916908333333332, 54.823571666666666], [18.727028333333333, 54.919641666666664], [18.514623333333336, 54.99453333333334], [18.199663333333334, 54.980425], [14.978723333333333, 54.68002666666666], [14.288826666666667, 54.65632], [14.08794, 54.69267166666667], [13.892636666666668, 54.72808666666666], [12.392901666666667, 54.64953666666667], [12.310525, 54.621026666666666], [12.25511, 54.58489833333333], [12.211088333333333, 54.497863333333335], [12.067583333333333, 54.436703333333334], [11.846630000000001, 54.43805333333333], [11.633018333333332, 54.47517166666667], [11.421538333333332, 54.531175], [11.206071666666666, 54.58893833333333], [10.980856666666666, 54.60995166666667], [10.789518333333332, 54.67841333333333], [10.827184999999998, 54.793345], [10.865216666666667, 54.91203666666667], [10.984658333333334, 55.0072], [10.990393333333333, 55.131701666666665], [11.10591, 55.22733], [11.040973333333334, 55.36014], [10.879775, 55.515323333333335], [10.784538333333334, 55.637955000000005]]}, "properties": {"label": "MSC TOPAZ", "mmsi": "636017916", "imo": "9502908", "name": "MSC TOPAZ", "shiptype": "", "first_seen_utc": "2026-01-07T03:47:06Z", "last_seen_utc": "2026-01-16T03:41:43Z", "destination": "DEBRV", "eta": "{'Day': 17, 'Hour': 17, 'Minute': 0, 'Month': 12}", "display": "", "links": "<a href=\"https://www.vesselfinder.com/vessels?name=9502908\" target=\"_blank\" rel=\"noopener\">VesselFinder</a> | <a href=\"https://www.marinetraffic.com/en/ais/search/all?keyword=9502908\" target=\"_blank\" rel=\"noopener\">MarineTraffic</a>", "vf_url": "https://www.vesselfinder.com/vessels?name=9502908", "mst_url": "https://www.marinetraffic.com/en/ais/search/all?keyword=9502908", "method": "v3_2pass_track3d_fromru10d", "ru_seen_in_lookback": true, "in_monitor_on_day": true}}, {"type": "Feature", "geometry": {"type": "Point", "coordinates": [10.784538333333334, 55.637955000000005]}, "properties": {"label": "MSC TOPAZ", "mmsi": "636017916", "imo": "9502908", "name": "MSC TOPAZ", "shiptype": "", "first_seen_utc": "2026-01-07T03:47:06Z", "last_seen_utc": "2026-01-16T03:41:43Z", "destination": "DEBRV", "eta": "{'Day': 17, 'Hour': 17, 'Minute': 0, 'Month': 12}", "display": "MSC TOPAZ (636017916)", "links": "<a href=\"https://www.vesselfinder.com/vessels?name=9502908\" target=\"_blank\" rel=\"noopener\">VesselFinder</a> | <a href=\"https://www.marinetraffic.com/en/ais/search/all?keyword=9502908\" target=\"_blank\" rel=\"noopener\">MarineTraffic</a>", "vf_url": "https://www.vesselfinder.com/vessels?name=9502908", "mst_url": "https://www.marinetraffic.com/en/ais/search/all?keyword=9502908", "method": "v3_2pass_track3d_fromru10d", "ru_seen_in_lookback": true, "in_monitor_on_day": true}}, {"type": "Feature", "geometry": {"type": "LineString", "coordinates": [[10.499995, 57.85055333333333], [10.23462, 57.84578666666666], [10.006868333333333, 57.84081833333333], [9.7723, 57.83497666666666], [9.551425, 57.806355], [9.357376666666665, 57.74827666666667], [9.164591666666666, 57.68329666666667], [8.971756666666666, 57.62480333333333], [8.79008, 57.55809166666666], [8.313391666666666, 57.38290333333334], [8.135476666666667, 57.318795], [3.4894016666666667, 53.36128166666666], [3.2397833333333335, 52.904275], [2.152085, 51.772371666666665], [2.0339016666666665, 51.67436333333333], [1.9199916666666668, 51.585375], [1.751805, 51.536285], [1.6145316666666667, 51.48157666666667], [1.5213866666666667, 51.42108666666666], [1.4682983333333333, 51.46318833333333], [1.3060083333333334, 51.48273833333334], [1.17447, 51.48810833333334], [1.076305, 51.49443333333333], [0.919695, 51.48244], [0.74643, 51.492401666666666], [0.5917933333333333, 51.502941666666665], [0.47017666666666663, 51.49361], [0.40221999999999997, 51.44937166666667], [0.33722, 51.45105], [0.33360833333333334, 51.45852166666667], [0.33362499999999995, 51.458528333333334], [0.3336266666666667, 51.458526666666664], [0.33362166666666665, 51.458528333333334], [0.3336266666666667, 51.45853]]}, "properties": {"label": "CMA CGM RUNDALE", "mmsi": "256882000", "imo": "9961300", "name": "CMA CGM RUNDALE", "shiptype": "", "first_seen_utc": "2026-01-07T05:39:12Z", "last_seen_utc": "2026-01-16T03:40:33Z", "destination": "GBTIL", "eta": "{'Day': 15, 'Hour': 20, 'Minute': 0, 'Month': 1}", "display": "", "links": "<a href=\"https://www.vesselfinder.com/vessels?name=9961300\" target=\"_blank\" rel=\"noopener\">VesselFinder</a> | <a href=\"https://www.marinetraffic.com/en/ais/search/all?keyword=9961300\" target=\"_blank\" rel=\"noopener\">MarineTraffic</a>", "vf_url": "https://www.vesselfinder.com/vessels?name=9961300", "mst_url": "https://www.marinetraffic.com/en/ais/search/all?keyword=9961300", "method": "v3_2pass_track3d_fromru10d", "ru_seen_in_lookback": true, "in_monitor_on_day": true}}, {"type": "Feature", "geometry": {"type": "Point", "coordinates": [0.3336266666666667, 51.45853]}, "properties": {"label": "CMA CGM RUNDALE", "mmsi": "256882000", "imo": "9961300", "name": "CMA CGM RUNDALE", "shiptype": "", "first_seen_utc": "2026-01-07T05:39:12Z", "last_seen_utc": "2026-01-16T03:40:33Z", "destination": "GBTIL", "eta": "{'Day': 15, 'Hour': 20, 'Minute': 0, 'Month': 1}", "display": "CMA CGM RUNDALE (256882000)", "links": "<a href=\"https://www.vesselfinder.com/vessels?name=9961300\" target=\"_blank\" rel=\"noopener\">VesselFinder</a> | <a href=\"https://www.marinetraffic.com/en/ais/search/all?keyword=9961300\" target=\"_blank\" rel=\"noopener\">MarineTraffic</a>", "vf_url": "https://www.vesselfinder.com/vessels?name=9961300", "mst_url": "https://www.marinetraffic.com/en/ais/search/all?keyword=9961300", "method": "v3_2pass_track3d_fromru10d", "ru_seen_in_lookback": true, "in_monitor_on_day": true}}, {"type": "Feature", "geometry": {"type": "LineString", "coordinates": [[18.664831666666664, 54.385265], [18.66485, 54.385245000000005], [18.66482166666667, 54.385284999999996], [18.664826666666666, 54.385281666666664], [18.664761666666667, 54.385225], [18.66477666666667, 54.385275], [18.664808333333333, 54.385263333333334], [18.664758333333335, 54.385255], [18.664785, 54.385281666666664], [18.664808333333333, 54.38525833333333], [18.66481, 54.385263333333334], [18.66484, 54.38527], [18.664730000000002, 54.385286666666666], [18.664783333333332, 54.38530333333333], [18.66482166666667, 54.38527833333333], [18.66482166666667, 54.38525833333333], [18.664845, 54.38527833333333], [18.66485, 54.385266666666666], [18.66483, 54.385268333333336], [18.66482166666667, 54.385295], [18.664814999999997, 54.38525333333334], [18.664808333333333, 54.38527833333333], [18.664778333333334, 54.385238333333334], [18.664818333333336, 54.385290000000005], [18.664795, 54.385281666666664], [18.664814999999997, 54.38525666666667], [18.66481, 54.38531166666667], [18.66482166666667, 54.385286666666666], [18.664806666666667, 54.38527666666666], [18.664823333333334, 54.38527], [18.664851666666667, 54.385275], [18.664833333333334, 54.385286666666666], [18.664788333333334, 54.385268333333336], [18.66482166666667, 54.38525166666667], [18.664823333333334, 54.385255], [18.66481333333333, 54.385268333333336], [18.66483, 54.38529666666667], [18.66483, 54.38525666666667], [18.66487, 54.385275], [18.664803333333335, 54.38527666666666], [18.664818333333336, 54.38525333333334], [18.664808333333333, 54.38533333333333], [18.66481, 54.385266666666666], [18.664808333333333, 54.38525166666667], [18.664826666666666, 54.385266666666666], [18.664805, 54.385275], [18.664820000000002, 54.38529666666667], [18.664863333333336, 54.38531166666667], [18.664845, 54.385284999999996], [18.664808333333333, 54.385266666666666], [18.66484, 54.38527], [18.664833333333334, 54.385265], [18.66484, 54.385275], [18.664820000000002, 54.38529666666667], [18.66482166666667, 54.38525333333334], [18.664826666666666, 54.38527333333333], [18.664801666666666, 54.38525833333333], [18.664836666666666, 54.385279999999995], [18.664748333333332, 54.38525], [18.664814999999997, 54.38527166666667], [18.664795, 54.385261666666665], [18.664825, 54.385255], [18.664823333333334, 54.385266666666666], [18.664826666666666, 54.385268333333336], [18.664816666666663, 54.3853], [18.66484, 54.38524333333333], [18.664843333333334, 54.385281666666664], [18.66483, 54.38527166666667], [18.66482166666667, 54.385281666666664], [18.664781666666666, 54.38529333333334], [18.664795, 54.38525833333333], [18.664851666666667, 54.38530333333333], [18.664825, 54.385268333333336], [18.66481333333333, 54.385266666666666], [18.664769999999997, 54.385221666666666], [18.664845, 54.38525833333333], [18.664808333333333, 54.385263333333334], [18.664761666666667, 54.385268333333336], [18.664796666666668, 54.385268333333336], [18.664841666666668, 54.385263333333334], [18.664803333333335, 54.385284999999996], [18.664785, 54.38527166666667], [18.664875, 54.3853], [18.664803333333335, 54.38524333333333], [18.664836666666666, 54.38527333333333], [18.66484, 54.38525166666667], [18.664846666666666, 54.385284999999996], [18.664831666666664, 54.38524333333333], [18.664814999999997, 54.385275], [18.66481333333333, 54.385268333333336], [18.664828333333332, 54.385261666666665], [18.664796666666668, 54.38525666666667], [18.664863333333336, 54.38525666666667], [18.664825, 54.38525666666667], [18.664796666666668, 54.385265], [18.664808333333333, 54.385263333333334], [18.664791666666666, 54.385268333333336], [18.664724999999997, 54.38527166666667], [18.664803333333335, 54.385261666666665]]}, "properties": {"label": "WL MUROM", "mmsi": "477885500", "imo": "9674385", "name": "WL MUROM", "shiptype": "", "first_seen_utc": "2026-01-07T08:11:31Z", "last_seen_utc": "2026-01-16T03:58:55Z", "destination": "PLGDN", "eta": "{'Day': 14, 'Hour': 12, 'Minute': 0, 'Month': 1}", "display": "", "links": "<a href=\"https://www.vesselfinder.com/vessels?name=9674385\" target=\"_blank\" rel=\"noopener\">VesselFinder</a> | <a href=\"https://www.marinetraffic.com/en/ais/search/all?keyword=9674385\" target=\"_blank\" rel=\"noopener\">MarineTraffic</a>", "vf_url": "https://www.vesselfinder.com/vessels?name=9674385", "mst_url": "https://www.marinetraffic.com/en/ais/search/all?keyword=9674385", "method": "v3_2pass_track3d_fromru10d", "ru_seen_in_lookback": true, "in_monitor_on_day": true}}, {"type": "Feature", "geometry": {"type": "Point", "coordinates": [18.664803333333335, 54.385261666666665]}, "properties": {"label": "WL MUROM", "mmsi": "477885500", "imo": "9674385", "name": "WL MUROM", "shiptype": "", "first_seen_utc": "2026-01-07T08:11:31Z", "last_seen_utc": "2026-01-16T03:58:55Z", "destination": "PLGDN", "eta": "{'Day': 14, 'Hour': 12, 'Minute': 0, 'Month': 1}", "display": "WL MUROM (477885500)", "links": "<a href=\"https://www.vesselfinder.com/vessels?name=9674385\" target=\"_blank\" rel=\"noopener\">VesselFinder</a> | <a href=\"https://www.marinetraffic.com/en/ais/search/all?keyword=9674385\" target=\"_blank\" rel=\"noopener\">MarineTraffic</a>", "vf_url": "https://www.vesselfinder.com/vessels?name=9674385", "mst_url": "https://www.marinetraffic.com/en/ais/search/all?keyword=9674385", "method": "v3_2pass_track3d_fromru10d", "ru_seen_in_lookback": true, "in_monitor_on_day": true}}, {"type": "Feature", "geometry": {"type": "LineString", "coordinates": [[18.510718333333333, 54.544305], [18.51068666666667, 54.544333333333334], [18.510761666666667, 54.544305], [18.51072, 54.544291666666666], [18.510715, 54.54428166666666], [18.510704999999998, 54.54428333333333], [18.510726666666667, 54.54432166666666], [18.510761666666667, 54.54431], [18.51071166666667, 54.54427833333333], [18.51072333333333, 54.544290000000004], [18.510721666666665, 54.54428], [18.510741666666668, 54.544284999999995], [18.51072333333333, 54.544311666666665], [18.51071166666667, 54.54432833333333], [18.510706666666668, 54.544290000000004], [18.510716666666667, 54.54427166666667], [18.510736666666666, 54.54426333333333], [18.51071166666667, 54.54428333333333], [18.510761666666667, 54.54431833333333], [18.510761666666667, 54.544306666666664], [18.510733333333334, 54.54428], [18.510704999999998, 54.54429833333334], [18.51072333333333, 54.54428166666666], [18.510781666666666, 54.54425833333333], [18.510704999999998, 54.54429666666667], [18.510708333333334, 54.544313333333335], [18.510679999999997, 54.544284999999995], [18.510745, 54.54426333333333], [18.510701666666666, 54.54428666666667], [18.5107, 54.54425333333334], [18.510741666666668, 54.544268333333335], [18.510679999999997, 54.54430833333333], [18.510733333333334, 54.544284999999995], [18.51074, 54.54428666666667], [18.51075666666667, 54.54430833333333], [18.510718333333333, 54.544315], [18.510745, 54.54427833333333], [18.510706666666668, 54.54428333333333], [18.51072, 54.544291666666666], [18.51072, 54.544288333333334], [18.510741666666668, 54.54427166666667], [18.510724999999997, 54.54430833333333], [18.510726666666667, 54.544288333333334], [18.510663333333333, 54.54430166666667], [18.510733333333334, 54.54427333333333], [18.51068666666667, 54.544305], [18.510695, 54.54431833333333], [18.510743333333334, 54.544291666666666], [18.510726666666667, 54.544265], [18.51074, 54.544284999999995], [18.510783333333332, 54.544245000000004], [18.510691666666666, 54.544311666666665], [18.510736666666666, 54.5443], [18.510733333333334, 54.54430166666667], [18.510741666666668, 54.54429833333334], [18.510733333333334, 54.544268333333335], [18.510743333333334, 54.544291666666666], [18.51072333333333, 54.544305], [18.510748333333332, 54.54429833333334], [18.510751666666668, 54.54427666666666], [18.51071166666667, 54.54430166666667], [18.51072, 54.54427], [18.51072, 54.544275], [18.510695, 54.544305], [18.510733333333334, 54.54429666666667], [18.510726666666667, 54.54428666666667], [18.510736666666666, 54.54429833333334], [18.510708333333334, 54.544293333333336], [18.510745, 54.54427833333333], [18.510716666666667, 54.544305], [18.51072333333333, 54.544295000000005], [18.510681666666667, 54.54428666666667], [18.510704999999998, 54.54428666666667], [18.51074, 54.544265], [18.510683333333336, 54.544305], [18.51074, 54.54429833333334], [18.510685000000002, 54.544290000000004], [18.510713333333335, 54.544290000000004], [18.510698333333334, 54.544291666666666], [18.510721666666665, 54.54430333333333], [18.510708333333334, 54.544305], [18.51069, 54.54428333333333], [18.510703333333332, 54.54427333333333], [18.51071166666667, 54.54428], [18.510721666666665, 54.54428166666666], [18.51072333333333, 54.54428166666666], [18.51072, 54.544305], [18.51073166666667, 54.54431833333333], [18.510730000000002, 54.54431833333333], [18.510751666666668, 54.54428666666667], [18.51072, 54.54430333333333], [18.510730000000002, 54.54429833333334], [18.51074, 54.54430166666667], [18.510688333333334, 54.544290000000004], [18.510721666666665, 54.54429833333334], [18.51072333333333, 54.544293333333336], [18.510716666666667, 54.54430333333333]]}, "properties": {"label": "MSC TAYLOR", "mmsi": "636022447", "imo": "9932048", "name": "MSC TAYLOR", "shiptype": "", "first_seen_utc": "2026-01-07T09:44:27Z", "last_seen_utc": "2026-01-16T03:53:25Z", "destination": "PLGDY", "eta": "{'Day': 13, 'Hour': 9, 'Minute': 0, 'Month': 1}", "display": "", "links": "<a href=\"https://www.vesselfinder.com/vessels?name=9932048\" target=\"_blank\" rel=\"noopener\">VesselFinder</a> | <a href=\"https://www.marinetraffic.com/en/ais/search/all?keyword=9932048\" target=\"_blank\" rel=\"noopener\">MarineTraffic</a>", "vf_url": "https://www.vesselfinder.com/vessels?name=9932048", "mst_url": "https://www.marinetraffic.com/en/ais/search/all?keyword=9932048", "method": "v3_2pass_track3d_fromru10d", "ru_seen_in_lookback": true, "in_monitor_on_day": true}}, {"type": "Feature", "geometry": {"type": "Point", "coordinates": [18.510716666666667, 54.54430333333333]}, "properties": {"label": "MSC TAYLOR", "mmsi": "636022447", "imo": "9932048", "name": "MSC TAYLOR", "shiptype": "", "first_seen_utc": "2026-01-07T09:44:27Z", "last_seen_utc": "2026-01-16T03:53:25Z", "destination": "PLGDY", "eta": "{'Day': 13, 'Hour': 9, 'Minute': 0, 'Month': 1}", "display": "MSC TAYLOR (636022447)", "links": "<a href=\"https://www.vesselfinder.com/vessels?name=9932048\" target=\"_blank\" rel=\"noopener\">VesselFinder</a> | <a href=\"https://www.marinetraffic.com/en/ais/search/all?keyword=9932048\" target=\"_blank\" rel=\"noopener\">MarineTraffic</a>", "vf_url": "https://www.vesselfinder.com/vessels?name=9932048", "mst_url": "https://www.marinetraffic.com/en/ais/search/all?keyword=9932048", "method": "v3_2pass_track3d_fromru10d", "ru_seen_in_lookback": true, "in_monitor_on_day": true}}, {"type": "Feature", "geometry": {"type": "LineString", "coordinates": [[18.976605, 54.632439999999995], [18.914728333333336, 54.58304333333333], [18.85511, 54.53073166666666], [18.756255, 54.514381666666665], [18.63913, 54.50839833333334], [18.552926666666668, 54.524145], [18.550321666666665, 54.52377833333333], [18.550328333333333, 54.523806666666665], [18.550313333333335, 54.52381833333333], [18.550343333333334, 54.523795], [18.55032, 54.523785], [18.550325, 54.523783333333334], [18.550335, 54.52379333333333], [18.550315, 54.52382166666666], [18.55033166666667, 54.52380166666667], [18.550335, 54.523783333333334], [18.550340000000002, 54.52380166666667], [18.550361666666667, 54.52378], [18.550348333333332, 54.523786666666666], [18.550351666666664, 54.52380166666667], [18.550326666666667, 54.52380333333333], [18.550338333333332, 54.52379833333334], [18.550348333333332, 54.52379666666666], [18.550343333333334, 54.523786666666666], [18.550349999999998, 54.52379], [18.550348333333332, 54.52380333333333], [18.550333333333334, 54.523775], [18.550336666666666, 54.523786666666666], [18.550325, 54.52376833333334], [18.550296666666668, 54.52379833333334], [18.550326666666667, 54.523783333333334], [18.550310000000003, 54.523765000000004], [18.550255, 54.523761666666665], [18.550338333333332, 54.523783333333334], [18.550315, 54.52379333333333], [18.550333333333334, 54.523765000000004], [18.550328333333333, 54.52377166666667], [18.550301666666666, 54.52384], [18.550346666666666, 54.52378833333333], [18.55037, 54.52379], [18.55033166666667, 54.523783333333334], [18.550343333333334, 54.523805], [18.5503, 54.52379833333334], [18.550373333333333, 54.52381833333333], [18.55035333333333, 54.52374333333333], [18.550349999999998, 54.52379666666666], [18.550340000000002, 54.52379833333334], [18.550306666666664, 54.523781666666665], [18.550365, 54.52380333333333], [18.550265000000003, 54.52379333333333], [18.550348333333332, 54.52375], [18.550315, 54.52376833333334], [18.550306666666664, 54.52377333333333], [18.55029, 54.523775], [18.550333333333334, 54.52379], [18.550310000000003, 54.52380333333333], [18.55030833333333, 54.52377666666666], [18.550333333333334, 54.52375333333334], [18.55026333333333, 54.523761666666665], [18.550288333333334, 54.523808333333335], [18.55032, 54.52379166666666], [18.550343333333334, 54.52379333333333], [18.550335, 54.52379666666666], [18.550318333333333, 54.52379], [18.550285, 54.523871666666665], [18.5503, 54.523828333333334], [18.55038, 54.52385], [18.550365, 54.52377833333333], [18.550336666666666, 54.52378833333333], [18.5503, 54.523806666666665], [18.550336666666666, 54.523808333333335], [18.550325, 54.523781666666665], [18.550315, 54.523755], [18.550333333333334, 54.52377166666667], [18.550295000000002, 54.52379166666666], [18.550271666666667, 54.523763333333335], [18.55029, 54.523761666666665], [18.550325, 54.523805], [18.55032333333333, 54.52377], [18.550340000000002, 54.52379], [18.550333333333334, 54.523786666666666], [18.55036833333333, 54.52377833333333], [18.550321666666665, 54.52381166666667], [18.550325, 54.52378], [18.550318333333333, 54.52378], [18.550335, 54.52379], [18.550341666666668, 54.52379], [18.550321666666665, 54.52379], [18.550325, 54.523786666666666], [18.550326666666667, 54.52379333333333], [18.550325, 54.52379666666666], [18.550343333333334, 54.523783333333334], [18.550378333333335, 54.523808333333335], [18.550343333333334, 54.52378], [18.550336666666666, 54.52378833333333], [18.55032333333333, 54.523785], [18.55033, 54.52379166666666], [18.550366666666665, 54.523781666666665], [18.550328333333333, 54.52380333333333]]}, "properties": {"label": "WLA-184 HELOT", "mmsi": "261005510", "imo": "8321175", "name": "WLA-184 HELOT", "shiptype": "", "first_seen_utc": "2026-01-07T11:51:31Z", "last_seen_utc": "2026-01-16T03:51:10Z", "destination": "GDYNIA", "eta": "{'Day': 14, 'Hour': 4, 'Minute': 10, 'Month': 1}", "display": "", "links": "<a href=\"https://www.vesselfinder.com/vessels?name=8321175\" target=\"_blank\" rel=\"noopener\">VesselFinder</a> | <a href=\"https://www.marinetraffic.com/en/ais/search/all?keyword=8321175\" target=\"_blank\" rel=\"noopener\">MarineTraffic</a>", "vf_url": "https://www.vesselfinder.com/vessels?name=8321175", "mst_url": "https://www.marinetraffic.com/en/ais/search/all?keyword=8321175", "method": "v3_2pass_track3d_fromru10d", "ru_seen_in_lookback": true, "in_monitor_on_day": true}}, {"type": "Feature", "geometry": {"type": "Point", "coordinates": [18.550328333333333, 54.52380333333333]}, "properties": {"label": "WLA-184 HELOT", "mmsi": "261005510", "imo": "8321175", "name": "WLA-184 HELOT", "shiptype": "", "first_seen_utc": "2026-01-07T11:51:31Z", "last_seen_utc": "2026-01-16T03:51:10Z", "destination": "GDYNIA", "eta": "{'Day': 14, 'Hour': 4, 'Minute': 10, 'Month': 1}", "display": "WLA-184 HELOT (261005510)", "links": "<a href=\"https://www.vesselfinder.com/vessels?name=8321175\" target=\"_blank\" rel=\"noopener\">VesselFinder</a> | <a href=\"https://www.marinetraffic.com/en/ais/search/all?keyword=8321175\" target=\"_blank\" rel=\"noopener\">MarineTraffic</a>", "vf_url": "https://www.vesselfinder.com/vessels?name=8321175", "mst_url": "https://www.marinetraffic.com/en/ais/search/all?keyword=8321175", "method": "v3_2pass_track3d_fromru10d", "ru_seen_in_lookback": true, "in_monitor_on_day": true}}, {"type": "Feature", "geometry": {"type": "LineString", "coordinates": [[15.284618333333333, 55.65692666666666], [15.121295, 55.59955], [14.946914999999999, 55.54291], [14.588616666666667, 55.42138666666666], [13.083763333333334, 55.26345166666667], [12.93093, 55.26963333333333], [12.78618, 55.290256666666664], [12.687625, 55.34256333333334], [12.705515, 55.43035666666666], [12.720843333333333, 55.516556666666666], [12.702871666666665, 55.582813333333334], [12.696843333333334, 55.646555], [12.693198333333333, 55.72728666666667], [12.720686666666667, 55.812995], [12.747831666666666, 55.898665], [12.733423333333333, 55.951791666666665], [12.727466666666666, 55.96045], [12.718359999999999, 55.966766666666665], [12.714793333333335, 55.99605833333333], [12.709648333333332, 56.00816], [12.709655, 56.008183333333335], [12.709660000000001, 56.008165], [12.70964, 56.00817833333333], [12.709641666666666, 56.008175], [12.709646666666666, 56.00817166666666], [12.709643333333334, 56.008155], [12.709655, 56.00816833333333], [12.70962, 56.00817], [12.709675, 56.00816333333333], [12.709633333333333, 56.008175], [12.70969, 56.00826666666667], [12.709688333333334, 56.00830166666666], [12.709683333333334, 56.008291666666665], [12.709695, 56.008293333333334], [12.709660000000001, 56.00828666666666], [12.709656666666666, 56.008296666666666], [12.709656666666666, 56.0083], [12.709673333333335, 56.008271666666666], [12.709675, 56.008273333333335], [12.70971, 56.00827], [12.709673333333335, 56.00830166666666], [12.709679999999999, 56.00826666666667], [12.709676666666667, 56.00831], [12.709703333333332, 56.00831], [12.709679999999999, 56.008296666666666], [12.709675, 56.00830333333333], [12.709698333333334, 56.008291666666665], [12.709676666666667, 56.00831166666667], [12.709693333333332, 56.008271666666666], [12.709671666666667, 56.008296666666666], [12.709688333333334, 56.008295], [12.709693333333332, 56.008251666666666], [12.709679999999999, 56.00828]]}, "properties": {"label": "KRIS", "mmsi": "304502000", "imo": "9408889", "name": "KRIS", "shiptype": "", "first_seen_utc": "2026-01-07T13:08:55Z", "last_seen_utc": "2026-01-16T03:58:44Z", "destination": "SE HEL", "eta": "{'Day': 15, 'Hour': 11, 'Minute': 0, 'Month': 1}", "display": "", "links": "<a href=\"https://www.vesselfinder.com/vessels?name=9408889\" target=\"_blank\" rel=\"noopener\">VesselFinder</a> | <a href=\"https://www.marinetraffic.com/en/ais/search/all?keyword=9408889\" target=\"_blank\" rel=\"noopener\">MarineTraffic</a>", "vf_url": "https://www.vesselfinder.com/vessels?name=9408889", "mst_url": "https://www.marinetraffic.com/en/ais/search/all?keyword=9408889", "method": "v3_2pass_track3d_fromru10d", "ru_seen_in_lookback": true, "in_monitor_on_day": true}}, {"type": "Feature", "geometry": {"type": "Point", "coordinates": [12.709679999999999, 56.00828]}, "properties": {"label": "KRIS", "mmsi": "304502000", "imo": "9408889", "name": "KRIS", "shiptype": "", "first_seen_utc": "2026-01-07T13:08:55Z", "last_seen_utc": "2026-01-16T03:58:44Z", "destination": "SE HEL", "eta": "{'Day': 15, 'Hour': 11, 'Minute': 0, 'Month': 1}", "display": "KRIS (304502000)", "links": "<a href=\"https://www.vesselfinder.com/vessels?name=9408889\" target=\"_blank\" rel=\"noopener\">VesselFinder</a> | <a href=\"https://www.marinetraffic.com/en/ais/search/all?keyword=9408889\" target=\"_blank\" rel=\"noopener\">MarineTraffic</a>", "vf_url": "https://www.vesselfinder.com/vessels?name=9408889", "mst_url": "https://www.marinetraffic.com/en/ais/search/all?keyword=9408889", "method": "v3_2pass_track3d_fromru10d", "ru_seen_in_lookback": true, "in_monitor_on_day": true}}, {"type": "Feature", "geometry": {"type": "LineString", "coordinates": [[18.864856666666665, 54.46275], [18.864878333333333, 54.46270833333333], [18.865011666666664, 54.46275666666667], [18.864963333333332, 54.462786666666666], [18.865025, 54.46279833333333], [18.865168333333333, 54.462869999999995], [18.865036666666665, 54.46281], [18.864925000000003, 54.462869999999995], [18.865173333333335, 54.462891666666664], [18.865306666666665, 54.46288166666667], [18.864928333333335, 54.462815], [18.864786666666664, 54.46292166666667], [18.86461166666667, 54.462893333333334], [18.864896666666667, 54.46295833333333], [18.86505833333333, 54.46303666666667], [18.86474666666667, 54.462945], [18.864886666666667, 54.46296666666667], [18.865036666666665, 54.46304333333333], [18.86446833333333, 54.462896666666666], [18.864091666666663, 54.46284], [18.86442333333333, 54.462965000000004], [18.86435, 54.46297166666667], [18.864291666666666, 54.462938333333334], [18.86408833333333, 54.462853333333335], [18.863948333333333, 54.46294], [18.864653333333333, 54.463010000000004], [18.864853333333333, 54.46308], [18.864918333333332, 54.463033333333335], [18.86484, 54.46304333333333], [18.864865, 54.463075], [18.865101666666664, 54.463026666666664], [18.865306666666665, 54.46308333333333], [18.86535, 54.46311333333333], [18.865115, 54.463065], [18.865215, 54.463071666666664], [18.865381666666668, 54.463103333333336], [18.865908333333334, 54.463078333333335], [18.866351666666667, 54.46307], [18.86652666666667, 54.46301166666667], [18.867186666666665, 54.46288666666667], [18.867281666666667, 54.46283666666667], [18.86807333333333, 54.462605], [18.868818333333333, 54.46195], [18.868403333333333, 54.46225666666667], [18.868593333333333, 54.462215], [18.868863333333334, 54.461965], [18.868618333333334, 54.462185], [18.868325000000002, 54.462403333333334], [18.867961666666666, 54.46258], [18.867978333333333, 54.46255833333333], [18.868271666666665, 54.462475000000005], [18.867733333333334, 54.46267833333333], [18.867641666666668, 54.46277666666666], [18.867696666666667, 54.46277], [18.867296666666668, 54.462981666666664], [18.866693333333334, 54.46281666666666], [18.865923333333335, 54.46300833333333], [18.864895, 54.46295666666666], [18.864946666666665, 54.46294666666667], [18.865615, 54.463028333333334], [18.865611666666666, 54.46290833333333], [18.865785000000002, 54.46292833333334], [18.866128333333332, 54.46299666666666], [18.866701666666664, 54.462985], [18.867073333333334, 54.462916666666665], [18.866218333333332, 54.463033333333335], [18.865473333333334, 54.46297666666667], [18.86533166666667, 54.46302333333333], [18.865374999999997, 54.463026666666664], [18.865000000000002, 54.463031666666666], [18.864923333333333, 54.462985], [18.86507, 54.46300166666666], [18.864756666666665, 54.4629], [18.864483333333332, 54.462916666666665], [18.864418333333333, 54.46288833333333], [18.864188333333335, 54.462875000000004], [18.863736666666668, 54.46274166666667], [18.863791666666668, 54.46269666666667], [18.863993333333333, 54.462846666666664], [18.864193333333333, 54.46294666666667], [18.86400666666667, 54.462815], [18.863870000000002, 54.46277166666666], [18.86356333333333, 54.46269666666667], [18.863203333333335, 54.46254833333333], [18.863546666666664, 54.46268333333333], [18.863721666666667, 54.46275666666667], [18.863841666666666, 54.462826666666665], [18.863921666666666, 54.462831666666666], [18.864011666666666, 54.462878333333336], [18.864203333333332, 54.46290666666666], [18.864283333333333, 54.462885], [18.864246666666666, 54.46290166666667], [18.86422, 54.46282833333333], [18.863956666666663, 54.46279666666667], [18.864075, 54.46282833333333], [18.864365000000003, 54.46293333333333], [18.864373333333333, 54.462959999999995]]}, "properties": {"label": "ATLANTIC JADE", "mmsi": "636021135", "imo": "9892987", "name": "ATLANTIC JADE", "shiptype": "", "first_seen_utc": "2026-01-07T13:12:39Z", "last_seen_utc": "2026-01-16T03:34:14Z", "destination": "PLGDN", "eta": "{'Day': 13, 'Hour': 9, 'Minute': 0, 'Month': 1}", "display": "", "links": "<a href=\"https://www.vesselfinder.com/vessels?name=9892987\" target=\"_blank\" rel=\"noopener\">VesselFinder</a> | <a href=\"https://www.marinetraffic.com/en/ais/search/all?keyword=9892987\" target=\"_blank\" rel=\"noopener\">MarineTraffic</a>", "vf_url": "https://www.vesselfinder.com/vessels?name=9892987", "mst_url": "https://www.marinetraffic.com/en/ais/search/all?keyword=9892987", "method": "v3_2pass_track3d_fromru10d", "ru_seen_in_lookback": true, "in_monitor_on_day": true}}, {"type": "Feature", "geometry": {"type": "Point", "coordinates": [18.864373333333333, 54.462959999999995]}, "properties": {"label": "ATLANTIC JADE", "mmsi": "636021135", "imo": "9892987", "name": "ATLANTIC JADE", "shiptype": "", "first_seen_utc": "2026-01-07T13:12:39Z", "last_seen_utc": "2026-01-16T03:34:14Z", "destination": "PLGDN", "eta": "{'Day': 13, 'Hour': 9, 'Minute': 0, 'Month': 1}", "display": "ATLANTIC JADE (636021135)", "links": "<a href=\"https://www.vesselfinder.com/vessels?name=9892987\" target=\"_blank\" rel=\"noopener\">VesselFinder</a> | <a href=\"https://www.marinetraffic.com/en/ais/search/all?keyword=9892987\" target=\"_blank\" rel=\"noopener\">MarineTraffic</a>", "vf_url": "https://www.vesselfinder.com/vessels?name=9892987", "mst_url": "https://www.marinetraffic.com/en/ais/search/all?keyword=9892987", "method": "v3_2pass_track3d_fromru10d", "ru_seen_in_lookback": true, "in_monitor_on_day": true}}, {"type": "Feature", "geometry": {"type": "LineString", "coordinates": [[18.64796, 54.372719999999994], [18.647978333333334, 54.37271333333333], [18.64792, 54.37271333333333], [18.647941666666668, 54.37271333333333], [18.647916666666667, 54.372706666666666], [18.647915, 54.37271333333333], [18.64788, 54.372719999999994], [18.647873333333333, 54.372719999999994], [18.647925, 54.37271333333333], [18.64792333333333, 54.37271333333333], [18.647938333333332, 54.37269666666667], [18.647943333333334, 54.372706666666666], [18.647938333333332, 54.37271333333333], [18.647906666666664, 54.37271333333333], [18.647933333333334, 54.37278666666667], [18.647888333333334, 54.37269666666667], [18.64789, 54.372679999999995], [18.647925, 54.372663333333335], [18.647943333333334, 54.372706666666666], [18.64790833333333, 54.372706666666666], [18.64790833333333, 54.37269666666667], [18.647941666666668, 54.372679999999995], [18.6479, 54.37269666666667], [18.647896666666668, 54.37269666666667], [18.64792, 54.37269666666667], [18.647906666666664, 54.372663333333335], [18.64789, 54.37267333333333], [18.647916666666667, 54.372706666666666], [18.647938333333332, 54.372679999999995], [18.647888333333334, 54.372719999999994], [18.64787, 54.37273666666667], [18.64790833333333, 54.372679999999995], [18.64792333333333, 54.37267333333333], [18.647888333333334, 54.37269666666667], [18.647916666666667, 54.372706666666666], [18.647933333333334, 54.37269666666667], [18.647896666666668, 54.372706666666666], [18.647936666666666, 54.37271333333333], [18.647896666666668, 54.372679999999995], [18.647936666666666, 54.372706666666666], [18.64792, 54.372679999999995], [18.64790833333333, 54.372719999999994], [18.64789, 54.372706666666666], [18.647949999999998, 54.372706666666666], [18.64790833333333, 54.37271333333333], [18.647898333333334, 54.37271333333333], [18.647951666666664, 54.372719999999994], [18.647936666666666, 54.372719999999994], [18.647916666666667, 54.37273666666667], [18.647895000000002, 54.37267333333333], [18.648006666666667, 54.372706666666666], [18.647896666666668, 54.37269666666667], [18.647904999999998, 54.372719999999994], [18.647896666666668, 54.372679999999995], [18.647896666666668, 54.37269666666667], [18.64793166666667, 54.37267333333333], [18.64792333333333, 54.37264666666667], [18.647936666666666, 54.372663333333335], [18.64796833333333, 54.37271333333333], [18.647963333333333, 54.372706666666666], [18.647896666666668, 54.37271333333333], [18.647873333333333, 54.372719999999994], [18.647895000000002, 54.37269666666667], [18.647938333333332, 54.372706666666666], [18.647904999999998, 54.37271333333333], [18.64793166666667, 54.37271333333333], [18.64790833333333, 54.37273666666667], [18.64789, 54.372706666666666], [18.647888333333334, 54.37267333333333], [18.64792333333333, 54.372730000000004], [18.647925, 54.37269666666667], [18.647896666666668, 54.37267333333333], [18.647941666666668, 54.37269666666667], [18.647916666666667, 54.372719999999994], [18.647955000000003, 54.37269666666667], [18.647913333333335, 54.37269666666667], [18.647888333333334, 54.372719999999994], [18.647913333333335, 54.372706666666666], [18.64787, 54.37271333333333], [18.647888333333334, 54.372679999999995], [18.6479, 54.372706666666666], [18.64786333333333, 54.37269666666667], [18.647936666666666, 54.37269666666667], [18.647913333333335, 54.37269666666667], [18.64792333333333, 54.372719999999994], [18.647916666666667, 54.372663333333335], [18.647896666666668, 54.37269666666667], [18.647941666666668, 54.37269666666667], [18.647928333333333, 54.372679999999995], [18.647955000000003, 54.37267333333333], [18.647896666666668, 54.37269666666667], [18.647949999999998, 54.37271333333333], [18.647896666666668, 54.37271333333333], [18.64790833333333, 54.372706666666666], [18.647941666666668, 54.37271333333333], [18.647925, 54.372719999999994], [18.647916666666667, 54.37269666666667], [18.64792, 54.372719999999994], [18.64792333333333, 54.37269666666667], [18.64795666666667, 54.372679999999995], [18.64792333333333, 54.37269666666667], [18.647925, 54.37271333333333], [18.64790833333333, 54.372706666666666]]}, "properties": {"label": "ERLEND", "mmsi": "275031017", "imo": "8820339", "name": "ERLEND", "shiptype": "", "first_seen_utc": "2026-01-07T15:20:51Z", "last_seen_utc": "2026-01-16T04:00:37Z", "destination": "PLGDN", "eta": "{'Day': 8, 'Hour': 8, 'Minute': 0, 'Month': 1}", "display": "", "links": "<a href=\"https://www.vesselfinder.com/vessels?name=8820339\" target=\"_blank\" rel=\"noopener\">VesselFinder</a> | <a href=\"https://www.marinetraffic.com/en/ais/search/all?keyword=8820339\" target=\"_blank\" rel=\"noopener\">MarineTraffic</a>", "vf_url": "https://www.vesselfinder.com/vessels?name=8820339", "mst_url": "https://www.marinetraffic.com/en/ais/search/all?keyword=8820339", "method": "v3_2pass_track3d_fromru10d", "ru_seen_in_lookback": true, "in_monitor_on_day": true}}, {"type": "Feature", "geometry": {"type": "Point", "coordinates": [18.64790833333333, 54.372706666666666]}, "properties": {"label": "ERLEND", "mmsi": "275031017", "imo": "8820339", "name": "ERLEND", "shiptype": "", "first_seen_utc": "2026-01-07T15:20:51Z", "last_seen_utc": "2026-01-16T04:00:37Z", "destination": "PLGDN", "eta": "{'Day': 8, 'Hour': 8, 'Minute': 0, 'Month': 1}", "display": "ERLEND (275031017)", "links": "<a href=\"https://www.vesselfinder.com/vessels?name=8820339\" target=\"_blank\" rel=\"noopener\">VesselFinder</a> | <a href=\"https://www.marinetraffic.com/en/ais/search/all?keyword=8820339\" target=\"_blank\" rel=\"noopener\">MarineTraffic</a>", "vf_url": "https://www.vesselfinder.com/vessels?name=8820339", "mst_url": "https://www.marinetraffic.com/en/ais/search/all?keyword=8820339", "method": "v3_2pass_track3d_fromru10d", "ru_seen_in_lookback": true, "in_monitor_on_day": true}}, {"type": "Feature", "geometry": {"type": "LineString", "coordinates": [[19.07467, 55.06716666666667], [19.07594, 54.966564999999996], [19.058636666666665, 54.89174166666667], [19.022433333333332, 54.82432666666667], [18.987141666666666, 54.75474833333333], [18.945276666666665, 54.68449833333333], [18.900721666666666, 54.61714666666667], [18.849, 54.557021666666664], [18.844003333333333, 54.51295666666667], [18.839448333333333, 54.481903333333335], [18.837466666666668, 54.46868833333333], [18.837335, 54.463795], [18.83713, 54.463515], [18.837111666666665, 54.464166666666664], [18.83666, 54.464115], [18.83692166666667, 54.464153333333336], [18.83679, 54.464126666666665], [18.836793333333333, 54.46412833333333], [18.836946666666666, 54.46410166666667], [18.83697, 54.46411333333333], [18.83716666666667, 54.46411333333333], [18.837251666666667, 54.464108333333336], [18.837365, 54.46412333333333], [18.837536666666665, 54.464121666666664], [18.83742833333333, 54.464126666666665], [18.837384999999998, 54.464153333333336], [18.837663333333335, 54.464095], [18.837795000000003, 54.46408333333333], [18.838266666666666, 54.46399666666667], [18.83862, 54.46391666666667], [18.839133333333333, 54.463748333333335], [18.839066666666668, 54.46374333333333], [18.84018, 54.46309], [18.84014, 54.46315666666667], [18.840195, 54.46295166666666], [18.840281666666666, 54.46279833333333], [18.840465, 54.46264833333333], [18.840288333333334, 54.46291333333333], [18.84011, 54.46319833333334], [18.84009, 54.463210000000004], [18.840075000000002, 54.46311166666667], [18.840086666666664, 54.46317666666666], [18.839968333333335, 54.463370000000005], [18.839818333333334, 54.463433333333334], [18.839481666666664, 54.46359333333333], [18.839448333333333, 54.46362], [18.83909, 54.46372833333333], [18.838601666666666, 54.463845], [18.838525, 54.463816666666666], [18.837663333333335, 54.46402666666667], [18.837578333333333, 54.46405333333333], [18.837705000000003, 54.46404], [18.838295000000002, 54.463955000000006], [18.838873333333332, 54.46380166666667], [18.838043333333335, 54.46407833333333], [18.837921666666666, 54.464095], [18.83735, 54.46402666666667], [18.837228333333332, 54.464076666666664], [18.837148333333335, 54.464108333333336], [18.837653333333332, 54.46411166666667], [18.837515, 54.46409333333334], [18.837335, 54.46407833333333], [18.83715, 54.46408833333333], [18.836581666666667, 54.464016666666666], [18.836535, 54.464015], [18.836818333333333, 54.464058333333334], [18.836833333333335, 54.464063333333335], [18.836251666666666, 54.46400166666667], [18.836175, 54.46397833333333], [18.835816666666666, 54.463881666666666], [18.836065, 54.463944999999995], [18.836031666666667, 54.46393], [18.835916666666666, 54.46393666666667], [18.835816666666666, 54.46390333333333], [18.835485000000002, 54.46381333333333], [18.835716666666666, 54.46388], [18.835964999999998, 54.463928333333335], [18.836045000000002, 54.46398833333333], [18.836233333333332, 54.464005], [18.835975, 54.46396333333333], [18.835846666666665, 54.463899999999995], [18.836058333333334, 54.46396], [18.836021666666667, 54.46390833333333], [18.836081666666665, 54.46397], [18.835919999999998, 54.46390833333333], [18.835855, 54.46389666666666], [18.836126666666665, 54.46393666666667], [18.836223333333333, 54.46400333333334], [18.836371666666665, 54.46402666666667]]}, "properties": {"label": "ISTANBUL-M", "mmsi": "352003516", "imo": "9450818", "name": "ISTANBUL-M", "shiptype": "", "first_seen_utc": "2026-01-07T16:49:51Z", "last_seen_utc": "2026-01-16T03:48:54Z", "destination": "PL GDN", "eta": "{'Day': 14, 'Hour': 11, 'Minute': 0, 'Month': 1}", "display": "", "links": "<a href=\"https://www.vesselfinder.com/vessels?name=9450818\" target=\"_blank\" rel=\"noopener\">VesselFinder</a> | <a href=\"https://www.marinetraffic.com/en/ais/search/all?keyword=9450818\" target=\"_blank\" rel=\"noopener\">MarineTraffic</a>", "vf_url": "https://www.vesselfinder.com/vessels?name=9450818", "mst_url": "https://www.marinetraffic.com/en/ais/search/all?keyword=9450818", "method": "v3_2pass_track3d_fromru10d", "ru_seen_in_lookback": true, "in_monitor_on_day": true}}, {"type": "Feature", "geometry": {"type": "Point", "coordinates": [18.836371666666665, 54.46402666666667]}, "properties": {"label": "ISTANBUL-M", "mmsi": "352003516", "imo": "9450818", "name": "ISTANBUL-M", "shiptype": "", "first_seen_utc": "2026-01-07T16:49:51Z", "last_seen_utc": "2026-01-16T03:48:54Z", "destination": "PL GDN", "eta": "{'Day': 14, 'Hour': 11, 'Minute': 0, 'Month': 1}", "display": "ISTANBUL-M (352003516)", "links": "<a href=\"https://www.vesselfinder.com/vessels?name=9450818\" target=\"_blank\" rel=\"noopener\">VesselFinder</a> | <a href=\"https://www.marinetraffic.com/en/ais/search/all?keyword=9450818\" target=\"_blank\" rel=\"noopener\">MarineTraffic</a>", "vf_url": "https://www.vesselfinder.com/vessels?name=9450818", "mst_url": "https://www.marinetraffic.com/en/ais/search/all?keyword=9450818", "method": "v3_2pass_track3d_fromru10d", "ru_seen_in_lookback": true, "in_monitor_on_day": true}}, {"type": "Feature", "geometry": {"type": "LineString", "coordinates": [[10.911883333333332, 54.631780000000006], [10.766506666666666, 54.683233333333334], [10.8087, 54.76780833333333], [10.838135, 54.858713333333334], [10.92334, 54.949835], [11.034948333333334, 55.035195], [11.05034, 55.14534833333333], [11.095471666666667, 55.244193333333335], [10.869815, 55.51965833333334], [10.799681666666666, 55.62051833333333], [10.804805, 55.72468166666667], [10.826531666666666, 55.82641833333333], [10.421475, 57.851185], [10.142158333333333, 57.84632166666667], [9.916123333333333, 57.837138333333336], [9.716141666666665, 57.826638333333335], [9.542041666666668, 57.80468166666667], [9.367176666666667, 57.74321833333333], [9.222658333333333, 57.694305], [9.084075, 57.645221666666664], [8.945526666666666, 57.594741666666664], [8.804181666666667, 57.54329], [8.662291666666667, 57.49493666666667], [8.32995, 57.38659666666667], [8.1975, 57.34048], [7.397043333333333, 56.900153333333336], [4.636616666666667, 53.56675333333333], [4.586413333333334, 53.490424999999995]]}, "properties": {"label": "ROSTRUM ZUG", "mmsi": "636093387", "imo": "9952646", "name": "ROSTRUM ZUG", "shiptype": "", "first_seen_utc": "2026-01-07T23:37:04Z", "last_seen_utc": "2026-01-16T03:47:02Z", "destination": "ITMNF", "eta": "{'Day': 26, 'Hour': 12, 'Minute': 0, 'Month': 1}", "display": "", "links": "<a href=\"https://www.vesselfinder.com/vessels?name=9952646\" target=\"_blank\" rel=\"noopener\">VesselFinder</a> | <a href=\"https://www.marinetraffic.com/en/ais/search/all?keyword=9952646\" target=\"_blank\" rel=\"noopener\">MarineTraffic</a>", "vf_url": "https://www.vesselfinder.com/vessels?name=9952646", "mst_url": "https://www.marinetraffic.com/en/ais/search/all?keyword=9952646", "method": "v3_2pass_track3d_fromru10d", "ru_seen_in_lookback": true, "in_monitor_on_day": true}}, {"type": "Feature", "geometry": {"type": "Point", "coordinates": [4.586413333333334, 53.490424999999995]}, "properties": {"label": "ROSTRUM ZUG", "mmsi": "636093387", "imo": "9952646", "name": "ROSTRUM ZUG", "shiptype": "", "first_seen_utc": "2026-01-07T23:37:04Z", "last_seen_utc": "2026-01-16T03:47:02Z", "destination": "ITMNF", "eta": "{'Day': 26, 'Hour': 12, 'Minute': 0, 'Month': 1}", "display": "ROSTRUM ZUG (636093387)", "links": "<a href=\"https://www.vesselfinder.com/vessels?name=9952646\" target=\"_blank\" rel=\"noopener\">VesselFinder</a> | <a href=\"https://www.marinetraffic.com/en/ais/search/all?keyword=9952646\" target=\"_blank\" rel=\"noopener\">MarineTraffic</a>", "vf_url": "https://www.vesselfinder.com/vessels?name=9952646", "mst_url": "https://www.marinetraffic.com/en/ais/search/all?keyword=9952646", "method": "v3_2pass_track3d_fromru10d", "ru_seen_in_lookback": true, "in_monitor_on_day": true}}, {"type": "Feature", "geometry": {"type": "LineString", "coordinates": [[16.703371666666666, 55.84187166666666], [16.361776666666668, 55.79019166666667], [16.167468333333332, 55.760686666666665], [15.899566666666667, 55.72079166666666], [15.406096666666667, 55.65222000000001], [15.214881666666667, 55.62122], [15.046915, 55.57456666666667], [14.88273, 55.52824833333333], [14.737076666666667, 55.483084999999996], [14.580721666666667, 55.42937833333334], [14.471401666666667, 55.357186666666664], [14.371835, 55.284755000000004], [14.278308333333333, 55.21017833333334], [14.184621666666667, 55.138929999999995], [14.079855, 55.068086666666666], [13.927128333333334, 55.03496166666666], [13.769183333333332, 55.00875166666666], [12.334473333333333, 54.64143833333333], [12.274168333333334, 54.607931666666666], [12.234858333333333, 54.533795000000005], [12.171771666666666, 54.44378166666667], [11.979531666666666, 54.43884833333333], [11.789846666666667, 54.44056166666667], [11.613951666666667, 54.47307333333333], [11.43522, 54.52151666666667], [11.254083333333334, 54.57366833333333], [11.084651666666668, 54.630610000000004], [10.90846, 54.68479333333333], [10.86149, 54.77874], [10.874998333333334, 54.88489333333334], [10.957496666666666, 54.95093166666666], [11.033658333333333, 55.04382833333333], [11.051371666666666, 55.15313666666667], [11.08759, 55.24972], [11.035833333333333, 55.37462666666667]]}, "properties": {"label": "ZUMBA", "mmsi": "538010073", "imo": "9689160", "name": "ZUMBA", "shiptype": "", "first_seen_utc": "2026-01-08T00:17:37Z", "last_seen_utc": "2026-01-16T03:30:30Z", "destination": "SKAGEN,DK", "eta": "{'Day': 16, 'Hour': 23, 'Minute': 0, 'Month': 1}", "display": "", "links": "<a href=\"https://www.vesselfinder.com/vessels?name=9689160\" target=\"_blank\" rel=\"noopener\">VesselFinder</a> | <a href=\"https://www.marinetraffic.com/en/ais/search/all?keyword=9689160\" target=\"_blank\" rel=\"noopener\">MarineTraffic</a>", "vf_url": "https://www.vesselfinder.com/vessels?name=9689160", "mst_url": "https://www.marinetraffic.com/en/ais/search/all?keyword=9689160", "method": "v3_2pass_track3d_fromru10d", "ru_seen_in_lookback": true, "in_monitor_on_day": true}}, {"type": "Feature", "geometry": {"type": "Point", "coordinates": [11.035833333333333, 55.37462666666667]}, "properties": {"label": "ZUMBA", "mmsi": "538010073", "imo": "9689160", "name": "ZUMBA", "shiptype": "", "first_seen_utc": "2026-01-08T00:17:37Z", "last_seen_utc": "2026-01-16T03:30:30Z", "destination": "SKAGEN,DK", "eta": "{'Day': 16, 'Hour': 23, 'Minute': 0, 'Month': 1}", "display": "ZUMBA (538010073)", "links": "<a href=\"https://www.vesselfinder.com/vessels?name=9689160\" target=\"_blank\" rel=\"noopener\">VesselFinder</a> | <a href=\"https://www.marinetraffic.com/en/ais/search/all?keyword=9689160\" target=\"_blank\" rel=\"noopener\">MarineTraffic</a>", "vf_url": "https://www.vesselfinder.com/vessels?name=9689160", "mst_url": "https://www.marinetraffic.com/en/ais/search/all?keyword=9689160", "method": "v3_2pass_track3d_fromru10d", "ru_seen_in_lookback": true, "in_monitor_on_day": true}}, {"type": "Feature", "geometry": {"type": "LineString", "coordinates": [[17.258525000000002, 55.91863333333333], [15.554911666666667, 55.50698333333333], [15.391908333333333, 55.45809166666666], [15.217356666666666, 55.42941666666666], [15.041466666666668, 55.39758333333334], [14.871915, 55.357215], [14.731643333333333, 55.326789999999995], [14.596053333333334, 55.26086333333333], [14.450146666666665, 55.195298333333334], [14.283468333333333, 55.14827666666667]]}, "properties": {"label": "RESILIENT WARRIOR", "mmsi": "636019763", "imo": "9856359", "name": "RESILIENT WARRIOR", "shiptype": "", "first_seen_utc": "2026-01-08T00:40:03Z", "last_seen_utc": "2026-01-16T03:57:53Z", "destination": "EG PSD", "eta": "{'Day': 30, 'Hour': 4, 'Minute': 0, 'Month': 1}", "display": "", "links": "<a href=\"https://www.vesselfinder.com/vessels?name=9856359\" target=\"_blank\" rel=\"noopener\">VesselFinder</a> | <a href=\"https://www.marinetraffic.com/en/ais/search/all?keyword=9856359\" target=\"_blank\" rel=\"noopener\">MarineTraffic</a>", "vf_url": "https://www.vesselfinder.com/vessels?name=9856359", "mst_url": "https://www.marinetraffic.com/en/ais/search/all?keyword=9856359", "method": "v3_2pass_track3d_fromru10d", "ru_seen_in_lookback": true, "in_monitor_on_day": true}}, {"type": "Feature", "geometry": {"type": "Point", "coordinates": [14.283468333333333, 55.14827666666667]}, "properties": {"label": "RESILIENT WARRIOR", "mmsi": "636019763", "imo": "9856359", "name": "RESILIENT WARRIOR", "shiptype": "", "first_seen_utc": "2026-01-08T00:40:03Z", "last_seen_utc": "2026-01-16T03:57:53Z", "destination": "EG PSD", "eta": "{'Day': 30, 'Hour': 4, 'Minute': 0, 'Month': 1}", "display": "RESILIENT WARRIOR (636019763)", "links": "<a href=\"https://www.vesselfinder.com/vessels?name=9856359\" target=\"_blank\" rel=\"noopener\">VesselFinder</a> | <a href=\"https://www.marinetraffic.com/en/ais/search/all?keyword=9856359\" target=\"_blank\" rel=\"noopener\">MarineTraffic</a>", "vf_url": "https://www.vesselfinder.com/vessels?name=9856359", "mst_url": "https://www.marinetraffic.com/en/ais/search/all?keyword=9856359", "method": "v3_2pass_track3d_fromru10d", "ru_seen_in_lookback": true, "in_monitor_on_day": true}}, {"type": "Feature", "geometry": {"type": "LineString", "coordinates": [[18.715528333333335, 54.40350333333333], [18.715518333333332, 54.40349833333333], [18.715496666666663, 54.4035], [18.715494999999997, 54.403488333333335], [18.715539999999997, 54.403475], [18.71555, 54.40347333333333], [18.715500000000002, 54.40351], [18.715518333333332, 54.40351333333333], [18.715526666666666, 54.40349166666667], [18.715488333333333, 54.40349666666667], [18.715486666666667, 54.4035], [18.715508333333332, 54.40349333333334], [18.715525, 54.403508333333335], [18.715531666666667, 54.40353], [18.715500000000002, 54.4035], [18.715535, 54.40347833333333], [18.715496666666663, 54.40349666666667], [18.715539999999997, 54.40349666666667], [18.715536666666665, 54.403483333333334], [18.715496666666663, 54.403515], [18.71552, 54.403505], [18.71550166666667, 54.403485], [18.715511666666664, 54.40349666666667], [18.715565, 54.403455], [18.713843333333333, 54.405141666666665], [18.715523333333334, 54.403505], [18.715525, 54.40349166666667], [18.715521666666667, 54.40349666666667], [18.715500000000002, 54.403515], [18.71552, 54.40349666666667], [18.71553833333333, 54.40348166666667], [18.71549, 54.40349666666667], [18.71549, 54.40350333333333], [18.71553833333333, 54.40351666666666], [18.715485, 54.403515], [18.715528333333335, 54.403488333333335], [18.715500000000002, 54.403495], [18.715478333333333, 54.40345666666666], [18.715513333333334, 54.40349666666667], [18.715488333333333, 54.40354166666667], [18.71549, 54.40350333333333], [18.71551, 54.40351333333333], [18.715565, 54.40347], [18.715496666666663, 54.40350333333333], [18.71549, 54.40352166666666], [18.715511666666664, 54.403505], [18.71552, 54.40349666666667], [18.71549333333333, 54.40351666666666], [18.715528333333335, 54.40348166666667], [18.715518333333332, 54.403506666666665], [18.715508333333332, 54.403486666666666], [18.715508333333332, 54.4035], [18.715521666666667, 54.40349166666667], [18.71552, 54.403495], [18.715528333333335, 54.40347333333333], [18.722345, 54.401963333333335], [18.841846666666665, 54.41916333333334], [18.988395, 54.45324], [19.07349333333333, 54.55596833333333], [19.09866333333333, 54.66553666666667], [19.042193333333334, 54.777768333333334], [18.958851666666664, 54.87775333333333], [18.774540000000002, 54.94634333333333], [18.616786666666666, 55.006355], [15.79315, 55.425655], [15.631173333333333, 55.428225], [15.466663333333335, 55.433435], [15.30044, 55.43384833333334], [15.141373333333332, 55.40801833333333], [15.009538333333333, 55.365793333333336], [14.965446666666667, 55.362899999999996], [14.821705, 55.32976333333333], [14.668321666666666, 55.291131666666665], [14.528941666666666, 55.21713833333333], [14.376671666666665, 55.1466], [14.18024, 55.12224666666667], [14.012778333333333, 55.068815], [13.829274999999999, 55.02819], [13.422791666666665, 54.95037]]}, "properties": {"label": "PACIFIC EMERALD", "mmsi": "538009197", "imo": "9893022", "name": "PACIFIC EMERALD", "shiptype": "", "first_seen_utc": "2026-01-08T00:53:53Z", "last_seen_utc": "2026-01-16T02:10:02Z", "destination": "CAWHH", "eta": "{'Day': 25, 'Hour': 0, 'Minute': 1, 'Month': 1}", "display": "", "links": "<a href=\"https://www.vesselfinder.com/vessels?name=9893022\" target=\"_blank\" rel=\"noopener\">VesselFinder</a> | <a href=\"https://www.marinetraffic.com/en/ais/search/all?keyword=9893022\" target=\"_blank\" rel=\"noopener\">MarineTraffic</a>", "vf_url": "https://www.vesselfinder.com/vessels?name=9893022", "mst_url": "https://www.marinetraffic.com/en/ais/search/all?keyword=9893022", "method": "v3_2pass_track3d_fromru10d", "ru_seen_in_lookback": true, "in_monitor_on_day": true}}, {"type": "Feature", "geometry": {"type": "Point", "coordinates": [13.422791666666665, 54.95037]}, "properties": {"label": "PACIFIC EMERALD", "mmsi": "538009197", "imo": "9893022", "name": "PACIFIC EMERALD", "shiptype": "", "first_seen_utc": "2026-01-08T00:53:53Z", "last_seen_utc": "2026-01-16T02:10:02Z", "destination": "CAWHH", "eta": "{'Day': 25, 'Hour': 0, 'Minute': 1, 'Month': 1}", "display": "PACIFIC EMERALD (538009197)", "links": "<a href=\"https://www.vesselfinder.com/vessels?name=9893022\" target=\"_blank\" rel=\"noopener\">VesselFinder</a> | <a href=\"https://www.marinetraffic.com/en/ais/search/all?keyword=9893022\" target=\"_blank\" rel=\"noopener\">MarineTraffic</a>", "vf_url": "https://www.vesselfinder.com/vessels?name=9893022", "mst_url": "https://www.marinetraffic.com/en/ais/search/all?keyword=9893022", "method": "v3_2pass_track3d_fromru10d", "ru_seen_in_lookback": true, "in_monitor_on_day": true}}, {"type": "Feature", "geometry": {"type": "Point", "coordinates": [15.342483333333332, 55.62334833333333]}, "properties": {"label": "RADUGA ELECTRON", "mmsi": "209657000", "imo": "8207379", "name": "RADUGA ELECTRON", "shiptype": "", "first_seen_utc": "2026-01-08T06:22:21Z", "last_seen_utc": "2026-01-16T02:58:11Z", "destination": "SEVAG", "eta": "{'Day': 17, 'Hour': 3, 'Minute': 0, 'Month': 1}", "display": "RADUGA ELECTRON (209657000)", "links": "<a href=\"https://www.vesselfinder.com/vessels?name=8207379\" target=\"_blank\" rel=\"noopener\">VesselFinder</a> | <a href=\"https://www.marinetraffic.com/en/ais/search/all?keyword=8207379\" target=\"_blank\" rel=\"noopener\">MarineTraffic</a>", "vf_url": "https://www.vesselfinder.com/vessels?name=8207379", "mst_url": "https://www.marinetraffic.com/en/ais/search/all?keyword=8207379", "method": "v3_2pass_track3d_fromru10d", "ru_seen_in_lookback": true, "in_monitor_on_day": true}}, {"type": "Feature", "geometry": {"type": "LineString", "coordinates": [[16.430901666666667, 56.04214666666667], [15.631716666666668, 55.77420333333334], [15.459386666666667, 55.71818333333333], [15.309073333333334, 55.669250000000005], [15.171501666666668, 55.621595], [15.03378, 55.57606], [14.895005, 55.533408333333334], [14.756566666666666, 55.48835666666666], [14.6148, 55.44550666666667], [14.496416666666667, 55.38424833333333], [14.399358333333334, 55.314186666666664], [14.300278333333333, 55.241883333333334], [14.194099999999999, 55.17598833333333], [14.097543333333334, 55.109085], [13.971803333333334, 55.06081666666667], [13.826281666666667, 55.02812666666667], [13.675999999999998, 54.995705], [12.241000000000001, 54.551894999999995], [12.197958333333334, 54.464169999999996], [12.06518, 54.43523833333334], [11.903913333333332, 54.429545], [11.751896666666665, 54.438425], [11.611156666666666, 54.47796]]}, "properties": {"label": "SUNLIGHT", "mmsi": "636020550", "imo": "9551351", "name": "SUNLIGHT", "shiptype": "", "first_seen_utc": "2026-01-08T06:45:25Z", "last_seen_utc": "2026-01-16T03:40:46Z", "destination": "GREAT BELT P/S", "eta": "{'Day': 16, 'Hour': 8, 'Minute': 0, 'Month': 1}", "display": "", "links": "<a href=\"https://www.vesselfinder.com/vessels?name=9551351\" target=\"_blank\" rel=\"noopener\">VesselFinder</a> | <a href=\"https://www.marinetraffic.com/en/ais/search/all?keyword=9551351\" target=\"_blank\" rel=\"noopener\">MarineTraffic</a>", "vf_url": "https://www.vesselfinder.com/vessels?name=9551351", "mst_url": "https://www.marinetraffic.com/en/ais/search/all?keyword=9551351", "method": "v3_2pass_track3d_fromru10d", "ru_seen_in_lookback": true, "in_monitor_on_day": true}}, {"type": "Feature", "geometry": {"type": "Point", "coordinates": [11.611156666666666, 54.47796]}, "properties": {"label": "SUNLIGHT", "mmsi": "636020550", "imo": "9551351", "name": "SUNLIGHT", "shiptype": "", "first_seen_utc": "2026-01-08T06:45:25Z", "last_seen_utc": "2026-01-16T03:40:46Z", "destination": "GREAT BELT P/S", "eta": "{'Day': 16, 'Hour': 8, 'Minute': 0, 'Month': 1}", "display": "SUNLIGHT (636020550)", "links": "<a href=\"https://www.vesselfinder.com/vessels?name=9551351\" target=\"_blank\" rel=\"noopener\">VesselFinder</a> | <a href=\"https://www.marinetraffic.com/en/ais/search/all?keyword=9551351\" target=\"_blank\" rel=\"noopener\">MarineTraffic</a>", "vf_url": "https://www.vesselfinder.com/vessels?name=9551351", "mst_url": "https://www.marinetraffic.com/en/ais/search/all?keyword=9551351", "method": "v3_2pass_track3d_fromru10d", "ru_seen_in_lookback": true, "in_monitor_on_day": true}}, {"type": "Feature", "geometry": {"type": "LineString", "coordinates": [[15.440878333333334, 55.66384], [15.266654999999998, 55.61159333333333], [14.993191666666666, 55.53626833333333], [14.659558333333333, 55.45050166666667], [14.173308333333333, 55.14425166666667], [14.08624, 55.083931666666665], [13.957338333333333, 55.05058], [13.806045000000001, 55.02005333333333], [13.668491666666666, 54.99370833333333], [12.224468333333334, 54.57131833333334], [12.173951666666666, 54.475611666666666], [12.064933333333332, 54.44298166666667], [11.931144999999999, 54.43737], [11.803686666666666, 54.43765333333333], [11.686873333333333, 54.46693333333334], [11.56734, 54.501308333333334], [11.437478333333333, 54.53899666666667], [11.310738333333335, 54.576548333333335], [11.17828, 54.61686833333333], [11.048113333333333, 54.65298], [10.925498333333334, 54.69195666666667], [10.880631666666666, 54.76411666666667], [10.872486666666667, 54.842045], [10.909496666666666, 54.91745], [10.999013333333332, 54.973985], [11.036933333333334, 55.04732333333333], [11.054084999999999, 55.12873166666667], [11.101291666666667, 55.206273333333336]]}, "properties": {"label": "ALUNA", "mmsi": "314837000", "imo": "9590773", "name": "ALUNA", "shiptype": "", "first_seen_utc": "2026-01-08T12:54:37Z", "last_seen_utc": "2026-01-16T03:49:13Z", "destination": "JORF LASFAR", "eta": "{'Day': 26, 'Hour': 12, 'Minute': 0, 'Month': 1}", "display": "", "links": "<a href=\"https://www.vesselfinder.com/vessels?name=9590773\" target=\"_blank\" rel=\"noopener\">VesselFinder</a> | <a href=\"https://www.marinetraffic.com/en/ais/search/all?keyword=9590773\" target=\"_blank\" rel=\"noopener\">MarineTraffic</a>", "vf_url": "https://www.vesselfinder.com/vessels?name=9590773", "mst_url": "https://www.marinetraffic.com/en/ais/search/all?keyword=9590773", "method": "v3_2pass_track3d_fromru10d", "ru_seen_in_lookback": true, "in_monitor_on_day": true}}, {"type": "Feature", "geometry": {"type": "Point", "coordinates": [11.101291666666667, 55.206273333333336]}, "properties": {"label": "ALUNA", "mmsi": "314837000", "imo": "9590773", "name": "ALUNA", "shiptype": "", "first_seen_utc": "2026-01-08T12:54:37Z", "last_seen_utc": "2026-01-16T03:49:13Z", "destination": "JORF LASFAR", "eta": "{'Day': 26, 'Hour': 12, 'Minute': 0, 'Month': 1}", "display": "ALUNA (314837000)", "links": "<a href=\"https://www.vesselfinder.com/vessels?name=9590773\" target=\"_blank\" rel=\"noopener\">VesselFinder</a> | <a href=\"https://www.marinetraffic.com/en/ais/search/all?keyword=9590773\" target=\"_blank\" rel=\"noopener\">MarineTraffic</a>", "vf_url": "https://www.vesselfinder.com/vessels?name=9590773", "mst_url": "https://www.marinetraffic.com/en/ais/search/all?keyword=9590773", "method": "v3_2pass_track3d_fromru10d", "ru_seen_in_lookback": true, "in_monitor_on_day": true}}, {"type": "Feature", "geometry": {"type": "LineString", "coordinates": [[19.311141666666668, 54.503505000000004], [19.36377, 54.514435000000006], [19.405518333333337, 54.523361666666666], [19.390015000000002, 54.499225], [19.344888333333333, 54.48218333333333], [19.306415, 54.46830833333333], [19.266534999999998, 54.457045], [19.22218666666667, 54.45095], [19.176871666666667, 54.44948], [19.131385, 54.44432833333334], [19.084979999999998, 54.44931999999999], [19.041446666666666, 54.457085], [19.038455, 54.46700166666667], [19.08002, 54.467848333333336], [19.120099999999997, 54.464655], [19.160458333333334, 54.457685], [19.20129166666667, 54.451723333333334], [19.242936666666665, 54.45139833333334], [19.284648333333333, 54.45659833333333], [19.323104999999998, 54.465394999999994], [19.366606666666666, 54.47637333333333], [19.403946666666666, 54.485776666666666], [19.454776666666664, 54.50158833333333], [19.382128333333334, 54.48905833333333], [19.338951666666667, 54.478521666666666], [19.297208333333334, 54.468156666666665], [19.255184999999997, 54.458891666666666], [19.210846666666665, 54.450961666666664], [19.17701, 54.45590833333333], [19.179436666666668, 54.462865], [19.171105, 54.482861666666665], [19.167525, 54.462284999999994], [19.200576666666667, 54.448011666666666], [19.181455000000003, 54.458600000000004], [19.137431666666664, 54.46763833333333], [19.095198333333332, 54.47867166666666], [19.071118333333335, 54.494166666666665], [19.11428, 54.50289166666666], [19.15215, 54.51604333333333], [19.186413333333334, 54.530205], [19.225021666666667, 54.541338333333336], [19.26528, 54.55025333333333], [19.305616666666666, 54.56637], [19.337895, 54.58237], [19.322165, 54.58415], [19.283716666666667, 54.569665], [19.24311, 54.555460000000004], [19.204195000000002, 54.542856666666665], [19.16563, 54.530445], [19.12437333333333, 54.516765], [19.136895, 54.5096], [19.179311666666667, 54.51216], [19.220431666666666, 54.522531666666666], [19.25565333333333, 54.53699166666667], [19.290068333333334, 54.55052666666666], [19.32498, 54.56263666666667], [19.352073333333333, 54.56668333333334], [19.30848, 54.55026833333333], [19.26669, 54.533181666666664], [19.22492833333333, 54.521319999999996], [19.182000000000002, 54.51334], [19.1444, 54.51464166666666], [19.184148333333333, 54.52648166666667], [19.220283333333334, 54.53479333333333], [19.256331666666664, 54.54284333333333], [19.292505000000002, 54.55017833333333], [19.326055, 54.557871666666664], [19.30031166666667, 54.572885], [19.261846666666667, 54.58547], [19.267103333333335, 54.572109999999995], [19.29431, 54.553628333333336], [19.31421, 54.54618333333334], [19.312023333333332, 54.552519999999994], [19.296983333333333, 54.540796666666665], [19.271958333333334, 54.50376000000001], [19.244376666666668, 54.49377166666667], [19.220315000000003, 54.52974666666667], [19.189663333333332, 54.564685000000004], [19.180598333333332, 54.54740833333334], [19.184528333333333, 54.511693333333334], [19.144988333333334, 54.48518333333333], [19.078500000000002, 54.47720666666667], [18.959138333333332, 54.52156166666667], [18.832578333333334, 54.567519999999995], [18.80345, 54.60064166666667], [18.80345, 54.60065], [18.803443333333334, 54.600638333333336], [18.801636666666663, 54.59996833333333], [18.801640000000003, 54.599963333333335], [18.801643333333335, 54.59997333333333], [18.801634999999997, 54.59996833333333], [18.801643333333335, 54.59996666666667], [18.801640000000003, 54.59995833333333], [18.80165, 54.599955], [18.801645, 54.599963333333335], [18.801648333333333, 54.59995833333333], [18.801651666666665, 54.599963333333335], [18.801646666666667, 54.59997]]}, "properties": {"label": "GDY-343 HUMBAK", "mmsi": "261054050", "imo": "8404757", "name": "GDY-343 HUMBAK", "shiptype": "", "first_seen_utc": "2026-01-08T20:52:01Z", "last_seen_utc": "2026-01-16T03:50:52Z", "destination": "HEL", "eta": "{'Day': 25, 'Hour': 0, 'Minute': 0, 'Month': 1}", "display": "", "links": "<a href=\"https://www.vesselfinder.com/vessels?name=8404757\" target=\"_blank\" rel=\"noopener\">VesselFinder</a> | <a href=\"https://www.marinetraffic.com/en/ais/search/all?keyword=8404757\" target=\"_blank\" rel=\"noopener\">MarineTraffic</a>", "vf_url": "https://www.vesselfinder.com/vessels?name=8404757", "mst_url": "https://www.marinetraffic.com/en/ais/search/all?keyword=8404757", "method": "v3_2pass_track3d_fromru10d", "ru_seen_in_lookback": true, "in_monitor_on_day": true}}, {"type": "Feature", "geometry": {"type": "Point", "coordinates": [18.801646666666667, 54.59997]}, "properties": {"label": "GDY-343 HUMBAK", "mmsi": "261054050", "imo": "8404757", "name": "GDY-343 HUMBAK", "shiptype": "", "first_seen_utc": "2026-01-08T20:52:01Z", "last_seen_utc": "2026-01-16T03:50:52Z", "destination": "HEL", "eta": "{'Day': 25, 'Hour': 0, 'Minute': 0, 'Month': 1}", "display": "GDY-343 HUMBAK (261054050)", "links": "<a href=\"https://www.vesselfinder.com/vessels?name=8404757\" target=\"_blank\" rel=\"noopener\">VesselFinder</a> | <a href=\"https://www.marinetraffic.com/en/ais/search/all?keyword=8404757\" target=\"_blank\" rel=\"noopener\">MarineTraffic</a>", "vf_url": "https://www.vesselfinder.com/vessels?name=8404757", "mst_url": "https://www.marinetraffic.com/en/ais/search/all?keyword=8404757", "method": "v3_2pass_track3d_fromru10d", "ru_seen_in_lookback": true, "in_monitor_on_day": true}}, {"type": "Feature", "geometry": {"type": "LineString", "coordinates": [[8.514850000000001, 53.598445], [8.51484, 53.59844333333333], [8.514845, 53.59844666666667], [8.514850000000001, 53.598445], [8.514835, 53.59844333333333], [8.514831666666668, 53.59844666666667], [8.514836666666666, 53.59844666666667], [8.51483, 53.59844666666667], [8.514838333333334, 53.598438333333334], [8.514843333333333, 53.598445], [8.514848333333333, 53.59844333333333], [8.514838333333334, 53.59844666666667], [8.514843333333333, 53.59844333333333], [8.514838333333334, 53.598441666666666], [8.514835, 53.59844333333333], [8.514843333333333, 53.59844666666667], [8.514838333333334, 53.598445], [8.514845, 53.598441666666666], [8.514841666666666, 53.598441666666666], [8.514835, 53.598438333333334], [8.51484, 53.598441666666666], [8.514846666666667, 53.598441666666666], [8.514828333333334, 53.59844333333333], [8.514838333333334, 53.59844333333333], [8.521818333333334, 53.58651666666666], [8.544615, 53.568374999999996], [8.544686666666667, 53.56843166666667], [8.54468, 53.56842833333334], [8.544681666666666, 53.56843166666667], [8.544673333333332, 53.56843166666667], [8.544673333333332, 53.56843666666667], [8.544681666666666, 53.56843], [8.544678333333334, 53.568435], [8.544688333333333, 53.568435], [8.544683333333333, 53.56843833333333], [8.544685, 53.568435], [8.544686666666667, 53.56843333333334], [8.544685, 53.568435], [8.544675000000002, 53.56843833333333], [8.544683333333333, 53.56843333333334], [8.544686666666667, 53.56843333333334], [8.544681666666666, 53.56843333333334], [8.544686666666667, 53.56843333333334], [8.544691666666667, 53.56843666666667], [8.54468, 53.56844], [8.544673333333332, 53.56843666666667], [8.544675000000002, 53.568445], [8.544681666666666, 53.56843666666667], [8.544685, 53.56844], [8.544688333333333, 53.56843166666667], [8.544683333333333, 53.56842833333334], [8.54468, 53.568435], [8.544676666666668, 53.56843833333333], [8.544683333333333, 53.56843333333334], [8.544678333333334, 53.56843166666667], [8.544675000000002, 53.56843166666667], [8.544693333333333, 53.56843], [8.544675000000002, 53.568435], [8.544675000000002, 53.56843333333334], [8.54468, 53.56843166666667], [8.544678333333334, 53.568441666666665], [8.544673333333332, 53.56844], [8.481598333333332, 53.61789666666667], [8.34332, 53.69411], [8.202948333333334, 53.75496333333333], [8.085771666666666, 53.831755], [7.932955000000001, 53.86103333333333], [7.817235, 53.87833166666667], [7.71991, 53.931055], [7.671936666666666, 53.98129666666667], [7.6254550000000005, 54.02627], [7.5912299999999995, 53.99690666666667], [7.646694999999999, 53.948701666666665], [7.74952, 53.964643333333335], [7.817871666666666, 53.99286333333334], [7.828206666666667, 54.010353333333335], [7.854956666666666, 54.014448333333334]]}, "properties": {"label": "CMA CGM MERMAID", "mmsi": "256708000", "imo": "9961283", "name": "CMA CGM MERMAID", "shiptype": "", "first_seen_utc": "2026-01-08T21:30:01Z", "last_seen_utc": "2026-01-16T00:36:09Z", "destination": "DEHAM", "eta": "{'Day': 16, 'Hour': 2, 'Minute': 0, 'Month': 1}", "display": "", "links": "<a href=\"https://www.vesselfinder.com/vessels?name=9961283\" target=\"_blank\" rel=\"noopener\">VesselFinder</a> | <a href=\"https://www.marinetraffic.com/en/ais/search/all?keyword=9961283\" target=\"_blank\" rel=\"noopener\">MarineTraffic</a>", "vf_url": "https://www.vesselfinder.com/vessels?name=9961283", "mst_url": "https://www.marinetraffic.com/en/ais/search/all?keyword=9961283", "method": "v3_2pass_track3d_fromru10d", "ru_seen_in_lookback": true, "in_monitor_on_day": true}}, {"type": "Feature", "geometry": {"type": "Point", "coordinates": [7.854956666666666, 54.014448333333334]}, "properties": {"label": "CMA CGM MERMAID", "mmsi": "256708000", "imo": "9961283", "name": "CMA CGM MERMAID", "shiptype": "", "first_seen_utc": "2026-01-08T21:30:01Z", "last_seen_utc": "2026-01-16T00:36:09Z", "destination": "DEHAM", "eta": "{'Day': 16, 'Hour': 2, 'Minute': 0, 'Month': 1}", "display": "CMA CGM MERMAID (256708000)", "links": "<a href=\"https://www.vesselfinder.com/vessels?name=9961283\" target=\"_blank\" rel=\"noopener\">VesselFinder</a> | <a href=\"https://www.marinetraffic.com/en/ais/search/all?keyword=9961283\" target=\"_blank\" rel=\"noopener\">MarineTraffic</a>", "vf_url": "https://www.vesselfinder.com/vessels?name=9961283", "mst_url": "https://www.marinetraffic.com/en/ais/search/all?keyword=9961283", "method": "v3_2pass_track3d_fromru10d", "ru_seen_in_lookback": true, "in_monitor_on_day": true}}, {"type": "Feature", "geometry": {"type": "LineString", "coordinates": [[15.932436666666666, 55.71283666666667], [15.76324, 55.674036666666666], [15.620741666666667, 55.62244166666667], [15.449911666666667, 55.55790833333333], [15.30191, 55.504925], [15.140051666666666, 55.45257166666667], [15.003178333333333, 55.41009833333333], [14.881288333333334, 55.35652666666667], [14.751436666666667, 55.33477166666667], [14.634189999999998, 55.28295166666667], [14.471286666666666, 55.202893333333336], [14.314061666666667, 55.160205], [14.162973333333333, 55.11197333333334], [14.017318333333332, 55.058188333333334], [13.60572, 54.96418166666667], [12.291273333333333, 54.608828333333335], [12.227158333333334, 54.52812666666667], [12.164441666666667, 54.44516], [11.999776666666666, 54.44886666666666], [11.83934, 54.43945833333333], [11.682125000000001, 54.45422], [11.52632, 54.49469666666666], [11.37127, 54.540121666666664], [11.221833333333333, 54.58256333333333], [11.06958, 54.595839999999995], [10.91979, 54.625765], [10.793025, 54.691538333333334], [10.821114999999999, 54.78429833333333], [10.841280000000001, 54.879344999999994], [10.933441666666665, 54.957015], [10.996541666666667, 55.04183666666667], [10.99311, 55.13868166666667], [11.099528333333334, 55.207915], [11.040931666666667, 55.31051], [10.8601, 55.533145], [10.790186666666667, 55.63067], [10.800715, 55.73373333333333]]}, "properties": {"label": "ALEXANDER", "mmsi": "636018682", "imo": "9826720", "name": "ALEXANDER", "shiptype": "", "first_seen_utc": "2026-01-08T22:39:14Z", "last_seen_utc": "2026-01-16T03:48:35Z", "destination": "EG PSD", "eta": "{'Day': 30, 'Hour': 18, 'Minute': 0, 'Month': 1}", "display": "", "links": "<a href=\"https://www.vesselfinder.com/vessels?name=9826720\" target=\"_blank\" rel=\"noopener\">VesselFinder</a> | <a href=\"https://www.marinetraffic.com/en/ais/search/all?keyword=9826720\" target=\"_blank\" rel=\"noopener\">MarineTraffic</a>", "vf_url": "https://www.vesselfinder.com/vessels?name=9826720", "mst_url": "https://www.marinetraffic.com/en/ais/search/all?keyword=9826720", "method": "v3_2pass_track3d_fromru10d", "ru_seen_in_lookback": true, "in_monitor_on_day": true}}, {"type": "Feature", "geometry": {"type": "Point", "coordinates": [10.800715, 55.73373333333333]}, "properties": {"label": "ALEXANDER", "mmsi": "636018682", "imo": "9826720", "name": "ALEXANDER", "shiptype": "", "first_seen_utc": "2026-01-08T22:39:14Z", "last_seen_utc": "2026-01-16T03:48:35Z", "destination": "EG PSD", "eta": "{'Day': 30, 'Hour': 18, 'Minute': 0, 'Month': 1}", "display": "ALEXANDER (636018682)", "links": "<a href=\"https://www.vesselfinder.com/vessels?name=9826720\" target=\"_blank\" rel=\"noopener\">VesselFinder</a> | <a href=\"https://www.marinetraffic.com/en/ais/search/all?keyword=9826720\" target=\"_blank\" rel=\"noopener\">MarineTraffic</a>", "vf_url": "https://www.vesselfinder.com/vessels?name=9826720", "mst_url": "https://www.marinetraffic.com/en/ais/search/all?keyword=9826720", "method": "v3_2pass_track3d_fromru10d", "ru_seen_in_lookback": true, "in_monitor_on_day": true}}, {"type": "Feature", "geometry": {"type": "LineString", "coordinates": [[15.235641666666668, 55.60569666666667], [14.940218333333332, 55.543261666666666], [14.794364999999999, 55.50644666666667], [14.651435, 55.46673333333333], [14.538105, 55.40569833333333], [14.432098333333332, 55.330711666666666], [14.260471666666666, 55.199425], [14.157903333333334, 55.11978], [12.230405, 54.53658], [12.190193333333333, 54.45379333333334], [12.054193333333334, 54.43940333333333], [11.903384999999998, 54.437464999999996], [11.750111666666667, 54.44690833333333], [11.59449, 54.48153333333333], [11.451441666666666, 54.520001666666666], [11.306246666666668, 54.560071666666666], [11.155461666666667, 54.59979], [10.991980000000002, 54.604058333333334], [10.848483333333332, 54.65373833333333], [10.780176666666668, 54.717708333333334], [10.824963333333333, 54.79309333333333], [10.838735000000002, 54.86864], [10.885746666666668, 54.938235], [10.984038333333332, 55.00528], [10.992320000000001, 55.097676666666665], [11.030266666666668, 55.172625000000004], [11.098351666666668, 55.237078333333336], [11.038988333333332, 55.32183166666667], [10.834386666666667, 55.57066333333333], [10.792021666666667, 55.66439666666667], [10.810703333333333, 55.76542], [10.867448333333334, 55.85944666666667], [10.980761666666666, 55.935325], [11.092853333333332, 56.13619666666667]]}, "properties": {"label": "CHORUS V", "mmsi": "352005594", "imo": "9261970", "name": "CHORUS V", "shiptype": "", "first_seen_utc": "2026-01-09T04:16:49Z", "last_seen_utc": "2026-01-16T03:33:08Z", "destination": "PORT SAID", "eta": "{'Day': 31, 'Hour': 6, 'Minute': 0, 'Month': 1}", "display": "", "links": "<a href=\"https://www.vesselfinder.com/vessels?name=9261970\" target=\"_blank\" rel=\"noopener\">VesselFinder</a> | <a href=\"https://www.marinetraffic.com/en/ais/search/all?keyword=9261970\" target=\"_blank\" rel=\"noopener\">MarineTraffic</a>", "vf_url": "https://www.vesselfinder.com/vessels?name=9261970", "mst_url": "https://www.marinetraffic.com/en/ais/search/all?keyword=9261970", "method": "v3_2pass_track3d_fromru10d", "ru_seen_in_lookback": true, "in_monitor_on_day": true}}, {"type": "Feature", "geometry": {"type": "Point", "coordinates": [11.092853333333332, 56.13619666666667]}, "properties": {"label": "CHORUS V", "mmsi": "352005594", "imo": "9261970", "name": "CHORUS V", "shiptype": "", "first_seen_utc": "2026-01-09T04:16:49Z", "last_seen_utc": "2026-01-16T03:33:08Z", "destination": "PORT SAID", "eta": "{'Day': 31, 'Hour': 6, 'Minute': 0, 'Month': 1}", "display": "CHORUS V (352005594)", "links": "<a href=\"https://www.vesselfinder.com/vessels?name=9261970\" target=\"_blank\" rel=\"noopener\">VesselFinder</a> | <a href=\"https://www.marinetraffic.com/en/ais/search/all?keyword=9261970\" target=\"_blank\" rel=\"noopener\">MarineTraffic</a>", "vf_url": "https://www.vesselfinder.com/vessels?name=9261970", "mst_url": "https://www.marinetraffic.com/en/ais/search/all?keyword=9261970", "method": "v3_2pass_track3d_fromru10d", "ru_seen_in_lookback": true, "in_monitor_on_day": true}}, {"type": "Feature", "geometry": {"type": "LineString", "coordinates": [[10.800991666666667, 55.60717833333333], [10.971773333333335, 55.418928333333334], [11.03036, 55.327126666666665], [11.092355, 55.23676], [11.00782, 55.16399833333333], [10.991211666666667, 55.073499999999996], [10.971725, 54.979998333333334], [10.87178, 54.93061], [10.834200000000001, 54.84835666666667], [10.800469999999999, 54.763328333333334], [10.791523333333334, 54.67561833333333], [10.931253333333332, 54.62028166666666], [11.070975, 54.582633333333334], [11.238201666666667, 54.55385666666667], [11.397368333333333, 54.51600333333333], [11.559861666666666, 54.476355], [11.724203333333332, 54.43127166666667], [11.90216, 54.413850000000004], [12.083123333333333, 54.41558], [12.215069999999999, 54.46806166666667], [14.205446666666667, 55.067159999999994], [14.419855, 55.16875], [14.590531666666667, 55.253755], [14.84537, 55.34606833333333], [15.189651666666666, 55.396164999999996], [18.432421666666666, 55.047246666666666], [18.611736666666665, 54.992399999999996], [18.76698, 54.930368333333334], [18.857648333333334, 54.89087333333334], [18.956685, 54.83651666666666], [19.018711666666665, 54.74053666666667], [19.06524166666667, 54.64015333333334], [19.019503333333333, 54.545089999999995], [18.958678333333335, 54.47340833333333], [18.904135, 54.45832666666667], [18.885668333333335, 54.463388333333334], [18.884158333333335, 54.465113333333335], [18.882195000000003, 54.46542], [18.882221666666666, 54.465426666666666], [18.882118333333334, 54.465403333333335], [18.881843333333332, 54.465448333333335], [18.881961666666665, 54.465455], [18.882, 54.46539333333333], [18.881685, 54.46541], [18.881386666666668, 54.465376666666664], [18.881415, 54.46539333333333], [18.881271666666667, 54.465068333333335], [18.880511666666667, 54.46529833333333], [18.880428333333334, 54.465241666666664], [18.880456666666664, 54.4654], [18.880601666666667, 54.465349999999994], [18.880633333333332, 54.465345], [18.880475, 54.46529833333333], [18.880356666666668, 54.465259999999994], [18.88013833333333, 54.46524], [18.880243333333333, 54.46528166666667], [18.880521666666667, 54.46537166666667], [18.88063833333333, 54.465403333333335], [18.880701666666667, 54.465435], [18.880733333333335, 54.46541], [18.88071, 54.46538833333333], [18.880831666666666, 54.46543333333333], [18.880853333333334, 54.46543166666667], [18.88101, 54.465475], [18.880971666666667, 54.46544333333333], [18.881038333333333, 54.46544666666667], [18.881295, 54.465493333333335], [18.881228333333336, 54.46545666666667], [18.88102, 54.46546333333333]]}, "properties": {"label": "SILVERWAY", "mmsi": "636017059", "imo": "9742912", "name": "SILVERWAY", "shiptype": "", "first_seen_utc": "2026-01-10T02:52:41Z", "last_seen_utc": "2026-01-16T03:58:36Z", "destination": "PL GDN", "eta": "{'Day': 15, 'Hour': 10, 'Minute': 0, 'Month': 1}", "display": "", "links": "<a href=\"https://www.vesselfinder.com/vessels?name=9742912\" target=\"_blank\" rel=\"noopener\">VesselFinder</a> | <a href=\"https://www.marinetraffic.com/en/ais/search/all?keyword=9742912\" target=\"_blank\" rel=\"noopener\">MarineTraffic</a>", "vf_url": "https://www.vesselfinder.com/vessels?name=9742912", "mst_url": "https://www.marinetraffic.com/en/ais/search/all?keyword=9742912", "method": "v3_2pass_track3d_fromru10d", "ru_seen_in_lookback": true, "in_monitor_on_day": true}}, {"type": "Feature", "geometry": {"type": "Point", "coordinates": [18.88102, 54.46546333333333]}, "properties": {"label": "SILVERWAY", "mmsi": "636017059", "imo": "9742912", "name": "SILVERWAY", "shiptype": "", "first_seen_utc": "2026-01-10T02:52:41Z", "last_seen_utc": "2026-01-16T03:58:36Z", "destination": "PL GDN", "eta": "{'Day': 15, 'Hour': 10, 'Minute': 0, 'Month': 1}", "display": "SILVERWAY (636017059)", "links": "<a href=\"https://www.vesselfinder.com/vessels?name=9742912\" target=\"_blank\" rel=\"noopener\">VesselFinder</a> | <a href=\"https://www.marinetraffic.com/en/ais/search/all?keyword=9742912\" target=\"_blank\" rel=\"noopener\">MarineTraffic</a>", "vf_url": "https://www.vesselfinder.com/vessels?name=9742912", "mst_url": "https://www.marinetraffic.com/en/ais/search/all?keyword=9742912", "method": "v3_2pass_track3d_fromru10d", "ru_seen_in_lookback": true, "in_monitor_on_day": true}}, {"type": "Feature", "geometry": {"type": "LineString", "coordinates": [[15.684283333333333, 55.699713333333335], [15.457410000000001, 55.66997666666667], [15.264473333333333, 55.64164666666667], [15.108135, 55.601115], [14.958581666666667, 55.556670000000004], [14.809271666666666, 55.512565], [14.669026666666667, 55.46520833333333], [14.544673333333332, 55.40575833333333], [14.447438333333334, 55.33380833333333], [14.219905, 55.163423333333334], [12.372605, 54.657421666666664], [12.272658333333334, 54.59834], [12.220515, 54.516328333333334], [12.137906666666668, 54.441345], [11.970635, 54.43709833333333], [11.803198333333334, 54.442645], [11.649293333333333, 54.47261833333334], [11.497594999999999, 54.51216], [11.338571666666667, 54.5555], [11.178531666666666, 54.60263666666666], [11.007468333333332, 54.60373666666667], [10.856556666666668, 54.65265333333333], [10.777674999999999, 54.728721666666665], [10.833341666666666, 54.81876833333333], [10.850138333333332, 54.891868333333335], [10.924886666666668, 54.95467], [10.993923333333333, 55.030815], [10.990559999999999, 55.125501666666665], [11.090475, 55.195431666666664], [11.06331, 55.279955], [10.8711, 55.52064333333333], [10.799915, 55.616393333333335], [10.800450000000001, 55.71590666666667], [10.81749, 55.81837666666667], [10.876100000000001, 55.90200166666667], [11.090750000000002, 56.13509], [10.487823333333333, 57.86789666666667], [10.296426666666667, 57.856271666666665], [10.106923333333333, 57.85043666666666], [9.92175, 57.840525], [9.729555, 57.81299333333333], [9.54198, 57.782988333333336], [9.387111666666668, 57.727491666666666], [9.230841666666667, 57.670235000000005], [9.071078333333332, 57.61502666666667], [8.894151666666666, 57.57783166666666], [8.738855000000001, 57.519735], [8.585115, 57.46234833333333], [8.427816666666667, 57.403059999999996], [8.268556666666667, 57.343693333333334], [8.112385, 57.28612833333333], [7.957835, 57.22955666666667], [7.805176666666667, 57.17295166666667], [7.656718333333333, 57.11678666666667], [7.504901666666667, 57.05764833333333], [7.36558, 56.99257333333333], [7.229871666666667, 56.92495833333333]]}, "properties": {"label": "METRO LIVAS", "mmsi": "241969000", "imo": "1017050", "name": "METRO LIVAS", "shiptype": "", "first_seen_utc": "2026-01-10T06:37:38Z", "last_seen_utc": "2026-01-16T03:26:47Z", "destination": "LAS PALMAS", "eta": "{'Day': 10, 'Hour': 5, 'Minute': 0, 'Month': 1}", "display": "", "links": "<a href=\"https://www.vesselfinder.com/vessels?name=1017050\" target=\"_blank\" rel=\"noopener\">VesselFinder</a> | <a href=\"https://www.marinetraffic.com/en/ais/search/all?keyword=1017050\" target=\"_blank\" rel=\"noopener\">MarineTraffic</a>", "vf_url": "https://www.vesselfinder.com/vessels?name=1017050", "mst_url": "https://www.marinetraffic.com/en/ais/search/all?keyword=1017050", "method": "v3_2pass_track3d_fromru10d", "ru_seen_in_lookback": true, "in_monitor_on_day": true}}, {"type": "Feature", "geometry": {"type": "Point", "coordinates": [7.229871666666667, 56.92495833333333]}, "properties": {"label": "METRO LIVAS", "mmsi": "241969000", "imo": "1017050", "name": "METRO LIVAS", "shiptype": "", "first_seen_utc": "2026-01-10T06:37:38Z", "last_seen_utc": "2026-01-16T03:26:47Z", "destination": "LAS PALMAS", "eta": "{'Day': 10, 'Hour': 5, 'Minute': 0, 'Month': 1}", "display": "METRO LIVAS (241969000)", "links": "<a href=\"https://www.vesselfinder.com/vessels?name=1017050\" target=\"_blank\" rel=\"noopener\">VesselFinder</a> | <a href=\"https://www.marinetraffic.com/en/ais/search/all?keyword=1017050\" target=\"_blank\" rel=\"noopener\">MarineTraffic</a>", "vf_url": "https://www.vesselfinder.com/vessels?name=1017050", "mst_url": "https://www.marinetraffic.com/en/ais/search/all?keyword=1017050", "method": "v3_2pass_track3d_fromru10d", "ru_seen_in_lookback": true, "in_monitor_on_day": true}}, {"type": "Feature", "geometry": {"type": "LineString", "coordinates": [[18.686968333333333, 54.46642], [18.686890000000002, 54.466456666666666], [18.686901666666664, 54.46649166666667], [18.68701, 54.466523333333335], [18.686953333333335, 54.46655833333333], [18.686865, 54.46655166666667], [18.687003333333333, 54.466625], [18.686716666666666, 54.46661166666667], [18.686860000000003, 54.46666666666667], [18.686791666666668, 54.466658333333335], [18.686946666666664, 54.466685], [18.686401666666665, 54.466651666666664], [18.686748333333334, 54.466728333333336], [18.686519999999998, 54.46668666666667], [18.686283333333332, 54.467018333333336], [18.686283333333332, 54.466985], [18.686539999999997, 54.467054999999995], [18.686235, 54.46699666666667], [18.686416666666666, 54.467009999999995], [18.685943333333334, 54.466945], [18.68653, 54.467063333333336], [18.686276666666668, 54.467011666666664], [18.68614, 54.46699], [18.68615833333333, 54.466973333333335], [18.686108333333333, 54.46693333333334], [18.686328333333332, 54.46704166666667], [18.686581666666665, 54.46706166666667], [18.68687, 54.467075], [18.68694, 54.467095], [18.686711666666667, 54.46705833333333], [18.686828333333334, 54.46707166666667], [18.68679, 54.467075], [18.686828333333334, 54.46706833333334], [18.686786666666666, 54.467063333333336], [18.686961666666665, 54.46707333333333], [18.687248333333333, 54.46705833333333], [18.687211666666666, 54.46705166666666], [18.68742166666667, 54.46706833333334], [18.688313333333333, 54.46686833333333], [18.688948333333332, 54.466570000000004], [18.689268333333334, 54.46628166666667], [18.689531666666667, 54.465898333333335], [18.689631666666667, 54.46580166666667], [18.689706666666666, 54.465606666666666], [18.689596666666667, 54.46542833333333], [18.689615, 54.46567833333334], [18.689428333333336, 54.46614666666667], [18.689368333333334, 54.46626833333333], [18.689391666666666, 54.46626333333334], [18.689553333333333, 54.465955], [18.689371666666666, 54.46622], [18.688879999999997, 54.46665333333333], [18.689126666666667, 54.466528333333336], [18.689298333333333, 54.46635666666667], [18.68948333333333, 54.466211666666666], [18.6894, 54.46624], [18.68949, 54.466225], [18.688971666666664, 54.4666], [18.688605, 54.46677666666667], [18.689290000000003, 54.46640333333333], [18.68908, 54.466586666666664], [18.68903, 54.466564999999996], [18.689193333333332, 54.466435000000004], [18.68862, 54.466728333333336], [18.688721666666666, 54.46671166666667], [18.688955, 54.466541666666664], [18.68800333333333, 54.466915], [18.687265, 54.46695166666667], [18.686905000000003, 54.46695666666667], [18.687585000000002, 54.466993333333335], [18.687583333333336, 54.46699666666667], [18.688253333333332, 54.46694166666667], [18.687718333333333, 54.46698333333333], [18.687463333333334, 54.46701666666667], [18.687025000000002, 54.467014999999996], [18.686303333333335, 54.46692666666667], [18.686291666666666, 54.46694333333333], [18.68639166666667, 54.466973333333335], [18.68702, 54.467054999999995], [18.68687333333333, 54.467045], [18.686856666666664, 54.46702833333333], [18.686923333333333, 54.467036666666665], [18.686521666666668, 54.466995], [18.685873333333333, 54.466876666666664], [18.685995, 54.466930000000005], [18.68616666666667, 54.466945], [18.686374999999998, 54.46699833333333], [18.68616666666667, 54.46696333333333], [18.68611333333333, 54.46696], [18.686036666666666, 54.46694166666667], [18.686021666666665, 54.46695333333333], [18.685883333333333, 54.466901666666665], [18.685946666666666, 54.46693333333334], [18.685881666666667, 54.466908333333336], [18.685785, 54.46687166666666], [18.685475, 54.46675166666667], [18.685646666666667, 54.46680833333333], [18.68575666666667, 54.466874999999995], [18.685808333333334, 54.466879999999996]]}, "properties": {"label": "FRIO STAR", "mmsi": "354962000", "imo": "9172947", "name": "FRIO STAR", "shiptype": "", "first_seen_utc": "2026-01-11T13:32:31Z", "last_seen_utc": "2026-01-16T03:30:43Z", "destination": "PLGDN", "eta": "{'Day': 11, 'Hour': 16, 'Minute': 0, 'Month': 0}", "display": "", "links": "<a href=\"https://www.vesselfinder.com/vessels?name=9172947\" target=\"_blank\" rel=\"noopener\">VesselFinder</a> | <a href=\"https://www.marinetraffic.com/en/ais/search/all?keyword=9172947\" target=\"_blank\" rel=\"noopener\">MarineTraffic</a>", "vf_url": "https://www.vesselfinder.com/vessels?name=9172947", "mst_url": "https://www.marinetraffic.com/en/ais/search/all?keyword=9172947", "method": "v3_2pass_track3d_fromru10d", "ru_seen_in_lookback": true, "in_monitor_on_day": true}}, {"type": "Feature", "geometry": {"type": "Point", "coordinates": [18.685808333333334, 54.466879999999996]}, "properties": {"label": "FRIO STAR", "mmsi": "354962000", "imo": "9172947", "name": "FRIO STAR", "shiptype": "", "first_seen_utc": "2026-01-11T13:32:31Z", "last_seen_utc": "2026-01-16T03:30:43Z", "destination": "PLGDN", "eta": "{'Day': 11, 'Hour': 16, 'Minute': 0, 'Month': 0}", "display": "FRIO STAR (354962000)", "links": "<a href=\"https://www.vesselfinder.com/vessels?name=9172947\" target=\"_blank\" rel=\"noopener\">VesselFinder</a> | <a href=\"https://www.marinetraffic.com/en/ais/search/all?keyword=9172947\" target=\"_blank\" rel=\"noopener\">MarineTraffic</a>", "vf_url": "https://www.vesselfinder.com/vessels?name=9172947", "mst_url": "https://www.marinetraffic.com/en/ais/search/all?keyword=9172947", "method": "v3_2pass_track3d_fromru10d", "ru_seen_in_lookback": true, "in_monitor_on_day": true}}, {"type": "Feature", "geometry": {"type": "LineString", "coordinates": [[8.701728333333334, 57.454258333333335], [8.898726666666667, 57.52005833333333], [9.296768333333334, 57.663513333333334], [9.681883333333333, 57.780813333333334], [10.002078333333333, 57.78971833333333], [10.187486666666667, 57.786590000000004], [10.34461, 57.79552], [12.382923333333334, 56.196815], [12.454258333333334, 56.14378833333333], [12.590866666666667, 56.08052166666666], [12.625628333333333, 55.985695], [12.660845, 55.88533833333334], [12.695934999999999, 55.78458833333333], [12.683606666666666, 55.67967], [12.698371666666667, 55.59791], [12.701116666666667, 55.52764666666667], [12.664255, 55.42797666666667], [12.630531666666666, 55.32387666666667], [12.761316666666666, 55.27153166666667], [12.945945, 55.232499999999995], [14.175655, 55.1573], [14.348361666666667, 55.19047166666667], [14.49149, 55.26170333333334], [14.612168333333333, 55.349556666666665], [14.756146666666666, 55.41697333333333], [14.920926666666666, 55.46502666666667], [15.139293333333335, 55.522211666666664], [15.319658333333333, 55.53442], [15.521943333333333, 55.519508333333334], [15.854163333333334, 55.48128166666667], [18.845256666666668, 54.94439833333333], [19.04742, 54.890075], [19.190231666666666, 54.852448333333335], [19.28212166666667, 54.84727833333333], [19.615938333333336, 54.784576666666666]]}, "properties": {"label": "THASSOS", "mmsi": "249219000", "imo": "9567233", "name": "THASSOS", "shiptype": "", "first_seen_utc": "2026-01-11T14:05:52Z", "last_seen_utc": "2026-01-16T01:55:36Z", "destination": "RUKGD", "eta": "{'Day': 16, 'Hour': 3, 'Minute': 30, 'Month': 1}", "display": "", "links": "<a href=\"https://www.vesselfinder.com/vessels?name=9567233\" target=\"_blank\" rel=\"noopener\">VesselFinder</a> | <a href=\"https://www.marinetraffic.com/en/ais/search/all?keyword=9567233\" target=\"_blank\" rel=\"noopener\">MarineTraffic</a>", "vf_url": "https://www.vesselfinder.com/vessels?name=9567233", "mst_url": "https://www.marinetraffic.com/en/ais/search/all?keyword=9567233", "method": "v3_2pass_track3d_fromru10d", "ru_seen_in_lookback": true, "in_monitor_on_day": true}}, {"type": "Feature", "geometry": {"type": "Point", "coordinates": [19.615938333333336, 54.784576666666666]}, "properties": {"label": "THASSOS", "mmsi": "249219000", "imo": "9567233", "name": "THASSOS", "shiptype": "", "first_seen_utc": "2026-01-11T14:05:52Z", "last_seen_utc": "2026-01-16T01:55:36Z", "destination": "RUKGD", "eta": "{'Day': 16, 'Hour': 3, 'Minute': 30, 'Month': 1}", "display": "THASSOS (249219000)", "links": "<a href=\"https://www.vesselfinder.com/vessels?name=9567233\" target=\"_blank\" rel=\"noopener\">VesselFinder</a> | <a href=\"https://www.marinetraffic.com/en/ais/search/all?keyword=9567233\" target=\"_blank\" rel=\"noopener\">MarineTraffic</a>", "vf_url": "https://www.vesselfinder.com/vessels?name=9567233", "mst_url": "https://www.marinetraffic.com/en/ais/search/all?keyword=9567233", "method": "v3_2pass_track3d_fromru10d", "ru_seen_in_lookback": true, "in_monitor_on_day": true}}, {"type": "Feature", "geometry": {"type": "LineString", "coordinates": [[12.161174999999998, 54.46859166666666], [12.052633333333334, 54.444136666666665], [11.928771666666668, 54.444089999999996], [11.805645, 54.44354666666666], [11.687785, 54.45408333333333], [11.577805000000001, 54.48439], [11.46022, 54.51656166666667], [11.32821, 54.549665], [11.206568333333333, 54.58676333333334], [11.076993333333332, 54.59888333333333], [10.953345, 54.589886666666665], [10.831418333333334, 54.58557], [10.70913, 54.577891666666666], [10.37403, 54.518411666666665], [10.264228333333334, 54.481300000000005], [10.208361666666667, 54.4127], [10.147991666666666, 54.36513333333333], [10.143755, 54.36571666666667], [10.064221666666667, 54.362275], [10.031225000000001, 54.36089333333334], [9.939916666666667, 54.340905], [9.834531666666667, 54.363910000000004], [9.748308333333334, 54.341098333333335], [9.696503333333334, 54.29663], [9.623478333333333, 54.26175333333333], [9.576341666666668, 54.210051666666665], [9.48796, 54.183321666666664], [9.378365, 54.154845], [9.317851666666666, 54.077686666666665], [9.297130000000001, 54.01679333333333], [9.254336666666667, 53.96431166666667], [9.183976666666666, 53.915168333333334], [9.146416666666665, 53.894313333333336], [9.143849999999999, 53.892918333333334], [8.588661666666667, 53.966225], [8.411793333333334, 53.98811666666666], [8.165308333333334, 53.774528333333336], [8.240878333333333, 53.7314], [8.340214999999999, 53.69157166666666], [8.42168, 53.64189666666667], [8.512166666666667, 53.593725], [8.562826666666666, 53.526984999999996], [8.491576666666667, 53.46336833333333], [8.49741, 53.377923333333335], [8.488949999999999, 53.33177333333333], [8.488811666666667, 53.33184333333334], [8.488809999999999, 53.33183666666666], [8.488793333333334, 53.331826666666664], [8.488796666666667, 53.33179833333334], [8.488808333333333, 53.33184333333334], [8.488813333333333, 53.33184833333333], [8.488825, 53.331871666666665], [8.488781666666666, 53.331825], [8.488786666666666, 53.331808333333335], [8.48878, 53.33183666666666], [8.48878, 53.33184666666667], [8.488795, 53.33183833333333], [8.48878, 53.331826666666664], [8.488801666666667, 53.33185], [8.488785, 53.331845], [8.488791666666666, 53.33184166666667], [8.488786666666666, 53.33183333333333], [8.488795, 53.33183666666666]]}, "properties": {"label": "ROSEBURG", "mmsi": "305184000", "imo": "8817370", "name": "ROSEBURG", "shiptype": "", "first_seen_utc": "2026-01-12T21:59:13Z", "last_seen_utc": "2026-01-16T03:52:21Z", "destination": "BRAKE VIA NOK", "eta": "{'Day': 15, 'Hour': 15, 'Minute': 0, 'Month': 1}", "display": "", "links": "<a href=\"https://www.vesselfinder.com/vessels?name=8817370\" target=\"_blank\" rel=\"noopener\">VesselFinder</a> | <a href=\"https://www.marinetraffic.com/en/ais/search/all?keyword=8817370\" target=\"_blank\" rel=\"noopener\">MarineTraffic</a>", "vf_url": "https://www.vesselfinder.com/vessels?name=8817370", "mst_url": "https://www.marinetraffic.com/en/ais/search/all?keyword=8817370", "method": "v3_2pass_track3d_fromru10d", "ru_seen_in_lookback": true, "in_monitor_on_day": true}}, {"type": "Feature", "geometry": {"type": "Point", "coordinates": [8.488795, 53.33183666666666]}, "properties": {"label": "ROSEBURG", "mmsi": "305184000", "imo": "8817370", "name": "ROSEBURG", "shiptype": "", "first_seen_utc": "2026-01-12T21:59:13Z", "last_seen_utc": "2026-01-16T03:52:21Z", "destination": "BRAKE VIA NOK", "eta": "{'Day': 15, 'Hour': 15, 'Minute': 0, 'Month': 1}", "display": "ROSEBURG (305184000)", "links": "<a href=\"https://www.vesselfinder.com/vessels?name=8817370\" target=\"_blank\" rel=\"noopener\">VesselFinder</a> | <a href=\"https://www.marinetraffic.com/en/ais/search/all?keyword=8817370\" target=\"_blank\" rel=\"noopener\">MarineTraffic</a>", "vf_url": "https://www.vesselfinder.com/vessels?name=8817370", "mst_url": "https://www.marinetraffic.com/en/ais/search/all?keyword=8817370", "method": "v3_2pass_track3d_fromru10d", "ru_seen_in_lookback": true, "in_monitor_on_day": true}}, {"type": "Feature", "geometry": {"type": "LineString", "coordinates": [[14.573071666666667, 53.633515], [14.633585, 53.51540166666667], [14.595535, 53.447615000000006], [14.604563333333335, 53.406576666666666], [14.604001666666667, 53.40625], [14.604003333333333, 53.406256666666664], [14.603993333333333, 53.40623666666667], [14.603978333333334, 53.406241666666666], [14.603996666666665, 53.406238333333334], [14.603975, 53.40622666666666], [14.604006666666667, 53.40623166666667]]}, "properties": {"label": "LUCA", "mmsi": "304408000", "imo": "9286712", "name": "LUCA", "shiptype": "", "first_seen_utc": "2026-01-12T23:45:03Z", "last_seen_utc": "2026-01-16T03:32:58Z", "destination": "PLSZZ", "eta": "{'Day': 15, 'Hour': 19, 'Minute': 0, 'Month': 1}", "display": "", "links": "<a href=\"https://www.vesselfinder.com/vessels?name=9286712\" target=\"_blank\" rel=\"noopener\">VesselFinder</a> | <a href=\"https://www.marinetraffic.com/en/ais/search/all?keyword=9286712\" target=\"_blank\" rel=\"noopener\">MarineTraffic</a>", "vf_url": "https://www.vesselfinder.com/vessels?name=9286712", "mst_url": "https://www.marinetraffic.com/en/ais/search/all?keyword=9286712", "method": "v3_2pass_track3d_fromru10d", "ru_seen_in_lookback": true, "in_monitor_on_day": true}}, {"type": "Feature", "geometry": {"type": "Point", "coordinates": [14.604006666666667, 53.40623166666667]}, "properties": {"label": "LUCA", "mmsi": "304408000", "imo": "9286712", "name": "LUCA", "shiptype": "", "first_seen_utc": "2026-01-12T23:45:03Z", "last_seen_utc": "2026-01-16T03:32:58Z", "destination": "PLSZZ", "eta": "{'Day': 15, 'Hour': 19, 'Minute': 0, 'Month': 1}", "display": "LUCA (304408000)", "links": "<a href=\"https://www.vesselfinder.com/vessels?name=9286712\" target=\"_blank\" rel=\"noopener\">VesselFinder</a> | <a href=\"https://www.marinetraffic.com/en/ais/search/all?keyword=9286712\" target=\"_blank\" rel=\"noopener\">MarineTraffic</a>", "vf_url": "https://www.vesselfinder.com/vessels?name=9286712", "mst_url": "https://www.marinetraffic.com/en/ais/search/all?keyword=9286712", "method": "v3_2pass_track3d_fromru10d", "ru_seen_in_lookback": true, "in_monitor_on_day": true}}, {"type": "Feature", "geometry": {"type": "LineString", "coordinates": [[16.578366666666668, 56.071749999999994], [15.643583333333334, 55.7736], [15.393516666666667, 55.6949], [15.159466666666667, 55.61396666666667], [14.895733333333334, 55.52905], [14.6645, 55.4528], [14.452033333333333, 55.34925], [14.26265, 55.21886666666667], [13.964283333333332, 55.22375], [13.526066666666667, 55.23583333333333], [13.226315, 55.24673333333333], [12.978016666666667, 55.25593333333334], [12.748966666666666, 55.288516666666666], [12.681316666666667, 55.3909], [12.7245, 55.503166666666665], [12.69965, 55.59988333333333], [12.6902, 55.68281666666667], [12.6637, 55.735083333333336], [12.65635, 55.73881666666667], [12.656883333333333, 55.73921666666667], [12.657549999999999, 55.73963333333334], [12.656749999999999, 55.739333333333335], [12.6576, 55.739583333333336], [12.657416666666668, 55.739466666666665], [12.657649999999999, 55.739565], [12.657565, 55.73963333333334], [12.658048333333333, 55.73896666666667], [12.777233333333333, 55.812916666666666], [12.730783333333333, 55.9312], [12.671, 56.036500000000004], [12.506233333333334, 56.138299999999994], [10.425998333333332, 57.85471666666667], [10.139883333333334, 57.84631666666667], [9.864133333333333, 57.82285], [9.600766666666667, 57.802216666666666], [9.3557, 57.72933333333334], [9.128816666666667, 57.649966666666664], [8.9076, 57.57326666666667]]}, "properties": {"label": "BALTIC PERFORMER", "mmsi": "311000972", "imo": "9016674", "name": "BALTIC PERFORMER", "shiptype": "", "first_seen_utc": "2026-01-13T00:48:38Z", "last_seen_utc": "2026-01-16T03:53:15Z", "destination": "PACTB", "eta": "{'Day': 30, 'Hour': 8, 'Minute': 0, 'Month': 1}", "display": "", "links": "<a href=\"https://www.vesselfinder.com/vessels?name=9016674\" target=\"_blank\" rel=\"noopener\">VesselFinder</a> | <a href=\"https://www.marinetraffic.com/en/ais/search/all?keyword=9016674\" target=\"_blank\" rel=\"noopener\">MarineTraffic</a>", "vf_url": "https://www.vesselfinder.com/vessels?name=9016674", "mst_url": "https://www.marinetraffic.com/en/ais/search/all?keyword=9016674", "method": "v3_2pass_track3d_fromru10d", "ru_seen_in_lookback": true, "in_monitor_on_day": true}}, {"type": "Feature", "geometry": {"type": "Point", "coordinates": [8.9076, 57.57326666666667]}, "properties": {"label": "BALTIC PERFORMER", "mmsi": "311000972", "imo": "9016674", "name": "BALTIC PERFORMER", "shiptype": "", "first_seen_utc": "2026-01-13T00:48:38Z", "last_seen_utc": "2026-01-16T03:53:15Z", "destination": "PACTB", "eta": "{'Day': 30, 'Hour': 8, 'Minute': 0, 'Month': 1}", "display": "BALTIC PERFORMER (311000972)", "links": "<a href=\"https://www.vesselfinder.com/vessels?name=9016674\" target=\"_blank\" rel=\"noopener\">VesselFinder</a> | <a href=\"https://www.marinetraffic.com/en/ais/search/all?keyword=9016674\" target=\"_blank\" rel=\"noopener\">MarineTraffic</a>", "vf_url": "https://www.vesselfinder.com/vessels?name=9016674", "mst_url": "https://www.marinetraffic.com/en/ais/search/all?keyword=9016674", "method": "v3_2pass_track3d_fromru10d", "ru_seen_in_lookback": true, "in_monitor_on_day": true}}, {"type": "Feature", "geometry": {"type": "LineString", "coordinates": [[15.51979, 55.592218333333335], [15.329798333333335, 55.57537333333333], [15.151911666666667, 55.56935333333333], [14.993658333333334, 55.54629333333333], [14.841244999999999, 55.51089833333333], [14.612141666666668, 55.44616833333334], [14.493468333333334, 55.37930666666667], [14.383453333333334, 55.29991333333333], [14.27214, 55.222240000000006], [14.162301666666668, 55.14093833333333], [14.028456666666667, 55.065603333333335], [13.848943333333333, 55.02467], [12.2753, 54.60420833333333], [12.225763333333333, 54.522935], [12.152833333333332, 54.437266666666666], [11.982006666666667, 54.43300833333333], [11.81, 54.432741666666665], [11.651771666666667, 54.462223333333334], [11.494643333333332, 54.50713833333334], [11.333464999999999, 54.551635000000005], [11.175244999999999, 54.598818333333334], [11.003933333333332, 54.59831666666666], [10.853991666666667, 54.6522], [10.780130000000002, 54.725408333333334], [10.83601, 54.817033333333335], [10.845528333333334, 54.88511666666667], [10.919943333333332, 54.951993333333334], [10.996708333333334, 55.03456833333333], [10.99094, 55.13606333333333], [11.101476666666667, 55.20876833333333], [11.046193333333333, 55.305285000000005]]}, "properties": {"label": "FALKONERA", "mmsi": "636017504", "imo": "9600621", "name": "FALKONERA", "shiptype": "", "first_seen_utc": "2026-01-13T06:37:28Z", "last_seen_utc": "2026-01-16T03:56:47Z", "destination": "DKSKA", "eta": "{'Day': 16, 'Hour': 17, 'Minute': 10, 'Month': 1}", "display": "", "links": "<a href=\"https://www.vesselfinder.com/vessels?name=9600621\" target=\"_blank\" rel=\"noopener\">VesselFinder</a> | <a href=\"https://www.marinetraffic.com/en/ais/search/all?keyword=9600621\" target=\"_blank\" rel=\"noopener\">MarineTraffic</a>", "vf_url": "https://www.vesselfinder.com/vessels?name=9600621", "mst_url": "https://www.marinetraffic.com/en/ais/search/all?keyword=9600621", "method": "v3_2pass_track3d_fromru10d", "ru_seen_in_lookback": true, "in_monitor_on_day": true}}, {"type": "Feature", "geometry": {"type": "Point", "coordinates": [11.046193333333333, 55.305285000000005]}, "properties": {"label": "FALKONERA", "mmsi": "636017504", "imo": "9600621", "name": "FALKONERA", "shiptype": "", "first_seen_utc": "2026-01-13T06:37:28Z", "last_seen_utc": "2026-01-16T03:56:47Z", "destination": "DKSKA", "eta": "{'Day': 16, 'Hour': 17, 'Minute': 10, 'Month': 1}", "display": "FALKONERA (636017504)", "links": "<a href=\"https://www.vesselfinder.com/vessels?name=9600621\" target=\"_blank\" rel=\"noopener\">VesselFinder</a> | <a href=\"https://www.marinetraffic.com/en/ais/search/all?keyword=9600621\" target=\"_blank\" rel=\"noopener\">MarineTraffic</a>", "vf_url": "https://www.vesselfinder.com/vessels?name=9600621", "mst_url": "https://www.marinetraffic.com/en/ais/search/all?keyword=9600621", "method": "v3_2pass_track3d_fromru10d", "ru_seen_in_lookback": true, "in_monitor_on_day": true}}, {"type": "Feature", "geometry": {"type": "LineString", "coordinates": [[16.121728333333333, 55.92138166666667], [15.946869999999999, 55.849648333333334], [15.726116666666666, 55.77113], [15.412218333333334, 55.681255], [15.239371666666667, 55.62755166666667], [15.06991, 55.578415], [14.904676666666667, 55.533635], [14.740135, 55.48713166666666], [14.577371666666666, 55.437326666666664], [14.457590000000001, 55.35493666666667], [14.347285, 55.271164999999996], [14.239956666666666, 55.18793333333333], [14.125951666666667, 55.10709666666666], [13.980224999999999, 55.050380000000004], [13.808558333333334, 55.01451], [13.631165000000001, 54.97817666666666], [12.236256666666666, 54.568885], [12.171903333333335, 54.469121666666666]]}, "properties": {"label": "ARNE", "mmsi": "305681000", "imo": "9142564", "name": "ARNE", "shiptype": "", "first_seen_utc": "2026-01-13T08:33:44Z", "last_seen_utc": "2026-01-16T03:40:30Z", "destination": "ESBIO", "eta": "{'Day': 20, 'Hour': 16, 'Minute': 0, 'Month': 1}", "display": "", "links": "<a href=\"https://www.vesselfinder.com/vessels?name=9142564\" target=\"_blank\" rel=\"noopener\">VesselFinder</a> | <a href=\"https://www.marinetraffic.com/en/ais/search/all?keyword=9142564\" target=\"_blank\" rel=\"noopener\">MarineTraffic</a>", "vf_url": "https://www.vesselfinder.com/vessels?name=9142564", "mst_url": "https://www.marinetraffic.com/en/ais/search/all?keyword=9142564", "method": "v3_2pass_track3d_fromru10d", "ru_seen_in_lookback": true, "in_monitor_on_day": true}}, {"type": "Feature", "geometry": {"type": "Point", "coordinates": [12.171903333333335, 54.469121666666666]}, "properties": {"label": "ARNE", "mmsi": "305681000", "imo": "9142564", "name": "ARNE", "shiptype": "", "first_seen_utc": "2026-01-13T08:33:44Z", "last_seen_utc": "2026-01-16T03:40:30Z", "destination": "ESBIO", "eta": "{'Day': 20, 'Hour': 16, 'Minute': 0, 'Month': 1}", "display": "ARNE (305681000)", "links": "<a href=\"https://www.vesselfinder.com/vessels?name=9142564\" target=\"_blank\" rel=\"noopener\">VesselFinder</a> | <a href=\"https://www.marinetraffic.com/en/ais/search/all?keyword=9142564\" target=\"_blank\" rel=\"noopener\">MarineTraffic</a>", "vf_url": "https://www.vesselfinder.com/vessels?name=9142564", "mst_url": "https://www.marinetraffic.com/en/ais/search/all?keyword=9142564", "method": "v3_2pass_track3d_fromru10d", "ru_seen_in_lookback": true, "in_monitor_on_day": true}}, {"type": "Feature", "geometry": {"type": "LineString", "coordinates": [[19.02720833333333, 54.919774999999994], [19.038091666666666, 54.844435], [19.04515, 54.76859833333333], [19.047596666666667, 54.69437166666667], [19.077166666666667, 54.61939333333333], [19.004396666666665, 54.56022666666667], [18.906305, 54.50795666666667], [18.83930333333333, 54.456109999999995], [18.842226666666665, 54.45019], [18.842176666666667, 54.450230000000005], [18.84231, 54.450235], [18.84209, 54.45021666666666], [18.841973333333332, 54.45017333333333], [18.842368333333333, 54.450285], [18.842035, 54.45016], [18.842311666666667, 54.450271666666666], [18.842190000000002, 54.450230000000005], [18.842316666666665, 54.45026], [18.8423, 54.45024166666667], [18.842391666666668, 54.450255], [18.842435000000002, 54.45026333333333], [18.842493333333334, 54.45025333333333], [18.842433333333336, 54.45030166666666], [18.842581666666668, 54.45028166666667], [18.84270666666667, 54.450309999999995], [18.842903333333332, 54.45034333333333], [18.84292, 54.450345], [18.842988333333334, 54.450336666666665], [18.842983333333333, 54.450345], [18.843320000000002, 54.450354999999995], [18.84367, 54.45035166666666], [18.844228333333334, 54.45027666666667], [18.844476666666665, 54.45021333333333], [18.844511666666666, 54.45020833333333], [18.845764999999997, 54.44974166666667], [18.84456, 54.44856333333333], [18.823050000000002, 54.418033333333334], [18.728186666666666, 54.40118], [18.717341666666666, 54.388146666666664], [18.715513333333334, 54.38496166666666], [18.715425, 54.385041666666666], [18.715466666666668, 54.384946666666664], [18.715463333333332, 54.38498666666667], [18.715466666666668, 54.384966666666664], [18.715476666666667, 54.384965], [18.715455000000002, 54.38498666666667], [18.715473333333332, 54.38495833333333], [18.715483333333335, 54.384993333333334], [18.715419999999998, 54.38498833333333], [18.715488333333333, 54.384975000000004], [18.715483333333335, 54.384996666666666], [18.715483333333335, 54.384971666666665], [18.715435, 54.38494], [18.715486666666667, 54.384953333333335], [18.715476666666667, 54.38498333333334], [18.71549, 54.384995], [18.71546, 54.384985], [18.71539, 54.384985], [18.715456666666668, 54.384933333333336], [18.715503333333334, 54.384955], [18.715498333333336, 54.384980000000006], [18.715449999999997, 54.38501], [18.715488333333333, 54.384991666666664], [18.715435, 54.384991666666664], [18.715485, 54.384953333333335], [18.715453333333336, 54.38494], [18.715488333333333, 54.38498833333333], [18.71543, 54.384993333333334], [18.715498333333336, 54.38498333333334], [18.715419999999998, 54.38498333333334], [18.71543, 54.38498833333333], [18.715491666666665, 54.384971666666665], [18.71546, 54.384995], [18.71549, 54.38495666666667], [18.71544833333333, 54.384930000000004], [18.715503333333334, 54.384975000000004], [18.715536666666665, 54.384980000000006], [18.71547, 54.38498666666667], [18.715445, 54.38500166666667], [18.715458333333334, 54.38495], [18.715461666666666, 54.38501], [18.715476666666667, 54.384996666666666], [18.715525, 54.38495666666667], [18.71543666666667, 54.384978333333336], [18.715503333333334, 54.384978333333336], [18.71549, 54.38501333333333], [18.71548166666667, 54.38491333333333], [18.715428333333332, 54.384978333333336], [18.715455000000002, 54.384993333333334], [18.715498333333336, 54.38497333333333], [18.715491666666665, 54.384991666666664]]}, "properties": {"label": "AVA D", "mmsi": "255705000", "imo": "9306225", "name": "AVA D", "shiptype": "", "first_seen_utc": "2026-01-14T04:19:41Z", "last_seen_utc": "2026-01-16T03:52:10Z", "destination": "PLGDN", "eta": "{'Day': 14, 'Hour': 23, 'Minute': 15, 'Month': 1}", "display": "", "links": "<a href=\"https://www.vesselfinder.com/vessels?name=9306225\" target=\"_blank\" rel=\"noopener\">VesselFinder</a> | <a href=\"https://www.marinetraffic.com/en/ais/search/all?keyword=9306225\" target=\"_blank\" rel=\"noopener\">MarineTraffic</a>", "vf_url": "https://www.vesselfinder.com/vessels?name=9306225", "mst_url": "https://www.marinetraffic.com/en/ais/search/all?keyword=9306225", "method": "v3_2pass_track3d_fromru10d", "ru_seen_in_lookback": true, "in_monitor_on_day": true}}, {"type": "Feature", "geometry": {"type": "Point", "coordinates": [18.715491666666665, 54.384991666666664]}, "properties": {"label": "AVA D", "mmsi": "255705000", "imo": "9306225", "name": "AVA D", "shiptype": "", "first_seen_utc": "2026-01-14T04:19:41Z", "last_seen_utc": "2026-01-16T03:52:10Z", "destination": "PLGDN", "eta": "{'Day': 14, 'Hour': 23, 'Minute': 15, 'Month': 1}", "display": "AVA D (255705000)", "links": "<a href=\"https://www.vesselfinder.com/vessels?name=9306225\" target=\"_blank\" rel=\"noopener\">VesselFinder</a> | <a href=\"https://www.marinetraffic.com/en/ais/search/all?keyword=9306225\" target=\"_blank\" rel=\"noopener\">MarineTraffic</a>", "vf_url": "https://www.vesselfinder.com/vessels?name=9306225", "mst_url": "https://www.marinetraffic.com/en/ais/search/all?keyword=9306225", "method": "v3_2pass_track3d_fromru10d", "ru_seen_in_lookback": true, "in_monitor_on_day": true}}, {"type": "Feature", "geometry": {"type": "LineString", "coordinates": [[19.048266666666667, 54.95061666666666], [19.032883333333334, 54.86091666666667], [19.007916666666667, 54.771116666666664], [18.957216666666667, 54.69076666666667], [18.897133333333333, 54.613216666666666], [18.806500000000003, 54.54436666666666], [18.657416666666666, 54.53713333333334], [18.549166666666668, 54.53471666666667], [18.548816666666667, 54.533566666666665], [18.548816666666667, 54.533566666666665], [18.548816666666667, 54.53358333333333], [18.548816666666667, 54.53358333333333], [18.548816666666667, 54.533566666666665], [18.548816666666667, 54.533566666666665], [18.548816666666667, 54.533566666666665], [18.548816666666667, 54.53358333333333], [18.548816666666667, 54.53358333333333], [18.548816666666667, 54.53358333333333], [18.548816666666667, 54.533566666666665], [18.548816666666667, 54.533566666666665], [18.548833333333334, 54.533566666666665], [18.548816666666667, 54.533566666666665], [18.548816666666667, 54.53358333333333], [18.548816666666667, 54.533566666666665], [18.548816666666667, 54.533566666666665], [18.548816666666667, 54.53358333333333], [18.548816666666667, 54.53358333333333], [18.548816666666667, 54.53358333333333], [18.548816666666667, 54.533566666666665], [18.548816666666667, 54.533566666666665], [18.548816666666667, 54.533566666666665], [18.548816666666667, 54.533566666666665], [18.548816666666667, 54.53358333333333], [18.548816666666667, 54.53358333333333]]}, "properties": {"label": "FWN SEA", "mmsi": "244770273", "imo": "9721657", "name": "FWN SEA", "shiptype": "", "first_seen_utc": "2026-01-15T10:39:01Z", "last_seen_utc": "2026-01-16T03:56:51Z", "destination": "PLGDY", "eta": "{'Day': 15, 'Hour': 14, 'Minute': 0, 'Month': 1}", "display": "", "links": "<a href=\"https://www.vesselfinder.com/vessels?name=9721657\" target=\"_blank\" rel=\"noopener\">VesselFinder</a> | <a href=\"https://www.marinetraffic.com/en/ais/search/all?keyword=9721657\" target=\"_blank\" rel=\"noopener\">MarineTraffic</a>", "vf_url": "https://www.vesselfinder.com/vessels?name=9721657", "mst_url": "https://www.marinetraffic.com/en/ais/search/all?keyword=9721657", "method": "v3_2pass_track3d_fromru10d", "ru_seen_in_lookback": true, "in_monitor_on_day": true}}, {"type": "Feature", "geometry": {"type": "Point", "coordinates": [18.548816666666667, 54.53358333333333]}, "properties": {"label": "FWN SEA", "mmsi": "244770273", "imo": "9721657", "name": "FWN SEA", "shiptype": "", "first_seen_utc": "2026-01-15T10:39:01Z", "last_seen_utc": "2026-01-16T03:56:51Z", "destination": "PLGDY", "eta": "{'Day': 15, 'Hour': 14, 'Minute': 0, 'Month': 1}", "display": "FWN SEA (244770273)", "links": "<a href=\"https://www.vesselfinder.com/vessels?name=9721657\" target=\"_blank\" rel=\"noopener\">VesselFinder</a> | <a href=\"https://www.marinetraffic.com/en/ais/search/all?keyword=9721657\" target=\"_blank\" rel=\"noopener\">MarineTraffic</a>", "vf_url": "https://www.vesselfinder.com/vessels?name=9721657", "mst_url": "https://www.marinetraffic.com/en/ais/search/all?keyword=9721657", "method": "v3_2pass_track3d_fromru10d", "ru_seen_in_lookback": true, "in_monitor_on_day": true}}]}