{"type": "FeatureCollection", "features": [{"type": "Feature", "geometry": {"type": "LineString", "coordinates": [[7.86317, 53.89469833333333], [7.863816666666667, 53.894130000000004], [7.864156666666667, 53.893525], [7.864175, 53.89364333333333], [7.86196, 53.895160000000004], [7.861118333333334, 53.89523], [7.859488333333333, 53.895044999999996], [7.859096666666667, 53.895014999999994], [7.858911666666667, 53.894888333333334], [7.859195, 53.89512166666667], [7.8591, 53.89506333333333], [7.859766666666667, 53.89525166666667], [7.8601383333333334, 53.89528166666666], [7.861158333333334, 53.89521166666667], [7.861181666666667, 53.89526166666667], [7.863603333333333, 53.893535], [7.863763333333334, 53.89318166666667], [7.862485, 53.89478833333333], [7.861313333333333, 53.89515666666667], [7.860213333333333, 53.89521833333333], [7.860028333333333, 53.89526333333333], [7.859286666666667, 53.895176666666664], [7.8592450000000005, 53.89519166666666], [7.859441666666667, 53.89521333333333], [7.859838333333333, 53.89529166666667], [7.860613333333333, 53.89536333333333], [7.8616633333333334, 53.89524666666667], [7.862603333333333, 53.894980000000004], [7.864343333333333, 53.89333], [7.864358333333333, 53.89309], [7.864308333333333, 53.89301], [7.864316666666666, 53.893170000000005], [7.8643816666666675, 53.89306333333333], [7.862615, 53.89478333333333], [7.861818333333333, 53.89494], [7.861443333333333, 53.895028333333336], [7.862305, 53.89497333333334], [7.864331666666667, 53.89368666666667], [7.864335, 53.89366833333334], [7.864371666666667, 53.89348333333333], [7.8644050000000005, 53.89323666666667], [7.864375, 53.893058333333336], [7.864401666666667, 53.893076666666666], [7.86428, 53.89292833333333], [7.8615916666666665, 53.89507166666667], [7.8591516666666665, 53.89488666666667], [7.858403333333333, 53.894729999999996], [7.858058333333333, 53.89454], [7.858083333333334, 53.894594999999995], [7.858045000000001, 53.8946], [7.858575, 53.89491666666667], [7.859156666666666, 53.895075], [7.860916666666666, 53.895284999999994], [7.863695000000001, 53.89355666666667], [7.863945, 53.893339999999995], [7.8636800000000004, 53.89396], [7.862255, 53.894999999999996], [7.861363333333333, 53.895176666666664], [7.8610999999999995, 53.89524666666667], [7.860711666666666, 53.89519333333333], [7.859911666666666, 53.89516666666667], [7.859401666666667, 53.89500666666667], [7.858703333333334, 53.89479333333334], [7.858695, 53.89473666666667], [7.858861666666667, 53.89483], [7.859916666666667, 53.89512833333333], [7.8610766666666665, 53.89524333333333], [7.861155, 53.89526], [7.863291666666667, 53.894515]]}, "properties": {"label": "JPO GEMINI", "mmsi": "636091995", "imo": "9294020", "name": "JPO GEMINI", "shiptype": "", "first_seen_utc": "2026-01-06T00:00:11Z", "last_seen_utc": "2026-01-15T15:55:57Z", "destination": "DEWVN", "eta": "{'Day': 16, 'Hour': 1, 'Minute': 30, 'Month': 1}", "display": "", "links": "<a href=\"https://www.vesselfinder.com/vessels?name=9294020\" target=\"_blank\" rel=\"noopener\">VesselFinder</a> | <a href=\"https://www.marinetraffic.com/en/ais/search/all?keyword=9294020\" target=\"_blank\" rel=\"noopener\">MarineTraffic</a>", "vf_url": "https://www.vesselfinder.com/vessels?name=9294020", "mst_url": "https://www.marinetraffic.com/en/ais/search/all?keyword=9294020", "method": "v3_2pass_track3d_fromru10d", "ru_seen_in_lookback": true, "in_monitor_on_day": true}}, {"type": "Feature", "geometry": {"type": "Point", "coordinates": [7.863291666666667, 53.894515]}, "properties": {"label": "JPO GEMINI", "mmsi": "636091995", "imo": "9294020", "name": "JPO GEMINI", "shiptype": "", "first_seen_utc": "2026-01-06T00:00:11Z", "last_seen_utc": "2026-01-15T15:55:57Z", "destination": "DEWVN", "eta": "{'Day': 16, 'Hour': 1, 'Minute': 30, 'Month': 1}", "display": "JPO GEMINI (636091995)", "links": "<a href=\"https://www.vesselfinder.com/vessels?name=9294020\" target=\"_blank\" rel=\"noopener\">VesselFinder</a> | <a href=\"https://www.marinetraffic.com/en/ais/search/all?keyword=9294020\" target=\"_blank\" rel=\"noopener\">MarineTraffic</a>", "vf_url": "https://www.vesselfinder.com/vessels?name=9294020", "mst_url": "https://www.marinetraffic.com/en/ais/search/all?keyword=9294020", "method": "v3_2pass_track3d_fromru10d", "ru_seen_in_lookback": true, "in_monitor_on_day": true}}, {"type": "Feature", "geometry": {"type": "LineString", "coordinates": [[18.674813333333336, 54.696266666666666], [18.67483, 54.696263333333334], [18.674809999999997, 54.69627333333334], [18.674805, 54.69627333333334], [18.674806666666665, 54.696284999999996], [18.674836666666668, 54.69628], [18.674836666666668, 54.696283333333334], [18.67858, 54.678086666666665], [18.740650000000002, 54.62117833333333], [18.824248333333333, 54.572206666666666], [18.907764999999998, 54.52795833333333], [19.006226666666667, 54.49421666666667], [19.11173, 54.46773666666666], [19.141546666666667, 54.45218833333333], [19.182711666666666, 54.45482833333333], [19.222056666666667, 54.459335], [19.264868333333332, 54.465178333333334], [19.37913, 54.474423333333334], [19.301511666666666, 54.462986666666666], [19.25291, 54.46071166666666], [19.211056666666664, 54.45957666666666], [19.17149, 54.46316], [19.13282333333333, 54.46693833333333], [19.09559833333333, 54.47280833333333], [19.060251666666666, 54.482795], [19.034735, 54.491585], [18.99487333333333, 54.51144], [18.89292, 54.55316166666667], [18.799983333333333, 54.59816], [18.80341, 54.601054999999995], [18.803486666666668, 54.60066666666667], [18.73786, 54.62473833333333], [18.674183333333335, 54.684756666666665], [18.674788333333332, 54.696286666666666], [18.674791666666668, 54.696268333333336], [18.674811666666667, 54.696288333333335], [18.674821666666666, 54.69630166666666], [18.67482, 54.696281666666664], [18.674821666666666, 54.69627333333334], [18.674795, 54.696263333333334], [18.674809999999997, 54.696275], [18.674795, 54.69626166666667], [18.674821666666666, 54.69626166666667], [18.67479666666667, 54.696275], [18.67480833333333, 54.69629333333333], [18.67481666666667, 54.696295], [18.674825, 54.69627666666667], [18.674825, 54.69627], [18.67482, 54.69625333333333], [18.67483, 54.69625333333333], [18.674828333333334, 54.696275], [18.674815000000002, 54.69627333333334], [18.674806666666665, 54.696275], [18.674795, 54.696286666666666], [18.67480833333333, 54.69629166666667], [18.674821666666666, 54.69630333333334], [18.674828333333334, 54.696299999999994], [18.674826666666668, 54.696286666666666], [18.674821666666666, 54.69627666666667], [18.674825, 54.696281666666664], [18.674826666666668, 54.69627666666667], [18.674818333333334, 54.69625833333334], [18.674846666666667, 54.69626], [18.674838333333334, 54.69627], [18.67483, 54.69627666666667], [18.674833333333332, 54.696299999999994], [18.674805, 54.696284999999996], [18.67480833333333, 54.696299999999994], [18.674809999999997, 54.696281666666664], [18.674791666666668, 54.69627166666667], [18.6748, 54.696265000000004], [18.674806666666665, 54.69626166666667], [18.674791666666668, 54.696263333333334], [18.674773333333334, 54.696266666666666], [18.674805, 54.696281666666664], [18.674786666666666, 54.69629], [18.674793333333334, 54.696283333333334], [18.674793333333334, 54.69629833333333], [18.67480833333333, 54.696281666666664], [18.674803333333333, 54.696275], [18.674826666666668, 54.69627166666667], [18.674815000000002, 54.696266666666666], [18.674793333333334, 54.69625], [18.674805, 54.69626166666667], [18.674813333333336, 54.69625666666666], [18.67481666666667, 54.696275], [18.674809999999997, 54.696281666666664], [18.674834999999998, 54.69627833333333], [18.67483, 54.696284999999996], [18.674826666666668, 54.69627666666667], [18.674834999999998, 54.69627666666667], [18.674834999999998, 54.696266666666666], [18.674846666666667, 54.696266666666666], [18.674833333333332, 54.69626166666667], [18.67483, 54.69625], [18.674805, 54.69625666666666], [18.674828333333334, 54.69627833333333], [18.674811666666667, 54.69628], [18.674821666666666, 54.696275], [18.674806666666665, 54.696284999999996], [18.674813333333336, 54.696263333333334], [18.674818333333334, 54.69627], [18.67481666666667, 54.696283333333334], [18.67485, 54.69626166666667], [18.674854999999997, 54.69626], [18.674856666666667, 54.696239999999996], [18.674845, 54.696275], [18.674846666666667, 54.69629333333333], [18.674831666666666, 54.696295], [18.674818333333334, 54.69629666666666], [18.67480833333333, 54.69629166666667], [18.674825, 54.69629333333333], [18.674811666666667, 54.696284999999996], [18.674803333333333, 54.696266666666666], [18.674809999999997, 54.69626166666667], [18.674793333333334, 54.69626166666667], [18.674798333333335, 54.696254999999994]]}, "properties": {"label": "JAS-57 MAGDALENA", "mmsi": "261004280", "imo": "", "name": "JAS-57 MAGDALENA", "shiptype": "", "first_seen_utc": "2026-01-06T00:00:19Z", "last_seen_utc": "2026-01-15T16:00:26Z", "destination": "JASTARNIA", "eta": "{'Day': 23, 'Hour': 12, 'Minute': 44, 'Month': 9}", "display": "", "links": "<a href=\"https://www.vesselfinder.com/vessels?name=261004280\" target=\"_blank\" rel=\"noopener\">VesselFinder</a> | <a href=\"https://www.marinetraffic.com/en/ais/search/all?keyword=261004280\" target=\"_blank\" rel=\"noopener\">MarineTraffic</a>", "vf_url": "https://www.vesselfinder.com/vessels?name=261004280", "mst_url": "https://www.marinetraffic.com/en/ais/search/all?keyword=261004280", "method": "v3_2pass_track3d_fromru10d", "ru_seen_in_lookback": true, "in_monitor_on_day": true}}, {"type": "Feature", "geometry": {"type": "Point", "coordinates": [18.674798333333335, 54.696254999999994]}, "properties": {"label": "JAS-57 MAGDALENA", "mmsi": "261004280", "imo": "", "name": "JAS-57 MAGDALENA", "shiptype": "", "first_seen_utc": "2026-01-06T00:00:19Z", "last_seen_utc": "2026-01-15T16:00:26Z", "destination": "JASTARNIA", "eta": "{'Day': 23, 'Hour': 12, 'Minute': 44, 'Month': 9}", "display": "JAS-57 MAGDALENA (261004280)", "links": "<a href=\"https://www.vesselfinder.com/vessels?name=261004280\" target=\"_blank\" rel=\"noopener\">VesselFinder</a> | <a href=\"https://www.marinetraffic.com/en/ais/search/all?keyword=261004280\" target=\"_blank\" rel=\"noopener\">MarineTraffic</a>", "vf_url": "https://www.vesselfinder.com/vessels?name=261004280", "mst_url": "https://www.marinetraffic.com/en/ais/search/all?keyword=261004280", "method": "v3_2pass_track3d_fromru10d", "ru_seen_in_lookback": true, "in_monitor_on_day": true}}, {"type": "Feature", "geometry": {"type": "LineString", "coordinates": [[18.663438333333332, 54.37448666666667], [1.3770233333333333, 50.714731666666665], [1.4412633333333333, 50.840336666666666], [1.6834, 51.041245], [1.7919616666666667, 51.11112166666667], [1.9216033333333333, 51.15990166666666], [2.0643949999999998, 51.200093333333335]]}, "properties": {"label": "WILSON LEITH", "mmsi": "311001804", "imo": "9150509", "name": "WILSON LEITH", "shiptype": "", "first_seen_utc": "2026-01-06T00:00:29Z", "last_seen_utc": "2026-01-15T15:22:58Z", "destination": "BEGNE", "eta": "{'Day': 15, 'Hour': 23, 'Minute': 0, 'Month': 1}", "display": "", "links": "<a href=\"https://www.vesselfinder.com/vessels?name=9150509\" target=\"_blank\" rel=\"noopener\">VesselFinder</a> | <a href=\"https://www.marinetraffic.com/en/ais/search/all?keyword=9150509\" target=\"_blank\" rel=\"noopener\">MarineTraffic</a>", "vf_url": "https://www.vesselfinder.com/vessels?name=9150509", "mst_url": "https://www.marinetraffic.com/en/ais/search/all?keyword=9150509", "method": "v3_2pass_track3d_fromru10d", "ru_seen_in_lookback": true, "in_monitor_on_day": true}}, {"type": "Feature", "geometry": {"type": "Point", "coordinates": [2.0643949999999998, 51.200093333333335]}, "properties": {"label": "WILSON LEITH", "mmsi": "311001804", "imo": "9150509", "name": "WILSON LEITH", "shiptype": "", "first_seen_utc": "2026-01-06T00:00:29Z", "last_seen_utc": "2026-01-15T15:22:58Z", "destination": "BEGNE", "eta": "{'Day': 15, 'Hour': 23, 'Minute': 0, 'Month': 1}", "display": "WILSON LEITH (311001804)", "links": "<a href=\"https://www.vesselfinder.com/vessels?name=9150509\" target=\"_blank\" rel=\"noopener\">VesselFinder</a> | <a href=\"https://www.marinetraffic.com/en/ais/search/all?keyword=9150509\" target=\"_blank\" rel=\"noopener\">MarineTraffic</a>", "vf_url": "https://www.vesselfinder.com/vessels?name=9150509", "mst_url": "https://www.marinetraffic.com/en/ais/search/all?keyword=9150509", "method": "v3_2pass_track3d_fromru10d", "ru_seen_in_lookback": true, "in_monitor_on_day": true}}, {"type": "Feature", "geometry": {"type": "LineString", "coordinates": [[18.659025, 54.37513666666667], [18.659013333333334, 54.375143333333334], [18.659011666666668, 54.37512666666667], [18.659004999999997, 54.37513166666667], [18.659018333333332, 54.37513166666667], [18.659025, 54.375128333333336], [18.65900333333333, 54.37514], [18.659008333333336, 54.37514], [18.659019999999998, 54.37514], [18.659015, 54.37512166666667], [18.658998333333333, 54.37513833333333], [18.659018333333332, 54.37514], [18.659011666666668, 54.375146666666666], [18.659001666666665, 54.375165], [18.658996666666667, 54.375173333333336], [18.659001666666665, 54.37513166666667], [18.670775, 54.39100666666666], [18.65599, 54.43526833333333], [18.776221666666668, 54.51078], [18.892471666666665, 54.58719833333334], [18.97971, 54.67570333333333], [19.108698333333333, 54.752008333333336], [19.2487, 54.835775], [15.092726666666666, 55.549], [14.690368333333334, 55.454395], [14.450961666666666, 55.336365], [13.277366666666667, 55.293168333333334], [13.152631666666668, 55.362878333333335], [13.159258333333334, 55.36505833333333], [13.159263333333334, 55.36506333333333], [13.159268333333333, 55.36506333333333], [13.159281666666667, 55.36507833333334], [13.159255, 55.365075000000004], [13.15926, 55.36507166666667], [13.158703333333333, 55.364823333333334], [13.043863333333332, 55.271971666666666], [12.515641666666665, 54.86277166666666], [12.316004999999999, 54.676714999999994], [12.23958, 54.544025000000005], [12.131093333333332, 54.429228333333334], [11.895665000000001, 54.410561666666666], [11.692465, 54.32745166666667], [11.479271666666667, 54.251995], [11.266261666666667, 54.17297], [11.080506666666668, 54.07819166666666], [10.909453333333333, 53.97575666666667], [10.942963333333333, 53.992675], [11.125723333333333, 54.065525], [11.343648333333334, 54.15075], [11.561775, 54.22736333333333], [11.792095, 54.295028333333335], [12.022011666666666, 54.35904666666667], [12.223123333333332, 54.45070666666666]]}, "properties": {"label": "MARCO POLO", "mmsi": "209764000", "imo": "9019080", "name": "MARCO POLO", "shiptype": "", "first_seen_utc": "2026-01-06T00:00:59Z", "last_seen_utc": "2026-01-15T13:48:53Z", "destination": "SE TRG", "eta": "{'Day': 15, 'Hour': 18, 'Minute': 0, 'Month': 1}", "display": "", "links": "<a href=\"https://www.vesselfinder.com/vessels?name=9019080\" target=\"_blank\" rel=\"noopener\">VesselFinder</a> | <a href=\"https://www.marinetraffic.com/en/ais/search/all?keyword=9019080\" target=\"_blank\" rel=\"noopener\">MarineTraffic</a>", "vf_url": "https://www.vesselfinder.com/vessels?name=9019080", "mst_url": "https://www.marinetraffic.com/en/ais/search/all?keyword=9019080", "method": "v3_2pass_track3d_fromru10d", "ru_seen_in_lookback": true, "in_monitor_on_day": true}}, {"type": "Feature", "geometry": {"type": "Point", "coordinates": [12.223123333333332, 54.45070666666666]}, "properties": {"label": "MARCO POLO", "mmsi": "209764000", "imo": "9019080", "name": "MARCO POLO", "shiptype": "", "first_seen_utc": "2026-01-06T00:00:59Z", "last_seen_utc": "2026-01-15T13:48:53Z", "destination": "SE TRG", "eta": "{'Day': 15, 'Hour': 18, 'Minute': 0, 'Month': 1}", "display": "MARCO POLO (209764000)", "links": "<a href=\"https://www.vesselfinder.com/vessels?name=9019080\" target=\"_blank\" rel=\"noopener\">VesselFinder</a> | <a href=\"https://www.marinetraffic.com/en/ais/search/all?keyword=9019080\" target=\"_blank\" rel=\"noopener\">MarineTraffic</a>", "vf_url": "https://www.vesselfinder.com/vessels?name=9019080", "mst_url": "https://www.marinetraffic.com/en/ais/search/all?keyword=9019080", "method": "v3_2pass_track3d_fromru10d", "ru_seen_in_lookback": true, "in_monitor_on_day": true}}, {"type": "Feature", "geometry": {"type": "LineString", "coordinates": [[11.014163333333332, 55.97023166666667], [10.847555, 55.85623333333333], [10.788995, 55.72013833333333], [10.814744999999998, 55.580365], [10.9254, 55.45078], [11.031274999999999, 55.32721], [11.077003333333332, 55.19750833333333], [10.99362, 55.06994833333333], [10.900263333333333, 54.94665833333333], [10.833186666666668, 54.81948333333333], [10.769533333333333, 54.685015], [10.968488333333333, 54.60131333333333], [11.222624999999999, 54.568441666666665], [11.449035, 54.50389833333334], [11.68535, 54.430989999999994], [11.948673333333334, 54.413556666666665], [12.19285, 54.44722], [12.23794, 54.53601666666667], [12.383491666666666, 54.63567166666667], [12.596466666666666, 54.71917333333333], [18.065830000000002, 54.91758166666667], [18.368550000000003, 54.95919333333333], [18.557315000000003, 54.95090666666667], [18.71669166666667, 54.87871333333333], [18.894045000000002, 54.80820000000001], [19.02732, 54.721851666666666], [19.072491666666668, 54.60890833333334], [18.990146666666664, 54.506076666666665], [18.864713333333334, 54.42436166666666], [18.747853333333335, 54.40472833333333], [18.71966666666667, 54.391126666666665], [18.718271666666666, 54.387105], [18.71828, 54.387116666666664], [18.71830333333333, 54.387134999999994], [18.71827, 54.38710666666667], [18.718281666666666, 54.387121666666665], [18.718283333333332, 54.38710833333334], [18.718284999999998, 54.387100000000004], [18.718273333333332, 54.387101666666666], [18.71828, 54.387105], [18.718320000000002, 54.38717], [18.718290000000003, 54.387053333333334], [18.718290000000003, 54.38709333333334], [18.718268333333334, 54.38709166666667], [18.718283333333332, 54.38709333333334], [18.718265, 54.387119999999996], [18.718281666666666, 54.38711166666667], [18.718275000000002, 54.38711333333333], [18.718175, 54.387013333333336], [18.718315, 54.387143333333334], [18.718290000000003, 54.387121666666665], [18.718261666666667, 54.38708999999999], [18.718255, 54.38704833333334], [18.718286666666664, 54.38709166666667], [18.718146666666666, 54.387065], [18.71828833333333, 54.38709666666667], [18.718301666666665, 54.387134999999994], [18.718261666666667, 54.38709666666667], [18.718255, 54.38715666666667], [18.718256666666665, 54.38704], [18.718308333333333, 54.38708333333333], [18.718298333333333, 54.38708666666666], [18.71822166666667, 54.387078333333335], [18.718341666666667, 54.38706166666667], [18.718305, 54.38723666666667], [18.718143333333334, 54.38733166666667], [18.718011666666666, 54.387224999999994], [18.718011666666666, 54.387213333333335], [18.718006666666668, 54.387213333333335], [18.717993333333332, 54.387235000000004], [18.717986666666665, 54.38721833333333], [18.717986666666665, 54.387213333333335], [18.717938333333333, 54.38723166666667], [18.717981666666667, 54.387235000000004], [18.718286666666664, 54.38718166666667], [18.717955, 54.38721666666667], [18.717981666666667, 54.38722], [18.717985, 54.38722166666666], [18.718076666666665, 54.38714166666667], [18.718276666666668, 54.38709666666667], [18.718293333333335, 54.38708833333333], [18.718290000000003, 54.387085], [18.717996666666668, 54.38723166666667], [18.717948333333332, 54.38722333333333], [18.71797666666667, 54.38723666666667], [18.717958333333335, 54.387238333333336], [18.717948333333332, 54.387256666666666], [18.717978333333335, 54.387235000000004], [18.71798, 54.387191666666666], [18.717993333333332, 54.38722], [18.717941666666665, 54.387188333333334], [18.717991666666666, 54.387224999999994], [18.717963333333334, 54.387235000000004], [18.717978333333335, 54.387224999999994], [18.717973333333337, 54.38722333333333], [18.717963333333334, 54.387179999999994], [18.717969999999998, 54.38723], [18.717993333333332, 54.387213333333335]]}, "properties": {"label": "W KLAIPEDA", "mmsi": "538009143", "imo": "9211482", "name": "W KLAIPEDA", "shiptype": "", "first_seen_utc": "2026-01-06T00:01:28Z", "last_seen_utc": "2026-01-15T15:46:12Z", "destination": "PLGDN", "eta": "{'Day': 14, 'Hour': 3, 'Minute': 0, 'Month': 1}", "display": "", "links": "<a href=\"https://www.vesselfinder.com/vessels?name=9211482\" target=\"_blank\" rel=\"noopener\">VesselFinder</a> | <a href=\"https://www.marinetraffic.com/en/ais/search/all?keyword=9211482\" target=\"_blank\" rel=\"noopener\">MarineTraffic</a>", "vf_url": "https://www.vesselfinder.com/vessels?name=9211482", "mst_url": "https://www.marinetraffic.com/en/ais/search/all?keyword=9211482", "method": "v3_2pass_track3d_fromru10d", "ru_seen_in_lookback": true, "in_monitor_on_day": true}}, {"type": "Feature", "geometry": {"type": "Point", "coordinates": [18.717993333333332, 54.387213333333335]}, "properties": {"label": "W KLAIPEDA", "mmsi": "538009143", "imo": "9211482", "name": "W KLAIPEDA", "shiptype": "", "first_seen_utc": "2026-01-06T00:01:28Z", "last_seen_utc": "2026-01-15T15:46:12Z", "destination": "PLGDN", "eta": "{'Day': 14, 'Hour': 3, 'Minute': 0, 'Month': 1}", "display": "W KLAIPEDA (538009143)", "links": "<a href=\"https://www.vesselfinder.com/vessels?name=9211482\" target=\"_blank\" rel=\"noopener\">VesselFinder</a> | <a href=\"https://www.marinetraffic.com/en/ais/search/all?keyword=9211482\" target=\"_blank\" rel=\"noopener\">MarineTraffic</a>", "vf_url": "https://www.vesselfinder.com/vessels?name=9211482", "mst_url": "https://www.marinetraffic.com/en/ais/search/all?keyword=9211482", "method": "v3_2pass_track3d_fromru10d", "ru_seen_in_lookback": true, "in_monitor_on_day": true}}, {"type": "Feature", "geometry": {"type": "LineString", "coordinates": [[15.469873333333334, 55.727581666666666], [15.176459999999999, 55.62999166666667], [14.959313333333334, 55.560543333333335], [14.751018333333333, 55.491144999999996], [14.564491666666667, 55.418281666666665], [14.402171666666668, 55.30167666666667], [14.234945000000002, 55.180483333333335], [12.261976666666667, 54.58559], [12.196525000000001, 54.466], [12.004408333333334, 54.44537833333333], [11.796341666666667, 54.442973333333335], [11.604296666666666, 54.47997833333333], [11.411315, 54.52973], [11.218241666666668, 54.586193333333334], [11.007408333333332, 54.59744], [10.817973333333333, 54.663175], [10.805418333333334, 54.76547333333333], [10.838281666666667, 54.86998166666667], [10.935984999999999, 54.95951], [10.999125, 55.06221333333334], [11.025948333333334, 55.173424999999995], [11.07518, 55.26895666666667], [10.835756666666667, 55.56853666666667], [10.789486666666667, 55.686276666666664], [10.815606666666667, 55.80788333333333], [10.939718333333333, 55.906034999999996]]}, "properties": {"label": "NORTH", "mmsi": "249814000", "imo": "9491501", "name": "NORTH", "shiptype": "", "first_seen_utc": "2026-01-06T00:01:34Z", "last_seen_utc": "2026-01-15T04:35:56Z", "destination": "DEHAM", "eta": "{'Day': 16, 'Hour': 15, 'Minute': 0, 'Month': 1}", "display": "", "links": "<a href=\"https://www.vesselfinder.com/vessels?name=9491501\" target=\"_blank\" rel=\"noopener\">VesselFinder</a> | <a href=\"https://www.marinetraffic.com/en/ais/search/all?keyword=9491501\" target=\"_blank\" rel=\"noopener\">MarineTraffic</a>", "vf_url": "https://www.vesselfinder.com/vessels?name=9491501", "mst_url": "https://www.marinetraffic.com/en/ais/search/all?keyword=9491501", "method": "v3_2pass_track3d_fromru10d", "ru_seen_in_lookback": true, "in_monitor_on_day": true}}, {"type": "Feature", "geometry": {"type": "Point", "coordinates": [10.939718333333333, 55.906034999999996]}, "properties": {"label": "NORTH", "mmsi": "249814000", "imo": "9491501", "name": "NORTH", "shiptype": "", "first_seen_utc": "2026-01-06T00:01:34Z", "last_seen_utc": "2026-01-15T04:35:56Z", "destination": "DEHAM", "eta": "{'Day': 16, 'Hour': 15, 'Minute': 0, 'Month': 1}", "display": "NORTH (249814000)", "links": "<a href=\"https://www.vesselfinder.com/vessels?name=9491501\" target=\"_blank\" rel=\"noopener\">VesselFinder</a> | <a href=\"https://www.marinetraffic.com/en/ais/search/all?keyword=9491501\" target=\"_blank\" rel=\"noopener\">MarineTraffic</a>", "vf_url": "https://www.vesselfinder.com/vessels?name=9491501", "mst_url": "https://www.marinetraffic.com/en/ais/search/all?keyword=9491501", "method": "v3_2pass_track3d_fromru10d", "ru_seen_in_lookback": true, "in_monitor_on_day": true}}, {"type": "Feature", "geometry": {"type": "LineString", "coordinates": [[18.802393333333335, 54.602936666666665], [18.802383333333335, 54.60292333333334], [18.80244, 54.602945], [18.802380000000003, 54.60292666666667], [18.80237, 54.60293166666667], [18.802380000000003, 54.60294333333333], [18.802438333333335, 54.602875000000004], [18.80238166666667, 54.60293166666667], [18.802380000000003, 54.602920000000005], [18.802373333333332, 54.60290666666666], [18.802348333333335, 54.60290166666667], [18.810545, 54.57780833333334], [18.917038333333334, 54.532424999999996], [19.022578333333335, 54.48303666666666], [19.057035, 54.436675], [19.09937, 54.43991833333334], [19.14025666666667, 54.450055], [19.183026666666667, 54.45226666666667], [19.225886666666668, 54.45329], [19.268905, 54.453536666666665], [19.31322, 54.450984999999996], [19.348221666666667, 54.46835166666666], [19.31206166666667, 54.466924999999996], [19.271585, 54.46171666666667], [19.229723333333332, 54.45862666666667], [19.18584, 54.460115], [19.141998333333333, 54.462356666666665], [19.098491666666668, 54.46411166666667], [19.05655, 54.46358166666666], [19.049896666666665, 54.469298333333334], [18.97233333333333, 54.50440666666667], [18.859488333333335, 54.54862166666667], [18.802321666666668, 54.602981666666665], [18.803539999999998, 54.600271666666664], [18.802408333333336, 54.600395000000006], [18.80268166666667, 54.601906666666665], [18.803060000000002, 54.60126833333334], [18.802356666666665, 54.60293333333333], [18.802386666666667, 54.60293], [18.802393333333335, 54.602935], [18.802383333333335, 54.602915], [18.802378333333333, 54.602935], [18.802378333333333, 54.60293166666667], [18.802386666666667, 54.602938333333334], [18.802383333333335, 54.60294333333333], [18.802376666666664, 54.602936666666665], [18.80238166666667, 54.60293], [18.802363333333336, 54.60295166666666], [18.802376666666664, 54.60293166666667], [18.80237, 54.60296166666667], [18.802386666666667, 54.60292166666667], [18.802358333333334, 54.602935], [18.802351666666667, 54.602936666666665], [18.802378333333333, 54.60292333333334], [18.802361666666666, 54.602925], [18.802368333333334, 54.60292166666667], [18.80238166666667, 54.602913333333326], [18.802356666666665, 54.60291666666667], [18.802353333333333, 54.60293], [18.802366666666668, 54.602935], [18.802366666666668, 54.60293333333333], [18.802368333333334, 54.60295], [18.802373333333332, 54.60294], [18.80237, 54.60293166666667], [18.802386666666667, 54.60292833333333], [18.802363333333336, 54.602935], [18.80238166666667, 54.60293], [18.802385, 54.602941666666666], [18.802376666666664, 54.60292666666667], [18.802413333333334, 54.60293], [18.802383333333335, 54.602938333333334], [18.802385, 54.60292666666667], [18.80242666666667, 54.602963333333335], [18.802398333333333, 54.602975], [18.802376666666664, 54.602938333333334], [18.802368333333334, 54.60293166666667], [18.802413333333334, 54.602920000000005], [18.802363333333336, 54.60293], [18.802393333333335, 54.60292166666667], [18.802378333333333, 54.60293166666667], [18.802366666666668, 54.602915], [18.802368333333334, 54.60293166666667], [18.80236, 54.602895], [18.80237, 54.60292333333334], [18.802388333333333, 54.60293333333333], [18.802401666666665, 54.602925], [18.802401666666665, 54.602925], [18.802371666666666, 54.602905], [18.802368333333334, 54.60292833333333], [18.802338333333335, 54.60293166666667], [18.802376666666664, 54.602911666666664], [18.802353333333333, 54.60291666666667], [18.802396666666667, 54.60292666666667], [18.802405, 54.602958333333326], [18.802356666666665, 54.60294333333333], [18.802361666666666, 54.602925], [18.802415, 54.602868333333326], [18.8024, 54.602925], [18.802374999999998, 54.60293333333333], [18.802358333333334, 54.602909999999994], [18.802376666666664, 54.60293333333333], [18.802419999999998, 54.60287833333334], [18.80235, 54.60293], [18.802378333333333, 54.602893333333334], [18.802425000000003, 54.60294333333333], [18.802356666666665, 54.602935], [18.843125, 54.55524166666667], [18.935931666666665, 54.49678166666667], [19.013154999999998, 54.43927333333333], [19.046578333333333, 54.42599833333334], [19.0872, 54.418485000000004], [19.12436166666667, 54.42176333333334], [19.078685, 54.42720666666666], [19.035023333333335, 54.431515], [18.996008333333336, 54.44438666666667], [19.007168333333333, 54.440286666666665], [19.045476666666666, 54.42959666666666], [19.078501666666668, 54.43398833333333], [19.030705, 54.433585], [18.993301666666664, 54.44654333333334], [18.963221666666666, 54.462745000000005], [18.98519, 54.44924666666667], [19.02145833333333, 54.437464999999996], [19.049941666666665, 54.433110000000006], [19.050993333333334, 54.436569999999996], [19.031763333333334, 54.453485], [18.929669999999998, 54.50705333333334]]}, "properties": {"label": "HEL-150", "mmsi": "261003910", "imo": "8600260", "name": "HEL-150", "shiptype": "", "first_seen_utc": "2026-01-06T00:04:04Z", "last_seen_utc": "2026-01-15T16:13:28Z", "destination": "KEEP SAFE DISTANCE", "eta": "{'Day': 14, 'Hour': 21, 'Minute': 0, 'Month': 11}", "display": "", "links": "<a href=\"https://www.vesselfinder.com/vessels?name=8600260\" target=\"_blank\" rel=\"noopener\">VesselFinder</a> | <a href=\"https://www.marinetraffic.com/en/ais/search/all?keyword=8600260\" target=\"_blank\" rel=\"noopener\">MarineTraffic</a>", "vf_url": "https://www.vesselfinder.com/vessels?name=8600260", "mst_url": "https://www.marinetraffic.com/en/ais/search/all?keyword=8600260", "method": "v3_2pass_track3d_fromru10d", "ru_seen_in_lookback": true, "in_monitor_on_day": true}}, {"type": "Feature", "geometry": {"type": "Point", "coordinates": [18.929669999999998, 54.50705333333334]}, "properties": {"label": "HEL-150", "mmsi": "261003910", "imo": "8600260", "name": "HEL-150", "shiptype": "", "first_seen_utc": "2026-01-06T00:04:04Z", "last_seen_utc": "2026-01-15T16:13:28Z", "destination": "KEEP SAFE DISTANCE", "eta": "{'Day': 14, 'Hour': 21, 'Minute': 0, 'Month': 11}", "display": "HEL-150 (261003910)", "links": "<a href=\"https://www.vesselfinder.com/vessels?name=8600260\" target=\"_blank\" rel=\"noopener\">VesselFinder</a> | <a href=\"https://www.marinetraffic.com/en/ais/search/all?keyword=8600260\" target=\"_blank\" rel=\"noopener\">MarineTraffic</a>", "vf_url": "https://www.vesselfinder.com/vessels?name=8600260", "mst_url": "https://www.marinetraffic.com/en/ais/search/all?keyword=8600260", "method": "v3_2pass_track3d_fromru10d", "ru_seen_in_lookback": true, "in_monitor_on_day": true}}, {"type": "Feature", "geometry": {"type": "LineString", "coordinates": [[2.42729, 51.807453333333335], [2.2245633333333337, 51.64806], [2.07769, 51.54441833333333], [1.9615433333333334, 51.47250833333333], [1.8774133333333334, 51.37575833333334], [1.7998566666666667, 51.275459999999995], [1.697175, 51.18086666666667], [1.5574316666666665, 51.089933333333335], [-0.23005166666666668, 50.08044833333334]]}, "properties": {"label": "STEN NORDIC", "mmsi": "257667000", "imo": "9351567", "name": "STEN NORDIC", "shiptype": "", "first_seen_utc": "2026-01-06T00:04:05Z", "last_seen_utc": "2026-01-15T00:30:26Z", "destination": "FR ROU", "eta": "{'Day': 15, 'Hour': 6, 'Minute': 0, 'Month': 1}", "display": "", "links": "<a href=\"https://www.vesselfinder.com/vessels?name=9351567\" target=\"_blank\" rel=\"noopener\">VesselFinder</a> | <a href=\"https://www.marinetraffic.com/en/ais/search/all?keyword=9351567\" target=\"_blank\" rel=\"noopener\">MarineTraffic</a>", "vf_url": "https://www.vesselfinder.com/vessels?name=9351567", "mst_url": "https://www.marinetraffic.com/en/ais/search/all?keyword=9351567", "method": "v3_2pass_track3d_fromru10d", "ru_seen_in_lookback": true, "in_monitor_on_day": true}}, {"type": "Feature", "geometry": {"type": "Point", "coordinates": [-0.23005166666666668, 50.08044833333334]}, "properties": {"label": "STEN NORDIC", "mmsi": "257667000", "imo": "9351567", "name": "STEN NORDIC", "shiptype": "", "first_seen_utc": "2026-01-06T00:04:05Z", "last_seen_utc": "2026-01-15T00:30:26Z", "destination": "FR ROU", "eta": "{'Day': 15, 'Hour': 6, 'Minute': 0, 'Month': 1}", "display": "STEN NORDIC (257667000)", "links": "<a href=\"https://www.vesselfinder.com/vessels?name=9351567\" target=\"_blank\" rel=\"noopener\">VesselFinder</a> | <a href=\"https://www.marinetraffic.com/en/ais/search/all?keyword=9351567\" target=\"_blank\" rel=\"noopener\">MarineTraffic</a>", "vf_url": "https://www.vesselfinder.com/vessels?name=9351567", "mst_url": "https://www.marinetraffic.com/en/ais/search/all?keyword=9351567", "method": "v3_2pass_track3d_fromru10d", "ru_seen_in_lookback": true, "in_monitor_on_day": true}}, {"type": "Feature", "geometry": {"type": "LineString", "coordinates": [[19.432376666666666, 54.503948333333334], [19.425568333333334, 54.494771666666665], [19.432723333333335, 54.498335], [19.368515, 54.498781666666666], [19.239651666666667, 54.48546833333333], [19.10728333333333, 54.47074666666666], [18.97231, 54.471898333333336], [18.840218333333333, 54.47239833333333], [18.709718333333335, 54.48708166666667], [18.58165166666667, 54.509474999999995], [18.555321666666668, 54.52215], [18.555315, 54.52216333333333], [18.555316666666666, 54.52216166666666], [18.555323333333334, 54.522165], [18.555328333333332, 54.52215666666667], [18.555313333333334, 54.52215833333333], [18.555298333333333, 54.522155], [18.55533, 54.522146666666664], [18.555308333333336, 54.522165], [18.555316666666666, 54.522166666666664], [18.555333333333333, 54.522145], [18.555328333333332, 54.522165], [18.55533, 54.52214333333333], [18.55530333333333, 54.52216833333333], [18.555304999999997, 54.52215833333333], [18.555323333333334, 54.52216333333333], [18.555331666666667, 54.522153333333335], [18.620058333333336, 54.50705333333334], [18.74480833333333, 54.48455666666667], [18.87142833333333, 54.471940000000004], [19.00369166666667, 54.47805], [19.131696666666667, 54.49250666666667], [19.175925, 54.505408333333335], [19.213681666666666, 54.50018166666667], [19.258793333333333, 54.49995333333333], [19.330685000000003, 54.503706666666666], [19.36670666666667, 54.51052666666667], [19.314193333333332, 54.506425], [19.27142, 54.50337666666667], [19.227943333333332, 54.50085833333333], [19.18687333333333, 54.49914166666667], [19.22799, 54.495405], [19.270686666666666, 54.49398], [19.312378333333335, 54.499781666666664], [19.514676666666666, 54.51195833333334], [19.429363333333335, 54.508979999999994], [19.347875, 54.51253], [19.303811666666665, 54.51276166666666], [19.264513333333333, 54.502815000000005], [19.22823, 54.488126666666666], [19.19306, 54.473036666666665], [19.15806, 54.46028166666667], [19.117810000000002, 54.45207166666667], [19.076281666666667, 54.453221666666664], [19.069671666666668, 54.46714], [19.095495000000003, 54.475638333333336], [19.131404999999997, 54.47381], [19.17042, 54.47607333333334], [19.202566666666666, 54.46505166666667], [19.236483333333336, 54.45012], [19.27709666666667, 54.450651666666666], [19.391816666666667, 54.51113], [19.358214999999998, 54.49203333333333], [19.320308333333333, 54.47546666666666], [19.364553333333333, 54.472678333333334], [19.391028333333335, 54.56963], [19.361771666666666, 54.549060000000004], [19.32213833333333, 54.530678333333334], [19.292138333333334, 54.54526166666667], [19.29742666666667, 54.543895], [19.302288333333333, 54.54176833333334], [19.25667333333333, 54.527285], [19.315973333333332, 54.45859333333333], [19.392861666666665, 54.55075333333333], [19.303858333333334, 54.492219999999996], [19.217701666666667, 54.43363166666666], [19.117013333333333, 54.446735], [18.99462, 54.46013333333334], [18.91491166666667, 54.51477], [18.958176666666667, 54.58634333333334], [19.076088333333335, 54.61806], [19.13078833333333, 54.63355333333333], [19.14455, 54.63527333333333], [19.184771666666666, 54.631409999999995], [19.226305, 54.63222666666666], [19.264701666666667, 54.63272], [19.318978333333334, 54.646], [19.29720166666667, 54.62707666666667], [19.25769, 54.61983333333333], [19.215198333333333, 54.62091], [19.171891666666667, 54.62544833333333], [19.133643333333335, 54.637895], [19.157921666666667, 54.632688333333334], [19.196841666666668, 54.61947], [19.234978333333334, 54.616348333333335], [19.27346, 54.61283], [19.260313333333333, 54.61754833333334], [19.214038333333335, 54.621025], [19.169196666666668, 54.625595]]}, "properties": {"label": "ORKA WLA-139", "mmsi": "261497000", "imo": "7905211", "name": "ORKA WLA-139", "shiptype": "", "first_seen_utc": "2026-01-06T00:04:12Z", "last_seen_utc": "2026-01-15T15:47:19Z", "destination": "CPA 0.3NM AFT", "eta": "{'Day': 0, 'Hour': 24, 'Minute': 60, 'Month': 0}", "display": "", "links": "<a href=\"https://www.vesselfinder.com/vessels?name=7905211\" target=\"_blank\" rel=\"noopener\">VesselFinder</a> | <a href=\"https://www.marinetraffic.com/en/ais/search/all?keyword=7905211\" target=\"_blank\" rel=\"noopener\">MarineTraffic</a>", "vf_url": "https://www.vesselfinder.com/vessels?name=7905211", "mst_url": "https://www.marinetraffic.com/en/ais/search/all?keyword=7905211", "method": "v3_2pass_track3d_fromru10d", "ru_seen_in_lookback": true, "in_monitor_on_day": true}}, {"type": "Feature", "geometry": {"type": "Point", "coordinates": [19.169196666666668, 54.625595]}, "properties": {"label": "ORKA WLA-139", "mmsi": "261497000", "imo": "7905211", "name": "ORKA WLA-139", "shiptype": "", "first_seen_utc": "2026-01-06T00:04:12Z", "last_seen_utc": "2026-01-15T15:47:19Z", "destination": "CPA 0.3NM AFT", "eta": "{'Day': 0, 'Hour': 24, 'Minute': 60, 'Month': 0}", "display": "ORKA WLA-139 (261497000)", "links": "<a href=\"https://www.vesselfinder.com/vessels?name=7905211\" target=\"_blank\" rel=\"noopener\">VesselFinder</a> | <a href=\"https://www.marinetraffic.com/en/ais/search/all?keyword=7905211\" target=\"_blank\" rel=\"noopener\">MarineTraffic</a>", "vf_url": "https://www.vesselfinder.com/vessels?name=7905211", "mst_url": "https://www.marinetraffic.com/en/ais/search/all?keyword=7905211", "method": "v3_2pass_track3d_fromru10d", "ru_seen_in_lookback": true, "in_monitor_on_day": true}}, {"type": "Feature", "geometry": {"type": "LineString", "coordinates": [[18.59838166666667, 54.739635], [18.59776, 54.73978833333333], [18.597606666666664, 54.73972333333334], [18.59796, 54.739855], [18.598101666666665, 54.739866666666664], [18.595591666666667, 54.74045833333333], [18.592733333333335, 54.74030666666667], [18.59591, 54.74213333333333], [18.595048333333335, 54.74127166666666], [18.72307, 54.705490000000005], [18.837031666666668, 54.65308666666667], [18.929333333333332, 54.58960833333333], [19.032693333333334, 54.52426833333333], [19.131956666666667, 54.460341666666665], [19.237181666666668, 54.39736666666667], [19.312746666666666, 54.36183833333334], [19.300205000000002, 54.371226666666665], [19.219096666666665, 54.37948666666667], [19.128895, 54.38469666666666], [19.03927666666667, 54.39036], [18.950128333333335, 54.397525], [18.860378333333333, 54.405343333333334], [18.806981666666665, 54.41316333333334], [18.71919666666667, 54.41721], [18.675888333333333, 54.426293333333334], [18.65711333333333, 54.415231666666664], [18.668063333333336, 54.38899], [18.670376666666666, 54.358511666666665], [18.675575, 54.356766666666665], [18.675549999999998, 54.356784999999995], [18.66307, 54.37263166666666], [18.656908333333334, 54.42081833333334], [18.798373333333334, 54.40870333333333], [18.939283333333332, 54.396295], [19.081895, 54.38483333333333], [19.219863333333333, 54.37631333333333], [19.31262, 54.363215], [19.21835, 54.378685000000004], [19.135295, 54.38479333333333], [19.05385, 54.38915833333333], [18.972343333333335, 54.393170000000005], [18.889705, 54.40050166666666], [18.82291, 54.408723333333334], [18.747693333333334, 54.41881166666667], [18.675268333333335, 54.42541833333333], [18.67805, 54.40313833333333], [18.664093333333334, 54.37063166666667], [18.676454999999997, 54.35612666666667], [18.676589999999997, 54.356115], [18.676541666666665, 54.356125], [18.675236666666667, 54.35689333333333], [18.67524166666667, 54.35691333333333], [18.675213333333332, 54.35689], [18.675216666666664, 54.35690666666667], [18.67522166666667, 54.35688666666667], [18.675251666666668, 54.356895], [18.675235, 54.35691], [18.67522166666667, 54.35689833333333], [18.675228333333333, 54.356896666666664], [18.67523, 54.35689333333333], [18.67522166666667, 54.35691166666666], [18.675220000000003, 54.356865], [18.675250000000002, 54.356919999999995], [18.675203333333332, 54.35689166666667], [18.67521833333333, 54.3569], [18.675243333333334, 54.356895], [18.675220000000003, 54.356896666666664], [18.675226666666667, 54.35688666666667], [18.67524166666667, 54.356901666666666], [18.67522166666667, 54.35688666666667], [18.675213333333332, 54.35690666666667], [18.675205000000002, 54.35690833333333], [18.675245, 54.356883333333336], [18.675255, 54.356885000000005], [18.675211666666666, 54.35689833333333], [18.67524, 54.35690833333333], [18.67523333333333, 54.35690666666667], [18.67522166666667, 54.3569], [18.675223333333335, 54.35688833333334], [18.675201666666666, 54.35690833333333], [18.675213333333332, 54.356926666666666], [18.67521833333333, 54.356874999999995], [18.67522166666667, 54.35690833333333], [18.67524166666667, 54.35687166666666], [18.67524166666667, 54.356901666666666], [18.675226666666667, 54.35691], [18.675245, 54.35689166666667], [18.675226666666667, 54.35690666666667], [18.675223333333335, 54.356896666666664], [18.675220000000003, 54.356878333333334], [18.67524166666667, 54.35689], [18.67523, 54.35688833333334], [18.675231666666665, 54.356885000000005], [18.67524, 54.35689166666667], [18.67523333333333, 54.35689166666667], [18.675220000000003, 54.356905], [18.675216666666664, 54.356885000000005], [18.675216666666664, 54.35687166666666], [18.67521, 54.35688833333334], [18.675220000000003, 54.35691166666666], [18.676161666666665, 54.356451666666665], [18.676226666666665, 54.356451666666665], [18.672245, 54.358815], [18.672253333333334, 54.35883166666667], [18.675251666666668, 54.35690666666667], [18.675214999999998, 54.35689333333333], [18.675238333333333, 54.356896666666664], [18.675213333333332, 54.356915], [18.675243333333334, 54.35689333333333], [18.675236666666667, 54.35691333333333], [18.675211666666666, 54.356881666666666], [18.675235, 54.356905], [18.67523333333333, 54.35687666666667], [18.675245, 54.35689333333333], [18.67524, 54.35689166666667]]}, "properties": {"label": "HENRYK", "mmsi": "261059000", "imo": "7504926", "name": "HENRYK", "shiptype": "", "first_seen_utc": "2026-01-06T00:05:14Z", "last_seen_utc": "2026-01-15T15:51:07Z", "destination": "NOWYSWIAT", "eta": "{'Day': 13, 'Hour': 13, 'Minute': 0, 'Month': 1}", "display": "", "links": "<a href=\"https://www.vesselfinder.com/vessels?name=7504926\" target=\"_blank\" rel=\"noopener\">VesselFinder</a> | <a href=\"https://www.marinetraffic.com/en/ais/search/all?keyword=7504926\" target=\"_blank\" rel=\"noopener\">MarineTraffic</a>", "vf_url": "https://www.vesselfinder.com/vessels?name=7504926", "mst_url": "https://www.marinetraffic.com/en/ais/search/all?keyword=7504926", "method": "v3_2pass_track3d_fromru10d", "ru_seen_in_lookback": true, "in_monitor_on_day": true}}, {"type": "Feature", "geometry": {"type": "Point", "coordinates": [18.67524, 54.35689166666667]}, "properties": {"label": "HENRYK", "mmsi": "261059000", "imo": "7504926", "name": "HENRYK", "shiptype": "", "first_seen_utc": "2026-01-06T00:05:14Z", "last_seen_utc": "2026-01-15T15:51:07Z", "destination": "NOWYSWIAT", "eta": "{'Day': 13, 'Hour': 13, 'Minute': 0, 'Month': 1}", "display": "HENRYK (261059000)", "links": "<a href=\"https://www.vesselfinder.com/vessels?name=7504926\" target=\"_blank\" rel=\"noopener\">VesselFinder</a> | <a href=\"https://www.marinetraffic.com/en/ais/search/all?keyword=7504926\" target=\"_blank\" rel=\"noopener\">MarineTraffic</a>", "vf_url": "https://www.vesselfinder.com/vessels?name=7504926", "mst_url": "https://www.marinetraffic.com/en/ais/search/all?keyword=7504926", "method": "v3_2pass_track3d_fromru10d", "ru_seen_in_lookback": true, "in_monitor_on_day": true}}, {"type": "Feature", "geometry": {"type": "LineString", "coordinates": [[18.986458333333335, 54.86633333333334], [18.98643, 54.817879999999995], [18.983471666666667, 54.76763666666667], [18.961338333333334, 54.70988666666666], [18.92432, 54.64824333333333], [18.87146166666667, 54.588589999999996], [18.795101666666667, 54.534886666666665], [18.71537, 54.48116], [18.649916666666666, 54.423379999999995], [18.669945, 54.39089333333333], [18.668443333333336, 54.39010333333333], [18.668493333333334, 54.39008], [18.668491666666668, 54.390056666666666], [18.668476666666667, 54.390056666666666], [18.668476666666667, 54.39010333333333], [18.668503333333334, 54.39008666666667], [18.66848, 54.39008666666667], [18.668475, 54.39008], [18.66848333333333, 54.39004666666666], [18.66851, 54.39007], [18.668476666666667, 54.39008666666667], [18.668495, 54.39011333333334], [18.668488333333336, 54.39010333333333], [18.668499999999998, 54.39010333333333], [18.668475, 54.39007], [18.668501666666668, 54.39010333333333], [18.668493333333334, 54.39008666666667], [18.668461666666666, 54.39008], [18.668476666666667, 54.39008666666667], [18.668484999999997, 54.39008], [18.668488333333336, 54.39011333333334], [18.668476666666667, 54.39010333333333], [18.668488333333336, 54.390096666666665], [18.668536666666668, 54.39011333333334], [18.668521666666667, 54.39008666666667], [18.668493333333334, 54.39008666666667], [18.668493333333334, 54.39008], [18.668506666666666, 54.39008666666667], [18.66847, 54.39008666666667], [18.668488333333336, 54.39008666666667], [18.668458333333334, 54.39010333333333], [18.668475, 54.39001333333333], [18.668526666666665, 54.39008666666667], [18.66847, 54.39013666666666], [18.668476666666667, 54.390096666666665], [18.668495, 54.39007], [18.668476666666667, 54.39007], [18.66852833333333, 54.39010333333333], [18.66851, 54.390096666666665], [18.668495, 54.39010333333333], [18.668488333333336, 54.39008], [18.668454999999998, 54.390056666666666], [18.668436666666665, 54.39006333333334], [18.668484999999997, 54.39008666666667], [18.668498333333332, 54.39008666666667], [18.66848333333333, 54.39008666666667], [18.66848333333333, 54.39010333333333]]}, "properties": {"label": "AMBER SKY", "mmsi": "255806387", "imo": "9312688", "name": "AMBER SKY", "shiptype": "", "first_seen_utc": "2026-01-06T00:06:19Z", "last_seen_utc": "2026-01-15T15:57:47Z", "destination": "PLDN", "eta": "{'Day': 14, 'Hour': 8, 'Minute': 0, 'Month': 1}", "display": "", "links": "<a href=\"https://www.vesselfinder.com/vessels?name=9312688\" target=\"_blank\" rel=\"noopener\">VesselFinder</a> | <a href=\"https://www.marinetraffic.com/en/ais/search/all?keyword=9312688\" target=\"_blank\" rel=\"noopener\">MarineTraffic</a>", "vf_url": "https://www.vesselfinder.com/vessels?name=9312688", "mst_url": "https://www.marinetraffic.com/en/ais/search/all?keyword=9312688", "method": "v3_2pass_track3d_fromru10d", "ru_seen_in_lookback": true, "in_monitor_on_day": true}}, {"type": "Feature", "geometry": {"type": "Point", "coordinates": [18.66848333333333, 54.39010333333333]}, "properties": {"label": "AMBER SKY", "mmsi": "255806387", "imo": "9312688", "name": "AMBER SKY", "shiptype": "", "first_seen_utc": "2026-01-06T00:06:19Z", "last_seen_utc": "2026-01-15T15:57:47Z", "destination": "PLDN", "eta": "{'Day': 14, 'Hour': 8, 'Minute': 0, 'Month': 1}", "display": "AMBER SKY (255806387)", "links": "<a href=\"https://www.vesselfinder.com/vessels?name=9312688\" target=\"_blank\" rel=\"noopener\">VesselFinder</a> | <a href=\"https://www.marinetraffic.com/en/ais/search/all?keyword=9312688\" target=\"_blank\" rel=\"noopener\">MarineTraffic</a>", "vf_url": "https://www.vesselfinder.com/vessels?name=9312688", "mst_url": "https://www.marinetraffic.com/en/ais/search/all?keyword=9312688", "method": "v3_2pass_track3d_fromru10d", "ru_seen_in_lookback": true, "in_monitor_on_day": true}}, {"type": "Feature", "geometry": {"type": "LineString", "coordinates": [[18.99841, 54.81955833333333], [19.015001666666667, 54.82624666666666], [19.033534999999997, 54.83212833333334], [19.052595, 54.83737166666666], [19.072278333333333, 54.84217666666667], [19.092654999999997, 54.846646666666665], [19.111616666666666, 54.85072], [19.029130000000002, 54.82130333333334], [18.943493333333333, 54.757805], [18.93864166666667, 54.67330333333334], [18.969231666666666, 54.69249333333333], [18.974223333333335, 54.71286666666666], [18.986393333333336, 54.716735], [19.002746666666667, 54.715783333333334], [18.91161, 54.63270833333333], [18.827620000000003, 54.55928166666667], [18.743361666666665, 54.552456666666664], [18.708505, 54.540636666666664], [18.649558333333335, 54.53738666666666], [18.558235, 54.53577166666666], [18.538676666666667, 54.53662833333333], [18.512686666666664, 54.54331], [18.510745, 54.544265], [18.510701666666666, 54.544305], [18.510718333333333, 54.54425666666667], [18.510766666666665, 54.54428166666666], [18.51072333333333, 54.544315], [18.510724999999997, 54.544290000000004], [18.510716666666667, 54.544275], [18.510746666666666, 54.544284999999995], [18.510703333333332, 54.544290000000004], [18.510695, 54.544291666666666], [18.510741666666668, 54.5443], [18.510703333333332, 54.54428166666666], [18.510708333333334, 54.544295000000005], [18.51072, 54.544293333333336], [18.510761666666667, 54.54428333333333], [18.51072, 54.544284999999995], [18.510688333333334, 54.544306666666664], [18.510736666666666, 54.54428333333333], [18.510803333333335, 54.544291666666666], [18.51071166666667, 54.54429833333334], [18.510701666666666, 54.544329999999995], [18.51069, 54.54428], [18.510721666666665, 54.544293333333336], [18.51073166666667, 54.54427166666667], [18.510718333333333, 54.544305], [18.51068666666667, 54.544333333333334], [18.510761666666667, 54.544305], [18.51072, 54.544291666666666], [18.510715, 54.54428166666666], [18.510704999999998, 54.54428333333333], [18.510726666666667, 54.54432166666666], [18.510761666666667, 54.54431], [18.51071166666667, 54.54427833333333], [18.51072333333333, 54.544290000000004], [18.510721666666665, 54.54428], [18.510741666666668, 54.544284999999995], [18.51072333333333, 54.544311666666665], [18.51071166666667, 54.54432833333333], [18.510706666666668, 54.544290000000004], [18.510716666666667, 54.54427166666667], [18.510736666666666, 54.54426333333333], [18.51071166666667, 54.54428333333333], [18.510761666666667, 54.54431833333333], [18.510761666666667, 54.544306666666664], [18.510733333333334, 54.54428], [18.510704999999998, 54.54429833333334], [18.51072333333333, 54.54428166666666], [18.510781666666666, 54.54425833333333], [18.510704999999998, 54.54429666666667], [18.510708333333334, 54.544313333333335], [18.510679999999997, 54.544284999999995], [18.510745, 54.54426333333333], [18.510701666666666, 54.54428666666667], [18.5107, 54.54425333333334], [18.510741666666668, 54.544268333333335], [18.510679999999997, 54.54430833333333], [18.510733333333334, 54.544284999999995], [18.51074, 54.54428666666667], [18.51075666666667, 54.54430833333333], [18.510718333333333, 54.544315], [18.510745, 54.54427833333333], [18.510706666666668, 54.54428333333333], [18.51072, 54.544291666666666], [18.51072, 54.544288333333334], [18.510741666666668, 54.54427166666667], [18.510724999999997, 54.54430833333333], [18.510726666666667, 54.544288333333334], [18.510663333333333, 54.54430166666667], [18.510733333333334, 54.54427333333333], [18.51068666666667, 54.544305], [18.510695, 54.54431833333333], [18.510743333333334, 54.544291666666666], [18.510726666666667, 54.544265], [18.51074, 54.544284999999995], [18.510783333333332, 54.544245000000004], [18.510691666666666, 54.544311666666665], [18.510736666666666, 54.5443], [18.510733333333334, 54.54430166666667], [18.510741666666668, 54.54429833333334], [18.510733333333334, 54.544268333333335], [18.510743333333334, 54.544291666666666], [18.51072333333333, 54.544305], [18.510748333333332, 54.54429833333334], [18.510751666666668, 54.54427666666666], [18.51071166666667, 54.54430166666667], [18.51072, 54.54427], [18.51072, 54.544275], [18.510695, 54.544305], [18.510733333333334, 54.54429666666667], [18.510726666666667, 54.54428666666667], [18.510736666666666, 54.54429833333334], [18.510708333333334, 54.544293333333336], [18.510745, 54.54427833333333], [18.510716666666667, 54.544305], [18.51072333333333, 54.544295000000005], [18.510681666666667, 54.54428666666667], [18.510704999999998, 54.54428666666667], [18.51074, 54.544265], [18.510683333333336, 54.544305]]}, "properties": {"label": "MSC TAYLOR", "mmsi": "636022447", "imo": "9932048", "name": "MSC TAYLOR", "shiptype": "", "first_seen_utc": "2026-01-06T00:06:25Z", "last_seen_utc": "2026-01-15T16:05:25Z", "destination": "PLGDY", "eta": "{'Day': 13, 'Hour': 9, 'Minute': 0, 'Month': 1}", "display": "", "links": "<a href=\"https://www.vesselfinder.com/vessels?name=9932048\" target=\"_blank\" rel=\"noopener\">VesselFinder</a> | <a href=\"https://www.marinetraffic.com/en/ais/search/all?keyword=9932048\" target=\"_blank\" rel=\"noopener\">MarineTraffic</a>", "vf_url": "https://www.vesselfinder.com/vessels?name=9932048", "mst_url": "https://www.marinetraffic.com/en/ais/search/all?keyword=9932048", "method": "v3_2pass_track3d_fromru10d", "ru_seen_in_lookback": true, "in_monitor_on_day": true}}, {"type": "Feature", "geometry": {"type": "Point", "coordinates": [18.510683333333336, 54.544305]}, "properties": {"label": "MSC TAYLOR", "mmsi": "636022447", "imo": "9932048", "name": "MSC TAYLOR", "shiptype": "", "first_seen_utc": "2026-01-06T00:06:25Z", "last_seen_utc": "2026-01-15T16:05:25Z", "destination": "PLGDY", "eta": "{'Day': 13, 'Hour': 9, 'Minute': 0, 'Month': 1}", "display": "MSC TAYLOR (636022447)", "links": "<a href=\"https://www.vesselfinder.com/vessels?name=9932048\" target=\"_blank\" rel=\"noopener\">VesselFinder</a> | <a href=\"https://www.marinetraffic.com/en/ais/search/all?keyword=9932048\" target=\"_blank\" rel=\"noopener\">MarineTraffic</a>", "vf_url": "https://www.vesselfinder.com/vessels?name=9932048", "mst_url": "https://www.marinetraffic.com/en/ais/search/all?keyword=9932048", "method": "v3_2pass_track3d_fromru10d", "ru_seen_in_lookback": true, "in_monitor_on_day": true}}, {"type": "Feature", "geometry": {"type": "LineString", "coordinates": [[18.801668333333335, 54.602325], [18.801638333333337, 54.60227666666666], [18.801636666666663, 54.60230166666667], [18.80167833333333, 54.60230166666667], [18.801638333333337, 54.60230833333333], [18.80163, 54.602311666666665], [18.80162, 54.602313333333335], [18.801611666666666, 54.602345], [18.801601666666667, 54.60235], [18.80163, 54.602325], [18.801608333333334, 54.602311666666665], [18.801443333333335, 54.602288333333334], [18.866985, 54.54722], [18.933831666666666, 54.479794999999996], [18.973844999999997, 54.440394999999995], [19.010713333333335, 54.42546166666667], [19.05486, 54.42024166666667], [19.100595, 54.421845], [19.143038333333333, 54.43108666666667], [19.188266666666667, 54.432071666666666], [19.272074999999997, 54.436370000000004], [19.278905, 54.454613333333334], [19.235835, 54.45631], [19.192245, 54.455839999999995], [19.147851666666668, 54.45762333333333], [19.102553333333333, 54.458616666666664], [19.05953333333333, 54.464061666666666], [19.027511666666665, 54.480041666666665], [19.024085, 54.49498666666667], [18.981023333333333, 54.52283], [18.865153333333335, 54.57154166666667], [18.800996666666666, 54.601455], [18.803538333333332, 54.60037333333333], [18.801544999999997, 54.60241], [18.80168666666667, 54.60232], [18.80163333333333, 54.602313333333335], [18.801616666666668, 54.60230833333333], [18.801598333333335, 54.60233166666667], [18.801618333333334, 54.60234166666667], [18.801613333333332, 54.60232666666666], [18.801561666666665, 54.60233166666667], [18.801606666666665, 54.602335000000004], [18.801623333333335, 54.602315], [18.801628333333333, 54.60232166666666], [18.801634999999997, 54.60231666666667], [18.80163, 54.602306666666664], [18.801648333333333, 54.60232833333334], [18.801625, 54.602306666666664], [18.80163, 54.602325], [18.801626666666667, 54.602325], [18.801621666666666, 54.60232166666666], [18.80161, 54.60230333333333], [18.801595000000002, 54.60233], [18.801631666666665, 54.602338333333336], [18.801631666666665, 54.60234333333334], [18.801606666666665, 54.602340000000005], [18.801611666666666, 54.60231666666667], [18.801598333333335, 54.60232166666666], [18.801605, 54.60230166666667], [18.801605, 54.6023], [18.801621666666666, 54.60231666666667], [18.80163, 54.60230333333333], [18.801603333333333, 54.60228], [18.801663333333334, 54.60231], [18.801666666666666, 54.60230333333333], [18.801616666666668, 54.602293333333336], [18.801636666666663, 54.60230833333333], [18.801634999999997, 54.602313333333335], [18.801666666666666, 54.602340000000005], [18.801673333333333, 54.60232833333334], [18.801663333333334, 54.60232333333333], [18.801660000000002, 54.60233], [18.801628333333333, 54.60229833333334], [18.801655, 54.60232333333333], [18.801658333333332, 54.60232333333333], [18.80163333333333, 54.60232166666666], [18.801631666666665, 54.60232166666666], [18.801626666666667, 54.60233166666667], [18.801660000000002, 54.602325], [18.801661666666668, 54.60231833333333], [18.801661666666668, 54.60234833333333], [18.801638333333337, 54.60235333333333], [18.80163333333333, 54.60235333333333], [18.801631666666665, 54.602305], [18.8016, 54.602333333333334], [18.801605, 54.60234666666667], [18.801618333333334, 54.60232833333334], [18.80162, 54.60233166666667], [18.801585, 54.60234666666667], [18.801608333333334, 54.602335000000004], [18.801656666666666, 54.60231], [18.801638333333337, 54.602325], [18.80163333333333, 54.602305], [18.801658333333332, 54.60231], [18.80163333333333, 54.60231833333333], [18.801685000000003, 54.602325], [18.801648333333333, 54.60230833333333], [18.801666666666666, 54.60230333333333], [18.80168666666667, 54.60230333333333], [18.801623333333335, 54.602333333333334], [18.801626666666667, 54.60234166666667], [18.801640000000003, 54.602338333333336], [18.801621666666666, 54.60233166666667], [18.801576666666666, 54.602345], [18.801598333333335, 54.60229833333334], [18.796668333333333, 54.59312833333333], [18.88065333333333, 54.53039833333333], [18.957513333333335, 54.46476666666667], [19.00668166666667, 54.42298], [19.04770166666667, 54.42013166666666], [19.090715, 54.41578666666667], [19.132056666666664, 54.41836166666667], [19.091549999999998, 54.41381], [19.042718333333333, 54.41377], [18.997813333333333, 54.42272166666667], [18.975565, 54.42034], [19.012294999999998, 54.414433333333335], [19.053301666666666, 54.413381666666666], [19.092125, 54.41323666666666], [19.081306666666666, 54.432048333333334], [19.07853, 54.43864833333334], [19.075813333333333, 54.43913], [18.992421666666665, 54.48428], [18.887895, 54.53933166666666], [18.79927, 54.59729166666667], [18.803369999999997, 54.601245]]}, "properties": {"label": "HEL-157", "mmsi": "261001620", "imo": "8008670", "name": "HEL-157", "shiptype": "", "first_seen_utc": "2026-01-06T00:06:26Z", "last_seen_utc": "2026-01-15T15:54:27Z", "destination": "KEEP CLEAR 0.3AFT", "eta": "{'Day': 0, 'Hour': 24, 'Minute': 60, 'Month': 0}", "display": "", "links": "<a href=\"https://www.vesselfinder.com/vessels?name=8008670\" target=\"_blank\" rel=\"noopener\">VesselFinder</a> | <a href=\"https://www.marinetraffic.com/en/ais/search/all?keyword=8008670\" target=\"_blank\" rel=\"noopener\">MarineTraffic</a>", "vf_url": "https://www.vesselfinder.com/vessels?name=8008670", "mst_url": "https://www.marinetraffic.com/en/ais/search/all?keyword=8008670", "method": "v3_2pass_track3d_fromru10d", "ru_seen_in_lookback": true, "in_monitor_on_day": true}}, {"type": "Feature", "geometry": {"type": "Point", "coordinates": [18.803369999999997, 54.601245]}, "properties": {"label": "HEL-157", "mmsi": "261001620", "imo": "8008670", "name": "HEL-157", "shiptype": "", "first_seen_utc": "2026-01-06T00:06:26Z", "last_seen_utc": "2026-01-15T15:54:27Z", "destination": "KEEP CLEAR 0.3AFT", "eta": "{'Day': 0, 'Hour': 24, 'Minute': 60, 'Month': 0}", "display": "HEL-157 (261001620)", "links": "<a href=\"https://www.vesselfinder.com/vessels?name=8008670\" target=\"_blank\" rel=\"noopener\">VesselFinder</a> | <a href=\"https://www.marinetraffic.com/en/ais/search/all?keyword=8008670\" target=\"_blank\" rel=\"noopener\">MarineTraffic</a>", "vf_url": "https://www.vesselfinder.com/vessels?name=8008670", "mst_url": "https://www.marinetraffic.com/en/ais/search/all?keyword=8008670", "method": "v3_2pass_track3d_fromru10d", "ru_seen_in_lookback": true, "in_monitor_on_day": true}}, {"type": "Feature", "geometry": {"type": "LineString", "coordinates": [[18.558061666666667, 54.52704666666667], [18.558086666666668, 54.527051666666665], [18.558058333333335, 54.52706], [18.558065, 54.52702333333333], [18.558046666666666, 54.527045], [18.558065, 54.527035], [18.558078333333334, 54.52708], [18.558083333333332, 54.527065], [18.621998333333334, 54.52520666666667], [18.793638333333334, 54.527838333333335], [18.907905000000003, 54.604955000000004], [18.992823333333334, 54.69905000000001], [19.012473333333332, 54.79510666666667], [18.880175, 54.85762333333333], [18.741375, 54.91769], [15.572918333333332, 55.849495000000005], [15.41869, 55.910266666666665], [15.258298333333332, 55.96012666666666], [15.103076666666668, 56.013848333333335], [14.947859999999999, 56.067008333333334], [14.846273333333333, 56.112875], [14.844249999999999, 56.11563833333333], [14.843771666666667, 56.115480000000005], [14.844241666666667, 56.115725], [14.843861666666667, 56.11547666666667], [14.843906666666667, 56.11548833333333], [14.843815000000001, 56.11545666666667], [14.844331666666667, 56.11569833333333], [14.844451666666666, 56.115735], [14.8444, 56.115741666666665], [14.844536666666666, 56.115815], [14.844731666666666, 56.11585], [14.844448333333334, 56.11577833333333], [14.844348333333333, 56.11580666666667], [14.84406, 56.11567333333333], [14.843885, 56.115685], [14.84447, 56.11587333333333], [14.844725, 56.116], [14.844481666666667, 56.11598166666667], [14.844658333333333, 56.11615666666667], [14.844741666666666, 56.11629166666667], [14.844443333333334, 56.11622666666666], [14.84508, 56.116326666666666], [14.844591666666668, 56.116308333333336], [14.845183333333333, 56.11638166666667], [14.844473333333333, 56.116706666666666], [14.84763, 56.112928333333336], [14.845608333333333, 56.113168333333334], [14.84587, 56.11314166666667], [14.845885, 56.113150000000005], [14.84617, 56.11311166666667], [14.846958333333333, 56.11320833333333], [14.846480000000001, 56.11316166666666], [14.84619, 56.11314333333333], [14.846251666666666, 56.11320166666667], [14.846288333333332, 56.11319], [14.846678333333333, 56.11315166666667], [14.847468333333333, 56.11309333333334], [14.847828333333332, 56.112986666666664], [14.847371666666668, 56.11298], [14.846955000000001, 56.11318333333334], [14.847608333333334, 56.113034999999996], [14.847545, 56.113085], [14.847226666666668, 56.11311666666666], [14.847228333333334, 56.113103333333335], [14.846503333333334, 56.113236666666666], [14.847088333333334, 56.11320833333333], [14.847198333333333, 56.113168333333334], [14.847611666666667, 56.11302], [14.847546666666666, 56.11305333333333], [14.847688333333334, 56.112965], [14.847793333333334, 56.11289333333333], [14.847935, 56.11284166666667], [14.848081666666667, 56.112685000000006], [14.847898333333335, 56.11281833333333], [14.848043333333333, 56.112674999999996], [14.847913333333334, 56.11284166666667], [14.848078333333332, 56.11263666666667], [14.847866666666667, 56.11281833333333], [14.847426666666667, 56.113013333333335], [14.846976666666666, 56.11309000000001], [14.847208333333333, 56.1131], [14.846901666666668, 56.113155], [14.84692, 56.11318666666667], [14.846811666666667, 56.11318666666667], [14.846648333333333, 56.11324666666667], [14.847000000000001, 56.11319], [14.847153333333333, 56.11315833333333], [14.847015, 56.11318666666667], [14.847126666666666, 56.11315833333333], [14.846806666666668, 56.113193333333335], [14.846195, 56.113193333333335], [14.846231666666666, 56.11322166666666], [14.846403333333335, 56.11323333333333], [14.846225, 56.113245], [14.845778333333334, 56.1132], [14.846205, 56.113211666666665], [14.846354999999999, 56.11322], [14.845934999999999, 56.11322833333334], [14.846108333333332, 56.113245], [14.846171666666667, 56.113245], [14.845878333333333, 56.11322166666666]]}, "properties": {"label": "DREAM SYRAX", "mmsi": "255915968", "imo": "9719513", "name": "DREAM SYRAX", "shiptype": "", "first_seen_utc": "2026-01-06T00:06:43Z", "last_seen_utc": "2026-01-15T15:58:04Z", "destination": "SE KAN", "eta": "{'Day': 13, 'Hour': 21, 'Minute': 0, 'Month': 1}", "display": "", "links": "<a href=\"https://www.vesselfinder.com/vessels?name=9719513\" target=\"_blank\" rel=\"noopener\">VesselFinder</a> | <a href=\"https://www.marinetraffic.com/en/ais/search/all?keyword=9719513\" target=\"_blank\" rel=\"noopener\">MarineTraffic</a>", "vf_url": "https://www.vesselfinder.com/vessels?name=9719513", "mst_url": "https://www.marinetraffic.com/en/ais/search/all?keyword=9719513", "method": "v3_2pass_track3d_fromru10d", "ru_seen_in_lookback": true, "in_monitor_on_day": true}}, {"type": "Feature", "geometry": {"type": "Point", "coordinates": [14.845878333333333, 56.11322166666666]}, "properties": {"label": "DREAM SYRAX", "mmsi": "255915968", "imo": "9719513", "name": "DREAM SYRAX", "shiptype": "", "first_seen_utc": "2026-01-06T00:06:43Z", "last_seen_utc": "2026-01-15T15:58:04Z", "destination": "SE KAN", "eta": "{'Day': 13, 'Hour': 21, 'Minute': 0, 'Month': 1}", "display": "DREAM SYRAX (255915968)", "links": "<a href=\"https://www.vesselfinder.com/vessels?name=9719513\" target=\"_blank\" rel=\"noopener\">VesselFinder</a> | <a href=\"https://www.marinetraffic.com/en/ais/search/all?keyword=9719513\" target=\"_blank\" rel=\"noopener\">MarineTraffic</a>", "vf_url": "https://www.vesselfinder.com/vessels?name=9719513", "mst_url": "https://www.marinetraffic.com/en/ais/search/all?keyword=9719513", "method": "v3_2pass_track3d_fromru10d", "ru_seen_in_lookback": true, "in_monitor_on_day": true}}, {"type": "Feature", "geometry": {"type": "LineString", "coordinates": [[18.802970000000002, 54.60004666666667], [18.80296333333333, 54.60003666666667], [18.80299, 54.60006], [18.80299, 54.600045], [18.802934999999998, 54.60006833333333], [18.802923333333336, 54.600065], [18.802953333333335, 54.600096666666666], [18.802948333333333, 54.60008833333333], [18.80291833333333, 54.60005833333333], [18.802946666666667, 54.600045], [18.802953333333335, 54.60004166666667], [18.83881166666667, 54.57696833333333], [18.90809833333333, 54.524256666666666], [18.971365, 54.46732], [19.044623333333334, 54.43517166666666], [19.084886666666666, 54.44501666666667], [19.120506666666664, 54.45433333333334], [19.158146666666667, 54.459588333333336], [19.20106, 54.45927666666667], [19.241496666666666, 54.45863666666666], [19.211681666666667, 54.466301666666666], [19.173655, 54.46259166666667], [19.135185, 54.45847833333333], [19.097906666666667, 54.467308333333335], [19.06653, 54.481025], [19.035588333333333, 54.49417666666667], [19.02362, 54.506785], [18.95311, 54.535335], [18.85244833333333, 54.573395], [18.799121666666668, 54.59088666666666], [18.801026666666665, 54.59988666666666], [18.80299, 54.60004833333333], [18.802998333333335, 54.60007333333333], [18.80299, 54.600075], [18.803001666666667, 54.600069999999995], [18.802986666666666, 54.60006166666667], [18.802976666666666, 54.600045], [18.802948333333333, 54.600075], [18.80295166666667, 54.60011], [18.802979999999998, 54.600069999999995], [18.80299, 54.600069999999995], [18.802945, 54.600080000000005], [18.802961666666665, 54.600069999999995], [18.802978333333332, 54.60005666666667], [18.802985, 54.600053333333335], [18.802996666666665, 54.600065], [18.802986666666666, 54.60005833333333], [18.802993333333333, 54.600033333333336], [18.802971666666668, 54.600053333333335], [18.802973333333334, 54.60005666666667], [18.802946666666667, 54.60007333333333], [18.80293, 54.600080000000005], [18.802961666666665, 54.600075], [18.802956666666667, 54.60009166666667], [18.80296333333333, 54.60008333333334], [18.802946666666667, 54.600078333333336], [18.802961666666665, 54.600053333333335], [18.802956666666667, 54.60004], [18.80294, 54.600045], [18.80295166666667, 54.600053333333335], [18.802986666666666, 54.600045], [18.802953333333335, 54.60003], [18.802964999999997, 54.600045], [18.802995, 54.60004], [18.803024999999998, 54.600033333333336], [18.80300833333333, 54.60004166666667], [18.803006666666665, 54.600055], [18.803009999999997, 54.600093333333334], [18.802993333333333, 54.600078333333336], [18.803006666666665, 54.60006166666667], [18.802993333333333, 54.60006833333333], [18.803, 54.60006], [18.802988333333335, 54.60005833333333], [18.802988333333335, 54.60006166666667], [18.80299, 54.60005666666667], [18.802971666666668, 54.60005666666667], [18.802961666666665, 54.60006833333333], [18.802991666666667, 54.60005833333333], [18.803016666666668, 54.60006], [18.803005, 54.60006833333333], [18.80300833333333, 54.60006166666667], [18.803011666666666, 54.60005666666667], [18.802985, 54.60006333333333], [18.802975, 54.600055], [18.802955, 54.60007666666667], [18.802958333333333, 54.60007666666667], [18.802958333333333, 54.60006333333333], [18.802979999999998, 54.60006], [18.802936666666668, 54.60006833333333], [18.802955, 54.60006833333333], [18.802961666666665, 54.60000333333333], [18.803, 54.60005666666667], [18.803023333333332, 54.60006333333333], [18.803031666666666, 54.60005], [18.802970000000002, 54.60004166666667], [18.802996666666665, 54.600065], [18.802988333333335, 54.60006666666666], [18.80296, 54.60007666666667], [18.802919999999997, 54.60005666666667], [18.802983333333334, 54.600053333333335], [18.802995, 54.60010166666667], [18.80296666666667, 54.60008166666667], [18.802948333333333, 54.60008166666667], [18.80296333333333, 54.60005], [18.823933333333333, 54.59023333333334], [18.84016666666667, 54.616575], [18.832415, 54.63785], [18.81918166666667, 54.655878333333334], [18.844260000000002, 54.64964833333333], [18.852173333333333, 54.626675], [18.86229666666667, 54.61072333333333], [18.877233333333333, 54.61395666666667], [18.848176666666667, 54.59872333333333], [18.799590000000002, 54.59341333333334], [18.801728333333333, 54.600008333333335], [18.801713333333332, 54.59997], [18.802576666666667, 54.60239333333333], [18.80300833333333, 54.60004333333333], [18.80296666666667, 54.60005666666667], [18.802973333333334, 54.600071666666665], [18.802961666666665, 54.60006333333333], [18.802971666666668, 54.600078333333336], [18.802975, 54.600055], [18.802968333333336, 54.600071666666665], [18.802953333333335, 54.600080000000005], [18.802998333333335, 54.60005]]}, "properties": {"label": "LEB-18", "mmsi": "261001230", "imo": "", "name": "LEB-18", "shiptype": "", "first_seen_utc": "2026-01-06T00:06:53Z", "last_seen_utc": "2026-01-15T16:02:53Z", "destination": "HEL>-BALTIC SEA>LEBA", "eta": "{'Day': 28, 'Hour': 17, 'Minute': 0, 'Month': 12}", "display": "", "links": "<a href=\"https://www.vesselfinder.com/vessels?name=261001230\" target=\"_blank\" rel=\"noopener\">VesselFinder</a> | <a href=\"https://www.marinetraffic.com/en/ais/search/all?keyword=261001230\" target=\"_blank\" rel=\"noopener\">MarineTraffic</a>", "vf_url": "https://www.vesselfinder.com/vessels?name=261001230", "mst_url": "https://www.marinetraffic.com/en/ais/search/all?keyword=261001230", "method": "v3_2pass_track3d_fromru10d", "ru_seen_in_lookback": true, "in_monitor_on_day": true}}, {"type": "Feature", "geometry": {"type": "Point", "coordinates": [18.802998333333335, 54.60005]}, "properties": {"label": "LEB-18", "mmsi": "261001230", "imo": "", "name": "LEB-18", "shiptype": "", "first_seen_utc": "2026-01-06T00:06:53Z", "last_seen_utc": "2026-01-15T16:02:53Z", "destination": "HEL>-BALTIC SEA>LEBA", "eta": "{'Day': 28, 'Hour': 17, 'Minute': 0, 'Month': 12}", "display": "LEB-18 (261001230)", "links": "<a href=\"https://www.vesselfinder.com/vessels?name=261001230\" target=\"_blank\" rel=\"noopener\">VesselFinder</a> | <a href=\"https://www.marinetraffic.com/en/ais/search/all?keyword=261001230\" target=\"_blank\" rel=\"noopener\">MarineTraffic</a>", "vf_url": "https://www.vesselfinder.com/vessels?name=261001230", "mst_url": "https://www.marinetraffic.com/en/ais/search/all?keyword=261001230", "method": "v3_2pass_track3d_fromru10d", "ru_seen_in_lookback": true, "in_monitor_on_day": true}}, {"type": "Feature", "geometry": {"type": "LineString", "coordinates": [[18.802208333333333, 54.602275], [18.80221166666667, 54.602268333333335], [18.802236666666666, 54.602265], [18.80223, 54.60227], [18.802241666666664, 54.60227], [18.802215, 54.60227], [18.802223333333334, 54.60228], [18.80226, 54.60228], [18.802235, 54.60227], [18.802235, 54.60228166666666], [18.802043333333334, 54.60213], [18.85523, 54.540418333333335], [18.930868333333333, 54.476555], [19.010153333333335, 54.41858333333333], [19.056263333333334, 54.41617166666666], [19.09544, 54.415910000000004], [19.134778333333333, 54.42275666666667], [19.175079999999998, 54.42911166666667], [19.217163333333335, 54.43212833333334], [19.2608, 54.434693333333335], [19.303348333333336, 54.43682666666667], [19.304335, 54.445385], [19.265525, 54.44927333333333], [19.227081666666667, 54.447381666666665], [19.18828166666667, 54.44245], [19.16631, 54.44598], [19.099300000000003, 54.47233333333334], [18.98624166666667, 54.516515], [18.872885, 54.56068666666667], [18.801755, 54.59997166666667], [18.802215, 54.60228], [18.80222, 54.60227333333333], [18.802226666666666, 54.60227833333333], [18.802208333333333, 54.60226333333333], [18.802226666666666, 54.60227333333333], [18.802221666666664, 54.60229], [18.802228333333336, 54.60229833333334], [18.802198333333333, 54.60228], [18.80221, 54.60227333333333], [18.802218333333332, 54.602265], [18.80223833333333, 54.602268333333335], [18.802241666666664, 54.60227833333333], [18.802233333333334, 54.60227666666666], [18.802225, 54.602275], [18.802223333333334, 54.60228333333334], [18.802213333333334, 54.60227], [18.802223333333334, 54.60228166666666], [18.802205, 54.60227666666666], [18.802221666666664, 54.60228333333334], [18.802221666666664, 54.60227666666666], [18.802221666666664, 54.60227666666666], [18.802233333333334, 54.602265], [18.80221166666667, 54.60228333333334], [18.802226666666666, 54.60228333333334], [18.80223833333333, 54.60228666666667], [18.802221666666664, 54.60228], [18.802226666666666, 54.602275], [18.802226666666666, 54.60228], [18.802228333333336, 54.60227], [18.802231666666668, 54.602275], [18.802235, 54.60227833333333], [18.802221666666664, 54.60228], [18.80223, 54.60227833333333], [18.802233333333334, 54.60227833333333], [18.802235, 54.60228], [18.802245000000003, 54.602275], [18.80221, 54.602275], [18.802223333333334, 54.60227666666666], [18.802223333333334, 54.60227], [18.802218333333332, 54.60227666666666], [18.802228333333336, 54.60227333333333], [18.80225, 54.60228], [18.802235, 54.602285], [18.80222, 54.60227333333333], [18.802231666666668, 54.60227833333333], [18.802236666666666, 54.60227833333333], [18.802221666666664, 54.60227], [18.802233333333334, 54.602275], [18.80223, 54.60227833333333], [18.802225, 54.60228166666666], [18.802231666666668, 54.602268333333335], [18.802233333333334, 54.602275], [18.802231666666668, 54.602285], [18.80223833333333, 54.60229833333334], [18.802236666666666, 54.602285], [18.802225, 54.602268333333335], [18.80223, 54.602266666666665], [18.80223833333333, 54.60227666666666], [18.80223, 54.60228333333334], [18.802226666666666, 54.60227833333333], [18.802228333333336, 54.60227], [18.802223333333334, 54.60227166666667], [18.802203333333335, 54.602266666666665], [18.802225, 54.60228666666667], [18.802225, 54.60227333333333], [18.80222, 54.602266666666665], [18.802223333333334, 54.602265], [18.802221666666664, 54.602265], [18.802213333333334, 54.602266666666665], [18.802205, 54.60228], [18.802218333333332, 54.60226333333333], [18.802248333333335, 54.60227666666666], [18.802221666666664, 54.60228166666666], [18.802223333333334, 54.60225833333333], [18.834664999999998, 54.596938333333334], [18.844696666666668, 54.62567666666666], [18.828576666666667, 54.64561666666667], [18.823668333333334, 54.66598], [18.835121666666666, 54.68806333333334], [18.84955, 54.66983666666667], [18.856851666666667, 54.64756333333333], [18.87529333333333, 54.62865], [18.87293, 54.60617333333333], [18.888381666666664, 54.58551], [18.87444, 54.599601666666665], [18.879778333333334, 54.621356666666664], [18.887189999999997, 54.638245], [18.872811666666667, 54.63178333333334], [18.813251666666666, 54.58739666666667], [18.801746666666666, 54.59997833333333], [18.801751666666668, 54.59993833333333], [18.801751666666668, 54.59996], [18.80223, 54.602288333333334], [18.802221666666664, 54.602275], [18.80221166666667, 54.60228333333334], [18.80221166666667, 54.60229]]}, "properties": {"label": "JAS-76", "mmsi": "261007950", "imo": "", "name": "JAS-76", "shiptype": "", "first_seen_utc": "2026-01-06T00:06:54Z", "last_seen_utc": "2026-01-15T16:01:23Z", "destination": "HEL", "eta": "{'Day': 15, 'Hour': 13, 'Minute': 40, 'Month': 1}", "display": "", "links": "<a href=\"https://www.vesselfinder.com/vessels?name=261007950\" target=\"_blank\" rel=\"noopener\">VesselFinder</a> | <a href=\"https://www.marinetraffic.com/en/ais/search/all?keyword=261007950\" target=\"_blank\" rel=\"noopener\">MarineTraffic</a>", "vf_url": "https://www.vesselfinder.com/vessels?name=261007950", "mst_url": "https://www.marinetraffic.com/en/ais/search/all?keyword=261007950", "method": "v3_2pass_track3d_fromru10d", "ru_seen_in_lookback": true, "in_monitor_on_day": true}}, {"type": "Feature", "geometry": {"type": "Point", "coordinates": [18.80221166666667, 54.60229]}, "properties": {"label": "JAS-76", "mmsi": "261007950", "imo": "", "name": "JAS-76", "shiptype": "", "first_seen_utc": "2026-01-06T00:06:54Z", "last_seen_utc": "2026-01-15T16:01:23Z", "destination": "HEL", "eta": "{'Day': 15, 'Hour': 13, 'Minute': 40, 'Month': 1}", "display": "JAS-76 (261007950)", "links": "<a href=\"https://www.vesselfinder.com/vessels?name=261007950\" target=\"_blank\" rel=\"noopener\">VesselFinder</a> | <a href=\"https://www.marinetraffic.com/en/ais/search/all?keyword=261007950\" target=\"_blank\" rel=\"noopener\">MarineTraffic</a>", "vf_url": "https://www.vesselfinder.com/vessels?name=261007950", "mst_url": "https://www.marinetraffic.com/en/ais/search/all?keyword=261007950", "method": "v3_2pass_track3d_fromru10d", "ru_seen_in_lookback": true, "in_monitor_on_day": true}}, {"type": "Feature", "geometry": {"type": "LineString", "coordinates": [[14.691898333333334, 54.94916333333333], [14.530766666666667, 54.954116666666664], [14.36687, 54.95796], [12.191376666666667, 54.525591666666664], [12.124383333333332, 54.453745000000005], [11.979126666666668, 54.44127], [11.824458333333332, 54.43853166666667], [11.678611666666665, 54.47009166666667], [11.540528333333333, 54.50817333333334], [11.398285, 54.54647833333333], [11.247639999999999, 54.585789999999996], [11.079820000000002, 54.60747166666667], [10.923698333333334, 54.59419833333333], [10.777171666666668, 54.58558], [10.637315, 54.575736666666664], [10.50035, 54.551860000000005], [10.364106666666666, 54.516844999999996], [10.249853333333334, 54.466681666666666], [10.196165, 54.390233333333335], [10.146353333333334, 54.36539666666667], [10.143333333333334, 54.36578833333333], [10.066708333333334, 54.36317666666666], [9.981948333333333, 54.344555], [9.886628333333334, 54.354929999999996], [9.792309999999999, 54.36134333333334], [9.718336666666666, 54.325228333333335], [9.653986666666666, 54.2887], [9.609908333333333, 54.23882833333333], [9.5468, 54.19681], [9.460675, 54.177593333333334], [9.391135, 54.15843333333333], [9.332368333333333, 54.13057166666667], [9.315536666666667, 54.073285000000006], [9.296943333333333, 54.014876666666666], [9.253581666666665, 53.964106666666666], [9.189413333333333, 53.91791], [9.14792, 53.892575], [9.146121666666666, 53.89133666666667], [9.03458, 53.864285], [6.005506666666666, 53.75863833333334], [5.863848333333333, 53.72746166666666], [5.71872, 53.69601333333333], [5.57097, 53.662778333333335], [5.42165, 53.631948333333334], [5.2725583333333335, 53.604625000000006], [5.129568333333333, 53.57552333333333], [4.992168333333334, 53.54733], [4.859645, 53.520869999999995], [4.733246666666667, 53.494263333333336], [4.5857850000000004, 53.42294833333334], [4.534823333333334, 53.35353], [4.4899933333333335, 53.284285], [4.449405, 53.21736833333333], [4.397633333333333, 53.15160166666667], [4.2925699999999996, 53.100411666666666], [4.187263333333333, 53.0473], [3.9614816666666663, 52.85152166666667], [3.8855733333333333, 52.607036666666666], [3.8582083333333332, 52.514426666666665], [3.817488333333333, 52.3765], [3.7963033333333334, 52.294774999999994], [3.783158333333333, 52.20547], [3.782078333333333, 52.12090666666666], [3.8164733333333336, 52.04210833333333], [3.9354816666666665, 52.00837166666667], [4.067001666666667, 51.98594], [4.175951666666666, 51.94828], [4.274583333333334, 51.90125666666667], [4.3541316666666665, 51.90362666666667], [4.35475, 51.90340166666667], [4.35476, 51.90342]]}, "properties": {"label": "BALTIC COASTER", "mmsi": "255915748", "imo": "9963009", "name": "BALTIC COASTER", "shiptype": "", "first_seen_utc": "2026-01-06T00:07:21Z", "last_seen_utc": "2026-01-15T15:57:42Z", "destination": "NLRTM", "eta": "{'Day': 15, 'Hour': 12, 'Minute': 0, 'Month': 1}", "display": "", "links": "<a href=\"https://www.vesselfinder.com/vessels?name=9963009\" target=\"_blank\" rel=\"noopener\">VesselFinder</a> | <a href=\"https://www.marinetraffic.com/en/ais/search/all?keyword=9963009\" target=\"_blank\" rel=\"noopener\">MarineTraffic</a>", "vf_url": "https://www.vesselfinder.com/vessels?name=9963009", "mst_url": "https://www.marinetraffic.com/en/ais/search/all?keyword=9963009", "method": "v3_2pass_track3d_fromru10d", "ru_seen_in_lookback": true, "in_monitor_on_day": true}}, {"type": "Feature", "geometry": {"type": "Point", "coordinates": [4.35476, 51.90342]}, "properties": {"label": "BALTIC COASTER", "mmsi": "255915748", "imo": "9963009", "name": "BALTIC COASTER", "shiptype": "", "first_seen_utc": "2026-01-06T00:07:21Z", "last_seen_utc": "2026-01-15T15:57:42Z", "destination": "NLRTM", "eta": "{'Day': 15, 'Hour': 12, 'Minute': 0, 'Month': 1}", "display": "BALTIC COASTER (255915748)", "links": "<a href=\"https://www.vesselfinder.com/vessels?name=9963009\" target=\"_blank\" rel=\"noopener\">VesselFinder</a> | <a href=\"https://www.marinetraffic.com/en/ais/search/all?keyword=9963009\" target=\"_blank\" rel=\"noopener\">MarineTraffic</a>", "vf_url": "https://www.vesselfinder.com/vessels?name=9963009", "mst_url": "https://www.marinetraffic.com/en/ais/search/all?keyword=9963009", "method": "v3_2pass_track3d_fromru10d", "ru_seen_in_lookback": true, "in_monitor_on_day": true}}, {"type": "Feature", "geometry": {"type": "LineString", "coordinates": [[5.01975, 60.822105], [5.019728333333333, 60.822073333333336], [5.019786666666667, 60.822111666666665], [5.019768333333333, 60.822118333333336], [5.01973, 60.82207666666667], [5.019721666666666, 60.82210666666666], [5.019733333333334, 60.82209], [5.019735, 60.82209666666667], [5.019728333333333, 60.82210666666666], [5.019768333333333, 60.82209833333333], [5.019728333333333, 60.82210833333333], [5.019735, 60.82210166666667], [5.019736666666666, 60.822085], [5.0197666666666665, 60.82213333333333], [5.019368333333333, 60.82261166666667], [4.9243500000000004, 60.843938333333334], [4.739775, 60.85729333333334], [4.5703450000000005, 60.852105], [4.504566666666666, 60.81695], [4.475041666666667, 60.76857833333334], [4.431573333333334, 60.69053833333333], [4.38787, 60.61139333333333], [4.334176666666666, 60.534573333333334], [4.320139999999999, 60.461326666666665], [4.3222499999999995, 60.393015], [4.335396666666667, 60.32847], [4.338573333333333, 60.25674], [4.34155, 60.1812], [4.3357866666666665, 60.10422166666667], [4.330815, 60.02799666666667], [4.3250416666666665, 59.951501666666665], [4.324405, 59.870866666666664], [4.326786666666666, 59.78953666666666], [4.3291200000000005, 59.712131666666664], [4.33285, 59.63626166666666], [4.335936666666667, 59.56041333333334], [4.32956, 59.48527333333333], [4.325151666666667, 59.40975666666667], [4.321061666666666, 59.34315166666667], [4.310711666666666, 59.27856666666666], [4.315651666666667, 59.21618333333333], [4.328363333333333, 59.15493], [4.349588333333333, 59.0843], [4.42954, 59.009805], [4.517390000000001, 58.932141666666666], [4.609563333333333, 58.85534333333333], [4.713105, 58.78339166666667], [4.81935, 58.707073333333334], [4.912446666666667, 58.627433333333336], [4.99982, 58.53757666666667], [5.098318333333333, 58.44765833333334], [5.188563333333334, 58.360881666666664], [5.298593333333333, 58.27813333333334], [5.446555, 58.21608166666667], [5.579118333333333, 58.155726666666666], [5.7132016666666665, 58.089034999999996], [5.861993333333333, 58.02075], [6.009601666666667, 57.95433333333334], [6.160126666666667, 57.891814999999994], [6.301538333333334, 57.82548833333333], [6.440306666666667, 57.75929833333333], [6.6078616666666665, 57.704575], [6.816115, 57.69569], [7.0235650000000005, 57.68947], [7.217291666666667, 57.684668333333335], [7.405223333333334, 57.67836833333333], [7.59671, 57.67336833333333], [7.787558333333333, 57.673701666666666], [7.986093333333333, 57.68357666666667], [8.181341666666667, 57.69963833333334], [8.384368333333333, 57.716438333333336], [8.578708333333333, 57.735654999999994], [8.77862, 57.748574999999995], [8.983045, 57.76295833333334], [9.195411666666667, 57.77956], [9.403215, 57.796295], [9.60778, 57.80429], [9.808811666666665, 57.80897166666667], [10.006499999999999, 57.80842], [10.209685, 57.81134], [10.376433333333333, 57.81408166666667], [11.176915000000001, 56.12605166666666], [11.01111, 55.96678166666666], [10.863341666666667, 55.89803833333334], [10.8057, 55.81239666666667], [10.783330000000001, 55.701948333333334], [10.808415, 55.59634333333334], [10.979334999999999, 55.41500166666666], [11.039063333333333, 55.307125], [11.095036666666665, 55.20655333333333], [10.99147, 55.12889500000001], [10.991743333333334, 55.023736666666665], [10.887903333333332, 54.940801666666665], [10.836523333333334, 54.839845], [10.782285, 54.73471], [10.836068333333333, 54.65142166666667], [10.983901666666666, 54.597948333333335], [11.152556666666667, 54.589573333333334], [11.311225, 54.549526666666665], [11.466416666666667, 54.501504999999995], [11.624545000000001, 54.45194], [11.785485, 54.407583333333335]]}, "properties": {"label": "BERGEN TS", "mmsi": "248024000", "imo": "9737400", "name": "BERGEN TS", "shiptype": "", "first_seen_utc": "2026-01-06T00:07:37Z", "last_seen_utc": "2026-01-15T16:13:55Z", "destination": "NOMON>DERSK", "eta": "{'Day': 15, 'Hour': 15, 'Minute': 0, 'Month': 1}", "display": "", "links": "<a href=\"https://www.vesselfinder.com/vessels?name=9737400\" target=\"_blank\" rel=\"noopener\">VesselFinder</a> | <a href=\"https://www.marinetraffic.com/en/ais/search/all?keyword=9737400\" target=\"_blank\" rel=\"noopener\">MarineTraffic</a>", "vf_url": "https://www.vesselfinder.com/vessels?name=9737400", "mst_url": "https://www.marinetraffic.com/en/ais/search/all?keyword=9737400", "method": "v3_2pass_track3d_fromru10d", "ru_seen_in_lookback": true, "in_monitor_on_day": true}}, {"type": "Feature", "geometry": {"type": "Point", "coordinates": [11.785485, 54.407583333333335]}, "properties": {"label": "BERGEN TS", "mmsi": "248024000", "imo": "9737400", "name": "BERGEN TS", "shiptype": "", "first_seen_utc": "2026-01-06T00:07:37Z", "last_seen_utc": "2026-01-15T16:13:55Z", "destination": "NOMON>DERSK", "eta": "{'Day': 15, 'Hour': 15, 'Minute': 0, 'Month': 1}", "display": "BERGEN TS (248024000)", "links": "<a href=\"https://www.vesselfinder.com/vessels?name=9737400\" target=\"_blank\" rel=\"noopener\">VesselFinder</a> | <a href=\"https://www.marinetraffic.com/en/ais/search/all?keyword=9737400\" target=\"_blank\" rel=\"noopener\">MarineTraffic</a>", "vf_url": "https://www.vesselfinder.com/vessels?name=9737400", "mst_url": "https://www.marinetraffic.com/en/ais/search/all?keyword=9737400", "method": "v3_2pass_track3d_fromru10d", "ru_seen_in_lookback": true, "in_monitor_on_day": true}}, {"type": "Feature", "geometry": {"type": "LineString", "coordinates": [[18.80201, 54.60349333333333], [18.802011666666665, 54.603485], [18.802025, 54.60349166666666], [18.802005, 54.603485], [18.802039999999998, 54.603475], [18.802005, 54.60348833333333], [18.802035, 54.60346333333334], [18.80201333333333, 54.60349], [18.802023333333334, 54.603471666666664], [18.80202166666667, 54.60348166666667], [18.802005, 54.60349], [18.83909, 54.56617666666667], [18.915698333333335, 54.507086666666666], [18.966895, 54.44289166666667], [18.99634, 54.423625], [19.03767, 54.41453], [19.083151666666666, 54.41387833333333], [19.133656666666663, 54.42144833333334], [19.216045, 54.429073333333335], [19.27025666666667, 54.432001666666665], [19.197973333333334, 54.521676666666664], [19.06576833333333, 54.53902666666667], [18.935380000000002, 54.561704999999996], [18.807103333333334, 54.58617666666667], [18.80237, 54.60133833333334], [18.803105000000002, 54.60132833333333], [18.80296333333333, 54.60154], [18.802976666666666, 54.601546666666664], [18.802956666666667, 54.601530000000004], [18.802213333333334, 54.603208333333335], [18.802263333333332, 54.5846], [18.891489999999997, 54.532423333333334], [18.949, 54.465180000000004], [18.97003, 54.42279666666666], [19.009611666666668, 54.41515833333334], [19.051215, 54.41224], [19.086821666666665, 54.41457833333333], [19.035371666666666, 54.41537833333334], [18.988421666666667, 54.42447166666667], [18.984475, 54.437715000000004], [19.026828333333334, 54.43764833333333], [19.06837833333333, 54.431756666666665], [19.035958333333333, 54.41981333333333], [18.991691666666668, 54.429701666666666], [18.971968333333333, 54.44300666666666], [18.975085, 54.446374999999996], [18.964488333333335, 54.46386333333333], [18.876915, 54.526714999999996], [18.79654833333333, 54.58565333333333]]}, "properties": {"label": "HEL-111", "mmsi": "261001870", "imo": "7906021", "name": "HEL-111", "shiptype": "", "first_seen_utc": "2026-01-06T00:07:47Z", "last_seen_utc": "2026-01-15T14:46:11Z", "destination": "HEL", "eta": "{'Day': 15, 'Hour': 16, 'Minute': 0, 'Month': 1}", "display": "", "links": "<a href=\"https://www.vesselfinder.com/vessels?name=7906021\" target=\"_blank\" rel=\"noopener\">VesselFinder</a> | <a href=\"https://www.marinetraffic.com/en/ais/search/all?keyword=7906021\" target=\"_blank\" rel=\"noopener\">MarineTraffic</a>", "vf_url": "https://www.vesselfinder.com/vessels?name=7906021", "mst_url": "https://www.marinetraffic.com/en/ais/search/all?keyword=7906021", "method": "v3_2pass_track3d_fromru10d", "ru_seen_in_lookback": true, "in_monitor_on_day": true}}, {"type": "Feature", "geometry": {"type": "Point", "coordinates": [18.79654833333333, 54.58565333333333]}, "properties": {"label": "HEL-111", "mmsi": "261001870", "imo": "7906021", "name": "HEL-111", "shiptype": "", "first_seen_utc": "2026-01-06T00:07:47Z", "last_seen_utc": "2026-01-15T14:46:11Z", "destination": "HEL", "eta": "{'Day': 15, 'Hour': 16, 'Minute': 0, 'Month': 1}", "display": "HEL-111 (261001870)", "links": "<a href=\"https://www.vesselfinder.com/vessels?name=7906021\" target=\"_blank\" rel=\"noopener\">VesselFinder</a> | <a href=\"https://www.marinetraffic.com/en/ais/search/all?keyword=7906021\" target=\"_blank\" rel=\"noopener\">MarineTraffic</a>", "vf_url": "https://www.vesselfinder.com/vessels?name=7906021", "mst_url": "https://www.marinetraffic.com/en/ais/search/all?keyword=7906021", "method": "v3_2pass_track3d_fromru10d", "ru_seen_in_lookback": true, "in_monitor_on_day": true}}, {"type": "Feature", "geometry": {"type": "LineString", "coordinates": [[18.550618333333333, 54.520446666666665], [18.550613333333335, 54.520446666666665], [18.550618333333333, 54.520445], [18.550618333333333, 54.52044333333333], [18.550615, 54.520445], [18.55061166666667, 54.520448333333334], [18.55061, 54.520448333333334], [18.55061166666667, 54.52044333333333], [18.550616666666667, 54.52044333333333], [18.55061166666667, 54.52044], [18.550618333333333, 54.520445], [18.550613333333335, 54.520446666666665], [18.550608333333333, 54.520446666666665], [18.550613333333335, 54.520446666666665], [18.550613333333335, 54.52044333333333], [18.550613333333335, 54.52044166666667], [18.550613333333335, 54.520445], [18.550613333333335, 54.52044333333333], [18.550608333333333, 54.520448333333334], [18.55061, 54.52044333333333], [18.55061166666667, 54.520445], [18.55061, 54.520445], [18.550615, 54.520445], [18.550613333333335, 54.52044333333333], [18.550615, 54.52043833333333], [18.550616666666667, 54.520445], [18.55061166666667, 54.52044], [18.55061, 54.52043833333333], [18.55061166666667, 54.52044], [18.550613333333335, 54.52044], [18.550616666666667, 54.52043833333333], [18.550615, 54.520445], [18.55062, 54.520446666666665], [18.550616666666667, 54.520445], [18.55062, 54.520446666666665], [18.550618333333333, 54.520446666666665], [18.55062333333333, 54.52043666666667], [18.550616666666667, 54.52044333333333], [18.550613333333335, 54.52044166666667], [18.550613333333335, 54.520445], [18.550613333333335, 54.520445], [18.550613333333335, 54.520446666666665], [18.55061166666667, 54.520446666666665], [18.55061166666667, 54.520446666666665], [18.550608333333333, 54.520448333333334], [18.550613333333335, 54.520445], [18.55061166666667, 54.520446666666665], [18.550613333333335, 54.52044333333333], [18.550615, 54.520445], [18.550605, 54.520448333333334], [18.55061, 54.520448333333334], [18.55061, 54.520445], [18.550613333333335, 54.520445], [18.550616666666667, 54.52044333333333], [18.550618333333333, 54.52043833333333], [18.550621666666665, 54.52044333333333], [18.550613333333335, 54.520445], [18.55061166666667, 54.520445], [18.550616666666667, 54.520446666666665], [18.550613333333335, 54.520448333333334], [18.550615, 54.52044333333333], [18.55061, 54.520446666666665], [18.550613333333335, 54.52044333333333], [18.550615, 54.52044166666667], [18.550613333333335, 54.520448333333334], [18.550606666666667, 54.52043666666667], [18.550613333333335, 54.52044166666667], [18.550613333333335, 54.52044333333333], [18.55062, 54.52044], [18.550621666666665, 54.520446666666665], [18.550613333333335, 54.52044166666667], [18.550613333333335, 54.520445], [18.55061, 54.52043833333333], [18.55061166666667, 54.520445], [18.550615, 54.52043833333333], [18.550616666666667, 54.52044166666667], [18.550616666666667, 54.52044166666667], [18.550618333333333, 54.52044333333333], [18.550616666666667, 54.52044333333333], [18.550618333333333, 54.520445], [18.550616666666667, 54.520445], [18.550616666666667, 54.52044333333333], [18.550616666666667, 54.52044166666667], [18.550615, 54.52044], [18.550616666666667, 54.52044333333333], [18.550616666666667, 54.520445], [18.55061166666667, 54.52044333333333], [18.550613333333335, 54.520446666666665], [18.550613333333335, 54.520446666666665], [18.550615, 54.520445], [18.55061166666667, 54.520446666666665], [18.550615, 54.520446666666665], [18.550613333333335, 54.52044166666667], [18.55061166666667, 54.520446666666665], [18.550608333333333, 54.520446666666665], [18.550608333333333, 54.520448333333334], [18.55061166666667, 54.520445], [18.550616666666667, 54.52044166666667], [18.550613333333335, 54.52043833333333], [18.55062, 54.520445], [18.550615, 54.52044333333333], [18.55061166666667, 54.520445], [18.550613333333335, 54.520445], [18.55910833333333, 54.52014166666667], [18.570686666666667, 54.510145], [18.569076666666668, 54.507065], [18.567198333333334, 54.506888333333336], [18.573125, 54.50752833333333], [18.575253333333333, 54.507780000000004], [18.568604999999998, 54.50792666666667], [18.569161666666666, 54.507965], [18.568499999999997, 54.506445], [18.568848333333335, 54.509660000000004], [18.550613333333335, 54.52044333333333], [18.55061166666667, 54.52044166666667], [18.550608333333333, 54.52044333333333], [18.550603333333335, 54.52044166666667], [18.550603333333335, 54.52044], [18.550605, 54.52044], [18.550606666666667, 54.52043833333333], [18.550608333333333, 54.52044]]}, "properties": {"label": "KONSTELACJA", "mmsi": "261092010", "imo": "", "name": "KONSTELACJA", "shiptype": "", "first_seen_utc": "2026-01-06T00:08:20Z", "last_seen_utc": "2026-01-15T16:10:16Z", "destination": "GDYNIA KALIBRACJA", "eta": "{'Day': 15, 'Hour': 9, 'Minute': 15, 'Month': 1}", "display": "", "links": "<a href=\"https://www.vesselfinder.com/vessels?name=261092010\" target=\"_blank\" rel=\"noopener\">VesselFinder</a> | <a href=\"https://www.marinetraffic.com/en/ais/search/all?keyword=261092010\" target=\"_blank\" rel=\"noopener\">MarineTraffic</a>", "vf_url": "https://www.vesselfinder.com/vessels?name=261092010", "mst_url": "https://www.marinetraffic.com/en/ais/search/all?keyword=261092010", "method": "v3_2pass_track3d_fromru10d", "ru_seen_in_lookback": true, "in_monitor_on_day": true}}, {"type": "Feature", "geometry": {"type": "Point", "coordinates": [18.550608333333333, 54.52044]}, "properties": {"label": "KONSTELACJA", "mmsi": "261092010", "imo": "", "name": "KONSTELACJA", "shiptype": "", "first_seen_utc": "2026-01-06T00:08:20Z", "last_seen_utc": "2026-01-15T16:10:16Z", "destination": "GDYNIA KALIBRACJA", "eta": "{'Day': 15, 'Hour': 9, 'Minute': 15, 'Month': 1}", "display": "KONSTELACJA (261092010)", "links": "<a href=\"https://www.vesselfinder.com/vessels?name=261092010\" target=\"_blank\" rel=\"noopener\">VesselFinder</a> | <a href=\"https://www.marinetraffic.com/en/ais/search/all?keyword=261092010\" target=\"_blank\" rel=\"noopener\">MarineTraffic</a>", "vf_url": "https://www.vesselfinder.com/vessels?name=261092010", "mst_url": "https://www.marinetraffic.com/en/ais/search/all?keyword=261092010", "method": "v3_2pass_track3d_fromru10d", "ru_seen_in_lookback": true, "in_monitor_on_day": true}}, {"type": "Feature", "geometry": {"type": "LineString", "coordinates": [[18.715506666666666, 54.40361166666666], [18.715533333333333, 54.40363], [18.715515, 54.403578333333336], [18.71551, 54.40359333333333], [18.71552, 54.40361166666666], [18.71551, 54.40359333333333], [18.71549333333333, 54.40361], [18.715498333333336, 54.403595], [18.715525, 54.40364666666667], [18.715533333333333, 54.403623333333336], [18.715545000000002, 54.40359], [18.715536666666665, 54.40361], [18.715535, 54.40363166666667], [18.715471666666666, 54.40358666666667], [18.715561666666666, 54.403618333333334], [18.715483333333335, 54.403605], [18.715518333333332, 54.403620000000004], [18.715506666666666, 54.403591666666664], [18.71549333333333, 54.40361166666666], [18.715539999999997, 54.403578333333336], [18.715515, 54.40358333333334], [18.71555, 54.403578333333336], [18.715503333333334, 54.403585], [18.715518333333332, 54.40357166666667], [18.715590000000002, 54.40365], [18.715503333333334, 54.40361666666667], [18.715648333333334, 54.403575000000004], [18.715500000000002, 54.403618333333334], [18.715528333333335, 54.403595], [18.719826666666666, 54.40349166666667], [18.831398333333333, 54.41661666666666], [18.899336666666667, 54.45741666666667], [18.918901666666667, 54.46682833333333], [19.033501666666666, 54.51054166666667], [19.11521, 54.60078], [19.080083333333334, 54.692456666666665], [19.01892666666667, 54.785468333333334], [18.879160000000002, 54.84618666666667], [18.740818333333333, 54.90705666666667], [18.60842166666667, 54.97096], [18.469401666666666, 55.03671833333333], [18.30617833333333, 55.07823666666666], [18.137765, 55.11137333333333], [15.041751666666666, 55.35550166666667], [14.924896666666665, 55.32320166666667], [14.838428333333333, 55.311315], [14.703036666666666, 55.305045], [14.571634999999999, 55.24247166666667], [14.436881666666666, 55.17013], [14.279731666666667, 55.128773333333335], [12.5335, 54.701965], [12.352360000000001, 54.63725], [12.265205, 54.58602166666667], [12.21874, 54.506735000000006], [12.125185, 54.44087666666667], [11.956213333333332, 54.43603333333333], [11.78645, 54.439906666666666], [11.627763333333332, 54.478065], [11.470795, 54.52095666666666], [11.317376666666666, 54.566895], [11.180421666666666, 54.60799], [11.033061666666667, 54.60200833333333], [10.900835, 54.63772666666667], [10.778261666666667, 54.68550833333334], [10.788958333333333, 54.74438], [10.826956666666666, 54.79356833333333], [10.83634, 54.85470333333333], [10.864628333333334, 54.9044], [10.951858333333332, 54.959095000000005], [11.033646666666668, 55.034816666666664], [11.051919999999999, 55.13899], [11.10444, 55.22695833333333], [11.026478333333333, 55.39387333333333], [10.872873333333333, 55.522055], [10.799425000000001, 55.617975], [10.80438, 55.718665], [10.824828333333333, 55.81995333333334], [10.92888, 55.899705000000004], [11.038128333333333, 55.977956666666664], [11.126579999999999, 56.045136666666664], [11.18779, 56.12794833333333]]}, "properties": {"label": "SEAGALAXY", "mmsi": "477269100", "imo": "9847231", "name": "SEAGALAXY", "shiptype": "", "first_seen_utc": "2026-01-06T00:08:32Z", "last_seen_utc": "2026-01-15T08:39:11Z", "destination": "PLGDN-SEGOT", "eta": "{'Day': 15, 'Hour': 18, 'Minute': 0, 'Month': 1}", "display": "", "links": "<a href=\"https://www.vesselfinder.com/vessels?name=9847231\" target=\"_blank\" rel=\"noopener\">VesselFinder</a> | <a href=\"https://www.marinetraffic.com/en/ais/search/all?keyword=9847231\" target=\"_blank\" rel=\"noopener\">MarineTraffic</a>", "vf_url": "https://www.vesselfinder.com/vessels?name=9847231", "mst_url": "https://www.marinetraffic.com/en/ais/search/all?keyword=9847231", "method": "v3_2pass_track3d_fromru10d", "ru_seen_in_lookback": true, "in_monitor_on_day": true}}, {"type": "Feature", "geometry": {"type": "Point", "coordinates": [11.18779, 56.12794833333333]}, "properties": {"label": "SEAGALAXY", "mmsi": "477269100", "imo": "9847231", "name": "SEAGALAXY", "shiptype": "", "first_seen_utc": "2026-01-06T00:08:32Z", "last_seen_utc": "2026-01-15T08:39:11Z", "destination": "PLGDN-SEGOT", "eta": "{'Day': 15, 'Hour': 18, 'Minute': 0, 'Month': 1}", "display": "SEAGALAXY (477269100)", "links": "<a href=\"https://www.vesselfinder.com/vessels?name=9847231\" target=\"_blank\" rel=\"noopener\">VesselFinder</a> | <a href=\"https://www.marinetraffic.com/en/ais/search/all?keyword=9847231\" target=\"_blank\" rel=\"noopener\">MarineTraffic</a>", "vf_url": "https://www.vesselfinder.com/vessels?name=9847231", "mst_url": "https://www.marinetraffic.com/en/ais/search/all?keyword=9847231", "method": "v3_2pass_track3d_fromru10d", "ru_seen_in_lookback": true, "in_monitor_on_day": true}}, {"type": "Feature", "geometry": {"type": "LineString", "coordinates": [[18.801793333333332, 54.60375666666666], [18.801785, 54.60373666666667], [18.80178833333333, 54.603743333333334], [18.801796666666668, 54.603775000000006], [18.80178, 54.60375666666666], [18.801805, 54.60373166666667], [18.801820000000003, 54.603741666666664], [18.80179, 54.603748333333336], [18.801785, 54.60377166666667], [18.801820000000003, 54.60376833333333], [18.801778333333335, 54.603766666666665], [18.801248333333334, 54.60309666666667], [18.873089999999998, 54.554880000000004], [18.967026666666666, 54.50432], [18.982921666666666, 54.446315], [19.01685666666667, 54.429671666666664], [19.063233333333336, 54.42297833333334], [19.154878333333333, 54.42951333333333], [19.256373333333332, 54.429833333333335], [19.234334999999998, 54.53982833333334], [19.102096666666668, 54.55360833333334], [18.971188333333334, 54.56773], [18.84101666666667, 54.58181666666667], [18.801065, 54.601465], [18.803475, 54.60035333333334], [18.801943333333334, 54.60350666666667], [18.80200166666667, 54.60346666666667], [18.80201333333333, 54.603500000000004], [18.801978333333334, 54.60348], [18.801953333333334, 54.60349166666666], [18.80198, 54.603451666666665], [18.801935, 54.60349166666666], [18.80200166666667, 54.60350833333334], [18.801998333333334, 54.60349333333333], [18.801973333333333, 54.60349166666666], [18.801940000000002, 54.603494999999995], [18.801958333333335, 54.60346833333333], [18.801966666666665, 54.60347], [18.80197666666667, 54.603494999999995], [18.801955, 54.60349166666666], [18.801973333333333, 54.60348666666666], [18.80196833333333, 54.60348166666667], [18.801940000000002, 54.60347333333333], [18.801983333333332, 54.60348666666666], [18.801971666666667, 54.60348333333333], [18.801951666666664, 54.60348], [18.801973333333333, 54.60349166666666], [18.801991666666666, 54.60348833333333], [18.801975000000002, 54.60349], [18.801978333333334, 54.603500000000004], [18.801940000000002, 54.60349], [18.801938333333332, 54.603478333333335], [18.801985, 54.60347], [18.802020000000002, 54.60344833333333], [18.801921666666665, 54.603460000000005], [18.801981666666666, 54.60351333333333], [18.801963333333333, 54.60349166666666], [18.801949999999998, 54.60346166666667], [18.801985, 54.603494999999995], [18.80196, 54.603496666666665], [18.801985, 54.603478333333335], [18.80199, 54.60348166666667], [18.801926666666667, 54.603501666666666], [18.802018333333333, 54.603460000000005], [18.80197666666667, 54.60348833333333], [18.801966666666665, 54.60348166666667], [18.801971666666667, 54.603521666666666], [18.801966666666665, 54.60349833333333], [18.801971666666667, 54.60348166666667], [18.80196833333333, 54.603503333333336], [18.802008333333333, 54.603476666666666], [18.801973333333333, 54.60348666666666], [18.801971666666667, 54.603471666666664], [18.801940000000002, 54.603460000000005], [18.801963333333333, 54.603460000000005], [18.801973333333333, 54.60345333333333], [18.80197666666667, 54.60347], [18.801965, 54.60348666666666], [18.80193166666667, 54.603451666666665], [18.80198, 54.60351333333333], [18.802003333333335, 54.603501666666666], [18.801946666666666, 54.603496666666665], [18.801963333333333, 54.60348666666666], [18.801926666666667, 54.60349833333333], [18.801983333333332, 54.603503333333336], [18.801991666666666, 54.603515], [18.801961666666667, 54.60348333333333], [18.80197666666667, 54.603500000000004], [18.802008333333333, 54.60348], [18.80196833333333, 54.60348333333333], [18.801983333333332, 54.603505000000006], [18.80198, 54.60351], [18.801973333333333, 54.603455000000004], [18.80178833333333, 54.603410000000004], [18.833360000000003, 54.58963166666667], [18.852633333333333, 54.61597166666666], [18.871411666666667, 54.63993666666667], [18.850061666666665, 54.663815], [18.856321666666666, 54.64490833333333], [18.87265, 54.622665], [18.888423333333332, 54.599315000000004], [18.911056666666664, 54.58037], [18.948015, 54.58550666666667], [18.965096666666668, 54.61078833333333], [18.978928333333332, 54.637825], [18.989263333333334, 54.64915833333334], [19.003328333333332, 54.649393333333336], [18.99031666666667, 54.63935], [18.88216, 54.602983333333334], [18.800751666666667, 54.601306666666666], [18.803476666666665, 54.600355], [18.803528333333336, 54.600335], [18.801933333333334, 54.60347333333333], [18.801973333333333, 54.603503333333336]]}, "properties": {"label": "HEL 112", "mmsi": "261001880", "imo": "7625861", "name": "HEL 112", "shiptype": "", "first_seen_utc": "2026-01-06T00:08:42Z", "last_seen_utc": "2026-01-15T15:49:24Z", "destination": "KEEP SAFE DIST 03AFT", "eta": "{'Day': 1, 'Hour': 0, 'Minute': 0, 'Month': 1}", "display": "", "links": "<a href=\"https://www.vesselfinder.com/vessels?name=7625861\" target=\"_blank\" rel=\"noopener\">VesselFinder</a> | <a href=\"https://www.marinetraffic.com/en/ais/search/all?keyword=7625861\" target=\"_blank\" rel=\"noopener\">MarineTraffic</a>", "vf_url": "https://www.vesselfinder.com/vessels?name=7625861", "mst_url": "https://www.marinetraffic.com/en/ais/search/all?keyword=7625861", "method": "v3_2pass_track3d_fromru10d", "ru_seen_in_lookback": true, "in_monitor_on_day": true}}, {"type": "Feature", "geometry": {"type": "Point", "coordinates": [18.801973333333333, 54.603503333333336]}, "properties": {"label": "HEL 112", "mmsi": "261001880", "imo": "7625861", "name": "HEL 112", "shiptype": "", "first_seen_utc": "2026-01-06T00:08:42Z", "last_seen_utc": "2026-01-15T15:49:24Z", "destination": "KEEP SAFE DIST 03AFT", "eta": "{'Day': 1, 'Hour': 0, 'Minute': 0, 'Month': 1}", "display": "HEL 112 (261001880)", "links": "<a href=\"https://www.vesselfinder.com/vessels?name=7625861\" target=\"_blank\" rel=\"noopener\">VesselFinder</a> | <a href=\"https://www.marinetraffic.com/en/ais/search/all?keyword=7625861\" target=\"_blank\" rel=\"noopener\">MarineTraffic</a>", "vf_url": "https://www.vesselfinder.com/vessels?name=7625861", "mst_url": "https://www.marinetraffic.com/en/ais/search/all?keyword=7625861", "method": "v3_2pass_track3d_fromru10d", "ru_seen_in_lookback": true, "in_monitor_on_day": true}}, {"type": "Feature", "geometry": {"type": "LineString", "coordinates": [[18.673898333333334, 54.394855], [18.67388, 54.394843333333334], [18.673883333333333, 54.39485833333333], [18.6739, 54.39482666666667], [18.673895, 54.39487666666666], [18.673881666666666, 54.39488333333334], [18.673906666666667, 54.39488166666667], [18.673853333333334, 54.394845000000004], [18.673868333333335, 54.394845000000004], [18.6739, 54.394864999999996], [18.673861666666667, 54.39485833333333], [18.673886666666665, 54.394866666666665], [18.673883333333333, 54.39487], [18.67387, 54.394864999999996], [18.673885, 54.39483666666667], [18.673866666666665, 54.394819999999996], [18.673878333333334, 54.39486], [18.673878333333334, 54.394861666666664], [18.673893333333336, 54.39486333333333], [18.673815, 54.394864999999996], [18.673865, 54.394848333333336], [18.67388833333333, 54.394843333333334], [18.673883333333333, 54.394875], [18.673881666666666, 54.39487], [18.673871666666667, 54.394848333333336], [18.673828333333333, 54.39481], [18.673885, 54.394848333333336], [18.673855, 54.39486333333333], [18.673883333333333, 54.394848333333336], [18.673866666666665, 54.39486333333333], [18.67388, 54.394866666666665], [18.673889999999997, 54.39487], [18.673875, 54.39486333333333], [18.673838333333332, 54.394823333333335], [18.67388, 54.39486333333333], [18.67385833333333, 54.394848333333336], [18.673878333333334, 54.39486], [18.67384, 54.39485166666667], [18.67388, 54.394845000000004], [18.673885, 54.394848333333336], [18.67384666666667, 54.394861666666664], [18.673898333333334, 54.394866666666665], [18.673883333333333, 54.39488166666667], [18.673895, 54.39485833333333], [18.673881666666666, 54.39487166666667], [18.673893333333336, 54.39486], [18.673885, 54.39485], [18.673868333333335, 54.394866666666665], [18.673868333333335, 54.39483499999999], [18.67389166666667, 54.394885], [18.67385833333333, 54.39486333333333], [18.67393, 54.394868333333335], [18.673901666666666, 54.39486], [18.673908333333333, 54.394888333333334], [18.67387, 54.39487833333333], [18.67385833333333, 54.39487], [18.673871666666667, 54.39486], [18.673906666666667, 54.394875], [18.673871666666667, 54.39484], [18.67390333333333, 54.39486333333333], [18.673883333333333, 54.394875], [18.673859999999998, 54.39482666666667], [18.67391, 54.39487], [18.67387666666667, 54.39488166666667], [18.673885, 54.39486333333333], [18.673871666666667, 54.39484], [18.673885, 54.39485], [18.673893333333336, 54.39485666666667], [18.673873333333333, 54.39485333333334], [18.67390333333333, 54.39486333333333], [18.673859999999998, 54.39484], [18.67388, 54.39481833333333], [18.673844999999996, 54.39487], [18.673868333333335, 54.394825], [18.673853333333334, 54.39488333333334], [18.67384666666667, 54.39485166666667], [18.673863333333333, 54.39485833333333], [18.673898333333334, 54.39489666666667], [18.67387, 54.39485], [18.673883333333333, 54.39483499999999], [18.673895, 54.394843333333334], [18.673875, 54.39487833333333], [18.673868333333335, 54.39483666666667], [18.673906666666667, 54.39485], [18.673861666666667, 54.39485833333333], [18.673861666666667, 54.39486], [18.67388, 54.394843333333334], [18.67385, 54.39487833333333], [18.67388, 54.39488166666667], [18.673878333333334, 54.394861666666664], [18.673866666666665, 54.394846666666666], [18.673878333333334, 54.394868333333335], [18.673889999999997, 54.39487666666666], [18.673895, 54.394868333333335], [18.673875, 54.39486], [18.673861666666667, 54.39486], [18.673853333333334, 54.394848333333336], [18.673893333333336, 54.394895], [18.673871666666667, 54.394843333333334], [18.67388833333333, 54.39482833333333], [18.673898333333334, 54.39484], [18.673859999999998, 54.39487999999999], [18.673898333333334, 54.39485333333334], [18.673906666666667, 54.394843333333334], [18.673906666666667, 54.39488333333334], [18.673878333333334, 54.394848333333336], [18.673828333333333, 54.39483833333334], [18.67382, 54.39484166666667], [18.673895, 54.39487], [18.67388833333333, 54.39487833333333], [18.67391, 54.39485], [18.67388, 54.394816666666664], [18.673875, 54.39487], [18.673865, 54.39487666666666], [18.67388833333333, 54.394861666666664], [18.673873333333333, 54.39487666666666], [18.673923333333335, 54.394861666666664], [18.673886666666665, 54.39485166666667], [18.673871666666667, 54.394855], [18.673865, 54.39487166666667], [18.673851666666668, 54.39485833333333], [18.673898333333334, 54.39487333333333]]}, "properties": {"label": "OCEANIA", "mmsi": "261000150", "imo": "8304854", "name": "OCEANIA", "shiptype": "", "first_seen_utc": "2026-01-06T00:08:58Z", "last_seen_utc": "2026-01-15T15:54:44Z", "destination": "GDANSK", "eta": "{'Day': 9, 'Hour': 7, 'Minute': 0, 'Month': 1}", "display": "", "links": "<a href=\"https://www.vesselfinder.com/vessels?name=8304854\" target=\"_blank\" rel=\"noopener\">VesselFinder</a> | <a href=\"https://www.marinetraffic.com/en/ais/search/all?keyword=8304854\" target=\"_blank\" rel=\"noopener\">MarineTraffic</a>", "vf_url": "https://www.vesselfinder.com/vessels?name=8304854", "mst_url": "https://www.marinetraffic.com/en/ais/search/all?keyword=8304854", "method": "v3_2pass_track3d_fromru10d", "ru_seen_in_lookback": true, "in_monitor_on_day": true}}, {"type": "Feature", "geometry": {"type": "Point", "coordinates": [18.673898333333334, 54.39487333333333]}, "properties": {"label": "OCEANIA", "mmsi": "261000150", "imo": "8304854", "name": "OCEANIA", "shiptype": "", "first_seen_utc": "2026-01-06T00:08:58Z", "last_seen_utc": "2026-01-15T15:54:44Z", "destination": "GDANSK", "eta": "{'Day': 9, 'Hour': 7, 'Minute': 0, 'Month': 1}", "display": "OCEANIA (261000150)", "links": "<a href=\"https://www.vesselfinder.com/vessels?name=8304854\" target=\"_blank\" rel=\"noopener\">VesselFinder</a> | <a href=\"https://www.marinetraffic.com/en/ais/search/all?keyword=8304854\" target=\"_blank\" rel=\"noopener\">MarineTraffic</a>", "vf_url": "https://www.vesselfinder.com/vessels?name=8304854", "mst_url": "https://www.marinetraffic.com/en/ais/search/all?keyword=8304854", "method": "v3_2pass_track3d_fromru10d", "ru_seen_in_lookback": true, "in_monitor_on_day": true}}, {"type": "Feature", "geometry": {"type": "LineString", "coordinates": [[18.8008, 54.602205000000005], [18.80078, 54.6022], [18.80077, 54.6022], [18.800765000000002, 54.602195], [18.800765000000002, 54.60221], [18.800755, 54.602195], [18.800745, 54.602195], [18.800785, 54.6022], [18.80078, 54.60222], [18.80077, 54.602205000000005], [18.816125, 54.57414000000001], [18.888295000000003, 54.51479500000001], [18.958840000000002, 54.45523], [18.970399999999998, 54.43396499999999], [19.007545, 54.425200000000004], [19.046435, 54.41696], [19.087255000000003, 54.416045000000004], [19.128024999999997, 54.41832], [19.169179999999997, 54.423365], [19.211025, 54.42519], [19.25314, 54.429245], [19.292595, 54.428374999999996], [19.27673, 54.430524999999996], [19.23886, 54.431000000000004], [19.205655, 54.42100000000001], [19.168345, 54.41619], [19.129275, 54.414605], [19.103009999999998, 54.42449], [19.107225000000003, 54.43508], [19.055735000000002, 54.467725], [18.95823, 54.51619], [18.859865, 54.564730000000004], [18.801645, 54.599945000000005], [18.800755, 54.602215], [18.80079, 54.602215], [18.800785, 54.602205000000005], [18.80078, 54.602205000000005], [18.800774999999998, 54.602205000000005], [18.80077, 54.6022], [18.800765000000002, 54.60221], [18.80077, 54.60219], [18.800774999999998, 54.602215], [18.800774999999998, 54.602205000000005], [18.80077, 54.60221], [18.80078, 54.60221], [18.80077, 54.60221], [18.800765000000002, 54.60221], [18.800774999999998, 54.602215], [18.80078, 54.602195], [18.80078, 54.60221], [18.800765000000002, 54.602215], [18.800774999999998, 54.602195], [18.80076, 54.60222], [18.80079, 54.602195], [18.800765000000002, 54.602195], [18.80077, 54.602205000000005], [18.8008, 54.60221], [18.80077, 54.6022], [18.80078, 54.602205000000005], [18.80077, 54.602205000000005], [18.800765000000002, 54.60221], [18.800774999999998, 54.60221], [18.80079, 54.60222], [18.800774999999998, 54.602205000000005], [18.80077, 54.60221], [18.800785, 54.602195], [18.80077, 54.60221], [18.800774999999998, 54.602205000000005], [18.800785, 54.602215], [18.800774999999998, 54.602215], [18.80079, 54.6022], [18.800785, 54.602205000000005], [18.80077, 54.60222], [18.80079, 54.60221], [18.80078, 54.60221], [18.80078, 54.6022], [18.800785, 54.602205000000005], [18.800785, 54.6022], [18.800774999999998, 54.60221], [18.80077, 54.602215], [18.800805, 54.6022], [18.800774999999998, 54.602205000000005], [18.8008, 54.6022], [18.80078, 54.602205000000005], [18.80077, 54.602205000000005], [18.800785, 54.60221], [18.80078, 54.602195], [18.80078, 54.602205000000005], [18.8008, 54.602205000000005], [18.80077, 54.6022], [18.800765000000002, 54.602205000000005], [18.8008, 54.602195], [18.800774999999998, 54.602205000000005], [18.800785, 54.60221], [18.80079, 54.602205000000005], [18.800765000000002, 54.602185], [18.800795, 54.602215], [18.800785, 54.60222], [18.80077, 54.6022], [18.800774999999998, 54.602205000000005], [18.80078, 54.60219], [18.800755, 54.602205000000005], [18.800835, 54.602185], [18.800810000000002, 54.6022], [18.800785, 54.602185], [18.82658, 54.594075], [18.838385000000002, 54.61937], [18.833525, 54.64126], [18.832505, 54.654970000000006], [18.849155, 54.632315], [18.851760000000002, 54.60803], [18.85225, 54.58497], [18.864469999999997, 54.564595000000004], [18.883505, 54.54607], [18.864945, 54.558144999999996], [18.841869999999997, 54.576915], [18.847905, 54.596715], [18.862475, 54.606855], [18.878045, 54.61509], [18.88151, 54.627224999999996], [18.88173, 54.643445], [18.84809, 54.605760000000004], [18.801105, 54.599885], [18.80167, 54.59993], [18.80076, 54.602195], [18.80079, 54.6022], [18.80077, 54.602205000000005]]}, "properties": {"label": "LEB 62", "mmsi": "261013840", "imo": "", "name": "LEB 62", "shiptype": "", "first_seen_utc": "2026-01-06T00:09:11Z", "last_seen_utc": "2026-01-15T16:11:41Z", "destination": "KEEP SAFE DIST 03AFT", "eta": "{'Day': 0, 'Hour': 24, 'Minute': 60, 'Month': 0}", "display": "", "links": "<a href=\"https://www.vesselfinder.com/vessels?name=261013840\" target=\"_blank\" rel=\"noopener\">VesselFinder</a> | <a href=\"https://www.marinetraffic.com/en/ais/search/all?keyword=261013840\" target=\"_blank\" rel=\"noopener\">MarineTraffic</a>", "vf_url": "https://www.vesselfinder.com/vessels?name=261013840", "mst_url": "https://www.marinetraffic.com/en/ais/search/all?keyword=261013840", "method": "v3_2pass_track3d_fromru10d", "ru_seen_in_lookback": true, "in_monitor_on_day": true}}, {"type": "Feature", "geometry": {"type": "Point", "coordinates": [18.80077, 54.602205000000005]}, "properties": {"label": "LEB 62", "mmsi": "261013840", "imo": "", "name": "LEB 62", "shiptype": "", "first_seen_utc": "2026-01-06T00:09:11Z", "last_seen_utc": "2026-01-15T16:11:41Z", "destination": "KEEP SAFE DIST 03AFT", "eta": "{'Day': 0, 'Hour': 24, 'Minute': 60, 'Month': 0}", "display": "LEB 62 (261013840)", "links": "<a href=\"https://www.vesselfinder.com/vessels?name=261013840\" target=\"_blank\" rel=\"noopener\">VesselFinder</a> | <a href=\"https://www.marinetraffic.com/en/ais/search/all?keyword=261013840\" target=\"_blank\" rel=\"noopener\">MarineTraffic</a>", "vf_url": "https://www.vesselfinder.com/vessels?name=261013840", "mst_url": "https://www.marinetraffic.com/en/ais/search/all?keyword=261013840", "method": "v3_2pass_track3d_fromru10d", "ru_seen_in_lookback": true, "in_monitor_on_day": true}}, {"type": "Feature", "geometry": {"type": "LineString", "coordinates": [[3.9909583333333334, 51.95167], [3.990956666666667, 51.951728333333335], [3.990963333333333, 51.95184], [3.990933333333333, 51.95173], [3.990965, 51.95173166666667], [3.99094, 51.951715], [3.99097, 51.95171666666667], [3.990936666666667, 51.951699999999995], [3.9909766666666666, 51.95167333333333], [3.9909433333333335, 51.951768333333334], [3.990915, 51.951681666666666], [3.9909416666666666, 51.951708333333336], [4.044288333333333, 51.96837166666667], [3.9815466666666666, 52.01667], [3.8965616666666665, 52.03163166666666], [3.880795, 52.070251666666664], [3.897785, 52.15624833333333], [3.8792883333333332, 52.23525666666667], [3.85948, 52.31430666666667], [4.1764600000000005, 52.785981666666665], [4.274078333333334, 52.86392333333333], [4.329011666666667, 52.93046666666667], [4.37968, 52.99876], [4.443316666666666, 53.061675], [4.503286666666667, 53.12642666666667], [4.554943333333333, 53.191336666666665], [4.60498, 53.25991333333333], [4.659081666666666, 53.328968333333336], [4.711033333333333, 53.392471666666665], [4.816578333333334, 53.422109999999996], [4.920141666666667, 53.451096666666665], [5.036829999999999, 53.480623333333334], [5.158736666666667, 53.50785], [5.279566666666667, 53.53196666666667], [5.401418333333334, 53.55683], [5.542953333333333, 53.583585], [5.671256666666666, 53.60622], [5.831013333333333, 53.63599166666667], [6.0195, 53.67095666666667], [6.148916666666667, 53.696061666666665], [6.280901666666667, 53.717416666666665], [7.4037500000000005, 53.881675], [7.528598333333333, 53.89956166666666], [9.040353333333334, 53.86151333333333], [9.107771666666668, 53.883808333333334], [9.130696666666667, 53.88597666666667], [9.143533333333332, 53.892878333333336], [9.143633333333334, 53.89293333333333], [9.329116666666666, 54.123925], [9.400666666666666, 54.16073666666667], [9.4889, 54.183625], [9.573456666666667, 54.20870166666667], [9.621, 54.25720166666667], [9.687045000000001, 54.294426666666666], [9.745785000000001, 54.33963166666667], [9.82991, 54.36369], [9.92069, 54.344186666666666], [10.009500000000001, 54.35648666666667], [10.099395, 54.371779999999994], [10.138105, 54.366200000000006], [10.139815, 54.366025], [10.200353333333334, 54.38986166666667], [10.29369, 54.476548333333334], [10.549996666666667, 54.54741833333333], [10.709598333333334, 54.56402833333333], [10.879954999999999, 54.572896666666665], [11.038884999999999, 54.580236666666664], [11.189075, 54.572118333333336], [11.327846666666666, 54.53628166666667], [11.464815, 54.49480333333334], [11.603280000000002, 54.461731666666665], [11.743030000000001, 54.42006666666667], [11.896971666666667, 54.409126666666666], [12.056265, 54.41142833333333], [12.199596666666668, 54.430011666666665]]}, "properties": {"label": "SVENDBORG", "mmsi": "255805594", "imo": "9454230", "name": "SVENDBORG", "shiptype": "", "first_seen_utc": "2026-01-06T00:09:27Z", "last_seen_utc": "2026-01-15T06:29:50Z", "destination": "PL GDN", "eta": "{'Day': 16, 'Hour': 11, 'Minute': 0, 'Month': 1}", "display": "", "links": "<a href=\"https://www.vesselfinder.com/vessels?name=9454230\" target=\"_blank\" rel=\"noopener\">VesselFinder</a> | <a href=\"https://www.marinetraffic.com/en/ais/search/all?keyword=9454230\" target=\"_blank\" rel=\"noopener\">MarineTraffic</a>", "vf_url": "https://www.vesselfinder.com/vessels?name=9454230", "mst_url": "https://www.marinetraffic.com/en/ais/search/all?keyword=9454230", "method": "v3_2pass_track3d_fromru10d", "ru_seen_in_lookback": true, "in_monitor_on_day": true}}, {"type": "Feature", "geometry": {"type": "Point", "coordinates": [12.199596666666668, 54.430011666666665]}, "properties": {"label": "SVENDBORG", "mmsi": "255805594", "imo": "9454230", "name": "SVENDBORG", "shiptype": "", "first_seen_utc": "2026-01-06T00:09:27Z", "last_seen_utc": "2026-01-15T06:29:50Z", "destination": "PL GDN", "eta": "{'Day': 16, 'Hour': 11, 'Minute': 0, 'Month': 1}", "display": "SVENDBORG (255805594)", "links": "<a href=\"https://www.vesselfinder.com/vessels?name=9454230\" target=\"_blank\" rel=\"noopener\">VesselFinder</a> | <a href=\"https://www.marinetraffic.com/en/ais/search/all?keyword=9454230\" target=\"_blank\" rel=\"noopener\">MarineTraffic</a>", "vf_url": "https://www.vesselfinder.com/vessels?name=9454230", "mst_url": "https://www.marinetraffic.com/en/ais/search/all?keyword=9454230", "method": "v3_2pass_track3d_fromru10d", "ru_seen_in_lookback": true, "in_monitor_on_day": true}}, {"type": "Feature", "geometry": {"type": "LineString", "coordinates": [[12.261858333333333, 54.582436666666666], [12.191145, 54.45544833333334], [11.98577, 54.429625], [11.763948333333333, 54.44641], [11.557089999999999, 54.50206], [11.351425, 54.561173333333336], [11.117595, 54.60767166666667], [10.887755, 54.641110000000005], [10.782945000000002, 54.74005833333333], [10.838213333333334, 54.876575], [10.977300000000001, 54.98708666666666], [10.990886666666666, 55.118219999999994], [11.10402, 55.224828333333335], [11.041348333333334, 55.353851666666664], [10.868605, 55.525128333333335], [10.787378333333333, 55.65057], [10.813573333333332, 55.77842166666667], [10.914085, 55.89133833333334], [11.115643333333333, 56.057273333333335], [10.499995, 57.85055333333333], [10.23462, 57.84578666666666], [10.006868333333333, 57.84081833333333], [9.7723, 57.83497666666666], [9.551425, 57.806355], [9.357376666666665, 57.74827666666667], [9.164591666666666, 57.68329666666667], [8.971756666666666, 57.62480333333333], [8.79008, 57.55809166666666], [8.313391666666666, 57.38290333333334], [8.135476666666667, 57.318795], [3.4894016666666667, 53.36128166666666], [3.2397833333333335, 52.904275]]}, "properties": {"label": "CMA CGM RUNDALE", "mmsi": "256882000", "imo": "9961300", "name": "CMA CGM RUNDALE", "shiptype": "", "first_seen_utc": "2026-01-06T00:09:30Z", "last_seen_utc": "2026-01-15T11:25:05Z", "destination": "GBTIL", "eta": "{'Day': 15, 'Hour': 18, 'Minute': 0, 'Month': 1}", "display": "", "links": "<a href=\"https://www.vesselfinder.com/vessels?name=9961300\" target=\"_blank\" rel=\"noopener\">VesselFinder</a> | <a href=\"https://www.marinetraffic.com/en/ais/search/all?keyword=9961300\" target=\"_blank\" rel=\"noopener\">MarineTraffic</a>", "vf_url": "https://www.vesselfinder.com/vessels?name=9961300", "mst_url": "https://www.marinetraffic.com/en/ais/search/all?keyword=9961300", "method": "v3_2pass_track3d_fromru10d", "ru_seen_in_lookback": true, "in_monitor_on_day": true}}, {"type": "Feature", "geometry": {"type": "Point", "coordinates": [3.2397833333333335, 52.904275]}, "properties": {"label": "CMA CGM RUNDALE", "mmsi": "256882000", "imo": "9961300", "name": "CMA CGM RUNDALE", "shiptype": "", "first_seen_utc": "2026-01-06T00:09:30Z", "last_seen_utc": "2026-01-15T11:25:05Z", "destination": "GBTIL", "eta": "{'Day': 15, 'Hour': 18, 'Minute': 0, 'Month': 1}", "display": "CMA CGM RUNDALE (256882000)", "links": "<a href=\"https://www.vesselfinder.com/vessels?name=9961300\" target=\"_blank\" rel=\"noopener\">VesselFinder</a> | <a href=\"https://www.marinetraffic.com/en/ais/search/all?keyword=9961300\" target=\"_blank\" rel=\"noopener\">MarineTraffic</a>", "vf_url": "https://www.vesselfinder.com/vessels?name=9961300", "mst_url": "https://www.marinetraffic.com/en/ais/search/all?keyword=9961300", "method": "v3_2pass_track3d_fromru10d", "ru_seen_in_lookback": true, "in_monitor_on_day": true}}, {"type": "Feature", "geometry": {"type": "LineString", "coordinates": [[15.503066666666665, 55.75723333333334], [15.350850000000001, 55.6989], [15.194266666666666, 55.64086666666667], [15.027683333333332, 55.58873333333334], [14.854883333333333, 55.53825], [12.243933333333333, 54.60641666666667], [12.19505, 54.5016], [12.065050000000001, 54.43698333333334], [11.872166666666667, 54.43748333333333], [11.684966666666666, 54.46628333333333], [11.511866666666666, 54.51508333333334], [11.331183333333334, 54.56728333333333], [11.149683333333334, 54.62225], [10.97245, 54.68096666666667], [10.8868, 54.7729], [10.89865, 54.888466666666666], [11.018133333333333, 54.98218333333333], [11.0506, 55.1016], [11.102683333333333, 55.21453333333333], [11.042883333333332, 55.3247], [10.868233333333334, 55.545716666666664], [10.79285, 55.65146666666667], [10.871466666666667, 55.72056666666666], [10.905733333333334, 55.71055], [10.9766, 55.69403333333333], [11.088816666666666, 55.671733333333336], [11.09635, 55.67433333333334], [10.992216666666668, 55.683350000000004], [10.842583333333332, 55.668933333333335], [10.823316666666667, 55.57451666666667], [11.031566666666667, 55.35505], [11.076833333333333, 55.25491666666667], [11.053783333333334, 55.156216666666666], [11.026333333333334, 55.0557], [10.970516666666667, 54.9632], [10.8804, 54.88016666666667], [10.8606, 54.787416666666665], [10.878683333333333, 54.69316666666667], [11.021583333333332, 54.64098333333333], [11.160833333333333, 54.588316666666664], [11.306183333333333, 54.540733333333336], [11.458766666666666, 54.491883333333334], [11.621483333333334, 54.4471], [11.7818, 54.40678333333334], [11.959283333333333, 54.39915], [12.134133333333333, 54.39935], [12.250166666666667, 54.48106666666667]]}, "properties": {"label": "ARAGONITH", "mmsi": "209672000", "imo": "9164081", "name": "ARAGONITH", "shiptype": "", "first_seen_utc": "2026-01-06T00:09:48Z", "last_seen_utc": "2026-01-15T13:36:45Z", "destination": "DE LBM", "eta": "{'Day': 15, 'Hour': 21, 'Minute': 0, 'Month': 1}", "display": "", "links": "<a href=\"https://www.vesselfinder.com/vessels?name=9164081\" target=\"_blank\" rel=\"noopener\">VesselFinder</a> | <a href=\"https://www.marinetraffic.com/en/ais/search/all?keyword=9164081\" target=\"_blank\" rel=\"noopener\">MarineTraffic</a>", "vf_url": "https://www.vesselfinder.com/vessels?name=9164081", "mst_url": "https://www.marinetraffic.com/en/ais/search/all?keyword=9164081", "method": "v3_2pass_track3d_fromru10d", "ru_seen_in_lookback": true, "in_monitor_on_day": true}}, {"type": "Feature", "geometry": {"type": "Point", "coordinates": [12.250166666666667, 54.48106666666667]}, "properties": {"label": "ARAGONITH", "mmsi": "209672000", "imo": "9164081", "name": "ARAGONITH", "shiptype": "", "first_seen_utc": "2026-01-06T00:09:48Z", "last_seen_utc": "2026-01-15T13:36:45Z", "destination": "DE LBM", "eta": "{'Day': 15, 'Hour': 21, 'Minute': 0, 'Month': 1}", "display": "ARAGONITH (209672000)", "links": "<a href=\"https://www.vesselfinder.com/vessels?name=9164081\" target=\"_blank\" rel=\"noopener\">VesselFinder</a> | <a href=\"https://www.marinetraffic.com/en/ais/search/all?keyword=9164081\" target=\"_blank\" rel=\"noopener\">MarineTraffic</a>", "vf_url": "https://www.vesselfinder.com/vessels?name=9164081", "mst_url": "https://www.marinetraffic.com/en/ais/search/all?keyword=9164081", "method": "v3_2pass_track3d_fromru10d", "ru_seen_in_lookback": true, "in_monitor_on_day": true}}, {"type": "Feature", "geometry": {"type": "LineString", "coordinates": [[7.04187, 54.43671333333334], [6.990489999999999, 54.39113], [7.000458333333333, 54.385329999999996], [7.018823333333333, 54.392871666666665], [7.036443333333334, 54.39969833333334], [7.055311666666666, 54.406438333333334], [7.074174999999999, 54.41339333333334], [7.093528333333333, 54.420658333333336], [7.115013333333334, 54.429764999999996], [7.134525, 54.440155], [7.163906666666667, 54.46037833333333], [7.19446, 54.525855], [7.5847533333333335, 54.00361], [7.75772, 53.88064333333333], [7.8912700000000005, 53.862856666666666], [8.116583333333333, 53.812443333333334], [8.29918, 53.71312833333333], [8.457638333333334, 53.627534999999995], [8.522005, 53.586733333333335], [8.521406666666667, 53.59303166666667], [8.521398333333334, 53.593025], [8.521396666666666, 53.593028333333336], [8.5214, 53.593035], [8.521396666666666, 53.593028333333336], [8.521391666666666, 53.593025], [8.521391666666666, 53.593021666666665], [8.521398333333334, 53.593028333333336], [8.521408333333333, 53.59303333333333], [8.521401666666668, 53.59303333333333], [8.5214, 53.59303333333333], [8.521393333333332, 53.593035], [8.521396666666666, 53.59303333333333], [8.521401666666668, 53.59303], [8.521401666666668, 53.593023333333335], [8.5214, 53.593035], [8.521393333333332, 53.59303166666667], [8.521401666666668, 53.59303166666667], [8.521398333333334, 53.59302666666667], [8.5214, 53.59302666666667], [8.521403333333334, 53.59303166666667], [8.521406666666667, 53.593035], [8.521388333333332, 53.593041666666664], [8.521385, 53.593028333333336], [8.521391666666666, 53.59303666666666], [8.521383333333334, 53.59303333333333], [8.521396666666666, 53.59303], [8.521388333333332, 53.59303333333333], [8.521395, 53.59302666666667], [8.521403333333334, 53.59303333333333], [8.5214, 53.593035], [8.521393333333332, 53.59303666666666], [8.521391666666666, 53.59303166666667], [8.521398333333334, 53.593028333333336], [8.521401666666668, 53.59303], [8.5214, 53.593035], [8.5214, 53.59303333333333], [8.521393333333332, 53.593039999999995], [8.521388333333332, 53.59303166666667]]}, "properties": {"label": "MAERSK GIRONDE", "mmsi": "563076300", "imo": "9235555", "name": "MAERSK GIRONDE", "shiptype": "", "first_seen_utc": "2026-01-06T00:09:55Z", "last_seen_utc": "2026-01-15T15:49:27Z", "destination": "DEBRV", "eta": "{'Day': 15, 'Hour': 19, 'Minute': 0, 'Month': 1}", "display": "", "links": "<a href=\"https://www.vesselfinder.com/vessels?name=9235555\" target=\"_blank\" rel=\"noopener\">VesselFinder</a> | <a href=\"https://www.marinetraffic.com/en/ais/search/all?keyword=9235555\" target=\"_blank\" rel=\"noopener\">MarineTraffic</a>", "vf_url": "https://www.vesselfinder.com/vessels?name=9235555", "mst_url": "https://www.marinetraffic.com/en/ais/search/all?keyword=9235555", "method": "v3_2pass_track3d_fromru10d", "ru_seen_in_lookback": true, "in_monitor_on_day": true}}, {"type": "Feature", "geometry": {"type": "Point", "coordinates": [8.521388333333332, 53.59303166666667]}, "properties": {"label": "MAERSK GIRONDE", "mmsi": "563076300", "imo": "9235555", "name": "MAERSK GIRONDE", "shiptype": "", "first_seen_utc": "2026-01-06T00:09:55Z", "last_seen_utc": "2026-01-15T15:49:27Z", "destination": "DEBRV", "eta": "{'Day': 15, 'Hour': 19, 'Minute': 0, 'Month': 1}", "display": "MAERSK GIRONDE (563076300)", "links": "<a href=\"https://www.vesselfinder.com/vessels?name=9235555\" target=\"_blank\" rel=\"noopener\">VesselFinder</a> | <a href=\"https://www.marinetraffic.com/en/ais/search/all?keyword=9235555\" target=\"_blank\" rel=\"noopener\">MarineTraffic</a>", "vf_url": "https://www.vesselfinder.com/vessels?name=9235555", "mst_url": "https://www.marinetraffic.com/en/ais/search/all?keyword=9235555", "method": "v3_2pass_track3d_fromru10d", "ru_seen_in_lookback": true, "in_monitor_on_day": true}}, {"type": "Feature", "geometry": {"type": "LineString", "coordinates": [[4.735086666666667, 53.69954833333334], [4.623518333333333, 53.54073666666667], [4.575868333333333, 53.45755166666667], [4.529371666666666, 53.37699], [4.480028333333333, 53.292588333333335], [4.4327266666666665, 53.21074333333333], [4.351515, 53.14337], [4.234523333333334, 53.08400833333334], [4.057591666666666, 52.99493666666667], [3.241516666666667, 52.365775], [2.806343333333333, 51.95963666666667], [2.8615816666666665, 51.89587166666667], [2.9979333333333336, 51.85864], [3.1343933333333336, 51.835815000000004], [3.2435166666666664, 51.84710333333333], [3.2996733333333332, 51.849000000000004], [3.33072, 51.836220000000004], [3.33038, 51.82215166666666], [3.3475083333333333, 51.80260833333333], [3.3513183333333334, 51.801111666666664], [3.34887, 51.800375], [3.3492433333333334, 51.798375], [3.3491566666666666, 51.79844], [3.3491933333333335, 51.79844], [3.3492333333333333, 51.79836833333333], [3.349438333333333, 51.798325], [3.3495516666666663, 51.79842], [3.3499583333333334, 51.79845], [3.35081, 51.79830666666667], [3.351716666666667, 51.798485], [3.3534916666666663, 51.799348333333334], [3.3534366666666666, 51.80061333333333], [3.35094, 51.801395], [3.292195, 51.78134], [3.2390416666666666, 51.725278333333335], [3.186606666666667, 51.642543333333336], [3.149715, 51.558143333333334], [3.05137, 51.49346], [2.9844316666666666, 51.424414999999996], [3.102231666666667, 51.39714], [3.2074416666666665, 51.405051666666665], [3.303615, 51.40508833333333], [3.412555, 51.40911833333333], [3.506628333333333, 51.417455000000004], [3.5958866666666665, 51.430105000000005], [3.693141666666667, 51.426395], [3.7451133333333333, 51.36665833333333], [3.80363, 51.34816333333333], [3.8163883333333337, 51.329458333333335], [3.817018333333333, 51.32875833333333], [3.8225966666666666, 51.322903333333336], [3.833798333333333, 51.299121666666665], [3.828105, 51.25647166666667], [3.8029, 51.21191833333333], [3.792405, 51.166585000000005], [3.7841183333333333, 51.14685833333333], [3.793395, 51.14433], [3.7933783333333335, 51.14438666666667], [3.7934816666666666, 51.14439333333333], [3.793381666666667, 51.14433666666666], [3.7933266666666667, 51.14436], [3.793395, 51.14432333333333], [3.7933866666666662, 51.144325], [3.793403333333333, 51.14434333333334], [3.793381666666667, 51.14434833333333], [3.7934133333333335, 51.14436666666666], [3.793426666666667, 51.14433833333333], [3.793341666666667, 51.144335], [3.7934133333333335, 51.14444833333334], [3.7933783333333335, 51.14429833333334], [3.7933250000000003, 51.144326666666664], [3.7933766666666666, 51.144353333333335], [3.793388333333333, 51.14429166666666], [3.793355, 51.144398333333335], [3.793381666666667, 51.14432333333333], [3.793403333333333, 51.14436166666667], [3.793355, 51.14433], [3.793388333333333, 51.14436], [3.7933766666666666, 51.14430333333333], [3.79339, 51.14431166666667], [3.7933700000000004, 51.144365], [3.7933666666666666, 51.14433833333333], [3.793363333333333, 51.14437], [3.793381666666667, 51.14438333333333], [3.793365, 51.14436833333333], [3.793363333333333, 51.144275], [3.793405, 51.144373333333334], [3.7934133333333335, 51.14435833333334], [3.7933666666666666, 51.144328333333334], [3.7933483333333333, 51.14435]]}, "properties": {"label": "FEDERAL BARENTS", "mmsi": "538006419", "imo": "9697820", "name": "FEDERAL BARENTS", "shiptype": "", "first_seen_utc": "2026-01-06T00:10:03Z", "last_seen_utc": "2026-01-15T15:57:38Z", "destination": "BEGNE", "eta": "{'Day': 14, 'Hour': 22, 'Minute': 0, 'Month': 1}", "display": "", "links": "<a href=\"https://www.vesselfinder.com/vessels?name=9697820\" target=\"_blank\" rel=\"noopener\">VesselFinder</a> | <a href=\"https://www.marinetraffic.com/en/ais/search/all?keyword=9697820\" target=\"_blank\" rel=\"noopener\">MarineTraffic</a>", "vf_url": "https://www.vesselfinder.com/vessels?name=9697820", "mst_url": "https://www.marinetraffic.com/en/ais/search/all?keyword=9697820", "method": "v3_2pass_track3d_fromru10d", "ru_seen_in_lookback": true, "in_monitor_on_day": true}}, {"type": "Feature", "geometry": {"type": "Point", "coordinates": [3.7933483333333333, 51.14435]}, "properties": {"label": "FEDERAL BARENTS", "mmsi": "538006419", "imo": "9697820", "name": "FEDERAL BARENTS", "shiptype": "", "first_seen_utc": "2026-01-06T00:10:03Z", "last_seen_utc": "2026-01-15T15:57:38Z", "destination": "BEGNE", "eta": "{'Day': 14, 'Hour': 22, 'Minute': 0, 'Month': 1}", "display": "FEDERAL BARENTS (538006419)", "links": "<a href=\"https://www.vesselfinder.com/vessels?name=9697820\" target=\"_blank\" rel=\"noopener\">VesselFinder</a> | <a href=\"https://www.marinetraffic.com/en/ais/search/all?keyword=9697820\" target=\"_blank\" rel=\"noopener\">MarineTraffic</a>", "vf_url": "https://www.vesselfinder.com/vessels?name=9697820", "mst_url": "https://www.marinetraffic.com/en/ais/search/all?keyword=9697820", "method": "v3_2pass_track3d_fromru10d", "ru_seen_in_lookback": true, "in_monitor_on_day": true}}, {"type": "Feature", "geometry": {"type": "LineString", "coordinates": [[-1.4207166666666666, 50.89342666666666], [-1.4207383333333332, 50.89337833333333], [-1.4207016666666665, 50.89342666666666], [-1.4207316666666665, 50.89340666666667], [-1.42071, 50.893411666666665], [-1.4207150000000002, 50.893435], [-1.4207533333333333, 50.893391666666666], [-1.4207066666666668, 50.89339], [-1.4206983333333334, 50.893386666666665], [-1.42076, 50.89339666666667], [-1.4207283333333334, 50.89337666666667], [-1.4207433333333335, 50.89341], [-1.42071, 50.893425], [-1.4207033333333332, 50.893436666666666], [-1.4207533333333333, 50.893413333333335], [-1.4206983333333334, 50.89342333333333], [-1.4206933333333334, 50.89341833333334], [-1.42069, 50.8934], [-1.4207333333333334, 50.89341666666667], [-1.42076, 50.89340666666667], [-1.4207066666666668, 50.89341833333334], [-1.4207166666666666, 50.89340333333334], [-1.42077, 50.89341666666667], [-1.4207500000000002, 50.89341666666667], [-1.4207466666666666, 50.89342666666666], [-1.4207466666666666, 50.893415], [-1.4207133333333333, 50.893411666666665], [-1.4207366666666668, 50.89342333333333], [-1.4206983333333334, 50.89339], [-1.4207866666666669, 50.89341], [-1.42072, 50.89341666666667], [-1.4207133333333333, 50.893413333333335], [-1.42074, 50.893395000000005], [-1.4207716666666668, 50.893395000000005], [-1.4207116666666666, 50.893405], [-1.4207666666666665, 50.893415], [-1.42072, 50.893395000000005], [-1.42069, 50.8934], [-1.42071, 50.893413333333335], [-1.4207116666666666, 50.89340666666667], [-1.4207416666666668, 50.89338333333333], [-1.4207316666666665, 50.893425], [-1.42071, 50.89340833333333], [-1.42071, 50.893395000000005], [-1.4207216666666667, 50.893388333333334], [-1.4207283333333334, 50.893415], [-1.4207833333333333, 50.89338166666666], [-1.4207516666666666, 50.89341833333334], [-1.4207333333333334, 50.893411666666665], [-1.4207183333333333, 50.89341833333334], [-1.4207116666666666, 50.893386666666665], [-1.42074, 50.893431666666665], [-1.4207316666666665, 50.893429999999995], [-1.4206983333333334, 50.893413333333335], [-1.4207483333333333, 50.89340666666667], [-1.4207016666666665, 50.89342], [-1.4207466666666666, 50.89340166666667], [-1.420735, 50.89341], [-1.42078, 50.89340666666667], [-1.4207683333333334, 50.893388333333334], [-1.4207633333333334, 50.893388333333334], [-1.4206866666666669, 50.89342], [-1.4207299999999998, 50.893391666666666], [-1.4206933333333334, 50.893429999999995], [-1.4206949999999998, 50.89341666666667], [-1.4206916666666667, 50.8934], [-1.4207333333333334, 50.89338333333333], [-1.4207333333333334, 50.89339], [-1.4207183333333333, 50.89339833333334], [-1.4207766666666666, 50.89342833333333], [-1.4207633333333334, 50.8934], [-1.4207283333333334, 50.89340833333333], [-1.4206933333333334, 50.893425], [-1.4207416666666668, 50.893395000000005], [-1.4207016666666665, 50.89339], [-1.4206916666666667, 50.89337833333333], [-1.4207216666666667, 50.89338], [-1.420725, 50.89340666666667], [-1.420735, 50.89340833333333], [-1.4207533333333333, 50.893405], [-1.42076, 50.89341666666667], [-1.4207266666666667, 50.893388333333334], [-1.4207316666666665, 50.89339666666667], [-1.4207166666666666, 50.893405], [-1.4206866666666669, 50.89342666666666], [-1.4207816666666666, 50.89341833333334], [-1.4207333333333334, 50.89340333333334], [-1.4207016666666665, 50.8934], [-1.4207216666666667, 50.89342333333333], [-1.4207150000000002, 50.893405], [-1.4207150000000002, 50.893395000000005], [-1.4207016666666665, 50.89341666666667], [-1.4207116666666666, 50.893395000000005], [-1.4206766666666666, 50.893413333333335], [-1.4207033333333332, 50.89340333333334], [-1.4207500000000002, 50.89339666666667], [-1.4207150000000002, 50.89340666666667], [-1.4207066666666668, 50.89339666666667], [-1.4207483333333333, 50.89339833333334], [-1.4207483333333333, 50.893391666666666], [-1.4207316666666665, 50.893431666666665], [-1.4207616666666667, 50.893413333333335], [-1.4207066666666668, 50.893395000000005], [-1.4207216666666667, 50.893388333333334], [-1.4207383333333332, 50.89343833333333], [-1.4207633333333334, 50.8934], [-1.4207566666666667, 50.89340166666667], [-1.4207433333333335, 50.893384999999995], [-1.4207366666666668, 50.893433333333334], [-1.420735, 50.893411666666665], [-1.420735, 50.893413333333335], [-1.420735, 50.89341666666667], [-1.4207299999999998, 50.89338333333333], [-1.42074, 50.8934], [-1.4207316666666665, 50.89341], [-1.4207066666666668, 50.8934], [-1.4207333333333334, 50.893433333333334], [-1.4207466666666666, 50.89341666666667], [-1.4207033333333332, 50.89339666666667], [-1.4207216666666667, 50.89339], [-1.4207266666666667, 50.893433333333334], [-1.4206716666666668, 50.893391666666666]]}, "properties": {"label": "EDDYSTONE", "mmsi": "235507000", "imo": "9234070", "name": "EDDYSTONE", "shiptype": "", "first_seen_utc": "2026-01-06T00:10:15Z", "last_seen_utc": "2026-01-15T16:09:47Z", "destination": "GB SOU", "eta": "{'Day': 12, 'Hour': 4, 'Minute': 15, 'Month': 1}", "display": "", "links": "<a href=\"https://www.vesselfinder.com/vessels?name=9234070\" target=\"_blank\" rel=\"noopener\">VesselFinder</a> | <a href=\"https://www.marinetraffic.com/en/ais/search/all?keyword=9234070\" target=\"_blank\" rel=\"noopener\">MarineTraffic</a>", "vf_url": "https://www.vesselfinder.com/vessels?name=9234070", "mst_url": "https://www.marinetraffic.com/en/ais/search/all?keyword=9234070", "method": "v3_2pass_track3d_fromru10d", "ru_seen_in_lookback": true, "in_monitor_on_day": true}}, {"type": "Feature", "geometry": {"type": "Point", "coordinates": [-1.4206716666666668, 50.893391666666666]}, "properties": {"label": "EDDYSTONE", "mmsi": "235507000", "imo": "9234070", "name": "EDDYSTONE", "shiptype": "", "first_seen_utc": "2026-01-06T00:10:15Z", "last_seen_utc": "2026-01-15T16:09:47Z", "destination": "GB SOU", "eta": "{'Day': 12, 'Hour': 4, 'Minute': 15, 'Month': 1}", "display": "EDDYSTONE (235507000)", "links": "<a href=\"https://www.vesselfinder.com/vessels?name=9234070\" target=\"_blank\" rel=\"noopener\">VesselFinder</a> | <a href=\"https://www.marinetraffic.com/en/ais/search/all?keyword=9234070\" target=\"_blank\" rel=\"noopener\">MarineTraffic</a>", "vf_url": "https://www.vesselfinder.com/vessels?name=9234070", "mst_url": "https://www.marinetraffic.com/en/ais/search/all?keyword=9234070", "method": "v3_2pass_track3d_fromru10d", "ru_seen_in_lookback": true, "in_monitor_on_day": true}}, {"type": "Feature", "geometry": {"type": "LineString", "coordinates": [[18.675343333333334, 54.39493], [18.654568333333334, 54.434099999999994], [18.720626666666664, 54.47576], [18.793484999999997, 54.51492], [18.868393333333334, 54.55425666666667], [18.937431666666665, 54.59715666666667], [19.007275, 54.639244999999995], [19.078725000000002, 54.680555], [19.152506666666667, 54.72193666666667], [19.144228333333334, 54.755815], [19.160453333333333, 54.78152166666666], [19.158873333333336, 54.812365], [19.159618333333334, 54.815065], [19.16217333333333, 54.76538], [19.160206666666667, 54.81543166666667], [19.158583333333336, 54.848715], [19.013733333333334, 54.62484666666667], [18.925283333333333, 54.56422666666666], [18.852885, 54.52891833333333], [18.775458333333333, 54.494103333333335], [18.700136666666666, 54.458706666666664], [18.656401666666667, 54.416475], [18.672236666666667, 54.391238333333334], [18.672248333333336, 54.391216666666665], [18.672236666666667, 54.39123], [18.672245, 54.391215], [18.67221333333333, 54.39122], [18.672221666666665, 54.39120666666667], [18.67222, 54.39124], [18.672225, 54.39124], [18.67224333333333, 54.391218333333335], [18.67224, 54.391196666666666], [18.672218333333333, 54.39122333333333], [18.67221333333333, 54.39124], [18.67221333333333, 54.39118333333333], [18.672251666666668, 54.391173333333334], [18.672226666666667, 54.391225], [18.67221, 54.39125666666666], [18.67224666666667, 54.39123], [18.67221333333333, 54.391218333333335], [18.67222, 54.39124666666667], [18.67220166666667, 54.39117666666667], [18.67226, 54.39126], [18.672251666666668, 54.39125333333333], [18.672251666666668, 54.39122833333333], [18.67222333333333, 54.391215], [18.67224666666667, 54.39118833333334], [18.672235, 54.39118], [18.67222333333333, 54.391238333333334], [18.672265, 54.391218333333335], [18.672233333333335, 54.391218333333335], [18.672193333333333, 54.39121333333333], [18.672255, 54.39122833333333], [18.672275, 54.39123333333334], [18.672253333333334, 54.39122166666667], [18.672256666666666, 54.39123333333334], [18.67226, 54.39116], [18.672218333333333, 54.39121166666666], [18.67224333333333, 54.391173333333334], [18.672253333333334, 54.39122333333333], [18.67224, 54.391195], [18.672273333333333, 54.391175], [18.672265, 54.39120833333333], [18.672273333333333, 54.39119166666667], [18.672286666666665, 54.39120666666667], [18.672258333333332, 54.39121333333333], [18.672236666666667, 54.391200000000005], [18.672275, 54.39120833333333], [18.672250000000002, 54.39123166666666], [18.672251666666668, 54.391196666666666], [18.672250000000002, 54.39119], [18.672230000000003, 54.39123166666666], [18.672304999999998, 54.39122], [18.672226666666667, 54.391215], [18.672258333333332, 54.391241666666666], [18.672311666666666, 54.39122333333333], [18.672218333333333, 54.39121333333333], [18.672255, 54.39122833333333], [18.672278333333335, 54.39117], [18.672263333333333, 54.391218333333335], [18.672216666666667, 54.39121], [18.67222333333333, 54.39124], [18.672255, 54.39122666666666], [18.672225, 54.391215], [18.67219833333333, 54.391235], [18.672671666666666, 54.39155], [18.672633333333334, 54.39155166666667], [18.672651666666663, 54.39156833333333], [18.672703333333335, 54.391598333333334], [18.672675, 54.39158666666666], [18.672688333333333, 54.39158833333333]]}, "properties": {"label": "MARINA STELARA", "mmsi": "218031900", "imo": "7607209", "name": "MARINA STELARA", "shiptype": "", "first_seen_utc": "2026-01-06T00:10:29Z", "last_seen_utc": "2026-01-15T15:57:02Z", "destination": "PLGDN", "eta": "{'Day': 14, 'Hour': 4, 'Minute': 0, 'Month': 1}", "display": "", "links": "<a href=\"https://www.vesselfinder.com/vessels?name=7607209\" target=\"_blank\" rel=\"noopener\">VesselFinder</a> | <a href=\"https://www.marinetraffic.com/en/ais/search/all?keyword=7607209\" target=\"_blank\" rel=\"noopener\">MarineTraffic</a>", "vf_url": "https://www.vesselfinder.com/vessels?name=7607209", "mst_url": "https://www.marinetraffic.com/en/ais/search/all?keyword=7607209", "method": "v3_2pass_track3d_fromru10d", "ru_seen_in_lookback": true, "in_monitor_on_day": true}}, {"type": "Feature", "geometry": {"type": "Point", "coordinates": [18.672688333333333, 54.39158833333333]}, "properties": {"label": "MARINA STELARA", "mmsi": "218031900", "imo": "7607209", "name": "MARINA STELARA", "shiptype": "", "first_seen_utc": "2026-01-06T00:10:29Z", "last_seen_utc": "2026-01-15T15:57:02Z", "destination": "PLGDN", "eta": "{'Day': 14, 'Hour': 4, 'Minute': 0, 'Month': 1}", "display": "MARINA STELARA (218031900)", "links": "<a href=\"https://www.vesselfinder.com/vessels?name=7607209\" target=\"_blank\" rel=\"noopener\">VesselFinder</a> | <a href=\"https://www.marinetraffic.com/en/ais/search/all?keyword=7607209\" target=\"_blank\" rel=\"noopener\">MarineTraffic</a>", "vf_url": "https://www.vesselfinder.com/vessels?name=7607209", "mst_url": "https://www.marinetraffic.com/en/ais/search/all?keyword=7607209", "method": "v3_2pass_track3d_fromru10d", "ru_seen_in_lookback": true, "in_monitor_on_day": true}}, {"type": "Feature", "geometry": {"type": "LineString", "coordinates": [[19.0215, 54.91016666666667], [19.036833333333334, 54.78933333333334], [19.049833333333332, 54.67333333333333], [19.032666666666668, 54.5635], [18.943833333333334, 54.45733333333333], [18.81683333333333, 54.44833333333334], [18.816333333333333, 54.44916666666666], [18.816333333333333, 54.449333333333335]]}, "properties": {"label": "RAGNA", "mmsi": "211265530", "imo": "9173329", "name": "RAGNA", "shiptype": "", "first_seen_utc": "2026-01-06T00:10:40Z", "last_seen_utc": "2026-01-15T15:51:14Z", "destination": "PLGDN", "eta": "{'Day': 15, 'Hour': 16, 'Minute': 0, 'Month': 1}", "display": "", "links": "<a href=\"https://www.vesselfinder.com/vessels?name=9173329\" target=\"_blank\" rel=\"noopener\">VesselFinder</a> | <a href=\"https://www.marinetraffic.com/en/ais/search/all?keyword=9173329\" target=\"_blank\" rel=\"noopener\">MarineTraffic</a>", "vf_url": "https://www.vesselfinder.com/vessels?name=9173329", "mst_url": "https://www.marinetraffic.com/en/ais/search/all?keyword=9173329", "method": "v3_2pass_track3d_fromru10d", "ru_seen_in_lookback": true, "in_monitor_on_day": true}}, {"type": "Feature", "geometry": {"type": "Point", "coordinates": [18.816333333333333, 54.449333333333335]}, "properties": {"label": "RAGNA", "mmsi": "211265530", "imo": "9173329", "name": "RAGNA", "shiptype": "", "first_seen_utc": "2026-01-06T00:10:40Z", "last_seen_utc": "2026-01-15T15:51:14Z", "destination": "PLGDN", "eta": "{'Day': 15, 'Hour': 16, 'Minute': 0, 'Month': 1}", "display": "RAGNA (211265530)", "links": "<a href=\"https://www.vesselfinder.com/vessels?name=9173329\" target=\"_blank\" rel=\"noopener\">VesselFinder</a> | <a href=\"https://www.marinetraffic.com/en/ais/search/all?keyword=9173329\" target=\"_blank\" rel=\"noopener\">MarineTraffic</a>", "vf_url": "https://www.vesselfinder.com/vessels?name=9173329", "mst_url": "https://www.marinetraffic.com/en/ais/search/all?keyword=9173329", "method": "v3_2pass_track3d_fromru10d", "ru_seen_in_lookback": true, "in_monitor_on_day": true}}, {"type": "Feature", "geometry": {"type": "LineString", "coordinates": [[18.729501666666668, 54.38222333333333], [18.72944, 54.38211166666667], [18.729456666666668, 54.38231], [18.729773333333334, 54.38243666666666], [18.729578333333333, 54.382243333333335], [18.729418333333335, 54.38209], [18.72938, 54.382145], [18.72949, 54.38226833333333], [18.729516666666665, 54.38218], [18.729555, 54.382259999999995], [18.729341666666667, 54.382295], [18.729541666666666, 54.38220333333334], [18.729566666666663, 54.382259999999995], [18.729621666666667, 54.382198333333335], [18.729789999999998, 54.38236166666666], [18.729588333333332, 54.382216666666665], [18.72954, 54.38205], [18.729635, 54.38223], [18.729535, 54.38219], [18.72952666666667, 54.382016666666665], [18.729445, 54.382235], [18.72965, 54.382165], [18.729533333333332, 54.38218833333334], [18.729578333333333, 54.38222833333334], [18.729638333333334, 54.38223666666667], [18.72949, 54.382068333333336], [18.729513333333333, 54.382214999999995], [18.729446666666668, 54.382235], [18.729516666666665, 54.382175], [18.72951, 54.38224666666667], [18.729578333333333, 54.38227666666667], [18.729446666666668, 54.38218333333334], [18.729498333333332, 54.38218333333334], [18.72951, 54.382128333333334], [18.729331666666667, 54.382218333333334], [18.729643333333335, 54.38209], [18.729391666666668, 54.38240833333334], [18.729501666666668, 54.38222666666666], [18.729491666666668, 54.38212166666666], [18.729548333333334, 54.38209666666667], [18.729615000000003, 54.38218666666667], [18.729756666666667, 54.38220166666667], [18.729635, 54.382221666666666], [18.729586666666666, 54.382216666666665], [18.729486666666666, 54.38213], [18.729528333333334, 54.382171666666665], [18.729581666666665, 54.38228166666667], [18.72955166666667, 54.382205], [18.729493333333334, 54.38223333333334], [18.729375, 54.382165], [18.729519999999997, 54.382221666666666], [18.729483333333334, 54.382169999999995], [18.729606666666665, 54.382261666666665], [18.729395, 54.38205666666667], [18.729596666666666, 54.38240166666667], [18.729435000000002, 54.38225166666667], [18.729491666666668, 54.382153333333335], [18.729495, 54.38216833333333], [18.729498333333332, 54.382165], [18.729483333333334, 54.382195], [18.72954, 54.38221333333333], [18.729575, 54.382175], [18.72955, 54.38213333333333], [18.729603333333333, 54.382185], [18.729558333333333, 54.38227333333334], [18.729483333333334, 54.382155], [18.729390000000002, 54.38214166666667], [18.729546666666668, 54.38217833333333], [18.729466666666667, 54.382075], [18.72964, 54.38222833333334], [18.729703333333337, 54.381951666666666], [18.729463333333335, 54.38222], [18.72948166666667, 54.38219166666667], [18.729431666666667, 54.38213], [18.729496666666666, 54.382261666666665], [18.729548333333334, 54.38218333333334], [18.72955, 54.382221666666666], [18.72929, 54.38226833333333], [18.729766666666666, 54.382108333333335], [18.72969, 54.382171666666665], [18.729621666666667, 54.38214166666667], [18.729513333333333, 54.382216666666665], [18.729486666666666, 54.38227666666667], [18.729298333333336, 54.38212166666666], [18.729626666666665, 54.382165], [18.729591666666668, 54.38218666666667], [18.729588333333332, 54.382235], [18.72955, 54.38221], [18.729541666666666, 54.382235], [18.729443333333332, 54.38216833333333], [18.729501666666668, 54.38217833333333], [18.729533333333332, 54.382241666666665], [18.73557, 54.38435333333334], [18.793143333333333, 54.41044333333333], [18.981033333333336, 54.44043], [19.090308333333333, 54.565873333333336], [19.07195, 54.71176333333334], [18.916908333333332, 54.823571666666666], [18.727028333333333, 54.919641666666664], [18.514623333333336, 54.99453333333334], [18.199663333333334, 54.980425], [14.978723333333333, 54.68002666666666], [14.288826666666667, 54.65632], [14.08794, 54.69267166666667], [13.892636666666668, 54.72808666666666]]}, "properties": {"label": "MSC TOPAZ", "mmsi": "636017916", "imo": "9502908", "name": "MSC TOPAZ", "shiptype": "", "first_seen_utc": "2026-01-06T00:11:07Z", "last_seen_utc": "2026-01-15T14:02:02Z", "destination": "BREMERHAVEN", "eta": "{'Day': 17, 'Hour': 10, 'Minute': 0, 'Month': 12}", "display": "", "links": "<a href=\"https://www.vesselfinder.com/vessels?name=9502908\" target=\"_blank\" rel=\"noopener\">VesselFinder</a> | <a href=\"https://www.marinetraffic.com/en/ais/search/all?keyword=9502908\" target=\"_blank\" rel=\"noopener\">MarineTraffic</a>", "vf_url": "https://www.vesselfinder.com/vessels?name=9502908", "mst_url": "https://www.marinetraffic.com/en/ais/search/all?keyword=9502908", "method": "v3_2pass_track3d_fromru10d", "ru_seen_in_lookback": true, "in_monitor_on_day": true}}, {"type": "Feature", "geometry": {"type": "Point", "coordinates": [13.892636666666668, 54.72808666666666]}, "properties": {"label": "MSC TOPAZ", "mmsi": "636017916", "imo": "9502908", "name": "MSC TOPAZ", "shiptype": "", "first_seen_utc": "2026-01-06T00:11:07Z", "last_seen_utc": "2026-01-15T14:02:02Z", "destination": "BREMERHAVEN", "eta": "{'Day': 17, 'Hour': 10, 'Minute': 0, 'Month': 12}", "display": "MSC TOPAZ (636017916)", "links": "<a href=\"https://www.vesselfinder.com/vessels?name=9502908\" target=\"_blank\" rel=\"noopener\">VesselFinder</a> | <a href=\"https://www.marinetraffic.com/en/ais/search/all?keyword=9502908\" target=\"_blank\" rel=\"noopener\">MarineTraffic</a>", "vf_url": "https://www.vesselfinder.com/vessels?name=9502908", "mst_url": "https://www.marinetraffic.com/en/ais/search/all?keyword=9502908", "method": "v3_2pass_track3d_fromru10d", "ru_seen_in_lookback": true, "in_monitor_on_day": true}}, {"type": "Feature", "geometry": {"type": "LineString", "coordinates": [[9.721971666666667, 54.327165], [9.794693333333333, 54.36179], [9.888276666666666, 54.35417333333333], [9.981545, 54.344325000000005], [10.068268333333332, 54.363645], [10.137475, 54.366155000000006], [10.141866666666665, 54.365561666666665], [10.152538333333332, 54.36396333333333], [10.235983333333333, 54.44090166666667], [10.534933333333333, 54.549461666666666], [10.756876666666667, 54.57154833333333], [10.97867, 54.583976666666665], [11.190625, 54.58040833333334], [11.375106666666666, 54.530078333333336], [11.579498333333333, 54.472535], [11.787275, 54.41676833333334], [12.012553333333333, 54.41444666666666], [12.201228333333335, 54.451005], [12.301671666666666, 54.56382333333333], [18.36321, 54.944116666666666], [18.5817, 54.936775], [18.748825, 54.865808333333334], [18.902848333333335, 54.79606833333333], [19.02693833333333, 54.71445166666667], [19.070575, 54.607126666666666], [18.985844999999998, 54.507963333333336], [18.87845666666667, 54.42847666666667], [18.759948333333334, 54.406214999999996], [18.721411666666665, 54.396589999999996], [18.714771666666664, 54.38581166666667], [18.715466666666668, 54.38507333333334], [18.71546, 54.38507166666667], [18.715498333333336, 54.385081666666665], [18.71546, 54.385081666666665], [18.715515, 54.385128333333334], [18.715498333333336, 54.38507333333334], [18.715496666666663, 54.385088333333336], [18.715525, 54.385070000000006], [18.715498333333336, 54.385125], [18.715461666666666, 54.385040000000004], [18.715461666666666, 54.38506833333334], [18.715486666666667, 54.385065000000004], [18.715494999999997, 54.385065000000004], [18.715483333333335, 54.385101666666664], [18.71549333333333, 54.38507333333334], [18.715453333333336, 54.385038333333334], [18.715483333333335, 54.385081666666665], [18.715505, 54.385081666666665], [18.715491666666665, 54.38508], [18.715505, 54.385081666666665], [18.71548, 54.38505833333333], [18.715511666666664, 54.38507666666667], [18.715526666666666, 54.38506833333334], [18.715445, 54.385065000000004], [18.715491666666665, 54.385101666666664], [18.71553833333333, 54.38505833333333], [18.715508333333332, 54.385088333333336], [18.715491666666665, 54.385070000000006], [18.715498333333336, 54.38505166666666], [18.715500000000002, 54.38506333333333], [18.715465, 54.38507666666667], [18.71549, 54.38507666666667], [18.72026333333333, 54.39024333333334], [18.81672166666667, 54.41551666666667], [18.994843333333332, 54.458904999999994], [19.104076666666668, 54.58931166666667], [19.087923333333332, 54.73011833333333], [19.059676666666668, 54.87175333333333], [19.033646666666666, 55.01166833333333]]}, "properties": {"label": "ELBSPRING", "mmsi": "255916486", "imo": "9462794", "name": "ELBSPRING", "shiptype": "", "first_seen_utc": "2026-01-06T00:12:02Z", "last_seen_utc": "2026-01-15T01:42:47Z", "destination": "LTKLJ", "eta": "{'Day': 15, 'Hour': 10, 'Minute': 30, 'Month': 1}", "display": "", "links": "<a href=\"https://www.vesselfinder.com/vessels?name=9462794\" target=\"_blank\" rel=\"noopener\">VesselFinder</a> | <a href=\"https://www.marinetraffic.com/en/ais/search/all?keyword=9462794\" target=\"_blank\" rel=\"noopener\">MarineTraffic</a>", "vf_url": "https://www.vesselfinder.com/vessels?name=9462794", "mst_url": "https://www.marinetraffic.com/en/ais/search/all?keyword=9462794", "method": "v3_2pass_track3d_fromru10d", "ru_seen_in_lookback": true, "in_monitor_on_day": true}}, {"type": "Feature", "geometry": {"type": "Point", "coordinates": [19.033646666666666, 55.01166833333333]}, "properties": {"label": "ELBSPRING", "mmsi": "255916486", "imo": "9462794", "name": "ELBSPRING", "shiptype": "", "first_seen_utc": "2026-01-06T00:12:02Z", "last_seen_utc": "2026-01-15T01:42:47Z", "destination": "LTKLJ", "eta": "{'Day': 15, 'Hour': 10, 'Minute': 30, 'Month': 1}", "display": "ELBSPRING (255916486)", "links": "<a href=\"https://www.vesselfinder.com/vessels?name=9462794\" target=\"_blank\" rel=\"noopener\">VesselFinder</a> | <a href=\"https://www.marinetraffic.com/en/ais/search/all?keyword=9462794\" target=\"_blank\" rel=\"noopener\">MarineTraffic</a>", "vf_url": "https://www.vesselfinder.com/vessels?name=9462794", "mst_url": "https://www.marinetraffic.com/en/ais/search/all?keyword=9462794", "method": "v3_2pass_track3d_fromru10d", "ru_seen_in_lookback": true, "in_monitor_on_day": true}}, {"type": "Feature", "geometry": {"type": "LineString", "coordinates": [[18.86216, 54.445523333333334], [18.862000000000002, 54.445523333333334], [18.861848333333334, 54.44554166666667], [18.861666666666668, 54.44552833333333], [18.860991666666667, 54.44549166666666], [18.861003333333333, 54.44551], [18.860545000000002, 54.445368333333334], [18.860619999999997, 54.44540166666666], [18.860295, 54.445298333333334], [18.860433333333333, 54.445365], [18.86052833333333, 54.44540666666667], [18.860511666666664, 54.44536666666667], [18.86078, 54.44545], [18.86108, 54.44549666666667], [18.861015000000002, 54.445475], [18.861081666666667, 54.44549166666666], [18.861486666666668, 54.44556166666667], [18.86152, 54.44557833333333], [18.86143666666667, 54.445568333333334], [18.861533333333334, 54.44557833333333], [18.861923333333333, 54.44558833333333], [18.8617, 54.44558166666666], [18.861620000000002, 54.44557666666666], [18.861601666666665, 54.44554166666667], [18.86139166666667, 54.44555666666667], [18.86122333333333, 54.445478333333334], [18.86108833333333, 54.445508333333336], [18.860883333333334, 54.445463333333336], [18.860628333333334, 54.445418333333336], [18.86052833333333, 54.44541166666667], [18.860395, 54.44536333333333], [18.86037, 54.44536], [18.86027, 54.44533], [18.860318333333332, 54.44536166666667], [18.860281666666666, 54.445344999999996], [18.86041, 54.44541666666667], [18.860698333333335, 54.445503333333335], [18.86052833333333, 54.44545], [18.860703333333333, 54.445475], [18.86089666666667, 54.44553666666666], [18.86075333333333, 54.44553166666667], [18.860905, 54.445575], [18.860591666666668, 54.44551166666667], [18.86078, 54.44554666666667], [18.860745, 54.44554666666667], [18.860653333333335, 54.44553166666667], [18.860568333333333, 54.44551333333333], [18.860556666666664, 54.44555666666667], [18.86055, 54.44554666666667], [18.860666666666667, 54.445550000000004], [18.860743333333335, 54.44558], [18.860511666666664, 54.44552833333333], [18.860633333333332, 54.44555833333333], [18.86063, 54.445568333333334], [18.860726666666668, 54.445591666666665], [18.860521666666667, 54.44555666666667], [18.86043, 54.445545], [18.860485, 54.44555666666667], [18.860466666666664, 54.44559666666667], [18.86025, 54.44554666666667], [18.860288333333333, 54.445521666666664], [18.860290000000003, 54.44559], [18.860288333333333, 54.445593333333335], [18.860116666666666, 54.445555], [18.86000166666667, 54.44553333333333], [18.86020166666667, 54.44560166666667], [18.860173333333332, 54.444206666666666], [18.81543, 54.41592], [18.707055, 54.39666], [18.70718, 54.39646833333334], [18.707175, 54.39647], [18.707175, 54.39646833333334], [18.707171666666667, 54.39646333333334], [18.707176666666665, 54.396454999999996], [18.70717833333333, 54.39646333333334], [18.70717833333333, 54.396465], [18.707183333333333, 54.39646333333334], [18.70717833333333, 54.39646166666667], [18.707181666666667, 54.396460000000005], [18.70718833333333, 54.396465], [18.70718833333333, 54.39646166666667], [18.707186666666665, 54.396465], [18.70718833333333, 54.396465], [18.70719, 54.39645666666667], [18.70718833333333, 54.39645666666667], [18.707183333333333, 54.396454999999996], [18.70718, 54.396460000000005], [18.707176666666665, 54.396465], [18.707168333333335, 54.39646333333334], [18.707175, 54.39646333333334], [18.70717833333333, 54.39646333333334], [18.70718, 54.39646333333334], [18.707181666666667, 54.396460000000005], [18.707181666666667, 54.39646166666667], [18.707175, 54.39646333333334], [18.707176666666665, 54.396460000000005], [18.707171666666667, 54.39646333333334], [18.707168333333335, 54.39646833333334], [18.70717, 54.39646666666667], [18.70717833333333, 54.39646166666667], [18.707186666666665, 54.396465], [18.70717, 54.39646166666667], [18.707173333333333, 54.39646166666667], [18.707176666666665, 54.39646333333334], [18.707171666666667, 54.396458333333335], [18.707171666666667, 54.39646333333334], [18.70717833333333, 54.39645666666667], [18.707173333333333, 54.39646666666667], [18.70718, 54.39646833333334], [18.707168333333335, 54.396475], [18.70717833333333, 54.396460000000005], [18.707176666666665, 54.39646333333334], [18.70718, 54.396458333333335], [18.707183333333333, 54.39646166666667], [18.707183333333333, 54.39646833333334], [18.70718, 54.39646833333334], [18.707181666666667, 54.39646833333334], [18.707181666666667, 54.396458333333335], [18.707176666666665, 54.39646166666667], [18.70717833333333, 54.39646166666667], [18.707193333333333, 54.39646166666667]]}, "properties": {"label": "HAPPY PEREGRINE", "mmsi": "219558000", "imo": "9553660", "name": "HAPPY PEREGRINE", "shiptype": "", "first_seen_utc": "2026-01-06T00:13:01Z", "last_seen_utc": "2026-01-15T16:12:21Z", "destination": "SEKAN", "eta": "{'Day': 16, 'Hour': 10, 'Minute': 0, 'Month': 1}", "display": "", "links": "<a href=\"https://www.vesselfinder.com/vessels?name=9553660\" target=\"_blank\" rel=\"noopener\">VesselFinder</a> | <a href=\"https://www.marinetraffic.com/en/ais/search/all?keyword=9553660\" target=\"_blank\" rel=\"noopener\">MarineTraffic</a>", "vf_url": "https://www.vesselfinder.com/vessels?name=9553660", "mst_url": "https://www.marinetraffic.com/en/ais/search/all?keyword=9553660", "method": "v3_2pass_track3d_fromru10d", "ru_seen_in_lookback": true, "in_monitor_on_day": true}}, {"type": "Feature", "geometry": {"type": "Point", "coordinates": [18.707193333333333, 54.39646166666667]}, "properties": {"label": "HAPPY PEREGRINE", "mmsi": "219558000", "imo": "9553660", "name": "HAPPY PEREGRINE", "shiptype": "", "first_seen_utc": "2026-01-06T00:13:01Z", "last_seen_utc": "2026-01-15T16:12:21Z", "destination": "SEKAN", "eta": "{'Day': 16, 'Hour': 10, 'Minute': 0, 'Month': 1}", "display": "HAPPY PEREGRINE (219558000)", "links": "<a href=\"https://www.vesselfinder.com/vessels?name=9553660\" target=\"_blank\" rel=\"noopener\">VesselFinder</a> | <a href=\"https://www.marinetraffic.com/en/ais/search/all?keyword=9553660\" target=\"_blank\" rel=\"noopener\">MarineTraffic</a>", "vf_url": "https://www.vesselfinder.com/vessels?name=9553660", "mst_url": "https://www.marinetraffic.com/en/ais/search/all?keyword=9553660", "method": "v3_2pass_track3d_fromru10d", "ru_seen_in_lookback": true, "in_monitor_on_day": true}}, {"type": "Feature", "geometry": {"type": "LineString", "coordinates": [[15.877666666666666, 55.72471666666667], [15.586549999999999, 55.681400000000004], [15.40265, 55.654716666666666], [15.227883333333333, 55.61781666666666], [15.0645, 55.57326666666667], [14.900333333333332, 55.52681666666667], [14.7402, 55.477783333333335], [14.579316666666667, 55.42531666666666], [14.464166666666667, 55.34475], [14.350883333333334, 55.264633333333336]]}, "properties": {"label": "KASTOS I", "mmsi": "352004029", "imo": "9282297", "name": "KASTOS I", "shiptype": "", "first_seen_utc": "2026-01-06T00:13:35Z", "last_seen_utc": "2026-01-15T15:57:11Z", "destination": "MERSIN,TURKEY", "eta": "{'Day': 31, 'Hour': 20, 'Minute': 0, 'Month': 1}", "display": "", "links": "<a href=\"https://www.vesselfinder.com/vessels?name=9282297\" target=\"_blank\" rel=\"noopener\">VesselFinder</a> | <a href=\"https://www.marinetraffic.com/en/ais/search/all?keyword=9282297\" target=\"_blank\" rel=\"noopener\">MarineTraffic</a>", "vf_url": "https://www.vesselfinder.com/vessels?name=9282297", "mst_url": "https://www.marinetraffic.com/en/ais/search/all?keyword=9282297", "method": "v3_2pass_track3d_fromru10d", "ru_seen_in_lookback": true, "in_monitor_on_day": true}}, {"type": "Feature", "geometry": {"type": "Point", "coordinates": [14.350883333333334, 55.264633333333336]}, "properties": {"label": "KASTOS I", "mmsi": "352004029", "imo": "9282297", "name": "KASTOS I", "shiptype": "", "first_seen_utc": "2026-01-06T00:13:35Z", "last_seen_utc": "2026-01-15T15:57:11Z", "destination": "MERSIN,TURKEY", "eta": "{'Day': 31, 'Hour': 20, 'Minute': 0, 'Month': 1}", "display": "KASTOS I (352004029)", "links": "<a href=\"https://www.vesselfinder.com/vessels?name=9282297\" target=\"_blank\" rel=\"noopener\">VesselFinder</a> | <a href=\"https://www.marinetraffic.com/en/ais/search/all?keyword=9282297\" target=\"_blank\" rel=\"noopener\">MarineTraffic</a>", "vf_url": "https://www.vesselfinder.com/vessels?name=9282297", "mst_url": "https://www.marinetraffic.com/en/ais/search/all?keyword=9282297", "method": "v3_2pass_track3d_fromru10d", "ru_seen_in_lookback": true, "in_monitor_on_day": true}}, {"type": "Feature", "geometry": {"type": "LineString", "coordinates": [[18.707136666666667, 54.39633666666667], [18.707155, 54.396348333333336], [18.707176666666665, 54.396345], [18.707215, 54.39635166666667], [18.70716, 54.39633166666667], [18.707185, 54.39634], [18.70719666666667, 54.39633], [18.707173333333333, 54.396346666666666], [18.707186666666665, 54.39638166666667], [18.70718, 54.39638333333333], [18.707175, 54.39634], [18.707150000000002, 54.396345], [18.707148333333336, 54.396355], [18.70716, 54.39633833333333], [18.70717, 54.396345], [18.707153333333334, 54.39631833333333], [18.70716666666667, 54.39632833333334], [18.707195000000002, 54.39632833333334], [18.70716, 54.396323333333335], [18.707151666666668, 54.396325000000004], [18.71207, 54.39685166666666], [18.8474, 54.420428333333334], [18.996818333333334, 54.455895000000005], [19.072080000000003, 54.55097], [19.10580666666667, 54.64760166666667], [19.051161666666665, 54.74446666666667], [18.89931, 54.92556166666667], [15.55948, 55.88585666666667], [15.390916666666667, 55.93138], [15.227756666666666, 55.97849166666666], [15.067910000000001, 56.025144999999995], [14.905236666666667, 56.070254999999996], [14.856938333333334, 56.11221166666667], [14.856306666666667, 56.11457333333333], [14.855856666666666, 56.11440833333334], [14.856451666666667, 56.114623333333334], [14.856308333333335, 56.114754999999995], [14.856743333333332, 56.114871666666666], [14.856235, 56.11474333333333], [14.856425, 56.11480666666667], [14.856488333333335, 56.11479333333333], [14.856813333333333, 56.11488333333333], [14.857245, 56.11494666666667], [14.857508333333334, 56.114911666666664], [14.857436666666667, 56.114855], [14.857088333333333, 56.114850000000004], [14.857028333333334, 56.114810000000006], [14.856875, 56.114855], [14.856955, 56.11483666666666], [14.857063333333334, 56.11472666666667], [14.857236666666667, 56.11474166666667], [14.85735, 56.114670000000004], [14.858121666666667, 56.11466333333333], [14.857190000000001, 56.11477166666667], [14.857679999999998, 56.11478833333333], [14.858236666666667, 56.11477], [14.858640000000001, 56.11462166666667], [14.858683333333333, 56.114538333333336], [14.859381666666668, 56.11409833333333], [14.859085, 56.114401666666666], [14.858833333333333, 56.11454666666667], [14.859106666666666, 56.114353333333334], [14.858836666666667, 56.11454666666667], [14.859178333333334, 56.114286666666665], [14.858551666666667, 56.114603333333335], [14.858358333333333, 56.11466166666666], [14.858511666666667, 56.114645], [14.858894999999999, 56.11448666666667], [14.858738333333333, 56.11455], [14.858616666666668, 56.114623333333334], [14.859131666666666, 56.11421833333333], [14.858761666666668, 56.11456], [14.859016666666667, 56.11436333333334], [14.859253333333333, 56.11425166666667], [14.859029999999999, 56.11441333333333], [14.859138333333334, 56.114270000000005], [14.859396666666667, 56.11393333333333], [14.859371666666668, 56.113865000000004], [14.859038333333332, 56.11431166666667], [14.858929999999999, 56.11441666666666], [14.858658333333333, 56.11450166666667], [14.858266666666667, 56.114648333333335], [14.85847, 56.114585000000005], [14.858398333333334, 56.114686666666664], [14.858035, 56.114738333333335], [14.858033333333333, 56.11474166666667], [14.858223333333333, 56.114731666666664], [14.858268333333333, 56.112539999999996], [14.815281666666667, 56.12040833333333], [14.825595, 56.154626666666665], [14.826456666666667, 56.155303333333336], [14.826463333333333, 56.155295], [14.826473333333333, 56.155295], [14.826458333333333, 56.15527833333333], [14.826466666666667, 56.15526333333333], [14.826448333333333, 56.15528833333334], [14.82647, 56.15529], [14.826453333333335, 56.155271666666664], [14.82644, 56.155300000000004], [14.826459999999999, 56.15528166666666], [14.826453333333335, 56.155305], [14.826463333333333, 56.155300000000004]]}, "properties": {"label": "DREAM TERRAX", "mmsi": "538008844", "imo": "9875719", "name": "DREAM TERRAX", "shiptype": "", "first_seen_utc": "2026-01-06T00:13:50Z", "last_seen_utc": "2026-01-15T15:56:01Z", "destination": "PL GDN>SE KAN", "eta": "{'Day': 14, 'Hour': 4, 'Minute': 0, 'Month': 1}", "display": "", "links": "<a href=\"https://www.vesselfinder.com/vessels?name=9875719\" target=\"_blank\" rel=\"noopener\">VesselFinder</a> | <a href=\"https://www.marinetraffic.com/en/ais/search/all?keyword=9875719\" target=\"_blank\" rel=\"noopener\">MarineTraffic</a>", "vf_url": "https://www.vesselfinder.com/vessels?name=9875719", "mst_url": "https://www.marinetraffic.com/en/ais/search/all?keyword=9875719", "method": "v3_2pass_track3d_fromru10d", "ru_seen_in_lookback": true, "in_monitor_on_day": true}}, {"type": "Feature", "geometry": {"type": "Point", "coordinates": [14.826463333333333, 56.155300000000004]}, "properties": {"label": "DREAM TERRAX", "mmsi": "538008844", "imo": "9875719", "name": "DREAM TERRAX", "shiptype": "", "first_seen_utc": "2026-01-06T00:13:50Z", "last_seen_utc": "2026-01-15T15:56:01Z", "destination": "PL GDN>SE KAN", "eta": "{'Day': 14, 'Hour': 4, 'Minute': 0, 'Month': 1}", "display": "DREAM TERRAX (538008844)", "links": "<a href=\"https://www.vesselfinder.com/vessels?name=9875719\" target=\"_blank\" rel=\"noopener\">VesselFinder</a> | <a href=\"https://www.marinetraffic.com/en/ais/search/all?keyword=9875719\" target=\"_blank\" rel=\"noopener\">MarineTraffic</a>", "vf_url": "https://www.vesselfinder.com/vessels?name=9875719", "mst_url": "https://www.marinetraffic.com/en/ais/search/all?keyword=9875719", "method": "v3_2pass_track3d_fromru10d", "ru_seen_in_lookback": true, "in_monitor_on_day": true}}, {"type": "Feature", "geometry": {"type": "LineString", "coordinates": [[13.123483333333333, 55.20726666666667], [12.946050000000001, 55.2517], [12.744, 55.29501666666667], [12.683533333333333, 55.375], [12.704966666666667, 55.48368333333334], [12.703866666666666, 55.5739], [12.691, 55.668099999999995], [12.705433333333334, 55.77693333333333], [12.658150000000001, 55.88498333333334], [12.685816666666666, 55.98926666666667], [12.589583333333334, 56.089933333333335], [12.453983333333333, 56.17518333333333], [10.493699999999999, 57.84995], [10.273083333333334, 57.85291666666667], [9.916500000000001, 57.84995], [9.550216666666667, 57.80688333333333], [9.085383333333334, 57.63218333333334], [8.80775, 57.540499999999994], [8.2294, 57.355850000000004], [8.07145, 57.29925], [7.935466666666667, 57.24953333333334], [-0.5963833333333334, 54.73030000000001], [-0.7562666666666666, 54.688916666666664], [-0.9276, 54.689166666666665]]}, "properties": {"label": "CGAS PANTHER", "mmsi": "249362000", "imo": "9578000", "name": "CGAS PANTHER", "shiptype": "", "first_seen_utc": "2026-01-06T00:15:04Z", "last_seen_utc": "2026-01-15T15:57:08Z", "destination": "GB TEE", "eta": "{'Day': 15, 'Hour': 16, 'Minute': 45, 'Month': 1}", "display": "", "links": "<a href=\"https://www.vesselfinder.com/vessels?name=9578000\" target=\"_blank\" rel=\"noopener\">VesselFinder</a> | <a href=\"https://www.marinetraffic.com/en/ais/search/all?keyword=9578000\" target=\"_blank\" rel=\"noopener\">MarineTraffic</a>", "vf_url": "https://www.vesselfinder.com/vessels?name=9578000", "mst_url": "https://www.marinetraffic.com/en/ais/search/all?keyword=9578000", "method": "v3_2pass_track3d_fromru10d", "ru_seen_in_lookback": true, "in_monitor_on_day": true}}, {"type": "Feature", "geometry": {"type": "Point", "coordinates": [-0.9276, 54.689166666666665]}, "properties": {"label": "CGAS PANTHER", "mmsi": "249362000", "imo": "9578000", "name": "CGAS PANTHER", "shiptype": "", "first_seen_utc": "2026-01-06T00:15:04Z", "last_seen_utc": "2026-01-15T15:57:08Z", "destination": "GB TEE", "eta": "{'Day': 15, 'Hour': 16, 'Minute': 45, 'Month': 1}", "display": "CGAS PANTHER (249362000)", "links": "<a href=\"https://www.vesselfinder.com/vessels?name=9578000\" target=\"_blank\" rel=\"noopener\">VesselFinder</a> | <a href=\"https://www.marinetraffic.com/en/ais/search/all?keyword=9578000\" target=\"_blank\" rel=\"noopener\">MarineTraffic</a>", "vf_url": "https://www.vesselfinder.com/vessels?name=9578000", "mst_url": "https://www.marinetraffic.com/en/ais/search/all?keyword=9578000", "method": "v3_2pass_track3d_fromru10d", "ru_seen_in_lookback": true, "in_monitor_on_day": true}}, {"type": "Feature", "geometry": {"type": "LineString", "coordinates": [[15.886976666666667, 55.729825], [15.545725000000001, 55.68044], [15.387028333333335, 55.659106666666666], [15.200488333333334, 55.623963333333336], [14.967324999999999, 55.55487166666667], [14.767513333333333, 55.49422666666667], [14.606041666666666, 55.44190666666667], [14.495618333333335, 55.36960666666666], [14.390356666666666, 55.29653166666667], [14.277958333333334, 55.21563333333334], [12.28424, 54.60586], [12.225718333333333, 54.526311666666665], [12.172918333333334, 54.44180666666667], [12.029124999999999, 54.43192], [11.873486666666668, 54.43177333333333], [11.71776, 54.450605], [11.575715, 54.491481666666665], [11.433265, 54.53230333333333], [11.285161666666665, 54.57647166666666], [11.126618333333333, 54.61174833333334], [10.974753333333332, 54.61365833333333], [10.834551666666666, 54.658294999999995], [10.77832, 54.72594333333333], [10.820006666666666, 54.78792166666666], [10.837705, 54.86134166666667], [10.882085, 54.93086], [10.974815, 54.987875], [10.990721666666667, 55.07452], [11.010311666666666, 55.16220833333333], [11.105754999999998, 55.22784], [11.042048333333334, 55.314135], [10.954775000000001, 55.44367666666667], [10.869893333333332, 55.523745], [10.804245, 55.615365], [10.795318333333334, 55.71017166666666], [10.81751, 55.80704], [10.844908333333333, 55.894315], [10.99058, 55.93796833333333], [11.112698333333332, 56.056799999999996], [10.494811666666667, 57.85284166666667], [10.332676666666666, 57.85469166666667], [10.174315, 57.85476833333333], [10.014678333333334, 57.85468], [9.851621666666666, 57.85515833333333], [9.689698333333332, 57.85465666666666], [9.547313333333333, 57.831226666666666], [9.414583333333333, 57.79154333333334], [9.282506666666666, 57.752055000000006], [9.149938333333333, 57.714265], [9.022145, 57.67653166666666], [8.895826666666666, 57.638848333333335], [8.774935, 57.59476166666666], [8.658, 57.54631166666666], [8.538321666666667, 57.49886166666667], [8.42199, 57.45509666666667], [8.301513333333334, 57.415655], [8.198573333333334, 57.36580333333333], [8.085816666666666, 57.31639166666666], [7.966656666666666, 57.270325], [7.847583333333334, 57.22327666666667], [7.729663333333334, 57.174616666666665], [7.610873333333333, 57.115141666666666], [7.501406666666667, 57.051026666666665], [7.385689999999999, 56.98090833333333]]}, "properties": {"label": "NEW ENDEAVOR", "mmsi": "352246000", "imo": "9579638", "name": "NEW ENDEAVOR", "shiptype": "", "first_seen_utc": "2026-01-06T00:15:11Z", "last_seen_utc": "2026-01-15T07:40:36Z", "destination": "EG PSD", "eta": "{'Day': 28, 'Hour': 15, 'Minute': 0, 'Month': 1}", "display": "", "links": "<a href=\"https://www.vesselfinder.com/vessels?name=9579638\" target=\"_blank\" rel=\"noopener\">VesselFinder</a> | <a href=\"https://www.marinetraffic.com/en/ais/search/all?keyword=9579638\" target=\"_blank\" rel=\"noopener\">MarineTraffic</a>", "vf_url": "https://www.vesselfinder.com/vessels?name=9579638", "mst_url": "https://www.marinetraffic.com/en/ais/search/all?keyword=9579638", "method": "v3_2pass_track3d_fromru10d", "ru_seen_in_lookback": true, "in_monitor_on_day": true}}, {"type": "Feature", "geometry": {"type": "Point", "coordinates": [7.385689999999999, 56.98090833333333]}, "properties": {"label": "NEW ENDEAVOR", "mmsi": "352246000", "imo": "9579638", "name": "NEW ENDEAVOR", "shiptype": "", "first_seen_utc": "2026-01-06T00:15:11Z", "last_seen_utc": "2026-01-15T07:40:36Z", "destination": "EG PSD", "eta": "{'Day': 28, 'Hour': 15, 'Minute': 0, 'Month': 1}", "display": "NEW ENDEAVOR (352246000)", "links": "<a href=\"https://www.vesselfinder.com/vessels?name=9579638\" target=\"_blank\" rel=\"noopener\">VesselFinder</a> | <a href=\"https://www.marinetraffic.com/en/ais/search/all?keyword=9579638\" target=\"_blank\" rel=\"noopener\">MarineTraffic</a>", "vf_url": "https://www.vesselfinder.com/vessels?name=9579638", "mst_url": "https://www.marinetraffic.com/en/ais/search/all?keyword=9579638", "method": "v3_2pass_track3d_fromru10d", "ru_seen_in_lookback": true, "in_monitor_on_day": true}}, {"type": "Feature", "geometry": {"type": "LineString", "coordinates": [[10.994923333333332, 55.94896833333333], [10.895841666666666, 55.88589], [10.802513333333334, 55.819853333333334], [10.797848333333333, 55.73916], [10.76583, 55.65277833333334], [10.815426666666667, 55.575665], [11.030543333333332, 55.358664999999995], [11.064111666666667, 55.272468333333336], [11.08104, 55.19229833333333], [11.034844999999999, 55.116994999999996], [11.018953333333334, 55.03181166666666], [10.990958333333333, 54.978269999999995], [10.902456666666666, 54.93004833333334], [10.865053333333332, 54.853395], [10.853866666666667, 54.77008166666667], [10.883881666666667, 54.69367666666667], [11.000795, 54.639626666666665], [11.11232, 54.59325333333334], [11.239766666666666, 54.558076666666665], [11.369621666666665, 54.529851666666666], [11.504928333333334, 54.491818333333335], [11.65063, 54.45134666666667], [11.791601666666667, 54.41298166666666], [11.941948333333332, 54.40024166666667], [12.107466666666665, 54.399005], [12.232266666666668, 54.44976333333333], [18.579745, 55.082045], [18.70259666666667, 55.038493333333335], [18.802223333333334, 55.00106166666667], [18.954046666666667, 54.949780000000004], [19.061506666666666, 54.912011666666665], [19.167145, 54.87430833333334], [19.28173333333333, 54.834315], [19.38819, 54.797135000000004], [19.633923333333332, 54.706815], [19.72157, 54.66739166666667]]}, "properties": {"label": "THERESA DUA", "mmsi": "563270800", "imo": "9919723", "name": "THERESA DUA", "shiptype": "", "first_seen_utc": "2026-01-06T00:16:31Z", "last_seen_utc": "2026-01-15T07:41:10Z", "destination": "RUKGD", "eta": "{'Day': 15, 'Hour': 12, 'Minute': 0, 'Month': 1}", "display": "", "links": "<a href=\"https://www.vesselfinder.com/vessels?name=9919723\" target=\"_blank\" rel=\"noopener\">VesselFinder</a> | <a href=\"https://www.marinetraffic.com/en/ais/search/all?keyword=9919723\" target=\"_blank\" rel=\"noopener\">MarineTraffic</a>", "vf_url": "https://www.vesselfinder.com/vessels?name=9919723", "mst_url": "https://www.marinetraffic.com/en/ais/search/all?keyword=9919723", "method": "v3_2pass_track3d_fromru10d", "ru_seen_in_lookback": true, "in_monitor_on_day": true}}, {"type": "Feature", "geometry": {"type": "Point", "coordinates": [19.72157, 54.66739166666667]}, "properties": {"label": "THERESA DUA", "mmsi": "563270800", "imo": "9919723", "name": "THERESA DUA", "shiptype": "", "first_seen_utc": "2026-01-06T00:16:31Z", "last_seen_utc": "2026-01-15T07:41:10Z", "destination": "RUKGD", "eta": "{'Day': 15, 'Hour': 12, 'Minute': 0, 'Month': 1}", "display": "THERESA DUA (563270800)", "links": "<a href=\"https://www.vesselfinder.com/vessels?name=9919723\" target=\"_blank\" rel=\"noopener\">VesselFinder</a> | <a href=\"https://www.marinetraffic.com/en/ais/search/all?keyword=9919723\" target=\"_blank\" rel=\"noopener\">MarineTraffic</a>", "vf_url": "https://www.vesselfinder.com/vessels?name=9919723", "mst_url": "https://www.marinetraffic.com/en/ais/search/all?keyword=9919723", "method": "v3_2pass_track3d_fromru10d", "ru_seen_in_lookback": true, "in_monitor_on_day": true}}, {"type": "Feature", "geometry": {"type": "LineString", "coordinates": [[18.991081666666666, 54.935251666666666], [19.00415, 54.80925833333333], [18.957116666666664, 54.68792], [18.863061666666667, 54.57855166666666], [18.677308333333333, 54.537283333333335], [18.529913333333333, 54.53818166666667], [18.50800333333333, 54.54286666666667], [18.508010000000002, 54.54286833333333], [18.508008333333333, 54.54287333333333], [18.508006666666667, 54.542865], [18.508013333333334, 54.54285166666667], [18.508, 54.54287], [18.50799, 54.542856666666665], [18.50800333333333, 54.54287166666666], [18.507995, 54.54287], [18.50801166666667, 54.54286333333334], [18.508, 54.54287], [18.507985, 54.54287333333333], [18.50801166666667, 54.542875], [18.50800333333333, 54.542885], [18.508013333333334, 54.542856666666665], [18.507995, 54.54286333333334], [18.508016666666666, 54.542858333333335], [18.508006666666667, 54.542860000000005], [18.508005, 54.542878333333334], [18.507996666666667, 54.542865], [18.508010000000002, 54.54285333333333], [18.508006666666667, 54.54286166666667], [18.508005, 54.54286833333333]]}, "properties": {"label": "ELBWAVE", "mmsi": "209276000", "imo": "9504035", "name": "ELBWAVE", "shiptype": "", "first_seen_utc": "2026-01-06T00:16:38Z", "last_seen_utc": "2026-01-15T15:45:48Z", "destination": "PLGDY", "eta": "{'Day': 15, 'Hour': 3, 'Minute': 0, 'Month': 1}", "display": "", "links": "<a href=\"https://www.vesselfinder.com/vessels?name=9504035\" target=\"_blank\" rel=\"noopener\">VesselFinder</a> | <a href=\"https://www.marinetraffic.com/en/ais/search/all?keyword=9504035\" target=\"_blank\" rel=\"noopener\">MarineTraffic</a>", "vf_url": "https://www.vesselfinder.com/vessels?name=9504035", "mst_url": "https://www.marinetraffic.com/en/ais/search/all?keyword=9504035", "method": "v3_2pass_track3d_fromru10d", "ru_seen_in_lookback": true, "in_monitor_on_day": true}}, {"type": "Feature", "geometry": {"type": "Point", "coordinates": [18.508005, 54.54286833333333]}, "properties": {"label": "ELBWAVE", "mmsi": "209276000", "imo": "9504035", "name": "ELBWAVE", "shiptype": "", "first_seen_utc": "2026-01-06T00:16:38Z", "last_seen_utc": "2026-01-15T15:45:48Z", "destination": "PLGDY", "eta": "{'Day': 15, 'Hour': 3, 'Minute': 0, 'Month': 1}", "display": "ELBWAVE (209276000)", "links": "<a href=\"https://www.vesselfinder.com/vessels?name=9504035\" target=\"_blank\" rel=\"noopener\">VesselFinder</a> | <a href=\"https://www.marinetraffic.com/en/ais/search/all?keyword=9504035\" target=\"_blank\" rel=\"noopener\">MarineTraffic</a>", "vf_url": "https://www.vesselfinder.com/vessels?name=9504035", "mst_url": "https://www.marinetraffic.com/en/ais/search/all?keyword=9504035", "method": "v3_2pass_track3d_fromru10d", "ru_seen_in_lookback": true, "in_monitor_on_day": true}}, {"type": "Feature", "geometry": {"type": "LineString", "coordinates": [[7.426101666666667, 53.98160333333333], [7.291406666666666, 53.96046833333333], [7.159503333333333, 53.939238333333336], [7.031366666666667, 53.919443333333334], [6.905218333333334, 53.90052166666667], [6.779821666666667, 53.88243], [6.653498333333333, 53.863913333333336], [5.551961666666667, 53.65858333333333], [5.40228, 53.62965166666667], [5.254485, 53.59842666666667], [5.108373333333334, 53.56536666666667], [4.959991666666666, 53.53203166666666], [4.810833333333333, 53.501261666666664], [4.679081666666666, 53.470209999999994], [4.559606666666666, 53.35617833333333], [4.511055, 53.28308833333333], [4.461245, 53.20808833333333], [4.39205, 53.13838333333333], [4.293371666666667, 53.083705], [3.921455, 52.703425], [3.3258366666666666, 51.94848666666667], [3.30186, 51.87329833333333], [3.2752633333333336, 51.79671666666666], [3.2710333333333335, 51.722408333333334], [3.3301700000000003, 51.64772833333333], [3.3994866666666668, 51.57631166666667], [3.450328333333333, 51.50694], [3.534543333333333, 51.450111666666665], [3.6113816666666665, 51.42381833333333], [3.7025916666666663, 51.39198833333333], [3.7935700000000003, 51.350405], [3.9036683333333335, 51.359678333333335], [3.9671333333333334, 51.42015833333333], [4.032376666666667, 51.40376666666667], [4.081753333333333, 51.369231666666664], [4.164608333333333, 51.38412], [4.223235, 51.361356666666666], [4.27554, 51.34683333333333], [4.284695, 51.346136666666666], [4.284793333333334, 51.3461], [4.315221666666667, 51.31543166666667], [4.342043333333334, 51.268836666666665], [4.378271666666667, 51.247445], [4.42463, 51.23918666666667], [4.484263333333333, 51.24046333333333], [4.5237050000000005, 51.232020000000006], [4.535261666666667, 51.227125], [4.562396666666667, 51.219073333333334], [4.700555, 51.184913333333334], [4.773811666666666, 51.177971666666664], [4.8395150000000005, 51.165061666666666], [4.857865, 51.16028333333334], [4.860261666666667, 51.15964833333333], [4.869741666666667, 51.15723666666667], [4.869763333333333, 51.157185], [4.869788333333333, 51.15723166666667], [4.869705, 51.157205], [4.869778333333333, 51.157205], [4.869728333333333, 51.157201666666666], [4.86976, 51.15725], [4.869816666666667, 51.15719333333333], [4.869751666666667, 51.157223333333334], [4.869763333333333, 51.15719333333333], [4.869793333333333, 51.157169999999994], [4.869745, 51.15722], [4.869741666666667, 51.15721833333334], [4.869743333333333, 51.157199999999996], [4.86979, 51.157196666666664], [4.869735, 51.157205], [4.869758333333333, 51.157225000000004], [4.869766666666666, 51.15722], [4.8697333333333335, 51.157244999999996], [4.869725, 51.157214999999994], [4.869703333333334, 51.157255], [4.86978, 51.15721], [4.8697333333333335, 51.157223333333334], [4.869793333333333, 51.157205]]}, "properties": {"label": "AMADEUS SAFFIER", "mmsi": "245918000", "imo": "9996903", "name": "AMADEUS SAFFIER", "shiptype": "", "first_seen_utc": "2026-01-06T00:17:07Z", "last_seen_utc": "2026-01-15T07:10:06Z", "destination": "GENK", "eta": "{'Day': 15, 'Hour': 8, 'Minute': 0, 'Month': 1}", "display": "", "links": "<a href=\"https://www.vesselfinder.com/vessels?name=9996903\" target=\"_blank\" rel=\"noopener\">VesselFinder</a> | <a href=\"https://www.marinetraffic.com/en/ais/search/all?keyword=9996903\" target=\"_blank\" rel=\"noopener\">MarineTraffic</a>", "vf_url": "https://www.vesselfinder.com/vessels?name=9996903", "mst_url": "https://www.marinetraffic.com/en/ais/search/all?keyword=9996903", "method": "v3_2pass_track3d_fromru10d", "ru_seen_in_lookback": true, "in_monitor_on_day": true}}, {"type": "Feature", "geometry": {"type": "Point", "coordinates": [4.869793333333333, 51.157205]}, "properties": {"label": "AMADEUS SAFFIER", "mmsi": "245918000", "imo": "9996903", "name": "AMADEUS SAFFIER", "shiptype": "", "first_seen_utc": "2026-01-06T00:17:07Z", "last_seen_utc": "2026-01-15T07:10:06Z", "destination": "GENK", "eta": "{'Day': 15, 'Hour': 8, 'Minute': 0, 'Month': 1}", "display": "AMADEUS SAFFIER (245918000)", "links": "<a href=\"https://www.vesselfinder.com/vessels?name=9996903\" target=\"_blank\" rel=\"noopener\">VesselFinder</a> | <a href=\"https://www.marinetraffic.com/en/ais/search/all?keyword=9996903\" target=\"_blank\" rel=\"noopener\">MarineTraffic</a>", "vf_url": "https://www.vesselfinder.com/vessels?name=9996903", "mst_url": "https://www.marinetraffic.com/en/ais/search/all?keyword=9996903", "method": "v3_2pass_track3d_fromru10d", "ru_seen_in_lookback": true, "in_monitor_on_day": true}}, {"type": "Feature", "geometry": {"type": "LineString", "coordinates": [[14.372263333333333, 55.295428333333334], [12.192743333333334, 54.453788333333335], [12.079676666666668, 54.428605], [11.952266666666667, 54.427659999999996], [11.822893333333333, 54.42198833333334], [11.703691666666666, 54.44687], [11.594983333333333, 54.48087666666667], [11.481318333333332, 54.515361666666664], [11.357956666666666, 54.54923833333333], [11.239370000000001, 54.58331833333333], [11.114078333333334, 54.61967833333333], [10.995004999999999, 54.66558666666666], [10.882873333333333, 54.71109833333333], [10.87675, 54.79313666666667], [10.88592, 54.87208333333333], [10.9474, 54.942735], [11.028258333333333, 55.00631], [11.040031666666666, 55.08911166666667], [11.055881666666666, 55.16874666666667], [11.102528333333334, 55.23766], [11.044228333333333, 55.31677333333334], [10.829516666666667, 55.581815], [10.793275, 55.656441666666666], [10.79991, 55.73375333333333], [10.825168333333332, 55.81335833333333]]}, "properties": {"label": "BUNDU", "mmsi": "352001341", "imo": "9273014", "name": "BUNDU", "shiptype": "", "first_seen_utc": "2026-01-06T00:17:08Z", "last_seen_utc": "2026-01-15T01:01:20Z", "destination": "MAJFL", "eta": "{'Day': 25, 'Hour': 18, 'Minute': 0, 'Month': 1}", "display": "", "links": "<a href=\"https://www.vesselfinder.com/vessels?name=9273014\" target=\"_blank\" rel=\"noopener\">VesselFinder</a> | <a href=\"https://www.marinetraffic.com/en/ais/search/all?keyword=9273014\" target=\"_blank\" rel=\"noopener\">MarineTraffic</a>", "vf_url": "https://www.vesselfinder.com/vessels?name=9273014", "mst_url": "https://www.marinetraffic.com/en/ais/search/all?keyword=9273014", "method": "v3_2pass_track3d_fromru10d", "ru_seen_in_lookback": true, "in_monitor_on_day": true}}, {"type": "Feature", "geometry": {"type": "Point", "coordinates": [10.825168333333332, 55.81335833333333]}, "properties": {"label": "BUNDU", "mmsi": "352001341", "imo": "9273014", "name": "BUNDU", "shiptype": "", "first_seen_utc": "2026-01-06T00:17:08Z", "last_seen_utc": "2026-01-15T01:01:20Z", "destination": "MAJFL", "eta": "{'Day': 25, 'Hour': 18, 'Minute': 0, 'Month': 1}", "display": "BUNDU (352001341)", "links": "<a href=\"https://www.vesselfinder.com/vessels?name=9273014\" target=\"_blank\" rel=\"noopener\">VesselFinder</a> | <a href=\"https://www.marinetraffic.com/en/ais/search/all?keyword=9273014\" target=\"_blank\" rel=\"noopener\">MarineTraffic</a>", "vf_url": "https://www.vesselfinder.com/vessels?name=9273014", "mst_url": "https://www.marinetraffic.com/en/ais/search/all?keyword=9273014", "method": "v3_2pass_track3d_fromru10d", "ru_seen_in_lookback": true, "in_monitor_on_day": true}}, {"type": "Feature", "geometry": {"type": "LineString", "coordinates": [[4.254781666666667, 52.884863333333335], [4.347165, 52.98491333333333], [4.43707, 53.08655666666667], [4.5302, 53.18981], [4.607551666666667, 53.29432], [4.677463333333334, 53.40048], [4.74118, 53.512280000000004], [4.8153266666666665, 53.619456666666665], [4.894281666666667, 53.73072], [8.65184, 57.44381333333333], [9.231778333333333, 57.657606666666666], [9.863638333333334, 57.787013333333334], [10.165516666666667, 57.79646], [10.451866666666666, 57.80375333333333], [10.935528333333334, 55.910309999999996], [10.815241666666667, 55.81473666666667], [10.785213333333333, 55.69701333333333], [11.030503333333334, 55.35303666666667], [11.082825000000001, 55.24708666666667], [11.043961666666666, 55.14301666666667], [11.022761666666666, 55.028663333333334], [10.922979999999999, 54.935010000000005], [10.858851666666668, 54.82536666666667], [10.863204999999999, 54.70604], [11.027525, 54.63851666666667], [11.197666666666667, 54.575633333333336], [11.380985, 54.52296666666667], [11.572366666666666, 54.47397333333333], [11.754598333333332, 54.41887333333333], [11.952613333333334, 54.40721], [12.150646666666667, 54.40949666666667], [14.265089999999999, 55.09358666666667], [14.402543333333334, 55.19174666666667], [14.527616666666667, 55.28274], [14.657946666666668, 55.376513333333335], [14.90024, 55.45468], [15.332375, 55.561460000000004]]}, "properties": {"label": "MSC ELKE F", "mmsi": "210731000", "imo": "9318773", "name": "MSC ELKE F", "shiptype": "", "first_seen_utc": "2026-01-06T00:17:35Z", "last_seen_utc": "2026-01-15T09:59:10Z", "destination": "EETLL", "eta": "{'Day': 16, 'Hour': 17, 'Minute': 0, 'Month': 1}", "display": "", "links": "<a href=\"https://www.vesselfinder.com/vessels?name=9318773\" target=\"_blank\" rel=\"noopener\">VesselFinder</a> | <a href=\"https://www.marinetraffic.com/en/ais/search/all?keyword=9318773\" target=\"_blank\" rel=\"noopener\">MarineTraffic</a>", "vf_url": "https://www.vesselfinder.com/vessels?name=9318773", "mst_url": "https://www.marinetraffic.com/en/ais/search/all?keyword=9318773", "method": "v3_2pass_track3d_fromru10d", "ru_seen_in_lookback": true, "in_monitor_on_day": true}}, {"type": "Feature", "geometry": {"type": "Point", "coordinates": [15.332375, 55.561460000000004]}, "properties": {"label": "MSC ELKE F", "mmsi": "210731000", "imo": "9318773", "name": "MSC ELKE F", "shiptype": "", "first_seen_utc": "2026-01-06T00:17:35Z", "last_seen_utc": "2026-01-15T09:59:10Z", "destination": "EETLL", "eta": "{'Day': 16, 'Hour': 17, 'Minute': 0, 'Month': 1}", "display": "MSC ELKE F (210731000)", "links": "<a href=\"https://www.vesselfinder.com/vessels?name=9318773\" target=\"_blank\" rel=\"noopener\">VesselFinder</a> | <a href=\"https://www.marinetraffic.com/en/ais/search/all?keyword=9318773\" target=\"_blank\" rel=\"noopener\">MarineTraffic</a>", "vf_url": "https://www.vesselfinder.com/vessels?name=9318773", "mst_url": "https://www.marinetraffic.com/en/ais/search/all?keyword=9318773", "method": "v3_2pass_track3d_fromru10d", "ru_seen_in_lookback": true, "in_monitor_on_day": true}}, {"type": "Feature", "geometry": {"type": "LineString", "coordinates": [[18.653668333333332, 54.38178333333334], [18.653736666666667, 54.38173333333334], [18.653698333333335, 54.381816666666666], [18.65359833333333, 54.38171166666667], [18.653798333333334, 54.38169666666667], [18.65368, 54.38171833333333], [18.653648333333333, 54.381755], [18.653681666666667, 54.381881666666665], [18.653655, 54.38188666666667], [18.653653333333335, 54.38180333333333], [18.653623333333332, 54.38176333333333], [18.653613333333332, 54.38176], [18.653656666666667, 54.381796666666666], [18.653683333333333, 54.38176], [18.653671666666664, 54.381755], [18.653628333333334, 54.38173166666666], [18.653685, 54.381745], [18.653713333333332, 54.381706666666666], [18.653671666666664, 54.381726666666665], [18.653705, 54.38175833333333], [18.653621666666666, 54.381859999999996], [18.65368, 54.381769999999996], [18.653525, 54.38172333333333], [18.653665, 54.3818], [18.653705, 54.38180333333333], [18.653560000000002, 54.381585], [18.653603333333333, 54.381735000000006], [18.65369666666667, 54.381780000000006], [18.653708333333334, 54.381748333333334], [18.653689999999997, 54.38177666666666], [18.65369666666667, 54.381748333333334], [18.653686666666665, 54.38174], [18.65372, 54.381746666666665], [18.653633333333335, 54.381721666666664], [18.653723333333335, 54.38180166666667], [18.653683333333333, 54.38178666666667], [18.653701666666667, 54.38182333333334], [18.653655, 54.381724999999996], [18.65369666666667, 54.381726666666665], [18.653681666666667, 54.38162], [18.653665, 54.381706666666666], [18.653575, 54.38172833333333], [18.653611666666666, 54.381660000000004], [18.653615, 54.38167], [18.653599999999997, 54.38182], [18.653755, 54.38164833333334], [18.65363166666667, 54.381765], [18.65363166666667, 54.381771666666666], [18.653693333333333, 54.38177666666666], [18.65368833333333, 54.38175666666667], [18.653708333333334, 54.38179], [18.653656666666667, 54.38173666666667], [18.653665, 54.38176833333333], [18.653675, 54.38177833333334], [18.653636666666667, 54.38186833333334], [18.65369666666667, 54.38166666666667], [18.653668333333332, 54.38173333333334], [18.653658333333333, 54.381715], [18.653675, 54.38175833333333], [18.653613333333332, 54.38174], [18.65371, 54.38171833333333], [18.653655, 54.381715], [18.653646666666667, 54.381753333333336], [18.653581666666664, 54.38171833333333], [18.65368833333333, 54.381798333333336], [18.653671666666664, 54.38169333333334], [18.653636666666667, 54.381785], [18.653596666666665, 54.38176], [18.65364, 54.38169833333333], [18.653673333333334, 54.381745], [18.653628333333334, 54.38157666666667], [18.653715, 54.381708333333336], [18.65363166666667, 54.381724999999996], [18.65372166666667, 54.381746666666665], [18.653571666666668, 54.38167833333333], [18.653715, 54.381690000000006], [18.653658333333333, 54.381775], [18.653675, 54.381715], [18.653658333333333, 54.381721666666664], [18.65375166666667, 54.381715], [18.653686666666665, 54.38172833333333], [18.65368833333333, 54.38171833333333], [18.653655, 54.381703333333334], [18.653693333333333, 54.38177833333334], [18.653656666666667, 54.38180666666666], [18.653726666666667, 54.38173666666667], [18.6537, 54.38171833333333], [18.653665, 54.381765], [18.653691666666667, 54.38172], [18.653665, 54.38175666666667], [18.653666666666666, 54.38176833333333], [18.65368, 54.38172], [18.653689999999997, 54.381805], [18.653650000000003, 54.38174333333333], [18.65372166666667, 54.381706666666666], [18.653683333333333, 54.381745], [18.653708333333334, 54.381690000000006], [18.65364333333333, 54.38183333333333], [18.65366, 54.38176833333333], [18.653658333333333, 54.381769999999996], [18.653746666666667, 54.38178166666667], [18.653689999999997, 54.38173833333334], [18.653689999999997, 54.381705000000004], [18.6537, 54.38179], [18.653635, 54.381706666666666], [18.65371, 54.381735000000006], [18.653671666666664, 54.38176166666666], [18.653689999999997, 54.38174166666667], [18.653689999999997, 54.38176833333333], [18.653675, 54.381748333333334], [18.653711666666666, 54.381780000000006], [18.653726666666667, 54.38182], [18.653695000000003, 54.381690000000006], [18.65375166666667, 54.38179], [18.653703333333333, 54.381753333333336], [18.653701666666667, 54.38180833333333], [18.653658333333333, 54.38173], [18.653693333333333, 54.381796666666666], [18.653705, 54.381771666666666], [18.653618333333334, 54.38178666666667], [18.65359833333333, 54.381771666666666]]}, "properties": {"label": "JIA RUN", "mmsi": "477925700", "imo": "9533361", "name": "JIA RUN", "shiptype": "", "first_seen_utc": "2026-01-06T00:18:46Z", "last_seen_utc": "2026-01-15T16:02:36Z", "destination": "GDANSK", "eta": "{'Day': 23, 'Hour': 12, 'Minute': 0, 'Month': 12}", "display": "", "links": "<a href=\"https://www.vesselfinder.com/vessels?name=9533361\" target=\"_blank\" rel=\"noopener\">VesselFinder</a> | <a href=\"https://www.marinetraffic.com/en/ais/search/all?keyword=9533361\" target=\"_blank\" rel=\"noopener\">MarineTraffic</a>", "vf_url": "https://www.vesselfinder.com/vessels?name=9533361", "mst_url": "https://www.marinetraffic.com/en/ais/search/all?keyword=9533361", "method": "v3_2pass_track3d_fromru10d", "ru_seen_in_lookback": true, "in_monitor_on_day": true}}, {"type": "Feature", "geometry": {"type": "Point", "coordinates": [18.65359833333333, 54.381771666666666]}, "properties": {"label": "JIA RUN", "mmsi": "477925700", "imo": "9533361", "name": "JIA RUN", "shiptype": "", "first_seen_utc": "2026-01-06T00:18:46Z", "last_seen_utc": "2026-01-15T16:02:36Z", "destination": "GDANSK", "eta": "{'Day': 23, 'Hour': 12, 'Minute': 0, 'Month': 12}", "display": "JIA RUN (477925700)", "links": "<a href=\"https://www.vesselfinder.com/vessels?name=9533361\" target=\"_blank\" rel=\"noopener\">VesselFinder</a> | <a href=\"https://www.marinetraffic.com/en/ais/search/all?keyword=9533361\" target=\"_blank\" rel=\"noopener\">MarineTraffic</a>", "vf_url": "https://www.vesselfinder.com/vessels?name=9533361", "mst_url": "https://www.marinetraffic.com/en/ais/search/all?keyword=9533361", "method": "v3_2pass_track3d_fromru10d", "ru_seen_in_lookback": true, "in_monitor_on_day": true}}, {"type": "Feature", "geometry": {"type": "LineString", "coordinates": [[14.795383333333332, 55.52531666666666], [14.663433333333334, 55.480850000000004], [14.368699999999999, 55.305033333333334], [13.222333333333333, 55.26018333333333], [12.862683333333333, 55.27161666666667], [12.724533333333333, 55.30068333333334], [12.674766666666667, 55.365233333333336], [12.69505, 55.443099999999994], [12.734533333333333, 55.51321666666667], [12.823416666666667, 55.57235], [12.903716666666666, 55.62305], [12.998783333333334, 55.6242], [13.017066666666667, 55.62623333333333], [13.017083333333334, 55.62625], [13.017083333333334, 55.62625], [13.017083333333334, 55.626266666666666], [13.017083333333334, 55.626266666666666], [13.017083333333334, 55.626266666666666], [13.017083333333334, 55.62625], [13.017083333333334, 55.626266666666666], [13.017083333333334, 55.62625], [13.017083333333334, 55.62625], [13.017066666666667, 55.626266666666666]]}, "properties": {"label": "IRELAND", "mmsi": "244140388", "imo": "9771456", "name": "IRELAND", "shiptype": "", "first_seen_utc": "2026-01-06T00:18:57Z", "last_seen_utc": "2026-01-15T15:38:21Z", "destination": "SEGOT ANCH (RIVOFJOR", "eta": "{'Day': 16, 'Hour': 8, 'Minute': 0, 'Month': 1}", "display": "", "links": "<a href=\"https://www.vesselfinder.com/vessels?name=9771456\" target=\"_blank\" rel=\"noopener\">VesselFinder</a> | <a href=\"https://www.marinetraffic.com/en/ais/search/all?keyword=9771456\" target=\"_blank\" rel=\"noopener\">MarineTraffic</a>", "vf_url": "https://www.vesselfinder.com/vessels?name=9771456", "mst_url": "https://www.marinetraffic.com/en/ais/search/all?keyword=9771456", "method": "v3_2pass_track3d_fromru10d", "ru_seen_in_lookback": true, "in_monitor_on_day": true}}, {"type": "Feature", "geometry": {"type": "Point", "coordinates": [13.017066666666667, 55.626266666666666]}, "properties": {"label": "IRELAND", "mmsi": "244140388", "imo": "9771456", "name": "IRELAND", "shiptype": "", "first_seen_utc": "2026-01-06T00:18:57Z", "last_seen_utc": "2026-01-15T15:38:21Z", "destination": "SEGOT ANCH (RIVOFJOR", "eta": "{'Day': 16, 'Hour': 8, 'Minute': 0, 'Month': 1}", "display": "IRELAND (244140388)", "links": "<a href=\"https://www.vesselfinder.com/vessels?name=9771456\" target=\"_blank\" rel=\"noopener\">VesselFinder</a> | <a href=\"https://www.marinetraffic.com/en/ais/search/all?keyword=9771456\" target=\"_blank\" rel=\"noopener\">MarineTraffic</a>", "vf_url": "https://www.vesselfinder.com/vessels?name=9771456", "mst_url": "https://www.marinetraffic.com/en/ais/search/all?keyword=9771456", "method": "v3_2pass_track3d_fromru10d", "ru_seen_in_lookback": true, "in_monitor_on_day": true}}, {"type": "Feature", "geometry": {"type": "LineString", "coordinates": [[10.123728333333334, 54.368320000000004], [10.141678333333335, 54.36571], [10.154871666666667, 54.36439166666666], [10.233803333333332, 54.435566666666666], [10.329503333333333, 54.49217833333333], [10.468960000000001, 54.53070833333334], [10.607948333333333, 54.56073333333333], [10.750364999999999, 54.56870833333333], [10.887488333333332, 54.578345], [11.018263333333334, 54.58696333333333], [11.142088333333334, 54.591195], [11.252168333333334, 54.56222833333334], [11.347248333333333, 54.53534833333333], [11.448223333333335, 54.506348333333335], [11.563366666666667, 54.471925000000006], [11.683983333333334, 54.43709333333334], [11.809161666666666, 54.41082333333333], [11.947573333333334, 54.40475], [12.104143333333333, 54.40304666666667], [12.229334999999999, 54.44981833333333], [12.297263333333332, 54.541035], [12.404068333333333, 54.611446666666666], [12.548373333333332, 54.671868333333336], [18.365033333333333, 54.93775], [18.550306666666664, 54.94413333333333], [18.70381666666667, 54.894149999999996], [18.836668333333332, 54.832528333333336], [18.967188333333336, 54.771098333333335], [19.012294999999998, 54.72656], [19.03303833333333, 54.690733333333334], [19.048524999999998, 54.66103833333333], [19.062276666666666, 54.63840666666667], [19.071941666666664, 54.61669166666666], [19.0543, 54.59215666666667], [18.940898333333333, 54.52131], [18.84089833333333, 54.457348333333336], [18.816805, 54.448589999999996], [18.817315, 54.448679999999996], [18.81683, 54.448618333333336], [18.81736833333333, 54.44868666666667], [18.817405, 54.448660000000004], [18.817551666666667, 54.448663333333336], [18.817641666666667, 54.448723333333334], [18.817658333333334, 54.448726666666666], [18.81786, 54.44876333333333], [18.81800666666667, 54.448751666666666], [18.817906666666666, 54.44872], [18.818088333333332, 54.448726666666666], [18.81800666666667, 54.4487], [18.818001666666664, 54.44873], [18.818196666666665, 54.44872], [18.818364999999996, 54.44872], [18.81872333333333, 54.448685], [18.818855, 54.448634999999996], [18.819731666666666, 54.44841666666667], [18.819575, 54.44851333333334], [18.820475, 54.448184999999995], [18.821005, 54.44764833333333], [18.820755000000002, 54.44782333333333], [18.820785, 54.447876666666666], [18.820851666666666, 54.447768333333336], [18.820345, 54.44665833333333], [18.825838333333333, 54.424051666666664], [18.73693666666667, 54.38622], [18.732748333333333, 54.38433666666666], [18.732768333333336, 54.38430166666667], [18.732738333333334, 54.38435333333334], [18.73261666666667, 54.384411666666665], [18.732743333333335, 54.38435166666667], [18.732705, 54.38436333333333], [18.732758333333333, 54.38435833333333], [18.732713333333333, 54.384366666666665], [18.732681666666668, 54.38435833333333], [18.732753333333335, 54.384375], [18.732736666666664, 54.3844], [18.732683333333334, 54.38431], [18.73271, 54.384305000000005], [18.73258666666667, 54.38417333333334], [18.73273, 54.384355], [18.732643333333332, 54.384235], [18.732725000000002, 54.38435166666667], [18.732713333333333, 54.38433], [18.73273, 54.38435166666667], [18.73280833333333, 54.384415], [18.810476666666666, 54.41324833333333], [19.00761, 54.47728333333334], [19.12226666666667, 54.61150333333333], [19.081391666666665, 54.76168333333333]]}, "properties": {"label": "ESPERANCE", "mmsi": "244265000", "imo": "9491484", "name": "ESPERANCE", "shiptype": "", "first_seen_utc": "2026-01-06T00:19:52Z", "last_seen_utc": "2026-01-15T14:25:15Z", "destination": "LT KLJ", "eta": "{'Day': 16, 'Hour': 1, 'Minute': 0, 'Month': 1}", "display": "", "links": "<a href=\"https://www.vesselfinder.com/vessels?name=9491484\" target=\"_blank\" rel=\"noopener\">VesselFinder</a> | <a href=\"https://www.marinetraffic.com/en/ais/search/all?keyword=9491484\" target=\"_blank\" rel=\"noopener\">MarineTraffic</a>", "vf_url": "https://www.vesselfinder.com/vessels?name=9491484", "mst_url": "https://www.marinetraffic.com/en/ais/search/all?keyword=9491484", "method": "v3_2pass_track3d_fromru10d", "ru_seen_in_lookback": true, "in_monitor_on_day": true}}, {"type": "Feature", "geometry": {"type": "Point", "coordinates": [19.081391666666665, 54.76168333333333]}, "properties": {"label": "ESPERANCE", "mmsi": "244265000", "imo": "9491484", "name": "ESPERANCE", "shiptype": "", "first_seen_utc": "2026-01-06T00:19:52Z", "last_seen_utc": "2026-01-15T14:25:15Z", "destination": "LT KLJ", "eta": "{'Day': 16, 'Hour': 1, 'Minute': 0, 'Month': 1}", "display": "ESPERANCE (244265000)", "links": "<a href=\"https://www.vesselfinder.com/vessels?name=9491484\" target=\"_blank\" rel=\"noopener\">VesselFinder</a> | <a href=\"https://www.marinetraffic.com/en/ais/search/all?keyword=9491484\" target=\"_blank\" rel=\"noopener\">MarineTraffic</a>", "vf_url": "https://www.vesselfinder.com/vessels?name=9491484", "mst_url": "https://www.marinetraffic.com/en/ais/search/all?keyword=9491484", "method": "v3_2pass_track3d_fromru10d", "ru_seen_in_lookback": true, "in_monitor_on_day": true}}, {"type": "Feature", "geometry": {"type": "LineString", "coordinates": [[8.272218333333333, 57.53964], [8.43639, 57.57203666666667], [8.596275, 57.599693333333335], [8.7658, 57.620041666666665], [8.937986666666665, 57.655485], [9.117394999999998, 57.69200166666667], [9.397646666666667, 57.74607833333334], [9.647365, 57.78425166666667], [9.83236, 57.79215166666667], [10.01, 57.79793333333334], [10.166590000000001, 57.80260666666666], [10.398259999999999, 57.81202833333334], [10.4836, 57.81134833333333], [11.062281666666667, 56.005653333333335], [10.951945, 55.92515], [10.811515000000002, 55.870913333333334], [10.80211, 55.77914], [10.780338333333333, 55.68287], [11.031808333333334, 55.351915], [11.073006666666666, 55.26207], [11.043888333333333, 55.18303], [10.986828333333333, 55.102493333333335], [10.985315000000002, 55.00958666666667], [10.886095000000001, 54.940688333333334], [10.834808333333333, 54.85610833333333], [10.793863333333332, 54.77792], [10.771258333333332, 54.705663333333334], [10.864021666666668, 54.64040166666667], [11.014341666666667, 54.587970000000006], [11.190201666666667, 54.57870666666667], [11.34468, 54.533530000000006], [11.50619, 54.48912833333333], [11.674156666666667, 54.44264833333333], [11.84646, 54.40645833333333], [12.020416666666668, 54.40837333333333], [12.179686666666667, 54.433933333333336], [12.249445, 54.52650666666667], [18.459315, 54.94878333333334], [18.610081666666666, 54.932181666666665], [18.744893333333334, 54.872568333333334], [18.879626666666663, 54.80744166666667], [19.009493333333335, 54.74217], [19.063445, 54.651740000000004], [19.039431666666665, 54.5661], [18.989706666666667, 54.50938], [18.951696666666667, 54.46519333333333], [18.87749, 54.427575000000004], [18.765673333333332, 54.40725666666666], [18.728765, 54.40161], [18.718661666666666, 54.40584166666667], [18.718686666666667, 54.40586666666666], [18.718696666666666, 54.405935], [18.718663333333332, 54.405881666666666], [18.718661666666666, 54.405935], [18.718631666666667, 54.40586833333334], [18.718711666666664, 54.40599833333333]]}, "properties": {"label": "FRONT ALTAIR", "mmsi": "538007007", "imo": "9745902", "name": "FRONT ALTAIR", "shiptype": "", "first_seen_utc": "2026-01-06T00:21:52Z", "last_seen_utc": "2026-01-15T15:47:37Z", "destination": "PLGDN", "eta": "{'Day': 15, 'Hour': 11, 'Minute': 0, 'Month': 1}", "display": "", "links": "<a href=\"https://www.vesselfinder.com/vessels?name=9745902\" target=\"_blank\" rel=\"noopener\">VesselFinder</a> | <a href=\"https://www.marinetraffic.com/en/ais/search/all?keyword=9745902\" target=\"_blank\" rel=\"noopener\">MarineTraffic</a>", "vf_url": "https://www.vesselfinder.com/vessels?name=9745902", "mst_url": "https://www.marinetraffic.com/en/ais/search/all?keyword=9745902", "method": "v3_2pass_track3d_fromru10d", "ru_seen_in_lookback": true, "in_monitor_on_day": true}}, {"type": "Feature", "geometry": {"type": "Point", "coordinates": [18.718711666666664, 54.40599833333333]}, "properties": {"label": "FRONT ALTAIR", "mmsi": "538007007", "imo": "9745902", "name": "FRONT ALTAIR", "shiptype": "", "first_seen_utc": "2026-01-06T00:21:52Z", "last_seen_utc": "2026-01-15T15:47:37Z", "destination": "PLGDN", "eta": "{'Day': 15, 'Hour': 11, 'Minute': 0, 'Month': 1}", "display": "FRONT ALTAIR (538007007)", "links": "<a href=\"https://www.vesselfinder.com/vessels?name=9745902\" target=\"_blank\" rel=\"noopener\">VesselFinder</a> | <a href=\"https://www.marinetraffic.com/en/ais/search/all?keyword=9745902\" target=\"_blank\" rel=\"noopener\">MarineTraffic</a>", "vf_url": "https://www.vesselfinder.com/vessels?name=9745902", "mst_url": "https://www.marinetraffic.com/en/ais/search/all?keyword=9745902", "method": "v3_2pass_track3d_fromru10d", "ru_seen_in_lookback": true, "in_monitor_on_day": true}}, {"type": "Feature", "geometry": {"type": "LineString", "coordinates": [[-3.634545, 56.03793333333333], [-3.4466683333333332, 56.00947333333333], [-3.276126666666667, 56.02755333333334], [-3.10163, 56.06107333333333], [-2.9032116666666665, 56.09601333333333], [-1.9838933333333335, 56.19525333333333], [-1.77793, 56.21112666666667], [-1.58361, 56.23086], [5.4913066666666674, 57.250506666666666], [5.689931666666666, 57.28942], [5.890533333333334, 57.32854], [6.094791666666667, 57.36889333333333], [6.294991666666666, 57.408366666666666], [6.493645, 57.44432], [6.685873333333333, 57.48693333333333], [6.868233333333333, 57.53082666666667], [7.015766666666667, 57.56496], [7.127129999999999, 57.59056666666667], [7.237471666666666, 57.61183333333334], [7.34845, 57.62997333333333], [7.45636, 57.64662], [7.561481666666666, 57.661793333333335], [7.6731316666666665, 57.67658666666667], [7.788943333333333, 57.6759], [7.899431666666667, 57.68994], [8.001451666666666, 57.71784], [8.108106666666666, 57.74894], [8.215855, 57.78798666666667], [8.317395, 57.819073333333336], [8.414098333333333, 57.84547333333333], [8.522755, 57.87256], [8.63142, 57.90194666666666], [8.73174, 57.936146666666666], [8.836396666666667, 57.9698], [8.933871666666667, 58.00834666666666], [9.019366666666667, 58.056673333333336], [9.094593333333334, 58.10138666666667], [9.1759, 58.14315333333333], [9.263738333333333, 58.18691333333334], [9.34715, 58.23584], [9.417623333333333, 58.284106666666666], [9.48852, 58.33491333333333], [9.566980000000001, 58.38129333333333], [9.647648333333333, 58.42588], [9.718326666666666, 58.47150666666666], [9.795293333333332, 58.51578666666667], [9.876011666666667, 58.55663333333334], [9.950158333333333, 58.59894], [10.020878333333334, 58.64244], [10.091438333333334, 58.68459333333333], [10.170111666666665, 58.72702666666667], [10.245505000000001, 58.76553333333333], [10.316353333333332, 58.80450666666666], [10.40259, 58.847453333333334], [10.495698333333333, 58.89844666666667]]}, "properties": {"label": "KEY SOUTH", "mmsi": "248221000", "imo": "9479802", "name": "KEY SOUTH", "shiptype": "", "first_seen_utc": "2026-01-06T00:22:02Z", "last_seen_utc": "2026-01-15T10:42:53Z", "destination": "NO FRK", "eta": "{'Day': 15, 'Hour': 13, 'Minute': 0, 'Month': 1}", "display": "", "links": "<a href=\"https://www.vesselfinder.com/vessels?name=9479802\" target=\"_blank\" rel=\"noopener\">VesselFinder</a> | <a href=\"https://www.marinetraffic.com/en/ais/search/all?keyword=9479802\" target=\"_blank\" rel=\"noopener\">MarineTraffic</a>", "vf_url": "https://www.vesselfinder.com/vessels?name=9479802", "mst_url": "https://www.marinetraffic.com/en/ais/search/all?keyword=9479802", "method": "v3_2pass_track3d_fromru10d", "ru_seen_in_lookback": true, "in_monitor_on_day": true}}, {"type": "Feature", "geometry": {"type": "Point", "coordinates": [10.495698333333333, 58.89844666666667]}, "properties": {"label": "KEY SOUTH", "mmsi": "248221000", "imo": "9479802", "name": "KEY SOUTH", "shiptype": "", "first_seen_utc": "2026-01-06T00:22:02Z", "last_seen_utc": "2026-01-15T10:42:53Z", "destination": "NO FRK", "eta": "{'Day': 15, 'Hour': 13, 'Minute': 0, 'Month': 1}", "display": "KEY SOUTH (248221000)", "links": "<a href=\"https://www.vesselfinder.com/vessels?name=9479802\" target=\"_blank\" rel=\"noopener\">VesselFinder</a> | <a href=\"https://www.marinetraffic.com/en/ais/search/all?keyword=9479802\" target=\"_blank\" rel=\"noopener\">MarineTraffic</a>", "vf_url": "https://www.vesselfinder.com/vessels?name=9479802", "mst_url": "https://www.marinetraffic.com/en/ais/search/all?keyword=9479802", "method": "v3_2pass_track3d_fromru10d", "ru_seen_in_lookback": true, "in_monitor_on_day": true}}, {"type": "Feature", "geometry": {"type": "LineString", "coordinates": [[3.5543166666666663, 51.42633333333333], [3.3781166666666667, 51.40988333333333], [3.202433333333333, 51.40703333333333], [3.0332999999999997, 51.4145], [3.0465, 51.48355], [3.1496166666666667, 51.5513], [3.197416666666667, 51.6389], [3.2299333333333333, 51.716366666666666], [3.1755, 51.80465], [3.01115, 51.8663], [2.841666666666667, 51.91705], [2.7632166666666667, 52.00536666666667], [2.6590333333333334, 52.848483333333334], [0.45105, 53.75561666666667], [0.4529666666666667, 53.75425], [0.45253333333333334, 53.75396666666666], [0.4525666666666667, 53.75386666666667], [0.45348333333333335, 53.75595], [0.4536833333333333, 53.755183333333335], [0.4532, 53.75481666666667], [0.4522833333333333, 53.75429999999999], [0.4498833333333333, 53.757], [0.44984999999999997, 53.757], [0.44966666666666666, 53.75696666666667], [0.4497666666666667, 53.75698333333333], [0.45311666666666667, 53.75586666666666], [0.45213333333333333, 53.7539], [0.45208333333333334, 53.75395]]}, "properties": {"label": "ESSEX STAR", "mmsi": "256809000", "imo": "9348297", "name": "ESSEX STAR", "shiptype": "", "first_seen_utc": "2026-01-06T00:22:06Z", "last_seen_utc": "2026-01-15T14:39:14Z", "destination": "BEANR > GBIMM", "eta": "{'Day': 13, 'Hour': 21, 'Minute': 0, 'Month': 1}", "display": "", "links": "<a href=\"https://www.vesselfinder.com/vessels?name=9348297\" target=\"_blank\" rel=\"noopener\">VesselFinder</a> | <a href=\"https://www.marinetraffic.com/en/ais/search/all?keyword=9348297\" target=\"_blank\" rel=\"noopener\">MarineTraffic</a>", "vf_url": "https://www.vesselfinder.com/vessels?name=9348297", "mst_url": "https://www.marinetraffic.com/en/ais/search/all?keyword=9348297", "method": "v3_2pass_track3d_fromru10d", "ru_seen_in_lookback": true, "in_monitor_on_day": true}}, {"type": "Feature", "geometry": {"type": "Point", "coordinates": [0.45208333333333334, 53.75395]}, "properties": {"label": "ESSEX STAR", "mmsi": "256809000", "imo": "9348297", "name": "ESSEX STAR", "shiptype": "", "first_seen_utc": "2026-01-06T00:22:06Z", "last_seen_utc": "2026-01-15T14:39:14Z", "destination": "BEANR > GBIMM", "eta": "{'Day': 13, 'Hour': 21, 'Minute': 0, 'Month': 1}", "display": "ESSEX STAR (256809000)", "links": "<a href=\"https://www.vesselfinder.com/vessels?name=9348297\" target=\"_blank\" rel=\"noopener\">VesselFinder</a> | <a href=\"https://www.marinetraffic.com/en/ais/search/all?keyword=9348297\" target=\"_blank\" rel=\"noopener\">MarineTraffic</a>", "vf_url": "https://www.vesselfinder.com/vessels?name=9348297", "mst_url": "https://www.marinetraffic.com/en/ais/search/all?keyword=9348297", "method": "v3_2pass_track3d_fromru10d", "ru_seen_in_lookback": true, "in_monitor_on_day": true}}, {"type": "Feature", "geometry": {"type": "LineString", "coordinates": [[19.257995, 54.709963333333334], [19.258601666666667, 54.690376666666666], [19.270555, 54.72387833333333], [19.272928333333333, 54.67859166666666], [19.253095, 54.73004666666667], [19.143751666666667, 54.70762], [19.046454999999998, 54.67899833333333], [18.976605, 54.632439999999995], [18.914728333333336, 54.58304333333333], [18.85511, 54.53073166666666], [18.756255, 54.514381666666665], [18.63913, 54.50839833333334], [18.552926666666668, 54.524145], [18.550321666666665, 54.52377833333333], [18.550328333333333, 54.523806666666665], [18.550313333333335, 54.52381833333333], [18.550343333333334, 54.523795], [18.55032, 54.523785], [18.550325, 54.523783333333334], [18.550335, 54.52379333333333], [18.550315, 54.52382166666666], [18.55033166666667, 54.52380166666667], [18.550335, 54.523783333333334], [18.550340000000002, 54.52380166666667], [18.550361666666667, 54.52378], [18.550348333333332, 54.523786666666666], [18.550351666666664, 54.52380166666667], [18.550326666666667, 54.52380333333333], [18.550338333333332, 54.52379833333334], [18.550348333333332, 54.52379666666666], [18.550343333333334, 54.523786666666666], [18.550349999999998, 54.52379], [18.550348333333332, 54.52380333333333], [18.550333333333334, 54.523775], [18.550336666666666, 54.523786666666666], [18.550325, 54.52376833333334], [18.550296666666668, 54.52379833333334], [18.550326666666667, 54.523783333333334], [18.550310000000003, 54.523765000000004], [18.550255, 54.523761666666665], [18.550338333333332, 54.523783333333334], [18.550315, 54.52379333333333], [18.550333333333334, 54.523765000000004], [18.550328333333333, 54.52377166666667], [18.550301666666666, 54.52384], [18.550346666666666, 54.52378833333333], [18.55037, 54.52379], [18.55033166666667, 54.523783333333334], [18.550343333333334, 54.523805], [18.5503, 54.52379833333334], [18.550373333333333, 54.52381833333333], [18.55035333333333, 54.52374333333333], [18.550349999999998, 54.52379666666666], [18.550340000000002, 54.52379833333334], [18.550306666666664, 54.523781666666665], [18.550365, 54.52380333333333], [18.550265000000003, 54.52379333333333], [18.550348333333332, 54.52375], [18.550315, 54.52376833333334], [18.550306666666664, 54.52377333333333], [18.55029, 54.523775], [18.550333333333334, 54.52379], [18.550310000000003, 54.52380333333333], [18.55030833333333, 54.52377666666666], [18.550333333333334, 54.52375333333334], [18.55026333333333, 54.523761666666665], [18.550288333333334, 54.523808333333335], [18.55032, 54.52379166666666], [18.550343333333334, 54.52379333333333], [18.550335, 54.52379666666666], [18.550318333333333, 54.52379], [18.550285, 54.523871666666665], [18.5503, 54.523828333333334], [18.55038, 54.52385], [18.550365, 54.52377833333333], [18.550336666666666, 54.52378833333333], [18.5503, 54.523806666666665], [18.550336666666666, 54.523808333333335], [18.550325, 54.523781666666665], [18.550315, 54.523755], [18.550333333333334, 54.52377166666667], [18.550295000000002, 54.52379166666666], [18.550271666666667, 54.523763333333335]]}, "properties": {"label": "WLA-184 HELOT", "mmsi": "261005510", "imo": "8321175", "name": "WLA-184 HELOT", "shiptype": "", "first_seen_utc": "2026-01-06T00:22:31Z", "last_seen_utc": "2026-01-15T15:48:13Z", "destination": "GDYNIA", "eta": "{'Day': 14, 'Hour': 4, 'Minute': 10, 'Month': 1}", "display": "", "links": "<a href=\"https://www.vesselfinder.com/vessels?name=8321175\" target=\"_blank\" rel=\"noopener\">VesselFinder</a> | <a href=\"https://www.marinetraffic.com/en/ais/search/all?keyword=8321175\" target=\"_blank\" rel=\"noopener\">MarineTraffic</a>", "vf_url": "https://www.vesselfinder.com/vessels?name=8321175", "mst_url": "https://www.marinetraffic.com/en/ais/search/all?keyword=8321175", "method": "v3_2pass_track3d_fromru10d", "ru_seen_in_lookback": true, "in_monitor_on_day": true}}, {"type": "Feature", "geometry": {"type": "Point", "coordinates": [18.550271666666667, 54.523763333333335]}, "properties": {"label": "WLA-184 HELOT", "mmsi": "261005510", "imo": "8321175", "name": "WLA-184 HELOT", "shiptype": "", "first_seen_utc": "2026-01-06T00:22:31Z", "last_seen_utc": "2026-01-15T15:48:13Z", "destination": "GDYNIA", "eta": "{'Day': 14, 'Hour': 4, 'Minute': 10, 'Month': 1}", "display": "WLA-184 HELOT (261005510)", "links": "<a href=\"https://www.vesselfinder.com/vessels?name=8321175\" target=\"_blank\" rel=\"noopener\">VesselFinder</a> | <a href=\"https://www.marinetraffic.com/en/ais/search/all?keyword=8321175\" target=\"_blank\" rel=\"noopener\">MarineTraffic</a>", "vf_url": "https://www.vesselfinder.com/vessels?name=8321175", "mst_url": "https://www.marinetraffic.com/en/ais/search/all?keyword=8321175", "method": "v3_2pass_track3d_fromru10d", "ru_seen_in_lookback": true, "in_monitor_on_day": true}}, {"type": "Feature", "geometry": {"type": "LineString", "coordinates": [[14.730308333333333, 55.45188666666666], [14.579988333333334, 55.41860166666667], [14.431693333333333, 55.32014166666667], [14.308471666666666, 55.238825], [13.047596666666667, 55.25965833333333], [12.885288333333333, 55.268501666666666], [12.739641666666667, 55.297356666666666], [12.696936666666666, 55.374105], [12.708478333333334, 55.46691166666667], [12.720015, 55.53308666666667], [12.699036666666666, 55.608825], [12.688970000000001, 55.688116666666666], [12.707881666666667, 55.77490833333333], [12.732708333333333, 55.863505], [12.724291666666666, 55.94850666666667], [12.669173333333333, 56.03253666666667], [12.575716666666667, 56.10012166666667], [12.469098333333333, 56.163035]]}, "properties": {"label": "PEAK BORDEAUX", "mmsi": "246474000", "imo": "9545039", "name": "PEAK BORDEAUX", "shiptype": "", "first_seen_utc": "2026-01-06T00:25:16Z", "last_seen_utc": "2026-01-15T02:41:13Z", "destination": "SEVAG", "eta": "{'Day': 15, 'Hour': 7, 'Minute': 0, 'Month': 1}", "display": "", "links": "<a href=\"https://www.vesselfinder.com/vessels?name=9545039\" target=\"_blank\" rel=\"noopener\">VesselFinder</a> | <a href=\"https://www.marinetraffic.com/en/ais/search/all?keyword=9545039\" target=\"_blank\" rel=\"noopener\">MarineTraffic</a>", "vf_url": "https://www.vesselfinder.com/vessels?name=9545039", "mst_url": "https://www.marinetraffic.com/en/ais/search/all?keyword=9545039", "method": "v3_2pass_track3d_fromru10d", "ru_seen_in_lookback": true, "in_monitor_on_day": true}}, {"type": "Feature", "geometry": {"type": "Point", "coordinates": [12.469098333333333, 56.163035]}, "properties": {"label": "PEAK BORDEAUX", "mmsi": "246474000", "imo": "9545039", "name": "PEAK BORDEAUX", "shiptype": "", "first_seen_utc": "2026-01-06T00:25:16Z", "last_seen_utc": "2026-01-15T02:41:13Z", "destination": "SEVAG", "eta": "{'Day': 15, 'Hour': 7, 'Minute': 0, 'Month': 1}", "display": "PEAK BORDEAUX (246474000)", "links": "<a href=\"https://www.vesselfinder.com/vessels?name=9545039\" target=\"_blank\" rel=\"noopener\">VesselFinder</a> | <a href=\"https://www.marinetraffic.com/en/ais/search/all?keyword=9545039\" target=\"_blank\" rel=\"noopener\">MarineTraffic</a>", "vf_url": "https://www.vesselfinder.com/vessels?name=9545039", "mst_url": "https://www.marinetraffic.com/en/ais/search/all?keyword=9545039", "method": "v3_2pass_track3d_fromru10d", "ru_seen_in_lookback": true, "in_monitor_on_day": true}}, {"type": "Feature", "geometry": {"type": "LineString", "coordinates": [[18.711000000000002, 54.38802166666667], [18.710998333333336, 54.388025], [18.710995, 54.388025], [18.711000000000002, 54.38802666666666], [18.711001666666668, 54.38802], [18.710991666666665, 54.38802333333333], [18.71099, 54.38802166666667], [18.711008333333332, 54.38802], [18.711006666666666, 54.38801333333333], [18.710998333333336, 54.38803166666666], [18.711000000000002, 54.38802666666666], [18.71099, 54.38803166666666], [18.711003333333334, 54.388038333333334], [18.710996666666666, 54.388034999999995], [18.711000000000002, 54.388016666666665], [18.710991666666665, 54.38802166666667], [18.710996666666666, 54.38802166666667], [18.710998333333336, 54.388018333333335], [18.711001666666668, 54.38803], [18.711003333333334, 54.388025], [18.711006666666666, 54.388025], [18.710991666666665, 54.388018333333335], [18.710998333333336, 54.388018333333335], [18.711001666666668, 54.388005], [18.711003333333334, 54.388018333333335], [18.711005, 54.388045000000005], [18.711006666666666, 54.38802166666667], [18.71099333333333, 54.38802666666666], [18.710991666666665, 54.38802], [18.71099333333333, 54.38802166666667], [18.711006666666666, 54.387989999999995], [18.710978333333333, 54.38802666666666], [18.710983333333335, 54.38802333333333], [18.710991666666665, 54.38803], [18.711001666666668, 54.388025], [18.711000000000002, 54.388015], [18.711000000000002, 54.38802166666667], [18.71099333333333, 54.388018333333335], [18.710998333333336, 54.388016666666665], [18.710998333333336, 54.388016666666665], [18.710988333333333, 54.38802833333333], [18.710996666666666, 54.38802333333333], [18.71099333333333, 54.38802666666666], [18.710991666666665, 54.38802166666667], [18.711003333333334, 54.388025], [18.71099333333333, 54.388016666666665], [18.710991666666665, 54.388015], [18.710988333333333, 54.38802], [18.710991666666665, 54.38802], [18.71099, 54.388018333333335], [18.710991666666665, 54.38802], [18.71099, 54.38802833333333], [18.71099333333333, 54.388025], [18.710991666666665, 54.388034999999995], [18.710978333333333, 54.38804666666667], [18.71099, 54.38802333333333], [18.710991666666665, 54.388018333333335], [18.710985, 54.388025], [18.710983333333335, 54.388011666666664], [18.710986666666667, 54.388018333333335], [18.710985, 54.388018333333335], [18.710976666666667, 54.388025], [18.710985, 54.38802333333333], [18.710998333333336, 54.38802], [18.710986666666667, 54.388016666666665], [18.710991666666665, 54.388025], [18.710983333333335, 54.38802166666667], [18.710996666666666, 54.38802666666666], [18.711009999999998, 54.38801333333333], [18.711003333333334, 54.388040000000004], [18.71099333333333, 54.388034999999995], [18.710996666666666, 54.388018333333335], [18.710998333333336, 54.38802], [18.711000000000002, 54.38802333333333], [18.711000000000002, 54.38802666666666], [18.71099333333333, 54.38802833333333], [18.710981666666665, 54.38802666666666], [18.710995, 54.38802333333333], [18.712075000000002, 54.388506666666665], [18.776083333333336, 54.407943333333336], [18.88702, 54.424753333333335], [19.02922166666667, 54.50166333333333], [19.106573333333333, 54.64705666666667], [19.06259, 54.80247833333333], [18.87129666666667, 54.88797666666667], [18.659961666666668, 54.96782666666666], [18.405625, 54.964573333333334], [18.151083333333336, 54.96174666666666], [14.821458333333334, 54.65569333333334], [14.215016666666665, 54.65575666666667], [13.804885, 54.723229999999994], [13.209748333333332, 54.776885], [12.427993333333335, 54.66483], [12.27709, 54.60118666666666], [12.199856666666667, 54.46722666666667], [11.964743333333333, 54.440425], [11.708576666666666, 54.45442833333333], [11.473753333333333, 54.51629166666667], [11.248316666666666, 54.594568333333335], [11.031626666666666, 54.633138333333335], [10.834458333333334, 54.66066], [10.800946666666666, 54.759915], [10.839531666666666, 54.87700333333333], [10.960659999999999, 54.971291666666666]]}, "properties": {"label": "CMA CGM KERGUELEN", "mmsi": "215207000", "imo": "9702132", "name": "CMA CGM KERGUELEN", "shiptype": "", "first_seen_utc": "2026-01-06T00:25:21Z", "last_seen_utc": "2026-01-15T15:48:38Z", "destination": "SEGOT", "eta": "{'Day': 16, 'Hour': 4, 'Minute': 0, 'Month': 1}", "display": "", "links": "<a href=\"https://www.vesselfinder.com/vessels?name=9702132\" target=\"_blank\" rel=\"noopener\">VesselFinder</a> | <a href=\"https://www.marinetraffic.com/en/ais/search/all?keyword=9702132\" target=\"_blank\" rel=\"noopener\">MarineTraffic</a>", "vf_url": "https://www.vesselfinder.com/vessels?name=9702132", "mst_url": "https://www.marinetraffic.com/en/ais/search/all?keyword=9702132", "method": "v3_2pass_track3d_fromru10d", "ru_seen_in_lookback": true, "in_monitor_on_day": true}}, {"type": "Feature", "geometry": {"type": "Point", "coordinates": [10.960659999999999, 54.971291666666666]}, "properties": {"label": "CMA CGM KERGUELEN", "mmsi": "215207000", "imo": "9702132", "name": "CMA CGM KERGUELEN", "shiptype": "", "first_seen_utc": "2026-01-06T00:25:21Z", "last_seen_utc": "2026-01-15T15:48:38Z", "destination": "SEGOT", "eta": "{'Day': 16, 'Hour': 4, 'Minute': 0, 'Month': 1}", "display": "CMA CGM KERGUELEN (215207000)", "links": "<a href=\"https://www.vesselfinder.com/vessels?name=9702132\" target=\"_blank\" rel=\"noopener\">VesselFinder</a> | <a href=\"https://www.marinetraffic.com/en/ais/search/all?keyword=9702132\" target=\"_blank\" rel=\"noopener\">MarineTraffic</a>", "vf_url": "https://www.vesselfinder.com/vessels?name=9702132", "mst_url": "https://www.marinetraffic.com/en/ais/search/all?keyword=9702132", "method": "v3_2pass_track3d_fromru10d", "ru_seen_in_lookback": true, "in_monitor_on_day": true}}, {"type": "Feature", "geometry": {"type": "LineString", "coordinates": [[10.453628333333334, 57.84694666666667], [10.227033333333333, 57.850183333333334], [9.997800000000002, 57.842205], [9.788586666666667, 57.836965], [9.589573333333334, 57.82360333333334], [9.423231666666668, 57.77656833333333], [9.256593333333333, 57.72756833333334], [9.097495, 57.682], [8.948551666666667, 57.63171], [8.802985, 57.58289666666667], [8.648053333333333, 57.53312666666667], [8.499205, 57.485533333333336], [8.346128333333333, 57.436526666666666], [8.196413333333334, 57.38880666666667], [8.044203333333334, 57.344435], [7.896871666666667, 57.290205], [7.782595, 57.21817166666666], [7.673863333333333, 57.133], [4.539476666666667, 54.16863166666667], [4.430948333333333, 54.060345], [4.281131666666667, 53.986435], [2.9300333333333333, 52.531175], [2.8031683333333333, 52.38841333333333], [2.7139066666666665, 52.293906666666665], [2.5919683333333334, 52.02054666666667], [2.272505, 51.688185], [2.1742766666666666, 51.620365], [2.075136666666667, 51.553185], [1.9749983333333332, 51.48374], [1.89402, 51.40537333333334], [1.8216316666666665, 51.318155000000004], [1.74709, 51.22528666666666], [1.6147783333333334, 51.156645000000005]]}, "properties": {"label": "EUROSAILOR", "mmsi": "215936000", "imo": "9895915", "name": "EUROSAILOR", "shiptype": "", "first_seen_utc": "2026-01-06T00:25:54Z", "last_seen_utc": "2026-01-15T15:48:38Z", "destination": "TRMER", "eta": "{'Day': 26, 'Hour': 20, 'Minute': 0, 'Month': 1}", "display": "", "links": "<a href=\"https://www.vesselfinder.com/vessels?name=9895915\" target=\"_blank\" rel=\"noopener\">VesselFinder</a> | <a href=\"https://www.marinetraffic.com/en/ais/search/all?keyword=9895915\" target=\"_blank\" rel=\"noopener\">MarineTraffic</a>", "vf_url": "https://www.vesselfinder.com/vessels?name=9895915", "mst_url": "https://www.marinetraffic.com/en/ais/search/all?keyword=9895915", "method": "v3_2pass_track3d_fromru10d", "ru_seen_in_lookback": true, "in_monitor_on_day": true}}, {"type": "Feature", "geometry": {"type": "Point", "coordinates": [1.6147783333333334, 51.156645000000005]}, "properties": {"label": "EUROSAILOR", "mmsi": "215936000", "imo": "9895915", "name": "EUROSAILOR", "shiptype": "", "first_seen_utc": "2026-01-06T00:25:54Z", "last_seen_utc": "2026-01-15T15:48:38Z", "destination": "TRMER", "eta": "{'Day': 26, 'Hour': 20, 'Minute': 0, 'Month': 1}", "display": "EUROSAILOR (215936000)", "links": "<a href=\"https://www.vesselfinder.com/vessels?name=9895915\" target=\"_blank\" rel=\"noopener\">VesselFinder</a> | <a href=\"https://www.marinetraffic.com/en/ais/search/all?keyword=9895915\" target=\"_blank\" rel=\"noopener\">MarineTraffic</a>", "vf_url": "https://www.vesselfinder.com/vessels?name=9895915", "mst_url": "https://www.marinetraffic.com/en/ais/search/all?keyword=9895915", "method": "v3_2pass_track3d_fromru10d", "ru_seen_in_lookback": true, "in_monitor_on_day": true}}, {"type": "Feature", "geometry": {"type": "LineString", "coordinates": [[6.502393333333333, 54.193171666666665], [6.292073333333334, 54.18570833333333], [4.77999, 53.766935], [4.693241666666666, 53.65195666666667], [4.607033333333334, 53.53520833333334], [4.537476666666667, 53.41334833333334], [4.476226666666666, 53.29252333333333], [4.39591, 53.17552], [4.2405083333333335, 53.09600666666667], [4.020711666666667, 52.98712666666667], [3.72414, 52.801415], [3.449473333333333, 52.349243333333334], [3.3395066666666664, 52.058038333333336], [3.3267366666666667, 52.00244166666666], [3.308875, 51.94179333333333], [3.291416666666667, 51.87441666666667], [3.276078333333333, 51.81323], [3.2309316666666663, 51.75375833333333], [3.18347, 51.65461166666667], [3.1107816666666666, 51.542315], [2.99086, 51.450095000000005], [3.1249249999999997, 51.39944], [3.3335466666666664, 51.40595666666666], [3.52165, 51.42047], [3.6420033333333333, 51.43919666666667], [3.7275416666666668, 51.37567666666666], [3.873928333333333, 51.34902833333333], [3.981395, 51.434828333333336], [4.088628333333333, 51.370176666666666], [4.221758333333333, 51.36441], [4.270826666666666, 51.31615166666666], [4.267896666666667, 51.299504999999996], [4.254588333333333, 51.28891], [4.254593333333333, 51.288916666666665], [4.254583333333334, 51.288925], [4.254583333333334, 51.288911666666664], [4.254593333333333, 51.28891], [4.254553333333333, 51.288905], [4.2546083333333335, 51.28890666666667], [4.254625, 51.28892666666666], [4.254623333333333, 51.288938333333334], [4.254603333333333, 51.28890833333333], [4.254566666666666, 51.288935], [4.254613333333333, 51.288943333333336], [4.254525, 51.288895000000004], [4.25457, 51.28892666666666], [4.254583333333334, 51.288866666666664], [4.254568333333333, 51.28888], [4.254503333333333, 51.288885], [4.254536666666667, 51.288869999999996], [4.254408333333333, 51.28893], [4.254661666666666, 51.28889166666667], [4.25452, 51.28881333333333], [4.2546083333333335, 51.28891], [4.25462, 51.288916666666665], [4.254605, 51.28891833333333], [4.254618333333333, 51.288896666666666], [4.254603333333333, 51.28892333333333], [4.254625, 51.28891333333333], [4.254543333333333, 51.28891], [4.254613333333333, 51.28884166666667], [4.254555, 51.28885666666667], [4.254551666666667, 51.28890333333333], [4.2546116666666665, 51.289051666666666], [4.254591666666666, 51.289001666666664], [4.254695, 51.288956666666664], [4.2545866666666665, 51.288866666666664], [4.254575, 51.28888333333334], [4.254601666666667, 51.28892333333333], [4.25464, 51.288935], [4.2546, 51.28892166666667], [4.25456, 51.28888333333334], [4.254603333333333, 51.288911666666664], [4.254591666666666, 51.28891833333333], [4.2546083333333335, 51.28893333333333], [4.254606666666667, 51.288914999999996], [4.254593333333333, 51.28892166666667], [4.254625, 51.28892833333334], [4.254596666666667, 51.28893], [4.2546100000000004, 51.288916666666665], [4.254646666666667, 51.288965], [4.271353333333334, 51.30189], [4.229096666666667, 51.35930333333333], [4.102468333333333, 51.369733333333336], [3.975155, 51.431781666666666], [3.8510333333333335, 51.347565], [3.7075916666666666, 51.417561666666664], [3.595981666666667, 51.434288333333335], [3.4498683333333333, 51.415108333333336], [3.2500033333333334, 51.41087666666667], [3.04369, 51.41089833333333], [2.837708333333333, 51.421928333333334], [2.732265, 51.37556], [2.639078333333333, 51.38303], [2.5397966666666667, 51.38153], [2.422283333333333, 51.363733333333336], [2.309498333333333, 51.339475], [2.193073333333333, 51.367021666666666], [2.077555, 51.415755], [1.9598016666666667, 51.420195], [1.8959983333333335, 51.367738333333335], [1.8267483333333334, 51.30296], [1.75685, 51.23627833333333], [1.6696533333333332, 51.17868166666666], [1.574685, 51.12912333333334], [1.4844149999999998, 51.06794333333333], [1.4146016666666665, 51.000838333333334], [1.3245783333333334, 50.929431666666666]]}, "properties": {"label": "MSC OLIVIA", "mmsi": "636022723", "imo": "9954761", "name": "MSC OLIVIA", "shiptype": "", "first_seen_utc": "2026-01-06T00:27:33Z", "last_seen_utc": "2026-01-15T15:46:28Z", "destination": "USCHS", "eta": "{'Day': 25, 'Hour': 9, 'Minute': 0, 'Month': 1}", "display": "", "links": "<a href=\"https://www.vesselfinder.com/vessels?name=9954761\" target=\"_blank\" rel=\"noopener\">VesselFinder</a> | <a href=\"https://www.marinetraffic.com/en/ais/search/all?keyword=9954761\" target=\"_blank\" rel=\"noopener\">MarineTraffic</a>", "vf_url": "https://www.vesselfinder.com/vessels?name=9954761", "mst_url": "https://www.marinetraffic.com/en/ais/search/all?keyword=9954761", "method": "v3_2pass_track3d_fromru10d", "ru_seen_in_lookback": true, "in_monitor_on_day": true}}, {"type": "Feature", "geometry": {"type": "Point", "coordinates": [1.3245783333333334, 50.929431666666666]}, "properties": {"label": "MSC OLIVIA", "mmsi": "636022723", "imo": "9954761", "name": "MSC OLIVIA", "shiptype": "", "first_seen_utc": "2026-01-06T00:27:33Z", "last_seen_utc": "2026-01-15T15:46:28Z", "destination": "USCHS", "eta": "{'Day': 25, 'Hour': 9, 'Minute': 0, 'Month': 1}", "display": "MSC OLIVIA (636022723)", "links": "<a href=\"https://www.vesselfinder.com/vessels?name=9954761\" target=\"_blank\" rel=\"noopener\">VesselFinder</a> | <a href=\"https://www.marinetraffic.com/en/ais/search/all?keyword=9954761\" target=\"_blank\" rel=\"noopener\">MarineTraffic</a>", "vf_url": "https://www.vesselfinder.com/vessels?name=9954761", "mst_url": "https://www.marinetraffic.com/en/ais/search/all?keyword=9954761", "method": "v3_2pass_track3d_fromru10d", "ru_seen_in_lookback": true, "in_monitor_on_day": true}}, {"type": "Feature", "geometry": {"type": "LineString", "coordinates": [[11.077051666666668, 56.032455], [10.988235, 55.947925000000005], [10.845306666666666, 55.894443333333335], [10.804868333333333, 55.81061166666667], [10.788586666666667, 55.71190166666667], [10.790176666666667, 55.61594], [10.978051666666666, 55.41105833333334], [11.028979999999999, 55.32362833333333], [11.094091666666666, 55.23516333333334], [11.005688333333334, 55.16477], [10.991296666666667, 55.07033833333333], [10.966268333333334, 54.97639166666667], [10.861893333333335, 54.91004], [10.834493333333334, 54.821353333333334], [10.778693333333333, 54.731945], [10.820593333333333, 54.653686666666665], [10.961361666666667, 54.602745], [11.127825, 54.58659333333333], [11.281736666666665, 54.544803333333334], [11.42568, 54.502894999999995], [11.579075, 54.456271666666666], [11.73861, 54.4116], [11.913466666666666, 54.408496666666665], [12.091308333333334, 54.40770166666667], [12.210553333333333, 54.46163166666667], [14.17275, 55.02185833333333], [14.34941, 55.14665333333333], [14.465839999999998, 55.23625833333333], [14.593818333333333, 55.33549666666667], [14.731131666666666, 55.40959], [14.9198, 55.44853166666667], [18.632054999999998, 55.025306666666665], [18.770365, 54.949200000000005], [18.89587, 54.86378666666667], [19.002286666666667, 54.768786666666664], [19.054675, 54.66320333333333], [19.037766666666666, 54.56449833333333], [18.964113333333334, 54.47902166666667], [18.89428333333333, 54.45183166666666], [18.88684, 54.447298333333336], [18.88708, 54.447215], [18.887825000000003, 54.446805000000005], [18.888445, 54.44644], [18.888523333333335, 54.446398333333335], [18.88628333333333, 54.44745], [18.88408666666667, 54.447225], [18.883143333333333, 54.44696], [18.883015, 54.44669666666667], [18.882794999999998, 54.446839999999995], [18.88294833333333, 54.446825], [18.883135, 54.44680833333334], [18.883761666666665, 54.447206666666666], [18.88337, 54.44700833333333], [18.883348333333334, 54.44699666666667], [18.882839999999998, 54.44690666666667], [18.883249999999997, 54.447055], [18.883778333333332, 54.44729333333333], [18.883531666666666, 54.447285], [18.883561666666665, 54.44728166666666], [18.88412, 54.44733166666666], [18.884418333333333, 54.447493333333334], [18.884681666666665, 54.447615000000006], [18.884263333333333, 54.44744], [18.884388333333334, 54.44749], [18.88459, 54.44757666666667], [18.884326666666666, 54.447570000000006], [18.884059999999998, 54.44751833333333], [18.884328333333332, 54.44757833333333], [18.883801666666667, 54.44750166666667], [18.8836, 54.44743666666667], [18.88324833333333, 54.44733833333333], [18.883061666666666, 54.44726166666667], [18.882753333333334, 54.44717]]}, "properties": {"label": "EAGLE BINTULU", "mmsi": "533130869", "imo": "9795074", "name": "EAGLE BINTULU", "shiptype": "", "first_seen_utc": "2026-01-06T00:27:47Z", "last_seen_utc": "2026-01-15T16:13:16Z", "destination": "GDANSK POLAND", "eta": "{'Day': 15, 'Hour': 20, 'Minute': 0, 'Month': 1}", "display": "", "links": "<a href=\"https://www.vesselfinder.com/vessels?name=9795074\" target=\"_blank\" rel=\"noopener\">VesselFinder</a> | <a href=\"https://www.marinetraffic.com/en/ais/search/all?keyword=9795074\" target=\"_blank\" rel=\"noopener\">MarineTraffic</a>", "vf_url": "https://www.vesselfinder.com/vessels?name=9795074", "mst_url": "https://www.marinetraffic.com/en/ais/search/all?keyword=9795074", "method": "v3_2pass_track3d_fromru10d", "ru_seen_in_lookback": true, "in_monitor_on_day": true}}, {"type": "Feature", "geometry": {"type": "Point", "coordinates": [18.882753333333334, 54.44717]}, "properties": {"label": "EAGLE BINTULU", "mmsi": "533130869", "imo": "9795074", "name": "EAGLE BINTULU", "shiptype": "", "first_seen_utc": "2026-01-06T00:27:47Z", "last_seen_utc": "2026-01-15T16:13:16Z", "destination": "GDANSK POLAND", "eta": "{'Day': 15, 'Hour': 20, 'Minute': 0, 'Month': 1}", "display": "EAGLE BINTULU (533130869)", "links": "<a href=\"https://www.vesselfinder.com/vessels?name=9795074\" target=\"_blank\" rel=\"noopener\">VesselFinder</a> | <a href=\"https://www.marinetraffic.com/en/ais/search/all?keyword=9795074\" target=\"_blank\" rel=\"noopener\">MarineTraffic</a>", "vf_url": "https://www.vesselfinder.com/vessels?name=9795074", "mst_url": "https://www.marinetraffic.com/en/ais/search/all?keyword=9795074", "method": "v3_2pass_track3d_fromru10d", "ru_seen_in_lookback": true, "in_monitor_on_day": true}}, {"type": "Feature", "geometry": {"type": "LineString", "coordinates": [[19.147483333333334, 54.73563333333333], [19.1449, 54.78098333333333], [19.151850000000003, 54.754400000000004], [19.133716666666665, 54.77908333333333], [19.138316666666665, 54.75363333333333], [19.139799999999997, 54.722316666666664], [19.14125, 54.68926666666667], [19.128716666666666, 54.681799999999996], [19.126133333333332, 54.7168], [19.124133333333337, 54.754850000000005], [19.133883333333333, 54.787616666666665], [19.122816666666665, 54.7539], [19.125116666666667, 54.77616666666667], [19.129166666666666, 54.74731666666666], [19.128866666666667, 54.78473333333333], [19.120866666666664, 54.753566666666664], [19.135066666666667, 54.7343], [19.138550000000002, 54.7657], [19.140449999999998, 54.732483333333334], [19.140066666666666, 54.74565], [19.135350000000003, 54.75233333333333], [19.14356666666667, 54.71606666666666], [19.1456, 54.683949999999996], [19.116833333333332, 54.68541666666667], [19.115099999999998, 54.71906666666666], [19.112166666666667, 54.77701666666667], [19.1007, 54.75966666666667], [19.102533333333334, 54.71945], [19.104283333333335, 54.6893], [19.115916666666667, 54.68171666666667], [19.11435, 54.71405], [19.113, 54.74551666666667], [19.1006, 54.78488333333333], [19.095216666666666, 54.76088333333333], [19.102516666666666, 54.772600000000004], [19.100283333333334, 54.75398333333333], [19.10055, 54.72268333333333], [19.103749999999998, 54.74545], [19.09988333333333, 54.748799999999996], [19.102383333333332, 54.7374], [19.101733333333335, 54.709516666666666], [19.09851666666667, 54.691766666666666], [19.092716666666668, 54.67888333333334], [19.040433333333333, 54.64885], [18.996066666666664, 54.62125], [18.94066666666667, 54.58945000000001], [18.879483333333333, 54.55665], [18.8121, 54.52225], [18.721416666666666, 54.514316666666666], [18.65925, 54.514583333333334], [18.60301666666667, 54.51248333333333], [18.582333333333334, 54.514966666666666], [18.553583333333332, 54.521566666666665], [18.5536, 54.521566666666665], [18.553583333333332, 54.521566666666665], [18.553583333333332, 54.521550000000005], [18.553566666666665, 54.521550000000005], [18.553583333333332, 54.521566666666665], [18.553583333333332, 54.521566666666665], [18.553583333333332, 54.52158333333333], [18.553566666666665, 54.521566666666665], [18.553583333333332, 54.521566666666665], [18.5536, 54.521550000000005], [18.5536, 54.521550000000005], [18.5536, 54.521566666666665], [18.553616666666667, 54.521566666666665], [18.553616666666667, 54.521566666666665], [18.553616666666667, 54.521550000000005], [18.5536, 54.521566666666665], [18.553616666666667, 54.521566666666665], [18.5536, 54.521566666666665], [18.553616666666667, 54.521550000000005], [18.553633333333334, 54.521550000000005], [18.553616666666667, 54.521550000000005], [18.553616666666667, 54.521566666666665], [18.553616666666667, 54.521566666666665], [18.553616666666667, 54.521550000000005], [18.5536, 54.52153333333333], [18.553616666666667, 54.52153333333333], [18.5536, 54.521550000000005], [18.5536, 54.521550000000005], [18.553583333333332, 54.521550000000005], [18.5536, 54.521550000000005], [18.553566666666665, 54.52153333333333], [18.553583333333332, 54.521550000000005], [18.5536, 54.521566666666665], [18.553583333333332, 54.521566666666665], [18.553583333333332, 54.521566666666665], [18.5536, 54.521550000000005], [18.553616666666667, 54.52153333333333], [18.5536, 54.521550000000005], [18.5536, 54.521550000000005], [18.5536, 54.521550000000005], [18.5536, 54.521566666666665], [18.5536, 54.521566666666665], [18.5536, 54.52153333333333], [18.5536, 54.521550000000005], [18.553616666666667, 54.521550000000005], [18.5536, 54.521566666666665], [18.553583333333332, 54.521566666666665], [18.5536, 54.521566666666665], [18.553583333333332, 54.521566666666665], [18.553583333333332, 54.521566666666665], [18.553566666666665, 54.521566666666665], [18.553583333333332, 54.521566666666665], [18.553583333333332, 54.521566666666665], [18.553583333333332, 54.521566666666665], [18.5536, 54.521566666666665], [18.5536, 54.521566666666665], [18.5536, 54.521566666666665], [18.5536, 54.52158333333333], [18.5536, 54.521566666666665], [18.5536, 54.521550000000005], [18.5536, 54.521550000000005], [18.5536, 54.521566666666665], [18.5536, 54.521566666666665], [18.553616666666667, 54.521550000000005]]}, "properties": {"label": "AMBER AGATHA", "mmsi": "261004058", "imo": "8516885", "name": "AMBER AGATHA", "shiptype": "", "first_seen_utc": "2026-01-06T00:27:53Z", "last_seen_utc": "2026-01-15T15:51:34Z", "destination": "GDYNIA", "eta": "{'Day': 14, 'Hour': 6, 'Minute': 0, 'Month': 1}", "display": "", "links": "<a href=\"https://www.vesselfinder.com/vessels?name=8516885\" target=\"_blank\" rel=\"noopener\">VesselFinder</a> | <a href=\"https://www.marinetraffic.com/en/ais/search/all?keyword=8516885\" target=\"_blank\" rel=\"noopener\">MarineTraffic</a>", "vf_url": "https://www.vesselfinder.com/vessels?name=8516885", "mst_url": "https://www.marinetraffic.com/en/ais/search/all?keyword=8516885", "method": "v3_2pass_track3d_fromru10d", "ru_seen_in_lookback": true, "in_monitor_on_day": true}}, {"type": "Feature", "geometry": {"type": "Point", "coordinates": [18.553616666666667, 54.521550000000005]}, "properties": {"label": "AMBER AGATHA", "mmsi": "261004058", "imo": "8516885", "name": "AMBER AGATHA", "shiptype": "", "first_seen_utc": "2026-01-06T00:27:53Z", "last_seen_utc": "2026-01-15T15:51:34Z", "destination": "GDYNIA", "eta": "{'Day': 14, 'Hour': 6, 'Minute': 0, 'Month': 1}", "display": "AMBER AGATHA (261004058)", "links": "<a href=\"https://www.vesselfinder.com/vessels?name=8516885\" target=\"_blank\" rel=\"noopener\">VesselFinder</a> | <a href=\"https://www.marinetraffic.com/en/ais/search/all?keyword=8516885\" target=\"_blank\" rel=\"noopener\">MarineTraffic</a>", "vf_url": "https://www.vesselfinder.com/vessels?name=8516885", "mst_url": "https://www.marinetraffic.com/en/ais/search/all?keyword=8516885", "method": "v3_2pass_track3d_fromru10d", "ru_seen_in_lookback": true, "in_monitor_on_day": true}}, {"type": "Feature", "geometry": {"type": "LineString", "coordinates": [[13.05885, 55.259966666666664], [12.87515, 55.26725], [12.70195, 55.30395], [12.695616666666666, 55.401916666666665], [12.7186, 55.4807], [12.67275, 55.474583333333335], [12.689033333333333, 55.468399999999995], [12.793966666666668, 55.553466666666665], [12.920766666666667, 55.634483333333336], [12.866266666666666, 55.728233333333336], [12.767933333333334, 55.8211], [12.739583333333334, 55.925666666666665], [12.672033333333333, 56.02511666666667], [12.546033333333332, 56.11925], [10.357949999999999, 57.84858333333333], [10.067083333333333, 57.83696666666666], [9.8537, 57.829966666666664], [9.69015, 57.82455], [9.528616666666666, 57.790216666666666], [9.390899999999998, 57.74561666666667], [9.253483333333332, 57.70121666666667], [9.117233333333333, 57.67561666666666], [8.986500000000001, 57.6398], [8.858066666666668, 57.595], [8.734866666666667, 57.5464], [8.609766666666667, 57.496433333333336], [8.464733333333333, 57.4448], [8.338216666666666, 57.395316666666666], [8.2142, 57.348283333333335], [8.100316666666666, 57.29333333333333], [7.9702, 57.248900000000006], [7.847066666666667, 57.20683333333333], [7.717183333333334, 57.1608], [7.5845666666666665, 57.11295], [6.797116666666667, 56.39113333333333]]}, "properties": {"label": "ATALANTE", "mmsi": "229720000", "imo": "9363168", "name": "ATALANTE", "shiptype": "", "first_seen_utc": "2026-01-06T00:29:39Z", "last_seen_utc": "2026-01-15T05:32:30Z", "destination": "FR BAY", "eta": "{'Day': 18, 'Hour': 20, 'Minute': 0, 'Month': 1}", "display": "", "links": "<a href=\"https://www.vesselfinder.com/vessels?name=9363168\" target=\"_blank\" rel=\"noopener\">VesselFinder</a> | <a href=\"https://www.marinetraffic.com/en/ais/search/all?keyword=9363168\" target=\"_blank\" rel=\"noopener\">MarineTraffic</a>", "vf_url": "https://www.vesselfinder.com/vessels?name=9363168", "mst_url": "https://www.marinetraffic.com/en/ais/search/all?keyword=9363168", "method": "v3_2pass_track3d_fromru10d", "ru_seen_in_lookback": true, "in_monitor_on_day": true}}, {"type": "Feature", "geometry": {"type": "Point", "coordinates": [6.797116666666667, 56.39113333333333]}, "properties": {"label": "ATALANTE", "mmsi": "229720000", "imo": "9363168", "name": "ATALANTE", "shiptype": "", "first_seen_utc": "2026-01-06T00:29:39Z", "last_seen_utc": "2026-01-15T05:32:30Z", "destination": "FR BAY", "eta": "{'Day': 18, 'Hour': 20, 'Minute': 0, 'Month': 1}", "display": "ATALANTE (229720000)", "links": "<a href=\"https://www.vesselfinder.com/vessels?name=9363168\" target=\"_blank\" rel=\"noopener\">VesselFinder</a> | <a href=\"https://www.marinetraffic.com/en/ais/search/all?keyword=9363168\" target=\"_blank\" rel=\"noopener\">MarineTraffic</a>", "vf_url": "https://www.vesselfinder.com/vessels?name=9363168", "mst_url": "https://www.marinetraffic.com/en/ais/search/all?keyword=9363168", "method": "v3_2pass_track3d_fromru10d", "ru_seen_in_lookback": true, "in_monitor_on_day": true}}, {"type": "Feature", "geometry": {"type": "LineString", "coordinates": [[2.0482733333333334, 51.47962666666667], [1.9789016666666666, 51.397425], [2.1128466666666665, 51.33205833333333], [2.2704, 51.30828333333333], [2.387176666666667, 51.33584833333334], [2.4915733333333336, 51.36388833333333], [2.624913333333333, 51.377336666666665], [2.6659583333333337, 51.40625333333333], [2.668363333333333, 51.414155], [2.6693700000000002, 51.41498333333333], [2.6713333333333336, 51.416041666666665], [2.6738333333333335, 51.41565333333333], [2.6736333333333335, 51.41575], [2.67355, 51.41579166666667], [2.673845, 51.415705], [2.673521666666667, 51.41583833333333], [2.673505, 51.41589833333333], [2.6734166666666668, 51.41594166666666], [2.6732416666666667, 51.41599], [2.6731416666666665, 51.41610333333333], [2.67221, 51.41621833333333], [2.67204, 51.41636333333334], [2.671966666666667, 51.416331666666665], [2.6715233333333335, 51.416325], [2.670821666666667, 51.416275000000006], [2.6713549999999997, 51.41625], [2.670925, 51.416275000000006], [2.67026, 51.41607166666667], [2.6693849999999997, 51.415636666666664], [2.6694766666666667, 51.415303333333334], [2.669208333333333, 51.41485333333333], [2.6691933333333333, 51.41466333333334], [2.6693766666666665, 51.414926666666666], [2.670398333333333, 51.41587833333333], [2.67386, 51.41589833333333], [2.6737266666666666, 51.41596833333333], [2.6742383333333333, 51.41576666666666], [2.6744416666666666, 51.41569833333333], [2.674491666666667, 51.41562166666667], [2.6745216666666667, 51.41564], [2.674428333333333, 51.415708333333335], [2.67448, 51.41572], [2.674498333333333, 51.415726666666664], [2.674491666666667, 51.41573666666667], [2.674545, 51.41558666666666], [2.6747316666666667, 51.41556666666667], [2.6747116666666666, 51.41549333333333], [2.6752266666666666, 51.41318166666667], [2.6734316666666667, 51.41151166666667], [2.672615, 51.410923333333336], [2.6714849999999997, 51.41091333333333], [2.6707833333333335, 51.411031666666666], [2.67082, 51.411089999999994], [2.67102, 51.411008333333335], [2.671158333333333, 51.410983333333334], [2.6713116666666665, 51.41097], [2.67183, 51.41097], [2.6722416666666664, 51.410981666666665], [2.67299, 51.411035], [2.6739166666666665, 51.41135666666666], [2.6743683333333332, 51.41161], [2.6753883333333333, 51.41264666666667], [2.675465, 51.413243333333334], [2.6754233333333333, 51.41363166666667], [2.6753183333333337, 51.414141666666666], [2.6750649999999996, 51.41446], [2.6747883333333333, 51.41458], [2.6744933333333334, 51.41476], [2.6740583333333334, 51.41486833333333], [2.673128333333333, 51.415255], [2.6710966666666667, 51.415425], [2.6692166666666663, 51.41464666666666], [2.6685783333333335, 51.41351833333333], [2.6685783333333335, 51.413415], [2.6685733333333332, 51.41287166666667], [2.66875, 51.412598333333335], [2.668785, 51.412256666666664], [2.6687950000000003, 51.41233833333333], [2.6689933333333333, 51.412235], [2.668905, 51.412328333333335], [2.6690316666666667, 51.4125], [2.669051666666667, 51.41313], [2.669096666666667, 51.41424333333334], [2.671296666666667, 51.415598333333335], [2.673068333333333, 51.41547166666667], [2.673035, 51.41576333333333], [2.673451666666667, 51.415769999999995], [2.6734633333333333, 51.415859999999995], [2.673483333333333, 51.41599833333333], [2.6733233333333337, 51.416086666666665], [2.6731566666666664, 51.416174999999996], [2.6728666666666667, 51.416225000000004], [2.672605, 51.416264999999996], [2.6720383333333335, 51.416320000000006], [2.6719166666666667, 51.416295], [2.671625, 51.41628], [2.671965, 51.416380000000004], [2.6720683333333333, 51.416380000000004], [2.671736666666667, 51.41625333333333], [2.671745, 51.41606], [2.6716633333333335, 51.41599166666666], [2.6741183333333334, 51.41580166666667], [2.675891666666667, 51.41423666666667], [2.6758016666666666, 51.413599999999995], [2.675825, 51.41484333333334], [2.6754866666666666, 51.415485], [2.6755583333333335, 51.415385], [2.6752166666666666, 51.415681666666664], [2.6751383333333334, 51.41569833333333], [2.6749300000000003, 51.415820000000004], [2.6714350000000002, 51.412145], [2.5874, 51.38351333333333], [2.69776, 51.37036166666667], [2.8075400000000004, 51.360765], [2.972331666666667, 51.37975666666667], [3.1205766666666666, 51.39941666666667], [3.2792666666666666, 51.407226666666666], [3.42776, 51.40972166666666], [3.5489516666666665, 51.42147666666666], [3.6544533333333336, 51.44099833333333], [3.739685, 51.371125], [3.879155, 51.351305]]}, "properties": {"label": "BORDEIRA", "mmsi": "229336000", "imo": "9529499", "name": "BORDEIRA", "shiptype": "", "first_seen_utc": "2026-01-06T00:30:28Z", "last_seen_utc": "2026-01-15T15:57:27Z", "destination": "BE ANR", "eta": "{'Day': 13, 'Hour': 3, 'Minute': 0, 'Month': 1}", "display": "", "links": "<a href=\"https://www.vesselfinder.com/vessels?name=9529499\" target=\"_blank\" rel=\"noopener\">VesselFinder</a> | <a href=\"https://www.marinetraffic.com/en/ais/search/all?keyword=9529499\" target=\"_blank\" rel=\"noopener\">MarineTraffic</a>", "vf_url": "https://www.vesselfinder.com/vessels?name=9529499", "mst_url": "https://www.marinetraffic.com/en/ais/search/all?keyword=9529499", "method": "v3_2pass_track3d_fromru10d", "ru_seen_in_lookback": true, "in_monitor_on_day": true}}, {"type": "Feature", "geometry": {"type": "Point", "coordinates": [3.879155, 51.351305]}, "properties": {"label": "BORDEIRA", "mmsi": "229336000", "imo": "9529499", "name": "BORDEIRA", "shiptype": "", "first_seen_utc": "2026-01-06T00:30:28Z", "last_seen_utc": "2026-01-15T15:57:27Z", "destination": "BE ANR", "eta": "{'Day': 13, 'Hour': 3, 'Minute': 0, 'Month': 1}", "display": "BORDEIRA (229336000)", "links": "<a href=\"https://www.vesselfinder.com/vessels?name=9529499\" target=\"_blank\" rel=\"noopener\">VesselFinder</a> | <a href=\"https://www.marinetraffic.com/en/ais/search/all?keyword=9529499\" target=\"_blank\" rel=\"noopener\">MarineTraffic</a>", "vf_url": "https://www.vesselfinder.com/vessels?name=9529499", "mst_url": "https://www.marinetraffic.com/en/ais/search/all?keyword=9529499", "method": "v3_2pass_track3d_fromru10d", "ru_seen_in_lookback": true, "in_monitor_on_day": true}}, {"type": "Feature", "geometry": {"type": "LineString", "coordinates": [[18.57794, 54.79266333333333], [18.62604, 54.77741833333334], [18.676431666666666, 54.762035], [18.723805000000002, 54.74749333333333], [18.772603333333333, 54.733291666666666], [18.818536666666667, 54.71948], [18.864236666666667, 54.70628166666667], [18.909675, 54.693774999999995], [18.951975, 54.682660000000006], [18.994266666666665, 54.672995], [19.00799333333333, 54.654223333333334], [19.00141166666667, 54.63458166666667], [18.988836666666668, 54.615453333333335], [18.97795166666667, 54.59391333333333], [18.967246666666664, 54.57340666666666], [18.956701666666667, 54.55343666666667], [18.94949666666667, 54.53176], [18.943598333333334, 54.510848333333335], [18.937326666666667, 54.489635], [18.928223333333335, 54.46811666666667], [18.921761666666665, 54.446596666666665], [18.960463333333333, 54.428428333333336], [18.965995000000003, 54.40553], [18.927236666666666, 54.385281666666664], [18.935721666666666, 54.38857333333333], [18.97810666666667, 54.40780333333333], [18.954276666666665, 54.38981833333333], [18.896588333333334, 54.38525833333333], [18.83751, 54.38306333333333], [18.823641666666667, 54.379133333333336], [18.874148333333334, 54.38233666666667], [18.865869999999997, 54.38344166666666], [18.803078333333335, 54.38834666666666], [18.826723333333334, 54.384], [18.874478333333332, 54.380646666666664], [18.921658333333333, 54.379695], [18.969283333333333, 54.384528333333336], [18.932338333333334, 54.388463333333334], [18.871863333333334, 54.38724166666667], [18.81103166666667, 54.38639833333333], [18.814623333333333, 54.38959833333333], [18.862233333333332, 54.38836], [18.840586666666663, 54.38735666666666], [18.780681666666666, 54.381409999999995], [18.778521666666666, 54.432915], [18.661335, 54.49056333333333], [18.544046666666667, 54.53610833333333], [18.530621666666665, 54.53675166666667], [18.530604999999998, 54.53676333333333], [18.53060833333333, 54.53676166666666], [18.530610000000003, 54.536759999999994], [18.530626666666667, 54.53675666666666], [18.530621666666665, 54.536768333333335], [18.530618333333333, 54.53675833333333], [18.530593333333336, 54.536768333333335], [18.530595, 54.53675833333333], [18.530593333333336, 54.53675833333333], [18.530598333333334, 54.53676166666666], [18.53061166666667, 54.536764999999995], [18.530604999999998, 54.536773333333336], [18.53060833333333, 54.536759999999994], [18.53062333333333, 54.53675666666666], [18.530636666666666, 54.536755], [18.530636666666666, 54.536746666666666], [18.530595, 54.536770000000004], [18.530616666666667, 54.536748333333335], [18.530636666666666, 54.536728333333336], [18.53062, 54.536741666666664], [18.53060833333333, 54.536725000000004], [18.53060333333333, 54.536744999999996], [18.530601666666666, 54.53671833333333], [18.530595, 54.536775], [18.530598333333334, 54.536773333333336], [18.530618333333333, 54.53677166666667], [18.530621666666665, 54.536764999999995], [18.530593333333336, 54.53677666666667], [18.530613333333335, 54.536768333333335], [18.530606666666664, 54.53673833333333], [18.530606666666664, 54.53676333333333], [18.530613333333335, 54.536735], [18.530649999999998, 54.536701666666666], [18.53060833333333, 54.53674], [18.530615, 54.53675166666667], [18.530596666666668, 54.53675833333333], [18.5306, 54.536773333333336], [18.530606666666664, 54.53676666666667], [18.530598333333334, 54.536768333333335], [18.530598333333334, 54.536764999999995], [18.530601666666666, 54.536764999999995], [18.530591666666666, 54.536743333333334], [18.530578333333334, 54.536775], [18.530598333333334, 54.53675333333333], [18.530596666666668, 54.53675333333333]]}, "properties": {"label": "LEOPARD", "mmsi": "576909000", "imo": "6819697", "name": "LEOPARD", "shiptype": "", "first_seen_utc": "2026-01-06T01:08:20Z", "last_seen_utc": "2026-01-15T16:06:03Z", "destination": "PLGDY", "eta": "{'Day': 14, 'Hour': 16, 'Minute': 0, 'Month': 1}", "display": "", "links": "<a href=\"https://www.vesselfinder.com/vessels?name=6819697\" target=\"_blank\" rel=\"noopener\">VesselFinder</a> | <a href=\"https://www.marinetraffic.com/en/ais/search/all?keyword=6819697\" target=\"_blank\" rel=\"noopener\">MarineTraffic</a>", "vf_url": "https://www.vesselfinder.com/vessels?name=6819697", "mst_url": "https://www.marinetraffic.com/en/ais/search/all?keyword=6819697", "method": "v3_2pass_track3d_fromru10d", "ru_seen_in_lookback": true, "in_monitor_on_day": true}}, {"type": "Feature", "geometry": {"type": "Point", "coordinates": [18.530596666666668, 54.53675333333333]}, "properties": {"label": "LEOPARD", "mmsi": "576909000", "imo": "6819697", "name": "LEOPARD", "shiptype": "", "first_seen_utc": "2026-01-06T01:08:20Z", "last_seen_utc": "2026-01-15T16:06:03Z", "destination": "PLGDY", "eta": "{'Day': 14, 'Hour': 16, 'Minute': 0, 'Month': 1}", "display": "LEOPARD (576909000)", "links": "<a href=\"https://www.vesselfinder.com/vessels?name=6819697\" target=\"_blank\" rel=\"noopener\">VesselFinder</a> | <a href=\"https://www.marinetraffic.com/en/ais/search/all?keyword=6819697\" target=\"_blank\" rel=\"noopener\">MarineTraffic</a>", "vf_url": "https://www.vesselfinder.com/vessels?name=6819697", "mst_url": "https://www.marinetraffic.com/en/ais/search/all?keyword=6819697", "method": "v3_2pass_track3d_fromru10d", "ru_seen_in_lookback": true, "in_monitor_on_day": true}}, {"type": "Feature", "geometry": {"type": "LineString", "coordinates": [[15.235483333333333, 55.5879], [15.010416666666666, 55.53411666666667], [14.8582, 55.501916666666666], [14.709783333333332, 55.4642], [14.570016666666668, 55.4152], [12.254433333333333, 54.582366666666665], [12.2113, 54.50586666666666], [12.148316666666666, 54.43835], [12.01475, 54.4284], [11.873783333333334, 54.43008333333333], [11.73075, 54.44301666666667], [11.600716666666667, 54.47618333333333], [11.4694, 54.51241666666667], [11.331266666666666, 54.555166666666665], [11.1951, 54.59453333333333], [11.056433333333333, 54.6022], [10.96125, 54.61615], [10.90825, 54.63348333333333], [10.856449999999999, 54.651650000000004], [10.805016666666667, 54.67078333333333], [10.77805, 54.704299999999996], [10.811933333333334, 54.77338333333333], [10.8371, 54.86156666666667], [10.904283333333332, 54.944516666666665], [10.99185, 55.01635], [10.9897, 55.10408333333333], [11.050183333333333, 55.17916666666667], [11.088433333333334, 55.252433333333336], [11.037916666666666, 55.32941666666667], [10.831050000000001, 55.57488333333333], [10.788483333333334, 55.65925], [10.808266666666666, 55.73928333333333], [10.815050000000001, 55.82455], [10.881716666666668, 55.903299999999994], [11.12405, 56.05415], [10.405566666666665, 57.86548333333334], [10.2038, 57.86416666666666], [10.020633333333334, 57.860549999999996], [9.861116666666668, 57.85348333333333], [9.700516666666665, 57.838899999999995], [9.571133333333334, 57.80031666666666]]}, "properties": {"label": "SHENG AN YANG", "mmsi": "414531000", "imo": "9343302", "name": "SHENG AN YANG", "shiptype": "", "first_seen_utc": "2026-01-06T01:18:14Z", "last_seen_utc": "2026-01-15T16:06:25Z", "destination": "IN VTZ", "eta": "{'Day': 28, 'Hour': 12, 'Minute': 0, 'Month': 2}", "display": "", "links": "<a href=\"https://www.vesselfinder.com/vessels?name=9343302\" target=\"_blank\" rel=\"noopener\">VesselFinder</a> | <a href=\"https://www.marinetraffic.com/en/ais/search/all?keyword=9343302\" target=\"_blank\" rel=\"noopener\">MarineTraffic</a>", "vf_url": "https://www.vesselfinder.com/vessels?name=9343302", "mst_url": "https://www.marinetraffic.com/en/ais/search/all?keyword=9343302", "method": "v3_2pass_track3d_fromru10d", "ru_seen_in_lookback": true, "in_monitor_on_day": true}}, {"type": "Feature", "geometry": {"type": "Point", "coordinates": [9.571133333333334, 57.80031666666666]}, "properties": {"label": "SHENG AN YANG", "mmsi": "414531000", "imo": "9343302", "name": "SHENG AN YANG", "shiptype": "", "first_seen_utc": "2026-01-06T01:18:14Z", "last_seen_utc": "2026-01-15T16:06:25Z", "destination": "IN VTZ", "eta": "{'Day': 28, 'Hour': 12, 'Minute': 0, 'Month': 2}", "display": "SHENG AN YANG (414531000)", "links": "<a href=\"https://www.vesselfinder.com/vessels?name=9343302\" target=\"_blank\" rel=\"noopener\">VesselFinder</a> | <a href=\"https://www.marinetraffic.com/en/ais/search/all?keyword=9343302\" target=\"_blank\" rel=\"noopener\">MarineTraffic</a>", "vf_url": "https://www.vesselfinder.com/vessels?name=9343302", "mst_url": "https://www.marinetraffic.com/en/ais/search/all?keyword=9343302", "method": "v3_2pass_track3d_fromru10d", "ru_seen_in_lookback": true, "in_monitor_on_day": true}}, {"type": "Feature", "geometry": {"type": "LineString", "coordinates": [[15.032161666666667, 55.48604], [14.852926666666667, 55.471535], [14.594543333333332, 55.434], [14.436071666666667, 55.331285], [13.076768333333332, 55.24551333333333], [12.867586666666666, 55.26875], [12.704640000000001, 55.30726166666667], [12.693443333333333, 55.402233333333335], [12.718915, 55.501215], [12.794933333333335, 55.552926666666664], [12.857706666666667, 55.59444333333333], [12.956226666666668, 55.63903333333334], [12.868335, 55.72878333333333], [12.770273333333334, 55.820058333333336], [12.738018333333335, 55.91972333333333], [12.676923333333333, 56.02086166666666], [12.553825, 56.11329833333333], [10.494398333333333, 57.849895], [10.324710000000001, 57.846610000000005], [10.078991666666667, 57.84119333333333], [9.902790000000001, 57.83829333333333], [9.736096666666667, 57.834305], [9.575995, 57.817575000000005], [9.425326666666667, 57.772805], [9.282676666666667, 57.72356666666667], [9.152785, 57.67318833333333], [9.021311666666666, 57.62095333333333], [8.888705, 57.57038166666667], [8.752563333333335, 57.52883], [8.614208333333332, 57.490228333333334], [8.468738333333333, 57.442525], [8.317268333333333, 57.412263333333335], [8.220998333333334, 57.352381666666666], [8.161865, 57.26658666666666], [8.060596666666667, 57.19994666666666], [7.931336666666667, 57.11489166666667], [7.759366666666667, 56.990095], [7.585876666666667, 56.784495]]}, "properties": {"label": "MAJ RICHARD WINTERS", "mmsi": "366750000", "imo": "9210309", "name": "MAJ RICHARD WINTERS", "shiptype": "", "first_seen_utc": "2026-01-06T01:59:28Z", "last_seen_utc": "2026-01-15T06:54:12Z", "destination": "CASAG", "eta": "{'Day': 28, 'Hour': 12, 'Minute': 0, 'Month': 1}", "display": "", "links": "<a href=\"https://www.vesselfinder.com/vessels?name=9210309\" target=\"_blank\" rel=\"noopener\">VesselFinder</a> | <a href=\"https://www.marinetraffic.com/en/ais/search/all?keyword=9210309\" target=\"_blank\" rel=\"noopener\">MarineTraffic</a>", "vf_url": "https://www.vesselfinder.com/vessels?name=9210309", "mst_url": "https://www.marinetraffic.com/en/ais/search/all?keyword=9210309", "method": "v3_2pass_track3d_fromru10d", "ru_seen_in_lookback": true, "in_monitor_on_day": true}}, {"type": "Feature", "geometry": {"type": "Point", "coordinates": [7.585876666666667, 56.784495]}, "properties": {"label": "MAJ RICHARD WINTERS", "mmsi": "366750000", "imo": "9210309", "name": "MAJ RICHARD WINTERS", "shiptype": "", "first_seen_utc": "2026-01-06T01:59:28Z", "last_seen_utc": "2026-01-15T06:54:12Z", "destination": "CASAG", "eta": "{'Day': 28, 'Hour': 12, 'Minute': 0, 'Month': 1}", "display": "MAJ RICHARD WINTERS (366750000)", "links": "<a href=\"https://www.vesselfinder.com/vessels?name=9210309\" target=\"_blank\" rel=\"noopener\">VesselFinder</a> | <a href=\"https://www.marinetraffic.com/en/ais/search/all?keyword=9210309\" target=\"_blank\" rel=\"noopener\">MarineTraffic</a>", "vf_url": "https://www.vesselfinder.com/vessels?name=9210309", "mst_url": "https://www.marinetraffic.com/en/ais/search/all?keyword=9210309", "method": "v3_2pass_track3d_fromru10d", "ru_seen_in_lookback": true, "in_monitor_on_day": true}}, {"type": "Feature", "geometry": {"type": "LineString", "coordinates": [[18.670576666666665, 54.359518333333334], [18.670606666666668, 54.35949666666667], [18.670685, 54.35941833333333], [18.670633333333335, 54.359500000000004], [18.670595, 54.35952333333333], [18.670596666666665, 54.359505], [18.670650000000002, 54.359445], [18.670571666666667, 54.35951333333333], [18.670566666666666, 54.35951], [18.670566666666666, 54.35953333333334], [18.670648333333336, 54.35952333333333], [18.670645, 54.35949166666667], [18.670691666666666, 54.359410000000004], [18.670601666666666, 54.35948333333333], [18.670616666666668, 54.35941833333333], [18.670588333333335, 54.359516666666664], [18.670605000000002, 54.35950166666667], [18.67063166666667, 54.359516666666664], [18.670606666666668, 54.35949333333333], [18.670565, 54.35944833333333], [18.670583333333333, 54.359505], [18.6706, 54.35951166666667], [18.670669999999998, 54.35945166666667], [18.670663333333334, 54.359474999999996], [18.670630000000003, 54.359471666666664], [18.670576666666665, 54.359518333333334], [18.670595, 54.35946666666667], [18.670618333333334, 54.35952666666667], [18.670645, 54.35948], [18.670616666666668, 54.35949666666667], [18.670583333333333, 54.359515], [18.67059, 54.35949], [18.6706, 54.35944166666666], [18.67059833333333, 54.359476666666666], [18.670591666666667, 54.35953166666666], [18.67061, 54.35951], [18.670556666666666, 54.35953166666666], [18.670576666666665, 54.359505], [18.67063166666667, 54.359555], [18.67059833333333, 54.35951], [18.670568333333332, 54.35948333333333], [18.670561666666668, 54.359500000000004], [18.670546666666667, 54.359485], [18.670611666666666, 54.35951], [18.670563333333334, 54.35948333333333], [18.670576666666665, 54.35950166666667], [18.670638333333333, 54.35953333333334], [18.67057833333333, 54.35948333333333], [18.67064333333333, 54.35951333333333], [18.67054166666667, 54.359498333333335], [18.670555, 54.35949], [18.670563333333334, 54.35948833333334], [18.670588333333335, 54.359458333333336], [18.670716666666667, 54.35946666666667], [18.670606666666668, 54.359503333333336], [18.670605000000002, 54.359518333333334], [18.670536666666667, 54.35954666666667], [18.670630000000003, 54.359474999999996], [18.67057833333333, 54.35951], [18.670581666666667, 54.35943666666667], [18.670558333333336, 54.359505], [18.670648333333336, 54.35953333333334], [18.670605000000002, 54.35952666666667], [18.670595, 54.35950666666667], [18.670605000000002, 54.359498333333335], [18.670568333333332, 54.35949666666667], [18.670641666666665, 54.359426666666664], [18.670591666666667, 54.359495], [18.670579999999998, 54.359525], [18.670633333333335, 54.35950166666667], [18.670608333333334, 54.35951166666667], [18.670581666666667, 54.359535], [18.670595, 54.359500000000004], [18.670626666666667, 54.359555], [18.670615, 54.359585], [18.670591666666667, 54.359521666666666], [18.67062333333333, 54.359518333333334], [18.670576666666665, 54.35949666666667], [18.670601666666666, 54.35946333333333], [18.67058666666667, 54.35946], [18.670579999999998, 54.359495], [18.670571666666667, 54.359505], [18.670581666666667, 54.35953833333333], [18.670618333333334, 54.359500000000004], [18.67063166666667, 54.35948166666667], [18.67054166666667, 54.359518333333334], [18.670603333333336, 54.359503333333336], [18.67059, 54.35946833333333], [18.670575, 54.35950166666667], [18.670543333333335, 54.359515], [18.670608333333334, 54.35954166666667], [18.670593333333333, 54.35947], [18.670591666666667, 54.359476666666666], [18.67058666666667, 54.359500000000004], [18.67062333333333, 54.359505], [18.670534999999997, 54.35961833333333], [18.670546666666667, 54.359521666666666], [18.670633333333335, 54.359535], [18.670596666666665, 54.35953], [18.670605000000002, 54.35946166666667], [18.670534999999997, 54.35947833333333], [18.670605000000002, 54.359495], [18.670635, 54.35946166666667], [18.67059833333333, 54.359495], [18.670646666666666, 54.35950666666667], [18.670596666666665, 54.359474999999996], [18.670633333333335, 54.35949166666667], [18.67055, 54.359521666666666], [18.670615, 54.35952333333333], [18.670575, 54.359498333333335], [18.670565, 54.35949166666667], [18.67059, 54.359500000000004], [18.670558333333336, 54.35951333333333], [18.670638333333333, 54.359476666666666], [18.670666666666666, 54.35951333333333], [18.670595, 54.35949166666667], [18.670505, 54.35951333333333], [18.670658333333332, 54.359503333333336], [18.670646666666666, 54.35953], [18.670603333333336, 54.359516666666664], [18.670596666666665, 54.35953], [18.670593333333333, 54.359455000000004], [18.670565, 54.35948166666667], [18.67057, 54.359521666666666], [18.67064, 54.359505], [18.670575, 54.359485]]}, "properties": {"label": "SM-PRC-107", "mmsi": "261011150", "imo": "8899108", "name": "SM-PRC-107", "shiptype": "", "first_seen_utc": "2026-01-06T02:48:22Z", "last_seen_utc": "2026-01-15T15:45:37Z", "destination": "GDANSK", "eta": "{'Day': 10, 'Hour': 22, 'Minute': 0, 'Month': 12}", "display": "", "links": "<a href=\"https://www.vesselfinder.com/vessels?name=8899108\" target=\"_blank\" rel=\"noopener\">VesselFinder</a> | <a href=\"https://www.marinetraffic.com/en/ais/search/all?keyword=8899108\" target=\"_blank\" rel=\"noopener\">MarineTraffic</a>", "vf_url": "https://www.vesselfinder.com/vessels?name=8899108", "mst_url": "https://www.marinetraffic.com/en/ais/search/all?keyword=8899108", "method": "v3_2pass_track3d_fromru10d", "ru_seen_in_lookback": true, "in_monitor_on_day": true}}, {"type": "Feature", "geometry": {"type": "Point", "coordinates": [18.670575, 54.359485]}, "properties": {"label": "SM-PRC-107", "mmsi": "261011150", "imo": "8899108", "name": "SM-PRC-107", "shiptype": "", "first_seen_utc": "2026-01-06T02:48:22Z", "last_seen_utc": "2026-01-15T15:45:37Z", "destination": "GDANSK", "eta": "{'Day': 10, 'Hour': 22, 'Minute': 0, 'Month': 12}", "display": "SM-PRC-107 (261011150)", "links": "<a href=\"https://www.vesselfinder.com/vessels?name=8899108\" target=\"_blank\" rel=\"noopener\">VesselFinder</a> | <a href=\"https://www.marinetraffic.com/en/ais/search/all?keyword=8899108\" target=\"_blank\" rel=\"noopener\">MarineTraffic</a>", "vf_url": "https://www.vesselfinder.com/vessels?name=8899108", "mst_url": "https://www.marinetraffic.com/en/ais/search/all?keyword=8899108", "method": "v3_2pass_track3d_fromru10d", "ru_seen_in_lookback": true, "in_monitor_on_day": true}}, {"type": "Feature", "geometry": {"type": "LineString", "coordinates": [[5.73384, 53.69568], [5.608996666666667, 53.67087333333333], [5.466498333333333, 53.64285333333333], [5.35585, 53.62373], [5.238031666666667, 53.60282333333334], [5.118908333333334, 53.57844333333333], [5.0021700000000004, 53.55536333333334], [4.885445000000001, 53.529646666666665], [4.77, 53.501976666666664], [4.656913333333334, 53.47443], [4.515175, 53.34515666666667], [4.447753333333334, 53.26025333333334], [4.399870000000001, 53.19593], [4.3157033333333334, 53.138866666666665], [4.220986666666667, 53.094206666666665], [4.108818333333334, 53.03741], [4.0138316666666665, 52.988526666666665], [3.83504, 52.88382], [3.7206483333333336, 52.801383333333334], [3.6408466666666666, 52.73959], [2.6984316666666666, 51.95203333333333], [2.629185, 51.89917666666667], [2.0263083333333336, 51.47700333333333], [1.9613066666666665, 51.41399], [1.9062066666666666, 51.34570333333333], [1.8505399999999999, 51.278850000000006], [1.7803733333333334, 51.21648666666667], [1.7149233333333334, 51.168393333333334], [1.6544783333333333, 51.11226333333333], [1.7182316666666668, 51.04486333333333], [1.8089733333333333, 51.028866666666666], [2.1661283333333334, 51.038403333333335], [2.1771733333333336, 51.00246666666667], [1.9115833333333332, 51.037596666666666], [1.8036733333333332, 51.03492000000001], [1.7715816666666666, 51.09012], [1.8769116666666668, 51.14994333333333], [1.9917416666666665, 51.199796666666664], [2.083905, 51.25955333333333], [2.129563333333333, 51.33797333333334], [2.1923016666666664, 51.404583333333335], [2.3985083333333335, 51.587043333333334], [2.4857549999999997, 51.65112333333333], [2.602931666666667, 51.749559999999995], [2.696413333333333, 51.81999666666666], [2.7973116666666664, 51.895149999999994], [3.130263333333333, 52.12836], [4.037748333333334, 52.46709], [4.115443333333333, 52.477579999999996], [4.18842, 52.48377333333334], [4.266706666666667, 52.478613333333335]]}, "properties": {"label": "UNITAR", "mmsi": "257364000", "imo": "9505687", "name": "UNITAR", "shiptype": "", "first_seen_utc": "2026-01-06T02:58:27Z", "last_seen_utc": "2026-01-15T16:08:51Z", "destination": "NLAMS", "eta": "{'Day': 15, 'Hour': 16, 'Minute': 0, 'Month': 1}", "display": "", "links": "<a href=\"https://www.vesselfinder.com/vessels?name=9505687\" target=\"_blank\" rel=\"noopener\">VesselFinder</a> | <a href=\"https://www.marinetraffic.com/en/ais/search/all?keyword=9505687\" target=\"_blank\" rel=\"noopener\">MarineTraffic</a>", "vf_url": "https://www.vesselfinder.com/vessels?name=9505687", "mst_url": "https://www.marinetraffic.com/en/ais/search/all?keyword=9505687", "method": "v3_2pass_track3d_fromru10d", "ru_seen_in_lookback": true, "in_monitor_on_day": true}}, {"type": "Feature", "geometry": {"type": "Point", "coordinates": [4.266706666666667, 52.478613333333335]}, "properties": {"label": "UNITAR", "mmsi": "257364000", "imo": "9505687", "name": "UNITAR", "shiptype": "", "first_seen_utc": "2026-01-06T02:58:27Z", "last_seen_utc": "2026-01-15T16:08:51Z", "destination": "NLAMS", "eta": "{'Day': 15, 'Hour': 16, 'Minute': 0, 'Month': 1}", "display": "UNITAR (257364000)", "links": "<a href=\"https://www.vesselfinder.com/vessels?name=9505687\" target=\"_blank\" rel=\"noopener\">VesselFinder</a> | <a href=\"https://www.marinetraffic.com/en/ais/search/all?keyword=9505687\" target=\"_blank\" rel=\"noopener\">MarineTraffic</a>", "vf_url": "https://www.vesselfinder.com/vessels?name=9505687", "mst_url": "https://www.marinetraffic.com/en/ais/search/all?keyword=9505687", "method": "v3_2pass_track3d_fromru10d", "ru_seen_in_lookback": true, "in_monitor_on_day": true}}, {"type": "Feature", "geometry": {"type": "LineString", "coordinates": [[18.350916666666667, 54.9214], [18.5242, 54.91943333333334], [18.662216666666666, 54.87696666666667], [18.800066666666666, 54.82565], [18.929916666666667, 54.776500000000006], [19.0272, 54.71716666666667], [19.064533333333333, 54.63925], [19.038416666666667, 54.567883333333334], [18.982083333333332, 54.497733333333336], [18.911633333333334, 54.445433333333334], [18.82995, 54.43926666666667], [18.832800000000002, 54.43965], [18.83261666666667, 54.43971666666666], [18.8324, 54.43968333333333], [18.831333333333337, 54.43953333333333], [18.831633333333333, 54.439616666666666], [18.83151666666667, 54.439600000000006], [18.831266666666668, 54.439566666666664], [18.831183333333335, 54.439499999999995], [18.831149999999997, 54.43951666666667], [18.8309, 54.439483333333335], [18.83105, 54.439499999999995], [18.831266666666668, 54.439566666666664], [18.83145, 54.439616666666666], [18.83181666666667, 54.43971666666666], [18.832183333333333, 54.43971666666666], [18.83205, 54.43968333333333], [18.83216666666667, 54.439733333333336], [18.832016666666668, 54.4397], [18.832266666666666, 54.4397], [18.831683333333334, 54.43968333333333], [18.83175, 54.439733333333336], [18.83178333333333, 54.43971666666666], [18.83165, 54.43971666666666], [18.83171666666667, 54.43971666666666], [18.832033333333335, 54.439733333333336], [18.832216666666667, 54.439750000000004], [18.83178333333333, 54.43971666666666], [18.831966666666666, 54.439733333333336], [18.832066666666666, 54.43971666666666], [18.831633333333333, 54.43968333333333], [18.831733333333332, 54.43971666666666], [18.83135, 54.43968333333333], [18.83171666666667, 54.439750000000004], [18.832083333333333, 54.4398], [18.832016666666668, 54.439750000000004], [18.831366666666668, 54.439750000000004], [18.831883333333334, 54.43978333333334], [18.832216666666667, 54.439766666666664], [18.831200000000003, 54.43971666666666], [18.831216666666666, 54.43966666666667], [18.831933333333332, 54.4398], [18.831799999999998, 54.439816666666665], [18.831333333333337, 54.43971666666666], [18.83135, 54.439750000000004], [18.83105, 54.43971666666666], [18.83171666666667, 54.4397], [18.831883333333334, 54.4398], [18.831583333333334, 54.4398], [18.8321, 54.43985], [18.83175, 54.439816666666665], [18.832, 54.43983333333333], [18.832283333333333, 54.4398], [18.83235, 54.43983333333333], [18.832383333333333, 54.43983333333333], [18.832183333333333, 54.43985], [18.83235, 54.43985], [18.83243333333333, 54.439816666666665], [18.832733333333334, 54.4398], [18.83295, 54.439766666666664], [18.833583333333333, 54.439600000000006], [18.83395, 54.43946666666667], [18.83395, 54.439499999999995], [18.83491666666667, 54.438916666666664], [18.83525, 54.43821666666667], [18.83515, 54.43853333333333], [18.835116666666668, 54.438599999999994], [18.835216666666668, 54.43841666666666], [18.835016666666668, 54.43873333333333], [18.834883333333334, 54.4389], [18.834833333333332, 54.43893333333333], [18.834966666666666, 54.438766666666666], [18.834883333333334, 54.43896666666667], [18.834983333333334, 54.438833333333335], [18.83468333333333, 54.43906666666667], [18.835016666666668, 54.43875], [18.834883333333334, 54.43888333333334], [18.834466666666668, 54.4392], [18.83403333333333, 54.43938333333333], [18.833450000000003, 54.43958333333333], [18.833849999999998, 54.439499999999995], [18.8341, 54.4394], [18.83376666666667, 54.439483333333335], [18.83365, 54.439416666666666], [18.834049999999998, 54.43938333333333], [18.834183333333332, 54.43945], [18.833849999999998, 54.439433333333334], [18.83265, 54.4397], [18.832800000000002, 54.43971666666666], [18.833216666666665, 54.43968333333333], [18.83311666666667, 54.439733333333336], [18.832783333333335, 54.439750000000004], [18.8325, 54.439750000000004], [18.8326, 54.439733333333336], [18.83235, 54.439733333333336], [18.83216666666667, 54.439766666666664], [18.831599999999998, 54.43971666666666]]}, "properties": {"label": "LAURA MAERSK", "mmsi": "219543000", "imo": "9944546", "name": "LAURA MAERSK", "shiptype": "", "first_seen_utc": "2026-01-06T03:36:18Z", "last_seen_utc": "2026-01-15T15:42:01Z", "destination": "PLGDN", "eta": "{'Day': 16, 'Hour': 3, 'Minute': 0, 'Month': 1}", "display": "", "links": "<a href=\"https://www.vesselfinder.com/vessels?name=9944546\" target=\"_blank\" rel=\"noopener\">VesselFinder</a> | <a href=\"https://www.marinetraffic.com/en/ais/search/all?keyword=9944546\" target=\"_blank\" rel=\"noopener\">MarineTraffic</a>", "vf_url": "https://www.vesselfinder.com/vessels?name=9944546", "mst_url": "https://www.marinetraffic.com/en/ais/search/all?keyword=9944546", "method": "v3_2pass_track3d_fromru10d", "ru_seen_in_lookback": true, "in_monitor_on_day": true}}, {"type": "Feature", "geometry": {"type": "Point", "coordinates": [18.831599999999998, 54.43971666666666]}, "properties": {"label": "LAURA MAERSK", "mmsi": "219543000", "imo": "9944546", "name": "LAURA MAERSK", "shiptype": "", "first_seen_utc": "2026-01-06T03:36:18Z", "last_seen_utc": "2026-01-15T15:42:01Z", "destination": "PLGDN", "eta": "{'Day': 16, 'Hour': 3, 'Minute': 0, 'Month': 1}", "display": "LAURA MAERSK (219543000)", "links": "<a href=\"https://www.vesselfinder.com/vessels?name=9944546\" target=\"_blank\" rel=\"noopener\">VesselFinder</a> | <a href=\"https://www.marinetraffic.com/en/ais/search/all?keyword=9944546\" target=\"_blank\" rel=\"noopener\">MarineTraffic</a>", "vf_url": "https://www.vesselfinder.com/vessels?name=9944546", "mst_url": "https://www.marinetraffic.com/en/ais/search/all?keyword=9944546", "method": "v3_2pass_track3d_fromru10d", "ru_seen_in_lookback": true, "in_monitor_on_day": true}}, {"type": "Feature", "geometry": {"type": "LineString", "coordinates": [[10.792466666666666, 54.75541666666666], [10.81825, 54.66325], [10.970683333333334, 54.6099], [11.145566666666667, 54.59083333333333], [11.309949999999999, 54.547333333333334], [11.480283333333334, 54.498583333333336], [11.656716666666666, 54.44701666666666], [11.838766666666666, 54.411883333333336], [12.0371, 54.40983333333334], [12.198, 54.4475], [12.256433333333332, 54.529316666666666], [12.294233333333333, 54.591516666666664], [12.392083333333334, 54.64196666666667], [12.50665, 54.68541666666667], [18.39081666666667, 55.09758333333333], [18.48235, 55.04605], [18.565333333333335, 54.99948333333334], [18.651466666666668, 54.95218333333333], [18.740216666666665, 54.90496666666666], [18.833566666666666, 54.86006666666666], [18.91535, 54.80231666666667], [18.995150000000002, 54.75128333333334], [19.034283333333335, 54.692699999999995], [19.06455, 54.6344], [19.052583333333335, 54.58161666666667], [19.019650000000002, 54.54091666666667], [18.99585, 54.511516666666665], [18.953899999999997, 54.5125], [18.936683333333335, 54.52503333333333], [18.93708333333333, 54.53906666666667], [18.9383, 54.55278333333333], [18.935766666666666, 54.50828333333333], [18.921066666666665, 54.45956666666667], [18.852433333333334, 54.425783333333335], [18.7505, 54.405316666666664], [18.717100000000002, 54.39013333333333], [18.711216666666665, 54.38786666666667], [18.7112, 54.38786666666667], [18.7112, 54.38786666666667], [18.7112, 54.38786666666667], [18.7112, 54.387883333333335], [18.7112, 54.387883333333335], [18.711216666666665, 54.38786666666667], [18.7112, 54.387883333333335], [18.7112, 54.38786666666667], [18.7112, 54.387883333333335], [18.711216666666665, 54.387883333333335], [18.711216666666665, 54.38786666666667], [18.7112, 54.387883333333335], [18.7112, 54.38786666666667], [18.7112, 54.38786666666667], [18.71125333333333, 54.38791666666667], [18.711216666666665, 54.387883333333335], [18.7112, 54.387883333333335], [18.711233333333332, 54.38786666666667], [18.711216666666665, 54.38786666666667], [18.7112, 54.38786666666667], [18.7112, 54.38785], [18.711183333333334, 54.38785], [18.7112, 54.387883333333335], [18.7112, 54.38786666666667], [18.711216666666665, 54.38786666666667], [18.7112, 54.38786666666667], [18.711183333333334, 54.387899999999995], [18.7112, 54.387883333333335], [18.711216666666665, 54.38786666666667], [18.711216666666665, 54.38786666666667], [18.711216666666665, 54.387883333333335], [18.711251666666666, 54.38789666666666], [18.711216666666665, 54.38786666666667], [18.711216666666665, 54.387883333333335], [18.711216666666665, 54.38786666666667], [18.7112, 54.38786666666667], [18.711216666666665, 54.38786666666667], [18.7112, 54.38786666666667]]}, "properties": {"label": "CMA CGM B FRANKLIN", "mmsi": "215195000", "imo": "9706891", "name": "CMA CGM B FRANKLIN", "shiptype": "", "first_seen_utc": "2026-01-06T03:45:13Z", "last_seen_utc": "2026-01-15T15:59:47Z", "destination": "GBSOU", "eta": "{'Day': 20, 'Hour': 7, 'Minute': 0, 'Month': 1}", "display": "", "links": "<a href=\"https://www.vesselfinder.com/vessels?name=9706891\" target=\"_blank\" rel=\"noopener\">VesselFinder</a> | <a href=\"https://www.marinetraffic.com/en/ais/search/all?keyword=9706891\" target=\"_blank\" rel=\"noopener\">MarineTraffic</a>", "vf_url": "https://www.vesselfinder.com/vessels?name=9706891", "mst_url": "https://www.marinetraffic.com/en/ais/search/all?keyword=9706891", "method": "v3_2pass_track3d_fromru10d", "ru_seen_in_lookback": true, "in_monitor_on_day": true}}, {"type": "Feature", "geometry": {"type": "Point", "coordinates": [18.7112, 54.38786666666667]}, "properties": {"label": "CMA CGM B FRANKLIN", "mmsi": "215195000", "imo": "9706891", "name": "CMA CGM B FRANKLIN", "shiptype": "", "first_seen_utc": "2026-01-06T03:45:13Z", "last_seen_utc": "2026-01-15T15:59:47Z", "destination": "GBSOU", "eta": "{'Day': 20, 'Hour': 7, 'Minute': 0, 'Month': 1}", "display": "CMA CGM B FRANKLIN (215195000)", "links": "<a href=\"https://www.vesselfinder.com/vessels?name=9706891\" target=\"_blank\" rel=\"noopener\">VesselFinder</a> | <a href=\"https://www.marinetraffic.com/en/ais/search/all?keyword=9706891\" target=\"_blank\" rel=\"noopener\">MarineTraffic</a>", "vf_url": "https://www.vesselfinder.com/vessels?name=9706891", "mst_url": "https://www.marinetraffic.com/en/ais/search/all?keyword=9706891", "method": "v3_2pass_track3d_fromru10d", "ru_seen_in_lookback": true, "in_monitor_on_day": true}}, {"type": "Feature", "geometry": {"type": "LineString", "coordinates": [[15.762765, 55.833976666666665], [15.410451666666667, 55.72259], [15.116958333333335, 55.62579], [14.938268333333333, 55.57133666666667], [14.810274999999999, 55.53014333333333], [14.684568333333335, 55.488256666666665], [14.560241666666666, 55.44572], [14.466646666666666, 55.37977], [14.375396666666667, 55.31335333333333], [14.282615, 55.247103333333335], [14.145826666666666, 55.23364333333333], [13.995761666666668, 55.23731333333333], [13.846026666666667, 55.240786666666665], [13.702318333333332, 55.24319]]}, "properties": {"label": "KETLIN", "mmsi": "305445000", "imo": "9342152", "name": "KETLIN", "shiptype": "", "first_seen_utc": "2026-01-06T03:52:34Z", "last_seen_utc": "2026-01-15T14:58:38Z", "destination": "DKFDV", "eta": "{'Day': 16, 'Hour': 4, 'Minute': 0, 'Month': 1}", "display": "", "links": "<a href=\"https://www.vesselfinder.com/vessels?name=9342152\" target=\"_blank\" rel=\"noopener\">VesselFinder</a> | <a href=\"https://www.marinetraffic.com/en/ais/search/all?keyword=9342152\" target=\"_blank\" rel=\"noopener\">MarineTraffic</a>", "vf_url": "https://www.vesselfinder.com/vessels?name=9342152", "mst_url": "https://www.marinetraffic.com/en/ais/search/all?keyword=9342152", "method": "v3_2pass_track3d_fromru10d", "ru_seen_in_lookback": true, "in_monitor_on_day": true}}, {"type": "Feature", "geometry": {"type": "Point", "coordinates": [13.702318333333332, 55.24319]}, "properties": {"label": "KETLIN", "mmsi": "305445000", "imo": "9342152", "name": "KETLIN", "shiptype": "", "first_seen_utc": "2026-01-06T03:52:34Z", "last_seen_utc": "2026-01-15T14:58:38Z", "destination": "DKFDV", "eta": "{'Day': 16, 'Hour': 4, 'Minute': 0, 'Month': 1}", "display": "KETLIN (305445000)", "links": "<a href=\"https://www.vesselfinder.com/vessels?name=9342152\" target=\"_blank\" rel=\"noopener\">VesselFinder</a> | <a href=\"https://www.marinetraffic.com/en/ais/search/all?keyword=9342152\" target=\"_blank\" rel=\"noopener\">MarineTraffic</a>", "vf_url": "https://www.vesselfinder.com/vessels?name=9342152", "mst_url": "https://www.marinetraffic.com/en/ais/search/all?keyword=9342152", "method": "v3_2pass_track3d_fromru10d", "ru_seen_in_lookback": true, "in_monitor_on_day": true}}, {"type": "Feature", "geometry": {"type": "LineString", "coordinates": [[15.876646666666666, 55.838895], [15.663731666666667, 55.76985833333333], [15.488026666666666, 55.71308166666667], [15.290533333333334, 55.65121], [15.126926666666666, 55.596305], [14.969358333333334, 55.54785666666667], [14.80892, 55.50073333333333], [14.652871666666666, 55.45250166666666], [14.525318333333333, 55.379475], [14.404721666666667, 55.305910000000004], [14.278403333333333, 55.22673833333333], [14.164901666666667, 55.15081833333333], [14.044573333333334, 55.07654333333333], [13.906786666666667, 55.05606833333333], [13.739618333333334, 55.01144], [13.578956666666667, 54.972568333333335]]}, "properties": {"label": "RAMIRA", "mmsi": "265007000", "imo": "9890599", "name": "RAMIRA", "shiptype": "", "first_seen_utc": "2026-01-06T04:12:35Z", "last_seen_utc": "2026-01-15T15:00:30Z", "destination": "DK KAL", "eta": "{'Day': 16, 'Hour': 6, 'Minute': 0, 'Month': 1}", "display": "", "links": "<a href=\"https://www.vesselfinder.com/vessels?name=9890599\" target=\"_blank\" rel=\"noopener\">VesselFinder</a> | <a href=\"https://www.marinetraffic.com/en/ais/search/all?keyword=9890599\" target=\"_blank\" rel=\"noopener\">MarineTraffic</a>", "vf_url": "https://www.vesselfinder.com/vessels?name=9890599", "mst_url": "https://www.marinetraffic.com/en/ais/search/all?keyword=9890599", "method": "v3_2pass_track3d_fromru10d", "ru_seen_in_lookback": true, "in_monitor_on_day": true}}, {"type": "Feature", "geometry": {"type": "Point", "coordinates": [13.578956666666667, 54.972568333333335]}, "properties": {"label": "RAMIRA", "mmsi": "265007000", "imo": "9890599", "name": "RAMIRA", "shiptype": "", "first_seen_utc": "2026-01-06T04:12:35Z", "last_seen_utc": "2026-01-15T15:00:30Z", "destination": "DK KAL", "eta": "{'Day': 16, 'Hour': 6, 'Minute': 0, 'Month': 1}", "display": "RAMIRA (265007000)", "links": "<a href=\"https://www.vesselfinder.com/vessels?name=9890599\" target=\"_blank\" rel=\"noopener\">VesselFinder</a> | <a href=\"https://www.marinetraffic.com/en/ais/search/all?keyword=9890599\" target=\"_blank\" rel=\"noopener\">MarineTraffic</a>", "vf_url": "https://www.vesselfinder.com/vessels?name=9890599", "mst_url": "https://www.marinetraffic.com/en/ais/search/all?keyword=9890599", "method": "v3_2pass_track3d_fromru10d", "ru_seen_in_lookback": true, "in_monitor_on_day": true}}, {"type": "Feature", "geometry": {"type": "LineString", "coordinates": [[15.504533333333335, 55.70176666666667], [15.152899999999999, 55.63068333333333], [14.95545, 55.54901666666667], [14.794, 55.49493333333333], [14.6369, 55.44388333333333], [12.266166666666667, 54.59668333333333], [12.22985, 54.52136666666667], [12.14765, 54.44486666666667], [11.979800000000001, 54.447716666666665], [11.81115, 54.45028333333333], [11.647816666666667, 54.47728333333334], [11.491783333333332, 54.520133333333334], [11.318816666666667, 54.562583333333336], [11.149233333333333, 54.60295], [10.97035, 54.61426666666667], [10.8181, 54.671616666666665], [10.800133333333333, 54.76401666666666], [10.837833333333332, 54.86423333333333], [10.901083333333334, 54.94573333333334], [10.99605, 55.030116666666665], [10.992516666666667, 55.13575], [11.103216666666667, 55.216883333333335], [11.0375, 55.31575], [10.865166666666665, 55.525816666666664], [10.79405, 55.62716666666667], [10.807416666666667, 55.73023333333333], [10.834666666666667, 55.83095], [10.94665, 55.911433333333335], [10.498366666666668, 57.851816666666664], [10.278016666666668, 57.84635], [10.066183333333333, 57.841], [9.855833333333333, 57.838], [9.652716666666667, 57.82985], [9.471933333333334, 57.80108333333333], [9.278916666666667, 57.771166666666666], [9.10375, 57.7282], [8.92855, 57.685266666666664], [8.759883333333333, 57.6452], [8.601799999999999, 57.59755], [8.455666666666666, 57.54423333333333], [8.319483333333332, 57.483399999999996], [8.19435, 57.417633333333335], [8.069383333333333, 57.34605], [7.9352833333333335, 57.275983333333336]]}, "properties": {"label": "PALERMO", "mmsi": "538008065", "imo": "9414292", "name": "PALERMO", "shiptype": "", "first_seen_utc": "2026-01-06T04:14:28Z", "last_seen_utc": "2026-01-15T16:12:36Z", "destination": "GIGIB_FOR_ORDERS", "eta": "{'Day': 21, 'Hour': 10, 'Minute': 0, 'Month': 1}", "display": "", "links": "<a href=\"https://www.vesselfinder.com/vessels?name=9414292\" target=\"_blank\" rel=\"noopener\">VesselFinder</a> | <a href=\"https://www.marinetraffic.com/en/ais/search/all?keyword=9414292\" target=\"_blank\" rel=\"noopener\">MarineTraffic</a>", "vf_url": "https://www.vesselfinder.com/vessels?name=9414292", "mst_url": "https://www.marinetraffic.com/en/ais/search/all?keyword=9414292", "method": "v3_2pass_track3d_fromru10d", "ru_seen_in_lookback": true, "in_monitor_on_day": true}}, {"type": "Feature", "geometry": {"type": "Point", "coordinates": [7.9352833333333335, 57.275983333333336]}, "properties": {"label": "PALERMO", "mmsi": "538008065", "imo": "9414292", "name": "PALERMO", "shiptype": "", "first_seen_utc": "2026-01-06T04:14:28Z", "last_seen_utc": "2026-01-15T16:12:36Z", "destination": "GIGIB_FOR_ORDERS", "eta": "{'Day': 21, 'Hour': 10, 'Minute': 0, 'Month': 1}", "display": "PALERMO (538008065)", "links": "<a href=\"https://www.vesselfinder.com/vessels?name=9414292\" target=\"_blank\" rel=\"noopener\">VesselFinder</a> | <a href=\"https://www.marinetraffic.com/en/ais/search/all?keyword=9414292\" target=\"_blank\" rel=\"noopener\">MarineTraffic</a>", "vf_url": "https://www.vesselfinder.com/vessels?name=9414292", "mst_url": "https://www.marinetraffic.com/en/ais/search/all?keyword=9414292", "method": "v3_2pass_track3d_fromru10d", "ru_seen_in_lookback": true, "in_monitor_on_day": true}}, {"type": "Feature", "geometry": {"type": "LineString", "coordinates": [[18.58, 54.76416666666667], [18.689833333333336, 54.731], [18.792166666666667, 54.6875], [18.84016666666667, 54.62166666666667], [18.839833333333335, 54.620666666666665], [18.825166666666668, 54.646166666666666], [18.805, 54.667500000000004], [18.78783333333333, 54.68833333333334], [18.792333333333332, 54.694833333333335], [18.805666666666664, 54.66833333333333], [18.826, 54.64483333333333], [18.839166666666664, 54.62], [18.839333333333332, 54.596333333333334], [18.8505, 54.58566666666666], [18.863666666666667, 54.608], [18.855, 54.62983333333333], [18.83966666666667, 54.64966666666667], [18.831666666666667, 54.668], [18.835166666666666, 54.67883333333334], [18.8385, 54.69316666666667], [18.84, 54.709833333333336], [18.831, 54.705666666666666], [18.81683333333333, 54.708999999999996], [18.83566666666667, 54.64633333333334], [18.828666666666667, 54.58566666666666], [18.803035, 54.60173333333333], [18.803035, 54.60174], [18.803465000000003, 54.600743333333334], [18.803468333333335, 54.60071666666667], [18.803471666666667, 54.600728333333336], [18.80346666666667, 54.60073833333333], [18.803476666666665, 54.60071833333333], [18.803491666666666, 54.60071833333333], [18.803468333333335, 54.600723333333335], [18.80346666666667, 54.60071166666667], [18.803463333333333, 54.600728333333336], [18.803473333333333, 54.600728333333336], [18.80345833333333, 54.60073333333333], [18.803475, 54.60071666666667], [18.803483333333336, 54.60073333333333], [18.803493333333332, 54.60072666666667], [18.803481666666666, 54.60071666666667], [18.803463333333333, 54.600699999999996], [18.803463333333333, 54.600723333333335], [18.803456666666666, 54.60073666666666], [18.803486666666668, 54.600723333333335], [18.803481666666666, 54.60073833333333], [18.803473333333333, 54.60073833333333], [18.803481666666666, 54.600721666666665], [18.803483333333336, 54.600705], [18.803468333333335, 54.600715], [18.803456666666666, 54.600723333333335], [18.803461666666667, 54.600715], [18.803468333333335, 54.60073], [18.803471666666667, 54.60072666666667], [18.80347, 54.600723333333335], [18.803481666666666, 54.600715], [18.80348, 54.600721666666665], [18.803459999999998, 54.60071666666667], [18.80346666666667, 54.60074], [18.803453333333334, 54.60071666666667], [18.803475, 54.60070666666666], [18.80347, 54.60073666666666], [18.803471666666667, 54.600744999999996], [18.803471666666667, 54.600728333333336], [18.803471666666667, 54.60073333333333], [18.803465000000003, 54.600743333333334], [18.803481666666666, 54.600723333333335], [18.803459999999998, 54.600743333333334], [18.803468333333335, 54.60074], [18.803491666666666, 54.600735], [18.80345833333333, 54.600746666666666], [18.80349, 54.600725000000004], [18.803506666666667, 54.600741666666664], [18.803455, 54.60074], [18.80346666666667, 54.60071166666667], [18.803501666666666, 54.600744999999996], [18.803493333333332, 54.60071833333333], [18.803446666666666, 54.600715], [18.803476666666665, 54.60070666666666], [18.803476666666665, 54.60068833333333], [18.803463333333333, 54.600705], [18.803481666666666, 54.60072666666667], [18.803463333333333, 54.600735], [18.80348, 54.60070333333333], [18.803488333333334, 54.60071166666667], [18.803461666666667, 54.600683333333336], [18.803475, 54.60071833333333], [18.80345833333333, 54.60074], [18.803485000000002, 54.600699999999996], [18.803468333333335, 54.60071333333334], [18.803431666666665, 54.60075], [18.803481666666666, 54.600685], [18.80347, 54.600725000000004], [18.8035, 54.60066666666667], [18.850166666666667, 54.575833333333335], [18.8535, 54.59], [18.863833333333332, 54.61383333333333], [18.868499999999997, 54.636833333333335], [18.8565, 54.65983333333334], [18.850833333333334, 54.67916666666667], [18.859666666666666, 54.655499999999996], [18.872, 54.63316666666666], [18.880666666666666, 54.611], [18.8835, 54.588], [18.8775, 54.608666666666664], [18.892666666666667, 54.61266666666667], [18.8845, 54.591833333333334], [18.8865, 54.570166666666665], [18.916833333333333, 54.56316666666667], [18.931166666666666, 54.57966666666667], [18.9415, 54.59], [18.934833333333334, 54.59133333333333], [18.863166666666665, 54.592999999999996], [18.78783333333333, 54.584666666666664]]}, "properties": {"label": "DZI-85", "mmsi": "261010820", "imo": "", "name": "DZI-85", "shiptype": "", "first_seen_utc": "2026-01-06T04:16:21Z", "last_seen_utc": "2026-01-15T15:44:23Z", "destination": "", "eta": "{'Day': 0, 'Hour': 24, 'Minute': 60, 'Month': 0}", "display": "", "links": "<a href=\"https://www.vesselfinder.com/vessels?name=261010820\" target=\"_blank\" rel=\"noopener\">VesselFinder</a> | <a href=\"https://www.marinetraffic.com/en/ais/search/all?keyword=261010820\" target=\"_blank\" rel=\"noopener\">MarineTraffic</a>", "vf_url": "https://www.vesselfinder.com/vessels?name=261010820", "mst_url": "https://www.marinetraffic.com/en/ais/search/all?keyword=261010820", "method": "v3_2pass_track3d_fromru10d", "ru_seen_in_lookback": true, "in_monitor_on_day": true}}, {"type": "Feature", "geometry": {"type": "Point", "coordinates": [18.78783333333333, 54.584666666666664]}, "properties": {"label": "DZI-85", "mmsi": "261010820", "imo": "", "name": "DZI-85", "shiptype": "", "first_seen_utc": "2026-01-06T04:16:21Z", "last_seen_utc": "2026-01-15T15:44:23Z", "destination": "", "eta": "{'Day': 0, 'Hour': 24, 'Minute': 60, 'Month': 0}", "display": "DZI-85 (261010820)", "links": "<a href=\"https://www.vesselfinder.com/vessels?name=261010820\" target=\"_blank\" rel=\"noopener\">VesselFinder</a> | <a href=\"https://www.marinetraffic.com/en/ais/search/all?keyword=261010820\" target=\"_blank\" rel=\"noopener\">MarineTraffic</a>", "vf_url": "https://www.vesselfinder.com/vessels?name=261010820", "mst_url": "https://www.marinetraffic.com/en/ais/search/all?keyword=261010820", "method": "v3_2pass_track3d_fromru10d", "ru_seen_in_lookback": true, "in_monitor_on_day": true}}, {"type": "Feature", "geometry": {"type": "LineString", "coordinates": [[18.510058333333333, 54.78232833333333], [18.635865000000003, 54.74382333333333], [18.752386666666666, 54.697025000000004], [18.833008333333332, 54.63114333333333], [18.87940166666667, 54.556828333333335], [18.918318333333332, 54.48229833333333], [18.99238, 54.41602833333333], [19.114126666666667, 54.43253666666667], [19.16836, 54.43805666666666], [19.208741666666665, 54.445645], [19.251065, 54.44103333333333], [19.184401666666666, 54.43737], [19.160795, 54.44550666666667], [19.04980833333333, 54.49820833333333], [18.936788333333332, 54.541511666666665], [18.833516666666664, 54.57742], [18.801681666666664, 54.59996], [18.802666666666667, 54.60003], [18.802680000000002, 54.60003666666667], [18.802666666666667, 54.60003666666667], [18.802665, 54.60004166666667], [18.802668333333333, 54.59999333333334], [18.802616666666665, 54.600045], [18.802616666666665, 54.600026666666665], [18.802591666666668, 54.60005666666667], [18.80261, 54.600045], [18.802591666666668, 54.60004], [18.802595, 54.600045], [18.802626666666665, 54.60004666666667], [18.802643333333332, 54.60004833333333], [18.80266333333333, 54.60004166666667], [18.80263, 54.60002333333333], [18.802665, 54.60004], [18.802661666666665, 54.600015], [18.802655, 54.60003833333334], [18.802633333333333, 54.60003833333334], [18.802625, 54.60003833333334], [18.802635000000002, 54.60004833333333], [18.802608333333335, 54.600045], [18.80263, 54.60006166666667], [18.80263, 54.600071666666665], [18.802595, 54.60004166666667], [18.80260666666667, 54.600026666666665], [18.802599999999998, 54.60000333333333], [18.802643333333332, 54.600024999999995], [18.802628333333335, 54.600006666666665], [18.802636666666668, 54.60003166666667], [18.802626666666665, 54.60000166666667], [18.802650000000003, 54.600026666666665], [18.802661666666665, 54.600026666666665], [18.802671666666665, 54.60001], [18.802688333333332, 54.60002166666666], [18.802661666666665, 54.600045], [18.80269666666667, 54.600065], [18.802658333333333, 54.60005833333333], [18.802655, 54.600045], [18.80264833333333, 54.60004333333333], [18.802676666666667, 54.600053333333335], [18.802668333333333, 54.600033333333336], [18.80267, 54.60003833333334], [18.80265166666667, 54.60004666666667], [18.802645, 54.60004], [18.802641666666666, 54.60004166666667], [18.802646666666664, 54.60004], [18.802661666666665, 54.60005], [18.802656666666667, 54.60004], [18.802680000000002, 54.60006166666667], [18.802680000000002, 54.60004333333333], [18.802658333333333, 54.600035000000005], [18.80265166666667, 54.60001833333333], [18.802623333333333, 54.60004333333333], [18.80260333333333, 54.60005833333333], [18.802601666666664, 54.600053333333335], [18.802605000000003, 54.60004666666667], [18.802611666666667, 54.60005666666667], [18.802641666666666, 54.600035000000005], [18.802653333333335, 54.60005], [18.802661666666665, 54.60004666666667], [18.80264, 54.60002333333333], [18.802688333333332, 54.600033333333336], [18.802643333333332, 54.600024999999995], [18.80268166666667, 54.600045], [18.802615, 54.600045], [18.802643333333332, 54.60004833333333], [18.802623333333333, 54.60001666666667], [18.802628333333335, 54.60003666666667], [18.802641666666666, 54.60006166666667], [18.802626666666665, 54.600053333333335], [18.80260333333333, 54.60002833333333], [18.802605000000003, 54.600024999999995], [18.80074, 54.59999666666667], [18.82344833333333, 54.59085666666667], [18.827446666666667, 54.59485666666667], [18.832276666666665, 54.59496], [18.838526666666667, 54.60282333333334], [18.829621666666664, 54.58224333333333], [18.843020000000003, 54.592459999999996], [18.85094666666667, 54.61439333333333], [18.863028333333332, 54.596345], [18.857535, 54.573303333333335], [18.87647666666667, 54.554208333333335], [18.877856666666666, 54.54707833333334], [18.87095, 54.57073833333333], [18.872061666666664, 54.59618], [18.846276666666665, 54.60859666666667], [18.8233, 54.59129], [18.853058333333333, 54.59479833333333], [18.87683333333333, 54.60250666666666], [18.773793333333334, 54.681685]]}, "properties": {"label": "WLA-51", "mmsi": "261012880", "imo": "", "name": "WLA-51", "shiptype": "", "first_seen_utc": "2026-01-06T04:20:08Z", "last_seen_utc": "2026-01-15T14:50:47Z", "destination": "WLA", "eta": "{'Day': 1, 'Hour': 0, 'Minute': 0, 'Month': 1}", "display": "", "links": "<a href=\"https://www.vesselfinder.com/vessels?name=261012880\" target=\"_blank\" rel=\"noopener\">VesselFinder</a> | <a href=\"https://www.marinetraffic.com/en/ais/search/all?keyword=261012880\" target=\"_blank\" rel=\"noopener\">MarineTraffic</a>", "vf_url": "https://www.vesselfinder.com/vessels?name=261012880", "mst_url": "https://www.marinetraffic.com/en/ais/search/all?keyword=261012880", "method": "v3_2pass_track3d_fromru10d", "ru_seen_in_lookback": true, "in_monitor_on_day": true}}, {"type": "Feature", "geometry": {"type": "Point", "coordinates": [18.773793333333334, 54.681685]}, "properties": {"label": "WLA-51", "mmsi": "261012880", "imo": "", "name": "WLA-51", "shiptype": "", "first_seen_utc": "2026-01-06T04:20:08Z", "last_seen_utc": "2026-01-15T14:50:47Z", "destination": "WLA", "eta": "{'Day': 1, 'Hour': 0, 'Minute': 0, 'Month': 1}", "display": "WLA-51 (261012880)", "links": "<a href=\"https://www.vesselfinder.com/vessels?name=261012880\" target=\"_blank\" rel=\"noopener\">VesselFinder</a> | <a href=\"https://www.marinetraffic.com/en/ais/search/all?keyword=261012880\" target=\"_blank\" rel=\"noopener\">MarineTraffic</a>", "vf_url": "https://www.vesselfinder.com/vessels?name=261012880", "mst_url": "https://www.marinetraffic.com/en/ais/search/all?keyword=261012880", "method": "v3_2pass_track3d_fromru10d", "ru_seen_in_lookback": true, "in_monitor_on_day": true}}, {"type": "Feature", "geometry": {"type": "LineString", "coordinates": [[18.802353333333333, 54.60001166666667], [18.802341666666667, 54.60001], [18.80235, 54.60001], [18.802371666666666, 54.600005], [18.802378333333333, 54.60001333333333], [18.802385, 54.60001333333333], [18.80238166666667, 54.600015], [18.802376666666664, 54.60001333333333], [18.802371666666666, 54.60002166666666], [18.802366666666668, 54.60000333333333], [18.802383333333335, 54.600005], [18.79737833333333, 54.593358333333335], [18.880760000000002, 54.55794166666667], [18.975833333333334, 54.52369], [19.041518333333332, 54.475456666666666], [19.041195000000002, 54.435404999999996], [19.085935, 54.4339], [19.128045, 54.437178333333335], [19.165006666666667, 54.44755], [19.204954999999998, 54.448771666666666], [19.245818333333332, 54.444808333333334], [19.29045166666667, 54.44366166666667], [19.32423, 54.45091333333333], [19.283703333333335, 54.45663666666667], [19.24172, 54.454728333333335], [19.200723333333332, 54.45448333333333], [19.15887, 54.45630833333333], [19.117568333333335, 54.45565666666666], [19.076798333333333, 54.459905000000006], [19.056620000000002, 54.46857166666667], [19.044343333333334, 54.48155833333333], [19.003916666666665, 54.499845], [18.916395, 54.537578333333336], [18.81866, 54.57787833333334], [18.803438333333336, 54.600561666666664], [18.80352, 54.60032833333333], [18.80174, 54.59999166666667], [18.80173166666667, 54.59996666666667], [18.801724999999998, 54.59996833333333], [18.801721666666666, 54.599963333333335], [18.801721666666666, 54.59995833333333], [18.801718333333334, 54.59995833333333], [18.801718333333334, 54.59995666666667], [18.801716666666668, 54.59995833333333], [18.80172333333333, 54.59995833333333], [18.801721666666666, 54.59996666666667], [18.80172, 54.599965], [18.801711666666666, 54.59996666666667], [18.801703333333332, 54.599963333333335], [18.801708333333334, 54.599963333333335], [18.801715, 54.599965], [18.801715, 54.599963333333335], [18.80172333333333, 54.59996], [18.801726666666664, 54.59996], [18.80173166666667, 54.59996], [18.801733333333335, 54.599963333333335], [18.80172333333333, 54.599955], [18.801726666666664, 54.59995666666667], [18.801718333333334, 54.59995833333333], [18.801713333333332, 54.59995333333333], [18.801706666666668, 54.599965], [18.801716666666668, 54.59996833333333], [18.801716666666668, 54.59997666666666], [18.801721666666666, 54.59997333333333], [18.80172, 54.599965], [18.801726666666664, 54.59995833333333], [18.801733333333335, 54.59995666666667], [18.801726666666664, 54.59995833333333], [18.801724999999998, 54.59995833333333], [18.80172333333333, 54.599963333333335], [18.801721666666666, 54.599961666666665], [18.801716666666668, 54.599963333333335], [18.801724999999998, 54.59996666666667], [18.801726666666664, 54.59997833333333], [18.801724999999998, 54.59997666666666], [18.80171, 54.59996666666667], [18.801718333333334, 54.599963333333335], [18.801706666666668, 54.59996], [18.801696666666665, 54.599965], [18.801676666666665, 54.59995333333333], [18.801671666666667, 54.59996], [18.80167, 54.599965], [18.801691666666667, 54.59997], [18.801701666666666, 54.59997333333333], [18.801708333333334, 54.59997], [18.8017, 54.59995166666667], [18.801711666666666, 54.599965], [18.801713333333332, 54.599961666666665], [18.80169833333333, 54.59996666666667], [18.801681666666664, 54.59996], [18.801683333333337, 54.59995666666667], [18.801701666666666, 54.599963333333335], [18.80171, 54.599965], [18.801705000000002, 54.59996666666667], [18.801688333333335, 54.599963333333335], [18.801685000000003, 54.599961666666665], [18.80171, 54.59996833333333], [18.801724999999998, 54.599965], [18.80172333333333, 54.59997166666667], [18.801728333333333, 54.59996], [18.801726666666664, 54.599963333333335], [18.80173166666667, 54.599963333333335], [18.80173166666667, 54.59996], [18.801735, 54.59995333333333], [18.801728333333333, 54.59995333333333], [18.801724999999998, 54.59995833333333], [18.795283333333334, 54.587455], [18.84672833333333, 54.59480666666666], [18.862611666666666, 54.62099166666667], [18.859716666666667, 54.644845000000004], [18.842643333333335, 54.66695333333333], [18.823238333333332, 54.68705666666666], [18.837341666666667, 54.66837666666667], [18.856213333333336, 54.64743166666666], [18.868718333333334, 54.626308333333334], [18.88228666666667, 54.60434333333333], [18.889358333333334, 54.58300666666666], [18.924923333333332, 54.58898666666666], [18.953656666666667, 54.60782], [18.981370000000002, 54.62419], [18.957815, 54.605941666666666], [18.935013333333334, 54.59011833333333], [18.921843333333335, 54.585255], [18.908686666666664, 54.576123333333335], [18.896821666666664, 54.564205], [18.84842666666667, 54.583376666666666], [18.800628333333336, 54.601414999999996]]}, "properties": {"label": "WLA-220", "mmsi": "261002913", "imo": "", "name": "WLA-220", "shiptype": "", "first_seen_utc": "2026-01-06T04:22:38Z", "last_seen_utc": "2026-01-15T16:00:56Z", "destination": "WLADYSLAWOWO", "eta": "{'Day': 27, 'Hour': 9, 'Minute': 20, 'Month': 8}", "display": "", "links": "<a href=\"https://www.vesselfinder.com/vessels?name=261002913\" target=\"_blank\" rel=\"noopener\">VesselFinder</a> | <a href=\"https://www.marinetraffic.com/en/ais/search/all?keyword=261002913\" target=\"_blank\" rel=\"noopener\">MarineTraffic</a>", "vf_url": "https://www.vesselfinder.com/vessels?name=261002913", "mst_url": "https://www.marinetraffic.com/en/ais/search/all?keyword=261002913", "method": "v3_2pass_track3d_fromru10d", "ru_seen_in_lookback": true, "in_monitor_on_day": true}}, {"type": "Feature", "geometry": {"type": "Point", "coordinates": [18.800628333333336, 54.601414999999996]}, "properties": {"label": "WLA-220", "mmsi": "261002913", "imo": "", "name": "WLA-220", "shiptype": "", "first_seen_utc": "2026-01-06T04:22:38Z", "last_seen_utc": "2026-01-15T16:00:56Z", "destination": "WLADYSLAWOWO", "eta": "{'Day': 27, 'Hour': 9, 'Minute': 20, 'Month': 8}", "display": "WLA-220 (261002913)", "links": "<a href=\"https://www.vesselfinder.com/vessels?name=261002913\" target=\"_blank\" rel=\"noopener\">VesselFinder</a> | <a href=\"https://www.marinetraffic.com/en/ais/search/all?keyword=261002913\" target=\"_blank\" rel=\"noopener\">MarineTraffic</a>", "vf_url": "https://www.vesselfinder.com/vessels?name=261002913", "mst_url": "https://www.marinetraffic.com/en/ais/search/all?keyword=261002913", "method": "v3_2pass_track3d_fromru10d", "ru_seen_in_lookback": true, "in_monitor_on_day": true}}, {"type": "Feature", "geometry": {"type": "LineString", "coordinates": [[7.84056, 53.92196], [7.840813333333333, 53.92180333333333], [7.840888333333334, 53.921776666666666], [7.840875, 53.921745], [7.839335, 53.922381666666666], [7.840165, 53.922111666666666], [7.840954999999999, 53.921373333333335], [7.841043333333333, 53.921346666666665], [7.840676666666667, 53.921805], [7.838228333333333, 53.92235166666667], [7.837998333333333, 53.9224], [7.838021666666666, 53.92238], [7.838368333333333, 53.92242833333333], [7.838393333333333, 53.92241], [7.838931666666666, 53.922403333333335], [7.84042, 53.922093333333336], [7.841573333333333, 53.920615], [7.841301666666666, 53.921236666666665], [7.841023333333334, 53.92138], [7.84089, 53.921643333333336], [7.8409933333333335, 53.921573333333335], [7.841395, 53.92146666666667], [7.838505, 53.922178333333335], [7.837751666666667, 53.92207833333334], [7.837523333333333, 53.921998333333335], [7.837461666666667, 53.92200166666667], [7.837553333333333, 53.92203], [7.838658333333333, 53.92225333333333], [7.83958, 53.92220666666666], [7.840538333333333, 53.92198666666666], [7.840291666666667, 53.92212666666667], [7.838681666666667, 53.922401666666666], [7.838401666666667, 53.92236166666667], [7.8382966666666665, 53.922358333333335], [7.83854, 53.92229833333333]]}, "properties": {"label": "LITTLE ATHINA", "mmsi": "636023244", "imo": "9980368", "name": "LITTLE ATHINA", "shiptype": "", "first_seen_utc": "2026-01-06T04:54:33Z", "last_seen_utc": "2026-01-15T14:26:46Z", "destination": "DEHAM", "eta": "{'Day': 12, 'Hour': 4, 'Minute': 6, 'Month': 1}", "display": "", "links": "<a href=\"https://www.vesselfinder.com/vessels?name=9980368\" target=\"_blank\" rel=\"noopener\">VesselFinder</a> | <a href=\"https://www.marinetraffic.com/en/ais/search/all?keyword=9980368\" target=\"_blank\" rel=\"noopener\">MarineTraffic</a>", "vf_url": "https://www.vesselfinder.com/vessels?name=9980368", "mst_url": "https://www.marinetraffic.com/en/ais/search/all?keyword=9980368", "method": "v3_2pass_track3d_fromru10d", "ru_seen_in_lookback": true, "in_monitor_on_day": true}}, {"type": "Feature", "geometry": {"type": "Point", "coordinates": [7.83854, 53.92229833333333]}, "properties": {"label": "LITTLE ATHINA", "mmsi": "636023244", "imo": "9980368", "name": "LITTLE ATHINA", "shiptype": "", "first_seen_utc": "2026-01-06T04:54:33Z", "last_seen_utc": "2026-01-15T14:26:46Z", "destination": "DEHAM", "eta": "{'Day': 12, 'Hour': 4, 'Minute': 6, 'Month': 1}", "display": "LITTLE ATHINA (636023244)", "links": "<a href=\"https://www.vesselfinder.com/vessels?name=9980368\" target=\"_blank\" rel=\"noopener\">VesselFinder</a> | <a href=\"https://www.marinetraffic.com/en/ais/search/all?keyword=9980368\" target=\"_blank\" rel=\"noopener\">MarineTraffic</a>", "vf_url": "https://www.vesselfinder.com/vessels?name=9980368", "mst_url": "https://www.marinetraffic.com/en/ais/search/all?keyword=9980368", "method": "v3_2pass_track3d_fromru10d", "ru_seen_in_lookback": true, "in_monitor_on_day": true}}, {"type": "Feature", "geometry": {"type": "LineString", "coordinates": [[18.803539999999998, 54.600323333333336], [18.799238333333335, 54.59860166666667], [18.878141666666668, 54.54117], [18.97891333333333, 54.48708833333333], [19.016656666666666, 54.440945000000006], [19.054231666666666, 54.430778333333336], [19.092133333333333, 54.443128333333334], [19.13563333333333, 54.447210000000005], [19.195653333333333, 54.45108833333334], [19.320015, 54.44710666666666], [19.24406, 54.45642333333333], [19.198513333333334, 54.456469999999996], [19.153673333333334, 54.459055], [19.11584, 54.464463333333335], [19.099120000000003, 54.46440333333333], [18.987558333333332, 54.504580000000004], [18.86756666666667, 54.546661666666665], [18.80538, 54.579404999999994], [18.803575000000002, 54.600336666666664], [18.801871666666667, 54.60375333333333], [18.801893333333332, 54.603746666666666], [18.801885000000002, 54.603745], [18.801895000000002, 54.603743333333334], [18.801893333333332, 54.60375166666667], [18.801906666666664, 54.60375666666666], [18.801904999999998, 54.60376333333333], [18.801883333333333, 54.60375166666667], [18.801903333333332, 54.603755], [18.801883333333333, 54.60375666666666], [18.801895000000002, 54.60375], [18.801876666666665, 54.60376333333333], [18.801885000000002, 54.60375666666666], [18.801901666666666, 54.603755], [18.801885000000002, 54.60375166666667], [18.801875, 54.603746666666666], [18.80188, 54.60375333333333], [18.8019, 54.60375666666666], [18.801918333333333, 54.603766666666665], [18.801896666666668, 54.60375], [18.801885000000002, 54.60376], [18.80189, 54.60375], [18.801868333333335, 54.603766666666665], [18.801903333333332, 54.60375666666666], [18.801904999999998, 54.603755], [18.801904999999998, 54.60375333333333], [18.801885000000002, 54.60373833333333], [18.80187, 54.60375], [18.801861666666664, 54.603755], [18.801893333333332, 54.60375833333333], [18.801876666666665, 54.60376], [18.801918333333333, 54.60375], [18.801895000000002, 54.60375833333333], [18.801895000000002, 54.603745], [18.801873333333333, 54.60375333333333], [18.801876666666665, 54.60378166666667], [18.801883333333333, 54.60375], [18.80189, 54.603746666666666], [18.801904999999998, 54.603748333333336], [18.80188, 54.60375], [18.801906666666664, 54.603785], [18.801903333333332, 54.60375666666666], [18.801873333333333, 54.603764999999996], [18.801904999999998, 54.603741666666664], [18.801915, 54.60372666666667], [18.801888333333334, 54.60376], [18.801896666666668, 54.60374], [18.801876666666665, 54.60375666666666], [18.801973333333333, 54.60374], [18.801925, 54.60373833333333], [18.801906666666664, 54.603764999999996], [18.801891666666666, 54.603761666666664], [18.801873333333333, 54.60377166666667], [18.801893333333332, 54.603755], [18.801885000000002, 54.603741666666664], [18.801901666666666, 54.603741666666664], [18.801888333333334, 54.60376833333333], [18.801873333333333, 54.60375333333333], [18.801895000000002, 54.603748333333336], [18.80189, 54.603728333333336], [18.801908333333333, 54.60375333333333], [18.801896666666668, 54.60376333333333], [18.80187, 54.60375833333333], [18.801893333333332, 54.603745], [18.801925, 54.60375833333333], [18.801896666666668, 54.60373833333333], [18.801893333333332, 54.603748333333336], [18.80187, 54.60376], [18.80187, 54.60376833333333], [18.8019, 54.60373333333334], [18.801898333333334, 54.60374], [18.801913333333335, 54.60374], [18.801913333333335, 54.603748333333336], [18.816308333333332, 54.58324833333334], [18.85164, 54.62891166666667], [18.846891666666668, 54.642981666666664], [18.85973166666667, 54.61947], [18.841566666666665, 54.59702666666667], [18.843228333333332, 54.57451833333334], [18.86506166666667, 54.55334666666667], [18.883741666666666, 54.53226666666667], [18.888645, 54.53824], [18.858414999999997, 54.55760166666666], [18.83972, 54.57693166666666], [18.843245000000003, 54.585285], [18.83909, 54.58844666666666], [18.803983333333335, 54.58470333333333], [18.77616, 54.58618], [18.803555, 54.60035666666667], [18.803571666666667, 54.600335], [18.801793333333332, 54.60376]]}, "properties": {"label": "HEL-102", "mmsi": "261007210", "imo": "7625847", "name": "HEL-102", "shiptype": "", "first_seen_utc": "2026-01-06T05:12:16Z", "last_seen_utc": "2026-01-15T14:20:12Z", "destination": "", "eta": "{'Day': 0, 'Hour': 24, 'Minute': 60, 'Month': 0}", "display": "", "links": "<a href=\"https://www.vesselfinder.com/vessels?name=7625847\" target=\"_blank\" rel=\"noopener\">VesselFinder</a> | <a href=\"https://www.marinetraffic.com/en/ais/search/all?keyword=7625847\" target=\"_blank\" rel=\"noopener\">MarineTraffic</a>", "vf_url": "https://www.vesselfinder.com/vessels?name=7625847", "mst_url": "https://www.marinetraffic.com/en/ais/search/all?keyword=7625847", "method": "v3_2pass_track3d_fromru10d", "ru_seen_in_lookback": true, "in_monitor_on_day": true}}, {"type": "Feature", "geometry": {"type": "Point", "coordinates": [18.801793333333332, 54.60376]}, "properties": {"label": "HEL-102", "mmsi": "261007210", "imo": "7625847", "name": "HEL-102", "shiptype": "", "first_seen_utc": "2026-01-06T05:12:16Z", "last_seen_utc": "2026-01-15T14:20:12Z", "destination": "", "eta": "{'Day': 0, 'Hour': 24, 'Minute': 60, 'Month': 0}", "display": "HEL-102 (261007210)", "links": "<a href=\"https://www.vesselfinder.com/vessels?name=7625847\" target=\"_blank\" rel=\"noopener\">VesselFinder</a> | <a href=\"https://www.marinetraffic.com/en/ais/search/all?keyword=7625847\" target=\"_blank\" rel=\"noopener\">MarineTraffic</a>", "vf_url": "https://www.vesselfinder.com/vessels?name=7625847", "mst_url": "https://www.marinetraffic.com/en/ais/search/all?keyword=7625847", "method": "v3_2pass_track3d_fromru10d", "ru_seen_in_lookback": true, "in_monitor_on_day": true}}, {"type": "Feature", "geometry": {"type": "LineString", "coordinates": [[15.440878333333334, 55.66384], [15.266654999999998, 55.61159333333333], [14.993191666666666, 55.53626833333333], [14.659558333333333, 55.45050166666667], [14.173308333333333, 55.14425166666667], [14.08624, 55.083931666666665], [13.957338333333333, 55.05058], [13.806045000000001, 55.02005333333333], [13.668491666666666, 54.99370833333333]]}, "properties": {"label": "ALUNA", "mmsi": "314837000", "imo": "9590773", "name": "ALUNA", "shiptype": "", "first_seen_utc": "2026-01-06T05:23:39Z", "last_seen_utc": "2026-01-15T12:11:14Z", "destination": "JORF LASFAR", "eta": "{'Day': 26, 'Hour': 12, 'Minute': 0, 'Month': 1}", "display": "", "links": "<a href=\"https://www.vesselfinder.com/vessels?name=9590773\" target=\"_blank\" rel=\"noopener\">VesselFinder</a> | <a href=\"https://www.marinetraffic.com/en/ais/search/all?keyword=9590773\" target=\"_blank\" rel=\"noopener\">MarineTraffic</a>", "vf_url": "https://www.vesselfinder.com/vessels?name=9590773", "mst_url": "https://www.marinetraffic.com/en/ais/search/all?keyword=9590773", "method": "v3_2pass_track3d_fromru10d", "ru_seen_in_lookback": true, "in_monitor_on_day": true}}, {"type": "Feature", "geometry": {"type": "Point", "coordinates": [13.668491666666666, 54.99370833333333]}, "properties": {"label": "ALUNA", "mmsi": "314837000", "imo": "9590773", "name": "ALUNA", "shiptype": "", "first_seen_utc": "2026-01-06T05:23:39Z", "last_seen_utc": "2026-01-15T12:11:14Z", "destination": "JORF LASFAR", "eta": "{'Day': 26, 'Hour': 12, 'Minute': 0, 'Month': 1}", "display": "ALUNA (314837000)", "links": "<a href=\"https://www.vesselfinder.com/vessels?name=9590773\" target=\"_blank\" rel=\"noopener\">VesselFinder</a> | <a href=\"https://www.marinetraffic.com/en/ais/search/all?keyword=9590773\" target=\"_blank\" rel=\"noopener\">MarineTraffic</a>", "vf_url": "https://www.vesselfinder.com/vessels?name=9590773", "mst_url": "https://www.marinetraffic.com/en/ais/search/all?keyword=9590773", "method": "v3_2pass_track3d_fromru10d", "ru_seen_in_lookback": true, "in_monitor_on_day": true}}, {"type": "Feature", "geometry": {"type": "LineString", "coordinates": [[10.429548333333335, 57.85572], [10.211525, 57.89340666666667], [10.006678333333333, 57.88351333333333], [9.827454999999999, 57.867513333333335], [9.651638333333333, 57.85047333333333], [9.499215, 57.80632], [9.355221666666667, 57.75648], [9.215823333333333, 57.704953333333336], [9.072831666666668, 57.65506666666667], [8.926798333333332, 57.612386666666666], [8.780641666666666, 57.575], [8.658513333333334, 57.52076], [8.526968333333334, 57.45571333333333], [8.397866666666667, 57.4022], [8.275879999999999, 57.35303333333333], [8.150178333333333, 57.30380666666667], [8.017316666666666, 57.25575333333334], [7.895261666666667, 57.208333333333336], [7.752086666666667, 57.14796666666667], [7.62322, 57.09766666666667], [7.5115316666666665, 57.043366666666664], [7.383851666666667, 56.977066666666666], [7.234638333333334, 56.89488666666667], [7.103431666666666, 56.77356666666667], [3.1307449999999997, 52.74717666666666], [2.205826666666667, 51.622013333333335], [2.114585, 51.55628333333333], [2.0223316666666666, 51.488166666666665], [1.93197, 51.418], [1.8398083333333333, 51.346516666666666], [1.7711583333333332, 51.25944666666667], [1.6693600000000002, 51.18620666666666], [1.5473983333333334, 51.12719666666667], [1.4333016666666665, 51.06742333333333], [1.3320016666666668, 51.006256666666665]]}, "properties": {"label": "CAPE MAYA", "mmsi": "636022520", "imo": "9248526", "name": "CAPE MAYA", "shiptype": "", "first_seen_utc": "2026-01-06T05:24:48Z", "last_seen_utc": "2026-01-15T06:38:27Z", "destination": "EG PSD", "eta": "{'Day': 27, 'Hour': 12, 'Minute': 5, 'Month': 1}", "display": "", "links": "<a href=\"https://www.vesselfinder.com/vessels?name=9248526\" target=\"_blank\" rel=\"noopener\">VesselFinder</a> | <a href=\"https://www.marinetraffic.com/en/ais/search/all?keyword=9248526\" target=\"_blank\" rel=\"noopener\">MarineTraffic</a>", "vf_url": "https://www.vesselfinder.com/vessels?name=9248526", "mst_url": "https://www.marinetraffic.com/en/ais/search/all?keyword=9248526", "method": "v3_2pass_track3d_fromru10d", "ru_seen_in_lookback": true, "in_monitor_on_day": true}}, {"type": "Feature", "geometry": {"type": "Point", "coordinates": [1.3320016666666668, 51.006256666666665]}, "properties": {"label": "CAPE MAYA", "mmsi": "636022520", "imo": "9248526", "name": "CAPE MAYA", "shiptype": "", "first_seen_utc": "2026-01-06T05:24:48Z", "last_seen_utc": "2026-01-15T06:38:27Z", "destination": "EG PSD", "eta": "{'Day': 27, 'Hour': 12, 'Minute': 5, 'Month': 1}", "display": "CAPE MAYA (636022520)", "links": "<a href=\"https://www.vesselfinder.com/vessels?name=9248526\" target=\"_blank\" rel=\"noopener\">VesselFinder</a> | <a href=\"https://www.marinetraffic.com/en/ais/search/all?keyword=9248526\" target=\"_blank\" rel=\"noopener\">MarineTraffic</a>", "vf_url": "https://www.vesselfinder.com/vessels?name=9248526", "mst_url": "https://www.marinetraffic.com/en/ais/search/all?keyword=9248526", "method": "v3_2pass_track3d_fromru10d", "ru_seen_in_lookback": true, "in_monitor_on_day": true}}, {"type": "Feature", "geometry": {"type": "LineString", "coordinates": [[28.411651666666668, 59.78608166666667], [28.44818666666667, 59.848753333333335], [16.430901666666667, 56.04214666666667], [15.631716666666668, 55.77420333333334], [15.459386666666667, 55.71818333333333], [15.309073333333334, 55.669250000000005], [15.171501666666668, 55.621595], [15.03378, 55.57606], [14.895005, 55.533408333333334], [14.756566666666666, 55.48835666666666], [14.6148, 55.44550666666667], [14.496416666666667, 55.38424833333333]]}, "properties": {"label": "SUNLIGHT", "mmsi": "636020550", "imo": "9551351", "name": "SUNLIGHT", "shiptype": "", "first_seen_utc": "2026-01-06T05:57:56Z", "last_seen_utc": "2026-01-15T16:13:54Z", "destination": "GREAT BELT P/S", "eta": "{'Day': 16, 'Hour': 6, 'Minute': 0, 'Month': 1}", "display": "", "links": "<a href=\"https://www.vesselfinder.com/vessels?name=9551351\" target=\"_blank\" rel=\"noopener\">VesselFinder</a> | <a href=\"https://www.marinetraffic.com/en/ais/search/all?keyword=9551351\" target=\"_blank\" rel=\"noopener\">MarineTraffic</a>", "vf_url": "https://www.vesselfinder.com/vessels?name=9551351", "mst_url": "https://www.marinetraffic.com/en/ais/search/all?keyword=9551351", "method": "v3_2pass_track3d_fromru10d", "ru_seen_in_lookback": true, "in_monitor_on_day": true}}, {"type": "Feature", "geometry": {"type": "Point", "coordinates": [14.496416666666667, 55.38424833333333]}, "properties": {"label": "SUNLIGHT", "mmsi": "636020550", "imo": "9551351", "name": "SUNLIGHT", "shiptype": "", "first_seen_utc": "2026-01-06T05:57:56Z", "last_seen_utc": "2026-01-15T16:13:54Z", "destination": "GREAT BELT P/S", "eta": "{'Day': 16, 'Hour': 6, 'Minute': 0, 'Month': 1}", "display": "SUNLIGHT (636020550)", "links": "<a href=\"https://www.vesselfinder.com/vessels?name=9551351\" target=\"_blank\" rel=\"noopener\">VesselFinder</a> | <a href=\"https://www.marinetraffic.com/en/ais/search/all?keyword=9551351\" target=\"_blank\" rel=\"noopener\">MarineTraffic</a>", "vf_url": "https://www.vesselfinder.com/vessels?name=9551351", "mst_url": "https://www.marinetraffic.com/en/ais/search/all?keyword=9551351", "method": "v3_2pass_track3d_fromru10d", "ru_seen_in_lookback": true, "in_monitor_on_day": true}}, {"type": "Feature", "geometry": {"type": "LineString", "coordinates": [[18.800805, 54.602405], [18.838525, 54.575095000000005], [18.887405, 54.52213], [18.937898333333333, 54.466946666666665], [18.977503333333335, 54.439123333333335], [19.01776166666667, 54.435354999999994], [19.060021666666668, 54.44106], [19.103726666666667, 54.44006], [19.147571666666668, 54.432811666666666], [19.190623333333335, 54.43382833333333], [19.237903333333335, 54.435948333333336], [19.229280000000003, 54.44543833333333], [19.188981666666667, 54.44546166666667], [19.150731666666665, 54.44687333333333], [19.112435, 54.44985], [19.096725, 54.45703], [19.085013333333332, 54.464843333333334], [18.995326666666664, 54.502280000000006], [18.907303333333335, 54.539208333333335], [18.819526666666665, 54.578715], [18.803351666666668, 54.60107333333334], [18.803498333333334, 54.60075666666667], [18.80084, 54.60240833333333], [18.832108333333334, 54.59682333333333], [18.837736666666668, 54.62175333333333], [18.827828333333333, 54.64264166666667], [18.81336, 54.66193666666666], [18.821211666666667, 54.67355], [18.839411666666667, 54.65292833333333], [18.848956666666666, 54.62836166666667], [18.861491666666666, 54.60762], [18.857993333333333, 54.583398333333335], [18.854686666666666, 54.560163333333335], [18.87330166666667, 54.539903333333335], [18.896250000000002, 54.521640000000005], [18.927168333333334, 54.52695333333334], [18.934221666666666, 54.534618333333334], [18.880948333333333, 54.555236666666666], [18.80658, 54.58450666666667], [18.803483333333336, 54.60069166666666], [18.800833333333333, 54.60241166666666]]}, "properties": {"label": "WLA-196", "mmsi": "261010020", "imo": "", "name": "WLA-196", "shiptype": "", "first_seen_utc": "2026-01-06T06:33:20Z", "last_seen_utc": "2026-01-15T14:58:22Z", "destination": "WLADYSLAWOWO", "eta": "{'Day': 0, 'Hour': 24, 'Minute': 60, 'Month': 0}", "display": "", "links": "<a href=\"https://www.vesselfinder.com/vessels?name=261010020\" target=\"_blank\" rel=\"noopener\">VesselFinder</a> | <a href=\"https://www.marinetraffic.com/en/ais/search/all?keyword=261010020\" target=\"_blank\" rel=\"noopener\">MarineTraffic</a>", "vf_url": "https://www.vesselfinder.com/vessels?name=261010020", "mst_url": "https://www.marinetraffic.com/en/ais/search/all?keyword=261010020", "method": "v3_2pass_track3d_fromru10d", "ru_seen_in_lookback": true, "in_monitor_on_day": true}}, {"type": "Feature", "geometry": {"type": "Point", "coordinates": [18.800833333333333, 54.60241166666666]}, "properties": {"label": "WLA-196", "mmsi": "261010020", "imo": "", "name": "WLA-196", "shiptype": "", "first_seen_utc": "2026-01-06T06:33:20Z", "last_seen_utc": "2026-01-15T14:58:22Z", "destination": "WLADYSLAWOWO", "eta": "{'Day': 0, 'Hour': 24, 'Minute': 60, 'Month': 0}", "display": "WLA-196 (261010020)", "links": "<a href=\"https://www.vesselfinder.com/vessels?name=261010020\" target=\"_blank\" rel=\"noopener\">VesselFinder</a> | <a href=\"https://www.marinetraffic.com/en/ais/search/all?keyword=261010020\" target=\"_blank\" rel=\"noopener\">MarineTraffic</a>", "vf_url": "https://www.vesselfinder.com/vessels?name=261010020", "mst_url": "https://www.marinetraffic.com/en/ais/search/all?keyword=261010020", "method": "v3_2pass_track3d_fromru10d", "ru_seen_in_lookback": true, "in_monitor_on_day": true}}, {"type": "Feature", "geometry": {"type": "LineString", "coordinates": [[18.800738333333335, 54.602395], [18.800778333333334, 54.602401666666665], [18.800768333333334, 54.60240833333333], [18.800729999999998, 54.602455], [18.800733333333334, 54.60241666666666], [18.800731666666664, 54.60241333333333], [18.80071333333333, 54.60243], [18.800706666666667, 54.60245333333333], [18.800718333333336, 54.60239833333333], [18.800673333333336, 54.602441666666664], [18.8007, 54.60241333333333], [18.8007, 54.60240666666667], [18.839308333333335, 54.57259666666666], [18.88603, 54.52083833333334], [18.933699999999998, 54.46822833333333], [18.978191666666664, 54.437958333333334], [19.0695, 54.43958166666666], [19.13008, 54.43380666666667], [19.238578333333333, 54.446005], [19.193935, 54.446265000000004], [19.154171666666667, 54.44791333333333], [19.11505, 54.450831666666666], [19.10292666666667, 54.454928333333335], [19.086748333333333, 54.465336666666666], [18.991833333333332, 54.507113333333336], [18.905061666666665, 54.544666666666664], [18.817523333333334, 54.58233], [18.800735, 54.60241], [18.800738333333335, 54.60242], [18.800785, 54.602448333333335], [18.800795, 54.60242], [18.800768333333334, 54.60241666666666], [18.800806666666666, 54.60239833333333], [18.800688333333333, 54.602401666666665], [18.800693333333335, 54.60243833333333], [18.800706666666667, 54.60241], [18.800706666666667, 54.602448333333335], [18.800698333333333, 54.60244], [18.800733333333334, 54.60243], [18.800729999999998, 54.602399999999996], [18.80075, 54.60240666666667], [18.80075, 54.602405], [18.80075, 54.60241333333333], [18.800746666666665, 54.602395], [18.800726666666666, 54.60241166666666], [18.80074, 54.60241499999999], [18.800733333333334, 54.60240666666667], [18.800723333333334, 54.60241166666666], [18.800728333333332, 54.60241499999999], [18.800731666666664, 54.602423333333334], [18.800729999999998, 54.602426666666666], [18.80073666666667, 54.602435], [18.800723333333334, 54.602426666666666], [18.800735, 54.60241499999999], [18.800748333333335, 54.60239], [18.800731666666664, 54.60240833333333], [18.80074, 54.602383333333336], [18.80074, 54.60241166666666], [18.800745, 54.60241166666666], [18.800756666666665, 54.602395], [18.800786666666667, 54.60237666666667], [18.800756666666665, 54.60239], [18.800755, 54.60240833333333], [18.80076, 54.60243833333333], [18.800765000000002, 54.602423333333334], [18.800771666666666, 54.60241499999999], [18.800755, 54.60241666666666], [18.800761666666666, 54.602423333333334], [18.800785, 54.602399999999996], [18.800721666666668, 54.60237666666667], [18.800774999999998, 54.602401666666665], [18.800753333333333, 54.60241666666666], [18.80074, 54.602395], [18.800738333333335, 54.60242], [18.80076, 54.60239833333333], [18.800766666666668, 54.60241166666666], [18.800783333333335, 54.60240666666667], [18.80079, 54.60239833333333], [18.800735, 54.602385], [18.800726666666666, 54.60244333333333], [18.80078166666667, 54.60239833333333], [18.80071, 54.60243833333333], [18.800696666666667, 54.60243833333333], [18.800751666666667, 54.60243333333334], [18.800746666666665, 54.60241833333334], [18.800725, 54.602381666666666], [18.80073666666667, 54.602395], [18.800748333333335, 54.60238833333334], [18.800743333333333, 54.602395], [18.800798333333333, 54.60239333333333], [18.800774999999998, 54.60242166666667], [18.800748333333335, 54.602455], [18.800751666666667, 54.60241333333333], [18.80075833333333, 54.60241166666666], [18.800731666666664, 54.60242], [18.80074, 54.602435], [18.800733333333334, 54.60243666666667], [18.800729999999998, 54.60239833333333], [18.800786666666667, 54.60243166666667], [18.80074, 54.60241166666666], [18.823246666666666, 54.59070333333333], [18.81698, 54.67602], [18.833849999999998, 54.654455], [18.84577, 54.63146666666667], [18.858113333333332, 54.61114666666666], [18.85740333333333, 54.587250000000004], [18.850405000000002, 54.56289833333334], [18.868518333333334, 54.54132333333334], [18.89099, 54.52194166666666], [18.928181666666667, 54.52587666666667], [18.934945000000003, 54.53116], [18.888526666666667, 54.55423166666667], [18.811616666666666, 54.58526166666666], [18.80069, 54.602446666666665], [18.800755, 54.60241], [18.800706666666667, 54.60242166666667], [18.800761666666666, 54.602403333333335]]}, "properties": {"label": "WLA-197", "mmsi": "261006870", "imo": "", "name": "WLA-197", "shiptype": "", "first_seen_utc": "2026-01-06T06:56:13Z", "last_seen_utc": "2026-01-15T15:57:55Z", "destination": "WLADYSLAWOWO", "eta": "{'Day': 3, 'Hour': 14, 'Minute': 39, 'Month': 9}", "display": "", "links": "<a href=\"https://www.vesselfinder.com/vessels?name=261006870\" target=\"_blank\" rel=\"noopener\">VesselFinder</a> | <a href=\"https://www.marinetraffic.com/en/ais/search/all?keyword=261006870\" target=\"_blank\" rel=\"noopener\">MarineTraffic</a>", "vf_url": "https://www.vesselfinder.com/vessels?name=261006870", "mst_url": "https://www.marinetraffic.com/en/ais/search/all?keyword=261006870", "method": "v3_2pass_track3d_fromru10d", "ru_seen_in_lookback": true, "in_monitor_on_day": true}}, {"type": "Feature", "geometry": {"type": "Point", "coordinates": [18.800761666666666, 54.602403333333335]}, "properties": {"label": "WLA-197", "mmsi": "261006870", "imo": "", "name": "WLA-197", "shiptype": "", "first_seen_utc": "2026-01-06T06:56:13Z", "last_seen_utc": "2026-01-15T15:57:55Z", "destination": "WLADYSLAWOWO", "eta": "{'Day': 3, 'Hour': 14, 'Minute': 39, 'Month': 9}", "display": "WLA-197 (261006870)", "links": "<a href=\"https://www.vesselfinder.com/vessels?name=261006870\" target=\"_blank\" rel=\"noopener\">VesselFinder</a> | <a href=\"https://www.marinetraffic.com/en/ais/search/all?keyword=261006870\" target=\"_blank\" rel=\"noopener\">MarineTraffic</a>", "vf_url": "https://www.vesselfinder.com/vessels?name=261006870", "mst_url": "https://www.marinetraffic.com/en/ais/search/all?keyword=261006870", "method": "v3_2pass_track3d_fromru10d", "ru_seen_in_lookback": true, "in_monitor_on_day": true}}, {"type": "Feature", "geometry": {"type": "LineString", "coordinates": [[16.737235000000002, 55.49205333333334], [15.417663333333333, 55.473274999999994], [15.13217, 55.49263833333334], [15.083345000000001, 55.57776666666667], [14.959066666666667, 55.557739999999995], [14.824951666666667, 55.52182333333334], [14.694888333333333, 55.481793333333336], [14.58994, 55.42425166666667], [14.493388333333334, 55.364288333333334], [14.4039, 55.300979999999996], [14.315781666666668, 55.23962166666667], [14.215093333333334, 55.17969333333333], [14.118699999999999, 55.12001166666666], [14.018028333333332, 55.0643], [13.875758333333332, 55.03510166666667]]}, "properties": {"label": "ROSTRUM HEDONIST", "mmsi": "636093240", "imo": "9955894", "name": "ROSTRUM HEDONIST", "shiptype": "", "first_seen_utc": "2026-01-06T08:07:51Z", "last_seen_utc": "2026-01-15T15:48:57Z", "destination": "ROSTOCK", "eta": "{'Day': 16, 'Hour': 6, 'Minute': 0, 'Month': 1}", "display": "", "links": "<a href=\"https://www.vesselfinder.com/vessels?name=9955894\" target=\"_blank\" rel=\"noopener\">VesselFinder</a> | <a href=\"https://www.marinetraffic.com/en/ais/search/all?keyword=9955894\" target=\"_blank\" rel=\"noopener\">MarineTraffic</a>", "vf_url": "https://www.vesselfinder.com/vessels?name=9955894", "mst_url": "https://www.marinetraffic.com/en/ais/search/all?keyword=9955894", "method": "v3_2pass_track3d_fromru10d", "ru_seen_in_lookback": true, "in_monitor_on_day": true}}, {"type": "Feature", "geometry": {"type": "Point", "coordinates": [13.875758333333332, 55.03510166666667]}, "properties": {"label": "ROSTRUM HEDONIST", "mmsi": "636093240", "imo": "9955894", "name": "ROSTRUM HEDONIST", "shiptype": "", "first_seen_utc": "2026-01-06T08:07:51Z", "last_seen_utc": "2026-01-15T15:48:57Z", "destination": "ROSTOCK", "eta": "{'Day': 16, 'Hour': 6, 'Minute': 0, 'Month': 1}", "display": "ROSTRUM HEDONIST (636093240)", "links": "<a href=\"https://www.vesselfinder.com/vessels?name=9955894\" target=\"_blank\" rel=\"noopener\">VesselFinder</a> | <a href=\"https://www.marinetraffic.com/en/ais/search/all?keyword=9955894\" target=\"_blank\" rel=\"noopener\">MarineTraffic</a>", "vf_url": "https://www.vesselfinder.com/vessels?name=9955894", "mst_url": "https://www.marinetraffic.com/en/ais/search/all?keyword=9955894", "method": "v3_2pass_track3d_fromru10d", "ru_seen_in_lookback": true, "in_monitor_on_day": true}}, {"type": "Feature", "geometry": {"type": "LineString", "coordinates": [[14.297133333333333, 55.12763666666667], [14.409611666666667, 55.057786666666665], [14.557125000000001, 54.97308666666667], [18.391783333333333, 54.905256666666666], [18.676031666666667, 54.91974333333334], [18.825333333333333, 54.85773], [18.961658333333332, 54.79008666666667], [18.960528333333333, 54.698006666666664], [18.892813333333333, 54.60646], [18.788376666666668, 54.5319], [18.686316666666666, 54.45967666666666], [18.671933333333335, 54.40426333333333], [18.681216666666668, 54.397776666666665], [18.681350000000002, 54.397843333333334], [18.681311666666666, 54.39779333333333], [18.681323333333335, 54.39773666666667], [18.681333333333335, 54.39779333333333], [18.681238333333333, 54.39772], [18.681283333333333, 54.397776666666665], [18.681248333333333, 54.39772], [18.681343333333334, 54.39780333333333], [18.681335, 54.397776666666665], [18.681305000000002, 54.39777], [18.681314999999998, 54.39774666666666], [18.681308333333334, 54.39776333333334], [18.681350000000002, 54.39782666666667], [18.681335, 54.39774666666666], [18.68129, 54.397776666666665], [18.681283333333333, 54.39776333333334], [18.681269999999998, 54.39776333333334], [18.681396666666668, 54.39779333333333], [18.681305000000002, 54.39773], [18.681323333333335, 54.39776333333334], [18.681288333333335, 54.397776666666665], [18.681320000000003, 54.39773], [18.681314999999998, 54.397776666666665], [18.681283333333333, 54.39776333333334], [18.681325, 54.39774666666666], [18.681341666666665, 54.39772], [18.681368333333335, 54.39773], [18.681285, 54.39769666666667], [18.68128, 54.39772], [18.681306666666668, 54.397776666666665], [18.68134, 54.39773666666667], [18.681306666666668, 54.39774666666666], [18.68134, 54.39780333333333], [18.681395000000002, 54.39773666666667], [18.681323333333335, 54.39780333333333], [18.681326666666667, 54.39774666666666], [18.68129, 54.39777], [18.681301666666666, 54.39779333333333], [18.68125, 54.39774666666666], [18.681343333333334, 54.39776333333334], [18.681350000000002, 54.39773], [18.681410000000003, 54.39780333333333], [18.681335, 54.39776333333334], [18.681350000000002, 54.39776333333334], [18.681311666666666, 54.39777], [18.681396666666668, 54.39781], [18.681343333333334, 54.39777], [18.681359999999998, 54.39772], [18.681308333333334, 54.39780333333333], [18.68125, 54.39769666666667], [18.681358333333332, 54.39780333333333], [18.681316666666664, 54.397776666666665], [18.681261666666668, 54.39776333333334], [18.681271666666664, 54.39776333333334], [18.681285, 54.39773666666667], [18.681326666666667, 54.39772], [18.681311666666666, 54.39773], [18.681316666666664, 54.39777], [18.681314999999998, 54.39773], [18.681285, 54.39777], [18.681311666666666, 54.39773666666667], [18.681386666666665, 54.397776666666665], [18.681358333333332, 54.39772], [18.681308333333334, 54.39773666666667], [18.681316666666664, 54.39774666666666], [18.681350000000002, 54.39779333333333], [18.681331666666665, 54.39779333333333], [18.681323333333335, 54.39779333333333], [18.681350000000002, 54.397706666666664], [18.681351666666668, 54.39776333333334], [18.681301666666666, 54.39776333333334], [18.65346, 54.4326], [18.749141666666667, 54.49279666666666], [18.865321666666667, 54.566543333333335], [18.948568333333334, 54.65557333333334], [19.011483333333334, 54.746833333333335], [18.96513333333333, 54.829476666666665], [18.846903333333334, 54.897706666666664]]}, "properties": {"label": "NORDIC SUND", "mmsi": "258714000", "imo": "9375977", "name": "NORDIC SUND", "shiptype": "", "first_seen_utc": "2026-01-06T08:25:34Z", "last_seen_utc": "2026-01-15T12:33:14Z", "destination": "PL GDN=>NL DOR", "eta": "{'Day': 18, 'Hour': 2, 'Minute': 0, 'Month': 1}", "display": "", "links": "<a href=\"https://www.vesselfinder.com/vessels?name=9375977\" target=\"_blank\" rel=\"noopener\">VesselFinder</a> | <a href=\"https://www.marinetraffic.com/en/ais/search/all?keyword=9375977\" target=\"_blank\" rel=\"noopener\">MarineTraffic</a>", "vf_url": "https://www.vesselfinder.com/vessels?name=9375977", "mst_url": "https://www.marinetraffic.com/en/ais/search/all?keyword=9375977", "method": "v3_2pass_track3d_fromru10d", "ru_seen_in_lookback": true, "in_monitor_on_day": true}}, {"type": "Feature", "geometry": {"type": "Point", "coordinates": [18.846903333333334, 54.897706666666664]}, "properties": {"label": "NORDIC SUND", "mmsi": "258714000", "imo": "9375977", "name": "NORDIC SUND", "shiptype": "", "first_seen_utc": "2026-01-06T08:25:34Z", "last_seen_utc": "2026-01-15T12:33:14Z", "destination": "PL GDN=>NL DOR", "eta": "{'Day': 18, 'Hour': 2, 'Minute': 0, 'Month': 1}", "display": "NORDIC SUND (258714000)", "links": "<a href=\"https://www.vesselfinder.com/vessels?name=9375977\" target=\"_blank\" rel=\"noopener\">VesselFinder</a> | <a href=\"https://www.marinetraffic.com/en/ais/search/all?keyword=9375977\" target=\"_blank\" rel=\"noopener\">MarineTraffic</a>", "vf_url": "https://www.vesselfinder.com/vessels?name=9375977", "mst_url": "https://www.marinetraffic.com/en/ais/search/all?keyword=9375977", "method": "v3_2pass_track3d_fromru10d", "ru_seen_in_lookback": true, "in_monitor_on_day": true}}, {"type": "Feature", "geometry": {"type": "LineString", "coordinates": [[15.380284999999999, 55.68908], [15.190868333333333, 55.63309666666667], [15.055579999999999, 55.58376333333333], [14.912858333333332, 55.53875333333334], [14.75751, 55.49185333333333], [14.613760000000001, 55.43156666666666], [14.366566666666667, 55.26058666666667], [12.242970000000001, 54.591406666666664], [12.189788333333333, 54.50827666666667], [12.108675, 54.44417333333333], [11.957931666666667, 54.444343333333336], [11.80713, 54.44569333333333], [11.668579999999999, 54.47505], [11.537891666666667, 54.50893666666666], [11.401733333333334, 54.54705333333333], [11.259273333333335, 54.5816], [11.121883333333333, 54.609473333333334], [10.989625, 54.60197], [10.857038333333332, 54.59361], [10.726623333333333, 54.590673333333335], [10.4629, 54.54333333333333], [10.333318333333333, 54.51044], [10.23168, 54.44515], [10.16822, 54.36556666666667], [10.143591666666667, 54.365763333333334], [10.093761666666667, 54.37186666666666], [10.061793333333332, 54.36117333333333], [10.032663333333334, 54.36084], [9.941853333333334, 54.34095], [9.857471666666667, 54.36302], [9.763611666666666, 54.34866666666667], [9.713778333333332, 54.322356666666664], [9.706573333333333, 54.30135], [9.630398333333334, 54.27256], [9.594466666666667, 54.220083333333335], [9.556188333333333, 54.20117333333334], [9.52106, 54.19029], [9.429428333333334, 54.16855333333333], [9.361908333333334, 54.149480000000004], [9.326455000000001, 54.09357], [9.302401666666666, 54.035833333333336], [9.275973333333333, 53.980599999999995], [9.2141, 53.93519666666667], [9.153008333333334, 53.898583333333335], [9.145601666666666, 53.89441], [9.070841666666666, 53.872013333333335], [7.984263333333333, 54.029070000000004], [7.731881666666666, 54.03666333333333], [7.584895, 54.01607333333333], [7.439346666666666, 53.99327], [7.29415, 53.96935333333333], [7.154463333333334, 53.949], [7.019855000000001, 53.93031333333333], [6.88944, 53.91180666666666], [6.760805, 53.89493], [6.639131666666667, 53.87809333333333], [6.51657, 53.86111666666667], [6.390726666666667, 53.844636666666666], [6.25642, 53.82339]]}, "properties": {"label": "BALTIC SHARK", "mmsi": "304932000", "imo": "9315032", "name": "BALTIC SHARK", "shiptype": "", "first_seen_utc": "2026-01-06T08:37:31Z", "last_seen_utc": "2026-01-15T06:45:03Z", "destination": "NLRTM VIA NOK", "eta": "{'Day': 16, 'Hour': 9, 'Minute': 0, 'Month': 1}", "display": "", "links": "<a href=\"https://www.vesselfinder.com/vessels?name=9315032\" target=\"_blank\" rel=\"noopener\">VesselFinder</a> | <a href=\"https://www.marinetraffic.com/en/ais/search/all?keyword=9315032\" target=\"_blank\" rel=\"noopener\">MarineTraffic</a>", "vf_url": "https://www.vesselfinder.com/vessels?name=9315032", "mst_url": "https://www.marinetraffic.com/en/ais/search/all?keyword=9315032", "method": "v3_2pass_track3d_fromru10d", "ru_seen_in_lookback": true, "in_monitor_on_day": true}}, {"type": "Feature", "geometry": {"type": "Point", "coordinates": [6.25642, 53.82339]}, "properties": {"label": "BALTIC SHARK", "mmsi": "304932000", "imo": "9315032", "name": "BALTIC SHARK", "shiptype": "", "first_seen_utc": "2026-01-06T08:37:31Z", "last_seen_utc": "2026-01-15T06:45:03Z", "destination": "NLRTM VIA NOK", "eta": "{'Day': 16, 'Hour': 9, 'Minute': 0, 'Month': 1}", "display": "BALTIC SHARK (304932000)", "links": "<a href=\"https://www.vesselfinder.com/vessels?name=9315032\" target=\"_blank\" rel=\"noopener\">VesselFinder</a> | <a href=\"https://www.marinetraffic.com/en/ais/search/all?keyword=9315032\" target=\"_blank\" rel=\"noopener\">MarineTraffic</a>", "vf_url": "https://www.vesselfinder.com/vessels?name=9315032", "mst_url": "https://www.marinetraffic.com/en/ais/search/all?keyword=9315032", "method": "v3_2pass_track3d_fromru10d", "ru_seen_in_lookback": true, "in_monitor_on_day": true}}, {"type": "Feature", "geometry": {"type": "LineString", "coordinates": [[18.718791666666668, 54.40600166666666], [18.718796666666666, 54.405971666666666], [18.718823333333333, 54.405995], [18.718793333333334, 54.405965], [18.718793333333334, 54.405995], [18.718805, 54.40598333333333], [18.718821666666667, 54.405985], [18.71873833333333, 54.406013333333334], [18.71884, 54.405955], [18.718803333333334, 54.40598], [18.718754999999998, 54.40595833333334], [18.718798333333332, 54.405965], [18.718773333333335, 54.40596666666667], [18.718805, 54.405971666666666], [18.71883, 54.40596166666667], [18.718786666666666, 54.40597], [18.718778333333333, 54.40597], [18.71884, 54.40593833333333], [18.718795, 54.405935], [18.718808333333335, 54.40596666666667], [18.718798333333332, 54.405989999999996], [18.718813333333333, 54.40595833333334], [18.718790000000002, 54.405968333333334], [18.718803333333334, 54.405991666666665], [18.718818333333335, 54.40597833333334], [18.71881, 54.40599666666667], [18.71884, 54.40593166666667], [18.718798333333332, 54.405985], [18.718808333333335, 54.40593666666667], [18.718805, 54.40597666666667], [18.718803333333334, 54.405948333333335], [18.718791666666668, 54.40596666666667], [18.718791666666668, 54.40598], [18.71878, 54.40597666666667], [18.718801666666664, 54.40598], [18.718825, 54.40596333333334], [18.71882, 54.40595333333333], [18.718795, 54.405986666666664], [18.778171666666665, 54.409655], [18.917913333333335, 54.426395], [19.02276833333333, 54.492961666666666], [19.100849999999998, 54.585825], [19.091678333333334, 54.67957666666667], [19.019661666666664, 54.764111666666665], [18.89191333333333, 54.82258], [18.781341666666666, 54.889673333333334], [18.625876666666667, 54.94560666666666], [12.32175, 54.621165], [12.24038, 54.54720333333333], [12.17789, 54.44852], [11.999396666666666, 54.44173833333333], [11.810065, 54.44716666666667], [11.634413333333333, 54.471535], [11.461816666666666, 54.51604666666666], [11.283968333333332, 54.56505166666667], [11.110778333333334, 54.626635], [10.950334999999999, 54.679845], [10.874273333333333, 54.763663333333334], [10.855258333333333, 54.86286166666666], [10.910178333333333, 54.936278333333334], [11.028863333333334, 55.01531166666667], [11.04981, 55.131858333333334], [11.098601666666667, 55.23621], [10.841985, 55.560786666666665], [10.790898333333333, 55.669284999999995], [10.812275, 55.78476166666667]]}, "properties": {"label": "LUZON SPIRIT", "mmsi": "311000467", "imo": "9572276", "name": "LUZON SPIRIT", "shiptype": "", "first_seen_utc": "2026-01-06T08:47:42Z", "last_seen_utc": "2026-01-15T07:08:40Z", "destination": "DK SKA", "eta": "{'Day': 15, 'Hour': 19, 'Minute': 0, 'Month': 1}", "display": "", "links": "<a href=\"https://www.vesselfinder.com/vessels?name=9572276\" target=\"_blank\" rel=\"noopener\">VesselFinder</a> | <a href=\"https://www.marinetraffic.com/en/ais/search/all?keyword=9572276\" target=\"_blank\" rel=\"noopener\">MarineTraffic</a>", "vf_url": "https://www.vesselfinder.com/vessels?name=9572276", "mst_url": "https://www.marinetraffic.com/en/ais/search/all?keyword=9572276", "method": "v3_2pass_track3d_fromru10d", "ru_seen_in_lookback": true, "in_monitor_on_day": true}}, {"type": "Feature", "geometry": {"type": "Point", "coordinates": [10.812275, 55.78476166666667]}, "properties": {"label": "LUZON SPIRIT", "mmsi": "311000467", "imo": "9572276", "name": "LUZON SPIRIT", "shiptype": "", "first_seen_utc": "2026-01-06T08:47:42Z", "last_seen_utc": "2026-01-15T07:08:40Z", "destination": "DK SKA", "eta": "{'Day': 15, 'Hour': 19, 'Minute': 0, 'Month': 1}", "display": "LUZON SPIRIT (311000467)", "links": "<a href=\"https://www.vesselfinder.com/vessels?name=9572276\" target=\"_blank\" rel=\"noopener\">VesselFinder</a> | <a href=\"https://www.marinetraffic.com/en/ais/search/all?keyword=9572276\" target=\"_blank\" rel=\"noopener\">MarineTraffic</a>", "vf_url": "https://www.vesselfinder.com/vessels?name=9572276", "mst_url": "https://www.marinetraffic.com/en/ais/search/all?keyword=9572276", "method": "v3_2pass_track3d_fromru10d", "ru_seen_in_lookback": true, "in_monitor_on_day": true}}, {"type": "Feature", "geometry": {"type": "LineString", "coordinates": [[9.766566666666668, 55.555435], [9.772081666666667, 55.55229666666666], [9.872103333333333, 55.58792833333334], [9.999645, 55.62087], [10.306836666666667, 55.672365], [10.483061666666666, 55.63404833333333], [10.630093333333333, 55.66993333333333], [10.775986666666666, 55.722386666666665], [10.821891666666666, 55.82275166666667], [10.941931666666667, 55.907214999999994], [11.093975, 56.06086333333334], [10.492443333333334, 57.85427166666667], [10.305351666666667, 57.84935333333333], [10.116626666666667, 57.8414], [9.934585, 57.83443333333333], [9.752403333333332, 57.827284999999996], [9.580506666666668, 57.798496666666665], [9.421653333333333, 57.750745], [9.267621666666667, 57.69954666666667], [9.121073333333333, 57.647439999999996], [8.96929, 57.598814999999995], [8.829865000000002, 57.542188333333335], [8.690328333333333, 57.48976833333334], [8.550571666666666, 57.437554999999996], [8.400618333333334, 57.386725], [8.258086666666667, 57.33143666666667], [8.113891666666667, 57.27812666666667], [7.976373333333333, 57.222166666666666], [7.833455, 57.16789166666667], [7.66567, 57.10978333333333], [7.508793333333333, 57.055616666666666], [7.363271666666666, 56.99799333333333], [7.210855, 56.940039999999996], [7.05861, 56.88231333333333]]}, "properties": {"label": "ARETEA", "mmsi": "241348000", "imo": "9711456", "name": "ARETEA", "shiptype": "", "first_seen_utc": "2026-01-06T10:08:11Z", "last_seen_utc": "2026-01-15T06:10:18Z", "destination": "DK FRC => NL RTM", "eta": "{'Day': 16, 'Hour': 11, 'Minute': 0, 'Month': 1}", "display": "", "links": "<a href=\"https://www.vesselfinder.com/vessels?name=9711456\" target=\"_blank\" rel=\"noopener\">VesselFinder</a> | <a href=\"https://www.marinetraffic.com/en/ais/search/all?keyword=9711456\" target=\"_blank\" rel=\"noopener\">MarineTraffic</a>", "vf_url": "https://www.vesselfinder.com/vessels?name=9711456", "mst_url": "https://www.marinetraffic.com/en/ais/search/all?keyword=9711456", "method": "v3_2pass_track3d_fromru10d", "ru_seen_in_lookback": true, "in_monitor_on_day": true}}, {"type": "Feature", "geometry": {"type": "Point", "coordinates": [7.05861, 56.88231333333333]}, "properties": {"label": "ARETEA", "mmsi": "241348000", "imo": "9711456", "name": "ARETEA", "shiptype": "", "first_seen_utc": "2026-01-06T10:08:11Z", "last_seen_utc": "2026-01-15T06:10:18Z", "destination": "DK FRC => NL RTM", "eta": "{'Day': 16, 'Hour': 11, 'Minute': 0, 'Month': 1}", "display": "ARETEA (241348000)", "links": "<a href=\"https://www.vesselfinder.com/vessels?name=9711456\" target=\"_blank\" rel=\"noopener\">VesselFinder</a> | <a href=\"https://www.marinetraffic.com/en/ais/search/all?keyword=9711456\" target=\"_blank\" rel=\"noopener\">MarineTraffic</a>", "vf_url": "https://www.vesselfinder.com/vessels?name=9711456", "mst_url": "https://www.marinetraffic.com/en/ais/search/all?keyword=9711456", "method": "v3_2pass_track3d_fromru10d", "ru_seen_in_lookback": true, "in_monitor_on_day": true}}, {"type": "Feature", "geometry": {"type": "LineString", "coordinates": [[16.703371666666666, 55.84187166666666], [16.361776666666668, 55.79019166666667], [16.167468333333332, 55.760686666666665], [15.899566666666667, 55.72079166666666], [15.406096666666667, 55.65222000000001], [15.214881666666667, 55.62122], [15.046915, 55.57456666666667], [14.88273, 55.52824833333333], [14.737076666666667, 55.483084999999996], [14.580721666666667, 55.42937833333334], [14.471401666666667, 55.357186666666664], [14.371835, 55.284755000000004], [14.278308333333333, 55.21017833333334], [14.184621666666667, 55.138929999999995], [14.079855, 55.068086666666666], [13.927128333333334, 55.03496166666666], [13.769183333333332, 55.00875166666666]]}, "properties": {"label": "ZUMBA", "mmsi": "538010073", "imo": "9689160", "name": "ZUMBA", "shiptype": "", "first_seen_utc": "2026-01-06T10:20:00Z", "last_seen_utc": "2026-01-15T13:34:32Z", "destination": "SKAGEN,DK", "eta": "{'Day': 16, 'Hour': 23, 'Minute': 0, 'Month': 1}", "display": "", "links": "<a href=\"https://www.vesselfinder.com/vessels?name=9689160\" target=\"_blank\" rel=\"noopener\">VesselFinder</a> | <a href=\"https://www.marinetraffic.com/en/ais/search/all?keyword=9689160\" target=\"_blank\" rel=\"noopener\">MarineTraffic</a>", "vf_url": "https://www.vesselfinder.com/vessels?name=9689160", "mst_url": "https://www.marinetraffic.com/en/ais/search/all?keyword=9689160", "method": "v3_2pass_track3d_fromru10d", "ru_seen_in_lookback": true, "in_monitor_on_day": true}}, {"type": "Feature", "geometry": {"type": "Point", "coordinates": [13.769183333333332, 55.00875166666666]}, "properties": {"label": "ZUMBA", "mmsi": "538010073", "imo": "9689160", "name": "ZUMBA", "shiptype": "", "first_seen_utc": "2026-01-06T10:20:00Z", "last_seen_utc": "2026-01-15T13:34:32Z", "destination": "SKAGEN,DK", "eta": "{'Day': 16, 'Hour': 23, 'Minute': 0, 'Month': 1}", "display": "ZUMBA (538010073)", "links": "<a href=\"https://www.vesselfinder.com/vessels?name=9689160\" target=\"_blank\" rel=\"noopener\">VesselFinder</a> | <a href=\"https://www.marinetraffic.com/en/ais/search/all?keyword=9689160\" target=\"_blank\" rel=\"noopener\">MarineTraffic</a>", "vf_url": "https://www.vesselfinder.com/vessels?name=9689160", "mst_url": "https://www.marinetraffic.com/en/ais/search/all?keyword=9689160", "method": "v3_2pass_track3d_fromru10d", "ru_seen_in_lookback": true, "in_monitor_on_day": true}}, {"type": "Feature", "geometry": {"type": "LineString", "coordinates": [[28.43148, 59.81641], [28.50735, 59.88516833333333], [15.51979, 55.592218333333335], [15.329798333333335, 55.57537333333333], [15.151911666666667, 55.56935333333333], [14.993658333333334, 55.54629333333333], [14.841244999999999, 55.51089833333333], [14.612141666666668, 55.44616833333334], [14.493468333333334, 55.37930666666667], [14.383453333333334, 55.29991333333333], [14.27214, 55.222240000000006], [14.162301666666668, 55.14093833333333], [14.028456666666667, 55.065603333333335], [13.848943333333333, 55.02467]]}, "properties": {"label": "FALKONERA", "mmsi": "636017504", "imo": "9600621", "name": "FALKONERA", "shiptype": "", "first_seen_utc": "2026-01-06T11:48:24Z", "last_seen_utc": "2026-01-15T13:08:49Z", "destination": "DKSKA", "eta": "{'Day': 16, 'Hour': 11, 'Minute': 0, 'Month': 1}", "display": "", "links": "<a href=\"https://www.vesselfinder.com/vessels?name=9600621\" target=\"_blank\" rel=\"noopener\">VesselFinder</a> | <a href=\"https://www.marinetraffic.com/en/ais/search/all?keyword=9600621\" target=\"_blank\" rel=\"noopener\">MarineTraffic</a>", "vf_url": "https://www.vesselfinder.com/vessels?name=9600621", "mst_url": "https://www.marinetraffic.com/en/ais/search/all?keyword=9600621", "method": "v3_2pass_track3d_fromru10d", "ru_seen_in_lookback": true, "in_monitor_on_day": true}}, {"type": "Feature", "geometry": {"type": "Point", "coordinates": [13.848943333333333, 55.02467]}, "properties": {"label": "FALKONERA", "mmsi": "636017504", "imo": "9600621", "name": "FALKONERA", "shiptype": "", "first_seen_utc": "2026-01-06T11:48:24Z", "last_seen_utc": "2026-01-15T13:08:49Z", "destination": "DKSKA", "eta": "{'Day': 16, 'Hour': 11, 'Minute': 0, 'Month': 1}", "display": "FALKONERA (636017504)", "links": "<a href=\"https://www.vesselfinder.com/vessels?name=9600621\" target=\"_blank\" rel=\"noopener\">VesselFinder</a> | <a href=\"https://www.marinetraffic.com/en/ais/search/all?keyword=9600621\" target=\"_blank\" rel=\"noopener\">MarineTraffic</a>", "vf_url": "https://www.vesselfinder.com/vessels?name=9600621", "mst_url": "https://www.marinetraffic.com/en/ais/search/all?keyword=9600621", "method": "v3_2pass_track3d_fromru10d", "ru_seen_in_lookback": true, "in_monitor_on_day": true}}, {"type": "Feature", "geometry": {"type": "LineString", "coordinates": [[15.284618333333333, 55.65692666666666], [15.121295, 55.59955], [14.946914999999999, 55.54291], [14.588616666666667, 55.42138666666666], [13.083763333333334, 55.26345166666667], [12.93093, 55.26963333333333], [12.78618, 55.290256666666664], [12.687625, 55.34256333333334], [12.705515, 55.43035666666666], [12.720843333333333, 55.516556666666666], [12.702871666666665, 55.582813333333334], [12.696843333333334, 55.646555], [12.693198333333333, 55.72728666666667], [12.720686666666667, 55.812995], [12.747831666666666, 55.898665], [12.733423333333333, 55.951791666666665], [12.727466666666666, 55.96045], [12.718359999999999, 55.966766666666665], [12.714793333333335, 55.99605833333333], [12.709648333333332, 56.00816], [12.709655, 56.008183333333335], [12.709660000000001, 56.008165], [12.70964, 56.00817833333333], [12.709641666666666, 56.008175], [12.709646666666666, 56.00817166666666], [12.709643333333334, 56.008155], [12.709655, 56.00816833333333], [12.70962, 56.00817], [12.709675, 56.00816333333333], [12.709633333333333, 56.008175], [12.70969, 56.00826666666667]]}, "properties": {"label": "KRIS", "mmsi": "304502000", "imo": "9408889", "name": "KRIS", "shiptype": "", "first_seen_utc": "2026-01-06T13:10:23Z", "last_seen_utc": "2026-01-15T16:07:41Z", "destination": "SE HEL", "eta": "{'Day': 15, 'Hour': 11, 'Minute': 0, 'Month': 1}", "display": "", "links": "<a href=\"https://www.vesselfinder.com/vessels?name=9408889\" target=\"_blank\" rel=\"noopener\">VesselFinder</a> | <a href=\"https://www.marinetraffic.com/en/ais/search/all?keyword=9408889\" target=\"_blank\" rel=\"noopener\">MarineTraffic</a>", "vf_url": "https://www.vesselfinder.com/vessels?name=9408889", "mst_url": "https://www.marinetraffic.com/en/ais/search/all?keyword=9408889", "method": "v3_2pass_track3d_fromru10d", "ru_seen_in_lookback": true, "in_monitor_on_day": true}}, {"type": "Feature", "geometry": {"type": "Point", "coordinates": [12.70969, 56.00826666666667]}, "properties": {"label": "KRIS", "mmsi": "304502000", "imo": "9408889", "name": "KRIS", "shiptype": "", "first_seen_utc": "2026-01-06T13:10:23Z", "last_seen_utc": "2026-01-15T16:07:41Z", "destination": "SE HEL", "eta": "{'Day': 15, 'Hour': 11, 'Minute': 0, 'Month': 1}", "display": "KRIS (304502000)", "links": "<a href=\"https://www.vesselfinder.com/vessels?name=9408889\" target=\"_blank\" rel=\"noopener\">VesselFinder</a> | <a href=\"https://www.marinetraffic.com/en/ais/search/all?keyword=9408889\" target=\"_blank\" rel=\"noopener\">MarineTraffic</a>", "vf_url": "https://www.vesselfinder.com/vessels?name=9408889", "mst_url": "https://www.marinetraffic.com/en/ais/search/all?keyword=9408889", "method": "v3_2pass_track3d_fromru10d", "ru_seen_in_lookback": true, "in_monitor_on_day": true}}, {"type": "Feature", "geometry": {"type": "LineString", "coordinates": [[12.475345, 54.68197], [12.326753333333333, 54.626063333333335], [12.254508333333332, 54.573793333333334], [12.186493333333335, 54.454101666666666], [11.967295, 54.44128666666666], [11.70921, 54.46091166666667], [11.469063333333334, 54.518656666666665], [11.218485, 54.58607833333333], [10.964400000000001, 54.61476666666667], [10.775068333333333, 54.71163166666667], [10.836661666666666, 54.862745000000004], [10.966446666666666, 54.97334166666667], [10.990496666666667, 55.100413333333336], [11.095243333333334, 55.198465000000006], [11.051256666666665, 55.29763666666667], [11.021711666666667, 55.40186166666667], [10.875076666666667, 55.516055], [10.788255, 55.638693333333336], [10.81444, 55.76432666666666], [10.894466666666666, 55.877066666666664], [11.032453333333333, 55.98301], [10.498205, 57.86346], [10.27448, 57.85757], [10.041581666666668, 57.85086], [9.825893333333333, 57.839214999999996], [9.60632, 57.82915333333334], [9.423425, 57.786903333333335], [9.262501666666667, 57.73542833333333], [9.106675, 57.68273166666667], [8.9504, 57.62748333333333], [8.800608333333335, 57.57184666666667], [8.655698333333333, 57.512881666666665], [8.508005, 57.450313333333334], [8.354743333333333, 57.386116666666666], [8.228791666666668, 57.308551666666666], [8.097815, 57.21640333333333], [7.96745, 57.12783833333334], [7.7329783333333335, 56.936458333333334], [7.47291, 54.128416666666666], [7.563008333333333, 54.02813333333334], [7.6722, 53.91652833333333], [7.7996316666666665, 53.85682], [7.94463, 53.814791666666665], [8.03926, 53.773423333333334], [8.064713333333334, 53.72032166666667], [8.08317, 53.68361], [8.124766666666666, 53.64413833333333], [8.156318333333333, 53.59551666666667], [8.155048333333333, 53.58800833333333], [8.155065, 53.58797833333333], [8.155061666666667, 53.587986666666666], [8.155061666666667, 53.587985], [8.155048333333333, 53.587975], [8.155033333333334, 53.58800333333333], [8.155051666666667, 53.587981666666664], [8.155003333333333, 53.58797666666667], [8.155081666666666, 53.58797833333333], [8.155031666666666, 53.587986666666666], [8.155051666666667, 53.58797833333333], [8.155038333333334, 53.588006666666665], [8.155045, 53.588026666666664], [8.155035, 53.58800833333333], [8.155065, 53.587983333333334], [8.15506, 53.58799166666667], [8.155033333333334, 53.587988333333335], [8.155056666666667, 53.58800333333333], [8.155054999999999, 53.58800333333333], [8.155083333333334, 53.587975], [8.155056666666667, 53.58797833333333], [8.155045, 53.58799166666667], [8.155058333333333, 53.58797333333334], [8.155076666666666, 53.588004999999995], [8.155038333333334, 53.58797833333333], [8.155018333333334, 53.587965000000004], [8.155068333333334, 53.58797666666667], [8.155045, 53.587985], [8.15507, 53.58795666666666]]}, "properties": {"label": "OOCL SWEDEN", "mmsi": "477949300", "imo": "9922603", "name": "OOCL SWEDEN", "shiptype": "", "first_seen_utc": "2026-01-06T13:23:04Z", "last_seen_utc": "2026-01-15T15:54:35Z", "destination": "PLGDN>DEWVN", "eta": "{'Day': 14, 'Hour': 20, 'Minute': 0, 'Month': 1}", "display": "", "links": "<a href=\"https://www.vesselfinder.com/vessels?name=9922603\" target=\"_blank\" rel=\"noopener\">VesselFinder</a> | <a href=\"https://www.marinetraffic.com/en/ais/search/all?keyword=9922603\" target=\"_blank\" rel=\"noopener\">MarineTraffic</a>", "vf_url": "https://www.vesselfinder.com/vessels?name=9922603", "mst_url": "https://www.marinetraffic.com/en/ais/search/all?keyword=9922603", "method": "v3_2pass_track3d_fromru10d", "ru_seen_in_lookback": true, "in_monitor_on_day": true}}, {"type": "Feature", "geometry": {"type": "Point", "coordinates": [8.15507, 53.58795666666666]}, "properties": {"label": "OOCL SWEDEN", "mmsi": "477949300", "imo": "9922603", "name": "OOCL SWEDEN", "shiptype": "", "first_seen_utc": "2026-01-06T13:23:04Z", "last_seen_utc": "2026-01-15T15:54:35Z", "destination": "PLGDN>DEWVN", "eta": "{'Day': 14, 'Hour': 20, 'Minute': 0, 'Month': 1}", "display": "OOCL SWEDEN (477949300)", "links": "<a href=\"https://www.vesselfinder.com/vessels?name=9922603\" target=\"_blank\" rel=\"noopener\">VesselFinder</a> | <a href=\"https://www.marinetraffic.com/en/ais/search/all?keyword=9922603\" target=\"_blank\" rel=\"noopener\">MarineTraffic</a>", "vf_url": "https://www.vesselfinder.com/vessels?name=9922603", "mst_url": "https://www.marinetraffic.com/en/ais/search/all?keyword=9922603", "method": "v3_2pass_track3d_fromru10d", "ru_seen_in_lookback": true, "in_monitor_on_day": true}}, {"type": "Feature", "geometry": {"type": "LineString", "coordinates": [[18.880278333333333, 54.456424999999996], [18.880441666666666, 54.45636833333333], [18.880443333333336, 54.45632666666667], [18.880251666666666, 54.45636833333333], [18.879663333333333, 54.456480000000006], [18.878908333333335, 54.45657166666667], [18.877971666666667, 54.45649], [18.877731666666666, 54.45648833333333], [18.877333333333336, 54.456355], [18.87665666666667, 54.456145], [18.877036666666665, 54.45632], [18.877063333333336, 54.456300000000006], [18.876943333333333, 54.45622], [18.877608333333335, 54.456435000000006], [18.878283333333332, 54.45652666666667], [18.878390000000003, 54.456535], [18.87871833333333, 54.456561666666666], [18.87875166666667, 54.45654833333333], [18.87901, 54.456595], [18.878881666666665, 54.456585000000004], [18.878803333333334, 54.456570000000006], [18.87912833333333, 54.45659666666666], [18.879250000000003, 54.45656833333333], [18.87951, 54.45653166666667], [18.879566666666665, 54.45653166666667], [18.87918833333333, 54.45650333333333], [18.879036666666664, 54.456538333333334], [18.878815, 54.45655166666666], [18.878051666666668, 54.45652333333333], [18.877738333333333, 54.456496666666666], [18.87743, 54.45641666666667], [18.8774, 54.45639833333333], [18.87743, 54.456426666666665], [18.877203333333334, 54.456405000000004], [18.87739, 54.45651], [18.877748333333333, 54.456575], [18.877701666666667, 54.45657833333333], [18.877648333333333, 54.45657666666667], [18.878055, 54.456630000000004], [18.878075000000003, 54.456673333333335], [18.877993333333333, 54.45667], [18.878055, 54.456813333333336], [18.877918333333334, 54.456955], [18.878015, 54.457011666666666], [18.877998333333334, 54.45701], [18.877953333333334, 54.45700333333333], [18.878033333333335, 54.45704166666667], [18.877768333333332, 54.45702000000001], [18.877783333333333, 54.45702666666667], [18.877805000000002, 54.45707], [18.877878333333335, 54.45710166666667], [18.87797, 54.45713], [18.878016666666667, 54.457166666666666], [18.877869999999998, 54.45715166666666], [18.877763333333334, 54.45715166666666], [18.877895000000002, 54.45724833333334], [18.877611666666667, 54.457253333333334], [18.877256666666664, 54.45726666666667], [18.877464999999997, 54.45730666666667], [18.877455, 54.45732666666667], [18.877258333333334, 54.45733666666667], [18.87741, 54.45732833333333], [18.878931666666666, 54.458153333333335], [18.87857, 54.45935166666666], [18.878345000000003, 54.45927166666667], [18.878713333333334, 54.45936], [18.878683333333335, 54.45935], [18.878435000000003, 54.45929], [18.87857166666667, 54.45928333333333], [18.87841, 54.45924], [18.87913, 54.45937], [18.879414999999998, 54.45945833333334], [18.879453333333334, 54.459426666666666], [18.879331666666666, 54.45938666666667], [18.879256666666667, 54.45937333333333], [18.879436666666667, 54.45939666666666], [18.879613333333335, 54.45941166666667], [18.879846666666666, 54.45939333333333], [18.87995833333333, 54.45943833333333], [18.880208333333332, 54.45941666666667], [18.88010166666667, 54.459383333333335], [18.880658333333333, 54.45935166666666], [18.880985, 54.459305], [18.881338333333336, 54.45921], [18.881758333333334, 54.45899], [18.881224999999997, 54.45918166666667], [18.881696666666667, 54.459043333333334], [18.883438333333334, 54.45814333333333], [18.88352666666667, 54.45731333333333], [18.882555, 54.45867833333333], [18.883408333333332, 54.457816666666666], [18.883285, 54.45802833333333], [18.881581666666666, 54.45903833333333], [18.880468333333333, 54.45921166666667], [18.879768333333335, 54.459185000000005], [18.879231666666666, 54.459125], [18.88019166666667, 54.45912166666667], [18.879831666666668, 54.459195], [18.880043333333333, 54.45928], [18.87980333333333, 54.459145], [18.880425, 54.459140000000005], [18.879791666666666, 54.459158333333335], [18.879456666666666, 54.458909999999996], [18.872118333333333, 54.44926833333333], [18.869445, 54.42579833333333], [18.78180166666667, 54.409663333333334], [18.728263333333334, 54.40153833333333], [18.715795, 54.40351833333333], [18.71566, 54.40356833333333], [18.715648333333334, 54.40358166666667], [18.715633333333336, 54.403596666666665], [18.715686666666667, 54.40359], [18.715691666666665, 54.403545], [18.715671666666665, 54.40356333333333], [18.715698333333332, 54.40356], [18.715661666666666, 54.40361], [18.715655, 54.40354166666667], [18.715663333333335, 54.403573333333334], [18.715555, 54.40305166666667], [18.715680000000003, 54.40354833333333], [18.715708333333335, 54.40356], [18.71571, 54.403528333333334]]}, "properties": {"label": "DF MYSTRAS", "mmsi": "636021311", "imo": "9941702", "name": "DF MYSTRAS", "shiptype": "", "first_seen_utc": "2026-01-06T13:48:41Z", "last_seen_utc": "2026-01-15T16:01:08Z", "destination": "LY ESI>PL GDN", "eta": "{'Day': 10, 'Hour': 15, 'Minute': 30, 'Month': 1}", "display": "", "links": "<a href=\"https://www.vesselfinder.com/vessels?name=9941702\" target=\"_blank\" rel=\"noopener\">VesselFinder</a> | <a href=\"https://www.marinetraffic.com/en/ais/search/all?keyword=9941702\" target=\"_blank\" rel=\"noopener\">MarineTraffic</a>", "vf_url": "https://www.vesselfinder.com/vessels?name=9941702", "mst_url": "https://www.marinetraffic.com/en/ais/search/all?keyword=9941702", "method": "v3_2pass_track3d_fromru10d", "ru_seen_in_lookback": true, "in_monitor_on_day": true}}, {"type": "Feature", "geometry": {"type": "Point", "coordinates": [18.71571, 54.403528333333334]}, "properties": {"label": "DF MYSTRAS", "mmsi": "636021311", "imo": "9941702", "name": "DF MYSTRAS", "shiptype": "", "first_seen_utc": "2026-01-06T13:48:41Z", "last_seen_utc": "2026-01-15T16:01:08Z", "destination": "LY ESI>PL GDN", "eta": "{'Day': 10, 'Hour': 15, 'Minute': 30, 'Month': 1}", "display": "DF MYSTRAS (636021311)", "links": "<a href=\"https://www.vesselfinder.com/vessels?name=9941702\" target=\"_blank\" rel=\"noopener\">VesselFinder</a> | <a href=\"https://www.marinetraffic.com/en/ais/search/all?keyword=9941702\" target=\"_blank\" rel=\"noopener\">MarineTraffic</a>", "vf_url": "https://www.vesselfinder.com/vessels?name=9941702", "mst_url": "https://www.marinetraffic.com/en/ais/search/all?keyword=9941702", "method": "v3_2pass_track3d_fromru10d", "ru_seen_in_lookback": true, "in_monitor_on_day": true}}, {"type": "Feature", "geometry": {"type": "LineString", "coordinates": [[15.325583333333332, 55.633181666666665], [15.132185, 55.590786666666666], [14.926951666666668, 55.536746666666666], [14.739056666666666, 55.482555000000005], [14.601853333333334, 55.43253], [14.489460000000001, 55.36252], [14.384818333333333, 55.285806666666666], [14.21848, 55.166473333333336], [12.298438333333333, 54.613328333333335], [12.236908333333334, 54.53788833333333], [12.163563333333334, 54.44607166666666], [11.985180000000001, 54.43671666666667], [11.808665, 54.433551666666666], [11.648858333333333, 54.47056166666667], [11.490808333333332, 54.51681166666666], [11.31856, 54.560606666666665], [11.152543333333334, 54.60786333333333], [11.014635, 54.60072666666667], [10.910108333333334, 54.63558833333333], [10.797548333333333, 54.67268333333333], [10.778985, 54.725654999999996], [10.814603333333334, 54.771915], [10.833865, 54.82807833333333], [10.845338333333332, 54.882915000000004], [10.909525, 54.94642833333333], [10.993298333333334, 55.02820166666667], [10.99069, 55.13695166666666], [11.103203333333333, 55.21162], [11.048465, 55.30120333333333], [10.955216666666667, 55.443641666666664], [10.854058333333334, 55.540295], [10.790006666666667, 55.644395], [10.806296666666666, 55.751225], [10.851958333333332, 55.84930666666666], [11.012836666666667, 55.96186], [11.083348333333333, 56.061515]]}, "properties": {"label": "PRUDENT WARRIOR", "mmsi": "241485000", "imo": "9753545", "name": "PRUDENT WARRIOR", "shiptype": "", "first_seen_utc": "2026-01-06T14:13:40Z", "last_seen_utc": "2026-01-15T07:36:53Z", "destination": "SGSIN", "eta": "{'Day': 16, 'Hour': 4, 'Minute': 0, 'Month': 2}", "display": "", "links": "<a href=\"https://www.vesselfinder.com/vessels?name=9753545\" target=\"_blank\" rel=\"noopener\">VesselFinder</a> | <a href=\"https://www.marinetraffic.com/en/ais/search/all?keyword=9753545\" target=\"_blank\" rel=\"noopener\">MarineTraffic</a>", "vf_url": "https://www.vesselfinder.com/vessels?name=9753545", "mst_url": "https://www.marinetraffic.com/en/ais/search/all?keyword=9753545", "method": "v3_2pass_track3d_fromru10d", "ru_seen_in_lookback": true, "in_monitor_on_day": true}}, {"type": "Feature", "geometry": {"type": "Point", "coordinates": [11.083348333333333, 56.061515]}, "properties": {"label": "PRUDENT WARRIOR", "mmsi": "241485000", "imo": "9753545", "name": "PRUDENT WARRIOR", "shiptype": "", "first_seen_utc": "2026-01-06T14:13:40Z", "last_seen_utc": "2026-01-15T07:36:53Z", "destination": "SGSIN", "eta": "{'Day': 16, 'Hour': 4, 'Minute': 0, 'Month': 2}", "display": "PRUDENT WARRIOR (241485000)", "links": "<a href=\"https://www.vesselfinder.com/vessels?name=9753545\" target=\"_blank\" rel=\"noopener\">VesselFinder</a> | <a href=\"https://www.marinetraffic.com/en/ais/search/all?keyword=9753545\" target=\"_blank\" rel=\"noopener\">MarineTraffic</a>", "vf_url": "https://www.vesselfinder.com/vessels?name=9753545", "mst_url": "https://www.marinetraffic.com/en/ais/search/all?keyword=9753545", "method": "v3_2pass_track3d_fromru10d", "ru_seen_in_lookback": true, "in_monitor_on_day": true}}, {"type": "Feature", "geometry": {"type": "LineString", "coordinates": [[18.801840000000002, 54.602198333333334], [18.801826666666667, 54.60218333333333], [18.80182166666667, 54.60218666666666], [18.801816666666664, 54.60221333333333], [18.801814999999998, 54.60217166666666], [18.801840000000002, 54.602185], [18.801798333333334, 54.60218], [18.801818333333333, 54.602198333333334], [18.80181, 54.60219333333334], [18.79439, 54.58933666666667], [18.881565000000002, 54.55947333333334], [18.991528333333335, 54.53843166666666], [19.15908, 54.49808666666667], [19.132661666666667, 54.514545], [19.133468333333333, 54.53212833333334], [19.109401666666667, 54.537683333333334], [19.001044999999998, 54.54756166666667], [18.89552666666667, 54.56169666666666], [18.798893333333336, 54.590115], [18.803028333333334, 54.60171666666667], [18.803463333333333, 54.600699999999996], [18.80183333333333, 54.60218], [18.801861666666664, 54.60218], [18.80185, 54.60218833333333], [18.80185, 54.60219], [18.801841666666668, 54.602205000000005], [18.801876666666665, 54.60220666666667], [18.801876666666665, 54.6022], [18.801861666666664, 54.60219333333334], [18.801848333333332, 54.60218666666666], [18.801836666666667, 54.60218], [18.801881666666667, 54.60219666666667], [18.801856666666666, 54.60219333333334], [18.801840000000002, 54.602205000000005], [18.801818333333333, 54.60217333333333], [18.801840000000002, 54.602205000000005], [18.801859999999998, 54.602205000000005], [18.801840000000002, 54.602198333333334], [18.801836666666667, 54.602165], [18.80187, 54.60218], [18.801855, 54.602198333333334], [18.801848333333332, 54.602198333333334], [18.801855, 54.60218833333333], [18.801843333333334, 54.60219166666666], [18.801858333333332, 54.60219], [18.801871666666667, 54.602195], [18.80185, 54.602198333333334], [18.80044666666667, 54.599595], [18.87082666666667, 54.572565000000004], [18.97456, 54.563635], [19.074163333333335, 54.54137166666667], [19.119753333333332, 54.491708333333335], [19.127036666666665, 54.43763166666667], [19.167375, 54.43483333333334], [19.204785, 54.435298333333336], [19.233811666666668, 54.44220666666667], [19.188938333333333, 54.434598333333334], [19.14795333333333, 54.43337], [19.10565, 54.43662333333334], [19.06375166666667, 54.439148333333335], [19.02378, 54.43958666666666], [18.98458, 54.441628333333334], [18.95059666666667, 54.453603333333334], [18.938008333333336, 54.47483666666667], [18.933318333333332, 54.496673333333334], [18.936114999999997, 54.51474833333334], [18.913406666666667, 54.53427333333333], [18.828521666666667, 54.573861666666666], [18.803468333333335, 54.60068166666667]]}, "properties": {"label": "LEB-7", "mmsi": "261000830", "imo": "8799877", "name": "LEB-7", "shiptype": "", "first_seen_utc": "2026-01-06T16:20:27Z", "last_seen_utc": "2026-01-15T15:48:26Z", "destination": "HEL", "eta": "{'Day': 0, 'Hour': 24, 'Minute': 60, 'Month': 0}", "display": "", "links": "<a href=\"https://www.vesselfinder.com/vessels?name=8799877\" target=\"_blank\" rel=\"noopener\">VesselFinder</a> | <a href=\"https://www.marinetraffic.com/en/ais/search/all?keyword=8799877\" target=\"_blank\" rel=\"noopener\">MarineTraffic</a>", "vf_url": "https://www.vesselfinder.com/vessels?name=8799877", "mst_url": "https://www.marinetraffic.com/en/ais/search/all?keyword=8799877", "method": "v3_2pass_track3d_fromru10d", "ru_seen_in_lookback": true, "in_monitor_on_day": true}}, {"type": "Feature", "geometry": {"type": "Point", "coordinates": [18.803468333333335, 54.60068166666667]}, "properties": {"label": "LEB-7", "mmsi": "261000830", "imo": "8799877", "name": "LEB-7", "shiptype": "", "first_seen_utc": "2026-01-06T16:20:27Z", "last_seen_utc": "2026-01-15T15:48:26Z", "destination": "HEL", "eta": "{'Day': 0, 'Hour': 24, 'Minute': 60, 'Month': 0}", "display": "LEB-7 (261000830)", "links": "<a href=\"https://www.vesselfinder.com/vessels?name=8799877\" target=\"_blank\" rel=\"noopener\">VesselFinder</a> | <a href=\"https://www.marinetraffic.com/en/ais/search/all?keyword=8799877\" target=\"_blank\" rel=\"noopener\">MarineTraffic</a>", "vf_url": "https://www.vesselfinder.com/vessels?name=8799877", "mst_url": "https://www.marinetraffic.com/en/ais/search/all?keyword=8799877", "method": "v3_2pass_track3d_fromru10d", "ru_seen_in_lookback": true, "in_monitor_on_day": true}}, {"type": "Feature", "geometry": {"type": "LineString", "coordinates": [[18.711658333333332, 54.392266666666664], [18.711671666666668, 54.39226833333333], [18.71166, 54.39226], [18.711675, 54.392246666666665], [18.711663333333334, 54.39223833333333], [18.711726666666667, 54.39222666666667], [18.711675, 54.392248333333335], [18.711693333333336, 54.392245], [18.711661666666664, 54.39228], [18.711685, 54.39228], [18.711689999999997, 54.39224], [18.71167, 54.39226166666666], [18.711705, 54.39207333333333], [18.711665, 54.392255], [18.71167, 54.39227833333334], [18.711663333333334, 54.39224], [18.711638333333333, 54.39224333333333], [18.711653333333334, 54.392248333333335], [18.711665, 54.392264999999995], [18.71165166666667, 54.392228333333335], [18.711665, 54.392230000000005], [18.711691666666663, 54.39225], [18.711628333333334, 54.392246666666665], [18.711626666666668, 54.39225666666667], [18.711663333333334, 54.39222666666667], [18.711676666666666, 54.392264999999995], [18.711675, 54.39223666666667], [18.71164333333333, 54.392245], [18.711678333333335, 54.39225666666667], [18.71166, 54.39227166666667], [18.71173, 54.39220666666667], [18.711621666666666, 54.39224333333333], [18.711925, 54.39210833333333], [18.711638333333333, 54.39225833333333], [18.711666666666666, 54.39225166666667], [18.711673333333334, 54.392235], [18.71168, 54.39225666666667], [18.711683333333333, 54.39225333333333], [18.711685, 54.39225], [18.711633333333335, 54.392273333333335], [18.711661666666664, 54.39228666666667], [18.711675, 54.39225833333333], [18.711663333333334, 54.392248333333335], [18.711656666666666, 54.392266666666664], [18.711689999999997, 54.39225666666667], [18.711663333333334, 54.39225166666667], [18.711665, 54.39224166666667], [18.711693333333336, 54.392245], [18.711661666666664, 54.39221666666666], [18.711656666666666, 54.39225], [18.711671666666668, 54.39223833333333], [18.711653333333334, 54.39225833333333], [18.711673333333334, 54.39226333333333], [18.711663333333334, 54.39228666666667], [18.71166, 54.39223333333334], [18.711689999999997, 54.39226333333333], [18.711648333333336, 54.392248333333335], [18.711675, 54.39228], [18.711656666666666, 54.392275000000005], [18.71168, 54.392230000000005], [18.711656666666666, 54.392245], [18.71166, 54.392248333333335], [18.711681666666667, 54.39226166666666], [18.71165166666667, 54.39225166666667], [18.71169666666667, 54.392275000000005], [18.711668333333332, 54.39226], [18.71167, 54.39225666666667], [18.711685, 54.392264999999995], [18.711665, 54.39227], [18.711615, 54.39226833333333], [18.711705, 54.39232333333334], [18.71168, 54.392264999999995], [18.711666666666666, 54.39225166666667], [18.71168, 54.39226166666666], [18.711623333333332, 54.39227166666667], [18.711661666666664, 54.39225833333333], [18.71164, 54.39226833333333], [18.711678333333335, 54.39225], [18.71164, 54.39225333333333], [18.711646666666663, 54.39225166666667], [18.711646666666663, 54.39226333333333], [18.71168833333333, 54.39225333333333], [18.711683333333333, 54.392246666666665], [18.71167, 54.39225166666667], [18.711663333333334, 54.39225], [18.71165166666667, 54.39225166666667], [18.711635, 54.39226333333333], [18.754636666666666, 54.40400833333333], [18.912481666666668, 54.427548333333334], [19.027928333333332, 54.49874166666667], [19.109218333333335, 54.595195], [19.088168333333332, 54.69205], [19.001191666666667, 54.77027833333333], [18.86685333333333, 54.82548166666666], [18.735783333333334, 54.88819], [18.585385, 54.941763333333334], [18.41732, 54.96401], [14.977478333333332, 54.678403333333335], [14.229556666666667, 54.656621666666666], [14.047585, 54.68380333333334]]}, "properties": {"label": "BENJAMIN OLDENDORFF", "mmsi": "255806325", "imo": "9853034", "name": "BENJAMIN OLDENDORFF", "shiptype": "", "first_seen_utc": "2026-01-06T19:40:43Z", "last_seen_utc": "2026-01-15T15:44:51Z", "destination": "MA JFL", "eta": "{'Day': 23, 'Hour': 7, 'Minute': 0, 'Month': 1}", "display": "", "links": "<a href=\"https://www.vesselfinder.com/vessels?name=9853034\" target=\"_blank\" rel=\"noopener\">VesselFinder</a> | <a href=\"https://www.marinetraffic.com/en/ais/search/all?keyword=9853034\" target=\"_blank\" rel=\"noopener\">MarineTraffic</a>", "vf_url": "https://www.vesselfinder.com/vessels?name=9853034", "mst_url": "https://www.marinetraffic.com/en/ais/search/all?keyword=9853034", "method": "v3_2pass_track3d_fromru10d", "ru_seen_in_lookback": true, "in_monitor_on_day": true}}, {"type": "Feature", "geometry": {"type": "Point", "coordinates": [14.047585, 54.68380333333334]}, "properties": {"label": "BENJAMIN OLDENDORFF", "mmsi": "255806325", "imo": "9853034", "name": "BENJAMIN OLDENDORFF", "shiptype": "", "first_seen_utc": "2026-01-06T19:40:43Z", "last_seen_utc": "2026-01-15T15:44:51Z", "destination": "MA JFL", "eta": "{'Day': 23, 'Hour': 7, 'Minute': 0, 'Month': 1}", "display": "BENJAMIN OLDENDORFF (255806325)", "links": "<a href=\"https://www.vesselfinder.com/vessels?name=9853034\" target=\"_blank\" rel=\"noopener\">VesselFinder</a> | <a href=\"https://www.marinetraffic.com/en/ais/search/all?keyword=9853034\" target=\"_blank\" rel=\"noopener\">MarineTraffic</a>", "vf_url": "https://www.vesselfinder.com/vessels?name=9853034", "mst_url": "https://www.marinetraffic.com/en/ais/search/all?keyword=9853034", "method": "v3_2pass_track3d_fromru10d", "ru_seen_in_lookback": true, "in_monitor_on_day": true}}, {"type": "Feature", "geometry": {"type": "LineString", "coordinates": [[18.892699999999998, 54.45131666666667], [18.89265, 54.451283333333336], [18.8929, 54.451233333333334], [18.876633333333334, 54.442616666666666], [18.751716666666667, 54.4056], [18.71625, 54.402116666666664], [18.71626666666667, 54.40215], [18.7163, 54.40218333333333], [18.716316666666668, 54.40221666666666], [18.716316666666668, 54.402116666666664], [18.71626666666667, 54.402166666666666], [18.716283333333333, 54.402116666666664], [18.71626666666667, 54.40213333333334], [18.71623333333333, 54.402116666666664], [18.7163, 54.40218333333333], [18.71625, 54.40213333333334], [18.71625, 54.40215], [18.71626666666667, 54.40215], [18.71626666666667, 54.402166666666666], [18.71626666666667, 54.40225], [18.7163, 54.402166666666666], [18.7163, 54.402166666666666], [18.716316666666668, 54.402166666666666], [18.7163, 54.402116666666664], [18.71623333333333, 54.40215], [18.7163, 54.40221666666666], [18.716316666666668, 54.40213333333334], [18.716316666666668, 54.40215], [18.716283333333333, 54.402116666666664], [18.71625, 54.40221666666666], [18.71626666666667, 54.40215], [18.716333333333335, 54.40213333333334], [18.71623333333333, 54.402100000000004], [18.71623333333333, 54.402100000000004], [18.71625, 54.40215], [18.716333333333335, 54.40215], [18.716216666666664, 54.402233333333335], [18.71635, 54.40213333333334], [18.716333333333335, 54.402100000000004], [18.716333333333335, 54.40213333333334], [18.716216666666664, 54.40218333333333], [18.71625, 54.402166666666666], [18.71626666666667, 54.402233333333335], [18.7163, 54.40215], [18.7163, 54.40215], [18.71626666666667, 54.40215], [18.71623333333333, 54.4022], [18.71623333333333, 54.40213333333334], [18.71635, 54.402116666666664], [18.716316666666668, 54.40215], [18.716283333333333, 54.40215], [18.71626666666667, 54.402166666666666], [18.716283333333333, 54.40213333333334], [18.716283333333333, 54.4022], [18.71625, 54.402116666666664], [18.716316666666668, 54.40213333333334], [18.716283333333333, 54.402166666666666], [18.71626666666667, 54.40215], [18.716283333333333, 54.402116666666664], [18.71623333333333, 54.402100000000004], [18.725083333333334, 54.40045], [18.868716666666668, 54.423316666666665], [19.00535, 54.471199999999996], [19.08295, 54.5666], [19.096, 54.66578333333334], [19.034083333333335, 54.758], [18.89813333333333, 54.817699999999995], [12.895533333333333, 54.79238333333333], [12.677416666666666, 54.777816666666666], [12.536216666666666, 54.725316666666664], [12.39685, 54.66961666666667], [12.255283333333333, 54.6059], [12.204916666666666, 54.51188333333334], [12.13265, 54.439600000000006], [11.960266666666666, 54.435183333333335], [11.793933333333333, 54.435833333333335], [11.641016666666667, 54.47746666666667], [11.485433333333333, 54.517], [11.330533333333333, 54.559666666666665], [11.169216666666667, 54.603516666666664], [11.018283333333333, 54.6565], [10.884233333333333, 54.7132], [10.873516666666665, 54.80985], [10.90035, 54.9018], [11.002833333333333, 54.974066666666666], [11.0421, 55.0693], [11.064, 55.17105], [11.078949999999999, 55.265883333333335], [11.0283, 55.38361666666666]]}, "properties": {"label": "RUBIKON 202", "mmsi": "255806519", "imo": "9344423", "name": "RUBIKON 202", "shiptype": "", "first_seen_utc": "2026-01-06T22:48:41Z", "last_seen_utc": "2026-01-15T15:48:12Z", "destination": "SE STE", "eta": "{'Day': 16, 'Hour': 7, 'Minute': 0, 'Month': 1}", "display": "", "links": "<a href=\"https://www.vesselfinder.com/vessels?name=9344423\" target=\"_blank\" rel=\"noopener\">VesselFinder</a> | <a href=\"https://www.marinetraffic.com/en/ais/search/all?keyword=9344423\" target=\"_blank\" rel=\"noopener\">MarineTraffic</a>", "vf_url": "https://www.vesselfinder.com/vessels?name=9344423", "mst_url": "https://www.marinetraffic.com/en/ais/search/all?keyword=9344423", "method": "v3_2pass_track3d_fromru10d", "ru_seen_in_lookback": true, "in_monitor_on_day": true}}, {"type": "Feature", "geometry": {"type": "Point", "coordinates": [11.0283, 55.38361666666666]}, "properties": {"label": "RUBIKON 202", "mmsi": "255806519", "imo": "9344423", "name": "RUBIKON 202", "shiptype": "", "first_seen_utc": "2026-01-06T22:48:41Z", "last_seen_utc": "2026-01-15T15:48:12Z", "destination": "SE STE", "eta": "{'Day': 16, 'Hour': 7, 'Minute': 0, 'Month': 1}", "display": "RUBIKON 202 (255806519)", "links": "<a href=\"https://www.vesselfinder.com/vessels?name=9344423\" target=\"_blank\" rel=\"noopener\">VesselFinder</a> | <a href=\"https://www.marinetraffic.com/en/ais/search/all?keyword=9344423\" target=\"_blank\" rel=\"noopener\">MarineTraffic</a>", "vf_url": "https://www.vesselfinder.com/vessels?name=9344423", "mst_url": "https://www.marinetraffic.com/en/ais/search/all?keyword=9344423", "method": "v3_2pass_track3d_fromru10d", "ru_seen_in_lookback": true, "in_monitor_on_day": true}}, {"type": "Feature", "geometry": {"type": "LineString", "coordinates": [[15.540600000000001, 55.746748333333336], [15.381605, 55.69734166666667], [15.039926666666666, 55.588584999999995], [14.902009999999999, 55.545761666666664], [14.756595, 55.5048], [14.618006666666668, 55.46170166666666], [13.910885, 55.23597666666667], [13.056188333333333, 55.26243833333333], [12.8861, 55.266525], [12.732115, 55.29707833333334], [12.676426666666666, 55.36486333333333], [12.703865, 55.45661166666666], [12.710308333333334, 55.54525833333333], [12.69601, 55.63061666666667], [12.690148333333333, 55.71756833333333], [12.715443333333333, 55.802884999999996], [12.737821666666667, 55.879365], [12.718355, 55.95234166666667], [12.69298, 56.01841833333334], [12.690321666666668, 56.03114166666667], [12.69031, 56.03117666666667], [12.690315, 56.031166666666664], [12.690235, 56.03112333333333], [12.6903, 56.031165], [12.690298333333335, 56.031148333333334], [12.690290000000001, 56.031153333333336], [12.690278333333334, 56.031135], [12.690316666666666, 56.03112833333333], [12.690286666666667, 56.031165], [12.690298333333335, 56.03113], [12.690255, 56.03114], [12.690258333333333, 56.03117333333333], [12.690283333333333, 56.031148333333334], [12.690256666666667, 56.03115833333333], [12.690291666666667, 56.03117666666667], [12.690278333333334, 56.03117833333333], [12.69027, 56.031150000000004], [12.690285, 56.03115666666667], [12.690303333333333, 56.031165], [12.69031, 56.03115833333333], [12.690281666666667, 56.03118333333334], [12.690305, 56.031169999999996], [12.690303333333333, 56.03116], [12.690331666666667, 56.031151666666666], [12.690293333333333, 56.03114666666667], [12.690323333333334, 56.03115833333333], [12.690333333333333, 56.031166666666664], [12.690331666666667, 56.03115666666667], [12.69031, 56.03113166666667], [12.69031, 56.031165], [12.690320000000002, 56.03112833333333], [12.690316666666666, 56.031166666666664], [12.690301666666667, 56.03116333333333], [12.690301666666667, 56.031150000000004], [12.690303333333333, 56.031150000000004], [12.69031, 56.03115666666667], [12.690298333333335, 56.03113833333334], [12.690288333333333, 56.03117833333333], [12.690318333333332, 56.031155], [12.690298333333335, 56.03115666666667], [12.690323333333334, 56.031171666666665], [12.690355, 56.031151666666666], [12.690331666666667, 56.031169999999996], [12.690294999999999, 56.03115666666667], [12.690313333333334, 56.031150000000004], [12.690301666666667, 56.03117666666667], [12.690318333333332, 56.03114333333333], [12.690258333333333, 56.031153333333336], [12.690316666666666, 56.031175], [12.690339999999999, 56.031171666666665], [12.690288333333333, 56.03114], [12.690308333333332, 56.03113666666666], [12.690335000000001, 56.031153333333336], [12.690294999999999, 56.03119166666667], [12.690298333333335, 56.03114666666667], [12.690228333333332, 56.03109666666667], [12.690320000000002, 56.031175], [12.690306666666666, 56.031150000000004], [12.690316666666666, 56.031148333333334], [12.690273333333332, 56.031105000000004], [12.69028, 56.031169999999996], [12.690276666666668, 56.03114333333333], [12.690298333333335, 56.031150000000004], [12.690291666666667, 56.031150000000004], [12.690293333333333, 56.03116833333333], [12.690286666666667, 56.03118166666666], [12.690261666666666, 56.031169999999996], [12.690291666666667, 56.031169999999996], [12.690313333333334, 56.03112833333333], [12.69026, 56.03117666666667], [12.6903, 56.031155], [12.69033, 56.03122333333333], [12.69035, 56.03120166666667], [12.690345, 56.03117333333333], [12.690311666666666, 56.03117333333333], [12.690298333333335, 56.03116166666667], [12.690318333333332, 56.03117333333333], [12.690273333333332, 56.031151666666666], [12.690296666666667, 56.03115833333333], [12.690345, 56.031145], [12.690286666666667, 56.03115833333333], [12.690290000000001, 56.03117833333333]]}, "properties": {"label": "KAROLIINA", "mmsi": "305201000", "imo": "9381380", "name": "KAROLIINA", "shiptype": "", "first_seen_utc": "2026-01-07T00:49:13Z", "last_seen_utc": "2026-01-15T15:48:33Z", "destination": "SEHEL", "eta": "{'Day': 13, 'Hour': 20, 'Minute': 0, 'Month': 1}", "display": "", "links": "<a href=\"https://www.vesselfinder.com/vessels?name=9381380\" target=\"_blank\" rel=\"noopener\">VesselFinder</a> | <a href=\"https://www.marinetraffic.com/en/ais/search/all?keyword=9381380\" target=\"_blank\" rel=\"noopener\">MarineTraffic</a>", "vf_url": "https://www.vesselfinder.com/vessels?name=9381380", "mst_url": "https://www.marinetraffic.com/en/ais/search/all?keyword=9381380", "method": "v3_2pass_track3d_fromru10d", "ru_seen_in_lookback": true, "in_monitor_on_day": true}}, {"type": "Feature", "geometry": {"type": "Point", "coordinates": [12.690290000000001, 56.03117833333333]}, "properties": {"label": "KAROLIINA", "mmsi": "305201000", "imo": "9381380", "name": "KAROLIINA", "shiptype": "", "first_seen_utc": "2026-01-07T00:49:13Z", "last_seen_utc": "2026-01-15T15:48:33Z", "destination": "SEHEL", "eta": "{'Day': 13, 'Hour': 20, 'Minute': 0, 'Month': 1}", "display": "KAROLIINA (305201000)", "links": "<a href=\"https://www.vesselfinder.com/vessels?name=9381380\" target=\"_blank\" rel=\"noopener\">VesselFinder</a> | <a href=\"https://www.marinetraffic.com/en/ais/search/all?keyword=9381380\" target=\"_blank\" rel=\"noopener\">MarineTraffic</a>", "vf_url": "https://www.vesselfinder.com/vessels?name=9381380", "mst_url": "https://www.marinetraffic.com/en/ais/search/all?keyword=9381380", "method": "v3_2pass_track3d_fromru10d", "ru_seen_in_lookback": true, "in_monitor_on_day": true}}, {"type": "Feature", "geometry": {"type": "LineString", "coordinates": [[18.803144999999997, 54.601565], [18.828205, 54.578365], [18.98486, 54.51023], [19.082515, 54.47639], [19.229865, 54.468115], [19.275035, 54.46832], [19.33823, 54.47731], [19.382360000000002, 54.48195], [19.338079999999998, 54.47815], [19.298164999999997, 54.47260000000001], [19.255675, 54.475555], [19.212635, 54.475645], [19.170115, 54.474295], [19.13031, 54.480205], [18.956625, 54.541380000000004], [18.844125000000002, 54.575375], [18.80338, 54.60111], [18.80343, 54.600744999999996], [18.770485, 54.605495], [18.688105, 54.65986], [18.67406, 54.69585], [18.748074999999996, 54.613105000000004], [18.83169, 54.59508], [18.842480000000002, 54.619654999999995], [18.834094999999998, 54.641724999999994], [18.816, 54.662545], [18.79791, 54.68387], [18.776355000000002, 54.70226], [18.803495, 54.70021], [18.827545, 54.679245], [18.840950000000003, 54.656245], [18.856475, 54.63311], [18.873749999999998, 54.613245], [18.868625, 54.590180000000004], [18.863375, 54.567710000000005], [18.891465, 54.553585], [18.9268, 54.55912], [18.91178, 54.580865]]}, "properties": {"label": "JAS31", "mmsi": "261006050", "imo": "", "name": "JAS31", "shiptype": "", "first_seen_utc": "2026-01-07T03:55:43Z", "last_seen_utc": "2026-01-15T13:52:06Z", "destination": "", "eta": "{'Day': 0, 'Hour': 24, 'Minute': 60, 'Month': 0}", "display": "", "links": "<a href=\"https://www.vesselfinder.com/vessels?name=261006050\" target=\"_blank\" rel=\"noopener\">VesselFinder</a> | <a href=\"https://www.marinetraffic.com/en/ais/search/all?keyword=261006050\" target=\"_blank\" rel=\"noopener\">MarineTraffic</a>", "vf_url": "https://www.vesselfinder.com/vessels?name=261006050", "mst_url": "https://www.marinetraffic.com/en/ais/search/all?keyword=261006050", "method": "v3_2pass_track3d_fromru10d", "ru_seen_in_lookback": true, "in_monitor_on_day": true}}, {"type": "Feature", "geometry": {"type": "Point", "coordinates": [18.91178, 54.580865]}, "properties": {"label": "JAS31", "mmsi": "261006050", "imo": "", "name": "JAS31", "shiptype": "", "first_seen_utc": "2026-01-07T03:55:43Z", "last_seen_utc": "2026-01-15T13:52:06Z", "destination": "", "eta": "{'Day': 0, 'Hour': 24, 'Minute': 60, 'Month': 0}", "display": "JAS31 (261006050)", "links": "<a href=\"https://www.vesselfinder.com/vessels?name=261006050\" target=\"_blank\" rel=\"noopener\">VesselFinder</a> | <a href=\"https://www.marinetraffic.com/en/ais/search/all?keyword=261006050\" target=\"_blank\" rel=\"noopener\">MarineTraffic</a>", "vf_url": "https://www.vesselfinder.com/vessels?name=261006050", "mst_url": "https://www.marinetraffic.com/en/ais/search/all?keyword=261006050", "method": "v3_2pass_track3d_fromru10d", "ru_seen_in_lookback": true, "in_monitor_on_day": true}}, {"type": "Feature", "geometry": {"type": "LineString", "coordinates": [[18.803461666666667, 54.60066], [18.803471666666667, 54.600678333333335], [18.867216666666664, 54.56545666666667], [18.977886666666667, 54.530255000000004], [19.081505, 54.494081666666666], [19.11688, 54.48290166666666], [19.161261666666668, 54.47873666666667], [19.205466666666666, 54.48218333333333], [19.249356666666664, 54.48590333333333], [19.294496666666664, 54.481795000000005], [19.339803333333336, 54.48472833333334], [19.383396666666666, 54.494841666666666], [19.453041666666664, 54.532826666666665], [19.399583333333332, 54.50497666666667], [19.359041666666666, 54.50042666666666], [19.3181, 54.49477666666667], [19.278165, 54.48717166666667], [19.23389166666667, 54.48538], [19.191148333333334, 54.490021666666664], [19.153885, 54.502386666666666], [19.140693333333335, 54.51667333333333], [19.14733, 54.52325], [19.029220000000002, 54.54801833333333], [18.91003, 54.57045166666667], [18.795618333333334, 54.590896666666666], [18.803445, 54.600845], [18.803446666666666, 54.60072], [18.802554999999998, 54.602668333333334], [18.802563333333335, 54.60263166666667], [18.797211666666666, 54.59447], [18.87313, 54.541743333333336], [18.945111666666666, 54.48167333333333], [18.965846666666668, 54.43394333333333], [19.010148333333333, 54.42804666666667], [19.052043333333334, 54.42247333333333], [19.095206666666666, 54.421728333333334], [19.12623166666667, 54.4161], [19.076358333333335, 54.419223333333335], [19.028779999999998, 54.423606666666664], [18.985678333333333, 54.430283333333335], [19.020353333333333, 54.428875], [19.061051666666668, 54.42665], [19.025695, 54.42639666666666], [18.989465, 54.435293333333334], [19.034483333333334, 54.438125], [19.07389166666667, 54.434745], [19.040703333333333, 54.44092333333333], [19.0279, 54.447626666666665], [19.043523333333333, 54.45584833333333], [18.95346333333333, 54.50478333333333]]}, "properties": {"label": "HEL-152", "mmsi": "261006110", "imo": "8600284", "name": "HEL-152", "shiptype": "", "first_seen_utc": "2026-01-07T04:24:52Z", "last_seen_utc": "2026-01-15T16:02:09Z", "destination": "", "eta": "{'Day': 10, 'Hour': 0, 'Minute': 30, 'Month': 2}", "display": "", "links": "<a href=\"https://www.vesselfinder.com/vessels?name=8600284\" target=\"_blank\" rel=\"noopener\">VesselFinder</a> | <a href=\"https://www.marinetraffic.com/en/ais/search/all?keyword=8600284\" target=\"_blank\" rel=\"noopener\">MarineTraffic</a>", "vf_url": "https://www.vesselfinder.com/vessels?name=8600284", "mst_url": "https://www.marinetraffic.com/en/ais/search/all?keyword=8600284", "method": "v3_2pass_track3d_fromru10d", "ru_seen_in_lookback": true, "in_monitor_on_day": true}}, {"type": "Feature", "geometry": {"type": "Point", "coordinates": [18.95346333333333, 54.50478333333333]}, "properties": {"label": "HEL-152", "mmsi": "261006110", "imo": "8600284", "name": "HEL-152", "shiptype": "", "first_seen_utc": "2026-01-07T04:24:52Z", "last_seen_utc": "2026-01-15T16:02:09Z", "destination": "", "eta": "{'Day': 10, 'Hour': 0, 'Minute': 30, 'Month': 2}", "display": "HEL-152 (261006110)", "links": "<a href=\"https://www.vesselfinder.com/vessels?name=8600284\" target=\"_blank\" rel=\"noopener\">VesselFinder</a> | <a href=\"https://www.marinetraffic.com/en/ais/search/all?keyword=8600284\" target=\"_blank\" rel=\"noopener\">MarineTraffic</a>", "vf_url": "https://www.vesselfinder.com/vessels?name=8600284", "mst_url": "https://www.marinetraffic.com/en/ais/search/all?keyword=8600284", "method": "v3_2pass_track3d_fromru10d", "ru_seen_in_lookback": true, "in_monitor_on_day": true}}, {"type": "Feature", "geometry": {"type": "LineString", "coordinates": [[18.674748333333334, 54.69627666666667], [18.674721666666667, 54.69629166666667], [18.67475166666667, 54.69629333333333], [18.674676666666667, 54.69624666666667], [18.674735, 54.696313333333336], [18.674735, 54.696310000000004], [18.674770000000002, 54.69627333333334], [18.674775, 54.69627333333334], [18.696053333333335, 54.65369], [18.774095, 54.59914833333333], [18.854353333333332, 54.54604166666666], [18.922538333333332, 54.49141833333333], [18.980766666666668, 54.43588], [19.004166666666666, 54.42428666666667], [19.042846666666666, 54.420790000000004], [19.08580166666667, 54.425983333333335], [19.107776666666666, 54.453825], [19.145018333333333, 54.45312], [19.182078333333333, 54.454305], [19.097641666666668, 54.45162166666667], [19.12577333333333, 54.45516666666666], [19.082643333333333, 54.496359999999996], [18.970781666666667, 54.52818], [18.86830666666667, 54.564521666666664], [18.801066666666667, 54.59991166666667], [18.789916666666667, 54.600665000000006], [18.698436666666666, 54.64839833333333], [18.674753333333335, 54.696281666666664], [18.674773333333334, 54.696286666666666], [18.674756666666667, 54.69629333333333], [18.674743333333332, 54.696281666666664], [18.67476, 54.696288333333335], [18.674755, 54.696288333333335], [18.674764999999997, 54.696286666666666], [18.674728333333334, 54.69628], [18.674758333333333, 54.69629333333333], [18.674753333333335, 54.696295], [18.674770000000002, 54.69630166666666], [18.674748333333334, 54.696295], [18.674748333333334, 54.696281666666664], [18.674766666666667, 54.69627166666667], [18.674753333333335, 54.69629166666667], [18.674758333333333, 54.696286666666666], [18.67475, 54.69629166666667], [18.674744999999998, 54.69630666666667], [18.674743333333332, 54.69632], [18.674778333333332, 54.69629], [18.67476, 54.69630333333334], [18.674786666666666, 54.69627833333333], [18.674798333333335, 54.69627833333333], [18.674778333333332, 54.69627166666667], [18.67476, 54.69627333333334], [18.674756666666667, 54.69629666666666]]}, "properties": {"label": "JAS-74", "mmsi": "261004430", "imo": "", "name": "JAS-74", "shiptype": "", "first_seen_utc": "2026-01-07T04:25:09Z", "last_seen_utc": "2026-01-15T14:04:34Z", "destination": "", "eta": "{'Day': 0, 'Hour': 0, 'Minute': 0, 'Month': 0}", "display": "", "links": "<a href=\"https://www.vesselfinder.com/vessels?name=261004430\" target=\"_blank\" rel=\"noopener\">VesselFinder</a> | <a href=\"https://www.marinetraffic.com/en/ais/search/all?keyword=261004430\" target=\"_blank\" rel=\"noopener\">MarineTraffic</a>", "vf_url": "https://www.vesselfinder.com/vessels?name=261004430", "mst_url": "https://www.marinetraffic.com/en/ais/search/all?keyword=261004430", "method": "v3_2pass_track3d_fromru10d", "ru_seen_in_lookback": true, "in_monitor_on_day": true}}, {"type": "Feature", "geometry": {"type": "Point", "coordinates": [18.674756666666667, 54.69629666666666]}, "properties": {"label": "JAS-74", "mmsi": "261004430", "imo": "", "name": "JAS-74", "shiptype": "", "first_seen_utc": "2026-01-07T04:25:09Z", "last_seen_utc": "2026-01-15T14:04:34Z", "destination": "", "eta": "{'Day': 0, 'Hour': 0, 'Minute': 0, 'Month': 0}", "display": "JAS-74 (261004430)", "links": "<a href=\"https://www.vesselfinder.com/vessels?name=261004430\" target=\"_blank\" rel=\"noopener\">VesselFinder</a> | <a href=\"https://www.marinetraffic.com/en/ais/search/all?keyword=261004430\" target=\"_blank\" rel=\"noopener\">MarineTraffic</a>", "vf_url": "https://www.vesselfinder.com/vessels?name=261004430", "mst_url": "https://www.marinetraffic.com/en/ais/search/all?keyword=261004430", "method": "v3_2pass_track3d_fromru10d", "ru_seen_in_lookback": true, "in_monitor_on_day": true}}, {"type": "Feature", "geometry": {"type": "LineString", "coordinates": [[18.673878333333334, 54.695598333333336], [18.709353333333336, 54.638645], [18.78816833333333, 54.58627333333333], [18.86994333333333, 54.53666833333333], [18.927853333333335, 54.47702666666667], [18.99325333333333, 54.41754666666667], [19.045863333333333, 54.412565], [19.084118333333333, 54.412595], [19.12245, 54.41552166666667], [19.161076666666666, 54.42015666666667], [19.20063, 54.422884999999994], [19.234501666666667, 54.433105], [19.268165, 54.44289333333334], [19.23464166666667, 54.44979], [19.197335, 54.45286333333333], [19.159035, 54.454125], [19.121131666666667, 54.45363666666666], [19.087493333333335, 54.46174833333334], [19.06507, 54.478716666666664], [19.059561666666664, 54.487820000000006], [18.981325000000002, 54.52111333333333], [18.88153833333333, 54.557885000000006], [18.801951666666664, 54.600676666666665], [18.803281666666667, 54.601365], [18.778238333333334, 54.602288333333334], [18.695388333333334, 54.65294666666667], [18.673868333333335, 54.69560333333333], [18.70070666666667, 54.645945], [18.785595, 54.59531833333333], [18.837781666666668, 54.60555], [18.84474833333333, 54.62911333333333], [18.832945, 54.6458], [18.850221666666666, 54.63794666666667], [18.85671166666667, 54.615514999999995], [18.856191666666668, 54.592895], [18.865335, 54.57187], [18.880301666666664, 54.55403833333333], [18.879851666666664, 54.54323], [18.865891666666666, 54.56166333333333], [18.862888333333334, 54.583965], [18.880756666666667, 54.5906], [18.875065, 54.570478333333334], [18.875008333333334, 54.551215], [18.866690000000002, 54.56082], [18.869885, 54.566865], [18.81966333333333, 54.58034166666666], [18.798611666666666, 54.590185], [18.803446666666666, 54.60075666666667], [18.778788333333335, 54.60322333333333], [18.696083333333334, 54.65451333333333]]}, "properties": {"label": "HEL-95", "mmsi": "261006830", "imo": "", "name": "HEL-95", "shiptype": "", "first_seen_utc": "2026-01-07T04:29:33Z", "last_seen_utc": "2026-01-15T16:05:02Z", "destination": "", "eta": "{'Day': 0, 'Hour': 24, 'Minute': 60, 'Month': 0}", "display": "", "links": "<a href=\"https://www.vesselfinder.com/vessels?name=261006830\" target=\"_blank\" rel=\"noopener\">VesselFinder</a> | <a href=\"https://www.marinetraffic.com/en/ais/search/all?keyword=261006830\" target=\"_blank\" rel=\"noopener\">MarineTraffic</a>", "vf_url": "https://www.vesselfinder.com/vessels?name=261006830", "mst_url": "https://www.marinetraffic.com/en/ais/search/all?keyword=261006830", "method": "v3_2pass_track3d_fromru10d", "ru_seen_in_lookback": true, "in_monitor_on_day": true}}, {"type": "Feature", "geometry": {"type": "Point", "coordinates": [18.696083333333334, 54.65451333333333]}, "properties": {"label": "HEL-95", "mmsi": "261006830", "imo": "", "name": "HEL-95", "shiptype": "", "first_seen_utc": "2026-01-07T04:29:33Z", "last_seen_utc": "2026-01-15T16:05:02Z", "destination": "", "eta": "{'Day': 0, 'Hour': 24, 'Minute': 60, 'Month': 0}", "display": "HEL-95 (261006830)", "links": "<a href=\"https://www.vesselfinder.com/vessels?name=261006830\" target=\"_blank\" rel=\"noopener\">VesselFinder</a> | <a href=\"https://www.marinetraffic.com/en/ais/search/all?keyword=261006830\" target=\"_blank\" rel=\"noopener\">MarineTraffic</a>", "vf_url": "https://www.vesselfinder.com/vessels?name=261006830", "mst_url": "https://www.marinetraffic.com/en/ais/search/all?keyword=261006830", "method": "v3_2pass_track3d_fromru10d", "ru_seen_in_lookback": true, "in_monitor_on_day": true}}, {"type": "Feature", "geometry": {"type": "LineString", "coordinates": [[18.675015, 54.69646], [18.694675, 54.646139999999995], [18.76304, 54.602545], [18.849815, 54.58428], [18.908714999999997, 54.523505], [18.960825, 54.458265], [18.997065000000003, 54.434115], [19.03679, 54.43251], [19.07646, 54.43548], [19.115830000000003, 54.439685000000004], [19.154845, 54.43844], [19.19521, 54.437005], [19.23459, 54.4372], [19.213175, 54.442945], [19.172694999999997, 54.443665], [19.13523, 54.443895], [19.097325, 54.447415], [19.084025, 54.45615], [19.00516, 54.48216], [18.906125, 54.526770000000006], [18.817835, 54.579885], [18.80219, 54.60104], [18.8035, 54.60066], [18.750945, 54.611740000000005], [18.678440000000002, 54.66878], [18.67501, 54.69645], [18.691765, 54.650265], [18.76558, 54.600245], [18.842265, 54.597955], [18.84962, 54.620425], [18.839795, 54.638929999999995], [18.835865000000002, 54.655745], [18.845195, 54.631975000000004], [18.856455, 54.609005], [18.862785, 54.584945], [18.886309999999998, 54.56889], [18.873555, 54.58046], [18.86451, 54.60122], [18.86068, 54.621235], [18.871534999999998, 54.639165000000006], [18.871145000000002, 54.652010000000004], [18.836635, 54.60473], [18.803065, 54.601729999999996], [18.803065, 54.601729999999996], [18.71919, 54.627775], [18.67422, 54.693020000000004]]}, "properties": {"label": "JAS 61", "mmsi": "261028620", "imo": "", "name": "JAS 61", "shiptype": "", "first_seen_utc": "2026-01-07T04:30:42Z", "last_seen_utc": "2026-01-15T14:42:19Z", "destination": "JASTARNIA", "eta": "{'Day': 0, 'Hour': 24, 'Minute': 60, 'Month': 0}", "display": "", "links": "<a href=\"https://www.vesselfinder.com/vessels?name=261028620\" target=\"_blank\" rel=\"noopener\">VesselFinder</a> | <a href=\"https://www.marinetraffic.com/en/ais/search/all?keyword=261028620\" target=\"_blank\" rel=\"noopener\">MarineTraffic</a>", "vf_url": "https://www.vesselfinder.com/vessels?name=261028620", "mst_url": "https://www.marinetraffic.com/en/ais/search/all?keyword=261028620", "method": "v3_2pass_track3d_fromru10d", "ru_seen_in_lookback": true, "in_monitor_on_day": true}}, {"type": "Feature", "geometry": {"type": "Point", "coordinates": [18.67422, 54.693020000000004]}, "properties": {"label": "JAS 61", "mmsi": "261028620", "imo": "", "name": "JAS 61", "shiptype": "", "first_seen_utc": "2026-01-07T04:30:42Z", "last_seen_utc": "2026-01-15T14:42:19Z", "destination": "JASTARNIA", "eta": "{'Day': 0, 'Hour': 24, 'Minute': 60, 'Month': 0}", "display": "JAS 61 (261028620)", "links": "<a href=\"https://www.vesselfinder.com/vessels?name=261028620\" target=\"_blank\" rel=\"noopener\">VesselFinder</a> | <a href=\"https://www.marinetraffic.com/en/ais/search/all?keyword=261028620\" target=\"_blank\" rel=\"noopener\">MarineTraffic</a>", "vf_url": "https://www.vesselfinder.com/vessels?name=261028620", "mst_url": "https://www.marinetraffic.com/en/ais/search/all?keyword=261028620", "method": "v3_2pass_track3d_fromru10d", "ru_seen_in_lookback": true, "in_monitor_on_day": true}}, {"type": "Feature", "geometry": {"type": "LineString", "coordinates": [[18.677266666666664, 54.673795000000005], [18.738960000000002, 54.61904833333333], [18.824725, 54.57964833333333], [18.88768333333333, 54.525616666666664], [18.946540000000002, 54.46966333333333], [18.963556666666666, 54.428505], [18.979173333333332, 54.413623333333334], [19.01762, 54.42107], [19.051255, 54.43510166666667], [19.090563333333332, 54.455191666666664], [19.137825000000003, 54.45126166666667], [19.147338333333334, 54.443036666666664], [19.058168333333334, 54.47885833333333], [18.964413333333333, 54.51818166666667], [18.871786666666665, 54.55825333333333], [18.802746666666668, 54.601011666666665], [18.803448333333332, 54.60091333333333], [18.771865, 54.60489833333334], [18.692709999999998, 54.651516666666666], [18.675738333333335, 54.69465833333334], [18.7164, 54.63525666666667], [18.799231666666667, 54.58771166666667], [18.839861666666664, 54.60033333333333], [18.841928333333332, 54.60231666666667], [18.824641666666665, 54.584219999999995], [18.847081666666668, 54.566583333333334], [18.864538333333332, 54.547035], [18.88613333333333, 54.52999333333333], [18.887626666666666, 54.54647666666666], [18.867325, 54.56786833333333], [18.869288333333333, 54.59068], [18.853743333333334, 54.58866166666667], [18.857206666666666, 54.568039999999996], [18.874551666666665, 54.55184166666666], [18.90196166666667, 54.560026666666666], [18.90359833333333, 54.56641], [18.822996666666665, 54.58243], [18.803473333333333, 54.60066666666667], [18.74431333333333, 54.617693333333335], [18.67402333333333, 54.681799999999996]]}, "properties": {"label": "JAS 78", "mmsi": "261004440", "imo": "", "name": "JAS 78", "shiptype": "", "first_seen_utc": "2026-01-07T04:57:48Z", "last_seen_utc": "2026-01-15T15:18:34Z", "destination": "BALTIC SEA", "eta": "{'Day': 0, 'Hour': 24, 'Minute': 60, 'Month': 0}", "display": "", "links": "<a href=\"https://www.vesselfinder.com/vessels?name=261004440\" target=\"_blank\" rel=\"noopener\">VesselFinder</a> | <a href=\"https://www.marinetraffic.com/en/ais/search/all?keyword=261004440\" target=\"_blank\" rel=\"noopener\">MarineTraffic</a>", "vf_url": "https://www.vesselfinder.com/vessels?name=261004440", "mst_url": "https://www.marinetraffic.com/en/ais/search/all?keyword=261004440", "method": "v3_2pass_track3d_fromru10d", "ru_seen_in_lookback": true, "in_monitor_on_day": true}}, {"type": "Feature", "geometry": {"type": "Point", "coordinates": [18.67402333333333, 54.681799999999996]}, "properties": {"label": "JAS 78", "mmsi": "261004440", "imo": "", "name": "JAS 78", "shiptype": "", "first_seen_utc": "2026-01-07T04:57:48Z", "last_seen_utc": "2026-01-15T15:18:34Z", "destination": "BALTIC SEA", "eta": "{'Day': 0, 'Hour': 24, 'Minute': 60, 'Month': 0}", "display": "JAS 78 (261004440)", "links": "<a href=\"https://www.vesselfinder.com/vessels?name=261004440\" target=\"_blank\" rel=\"noopener\">VesselFinder</a> | <a href=\"https://www.marinetraffic.com/en/ais/search/all?keyword=261004440\" target=\"_blank\" rel=\"noopener\">MarineTraffic</a>", "vf_url": "https://www.vesselfinder.com/vessels?name=261004440", "mst_url": "https://www.marinetraffic.com/en/ais/search/all?keyword=261004440", "method": "v3_2pass_track3d_fromru10d", "ru_seen_in_lookback": true, "in_monitor_on_day": true}}, {"type": "Feature", "geometry": {"type": "LineString", "coordinates": [[18.673871666666667, 54.69572], [18.70574, 54.63918], [18.783908333333333, 54.58889833333333], [18.857378333333333, 54.53961833333334], [18.921308333333332, 54.48386333333334], [18.973483333333334, 54.437464999999996], [19.002853333333334, 54.43145166666667], [19.039765, 54.429298333333335], [19.077391666666664, 54.42787], [19.114106666666665, 54.42794333333333], [19.150858333333336, 54.427591666666665], [19.083965, 54.451335], [19.048915, 54.45435666666666], [19.011858333333333, 54.46117666666667], [18.978393333333333, 54.46845833333334], [18.956565, 54.479265000000005], [18.955301666666667, 54.48853], [18.878376666666668, 54.541243333333334], [18.798003333333334, 54.59049166666667], [18.803504999999998, 54.60069166666666], [18.73341333333333, 54.622265], [18.674488333333333, 54.67997833333333], [18.673806666666668, 54.69571666666666], [18.703944999999997, 54.642543333333336], [18.789438333333333, 54.593113333333335], [18.840345, 54.591078333333336], [18.854225, 54.61065], [18.85363166666667, 54.629025], [18.847066666666667, 54.64806333333333], [18.83239166666667, 54.66488666666667], [18.839421666666667, 54.667003333333334], [18.856476666666666, 54.63157], [18.869321666666668, 54.612206666666665], [18.881955, 54.59001833333333], [18.888986666666664, 54.57161333333333], [18.906136666666665, 54.557415], [18.919698333333333, 54.56234166666666], [18.904031666666665, 54.57338666666667], [18.806931666666667, 54.587716666666665], [18.803069999999998, 54.60176833333333], [18.745386666666665, 54.616245000000006], [18.676583333333333, 54.67231666666667]]}, "properties": {"label": "JAS-80", "mmsi": "261005330", "imo": "", "name": "JAS-80", "shiptype": "", "first_seen_utc": "2026-01-07T05:11:09Z", "last_seen_utc": "2026-01-15T15:17:48Z", "destination": "", "eta": "{'Day': 0, 'Hour': 24, 'Minute': 60, 'Month': 0}", "display": "", "links": "<a href=\"https://www.vesselfinder.com/vessels?name=261005330\" target=\"_blank\" rel=\"noopener\">VesselFinder</a> | <a href=\"https://www.marinetraffic.com/en/ais/search/all?keyword=261005330\" target=\"_blank\" rel=\"noopener\">MarineTraffic</a>", "vf_url": "https://www.vesselfinder.com/vessels?name=261005330", "mst_url": "https://www.marinetraffic.com/en/ais/search/all?keyword=261005330", "method": "v3_2pass_track3d_fromru10d", "ru_seen_in_lookback": true, "in_monitor_on_day": true}}, {"type": "Feature", "geometry": {"type": "Point", "coordinates": [18.676583333333333, 54.67231666666667]}, "properties": {"label": "JAS-80", "mmsi": "261005330", "imo": "", "name": "JAS-80", "shiptype": "", "first_seen_utc": "2026-01-07T05:11:09Z", "last_seen_utc": "2026-01-15T15:17:48Z", "destination": "", "eta": "{'Day': 0, 'Hour': 24, 'Minute': 60, 'Month': 0}", "display": "JAS-80 (261005330)", "links": "<a href=\"https://www.vesselfinder.com/vessels?name=261005330\" target=\"_blank\" rel=\"noopener\">VesselFinder</a> | <a href=\"https://www.marinetraffic.com/en/ais/search/all?keyword=261005330\" target=\"_blank\" rel=\"noopener\">MarineTraffic</a>", "vf_url": "https://www.vesselfinder.com/vessels?name=261005330", "mst_url": "https://www.marinetraffic.com/en/ais/search/all?keyword=261005330", "method": "v3_2pass_track3d_fromru10d", "ru_seen_in_lookback": true, "in_monitor_on_day": true}}, {"type": "Feature", "geometry": {"type": "LineString", "coordinates": [[18.985509999999998, 54.89145], [18.983093333333333, 54.787481666666665], [18.95634, 54.68896333333333], [18.888501666666667, 54.6014], [18.787159999999997, 54.530883333333335], [18.699873333333336, 54.470038333333335], [18.669423333333334, 54.44469], [18.662045, 54.407619999999994], [18.668051666666667, 54.38882833333333], [18.664791666666666, 54.385281666666664], [18.664831666666664, 54.385265], [18.66485, 54.385245000000005], [18.66482166666667, 54.385284999999996], [18.664826666666666, 54.385281666666664], [18.664761666666667, 54.385225], [18.66477666666667, 54.385275], [18.664808333333333, 54.385263333333334], [18.664758333333335, 54.385255], [18.664785, 54.385281666666664], [18.664808333333333, 54.38525833333333], [18.66481, 54.385263333333334], [18.66484, 54.38527], [18.664730000000002, 54.385286666666666], [18.664783333333332, 54.38530333333333], [18.66482166666667, 54.38527833333333], [18.66482166666667, 54.38525833333333], [18.664845, 54.38527833333333], [18.66485, 54.385266666666666], [18.66483, 54.385268333333336], [18.66482166666667, 54.385295], [18.664814999999997, 54.38525333333334], [18.664808333333333, 54.38527833333333], [18.664778333333334, 54.385238333333334], [18.664818333333336, 54.385290000000005], [18.664795, 54.385281666666664], [18.664814999999997, 54.38525666666667], [18.66481, 54.38531166666667], [18.66482166666667, 54.385286666666666], [18.664806666666667, 54.38527666666666], [18.664823333333334, 54.38527], [18.664851666666667, 54.385275], [18.664833333333334, 54.385286666666666], [18.664788333333334, 54.385268333333336], [18.66482166666667, 54.38525166666667], [18.664823333333334, 54.385255], [18.66481333333333, 54.385268333333336], [18.66483, 54.38529666666667], [18.66483, 54.38525666666667], [18.66487, 54.385275], [18.664803333333335, 54.38527666666666], [18.664818333333336, 54.38525333333334], [18.664808333333333, 54.38533333333333], [18.66481, 54.385266666666666], [18.664808333333333, 54.38525166666667], [18.664826666666666, 54.385266666666666], [18.664805, 54.385275], [18.664820000000002, 54.38529666666667], [18.664863333333336, 54.38531166666667], [18.664845, 54.385284999999996], [18.664808333333333, 54.385266666666666], [18.66484, 54.38527], [18.664833333333334, 54.385265], [18.66484, 54.385275], [18.664820000000002, 54.38529666666667], [18.66482166666667, 54.38525333333334], [18.664826666666666, 54.38527333333333], [18.664801666666666, 54.38525833333333], [18.664836666666666, 54.385279999999995], [18.664748333333332, 54.38525], [18.664814999999997, 54.38527166666667], [18.664795, 54.385261666666665], [18.664825, 54.385255], [18.664823333333334, 54.385266666666666], [18.664826666666666, 54.385268333333336], [18.664816666666663, 54.3853], [18.66484, 54.38524333333333], [18.664843333333334, 54.385281666666664], [18.66483, 54.38527166666667], [18.66482166666667, 54.385281666666664], [18.664781666666666, 54.38529333333334], [18.664795, 54.38525833333333], [18.664851666666667, 54.38530333333333], [18.664825, 54.385268333333336], [18.66481333333333, 54.385266666666666], [18.664769999999997, 54.385221666666666], [18.664845, 54.38525833333333]]}, "properties": {"label": "WL MUROM", "mmsi": "477885500", "imo": "9674385", "name": "WL MUROM", "shiptype": "", "first_seen_utc": "2026-01-07T08:11:31Z", "last_seen_utc": "2026-01-15T15:49:55Z", "destination": "PLGDN", "eta": "{'Day': 14, 'Hour': 12, 'Minute': 0, 'Month': 1}", "display": "", "links": "<a href=\"https://www.vesselfinder.com/vessels?name=9674385\" target=\"_blank\" rel=\"noopener\">VesselFinder</a> | <a href=\"https://www.marinetraffic.com/en/ais/search/all?keyword=9674385\" target=\"_blank\" rel=\"noopener\">MarineTraffic</a>", "vf_url": "https://www.vesselfinder.com/vessels?name=9674385", "mst_url": "https://www.marinetraffic.com/en/ais/search/all?keyword=9674385", "method": "v3_2pass_track3d_fromru10d", "ru_seen_in_lookback": true, "in_monitor_on_day": true}}, {"type": "Feature", "geometry": {"type": "Point", "coordinates": [18.664845, 54.38525833333333]}, "properties": {"label": "WL MUROM", "mmsi": "477885500", "imo": "9674385", "name": "WL MUROM", "shiptype": "", "first_seen_utc": "2026-01-07T08:11:31Z", "last_seen_utc": "2026-01-15T15:49:55Z", "destination": "PLGDN", "eta": "{'Day': 14, 'Hour': 12, 'Minute': 0, 'Month': 1}", "display": "WL MUROM (477885500)", "links": "<a href=\"https://www.vesselfinder.com/vessels?name=9674385\" target=\"_blank\" rel=\"noopener\">VesselFinder</a> | <a href=\"https://www.marinetraffic.com/en/ais/search/all?keyword=9674385\" target=\"_blank\" rel=\"noopener\">MarineTraffic</a>", "vf_url": "https://www.vesselfinder.com/vessels?name=9674385", "mst_url": "https://www.marinetraffic.com/en/ais/search/all?keyword=9674385", "method": "v3_2pass_track3d_fromru10d", "ru_seen_in_lookback": true, "in_monitor_on_day": true}}, {"type": "Feature", "geometry": {"type": "LineString", "coordinates": [[9.630588333333332, 57.81215666666667], [9.417534999999999, 57.76501], [9.263853333333333, 57.708571666666664], [9.112345, 57.65627833333333], [8.960993333333333, 57.605235], [8.798108333333333, 57.56186666666667], [8.65717, 57.508810000000004], [8.518226666666667, 57.450916666666664], [8.346278333333334, 57.380941666666665], [8.197621666666667, 57.33170166666666], [8.050988333333333, 57.28931], [7.914146666666666, 57.23539666666667], [7.787513333333334, 57.166486666666664], [7.598185, 57.05784333333334], [7.426541666666666, 56.957056666666666], [3.385953333333333, 53.16463666666667], [2.1404633333333334, 51.61728333333333], [2.029675, 51.53024166666667], [1.938765, 51.440931666666664], [1.8580633333333334, 51.35574833333333], [1.8052383333333333, 51.274265], [1.7305816666666667, 51.203608333333335], [1.6347766666666668, 51.153535000000005], [1.5403116666666667, 51.109291666666664], [1.4492116666666666, 51.060941666666665], [1.3551783333333334, 51.010855]]}, "properties": {"label": "WARRIOR SPIRIT", "mmsi": "620800240", "imo": "9293129", "name": "WARRIOR SPIRIT", "shiptype": "", "first_seen_utc": "2026-01-07T11:33:46Z", "last_seen_utc": "2026-01-15T10:45:56Z", "destination": "ALIAGA", "eta": "{'Day': 26, 'Hour': 17, 'Minute': 0, 'Month': 1}", "display": "", "links": "<a href=\"https://www.vesselfinder.com/vessels?name=9293129\" target=\"_blank\" rel=\"noopener\">VesselFinder</a> | <a href=\"https://www.marinetraffic.com/en/ais/search/all?keyword=9293129\" target=\"_blank\" rel=\"noopener\">MarineTraffic</a>", "vf_url": "https://www.vesselfinder.com/vessels?name=9293129", "mst_url": "https://www.marinetraffic.com/en/ais/search/all?keyword=9293129", "method": "v3_2pass_track3d_fromru10d", "ru_seen_in_lookback": true, "in_monitor_on_day": true}}, {"type": "Feature", "geometry": {"type": "Point", "coordinates": [1.3551783333333334, 51.010855]}, "properties": {"label": "WARRIOR SPIRIT", "mmsi": "620800240", "imo": "9293129", "name": "WARRIOR SPIRIT", "shiptype": "", "first_seen_utc": "2026-01-07T11:33:46Z", "last_seen_utc": "2026-01-15T10:45:56Z", "destination": "ALIAGA", "eta": "{'Day': 26, 'Hour': 17, 'Minute': 0, 'Month': 1}", "display": "WARRIOR SPIRIT (620800240)", "links": "<a href=\"https://www.vesselfinder.com/vessels?name=9293129\" target=\"_blank\" rel=\"noopener\">VesselFinder</a> | <a href=\"https://www.marinetraffic.com/en/ais/search/all?keyword=9293129\" target=\"_blank\" rel=\"noopener\">MarineTraffic</a>", "vf_url": "https://www.vesselfinder.com/vessels?name=9293129", "mst_url": "https://www.marinetraffic.com/en/ais/search/all?keyword=9293129", "method": "v3_2pass_track3d_fromru10d", "ru_seen_in_lookback": true, "in_monitor_on_day": true}}, {"type": "Feature", "geometry": {"type": "LineString", "coordinates": [[18.886998333333334, 54.44331], [18.887138333333333, 54.44325333333334], [18.886955, 54.443275], [18.88654, 54.44331666666667], [18.885885, 54.443311666666666], [18.885476666666666, 54.443308333333334], [18.88489333333333, 54.44318], [18.885088333333332, 54.443263333333334], [18.884706666666666, 54.44318666666666], [18.884411666666665, 54.44308], [18.884343333333334, 54.44305166666666], [18.884353333333333, 54.44306666666667], [18.884118333333333, 54.442928333333334], [18.88454833333333, 54.44311666666667], [18.885063333333335, 54.44325], [18.884990000000002, 54.443218333333334], [18.88536333333333, 54.44330333333333], [18.885706666666668, 54.443374999999996], [18.88615666666667, 54.443398333333334], [18.886276666666667, 54.443373333333334], [18.885923333333334, 54.443395], [18.88624, 54.443374999999996], [18.886386666666667, 54.44336666666666], [18.886348333333334, 54.44335], [18.88654166666667, 54.44334], [18.886300000000002, 54.443365], [18.885878333333334, 54.443355], [18.885613333333332, 54.44336], [18.885375, 54.443333333333335], [18.88484, 54.443223333333336], [18.884696666666667, 54.44318], [18.884580000000003, 54.44317], [18.884498333333333, 54.44312166666667], [18.88451, 54.44314333333333], [18.884406666666667, 54.443135], [18.88454, 54.443225], [18.88488166666667, 54.44468666666667], [18.884853333333336, 54.444176666666664], [18.886346666666668, 54.44134], [18.885256666666667, 54.44255], [18.84897833333333, 54.423986666666664], [18.74194333333333, 54.4036], [18.71907, 54.405901666666665], [18.71894, 54.40578], [18.718935, 54.40578666666667], [18.718935, 54.40578333333334], [18.718935, 54.40578333333334], [18.718935, 54.40578333333334], [18.718935, 54.40578333333334], [18.718935, 54.40578333333334], [18.718935, 54.4058], [18.718933333333332, 54.4058], [18.718933333333332, 54.40578333333334], [18.718933333333332, 54.40578333333334], [18.718933333333332, 54.40578333333334], [18.718933333333332, 54.40578333333334], [18.718933333333332, 54.40578333333334], [18.718916666666665, 54.40578333333334], [18.718933333333332, 54.40578333333334], [18.71895, 54.40578333333334], [18.718916666666665, 54.4058], [18.718916666666665, 54.40578333333334], [18.71891833333333, 54.40578333333334], [18.71891833333333, 54.40578333333334], [18.71891833333333, 54.40578333333334], [18.71891833333333, 54.40578333333334], [18.71891833333333, 54.40578333333334], [18.71891833333333, 54.405766666666665], [18.71891833333333, 54.405766666666665], [18.718935, 54.40578333333334], [18.718935, 54.40578333333334], [18.718935, 54.40578333333334], [18.71895, 54.40578333333334], [18.718933333333332, 54.4058], [18.718933333333332, 54.40578333333334], [18.71895, 54.40578333333334], [18.718935, 54.40578333333334], [18.718951666666666, 54.40578333333334], [18.718951666666666, 54.40578333333334], [18.718951666666666, 54.40578333333334], [18.718951666666666, 54.40578333333334], [18.718933333333332, 54.4058], [18.718935, 54.40578333333334], [18.718933333333332, 54.405766666666665], [18.718933333333332, 54.405766666666665], [18.718933333333332, 54.405766666666665], [18.718933333333332, 54.40578333333334], [18.718916666666665, 54.40578333333334], [18.71891833333333, 54.40578333333334], [18.71891833333333, 54.40578333333334], [18.718935, 54.405766666666665], [18.71891833333333, 54.40578333333334], [18.718935, 54.40578333333334], [18.718935, 54.40578333333334], [18.718935, 54.40578333333334], [18.718933333333332, 54.4058], [18.718933333333332, 54.4058], [18.718933333333332, 54.4058], [18.718933333333332, 54.4058], [18.718933333333332, 54.40578333333334], [18.726208333333332, 54.40313333333334], [18.832983333333335, 54.417695], [18.972694999999998, 54.43911], [19.039541666666665, 54.51107833333333], [19.10270166666667, 54.58562333333334], [19.099471666666666, 54.66574], [19.060530000000004, 54.742958333333334], [19.020663333333335, 54.821704999999994], [18.982786666666666, 54.90041333333333]]}, "properties": {"label": "SEALING", "mmsi": "211397660", "imo": "9251652", "name": "SEALING", "shiptype": "", "first_seen_utc": "2026-01-07T12:22:09Z", "last_seen_utc": "2026-01-15T07:43:11Z", "destination": "B8OILFIELD", "eta": "{'Day': 15, 'Hour': 12, 'Minute': 0, 'Month': 1}", "display": "", "links": "<a href=\"https://www.vesselfinder.com/vessels?name=9251652\" target=\"_blank\" rel=\"noopener\">VesselFinder</a> | <a href=\"https://www.marinetraffic.com/en/ais/search/all?keyword=9251652\" target=\"_blank\" rel=\"noopener\">MarineTraffic</a>", "vf_url": "https://www.vesselfinder.com/vessels?name=9251652", "mst_url": "https://www.marinetraffic.com/en/ais/search/all?keyword=9251652", "method": "v3_2pass_track3d_fromru10d", "ru_seen_in_lookback": true, "in_monitor_on_day": true}}, {"type": "Feature", "geometry": {"type": "Point", "coordinates": [18.982786666666666, 54.90041333333333]}, "properties": {"label": "SEALING", "mmsi": "211397660", "imo": "9251652", "name": "SEALING", "shiptype": "", "first_seen_utc": "2026-01-07T12:22:09Z", "last_seen_utc": "2026-01-15T07:43:11Z", "destination": "B8OILFIELD", "eta": "{'Day': 15, 'Hour': 12, 'Minute': 0, 'Month': 1}", "display": "SEALING (211397660)", "links": "<a href=\"https://www.vesselfinder.com/vessels?name=9251652\" target=\"_blank\" rel=\"noopener\">VesselFinder</a> | <a href=\"https://www.marinetraffic.com/en/ais/search/all?keyword=9251652\" target=\"_blank\" rel=\"noopener\">MarineTraffic</a>", "vf_url": "https://www.vesselfinder.com/vessels?name=9251652", "mst_url": "https://www.marinetraffic.com/en/ais/search/all?keyword=9251652", "method": "v3_2pass_track3d_fromru10d", "ru_seen_in_lookback": true, "in_monitor_on_day": true}}, {"type": "Feature", "geometry": {"type": "LineString", "coordinates": [[15.461976666666667, 55.66137833333333], [15.286898333333333, 55.64729666666666], [15.109233333333332, 55.610355], [14.950610000000001, 55.564348333333335], [14.714925, 55.48862166666667], [14.53429, 55.40212], [12.50097, 54.68248833333334], [12.35878, 54.62916166666666], [12.253548333333333, 54.56415666666667], [12.205108333333333, 54.474738333333335], [12.081046666666667, 54.42975], [11.915343333333334, 54.42842333333333], [11.755865, 54.43796666666666], [11.606073333333335, 54.478316666666665], [11.450831666666666, 54.52298666666666], [11.29414, 54.56774], [11.132686666666666, 54.60539666666667], [10.966575, 54.61291833333333], [10.821571666666667, 54.66446], [10.787886666666667, 54.74326166666666], [10.837375, 54.82788], [10.870318333333334, 54.91547833333333], [10.972446666666666, 54.98363166666666], [10.994634999999999, 55.075015], [11.013346666666667, 55.16509], [11.099703333333334, 55.23566], [11.038213333333335, 55.33340333333333], [10.831401666666666, 55.574778333333335]]}, "properties": {"label": "REIWA", "mmsi": "538011655", "imo": "9740902", "name": "REIWA", "shiptype": "", "first_seen_utc": "2026-01-07T12:24:30Z", "last_seen_utc": "2026-01-15T15:56:20Z", "destination": "SKAGEN", "eta": "{'Day': 16, 'Hour': 6, 'Minute': 0, 'Month': 1}", "display": "", "links": "<a href=\"https://www.vesselfinder.com/vessels?name=9740902\" target=\"_blank\" rel=\"noopener\">VesselFinder</a> | <a href=\"https://www.marinetraffic.com/en/ais/search/all?keyword=9740902\" target=\"_blank\" rel=\"noopener\">MarineTraffic</a>", "vf_url": "https://www.vesselfinder.com/vessels?name=9740902", "mst_url": "https://www.marinetraffic.com/en/ais/search/all?keyword=9740902", "method": "v3_2pass_track3d_fromru10d", "ru_seen_in_lookback": true, "in_monitor_on_day": true}}, {"type": "Feature", "geometry": {"type": "Point", "coordinates": [10.831401666666666, 55.574778333333335]}, "properties": {"label": "REIWA", "mmsi": "538011655", "imo": "9740902", "name": "REIWA", "shiptype": "", "first_seen_utc": "2026-01-07T12:24:30Z", "last_seen_utc": "2026-01-15T15:56:20Z", "destination": "SKAGEN", "eta": "{'Day': 16, 'Hour': 6, 'Minute': 0, 'Month': 1}", "display": "REIWA (538011655)", "links": "<a href=\"https://www.vesselfinder.com/vessels?name=9740902\" target=\"_blank\" rel=\"noopener\">VesselFinder</a> | <a href=\"https://www.marinetraffic.com/en/ais/search/all?keyword=9740902\" target=\"_blank\" rel=\"noopener\">MarineTraffic</a>", "vf_url": "https://www.vesselfinder.com/vessels?name=9740902", "mst_url": "https://www.marinetraffic.com/en/ais/search/all?keyword=9740902", "method": "v3_2pass_track3d_fromru10d", "ru_seen_in_lookback": true, "in_monitor_on_day": true}}, {"type": "Feature", "geometry": {"type": "LineString", "coordinates": [[18.541391666666666, 54.995536666666666], [18.69120666666667, 54.93342333333333], [18.808208333333333, 54.874595], [18.928673333333332, 54.81531666666667], [19.027423333333335, 54.75222833333333], [19.057371666666665, 54.66952333333334], [19.058476666666664, 54.58949], [18.996126666666665, 54.51583166666667], [18.914499999999997, 54.489153333333334], [18.871085, 54.471853333333335], [18.867093333333333, 54.462763333333335], [18.865126666666665, 54.46275666666667], [18.865855, 54.46272333333333], [18.866030000000002, 54.462740000000004], [18.866165000000002, 54.462795], [18.865991666666666, 54.462795], [18.865781666666667, 54.46277333333333], [18.865231666666666, 54.462716666666665], [18.86467, 54.46266166666667], [18.864386666666668, 54.462563333333335], [18.864545, 54.46259833333333], [18.86453, 54.46264166666666], [18.864151666666665, 54.462545], [18.864095000000002, 54.46252333333334], [18.864236666666667, 54.46254833333333], [18.864523333333334, 54.46267666666667], [18.864496666666664, 54.46266833333333], [18.86493, 54.462605], [18.864776666666668, 54.46270666666667], [18.864911666666668, 54.462718333333335], [18.865001666666668, 54.46277166666666], [18.865025, 54.462734999999995], [18.864964999999998, 54.46279166666667], [18.86498, 54.462761666666665], [18.864856666666665, 54.46275], [18.864878333333333, 54.46270833333333], [18.865011666666664, 54.46275666666667], [18.864963333333332, 54.462786666666666], [18.865025, 54.46279833333333], [18.865168333333333, 54.462869999999995], [18.865036666666665, 54.46281], [18.864925000000003, 54.462869999999995], [18.865173333333335, 54.462891666666664], [18.865306666666665, 54.46288166666667], [18.864928333333335, 54.462815], [18.864786666666664, 54.46292166666667], [18.86461166666667, 54.462893333333334], [18.864896666666667, 54.46295833333333], [18.86505833333333, 54.46303666666667], [18.86474666666667, 54.462945], [18.864886666666667, 54.46296666666667], [18.865036666666665, 54.46304333333333], [18.86446833333333, 54.462896666666666], [18.864091666666663, 54.46284], [18.86442333333333, 54.462965000000004], [18.86435, 54.46297166666667], [18.864291666666666, 54.462938333333334], [18.86408833333333, 54.462853333333335], [18.863948333333333, 54.46294], [18.864653333333333, 54.463010000000004], [18.864853333333333, 54.46308], [18.864918333333332, 54.463033333333335], [18.86484, 54.46304333333333], [18.864865, 54.463075], [18.865101666666664, 54.463026666666664], [18.865306666666665, 54.46308333333333], [18.86535, 54.46311333333333], [18.865115, 54.463065], [18.865215, 54.463071666666664], [18.865381666666668, 54.463103333333336], [18.865908333333334, 54.463078333333335], [18.866351666666667, 54.46307], [18.86652666666667, 54.46301166666667], [18.867186666666665, 54.46288666666667], [18.867281666666667, 54.46283666666667], [18.86807333333333, 54.462605], [18.868818333333333, 54.46195], [18.868403333333333, 54.46225666666667], [18.868593333333333, 54.462215], [18.868863333333334, 54.461965], [18.868618333333334, 54.462185], [18.868325000000002, 54.462403333333334], [18.867961666666666, 54.46258], [18.867978333333333, 54.46255833333333], [18.868271666666665, 54.462475000000005], [18.867733333333334, 54.46267833333333], [18.867641666666668, 54.46277666666666], [18.867696666666667, 54.46277], [18.867296666666668, 54.462981666666664], [18.866693333333334, 54.46281666666666], [18.865923333333335, 54.46300833333333], [18.864895, 54.46295666666666], [18.864946666666665, 54.46294666666667], [18.865615, 54.463028333333334], [18.865611666666666, 54.46290833333333], [18.865785000000002, 54.46292833333334], [18.866128333333332, 54.46299666666666], [18.866701666666664, 54.462985], [18.867073333333334, 54.462916666666665], [18.866218333333332, 54.463033333333335], [18.865473333333334, 54.46297666666667], [18.86533166666667, 54.46302333333333], [18.865374999999997, 54.463026666666664], [18.865000000000002, 54.463031666666666], [18.864923333333333, 54.462985], [18.86507, 54.46300166666666], [18.864756666666665, 54.4629], [18.864483333333332, 54.462916666666665], [18.864418333333333, 54.46288833333333], [18.864188333333335, 54.462875000000004]]}, "properties": {"label": "ATLANTIC JADE", "mmsi": "636021135", "imo": "9892987", "name": "ATLANTIC JADE", "shiptype": "", "first_seen_utc": "2026-01-07T13:12:39Z", "last_seen_utc": "2026-01-15T16:13:24Z", "destination": "PLGDN", "eta": "{'Day': 13, 'Hour': 9, 'Minute': 0, 'Month': 1}", "display": "", "links": "<a href=\"https://www.vesselfinder.com/vessels?name=9892987\" target=\"_blank\" rel=\"noopener\">VesselFinder</a> | <a href=\"https://www.marinetraffic.com/en/ais/search/all?keyword=9892987\" target=\"_blank\" rel=\"noopener\">MarineTraffic</a>", "vf_url": "https://www.vesselfinder.com/vessels?name=9892987", "mst_url": "https://www.marinetraffic.com/en/ais/search/all?keyword=9892987", "method": "v3_2pass_track3d_fromru10d", "ru_seen_in_lookback": true, "in_monitor_on_day": true}}, {"type": "Feature", "geometry": {"type": "Point", "coordinates": [18.864188333333335, 54.462875000000004]}, "properties": {"label": "ATLANTIC JADE", "mmsi": "636021135", "imo": "9892987", "name": "ATLANTIC JADE", "shiptype": "", "first_seen_utc": "2026-01-07T13:12:39Z", "last_seen_utc": "2026-01-15T16:13:24Z", "destination": "PLGDN", "eta": "{'Day': 13, 'Hour': 9, 'Minute': 0, 'Month': 1}", "display": "ATLANTIC JADE (636021135)", "links": "<a href=\"https://www.vesselfinder.com/vessels?name=9892987\" target=\"_blank\" rel=\"noopener\">VesselFinder</a> | <a href=\"https://www.marinetraffic.com/en/ais/search/all?keyword=9892987\" target=\"_blank\" rel=\"noopener\">MarineTraffic</a>", "vf_url": "https://www.vesselfinder.com/vessels?name=9892987", "mst_url": "https://www.marinetraffic.com/en/ais/search/all?keyword=9892987", "method": "v3_2pass_track3d_fromru10d", "ru_seen_in_lookback": true, "in_monitor_on_day": true}}, {"type": "Feature", "geometry": {"type": "LineString", "coordinates": [[18.647915, 54.37269666666667], [18.647916666666667, 54.37269666666667], [18.647941666666668, 54.372706666666666], [18.64796833333333, 54.372719999999994], [18.647865000000003, 54.37269666666667], [18.647843333333334, 54.372746666666664], [18.647888333333334, 54.372719999999994], [18.647913333333335, 54.372679999999995], [18.64787, 54.372753333333335], [18.647916666666667, 54.37269666666667], [18.64792, 54.37271333333333], [18.64543666666667, 54.371003333333334], [18.646303333333332, 54.36900333333333], [18.646523333333334, 54.36958666666667], [18.645088333333334, 54.37081666666666], [18.644765, 54.3712], [18.64790833333333, 54.37273666666667], [18.647904999999998, 54.372719999999994], [18.64795666666667, 54.37271333333333], [18.64792333333333, 54.37271333333333], [18.647896666666668, 54.37267333333333], [18.64786333333333, 54.372663333333335], [18.647941666666668, 54.37271333333333], [18.64793166666667, 54.372746666666664], [18.647855, 54.372719999999994], [18.647915, 54.372679999999995], [18.647933333333334, 54.372706666666666], [18.64789, 54.372679999999995], [18.647861666666664, 54.37271333333333], [18.64789, 54.37269666666667], [18.647925, 54.372719999999994], [18.647916666666667, 54.37269666666667], [18.64793166666667, 54.372679999999995], [18.64787, 54.37271333333333], [18.647925, 54.372706666666666], [18.64789, 54.372719999999994], [18.647933333333334, 54.372746666666664], [18.64789, 54.372679999999995], [18.647916666666667, 54.37271333333333], [18.6479, 54.372679999999995], [18.647936666666666, 54.37269666666667], [18.647938333333332, 54.372679999999995], [18.647941666666668, 54.37269666666667], [18.64790833333333, 54.37264666666667], [18.64793166666667, 54.372706666666666], [18.647895000000002, 54.37269666666667], [18.647906666666664, 54.37271333333333], [18.64796, 54.372719999999994], [18.647978333333334, 54.37271333333333], [18.64792, 54.37271333333333], [18.647941666666668, 54.37271333333333], [18.647916666666667, 54.372706666666666], [18.647915, 54.37271333333333], [18.64788, 54.372719999999994], [18.647873333333333, 54.372719999999994], [18.647925, 54.37271333333333], [18.64792333333333, 54.37271333333333], [18.647938333333332, 54.37269666666667], [18.647943333333334, 54.372706666666666], [18.647938333333332, 54.37271333333333], [18.647906666666664, 54.37271333333333], [18.647933333333334, 54.37278666666667], [18.647888333333334, 54.37269666666667], [18.64789, 54.372679999999995], [18.647925, 54.372663333333335], [18.647943333333334, 54.372706666666666], [18.64790833333333, 54.372706666666666], [18.64790833333333, 54.37269666666667], [18.647941666666668, 54.372679999999995], [18.6479, 54.37269666666667], [18.647896666666668, 54.37269666666667], [18.64792, 54.37269666666667], [18.647906666666664, 54.372663333333335], [18.64789, 54.37267333333333], [18.647916666666667, 54.372706666666666], [18.647938333333332, 54.372679999999995], [18.647888333333334, 54.372719999999994], [18.64787, 54.37273666666667], [18.64790833333333, 54.372679999999995], [18.64792333333333, 54.37267333333333], [18.647888333333334, 54.37269666666667], [18.647916666666667, 54.372706666666666], [18.647933333333334, 54.37269666666667], [18.647896666666668, 54.372706666666666], [18.647936666666666, 54.37271333333333], [18.647896666666668, 54.372679999999995], [18.647936666666666, 54.372706666666666], [18.64792, 54.372679999999995], [18.64790833333333, 54.372719999999994], [18.64789, 54.372706666666666], [18.647949999999998, 54.372706666666666], [18.64790833333333, 54.37271333333333], [18.647898333333334, 54.37271333333333], [18.647951666666664, 54.372719999999994], [18.647936666666666, 54.372719999999994], [18.647916666666667, 54.37273666666667], [18.647895000000002, 54.37267333333333], [18.648006666666667, 54.372706666666666], [18.647896666666668, 54.37269666666667], [18.647904999999998, 54.372719999999994], [18.647896666666668, 54.372679999999995], [18.647896666666668, 54.37269666666667], [18.64793166666667, 54.37267333333333], [18.64792333333333, 54.37264666666667], [18.647936666666666, 54.372663333333335], [18.64796833333333, 54.37271333333333], [18.647963333333333, 54.372706666666666], [18.647896666666668, 54.37271333333333], [18.647873333333333, 54.372719999999994], [18.647895000000002, 54.37269666666667], [18.647938333333332, 54.372706666666666], [18.647904999999998, 54.37271333333333], [18.64793166666667, 54.37271333333333], [18.64790833333333, 54.37273666666667], [18.64789, 54.372706666666666], [18.647888333333334, 54.37267333333333], [18.64792333333333, 54.372730000000004], [18.647925, 54.37269666666667], [18.647896666666668, 54.37267333333333], [18.647941666666668, 54.37269666666667], [18.647916666666667, 54.372719999999994], [18.647955000000003, 54.37269666666667], [18.647913333333335, 54.37269666666667], [18.647888333333334, 54.372719999999994], [18.647913333333335, 54.372706666666666], [18.64787, 54.37271333333333]]}, "properties": {"label": "ERLEND", "mmsi": "275031017", "imo": "8820339", "name": "ERLEND", "shiptype": "", "first_seen_utc": "2026-01-07T15:20:51Z", "last_seen_utc": "2026-01-15T15:48:37Z", "destination": "PLGDN", "eta": "{'Day': 8, 'Hour': 8, 'Minute': 0, 'Month': 1}", "display": "", "links": "<a href=\"https://www.vesselfinder.com/vessels?name=8820339\" target=\"_blank\" rel=\"noopener\">VesselFinder</a> | <a href=\"https://www.marinetraffic.com/en/ais/search/all?keyword=8820339\" target=\"_blank\" rel=\"noopener\">MarineTraffic</a>", "vf_url": "https://www.vesselfinder.com/vessels?name=8820339", "mst_url": "https://www.marinetraffic.com/en/ais/search/all?keyword=8820339", "method": "v3_2pass_track3d_fromru10d", "ru_seen_in_lookback": true, "in_monitor_on_day": true}}, {"type": "Feature", "geometry": {"type": "Point", "coordinates": [18.64787, 54.37271333333333]}, "properties": {"label": "ERLEND", "mmsi": "275031017", "imo": "8820339", "name": "ERLEND", "shiptype": "", "first_seen_utc": "2026-01-07T15:20:51Z", "last_seen_utc": "2026-01-15T15:48:37Z", "destination": "PLGDN", "eta": "{'Day': 8, 'Hour': 8, 'Minute': 0, 'Month': 1}", "display": "ERLEND (275031017)", "links": "<a href=\"https://www.vesselfinder.com/vessels?name=8820339\" target=\"_blank\" rel=\"noopener\">VesselFinder</a> | <a href=\"https://www.marinetraffic.com/en/ais/search/all?keyword=8820339\" target=\"_blank\" rel=\"noopener\">MarineTraffic</a>", "vf_url": "https://www.vesselfinder.com/vessels?name=8820339", "mst_url": "https://www.marinetraffic.com/en/ais/search/all?keyword=8820339", "method": "v3_2pass_track3d_fromru10d", "ru_seen_in_lookback": true, "in_monitor_on_day": true}}, {"type": "Feature", "geometry": {"type": "LineString", "coordinates": [[19.07467, 55.06716666666667], [19.07594, 54.966564999999996], [19.058636666666665, 54.89174166666667], [19.022433333333332, 54.82432666666667], [18.987141666666666, 54.75474833333333], [18.945276666666665, 54.68449833333333], [18.900721666666666, 54.61714666666667], [18.849, 54.557021666666664], [18.844003333333333, 54.51295666666667], [18.839448333333333, 54.481903333333335], [18.837466666666668, 54.46868833333333], [18.837335, 54.463795], [18.83713, 54.463515], [18.837111666666665, 54.464166666666664], [18.83666, 54.464115], [18.83692166666667, 54.464153333333336], [18.83679, 54.464126666666665], [18.836793333333333, 54.46412833333333], [18.836946666666666, 54.46410166666667], [18.83697, 54.46411333333333], [18.83716666666667, 54.46411333333333], [18.837251666666667, 54.464108333333336], [18.837365, 54.46412333333333], [18.837536666666665, 54.464121666666664], [18.83742833333333, 54.464126666666665], [18.837384999999998, 54.464153333333336], [18.837663333333335, 54.464095], [18.837795000000003, 54.46408333333333], [18.838266666666666, 54.46399666666667], [18.83862, 54.46391666666667], [18.839133333333333, 54.463748333333335], [18.839066666666668, 54.46374333333333], [18.84018, 54.46309], [18.84014, 54.46315666666667], [18.840195, 54.46295166666666], [18.840281666666666, 54.46279833333333], [18.840465, 54.46264833333333], [18.840288333333334, 54.46291333333333], [18.84011, 54.46319833333334], [18.84009, 54.463210000000004], [18.840075000000002, 54.46311166666667], [18.840086666666664, 54.46317666666666], [18.839968333333335, 54.463370000000005], [18.839818333333334, 54.463433333333334], [18.839481666666664, 54.46359333333333], [18.839448333333333, 54.46362], [18.83909, 54.46372833333333], [18.838601666666666, 54.463845], [18.838525, 54.463816666666666], [18.837663333333335, 54.46402666666667], [18.837578333333333, 54.46405333333333], [18.837705000000003, 54.46404], [18.838295000000002, 54.463955000000006], [18.838873333333332, 54.46380166666667], [18.838043333333335, 54.46407833333333], [18.837921666666666, 54.464095], [18.83735, 54.46402666666667], [18.837228333333332, 54.464076666666664], [18.837148333333335, 54.464108333333336], [18.837653333333332, 54.46411166666667], [18.837515, 54.46409333333334], [18.837335, 54.46407833333333], [18.83715, 54.46408833333333], [18.836581666666667, 54.464016666666666], [18.836535, 54.464015], [18.836818333333333, 54.464058333333334], [18.836833333333335, 54.464063333333335]]}, "properties": {"label": "ISTANBUL-M", "mmsi": "352003516", "imo": "9450818", "name": "ISTANBUL-M", "shiptype": "", "first_seen_utc": "2026-01-07T16:49:51Z", "last_seen_utc": "2026-01-15T16:03:51Z", "destination": "PL GDN", "eta": "{'Day': 14, 'Hour': 11, 'Minute': 0, 'Month': 1}", "display": "", "links": "<a href=\"https://www.vesselfinder.com/vessels?name=9450818\" target=\"_blank\" rel=\"noopener\">VesselFinder</a> | <a href=\"https://www.marinetraffic.com/en/ais/search/all?keyword=9450818\" target=\"_blank\" rel=\"noopener\">MarineTraffic</a>", "vf_url": "https://www.vesselfinder.com/vessels?name=9450818", "mst_url": "https://www.marinetraffic.com/en/ais/search/all?keyword=9450818", "method": "v3_2pass_track3d_fromru10d", "ru_seen_in_lookback": true, "in_monitor_on_day": true}}, {"type": "Feature", "geometry": {"type": "Point", "coordinates": [18.836833333333335, 54.464063333333335]}, "properties": {"label": "ISTANBUL-M", "mmsi": "352003516", "imo": "9450818", "name": "ISTANBUL-M", "shiptype": "", "first_seen_utc": "2026-01-07T16:49:51Z", "last_seen_utc": "2026-01-15T16:03:51Z", "destination": "PL GDN", "eta": "{'Day': 14, 'Hour': 11, 'Minute': 0, 'Month': 1}", "display": "ISTANBUL-M (352003516)", "links": "<a href=\"https://www.vesselfinder.com/vessels?name=9450818\" target=\"_blank\" rel=\"noopener\">VesselFinder</a> | <a href=\"https://www.marinetraffic.com/en/ais/search/all?keyword=9450818\" target=\"_blank\" rel=\"noopener\">MarineTraffic</a>", "vf_url": "https://www.vesselfinder.com/vessels?name=9450818", "mst_url": "https://www.marinetraffic.com/en/ais/search/all?keyword=9450818", "method": "v3_2pass_track3d_fromru10d", "ru_seen_in_lookback": true, "in_monitor_on_day": true}}, {"type": "Feature", "geometry": {"type": "LineString", "coordinates": [[15.54942, 55.74198166666667], [15.258866666666668, 55.64868333333333], [15.111713333333334, 55.60172], [14.66009, 55.460119999999996], [14.532228333333334, 55.396049999999995], [14.413326666666668, 55.322195], [14.223001666666667, 55.176431666666666], [12.259538333333333, 54.57955833333333], [12.196813333333333, 54.468576666666664], [12.051036666666667, 54.43387499999999], [11.874718333333334, 54.432696666666665], [11.707683333333334, 54.455130000000004], [11.553474999999999, 54.497616666666666], [11.392995, 54.54220333333333], [11.234158333333333, 54.592295], [11.061, 54.60332666666667], [10.911883333333332, 54.631780000000006], [10.766506666666666, 54.683233333333334], [10.8087, 54.76780833333333], [10.838135, 54.858713333333334], [10.92334, 54.949835], [11.034948333333334, 55.035195], [11.05034, 55.14534833333333], [11.095471666666667, 55.244193333333335], [10.869815, 55.51965833333334], [10.799681666666666, 55.62051833333333], [10.804805, 55.72468166666667], [10.826531666666666, 55.82641833333333], [10.421475, 57.851185], [10.142158333333333, 57.84632166666667], [9.916123333333333, 57.837138333333336], [9.716141666666665, 57.826638333333335], [9.542041666666668, 57.80468166666667], [9.367176666666667, 57.74321833333333], [9.222658333333333, 57.694305], [9.084075, 57.645221666666664], [8.945526666666666, 57.594741666666664], [8.804181666666667, 57.54329], [8.662291666666667, 57.49493666666667], [8.32995, 57.38659666666667], [8.1975, 57.34048], [7.397043333333333, 56.900153333333336]]}, "properties": {"label": "ROSTRUM ZUG", "mmsi": "636093387", "imo": "9952646", "name": "ROSTRUM ZUG", "shiptype": "", "first_seen_utc": "2026-01-07T23:37:04Z", "last_seen_utc": "2026-01-15T07:00:41Z", "destination": "ITMNF", "eta": "{'Day': 26, 'Hour': 12, 'Minute': 10, 'Month': 1}", "display": "", "links": "<a href=\"https://www.vesselfinder.com/vessels?name=9952646\" target=\"_blank\" rel=\"noopener\">VesselFinder</a> | <a href=\"https://www.marinetraffic.com/en/ais/search/all?keyword=9952646\" target=\"_blank\" rel=\"noopener\">MarineTraffic</a>", "vf_url": "https://www.vesselfinder.com/vessels?name=9952646", "mst_url": "https://www.marinetraffic.com/en/ais/search/all?keyword=9952646", "method": "v3_2pass_track3d_fromru10d", "ru_seen_in_lookback": true, "in_monitor_on_day": true}}, {"type": "Feature", "geometry": {"type": "Point", "coordinates": [7.397043333333333, 56.900153333333336]}, "properties": {"label": "ROSTRUM ZUG", "mmsi": "636093387", "imo": "9952646", "name": "ROSTRUM ZUG", "shiptype": "", "first_seen_utc": "2026-01-07T23:37:04Z", "last_seen_utc": "2026-01-15T07:00:41Z", "destination": "ITMNF", "eta": "{'Day': 26, 'Hour': 12, 'Minute': 10, 'Month': 1}", "display": "ROSTRUM ZUG (636093387)", "links": "<a href=\"https://www.vesselfinder.com/vessels?name=9952646\" target=\"_blank\" rel=\"noopener\">VesselFinder</a> | <a href=\"https://www.marinetraffic.com/en/ais/search/all?keyword=9952646\" target=\"_blank\" rel=\"noopener\">MarineTraffic</a>", "vf_url": "https://www.vesselfinder.com/vessels?name=9952646", "mst_url": "https://www.marinetraffic.com/en/ais/search/all?keyword=9952646", "method": "v3_2pass_track3d_fromru10d", "ru_seen_in_lookback": true, "in_monitor_on_day": true}}, {"type": "Feature", "geometry": {"type": "LineString", "coordinates": [[18.454605, 55.058006666666664], [18.709041666666668, 54.958108333333335], [18.866696666666666, 54.89590833333333], [18.959641666666666, 54.80851333333333], [19.03563, 54.70843833333333], [19.068331666666666, 54.620580000000004], [19.015245, 54.544585], [18.933348333333335, 54.486905], [18.89703666666667, 54.465995], [18.893018333333334, 54.46128], [18.890763333333332, 54.461455], [18.891264999999997, 54.46152666666667], [18.89161, 54.461495], [18.891939999999998, 54.46147333333333], [18.891961666666667, 54.461445000000005], [18.892073333333332, 54.461445000000005], [18.892006666666667, 54.46145166666667], [18.891655, 54.461485], [18.891666666666666, 54.461441666666666], [18.891305, 54.46043833333333], [18.902545, 54.45210333333333], [18.874305, 54.427368333333334], [18.755670000000002, 54.40564666666667], [18.718445, 54.402921666666664], [18.71551, 54.40347], [18.715500000000002, 54.40349833333333], [18.71553833333333, 54.403488333333335], [18.715558333333334, 54.40349166666667], [18.71556, 54.40356333333333], [18.715528333333335, 54.40350333333333], [18.715511666666664, 54.40348166666667], [18.715548333333334, 54.40351], [18.715498333333336, 54.40351833333333], [18.71548, 54.403531666666666], [18.715511666666664, 54.40350166666666], [18.71549333333333, 54.403506666666665], [18.715533333333333, 54.403488333333335], [18.715528333333335, 54.40350333333333], [18.715518333333332, 54.40349833333333], [18.715496666666663, 54.4035], [18.715494999999997, 54.403488333333335], [18.715539999999997, 54.403475], [18.71555, 54.40347333333333], [18.715500000000002, 54.40351], [18.715518333333332, 54.40351333333333], [18.715526666666666, 54.40349166666667], [18.715488333333333, 54.40349666666667], [18.715486666666667, 54.4035], [18.715508333333332, 54.40349333333334], [18.715525, 54.403508333333335], [18.715531666666667, 54.40353], [18.715500000000002, 54.4035], [18.715535, 54.40347833333333], [18.715496666666663, 54.40349666666667], [18.715539999999997, 54.40349666666667], [18.715536666666665, 54.403483333333334], [18.715496666666663, 54.403515], [18.71552, 54.403505], [18.71550166666667, 54.403485], [18.715511666666664, 54.40349666666667], [18.715565, 54.403455], [18.713843333333333, 54.405141666666665], [18.715523333333334, 54.403505], [18.715525, 54.40349166666667], [18.715521666666667, 54.40349666666667], [18.715500000000002, 54.403515], [18.71552, 54.40349666666667], [18.71553833333333, 54.40348166666667], [18.71549, 54.40349666666667], [18.71549, 54.40350333333333], [18.71553833333333, 54.40351666666666], [18.715485, 54.403515], [18.715528333333335, 54.403488333333335], [18.715500000000002, 54.403495], [18.715478333333333, 54.40345666666666], [18.715513333333334, 54.40349666666667], [18.715488333333333, 54.40354166666667], [18.71549, 54.40350333333333], [18.71551, 54.40351333333333], [18.715565, 54.40347], [18.715496666666663, 54.40350333333333], [18.71549, 54.40352166666666], [18.715511666666664, 54.403505], [18.71552, 54.40349666666667], [18.71549333333333, 54.40351666666666], [18.715528333333335, 54.40348166666667], [18.715518333333332, 54.403506666666665], [18.715508333333332, 54.403486666666666], [18.715508333333332, 54.4035], [18.715521666666667, 54.40349166666667], [18.71552, 54.403495], [18.715528333333335, 54.40347333333333], [18.722345, 54.401963333333335], [18.841846666666665, 54.41916333333334], [18.988395, 54.45324], [19.07349333333333, 54.55596833333333], [19.09866333333333, 54.66553666666667], [19.042193333333334, 54.777768333333334], [18.958851666666664, 54.87775333333333], [18.774540000000002, 54.94634333333333], [18.616786666666666, 55.006355]]}, "properties": {"label": "PACIFIC EMERALD", "mmsi": "538009197", "imo": "9893022", "name": "PACIFIC EMERALD", "shiptype": "", "first_seen_utc": "2026-01-08T00:53:53Z", "last_seen_utc": "2026-01-15T10:16:08Z", "destination": "CAWHH", "eta": "{'Day': 25, 'Hour': 0, 'Minute': 1, 'Month': 1}", "display": "", "links": "<a href=\"https://www.vesselfinder.com/vessels?name=9893022\" target=\"_blank\" rel=\"noopener\">VesselFinder</a> | <a href=\"https://www.marinetraffic.com/en/ais/search/all?keyword=9893022\" target=\"_blank\" rel=\"noopener\">MarineTraffic</a>", "vf_url": "https://www.vesselfinder.com/vessels?name=9893022", "mst_url": "https://www.marinetraffic.com/en/ais/search/all?keyword=9893022", "method": "v3_2pass_track3d_fromru10d", "ru_seen_in_lookback": true, "in_monitor_on_day": true}}, {"type": "Feature", "geometry": {"type": "Point", "coordinates": [18.616786666666666, 55.006355]}, "properties": {"label": "PACIFIC EMERALD", "mmsi": "538009197", "imo": "9893022", "name": "PACIFIC EMERALD", "shiptype": "", "first_seen_utc": "2026-01-08T00:53:53Z", "last_seen_utc": "2026-01-15T10:16:08Z", "destination": "CAWHH", "eta": "{'Day': 25, 'Hour': 0, 'Minute': 1, 'Month': 1}", "display": "PACIFIC EMERALD (538009197)", "links": "<a href=\"https://www.vesselfinder.com/vessels?name=9893022\" target=\"_blank\" rel=\"noopener\">VesselFinder</a> | <a href=\"https://www.marinetraffic.com/en/ais/search/all?keyword=9893022\" target=\"_blank\" rel=\"noopener\">MarineTraffic</a>", "vf_url": "https://www.vesselfinder.com/vessels?name=9893022", "mst_url": "https://www.marinetraffic.com/en/ais/search/all?keyword=9893022", "method": "v3_2pass_track3d_fromru10d", "ru_seen_in_lookback": true, "in_monitor_on_day": true}}, {"type": "Feature", "geometry": {"type": "LineString", "coordinates": [[18.987073333333335, 54.84940666666667], [18.984013333333333, 54.781346666666664], [18.966281666666664, 54.72229], [18.932765, 54.66616333333333], [18.894655, 54.611556666666665], [18.836861666666668, 54.56396333333333], [18.77015833333333, 54.519596666666665], [18.698616666666666, 54.47649666666667], [18.665423333333333, 54.45503], [18.66391666666667, 54.45558333333334], [18.66383666666667, 54.455573333333334], [18.663833333333333, 54.45554333333334], [18.664134999999998, 54.45560666666667], [18.66331166666667, 54.45537], [18.663921666666667, 54.45562333333333], [18.663673333333335, 54.45551666666667], [18.664083333333334, 54.45541333333333], [18.664765, 54.457469999999994], [18.654049999999998, 54.418816666666665], [18.665221666666664, 54.38672666666666], [18.665686666666666, 54.36921333333333], [18.665791666666667, 54.36928], [18.665775, 54.369263333333336], [18.66579, 54.36928], [18.665781666666664, 54.36930333333333], [18.665806666666665, 54.36930333333333], [18.665771666666668, 54.36932], [18.665816666666668, 54.36930333333333], [18.665818333333334, 54.369310000000006], [18.66576, 54.36928], [18.665785000000003, 54.369310000000006], [18.665806666666665, 54.369310000000006], [18.66579833333333, 54.36928666666667], [18.665808333333334, 54.36928666666667], [18.66578333333333, 54.369310000000006], [18.665824999999998, 54.369310000000006], [18.665793333333333, 54.36930333333333], [18.665806666666665, 54.36928666666667], [18.66581, 54.36928], [18.665821666666666, 54.369310000000006], [18.665835, 54.36928666666667], [18.665808333333334, 54.369310000000006], [18.665801666666667, 54.36930333333333], [18.66581, 54.36930333333333], [18.665824999999998, 54.36928], [18.665806666666665, 54.36928666666667], [18.66579833333333, 54.369310000000006], [18.665815000000002, 54.36928], [18.665808333333334, 54.36930333333333], [18.665766666666666, 54.36930333333333], [18.66579, 54.36930333333333], [18.665821666666666, 54.369310000000006], [18.66581, 54.36930333333333], [18.665525, 54.3691], [18.663576666666664, 54.36409666666667], [18.663561666666666, 54.36408666666667], [18.665781666666664, 54.369310000000006], [18.665801666666667, 54.36933666666666], [18.665766666666666, 54.36930333333333], [18.66579, 54.36928666666667], [18.665756666666667, 54.36930333333333], [18.665806666666665, 54.36932], [18.66579, 54.36930333333333], [18.66578333333333, 54.36930333333333], [18.665781666666664, 54.36930333333333], [18.665766666666666, 54.36930333333333], [18.665806666666665, 54.36930333333333], [18.665755, 54.36928666666667], [18.665781666666664, 54.36932], [18.665781666666664, 54.36930333333333], [18.66579833333333, 54.369310000000006], [18.665779999999998, 54.36930333333333], [18.665836666666667, 54.36930333333333], [18.665791666666667, 54.36930333333333], [18.665781666666664, 54.36930333333333], [18.665781666666664, 54.369310000000006], [18.665743333333335, 54.369310000000006], [18.665738333333334, 54.36921333333333], [18.664761666666667, 54.36314333333333], [18.671598333333336, 54.39159333333334], [18.658635, 54.42527666666667], [18.72077, 54.47304666666666], [18.794566666666665, 54.521566666666665], [18.869179999999997, 54.57073666666667], [18.931216666666668, 54.62704333333333], [18.965311666666665, 54.692969999999995], [18.971085000000002, 54.77452]]}, "properties": {"label": "RADUGA PROTON", "mmsi": "209658000", "imo": "8131116", "name": "RADUGA PROTON", "shiptype": "", "first_seen_utc": "2026-01-08T01:45:09Z", "last_seen_utc": "2026-01-15T07:38:55Z", "destination": "EE TLL", "eta": "{'Day': 17, 'Hour': 9, 'Minute': 0, 'Month': 1}", "display": "", "links": "<a href=\"https://www.vesselfinder.com/vessels?name=8131116\" target=\"_blank\" rel=\"noopener\">VesselFinder</a> | <a href=\"https://www.marinetraffic.com/en/ais/search/all?keyword=8131116\" target=\"_blank\" rel=\"noopener\">MarineTraffic</a>", "vf_url": "https://www.vesselfinder.com/vessels?name=8131116", "mst_url": "https://www.marinetraffic.com/en/ais/search/all?keyword=8131116", "method": "v3_2pass_track3d_fromru10d", "ru_seen_in_lookback": true, "in_monitor_on_day": true}}, {"type": "Feature", "geometry": {"type": "Point", "coordinates": [18.971085000000002, 54.77452]}, "properties": {"label": "RADUGA PROTON", "mmsi": "209658000", "imo": "8131116", "name": "RADUGA PROTON", "shiptype": "", "first_seen_utc": "2026-01-08T01:45:09Z", "last_seen_utc": "2026-01-15T07:38:55Z", "destination": "EE TLL", "eta": "{'Day': 17, 'Hour': 9, 'Minute': 0, 'Month': 1}", "display": "RADUGA PROTON (209658000)", "links": "<a href=\"https://www.vesselfinder.com/vessels?name=8131116\" target=\"_blank\" rel=\"noopener\">VesselFinder</a> | <a href=\"https://www.marinetraffic.com/en/ais/search/all?keyword=8131116\" target=\"_blank\" rel=\"noopener\">MarineTraffic</a>", "vf_url": "https://www.vesselfinder.com/vessels?name=8131116", "mst_url": "https://www.marinetraffic.com/en/ais/search/all?keyword=8131116", "method": "v3_2pass_track3d_fromru10d", "ru_seen_in_lookback": true, "in_monitor_on_day": true}}, {"type": "Feature", "geometry": {"type": "LineString", "coordinates": [[14.999758333333334, 55.42044833333333], [14.847518333333333, 55.35935166666666], [14.622676666666667, 55.279048333333336], [12.272681666666667, 54.60282666666667], [12.227565, 54.52688], [12.155661666666667, 54.44738333333333], [11.983836666666667, 54.443189999999994], [11.797763333333334, 54.44602833333333], [11.618265000000001, 54.47564], [11.451465, 54.52137166666667], [11.275335, 54.570953333333335], [11.094446666666666, 54.606766666666665], [10.917926666666666, 54.62879833333333], [10.776408333333334, 54.693414999999995], [10.826283333333333, 54.79406166666667], [10.847943333333335, 54.88998166666667], [10.956003333333333, 54.96818333333333], [10.998676666666666, 55.06979666666667], [11.010561666666666, 55.169914999999996], [11.103556666666666, 55.233235], [11.037493333333334, 55.33182166666666], [10.865643333333333, 55.52467166666667], [10.793321666666666, 55.627523333333336], [10.803468333333333, 55.72876833333333], [10.818978333333332, 55.831275], [10.903343333333334, 55.90846666666666], [10.462895, 57.85205333333333], [10.17954, 57.842645], [9.989195, 57.839076666666664], [9.79791, 57.835725000000004], [9.599893333333334, 57.83132333333333], [9.418996666666667, 57.81169666666666], [9.259236666666668, 57.76754833333334], [9.098741666666665, 57.72291166666666], [8.943156666666665, 57.67062833333333], [8.779391666666667, 57.622798333333336], [8.619813333333333, 57.575435], [8.453313333333334, 57.526073333333336], [8.294135, 57.47806333333333], [8.139445, 57.432795000000006], [7.987306666666667, 57.387481666666666], [7.831985, 57.34067], [7.673374999999999, 57.29366], [7.511368333333333, 57.24661166666667], [7.346988333333333, 57.197273333333335], [7.183063333333333, 57.147655], [7.0227683333333335, 57.09941], [6.872808333333333, 57.034191666666665], [6.7326983333333335, 56.95056833333333]]}, "properties": {"label": "EVRIDIKI", "mmsi": "636013156", "imo": "9318137", "name": "EVRIDIKI", "shiptype": "", "first_seen_utc": "2026-01-08T05:03:43Z", "last_seen_utc": "2026-01-15T07:42:42Z", "destination": "TR TUT", "eta": "{'Day': 26, 'Hour': 19, 'Minute': 0, 'Month': 1}", "display": "", "links": "<a href=\"https://www.vesselfinder.com/vessels?name=9318137\" target=\"_blank\" rel=\"noopener\">VesselFinder</a> | <a href=\"https://www.marinetraffic.com/en/ais/search/all?keyword=9318137\" target=\"_blank\" rel=\"noopener\">MarineTraffic</a>", "vf_url": "https://www.vesselfinder.com/vessels?name=9318137", "mst_url": "https://www.marinetraffic.com/en/ais/search/all?keyword=9318137", "method": "v3_2pass_track3d_fromru10d", "ru_seen_in_lookback": true, "in_monitor_on_day": true}}, {"type": "Feature", "geometry": {"type": "Point", "coordinates": [6.7326983333333335, 56.95056833333333]}, "properties": {"label": "EVRIDIKI", "mmsi": "636013156", "imo": "9318137", "name": "EVRIDIKI", "shiptype": "", "first_seen_utc": "2026-01-08T05:03:43Z", "last_seen_utc": "2026-01-15T07:42:42Z", "destination": "TR TUT", "eta": "{'Day': 26, 'Hour': 19, 'Minute': 0, 'Month': 1}", "display": "EVRIDIKI (636013156)", "links": "<a href=\"https://www.vesselfinder.com/vessels?name=9318137\" target=\"_blank\" rel=\"noopener\">VesselFinder</a> | <a href=\"https://www.marinetraffic.com/en/ais/search/all?keyword=9318137\" target=\"_blank\" rel=\"noopener\">MarineTraffic</a>", "vf_url": "https://www.vesselfinder.com/vessels?name=9318137", "mst_url": "https://www.marinetraffic.com/en/ais/search/all?keyword=9318137", "method": "v3_2pass_track3d_fromru10d", "ru_seen_in_lookback": true, "in_monitor_on_day": true}}, {"type": "Feature", "geometry": {"type": "LineString", "coordinates": [[15.678336666666667, 55.70064166666667], [15.391681666666667, 55.66396666666667], [15.209143333333333, 55.624485], [15.047888333333333, 55.57909166666666], [14.883343333333332, 55.539545], [14.722158333333335, 55.49444833333334], [14.577091666666666, 55.435021666666664], [14.462349999999999, 55.345913333333336], [14.360691666666666, 55.26564333333333], [12.333841666666666, 54.627365000000005], [12.248276666666667, 54.561638333333335], [12.204199999999998, 54.471575], [12.064150000000001, 54.44717], [11.895898333333333, 54.45148166666667], [11.727943333333334, 54.46210166666666], [11.570853333333334, 54.491076666666665], [11.418413333333332, 54.528263333333335], [11.257885, 54.573355], [11.095055, 54.60837166666667], [10.933591666666667, 54.62670666666667], [10.781025, 54.680416666666666], [10.810184999999999, 54.77487833333333], [10.837063333333333, 54.865345000000005], [10.888743333333334, 54.93813333333333], [10.981315, 55.00190166666666], [10.989545, 55.097425], [11.051181666666668, 55.17973166666666], [11.082748333333333, 55.25966666666667], [11.03873, 55.36123333333333], [10.858938333333333, 55.536321666666666], [10.796435, 55.628245], [10.799806666666665, 55.72170333333334], [10.816035, 55.82270333333334], [10.899851666666667, 55.90808333333334], [11.094606666666666, 56.142828333333334], [9.934785, 57.82044666666666], [9.748845, 57.80942666666667]]}, "properties": {"label": "NAFSIKA", "mmsi": "255915964", "imo": "9913511", "name": "NAFSIKA", "shiptype": "", "first_seen_utc": "2026-01-08T07:45:50Z", "last_seen_utc": "2026-01-15T15:46:57Z", "destination": "EGPSD", "eta": "{'Day': 28, 'Hour': 20, 'Minute': 0, 'Month': 1}", "display": "", "links": "<a href=\"https://www.vesselfinder.com/vessels?name=9913511\" target=\"_blank\" rel=\"noopener\">VesselFinder</a> | <a href=\"https://www.marinetraffic.com/en/ais/search/all?keyword=9913511\" target=\"_blank\" rel=\"noopener\">MarineTraffic</a>", "vf_url": "https://www.vesselfinder.com/vessels?name=9913511", "mst_url": "https://www.marinetraffic.com/en/ais/search/all?keyword=9913511", "method": "v3_2pass_track3d_fromru10d", "ru_seen_in_lookback": true, "in_monitor_on_day": true}}, {"type": "Feature", "geometry": {"type": "Point", "coordinates": [9.748845, 57.80942666666667]}, "properties": {"label": "NAFSIKA", "mmsi": "255915964", "imo": "9913511", "name": "NAFSIKA", "shiptype": "", "first_seen_utc": "2026-01-08T07:45:50Z", "last_seen_utc": "2026-01-15T15:46:57Z", "destination": "EGPSD", "eta": "{'Day': 28, 'Hour': 20, 'Minute': 0, 'Month': 1}", "display": "NAFSIKA (255915964)", "links": "<a href=\"https://www.vesselfinder.com/vessels?name=9913511\" target=\"_blank\" rel=\"noopener\">VesselFinder</a> | <a href=\"https://www.marinetraffic.com/en/ais/search/all?keyword=9913511\" target=\"_blank\" rel=\"noopener\">MarineTraffic</a>", "vf_url": "https://www.vesselfinder.com/vessels?name=9913511", "mst_url": "https://www.marinetraffic.com/en/ais/search/all?keyword=9913511", "method": "v3_2pass_track3d_fromru10d", "ru_seen_in_lookback": true, "in_monitor_on_day": true}}, {"type": "Feature", "geometry": {"type": "LineString", "coordinates": [[10.013884999999998, 57.85295166666666], [9.840103333333333, 57.851715], [9.684305, 57.843621666666664], [9.547131666666667, 57.793528333333335], [9.401636666666667, 57.74364666666667], [9.259031666666667, 57.69437666666667], [9.123616666666667, 57.646368333333335], [8.98617, 57.59577], [8.858735, 57.54584833333333], [8.723225000000001, 57.497899999999994], [8.578868333333332, 57.4553], [8.38672, 57.38096666666667], [8.276568333333334, 57.32537833333333], [8.150715, 57.24827833333333], [7.98527, 57.205839999999995], [7.857060000000001, 57.15922833333333], [7.701931666666667, 57.09587166666667], [7.5404816666666665, 57.03731833333333]]}, "properties": {"label": "HERMES", "mmsi": "636015035", "imo": "9613056", "name": "HERMES", "shiptype": "", "first_seen_utc": "2026-01-08T15:27:05Z", "last_seen_utc": "2026-01-15T01:10:49Z", "destination": "MYLUM", "eta": "{'Day': 22, 'Hour': 2, 'Minute': 0, 'Month': 2}", "display": "", "links": "<a href=\"https://www.vesselfinder.com/vessels?name=9613056\" target=\"_blank\" rel=\"noopener\">VesselFinder</a> | <a href=\"https://www.marinetraffic.com/en/ais/search/all?keyword=9613056\" target=\"_blank\" rel=\"noopener\">MarineTraffic</a>", "vf_url": "https://www.vesselfinder.com/vessels?name=9613056", "mst_url": "https://www.marinetraffic.com/en/ais/search/all?keyword=9613056", "method": "v3_2pass_track3d_fromru10d", "ru_seen_in_lookback": true, "in_monitor_on_day": true}}, {"type": "Feature", "geometry": {"type": "Point", "coordinates": [7.5404816666666665, 57.03731833333333]}, "properties": {"label": "HERMES", "mmsi": "636015035", "imo": "9613056", "name": "HERMES", "shiptype": "", "first_seen_utc": "2026-01-08T15:27:05Z", "last_seen_utc": "2026-01-15T01:10:49Z", "destination": "MYLUM", "eta": "{'Day': 22, 'Hour': 2, 'Minute': 0, 'Month': 2}", "display": "HERMES (636015035)", "links": "<a href=\"https://www.vesselfinder.com/vessels?name=9613056\" target=\"_blank\" rel=\"noopener\">VesselFinder</a> | <a href=\"https://www.marinetraffic.com/en/ais/search/all?keyword=9613056\" target=\"_blank\" rel=\"noopener\">MarineTraffic</a>", "vf_url": "https://www.vesselfinder.com/vessels?name=9613056", "mst_url": "https://www.marinetraffic.com/en/ais/search/all?keyword=9613056", "method": "v3_2pass_track3d_fromru10d", "ru_seen_in_lookback": true, "in_monitor_on_day": true}}, {"type": "Feature", "geometry": {"type": "LineString", "coordinates": [[10.496865000000001, 57.85620166666667], [10.314493333333333, 57.84683], [10.110333333333333, 57.840516666666666], [9.916851666666668, 57.83294166666667], [9.721174999999999, 57.819539999999996], [9.546845, 57.78787833333333], [9.378855, 57.73106833333333], [9.219018333333334, 57.67576833333333], [9.055299999999999, 57.619704999999996], [8.862988333333334, 57.555661666666666], [8.705581666666665, 57.502606666666665], [8.532141666666666, 57.444628333333334], [8.369775, 57.394241666666666], [8.232261666666666, 57.329523333333334], [8.11675, 57.252680000000005], [8.01923, 57.16227666666667], [6.823226666666667, 56.21386666666667]]}, "properties": {"label": "XIN LONG YUN 86", "mmsi": "412705880", "imo": "9162265", "name": "XIN LONG YUN 86", "shiptype": "", "first_seen_utc": "2026-01-08T17:57:16Z", "last_seen_utc": "2026-01-15T04:51:42Z", "destination": "EGEDK", "eta": "{'Day': 19, 'Hour': 15, 'Minute': 0, 'Month': 1}", "display": "", "links": "<a href=\"https://www.vesselfinder.com/vessels?name=9162265\" target=\"_blank\" rel=\"noopener\">VesselFinder</a> | <a href=\"https://www.marinetraffic.com/en/ais/search/all?keyword=9162265\" target=\"_blank\" rel=\"noopener\">MarineTraffic</a>", "vf_url": "https://www.vesselfinder.com/vessels?name=9162265", "mst_url": "https://www.marinetraffic.com/en/ais/search/all?keyword=9162265", "method": "v3_2pass_track3d_fromru10d", "ru_seen_in_lookback": true, "in_monitor_on_day": true}}, {"type": "Feature", "geometry": {"type": "Point", "coordinates": [6.823226666666667, 56.21386666666667]}, "properties": {"label": "XIN LONG YUN 86", "mmsi": "412705880", "imo": "9162265", "name": "XIN LONG YUN 86", "shiptype": "", "first_seen_utc": "2026-01-08T17:57:16Z", "last_seen_utc": "2026-01-15T04:51:42Z", "destination": "EGEDK", "eta": "{'Day': 19, 'Hour': 15, 'Minute': 0, 'Month': 1}", "display": "XIN LONG YUN 86 (412705880)", "links": "<a href=\"https://www.vesselfinder.com/vessels?name=9162265\" target=\"_blank\" rel=\"noopener\">VesselFinder</a> | <a href=\"https://www.marinetraffic.com/en/ais/search/all?keyword=9162265\" target=\"_blank\" rel=\"noopener\">MarineTraffic</a>", "vf_url": "https://www.vesselfinder.com/vessels?name=9162265", "mst_url": "https://www.marinetraffic.com/en/ais/search/all?keyword=9162265", "method": "v3_2pass_track3d_fromru10d", "ru_seen_in_lookback": true, "in_monitor_on_day": true}}, {"type": "Feature", "geometry": {"type": "LineString", "coordinates": [[9.655443333333332, 57.67147], [4.657358333333334, 53.591535], [4.590333333333334, 53.486821666666664], [4.5347, 53.398516666666666], [4.477045, 53.307935], [4.413405, 53.218849999999996], [4.32155, 53.143211666666666], [4.21004, 53.07974166666667], [4.099245, 53.01860833333333], [3.7458066666666667, 52.797375], [3.0780033333333336, 52.24059666666667], [2.9801116666666667, 52.162850000000006], [2.1784433333333335, 51.577713333333335], [2.0779783333333333, 51.518278333333335], [1.988505, 51.45429166666667], [1.9210099999999999, 51.387101666666666], [1.8568416666666667, 51.31963], [1.7930750000000002, 51.25400333333334], [1.7097033333333334, 51.199945], [1.6203566666666667, 51.15555333333334], [1.5282266666666666, 51.110890000000005], [1.4327933333333334, 51.062846666666665], [-0.16346000000000002, 50.33838166666667], [-0.24150333333333332, 50.280723333333334], [-0.314865, 50.217935000000004], [-0.38642, 50.15463333333333], [-0.43871000000000004, 50.09273833333334], [-0.49047, 50.024930000000005]]}, "properties": {"label": "LUCKY", "mmsi": "636022993", "imo": "9037305", "name": "LUCKY", "shiptype": "", "first_seen_utc": "2026-01-08T18:45:19Z", "last_seen_utc": "2026-01-15T12:16:46Z", "destination": "MA JFL", "eta": "{'Day': 20, 'Hour': 12, 'Minute': 0, 'Month': 1}", "display": "", "links": "<a href=\"https://www.vesselfinder.com/vessels?name=9037305\" target=\"_blank\" rel=\"noopener\">VesselFinder</a> | <a href=\"https://www.marinetraffic.com/en/ais/search/all?keyword=9037305\" target=\"_blank\" rel=\"noopener\">MarineTraffic</a>", "vf_url": "https://www.vesselfinder.com/vessels?name=9037305", "mst_url": "https://www.marinetraffic.com/en/ais/search/all?keyword=9037305", "method": "v3_2pass_track3d_fromru10d", "ru_seen_in_lookback": true, "in_monitor_on_day": true}}, {"type": "Feature", "geometry": {"type": "Point", "coordinates": [-0.49047, 50.024930000000005]}, "properties": {"label": "LUCKY", "mmsi": "636022993", "imo": "9037305", "name": "LUCKY", "shiptype": "", "first_seen_utc": "2026-01-08T18:45:19Z", "last_seen_utc": "2026-01-15T12:16:46Z", "destination": "MA JFL", "eta": "{'Day': 20, 'Hour': 12, 'Minute': 0, 'Month': 1}", "display": "LUCKY (636022993)", "links": "<a href=\"https://www.vesselfinder.com/vessels?name=9037305\" target=\"_blank\" rel=\"noopener\">VesselFinder</a> | <a href=\"https://www.marinetraffic.com/en/ais/search/all?keyword=9037305\" target=\"_blank\" rel=\"noopener\">MarineTraffic</a>", "vf_url": "https://www.vesselfinder.com/vessels?name=9037305", "mst_url": "https://www.marinetraffic.com/en/ais/search/all?keyword=9037305", "method": "v3_2pass_track3d_fromru10d", "ru_seen_in_lookback": true, "in_monitor_on_day": true}}, {"type": "Feature", "geometry": {"type": "LineString", "coordinates": [[18.807395, 54.964775], [18.896195, 54.886966666666666], [18.974899999999998, 54.807925], [19.073933333333333, 54.717396666666666], [19.148585, 54.64926166666667], [19.221333333333334, 54.58255333333333], [19.342274999999997, 54.500285], [19.311141666666668, 54.503505000000004], [19.36377, 54.514435000000006], [19.405518333333337, 54.523361666666666], [19.390015000000002, 54.499225], [19.344888333333333, 54.48218333333333], [19.306415, 54.46830833333333], [19.266534999999998, 54.457045], [19.22218666666667, 54.45095], [19.176871666666667, 54.44948], [19.131385, 54.44432833333334], [19.084979999999998, 54.44931999999999], [19.041446666666666, 54.457085], [19.038455, 54.46700166666667], [19.08002, 54.467848333333336], [19.120099999999997, 54.464655], [19.160458333333334, 54.457685], [19.20129166666667, 54.451723333333334], [19.242936666666665, 54.45139833333334], [19.284648333333333, 54.45659833333333], [19.323104999999998, 54.465394999999994], [19.366606666666666, 54.47637333333333], [19.403946666666666, 54.485776666666666], [19.454776666666664, 54.50158833333333], [19.382128333333334, 54.48905833333333], [19.338951666666667, 54.478521666666666], [19.297208333333334, 54.468156666666665], [19.255184999999997, 54.458891666666666], [19.210846666666665, 54.450961666666664], [19.17701, 54.45590833333333], [19.179436666666668, 54.462865], [19.171105, 54.482861666666665], [19.167525, 54.462284999999994], [19.200576666666667, 54.448011666666666], [19.181455000000003, 54.458600000000004], [19.137431666666664, 54.46763833333333], [19.095198333333332, 54.47867166666666], [19.071118333333335, 54.494166666666665], [19.11428, 54.50289166666666], [19.15215, 54.51604333333333], [19.186413333333334, 54.530205], [19.225021666666667, 54.541338333333336], [19.26528, 54.55025333333333], [19.305616666666666, 54.56637], [19.337895, 54.58237], [19.322165, 54.58415], [19.283716666666667, 54.569665], [19.24311, 54.555460000000004], [19.204195000000002, 54.542856666666665], [19.16563, 54.530445], [19.12437333333333, 54.516765], [19.136895, 54.5096], [19.179311666666667, 54.51216], [19.220431666666666, 54.522531666666666], [19.25565333333333, 54.53699166666667], [19.290068333333334, 54.55052666666666], [19.32498, 54.56263666666667], [19.352073333333333, 54.56668333333334], [19.30848, 54.55026833333333], [19.26669, 54.533181666666664], [19.22492833333333, 54.521319999999996], [19.182000000000002, 54.51334], [19.1444, 54.51464166666666], [19.184148333333333, 54.52648166666667], [19.220283333333334, 54.53479333333333], [19.256331666666664, 54.54284333333333], [19.292505000000002, 54.55017833333333], [19.326055, 54.557871666666664], [19.30031166666667, 54.572885], [19.261846666666667, 54.58547], [19.267103333333335, 54.572109999999995], [19.29431, 54.553628333333336], [19.31421, 54.54618333333334], [19.312023333333332, 54.552519999999994], [19.296983333333333, 54.540796666666665], [19.271958333333334, 54.50376000000001]]}, "properties": {"label": "GDY-343 HUMBAK", "mmsi": "261054050", "imo": "8404757", "name": "GDY-343 HUMBAK", "shiptype": "", "first_seen_utc": "2026-01-08T20:52:01Z", "last_seen_utc": "2026-01-15T16:01:24Z", "destination": "CPA 0,3NM AFT", "eta": "{'Day': 25, 'Hour': 0, 'Minute': 0, 'Month': 1}", "display": "", "links": "<a href=\"https://www.vesselfinder.com/vessels?name=8404757\" target=\"_blank\" rel=\"noopener\">VesselFinder</a> | <a href=\"https://www.marinetraffic.com/en/ais/search/all?keyword=8404757\" target=\"_blank\" rel=\"noopener\">MarineTraffic</a>", "vf_url": "https://www.vesselfinder.com/vessels?name=8404757", "mst_url": "https://www.marinetraffic.com/en/ais/search/all?keyword=8404757", "method": "v3_2pass_track3d_fromru10d", "ru_seen_in_lookback": true, "in_monitor_on_day": true}}, {"type": "Feature", "geometry": {"type": "Point", "coordinates": [19.271958333333334, 54.50376000000001]}, "properties": {"label": "GDY-343 HUMBAK", "mmsi": "261054050", "imo": "8404757", "name": "GDY-343 HUMBAK", "shiptype": "", "first_seen_utc": "2026-01-08T20:52:01Z", "last_seen_utc": "2026-01-15T16:01:24Z", "destination": "CPA 0,3NM AFT", "eta": "{'Day': 25, 'Hour': 0, 'Minute': 0, 'Month': 1}", "display": "GDY-343 HUMBAK (261054050)", "links": "<a href=\"https://www.vesselfinder.com/vessels?name=8404757\" target=\"_blank\" rel=\"noopener\">VesselFinder</a> | <a href=\"https://www.marinetraffic.com/en/ais/search/all?keyword=8404757\" target=\"_blank\" rel=\"noopener\">MarineTraffic</a>", "vf_url": "https://www.vesselfinder.com/vessels?name=8404757", "mst_url": "https://www.marinetraffic.com/en/ais/search/all?keyword=8404757", "method": "v3_2pass_track3d_fromru10d", "ru_seen_in_lookback": true, "in_monitor_on_day": true}}, {"type": "Feature", "geometry": {"type": "LineString", "coordinates": [[7.492061666666667, 54.11397], [7.54728, 54.05194166666667], [7.574113333333333, 54.02106666666667], [7.60049, 53.98943166666666], [7.628068333333333, 53.958165], [7.668893333333333, 53.92501], [7.777035, 53.88383833333333], [8.02449, 53.847015000000006], [8.180018333333333, 53.764415], [8.349531666666667, 53.687545], [8.48985, 53.611585], [8.52933, 53.58398666666667], [8.529771666666667, 53.584201666666665], [8.529776666666667, 53.58420666666667], [8.529765000000001, 53.584205], [8.529770000000001, 53.584201666666665], [8.529768333333333, 53.58419833333333], [8.529773333333333, 53.584195], [8.52978, 53.58419666666667], [8.529766666666667, 53.58419833333333], [8.529774999999999, 53.584195], [8.52976, 53.58419666666667], [8.529756666666666, 53.58419666666667], [8.529753333333334, 53.58418166666667], [8.529753333333334, 53.58421333333333], [8.529751666666666, 53.58419333333333], [8.529755, 53.58419], [8.529756666666666, 53.58419666666667], [8.529766666666667, 53.58419333333333], [8.529755, 53.5842], [8.529763333333333, 53.58419833333333], [8.529765000000001, 53.584201666666665], [8.529773333333333, 53.584203333333335], [8.529778333333333, 53.58419833333333], [8.529766666666667, 53.58419833333333], [8.52978, 53.5842], [8.529770000000001, 53.584205], [8.52976, 53.584195], [8.529770000000001, 53.58419666666667], [8.529768333333333, 53.58419833333333], [8.529776666666667, 53.58419833333333], [8.529773333333333, 53.584201666666665], [8.51732, 53.593986666666666], [8.514850000000001, 53.598445], [8.51484, 53.59844333333333], [8.514845, 53.59844666666667], [8.514850000000001, 53.598445], [8.514835, 53.59844333333333], [8.514831666666668, 53.59844666666667], [8.514836666666666, 53.59844666666667], [8.51483, 53.59844666666667], [8.514838333333334, 53.598438333333334], [8.514843333333333, 53.598445], [8.514848333333333, 53.59844333333333], [8.514838333333334, 53.59844666666667], [8.514843333333333, 53.59844333333333], [8.514838333333334, 53.598441666666666], [8.514835, 53.59844333333333], [8.514843333333333, 53.59844666666667], [8.514838333333334, 53.598445], [8.514845, 53.598441666666666], [8.514841666666666, 53.598441666666666], [8.514835, 53.598438333333334], [8.51484, 53.598441666666666], [8.514846666666667, 53.598441666666666], [8.514828333333334, 53.59844333333333], [8.514838333333334, 53.59844333333333], [8.521818333333334, 53.58651666666666], [8.544615, 53.568374999999996], [8.544686666666667, 53.56843166666667], [8.54468, 53.56842833333334], [8.544681666666666, 53.56843166666667], [8.544673333333332, 53.56843166666667], [8.544673333333332, 53.56843666666667], [8.544681666666666, 53.56843], [8.544678333333334, 53.568435], [8.544688333333333, 53.568435], [8.544683333333333, 53.56843833333333], [8.544685, 53.568435], [8.544686666666667, 53.56843333333334], [8.544685, 53.568435], [8.544675000000002, 53.56843833333333], [8.544683333333333, 53.56843333333334], [8.544686666666667, 53.56843333333334], [8.544681666666666, 53.56843333333334], [8.544686666666667, 53.56843333333334], [8.544691666666667, 53.56843666666667], [8.54468, 53.56844], [8.544673333333332, 53.56843666666667], [8.544675000000002, 53.568445], [8.544681666666666, 53.56843666666667], [8.544685, 53.56844], [8.544688333333333, 53.56843166666667], [8.544683333333333, 53.56842833333334], [8.54468, 53.568435], [8.544676666666668, 53.56843833333333], [8.544683333333333, 53.56843333333334], [8.544678333333334, 53.56843166666667], [8.544675000000002, 53.56843166666667], [8.544693333333333, 53.56843], [8.544675000000002, 53.568435], [8.544675000000002, 53.56843333333334], [8.54468, 53.56843166666667], [8.544678333333334, 53.568441666666665], [8.544673333333332, 53.56844], [8.481598333333332, 53.61789666666667], [8.34332, 53.69411]]}, "properties": {"label": "CMA CGM MERMAID", "mmsi": "256708000", "imo": "9961283", "name": "CMA CGM MERMAID", "shiptype": "", "first_seen_utc": "2026-01-08T21:30:01Z", "last_seen_utc": "2026-01-15T15:44:23Z", "destination": "DEHAM", "eta": "{'Day': 16, 'Hour': 2, 'Minute': 0, 'Month': 1}", "display": "", "links": "<a href=\"https://www.vesselfinder.com/vessels?name=9961283\" target=\"_blank\" rel=\"noopener\">VesselFinder</a> | <a href=\"https://www.marinetraffic.com/en/ais/search/all?keyword=9961283\" target=\"_blank\" rel=\"noopener\">MarineTraffic</a>", "vf_url": "https://www.vesselfinder.com/vessels?name=9961283", "mst_url": "https://www.marinetraffic.com/en/ais/search/all?keyword=9961283", "method": "v3_2pass_track3d_fromru10d", "ru_seen_in_lookback": true, "in_monitor_on_day": true}}, {"type": "Feature", "geometry": {"type": "Point", "coordinates": [8.34332, 53.69411]}, "properties": {"label": "CMA CGM MERMAID", "mmsi": "256708000", "imo": "9961283", "name": "CMA CGM MERMAID", "shiptype": "", "first_seen_utc": "2026-01-08T21:30:01Z", "last_seen_utc": "2026-01-15T15:44:23Z", "destination": "DEHAM", "eta": "{'Day': 16, 'Hour': 2, 'Minute': 0, 'Month': 1}", "display": "CMA CGM MERMAID (256708000)", "links": "<a href=\"https://www.vesselfinder.com/vessels?name=9961283\" target=\"_blank\" rel=\"noopener\">VesselFinder</a> | <a href=\"https://www.marinetraffic.com/en/ais/search/all?keyword=9961283\" target=\"_blank\" rel=\"noopener\">MarineTraffic</a>", "vf_url": "https://www.vesselfinder.com/vessels?name=9961283", "mst_url": "https://www.marinetraffic.com/en/ais/search/all?keyword=9961283", "method": "v3_2pass_track3d_fromru10d", "ru_seen_in_lookback": true, "in_monitor_on_day": true}}, {"type": "Feature", "geometry": {"type": "LineString", "coordinates": [[15.932436666666666, 55.71283666666667], [15.76324, 55.674036666666666], [15.620741666666667, 55.62244166666667], [15.449911666666667, 55.55790833333333], [15.30191, 55.504925], [15.140051666666666, 55.45257166666667], [15.003178333333333, 55.41009833333333], [14.881288333333334, 55.35652666666667], [14.751436666666667, 55.33477166666667], [14.634189999999998, 55.28295166666667], [14.471286666666666, 55.202893333333336], [14.314061666666667, 55.160205], [14.162973333333333, 55.11197333333334], [14.017318333333332, 55.058188333333334], [13.60572, 54.96418166666667], [12.291273333333333, 54.608828333333335]]}, "properties": {"label": "ALEXANDER", "mmsi": "636018682", "imo": "9826720", "name": "ALEXANDER", "shiptype": "", "first_seen_utc": "2026-01-08T22:39:14Z", "last_seen_utc": "2026-01-15T16:12:28Z", "destination": "EG PSD", "eta": "{'Day': 30, 'Hour': 18, 'Minute': 0, 'Month': 1}", "display": "", "links": "<a href=\"https://www.vesselfinder.com/vessels?name=9826720\" target=\"_blank\" rel=\"noopener\">VesselFinder</a> | <a href=\"https://www.marinetraffic.com/en/ais/search/all?keyword=9826720\" target=\"_blank\" rel=\"noopener\">MarineTraffic</a>", "vf_url": "https://www.vesselfinder.com/vessels?name=9826720", "mst_url": "https://www.marinetraffic.com/en/ais/search/all?keyword=9826720", "method": "v3_2pass_track3d_fromru10d", "ru_seen_in_lookback": true, "in_monitor_on_day": true}}, {"type": "Feature", "geometry": {"type": "Point", "coordinates": [12.291273333333333, 54.608828333333335]}, "properties": {"label": "ALEXANDER", "mmsi": "636018682", "imo": "9826720", "name": "ALEXANDER", "shiptype": "", "first_seen_utc": "2026-01-08T22:39:14Z", "last_seen_utc": "2026-01-15T16:12:28Z", "destination": "EG PSD", "eta": "{'Day': 30, 'Hour': 18, 'Minute': 0, 'Month': 1}", "display": "ALEXANDER (636018682)", "links": "<a href=\"https://www.vesselfinder.com/vessels?name=9826720\" target=\"_blank\" rel=\"noopener\">VesselFinder</a> | <a href=\"https://www.marinetraffic.com/en/ais/search/all?keyword=9826720\" target=\"_blank\" rel=\"noopener\">MarineTraffic</a>", "vf_url": "https://www.vesselfinder.com/vessels?name=9826720", "mst_url": "https://www.marinetraffic.com/en/ais/search/all?keyword=9826720", "method": "v3_2pass_track3d_fromru10d", "ru_seen_in_lookback": true, "in_monitor_on_day": true}}, {"type": "Feature", "geometry": {"type": "LineString", "coordinates": [[15.235641666666668, 55.60569666666667], [14.940218333333332, 55.543261666666666], [14.794364999999999, 55.50644666666667], [14.651435, 55.46673333333333], [14.538105, 55.40569833333333], [14.432098333333332, 55.330711666666666], [14.260471666666666, 55.199425], [14.157903333333334, 55.11978], [12.230405, 54.53658], [12.190193333333333, 54.45379333333334], [12.054193333333334, 54.43940333333333], [11.903384999999998, 54.437464999999996], [11.750111666666667, 54.44690833333333], [11.59449, 54.48153333333333], [11.451441666666666, 54.520001666666666]]}, "properties": {"label": "CHORUS V", "mmsi": "352005594", "imo": "9261970", "name": "CHORUS V", "shiptype": "", "first_seen_utc": "2026-01-09T04:16:49Z", "last_seen_utc": "2026-01-15T16:12:30Z", "destination": "PORT SAID", "eta": "{'Day': 31, 'Hour': 6, 'Minute': 0, 'Month': 1}", "display": "", "links": "<a href=\"https://www.vesselfinder.com/vessels?name=9261970\" target=\"_blank\" rel=\"noopener\">VesselFinder</a> | <a href=\"https://www.marinetraffic.com/en/ais/search/all?keyword=9261970\" target=\"_blank\" rel=\"noopener\">MarineTraffic</a>", "vf_url": "https://www.vesselfinder.com/vessels?name=9261970", "mst_url": "https://www.marinetraffic.com/en/ais/search/all?keyword=9261970", "method": "v3_2pass_track3d_fromru10d", "ru_seen_in_lookback": true, "in_monitor_on_day": true}}, {"type": "Feature", "geometry": {"type": "Point", "coordinates": [11.451441666666666, 54.520001666666666]}, "properties": {"label": "CHORUS V", "mmsi": "352005594", "imo": "9261970", "name": "CHORUS V", "shiptype": "", "first_seen_utc": "2026-01-09T04:16:49Z", "last_seen_utc": "2026-01-15T16:12:30Z", "destination": "PORT SAID", "eta": "{'Day': 31, 'Hour': 6, 'Minute': 0, 'Month': 1}", "display": "CHORUS V (352005594)", "links": "<a href=\"https://www.vesselfinder.com/vessels?name=9261970\" target=\"_blank\" rel=\"noopener\">VesselFinder</a> | <a href=\"https://www.marinetraffic.com/en/ais/search/all?keyword=9261970\" target=\"_blank\" rel=\"noopener\">MarineTraffic</a>", "vf_url": "https://www.vesselfinder.com/vessels?name=9261970", "mst_url": "https://www.marinetraffic.com/en/ais/search/all?keyword=9261970", "method": "v3_2pass_track3d_fromru10d", "ru_seen_in_lookback": true, "in_monitor_on_day": true}}, {"type": "Feature", "geometry": {"type": "LineString", "coordinates": [[10.4912, 57.84834333333333], [10.270581666666667, 57.84509833333333], [10.086246666666666, 57.84486666666667], [9.917323333333334, 57.84447333333333], [9.745886666666667, 57.84199], [9.586248333333334, 57.829460000000005], [9.434393333333333, 57.789613333333335], [9.290171666666668, 57.75791166666667], [9.151796666666666, 57.71655666666666], [9.005841666666667, 57.672935], [8.867941666666667, 57.63265], [8.721354999999999, 57.59281333333333], [8.579558333333333, 57.553401666666666], [8.44115, 57.514784999999996], [8.305683333333333, 57.4739], [8.162488333333334, 57.43469666666667], [8.02187, 57.397335], [7.905748333333333, 57.34644166666667], [7.799131666666667, 57.281375000000004], [7.69142, 57.21157166666667], [7.488448333333333, 57.079256666666666], [7.3858749999999995, 57.00373166666667]]}, "properties": {"label": "ALBERT", "mmsi": "636019055", "imo": "9843572", "name": "ALBERT", "shiptype": "", "first_seen_utc": "2026-01-09T05:33:17Z", "last_seen_utc": "2026-01-15T07:42:52Z", "destination": "YANBU FOR ORDER", "eta": "{'Day': 31, 'Hour': 23, 'Minute': 0, 'Month': 1}", "display": "", "links": "<a href=\"https://www.vesselfinder.com/vessels?name=9843572\" target=\"_blank\" rel=\"noopener\">VesselFinder</a> | <a href=\"https://www.marinetraffic.com/en/ais/search/all?keyword=9843572\" target=\"_blank\" rel=\"noopener\">MarineTraffic</a>", "vf_url": "https://www.vesselfinder.com/vessels?name=9843572", "mst_url": "https://www.marinetraffic.com/en/ais/search/all?keyword=9843572", "method": "v3_2pass_track3d_fromru10d", "ru_seen_in_lookback": true, "in_monitor_on_day": true}}, {"type": "Feature", "geometry": {"type": "Point", "coordinates": [7.3858749999999995, 57.00373166666667]}, "properties": {"label": "ALBERT", "mmsi": "636019055", "imo": "9843572", "name": "ALBERT", "shiptype": "", "first_seen_utc": "2026-01-09T05:33:17Z", "last_seen_utc": "2026-01-15T07:42:52Z", "destination": "YANBU FOR ORDER", "eta": "{'Day': 31, 'Hour': 23, 'Minute': 0, 'Month': 1}", "display": "ALBERT (636019055)", "links": "<a href=\"https://www.vesselfinder.com/vessels?name=9843572\" target=\"_blank\" rel=\"noopener\">VesselFinder</a> | <a href=\"https://www.marinetraffic.com/en/ais/search/all?keyword=9843572\" target=\"_blank\" rel=\"noopener\">MarineTraffic</a>", "vf_url": "https://www.vesselfinder.com/vessels?name=9843572", "mst_url": "https://www.marinetraffic.com/en/ais/search/all?keyword=9843572", "method": "v3_2pass_track3d_fromru10d", "ru_seen_in_lookback": true, "in_monitor_on_day": true}}, {"type": "Feature", "geometry": {"type": "LineString", "coordinates": [[3.111523333333333, 51.401575], [2.8893433333333336, 51.37984666666667], [2.7024683333333335, 51.37478], [2.5834566666666663, 51.38047666666667], [2.4613316666666667, 51.375115], [2.3429383333333336, 51.35449833333333], [2.1942049999999997, 51.370160000000006], [2.07578, 51.396899999999995], [1.9243916666666665, 51.40638166666667], [1.7787149999999998, 51.40663], [1.6472766666666667, 51.39249333333333], [1.5271816666666667, 51.411748333333335], [1.3370716666666667, 51.477185], [1.093115, 51.49423], [0.8741783333333333, 51.478296666666665], [0.7421266666666667, 51.448475], [0.74253, 51.44186666666667], [0.7425266666666667, 51.44186166666667], [0.74253, 51.44186], [0.7425316666666667, 51.44186], [0.74253, 51.44186], [0.7425316666666667, 51.441855000000004], [0.74253, 51.44186333333334], [0.7425266666666667, 51.44186166666667], [0.74253, 51.44186], [0.7425333333333334, 51.44186333333334], [0.7425333333333334, 51.441853333333334], [0.7425316666666667, 51.44186166666667], [0.74253, 51.44186333333334], [0.7425333333333334, 51.44186], [0.7425333333333334, 51.441856666666666], [0.74253, 51.44186166666667], [0.7425316666666667, 51.44186166666667], [0.7425366666666666, 51.44186166666667], [0.74254, 51.44186333333334], [0.7425366666666666, 51.44186333333334], [0.7409199999999999, 51.448184999999995], [0.9371483333333334, 51.479254999999995], [1.134005, 51.489718333333336], [1.3371466666666667, 51.47504333333333], [1.4929466666666669, 51.42665], [1.5825133333333334, 51.398555], [1.6932066666666665, 51.39622], [1.8000183333333333, 51.409106666666666], [1.9098666666666666, 51.38738166666667], [2.0149683333333335, 51.365575], [2.1140383333333332, 51.33639], [2.2115283333333333, 51.30902833333334], [2.319455, 51.323055], [2.438301666666667, 51.34937], [2.543356666666667, 51.36101333333333], [2.6583400000000004, 51.358421666666665], [2.832625, 51.363438333333335], [3.0230233333333336, 51.400821666666666], [3.186741666666667, 51.365921666666665], [3.1767616666666667, 51.35456166666667], [3.176625, 51.35449166666667], [3.1766183333333333, 51.35449666666667], [3.1766133333333335, 51.35449833333333], [3.176615, 51.35449833333333], [3.1766133333333335, 51.3545], [3.176616666666667, 51.35449833333333], [3.176615, 51.35449166666667], [3.1766183333333333, 51.35449666666667], [3.176623333333333, 51.35449166666667], [3.1766183333333333, 51.354490000000006], [3.1766183333333333, 51.35449166666667], [3.1766216666666667, 51.35449666666667], [3.1766183333333333, 51.35449333333334], [3.1766183333333333, 51.35449166666667], [3.177516666666667, 51.353845], [3.1775083333333334, 51.35384333333333], [3.1775049999999996, 51.35384166666667], [3.1775033333333336, 51.35384666666666], [3.1775066666666665, 51.353836666666666], [3.1775033333333336, 51.353838333333336], [3.1775, 51.35384], [3.177496666666667, 51.35384], [3.1775016666666667, 51.35384333333333], [3.1775049999999996, 51.35384333333333], [3.1775066666666665, 51.353845], [3.1775033333333336, 51.353845], [3.1775083333333334, 51.35384333333333], [3.17751, 51.35384], [3.17751, 51.353838333333336], [3.1775083333333334, 51.353838333333336], [3.1775116666666667, 51.35384166666667], [3.1775116666666667, 51.35384], [3.1775083333333334, 51.35384166666667], [3.17751, 51.35384166666667], [3.17751, 51.35384333333333], [3.1775066666666665, 51.353845], [3.1775066666666665, 51.353845], [3.182305, 51.35687], [3.018105, 51.401203333333335], [2.7838766666666666, 51.36319666666667], [2.59462, 51.378405], [2.31228, 51.353001666666664], [2.038555, 51.413185], [1.844355, 51.28830166666667], [1.6268283333333333, 51.163713333333334], [1.385745, 51.045626666666664]]}, "properties": {"label": "FINNECO III", "mmsi": "230700000", "imo": "9856854", "name": "FINNECO III", "shiptype": "", "first_seen_utc": "2026-01-09T12:25:38Z", "last_seen_utc": "2026-01-15T05:09:57Z", "destination": "BILBAO", "eta": "{'Day': 16, 'Hour': 13, 'Minute': 0, 'Month': 1}", "display": "", "links": "<a href=\"https://www.vesselfinder.com/vessels?name=9856854\" target=\"_blank\" rel=\"noopener\">VesselFinder</a> | <a href=\"https://www.marinetraffic.com/en/ais/search/all?keyword=9856854\" target=\"_blank\" rel=\"noopener\">MarineTraffic</a>", "vf_url": "https://www.vesselfinder.com/vessels?name=9856854", "mst_url": "https://www.marinetraffic.com/en/ais/search/all?keyword=9856854", "method": "v3_2pass_track3d_fromru10d", "ru_seen_in_lookback": true, "in_monitor_on_day": true}}, {"type": "Feature", "geometry": {"type": "Point", "coordinates": [1.385745, 51.045626666666664]}, "properties": {"label": "FINNECO III", "mmsi": "230700000", "imo": "9856854", "name": "FINNECO III", "shiptype": "", "first_seen_utc": "2026-01-09T12:25:38Z", "last_seen_utc": "2026-01-15T05:09:57Z", "destination": "BILBAO", "eta": "{'Day': 16, 'Hour': 13, 'Minute': 0, 'Month': 1}", "display": "FINNECO III (230700000)", "links": "<a href=\"https://www.vesselfinder.com/vessels?name=9856854\" target=\"_blank\" rel=\"noopener\">VesselFinder</a> | <a href=\"https://www.marinetraffic.com/en/ais/search/all?keyword=9856854\" target=\"_blank\" rel=\"noopener\">MarineTraffic</a>", "vf_url": "https://www.vesselfinder.com/vessels?name=9856854", "mst_url": "https://www.marinetraffic.com/en/ais/search/all?keyword=9856854", "method": "v3_2pass_track3d_fromru10d", "ru_seen_in_lookback": true, "in_monitor_on_day": true}}, {"type": "Feature", "geometry": {"type": "LineString", "coordinates": [[18.665396666666666, 54.408501666666666], [18.730505, 54.41374], [18.852426666666666, 54.44027333333334], [18.79299, 54.45321333333333], [18.67960833333333, 54.39996166666666], [18.66069333333333, 54.411456666666666], [18.562186666666666, 54.515065], [18.585735, 54.53062333333333], [18.712406666666666, 54.49561333333334], [18.747778333333333, 54.41270333333333], [18.665695000000003, 54.40853166666667], [18.665618333333335, 54.408495], [18.665623333333333, 54.408503333333336], [18.665605000000003, 54.408495], [18.665621666666667, 54.40849], [18.665593333333334, 54.40851166666666], [18.665611666666667, 54.40850833333333], [18.665616666666665, 54.408495], [18.66560666666667, 54.408503333333336], [18.66559, 54.40850833333333], [18.665603333333333, 54.408500000000004], [18.665593333333334, 54.40850833333333], [18.66559833333333, 54.408495], [18.665591666666668, 54.408505], [18.66560666666667, 54.408496666666665], [18.66561, 54.40851166666666], [18.656031666666667, 54.41787], [18.776821666666667, 54.378], [18.780575, 54.368156666666664], [18.842323333333333, 54.45563833333333], [18.678099999999997, 54.402793333333335], [18.665615, 54.40852333333333], [18.659004999999997, 54.41360666666667], [18.558123333333334, 54.52081333333333], [18.638714999999998, 54.49670166666667], [18.709451666666666, 54.40992000000001], [18.663096666666668, 54.38478666666666], [18.665428333333335, 54.40850666666667], [18.665419999999997, 54.408505], [18.665411666666667, 54.408501666666666], [18.754548333333332, 54.408636666666666], [18.869396666666667, 54.45387], [18.665599999999998, 54.40851], [18.665611666666667, 54.408495], [18.66558, 54.408501666666666], [18.665616666666665, 54.40851333333333], [18.665568333333333, 54.408501666666666], [18.665613333333333, 54.40849333333333], [18.66560666666667, 54.408501666666666], [18.66559, 54.408505], [18.665628333333334, 54.40850833333333], [18.665603333333333, 54.40848833333334], [18.665605000000003, 54.40848166666667], [18.665608333333335, 54.40850666666667], [18.66561, 54.40851], [18.665595, 54.408503333333336], [18.665581666666665, 54.408505], [18.665591666666668, 54.40849], [18.66563, 54.40852833333334], [18.662331666666667, 54.40943666666667], [18.8533, 54.40432333333333], [18.921746666666664, 54.40895666666667], [18.814149999999998, 54.498083333333334], [18.684783333333332, 54.567339999999994], [18.648078333333334, 54.434009999999994], [18.665593333333334, 54.40849166666667], [18.711538333333333, 54.421146666666665], [18.977976666666667, 54.429091666666665], [19.0301, 54.42062], [18.992888333333333, 54.445613333333334], [18.983335, 54.42664333333333], [18.777053333333335, 54.376126666666664], [18.777976666666667, 54.39356166666666], [18.665413333333333, 54.40850833333333]]}, "properties": {"label": "SG-213", "mmsi": "261351000", "imo": "", "name": "SG-213", "shiptype": "", "first_seen_utc": "2026-01-09T15:03:04Z", "last_seen_utc": "2026-01-15T15:06:04Z", "destination": "GDANSK", "eta": "{'Day': 0, 'Hour': 24, 'Minute': 60, 'Month': 0}", "display": "", "links": "<a href=\"https://www.vesselfinder.com/vessels?name=261351000\" target=\"_blank\" rel=\"noopener\">VesselFinder</a> | <a href=\"https://www.marinetraffic.com/en/ais/search/all?keyword=261351000\" target=\"_blank\" rel=\"noopener\">MarineTraffic</a>", "vf_url": "https://www.vesselfinder.com/vessels?name=261351000", "mst_url": "https://www.marinetraffic.com/en/ais/search/all?keyword=261351000", "method": "v3_2pass_track3d_fromru10d", "ru_seen_in_lookback": true, "in_monitor_on_day": true}}, {"type": "Feature", "geometry": {"type": "Point", "coordinates": [18.665413333333333, 54.40850833333333]}, "properties": {"label": "SG-213", "mmsi": "261351000", "imo": "", "name": "SG-213", "shiptype": "", "first_seen_utc": "2026-01-09T15:03:04Z", "last_seen_utc": "2026-01-15T15:06:04Z", "destination": "GDANSK", "eta": "{'Day': 0, 'Hour': 24, 'Minute': 60, 'Month': 0}", "display": "SG-213 (261351000)", "links": "<a href=\"https://www.vesselfinder.com/vessels?name=261351000\" target=\"_blank\" rel=\"noopener\">VesselFinder</a> | <a href=\"https://www.marinetraffic.com/en/ais/search/all?keyword=261351000\" target=\"_blank\" rel=\"noopener\">MarineTraffic</a>", "vf_url": "https://www.vesselfinder.com/vessels?name=261351000", "mst_url": "https://www.marinetraffic.com/en/ais/search/all?keyword=261351000", "method": "v3_2pass_track3d_fromru10d", "ru_seen_in_lookback": true, "in_monitor_on_day": true}}, {"type": "Feature", "geometry": {"type": "LineString", "coordinates": [[7.64431, 57.08259333333333], [7.8462966666666665, 57.16419666666666], [8.012561666666667, 57.22929], [8.177838333333334, 57.29048], [8.308964999999999, 57.354551666666666], [8.478895, 57.41242833333333], [8.649788333333333, 57.45907833333333], [8.819131666666667, 57.518238333333336], [8.978085, 57.581093333333335], [9.143066666666666, 57.647055], [9.307903333333334, 57.70930666666666], [9.477051666666666, 57.75128666666667], [9.556035000000001, 57.769351666666665], [9.682826666666667, 57.78610333333334], [9.843191666666666, 57.79961333333333], [10.023843333333334, 57.803666666666665], [10.203280000000001, 57.80779833333334], [10.389358333333332, 57.808051666666664], [11.159095, 56.11343333333333], [11.068615, 56.02195166666667], [10.979016666666666, 55.93579833333333], [10.824401666666667, 55.88737833333333], [10.804875000000001, 55.797135000000004], [10.785331666666668, 55.69982], [10.800991666666667, 55.60717833333333], [10.971773333333335, 55.418928333333334], [11.03036, 55.327126666666665], [11.092355, 55.23676], [11.00782, 55.16399833333333], [10.991211666666667, 55.073499999999996], [10.971725, 54.979998333333334], [10.87178, 54.93061], [10.834200000000001, 54.84835666666667], [10.800469999999999, 54.763328333333334], [10.791523333333334, 54.67561833333333], [10.931253333333332, 54.62028166666666], [11.070975, 54.582633333333334], [11.238201666666667, 54.55385666666667], [11.397368333333333, 54.51600333333333], [11.559861666666666, 54.476355], [11.724203333333332, 54.43127166666667], [11.90216, 54.413850000000004], [12.083123333333333, 54.41558], [12.215069999999999, 54.46806166666667], [14.205446666666667, 55.067159999999994], [14.419855, 55.16875], [14.590531666666667, 55.253755], [14.84537, 55.34606833333333], [15.189651666666666, 55.396164999999996], [18.432421666666666, 55.047246666666666], [18.611736666666665, 54.992399999999996], [18.76698, 54.930368333333334], [18.857648333333334, 54.89087333333334], [18.956685, 54.83651666666666], [19.018711666666665, 54.74053666666667], [19.06524166666667, 54.64015333333334], [19.019503333333333, 54.545089999999995], [18.958678333333335, 54.47340833333333], [18.904135, 54.45832666666667], [18.885668333333335, 54.463388333333334], [18.884158333333335, 54.465113333333335], [18.882195000000003, 54.46542], [18.882221666666666, 54.465426666666666], [18.882118333333334, 54.465403333333335], [18.881843333333332, 54.465448333333335], [18.881961666666665, 54.465455], [18.882, 54.46539333333333], [18.881685, 54.46541], [18.881386666666668, 54.465376666666664], [18.881415, 54.46539333333333], [18.881271666666667, 54.465068333333335]]}, "properties": {"label": "SILVERWAY", "mmsi": "636017059", "imo": "9742912", "name": "SILVERWAY", "shiptype": "", "first_seen_utc": "2026-01-10T02:52:41Z", "last_seen_utc": "2026-01-15T16:04:36Z", "destination": "PL GDN", "eta": "{'Day': 15, 'Hour': 10, 'Minute': 0, 'Month': 1}", "display": "", "links": "<a href=\"https://www.vesselfinder.com/vessels?name=9742912\" target=\"_blank\" rel=\"noopener\">VesselFinder</a> | <a href=\"https://www.marinetraffic.com/en/ais/search/all?keyword=9742912\" target=\"_blank\" rel=\"noopener\">MarineTraffic</a>", "vf_url": "https://www.vesselfinder.com/vessels?name=9742912", "mst_url": "https://www.marinetraffic.com/en/ais/search/all?keyword=9742912", "method": "v3_2pass_track3d_fromru10d", "ru_seen_in_lookback": true, "in_monitor_on_day": true}}, {"type": "Feature", "geometry": {"type": "Point", "coordinates": [18.881271666666667, 54.465068333333335]}, "properties": {"label": "SILVERWAY", "mmsi": "636017059", "imo": "9742912", "name": "SILVERWAY", "shiptype": "", "first_seen_utc": "2026-01-10T02:52:41Z", "last_seen_utc": "2026-01-15T16:04:36Z", "destination": "PL GDN", "eta": "{'Day': 15, 'Hour': 10, 'Minute': 0, 'Month': 1}", "display": "SILVERWAY (636017059)", "links": "<a href=\"https://www.vesselfinder.com/vessels?name=9742912\" target=\"_blank\" rel=\"noopener\">VesselFinder</a> | <a href=\"https://www.marinetraffic.com/en/ais/search/all?keyword=9742912\" target=\"_blank\" rel=\"noopener\">MarineTraffic</a>", "vf_url": "https://www.vesselfinder.com/vessels?name=9742912", "mst_url": "https://www.marinetraffic.com/en/ais/search/all?keyword=9742912", "method": "v3_2pass_track3d_fromru10d", "ru_seen_in_lookback": true, "in_monitor_on_day": true}}, {"type": "Feature", "geometry": {"type": "LineString", "coordinates": [[15.684283333333333, 55.699713333333335], [15.457410000000001, 55.66997666666667], [15.264473333333333, 55.64164666666667], [15.108135, 55.601115], [14.958581666666667, 55.556670000000004], [14.809271666666666, 55.512565], [14.669026666666667, 55.46520833333333], [14.544673333333332, 55.40575833333333], [14.447438333333334, 55.33380833333333], [14.219905, 55.163423333333334], [12.372605, 54.657421666666664], [12.272658333333334, 54.59834], [12.220515, 54.516328333333334], [12.137906666666668, 54.441345], [11.970635, 54.43709833333333], [11.803198333333334, 54.442645], [11.649293333333333, 54.47261833333334], [11.497594999999999, 54.51216], [11.338571666666667, 54.5555], [11.178531666666666, 54.60263666666666], [11.007468333333332, 54.60373666666667], [10.856556666666668, 54.65265333333333], [10.777674999999999, 54.728721666666665], [10.833341666666666, 54.81876833333333], [10.850138333333332, 54.891868333333335], [10.924886666666668, 54.95467], [10.993923333333333, 55.030815], [10.990559999999999, 55.125501666666665], [11.090475, 55.195431666666664], [11.06331, 55.279955], [10.8711, 55.52064333333333], [10.799915, 55.616393333333335], [10.800450000000001, 55.71590666666667], [10.81749, 55.81837666666667], [10.876100000000001, 55.90200166666667], [11.090750000000002, 56.13509]]}, "properties": {"label": "METRO LIVAS", "mmsi": "241969000", "imo": "1017050", "name": "METRO LIVAS", "shiptype": "", "first_seen_utc": "2026-01-10T06:37:38Z", "last_seen_utc": "2026-01-15T05:32:33Z", "destination": "LAS PALMAS", "eta": "{'Day': 10, 'Hour': 5, 'Minute': 0, 'Month': 1}", "display": "", "links": "<a href=\"https://www.vesselfinder.com/vessels?name=1017050\" target=\"_blank\" rel=\"noopener\">VesselFinder</a> | <a href=\"https://www.marinetraffic.com/en/ais/search/all?keyword=1017050\" target=\"_blank\" rel=\"noopener\">MarineTraffic</a>", "vf_url": "https://www.vesselfinder.com/vessels?name=1017050", "mst_url": "https://www.marinetraffic.com/en/ais/search/all?keyword=1017050", "method": "v3_2pass_track3d_fromru10d", "ru_seen_in_lookback": true, "in_monitor_on_day": true}}, {"type": "Feature", "geometry": {"type": "Point", "coordinates": [11.090750000000002, 56.13509]}, "properties": {"label": "METRO LIVAS", "mmsi": "241969000", "imo": "1017050", "name": "METRO LIVAS", "shiptype": "", "first_seen_utc": "2026-01-10T06:37:38Z", "last_seen_utc": "2026-01-15T05:32:33Z", "destination": "LAS PALMAS", "eta": "{'Day': 10, 'Hour': 5, 'Minute': 0, 'Month': 1}", "display": "METRO LIVAS (241969000)", "links": "<a href=\"https://www.vesselfinder.com/vessels?name=1017050\" target=\"_blank\" rel=\"noopener\">VesselFinder</a> | <a href=\"https://www.marinetraffic.com/en/ais/search/all?keyword=1017050\" target=\"_blank\" rel=\"noopener\">MarineTraffic</a>", "vf_url": "https://www.vesselfinder.com/vessels?name=1017050", "mst_url": "https://www.marinetraffic.com/en/ais/search/all?keyword=1017050", "method": "v3_2pass_track3d_fromru10d", "ru_seen_in_lookback": true, "in_monitor_on_day": true}}, {"type": "Feature", "geometry": {"type": "LineString", "coordinates": [[18.688231666666663, 54.465781666666665], [18.688406666666666, 54.46584], [18.68847333333333, 54.46581833333333], [18.688454999999998, 54.465831666666666], [18.688438333333334, 54.46581333333334], [18.687971666666666, 54.465775], [18.68783, 54.465741666666666], [18.687491666666666, 54.46568666666667], [18.687523333333335, 54.46570666666666], [18.687661666666667, 54.46580666666667], [18.687388333333335, 54.46579333333333], [18.68743, 54.46588166666667], [18.68800666666667, 54.46597], [18.68761, 54.46588833333333], [18.687698333333334, 54.46591], [18.687615, 54.465900000000005], [18.68805166666667, 54.46595833333333], [18.68818, 54.465961666666665], [18.688523333333332, 54.46597666666666], [18.688075, 54.46597166666666], [18.687981666666666, 54.46602333333333], [18.68844, 54.46605], [18.688128333333335, 54.466051666666665], [18.687843333333333, 54.46601], [18.687725, 54.46598166666667], [18.688019999999998, 54.46601666666666], [18.688061666666666, 54.466033333333336], [18.688016666666666, 54.466033333333336], [18.688103333333334, 54.46606333333333], [18.687345, 54.465925], [18.687863333333333, 54.46604333333333], [18.687498333333334, 54.46596], [18.687298333333334, 54.46593333333333], [18.68694, 54.465875], [18.687079999999998, 54.46601666666666], [18.68701666666667, 54.46601666666666], [18.687503333333332, 54.466175], [18.687743333333334, 54.46622333333333], [18.687433333333335, 54.466235], [18.68697166666667, 54.46617833333333], [18.68725, 54.466298333333334], [18.6871, 54.46635166666667], [18.687375, 54.466406666666664], [18.687058333333333, 54.466408333333334], [18.686953333333335, 54.46642166666666], [18.68700833333333, 54.46643666666667], [18.686968333333333, 54.46642], [18.686890000000002, 54.466456666666666], [18.686901666666664, 54.46649166666667], [18.68701, 54.466523333333335], [18.686953333333335, 54.46655833333333], [18.686865, 54.46655166666667], [18.687003333333333, 54.466625], [18.686716666666666, 54.46661166666667], [18.686860000000003, 54.46666666666667], [18.686791666666668, 54.466658333333335], [18.686946666666664, 54.466685], [18.686401666666665, 54.466651666666664], [18.686748333333334, 54.466728333333336], [18.686519999999998, 54.46668666666667], [18.686283333333332, 54.467018333333336], [18.686283333333332, 54.466985], [18.686539999999997, 54.467054999999995], [18.686235, 54.46699666666667], [18.686416666666666, 54.467009999999995], [18.685943333333334, 54.466945], [18.68653, 54.467063333333336], [18.686276666666668, 54.467011666666664], [18.68614, 54.46699], [18.68615833333333, 54.466973333333335], [18.686108333333333, 54.46693333333334], [18.686328333333332, 54.46704166666667], [18.686581666666665, 54.46706166666667], [18.68687, 54.467075], [18.68694, 54.467095], [18.686711666666667, 54.46705833333333], [18.686828333333334, 54.46707166666667], [18.68679, 54.467075], [18.686828333333334, 54.46706833333334], [18.686786666666666, 54.467063333333336], [18.686961666666665, 54.46707333333333], [18.687248333333333, 54.46705833333333], [18.687211666666666, 54.46705166666666], [18.68742166666667, 54.46706833333334], [18.688313333333333, 54.46686833333333], [18.688948333333332, 54.466570000000004], [18.689268333333334, 54.46628166666667], [18.689531666666667, 54.465898333333335], [18.689631666666667, 54.46580166666667], [18.689706666666666, 54.465606666666666], [18.689596666666667, 54.46542833333333], [18.689615, 54.46567833333334], [18.689428333333336, 54.46614666666667], [18.689368333333334, 54.46626833333333], [18.689391666666666, 54.46626333333334], [18.689553333333333, 54.465955], [18.689371666666666, 54.46622], [18.688879999999997, 54.46665333333333], [18.689126666666667, 54.466528333333336], [18.689298333333333, 54.46635666666667], [18.68948333333333, 54.466211666666666], [18.6894, 54.46624], [18.68949, 54.466225], [18.688971666666664, 54.4666], [18.688605, 54.46677666666667], [18.689290000000003, 54.46640333333333], [18.68908, 54.466586666666664], [18.68903, 54.466564999999996], [18.689193333333332, 54.466435000000004], [18.68862, 54.466728333333336], [18.688721666666666, 54.46671166666667], [18.688955, 54.466541666666664], [18.68800333333333, 54.466915], [18.687265, 54.46695166666667], [18.686905000000003, 54.46695666666667], [18.687585000000002, 54.466993333333335], [18.687583333333336, 54.46699666666667], [18.688253333333332, 54.46694166666667], [18.687718333333333, 54.46698333333333], [18.687463333333334, 54.46701666666667], [18.687025000000002, 54.467014999999996], [18.686303333333335, 54.46692666666667], [18.686291666666666, 54.46694333333333]]}, "properties": {"label": "FRIO STAR", "mmsi": "354962000", "imo": "9172947", "name": "FRIO STAR", "shiptype": "", "first_seen_utc": "2026-01-11T13:32:31Z", "last_seen_utc": "2026-01-15T16:06:40Z", "destination": "PLGDN", "eta": "{'Day': 11, 'Hour': 16, 'Minute': 0, 'Month': 0}", "display": "", "links": "<a href=\"https://www.vesselfinder.com/vessels?name=9172947\" target=\"_blank\" rel=\"noopener\">VesselFinder</a> | <a href=\"https://www.marinetraffic.com/en/ais/search/all?keyword=9172947\" target=\"_blank\" rel=\"noopener\">MarineTraffic</a>", "vf_url": "https://www.vesselfinder.com/vessels?name=9172947", "mst_url": "https://www.marinetraffic.com/en/ais/search/all?keyword=9172947", "method": "v3_2pass_track3d_fromru10d", "ru_seen_in_lookback": true, "in_monitor_on_day": true}}, {"type": "Feature", "geometry": {"type": "Point", "coordinates": [18.686291666666666, 54.46694333333333]}, "properties": {"label": "FRIO STAR", "mmsi": "354962000", "imo": "9172947", "name": "FRIO STAR", "shiptype": "", "first_seen_utc": "2026-01-11T13:32:31Z", "last_seen_utc": "2026-01-15T16:06:40Z", "destination": "PLGDN", "eta": "{'Day': 11, 'Hour': 16, 'Minute': 0, 'Month': 0}", "display": "FRIO STAR (354962000)", "links": "<a href=\"https://www.vesselfinder.com/vessels?name=9172947\" target=\"_blank\" rel=\"noopener\">VesselFinder</a> | <a href=\"https://www.marinetraffic.com/en/ais/search/all?keyword=9172947\" target=\"_blank\" rel=\"noopener\">MarineTraffic</a>", "vf_url": "https://www.vesselfinder.com/vessels?name=9172947", "mst_url": "https://www.marinetraffic.com/en/ais/search/all?keyword=9172947", "method": "v3_2pass_track3d_fromru10d", "ru_seen_in_lookback": true, "in_monitor_on_day": true}}, {"type": "Feature", "geometry": {"type": "LineString", "coordinates": [[18.660445, 54.38191166666666], [18.653470000000002, 54.41925166666667], [18.71901, 54.47356833333333], [18.809168333333332, 54.53095], [18.895111666666665, 54.58941166666667], [18.952568333333332, 54.656481666666664], [18.968118333333333, 54.73031833333334], [18.920953333333333, 54.79150333333334], [18.827266666666667, 54.830394999999996], [18.731585, 54.87200333333333], [14.533025, 53.663938333333334], [14.594619999999999, 53.589286666666666], [14.633795, 53.515391666666666], [14.594861666666667, 53.445585], [14.585606666666667, 53.435356666666664], [14.585545, 53.43537], [14.58554, 53.435359999999996], [14.585543333333334, 53.435385], [14.585553333333333, 53.43537666666667], [14.585545, 53.43537], [14.585531666666666, 53.435385], [14.585550000000001, 53.43536166666667], [14.585555, 53.435356666666664], [14.58553, 53.43537166666667], [14.585565, 53.435375], [14.58554, 53.435359999999996], [14.585545, 53.43537833333333], [14.58552, 53.435381666666665], [14.585515, 53.43537333333334], [14.585551666666667, 53.43537333333334], [14.585558333333333, 53.435363333333335], [14.585558333333333, 53.43535333333333], [14.585521666666667, 53.435375], [14.585528333333334, 53.435381666666665], [14.585543333333334, 53.435375], [14.585546666666666, 53.435388333333336], [14.585533333333332, 53.435383333333334], [14.585531666666666, 53.435375], [14.585546666666666, 53.435385], [14.585568333333333, 53.435399999999994], [14.585561666666667, 53.435356666666664], [14.585611666666667, 53.43539], [14.58554, 53.435381666666665], [14.585551666666667, 53.435385], [14.585555, 53.435375], [14.585541666666668, 53.435365000000004], [14.585558333333333, 53.43537833333333], [14.585533333333332, 53.43537], [14.585543333333334, 53.435363333333335], [14.585533333333332, 53.435356666666664], [14.585550000000001, 53.435359999999996], [14.585555, 53.43539166666667], [14.585538333333334, 53.435399999999994], [14.585565, 53.43538], [14.585556666666667, 53.435375], [14.585565, 53.435388333333336], [14.585563333333333, 53.435388333333336], [14.585518333333333, 53.435363333333335], [14.585553333333333, 53.435383333333334], [14.585518333333333, 53.43534833333333], [14.58553, 53.43537], [14.585543333333334, 53.435375], [14.585508333333333, 53.43539833333333], [14.585528333333334, 53.43537666666667], [14.585516666666667, 53.435385], [14.5855, 53.435410000000005], [14.585523333333333, 53.43539], [14.585533333333332, 53.435375], [14.585546666666666, 53.43535833333333], [14.585528333333334, 53.435388333333336], [14.585558333333333, 53.435410000000005], [14.585551666666667, 53.435375], [14.585526666666668, 53.435363333333335], [14.585546666666666, 53.43536666666667], [14.585575, 53.435359999999996], [14.585561666666667, 53.43537333333334]]}, "properties": {"label": "MAXIMAR", "mmsi": "210674000", "imo": "9951862", "name": "MAXIMAR", "shiptype": "", "first_seen_utc": "2026-01-12T00:12:21Z", "last_seen_utc": "2026-01-15T16:11:57Z", "destination": "PLSZZ", "eta": "{'Day': 13, 'Hour': 23, 'Minute': 59, 'Month': 1}", "display": "", "links": "<a href=\"https://www.vesselfinder.com/vessels?name=9951862\" target=\"_blank\" rel=\"noopener\">VesselFinder</a> | <a href=\"https://www.marinetraffic.com/en/ais/search/all?keyword=9951862\" target=\"_blank\" rel=\"noopener\">MarineTraffic</a>", "vf_url": "https://www.vesselfinder.com/vessels?name=9951862", "mst_url": "https://www.marinetraffic.com/en/ais/search/all?keyword=9951862", "method": "v3_2pass_track3d_fromru10d", "ru_seen_in_lookback": true, "in_monitor_on_day": true}}, {"type": "Feature", "geometry": {"type": "Point", "coordinates": [14.585561666666667, 53.43537333333334]}, "properties": {"label": "MAXIMAR", "mmsi": "210674000", "imo": "9951862", "name": "MAXIMAR", "shiptype": "", "first_seen_utc": "2026-01-12T00:12:21Z", "last_seen_utc": "2026-01-15T16:11:57Z", "destination": "PLSZZ", "eta": "{'Day': 13, 'Hour': 23, 'Minute': 59, 'Month': 1}", "display": "MAXIMAR (210674000)", "links": "<a href=\"https://www.vesselfinder.com/vessels?name=9951862\" target=\"_blank\" rel=\"noopener\">VesselFinder</a> | <a href=\"https://www.marinetraffic.com/en/ais/search/all?keyword=9951862\" target=\"_blank\" rel=\"noopener\">MarineTraffic</a>", "vf_url": "https://www.vesselfinder.com/vessels?name=9951862", "mst_url": "https://www.marinetraffic.com/en/ais/search/all?keyword=9951862", "method": "v3_2pass_track3d_fromru10d", "ru_seen_in_lookback": true, "in_monitor_on_day": true}}, {"type": "Feature", "geometry": {"type": "LineString", "coordinates": [[4.805621666666667, 53.53876], [4.88382, 53.659369999999996], [9.86536, 57.783930000000005], [10.127241666666666, 57.790625], [10.974858333333334, 55.93917666666667], [10.81849, 55.831001666666666], [10.787205, 55.70838833333333], [10.812853333333333, 55.58952166666666], [11.03106, 55.353586666666665], [11.09328, 55.23782333333334], [11.040338333333333, 55.128735], [11.014246666666667, 55.00353166666666], [10.886506666666666, 54.90604333333333], [10.861056666666666, 54.78421166666667], [10.918068333333334, 54.67655666666667], [11.098181666666667, 54.611846666666665], [11.283961666666666, 54.54514166666667], [11.492685, 54.494440000000004], [11.692595, 54.428576666666665], [11.906633333333334, 54.39481], [12.136301666666666, 54.39958], [18.378888333333336, 54.933128333333336], [18.62171, 54.932390000000005], [18.85092, 54.89438166666666], [19.081731666666666, 54.851205]]}, "properties": {"label": "LI DA XING", "mmsi": "538011366", "imo": "9313199", "name": "LI DA XING", "shiptype": "", "first_seen_utc": "2026-01-12T04:40:37Z", "last_seen_utc": "2026-01-15T10:05:27Z", "destination": "RUKGD", "eta": "{'Day': 15, 'Hour': 12, 'Minute': 0, 'Month': 1}", "display": "", "links": "<a href=\"https://www.vesselfinder.com/vessels?name=9313199\" target=\"_blank\" rel=\"noopener\">VesselFinder</a> | <a href=\"https://www.marinetraffic.com/en/ais/search/all?keyword=9313199\" target=\"_blank\" rel=\"noopener\">MarineTraffic</a>", "vf_url": "https://www.vesselfinder.com/vessels?name=9313199", "mst_url": "https://www.marinetraffic.com/en/ais/search/all?keyword=9313199", "method": "v3_2pass_track3d_fromru10d", "ru_seen_in_lookback": true, "in_monitor_on_day": true}}, {"type": "Feature", "geometry": {"type": "Point", "coordinates": [19.081731666666666, 54.851205]}, "properties": {"label": "LI DA XING", "mmsi": "538011366", "imo": "9313199", "name": "LI DA XING", "shiptype": "", "first_seen_utc": "2026-01-12T04:40:37Z", "last_seen_utc": "2026-01-15T10:05:27Z", "destination": "RUKGD", "eta": "{'Day': 15, 'Hour': 12, 'Minute': 0, 'Month': 1}", "display": "LI DA XING (538011366)", "links": "<a href=\"https://www.vesselfinder.com/vessels?name=9313199\" target=\"_blank\" rel=\"noopener\">VesselFinder</a> | <a href=\"https://www.marinetraffic.com/en/ais/search/all?keyword=9313199\" target=\"_blank\" rel=\"noopener\">MarineTraffic</a>", "vf_url": "https://www.vesselfinder.com/vessels?name=9313199", "mst_url": "https://www.marinetraffic.com/en/ais/search/all?keyword=9313199", "method": "v3_2pass_track3d_fromru10d", "ru_seen_in_lookback": true, "in_monitor_on_day": true}}, {"type": "Feature", "geometry": {"type": "LineString", "coordinates": [[18.58716666666667, 54.51049], [18.587245, 54.51049166666667], [18.587218333333333, 54.510455], [18.587476666666664, 54.510463333333334], [18.587231666666664, 54.51047166666667], [18.586986666666668, 54.510470000000005], [18.586748333333333, 54.51041166666666], [18.586725, 54.51034], [18.587026666666667, 54.510464999999996], [18.586956666666666, 54.51042666666667], [18.586968333333335, 54.510508333333334], [18.58693333333333, 54.51049833333333], [18.587318333333332, 54.510470000000005], [18.587088333333334, 54.51028833333333], [18.619213333333335, 54.51480166666667], [18.627571666666665, 54.522256666666664], [18.662213333333334, 54.558805], [18.565043333333332, 54.53942833333333], [18.568168333333332, 54.539523333333335], [18.592568333333336, 54.504423333333335], [18.605008333333334, 54.507705], [18.620698333333333, 54.511145000000006], [18.753463333333332, 54.477560000000004], [18.906045, 54.46969], [18.99622, 54.42580833333333], [18.996346666666668, 54.39339833333334], [19.045658333333332, 54.376385], [19.002411666666667, 54.35714666666667], [19.022151666666666, 54.36967666666667], [19.018768333333334, 54.358126666666664], [19.080351666666665, 54.35998], [19.044365000000003, 54.358025], [19.044365000000003, 54.35803833333333], [19.044583333333332, 54.35801666666667], [19.044201666666666, 54.35794833333333], [19.044555, 54.35802666666667], [19.044218333333333, 54.35795333333333], [19.04453, 54.35800666666667], [19.04444833333333, 54.35803166666667], [19.044275000000003, 54.35799833333333], [19.044396666666668, 54.3578], [19.020153333333333, 54.42326166666667], [18.904864999999997, 54.474516666666666], [18.750795, 54.4839], [18.66215833333333, 54.49191333333333], [18.654421666666668, 54.495125], [18.63327333333333, 54.501864999999995], [18.60571, 54.51004833333333], [18.602943333333332, 54.51113833333333], [18.603278333333332, 54.51124166666667], [18.603233333333332, 54.511145000000006], [18.603081666666665, 54.511448333333334], [18.60328333333333, 54.51128666666667], [18.603323333333332, 54.51124], [18.603324999999998, 54.511205000000004], [18.603301666666667, 54.511253333333336], [18.603288333333335, 54.51127833333333], [18.603115, 54.511448333333334], [18.60329, 54.51132333333333], [18.603178333333336, 54.5114], [18.60314, 54.511395], [18.603189999999998, 54.51141500000001], [18.603301666666667, 54.51132166666666], [18.603285000000003, 54.511345], [18.60324166666667, 54.511338333333335], [18.603183333333334, 54.511475000000004], [18.603263333333334, 54.511425], [18.603231666666666, 54.51147], [18.603198333333335, 54.511535], [18.617598333333333, 54.528195], [18.655675, 54.54882166666666], [18.554288333333332, 54.54282333333333]]}, "properties": {"label": "ORP HEWELIUSZ", "mmsi": "261247000", "imo": "", "name": "ORP HEWELIUSZ", "shiptype": "", "first_seen_utc": "2026-01-12T08:31:34Z", "last_seen_utc": "2026-01-15T10:17:30Z", "destination": "", "eta": "{'Day': 0, 'Hour': 24, 'Minute': 60, 'Month': 0}", "display": "", "links": "<a href=\"https://www.vesselfinder.com/vessels?name=261247000\" target=\"_blank\" rel=\"noopener\">VesselFinder</a> | <a href=\"https://www.marinetraffic.com/en/ais/search/all?keyword=261247000\" target=\"_blank\" rel=\"noopener\">MarineTraffic</a>", "vf_url": "https://www.vesselfinder.com/vessels?name=261247000", "mst_url": "https://www.marinetraffic.com/en/ais/search/all?keyword=261247000", "method": "v3_2pass_track3d_fromru10d", "ru_seen_in_lookback": true, "in_monitor_on_day": true}}, {"type": "Feature", "geometry": {"type": "Point", "coordinates": [18.554288333333332, 54.54282333333333]}, "properties": {"label": "ORP HEWELIUSZ", "mmsi": "261247000", "imo": "", "name": "ORP HEWELIUSZ", "shiptype": "", "first_seen_utc": "2026-01-12T08:31:34Z", "last_seen_utc": "2026-01-15T10:17:30Z", "destination": "", "eta": "{'Day': 0, 'Hour': 24, 'Minute': 60, 'Month': 0}", "display": "ORP HEWELIUSZ (261247000)", "links": "<a href=\"https://www.vesselfinder.com/vessels?name=261247000\" target=\"_blank\" rel=\"noopener\">VesselFinder</a> | <a href=\"https://www.marinetraffic.com/en/ais/search/all?keyword=261247000\" target=\"_blank\" rel=\"noopener\">MarineTraffic</a>", "vf_url": "https://www.vesselfinder.com/vessels?name=261247000", "mst_url": "https://www.marinetraffic.com/en/ais/search/all?keyword=261247000", "method": "v3_2pass_track3d_fromru10d", "ru_seen_in_lookback": true, "in_monitor_on_day": true}}, {"type": "Feature", "geometry": {"type": "LineString", "coordinates": [[18.437841666666667, 55.051426666666664], [18.52168, 54.95146333333333], [18.5064, 54.87607166666667], [18.497628333333335, 54.82938166666667], [18.620465000000003, 54.78480833333333], [18.754993333333335, 54.722995], [18.861848333333334, 54.660864999999994], [18.867768333333334, 54.65414333333333], [18.877611666666667, 54.625009999999996], [18.86895666666667, 54.621096666666666], [18.87147333333333, 54.612093333333334], [18.893379999999997, 54.57347], [18.928766666666668, 54.56585166666667], [18.902021666666666, 54.58374166666667], [18.792785, 54.591555], [18.793613333333333, 54.59438166666666], [18.88538833333333, 54.567525]]}, "properties": {"label": "SG-301 G. J. HALLER", "mmsi": "261355001", "imo": "4765567", "name": "SG-301 G. J. HALLER", "shiptype": "", "first_seen_utc": "2026-01-12T13:08:29Z", "last_seen_utc": "2026-01-15T15:46:36Z", "destination": "BALTIC SEA", "eta": "{'Day': 0, 'Hour': 24, 'Minute': 60, 'Month': 0}", "display": "", "links": "<a href=\"https://www.vesselfinder.com/vessels?name=4765567\" target=\"_blank\" rel=\"noopener\">VesselFinder</a> | <a href=\"https://www.marinetraffic.com/en/ais/search/all?keyword=4765567\" target=\"_blank\" rel=\"noopener\">MarineTraffic</a>", "vf_url": "https://www.vesselfinder.com/vessels?name=4765567", "mst_url": "https://www.marinetraffic.com/en/ais/search/all?keyword=4765567", "method": "v3_2pass_track3d_fromru10d", "ru_seen_in_lookback": true, "in_monitor_on_day": true}}, {"type": "Feature", "geometry": {"type": "Point", "coordinates": [18.88538833333333, 54.567525]}, "properties": {"label": "SG-301 G. J. HALLER", "mmsi": "261355001", "imo": "4765567", "name": "SG-301 G. J. HALLER", "shiptype": "", "first_seen_utc": "2026-01-12T13:08:29Z", "last_seen_utc": "2026-01-15T15:46:36Z", "destination": "BALTIC SEA", "eta": "{'Day': 0, 'Hour': 24, 'Minute': 60, 'Month': 0}", "display": "SG-301 G. J. HALLER (261355001)", "links": "<a href=\"https://www.vesselfinder.com/vessels?name=4765567\" target=\"_blank\" rel=\"noopener\">VesselFinder</a> | <a href=\"https://www.marinetraffic.com/en/ais/search/all?keyword=4765567\" target=\"_blank\" rel=\"noopener\">MarineTraffic</a>", "vf_url": "https://www.vesselfinder.com/vessels?name=4765567", "mst_url": "https://www.marinetraffic.com/en/ais/search/all?keyword=4765567", "method": "v3_2pass_track3d_fromru10d", "ru_seen_in_lookback": true, "in_monitor_on_day": true}}, {"type": "Feature", "geometry": {"type": "LineString", "coordinates": [[18.76091166666667, 54.90331666666667], [18.600945000000003, 54.93325], [12.161174999999998, 54.46859166666666], [12.052633333333334, 54.444136666666665], [11.928771666666668, 54.444089999999996], [11.805645, 54.44354666666666], [11.687785, 54.45408333333333], [11.577805000000001, 54.48439], [11.46022, 54.51656166666667], [11.32821, 54.549665], [11.206568333333333, 54.58676333333334], [11.076993333333332, 54.59888333333333], [10.953345, 54.589886666666665], [10.831418333333334, 54.58557], [10.70913, 54.577891666666666], [10.37403, 54.518411666666665], [10.264228333333334, 54.481300000000005], [10.208361666666667, 54.4127], [10.147991666666666, 54.36513333333333], [10.143755, 54.36571666666667], [10.064221666666667, 54.362275], [10.031225000000001, 54.36089333333334], [9.939916666666667, 54.340905], [9.834531666666667, 54.363910000000004], [9.748308333333334, 54.341098333333335], [9.696503333333334, 54.29663], [9.623478333333333, 54.26175333333333], [9.576341666666668, 54.210051666666665], [9.48796, 54.183321666666664], [9.378365, 54.154845], [9.317851666666666, 54.077686666666665], [9.297130000000001, 54.01679333333333], [9.254336666666667, 53.96431166666667], [9.183976666666666, 53.915168333333334], [9.146416666666665, 53.894313333333336], [9.143849999999999, 53.892918333333334], [8.588661666666667, 53.966225], [8.411793333333334, 53.98811666666666], [8.165308333333334, 53.774528333333336], [8.240878333333333, 53.7314], [8.340214999999999, 53.69157166666666], [8.42168, 53.64189666666667]]}, "properties": {"label": "ROSEBURG", "mmsi": "305184000", "imo": "8817370", "name": "ROSEBURG", "shiptype": "", "first_seen_utc": "2026-01-12T21:59:13Z", "last_seen_utc": "2026-01-15T16:10:40Z", "destination": "BRAKE VIA NOK", "eta": "{'Day': 15, 'Hour': 15, 'Minute': 0, 'Month': 1}", "display": "", "links": "<a href=\"https://www.vesselfinder.com/vessels?name=8817370\" target=\"_blank\" rel=\"noopener\">VesselFinder</a> | <a href=\"https://www.marinetraffic.com/en/ais/search/all?keyword=8817370\" target=\"_blank\" rel=\"noopener\">MarineTraffic</a>", "vf_url": "https://www.vesselfinder.com/vessels?name=8817370", "mst_url": "https://www.marinetraffic.com/en/ais/search/all?keyword=8817370", "method": "v3_2pass_track3d_fromru10d", "ru_seen_in_lookback": true, "in_monitor_on_day": true}}, {"type": "Feature", "geometry": {"type": "Point", "coordinates": [8.42168, 53.64189666666667]}, "properties": {"label": "ROSEBURG", "mmsi": "305184000", "imo": "8817370", "name": "ROSEBURG", "shiptype": "", "first_seen_utc": "2026-01-12T21:59:13Z", "last_seen_utc": "2026-01-15T16:10:40Z", "destination": "BRAKE VIA NOK", "eta": "{'Day': 15, 'Hour': 15, 'Minute': 0, 'Month': 1}", "display": "ROSEBURG (305184000)", "links": "<a href=\"https://www.vesselfinder.com/vessels?name=8817370\" target=\"_blank\" rel=\"noopener\">VesselFinder</a> | <a href=\"https://www.marinetraffic.com/en/ais/search/all?keyword=8817370\" target=\"_blank\" rel=\"noopener\">MarineTraffic</a>", "vf_url": "https://www.vesselfinder.com/vessels?name=8817370", "mst_url": "https://www.marinetraffic.com/en/ais/search/all?keyword=8817370", "method": "v3_2pass_track3d_fromru10d", "ru_seen_in_lookback": true, "in_monitor_on_day": true}}, {"type": "Feature", "geometry": {"type": "LineString", "coordinates": [[14.960671666666666, 55.557916666666664], [14.687818333333333, 55.471273333333336], [14.483015, 55.36648], [14.37931, 55.28942], [14.173173333333333, 55.1374], [12.220065, 54.518861666666666], [12.124448333333333, 54.447694999999996], [11.940561666666667, 54.452041666666666], [11.761178333333334, 54.46481666666667], [11.588731666666666, 54.499135], [11.413746666666666, 54.539501666666666], [11.250229999999998, 54.584235], [11.091563333333333, 54.604551666666666], [10.940353333333332, 54.62806333333333], [10.793791666666667, 54.674081666666666], [10.799598333333334, 54.75868333333334], [10.834203333333333, 54.840718333333335]]}, "properties": {"label": "BERTOLLE", "mmsi": "636011282", "imo": "9177545", "name": "BERTOLLE", "shiptype": "", "first_seen_utc": "2026-01-12T22:38:36Z", "last_seen_utc": "2026-01-15T16:01:44Z", "destination": "BE_ANR", "eta": "{'Day': 17, 'Hour': 17, 'Minute': 0, 'Month': 1}", "display": "", "links": "<a href=\"https://www.vesselfinder.com/vessels?name=9177545\" target=\"_blank\" rel=\"noopener\">VesselFinder</a> | <a href=\"https://www.marinetraffic.com/en/ais/search/all?keyword=9177545\" target=\"_blank\" rel=\"noopener\">MarineTraffic</a>", "vf_url": "https://www.vesselfinder.com/vessels?name=9177545", "mst_url": "https://www.marinetraffic.com/en/ais/search/all?keyword=9177545", "method": "v3_2pass_track3d_fromru10d", "ru_seen_in_lookback": true, "in_monitor_on_day": true}}, {"type": "Feature", "geometry": {"type": "Point", "coordinates": [10.834203333333333, 54.840718333333335]}, "properties": {"label": "BERTOLLE", "mmsi": "636011282", "imo": "9177545", "name": "BERTOLLE", "shiptype": "", "first_seen_utc": "2026-01-12T22:38:36Z", "last_seen_utc": "2026-01-15T16:01:44Z", "destination": "BE_ANR", "eta": "{'Day': 17, 'Hour': 17, 'Minute': 0, 'Month': 1}", "display": "BERTOLLE (636011282)", "links": "<a href=\"https://www.vesselfinder.com/vessels?name=9177545\" target=\"_blank\" rel=\"noopener\">VesselFinder</a> | <a href=\"https://www.marinetraffic.com/en/ais/search/all?keyword=9177545\" target=\"_blank\" rel=\"noopener\">MarineTraffic</a>", "vf_url": "https://www.vesselfinder.com/vessels?name=9177545", "mst_url": "https://www.marinetraffic.com/en/ais/search/all?keyword=9177545", "method": "v3_2pass_track3d_fromru10d", "ru_seen_in_lookback": true, "in_monitor_on_day": true}}, {"type": "Feature", "geometry": {"type": "LineString", "coordinates": [[30.1827, 59.884116666666664], [16.578366666666668, 56.071749999999994], [15.643583333333334, 55.7736], [15.393516666666667, 55.6949], [15.159466666666667, 55.61396666666667], [14.895733333333334, 55.52905], [14.6645, 55.4528], [14.452033333333333, 55.34925], [14.26265, 55.21886666666667], [13.964283333333332, 55.22375], [13.526066666666667, 55.23583333333333], [13.226315, 55.24673333333333], [12.978016666666667, 55.25593333333334], [12.748966666666666, 55.288516666666666], [12.681316666666667, 55.3909], [12.7245, 55.503166666666665], [12.69965, 55.59988333333333], [12.6902, 55.68281666666667], [12.6637, 55.735083333333336], [12.65635, 55.73881666666667], [12.656883333333333, 55.73921666666667], [12.657549999999999, 55.73963333333334], [12.656749999999999, 55.739333333333335], [12.6576, 55.739583333333336], [12.657416666666668, 55.739466666666665], [12.657649999999999, 55.739565], [12.657565, 55.73963333333334], [12.658048333333333, 55.73896666666667], [12.777233333333333, 55.812916666666666], [12.730783333333333, 55.9312], [12.671, 56.036500000000004], [12.506233333333334, 56.138299999999994]]}, "properties": {"label": "BALTIC PERFORMER", "mmsi": "311000972", "imo": "9016674", "name": "BALTIC PERFORMER", "shiptype": "", "first_seen_utc": "2026-01-13T00:48:38Z", "last_seen_utc": "2026-01-15T15:42:32Z", "destination": "PACBL", "eta": "{'Day': 30, 'Hour': 8, 'Minute': 0, 'Month': 1}", "display": "", "links": "<a href=\"https://www.vesselfinder.com/vessels?name=9016674\" target=\"_blank\" rel=\"noopener\">VesselFinder</a> | <a href=\"https://www.marinetraffic.com/en/ais/search/all?keyword=9016674\" target=\"_blank\" rel=\"noopener\">MarineTraffic</a>", "vf_url": "https://www.vesselfinder.com/vessels?name=9016674", "mst_url": "https://www.marinetraffic.com/en/ais/search/all?keyword=9016674", "method": "v3_2pass_track3d_fromru10d", "ru_seen_in_lookback": true, "in_monitor_on_day": true}}, {"type": "Feature", "geometry": {"type": "Point", "coordinates": [12.506233333333334, 56.138299999999994]}, "properties": {"label": "BALTIC PERFORMER", "mmsi": "311000972", "imo": "9016674", "name": "BALTIC PERFORMER", "shiptype": "", "first_seen_utc": "2026-01-13T00:48:38Z", "last_seen_utc": "2026-01-15T15:42:32Z", "destination": "PACBL", "eta": "{'Day': 30, 'Hour': 8, 'Minute': 0, 'Month': 1}", "display": "BALTIC PERFORMER (311000972)", "links": "<a href=\"https://www.vesselfinder.com/vessels?name=9016674\" target=\"_blank\" rel=\"noopener\">VesselFinder</a> | <a href=\"https://www.marinetraffic.com/en/ais/search/all?keyword=9016674\" target=\"_blank\" rel=\"noopener\">MarineTraffic</a>", "vf_url": "https://www.vesselfinder.com/vessels?name=9016674", "mst_url": "https://www.marinetraffic.com/en/ais/search/all?keyword=9016674", "method": "v3_2pass_track3d_fromru10d", "ru_seen_in_lookback": true, "in_monitor_on_day": true}}, {"type": "Feature", "geometry": {"type": "LineString", "coordinates": [[30.213, 59.86933833333333], [16.121728333333333, 55.92138166666667], [15.946869999999999, 55.849648333333334], [15.726116666666666, 55.77113]]}, "properties": {"label": "ARNE", "mmsi": "305681000", "imo": "9142564", "name": "ARNE", "shiptype": "", "first_seen_utc": "2026-01-13T08:33:44Z", "last_seen_utc": "2026-01-15T15:38:41Z", "destination": "DECKL", "eta": "{'Day': 15, 'Hour': 14, 'Minute': 0, 'Month': 1}", "display": "", "links": "<a href=\"https://www.vesselfinder.com/vessels?name=9142564\" target=\"_blank\" rel=\"noopener\">VesselFinder</a> | <a href=\"https://www.marinetraffic.com/en/ais/search/all?keyword=9142564\" target=\"_blank\" rel=\"noopener\">MarineTraffic</a>", "vf_url": "https://www.vesselfinder.com/vessels?name=9142564", "mst_url": "https://www.marinetraffic.com/en/ais/search/all?keyword=9142564", "method": "v3_2pass_track3d_fromru10d", "ru_seen_in_lookback": true, "in_monitor_on_day": true}}, {"type": "Feature", "geometry": {"type": "Point", "coordinates": [15.726116666666666, 55.77113]}, "properties": {"label": "ARNE", "mmsi": "305681000", "imo": "9142564", "name": "ARNE", "shiptype": "", "first_seen_utc": "2026-01-13T08:33:44Z", "last_seen_utc": "2026-01-15T15:38:41Z", "destination": "DECKL", "eta": "{'Day': 15, 'Hour': 14, 'Minute': 0, 'Month': 1}", "display": "ARNE (305681000)", "links": "<a href=\"https://www.vesselfinder.com/vessels?name=9142564\" target=\"_blank\" rel=\"noopener\">VesselFinder</a> | <a href=\"https://www.marinetraffic.com/en/ais/search/all?keyword=9142564\" target=\"_blank\" rel=\"noopener\">MarineTraffic</a>", "vf_url": "https://www.vesselfinder.com/vessels?name=9142564", "mst_url": "https://www.marinetraffic.com/en/ais/search/all?keyword=9142564", "method": "v3_2pass_track3d_fromru10d", "ru_seen_in_lookback": true, "in_monitor_on_day": true}}, {"type": "Feature", "geometry": {"type": "LineString", "coordinates": [[19.02720833333333, 54.919774999999994], [19.038091666666666, 54.844435], [19.04515, 54.76859833333333], [19.047596666666667, 54.69437166666667], [19.077166666666667, 54.61939333333333], [19.004396666666665, 54.56022666666667], [18.906305, 54.50795666666667], [18.83930333333333, 54.456109999999995], [18.842226666666665, 54.45019], [18.842176666666667, 54.450230000000005], [18.84231, 54.450235], [18.84209, 54.45021666666666], [18.841973333333332, 54.45017333333333], [18.842368333333333, 54.450285], [18.842035, 54.45016], [18.842311666666667, 54.450271666666666], [18.842190000000002, 54.450230000000005], [18.842316666666665, 54.45026], [18.8423, 54.45024166666667], [18.842391666666668, 54.450255], [18.842435000000002, 54.45026333333333], [18.842493333333334, 54.45025333333333], [18.842433333333336, 54.45030166666666], [18.842581666666668, 54.45028166666667], [18.84270666666667, 54.450309999999995], [18.842903333333332, 54.45034333333333], [18.84292, 54.450345], [18.842988333333334, 54.450336666666665], [18.842983333333333, 54.450345], [18.843320000000002, 54.450354999999995], [18.84367, 54.45035166666666], [18.844228333333334, 54.45027666666667], [18.844476666666665, 54.45021333333333], [18.844511666666666, 54.45020833333333], [18.845764999999997, 54.44974166666667], [18.84456, 54.44856333333333], [18.823050000000002, 54.418033333333334], [18.728186666666666, 54.40118], [18.717341666666666, 54.388146666666664], [18.715513333333334, 54.38496166666666], [18.715425, 54.385041666666666], [18.715466666666668, 54.384946666666664], [18.715463333333332, 54.38498666666667], [18.715466666666668, 54.384966666666664], [18.715476666666667, 54.384965], [18.715455000000002, 54.38498666666667], [18.715473333333332, 54.38495833333333], [18.715483333333335, 54.384993333333334], [18.715419999999998, 54.38498833333333], [18.715488333333333, 54.384975000000004], [18.715483333333335, 54.384996666666666], [18.715483333333335, 54.384971666666665], [18.715435, 54.38494], [18.715486666666667, 54.384953333333335], [18.715476666666667, 54.38498333333334], [18.71549, 54.384995], [18.71546, 54.384985], [18.71539, 54.384985], [18.715456666666668, 54.384933333333336], [18.715503333333334, 54.384955], [18.715498333333336, 54.384980000000006], [18.715449999999997, 54.38501], [18.715488333333333, 54.384991666666664], [18.715435, 54.384991666666664], [18.715485, 54.384953333333335], [18.715453333333336, 54.38494], [18.715488333333333, 54.38498833333333], [18.71543, 54.384993333333334], [18.715498333333336, 54.38498333333334]]}, "properties": {"label": "AVA D", "mmsi": "255705000", "imo": "9306225", "name": "AVA D", "shiptype": "", "first_seen_utc": "2026-01-14T04:19:41Z", "last_seen_utc": "2026-01-15T16:10:10Z", "destination": "PLGDN", "eta": "{'Day': 14, 'Hour': 23, 'Minute': 15, 'Month': 1}", "display": "", "links": "<a href=\"https://www.vesselfinder.com/vessels?name=9306225\" target=\"_blank\" rel=\"noopener\">VesselFinder</a> | <a href=\"https://www.marinetraffic.com/en/ais/search/all?keyword=9306225\" target=\"_blank\" rel=\"noopener\">MarineTraffic</a>", "vf_url": "https://www.vesselfinder.com/vessels?name=9306225", "mst_url": "https://www.marinetraffic.com/en/ais/search/all?keyword=9306225", "method": "v3_2pass_track3d_fromru10d", "ru_seen_in_lookback": true, "in_monitor_on_day": true}}, {"type": "Feature", "geometry": {"type": "Point", "coordinates": [18.715498333333336, 54.38498333333334]}, "properties": {"label": "AVA D", "mmsi": "255705000", "imo": "9306225", "name": "AVA D", "shiptype": "", "first_seen_utc": "2026-01-14T04:19:41Z", "last_seen_utc": "2026-01-15T16:10:10Z", "destination": "PLGDN", "eta": "{'Day': 14, 'Hour': 23, 'Minute': 15, 'Month': 1}", "display": "AVA D (255705000)", "links": "<a href=\"https://www.vesselfinder.com/vessels?name=9306225\" target=\"_blank\" rel=\"noopener\">VesselFinder</a> | <a href=\"https://www.marinetraffic.com/en/ais/search/all?keyword=9306225\" target=\"_blank\" rel=\"noopener\">MarineTraffic</a>", "vf_url": "https://www.vesselfinder.com/vessels?name=9306225", "mst_url": "https://www.marinetraffic.com/en/ais/search/all?keyword=9306225", "method": "v3_2pass_track3d_fromru10d", "ru_seen_in_lookback": true, "in_monitor_on_day": true}}, {"type": "Feature", "geometry": {"type": "LineString", "coordinates": [[19.048266666666667, 54.95061666666666], [19.032883333333334, 54.86091666666667], [19.007916666666667, 54.771116666666664], [18.957216666666667, 54.69076666666667], [18.897133333333333, 54.613216666666666], [18.806500000000003, 54.54436666666666], [18.657416666666666, 54.53713333333334], [18.549166666666668, 54.53471666666667], [18.548816666666667, 54.533566666666665], [18.548816666666667, 54.533566666666665], [18.548816666666667, 54.53358333333333], [18.548816666666667, 54.53358333333333]]}, "properties": {"label": "FWN SEA", "mmsi": "244770273", "imo": "9721657", "name": "FWN SEA", "shiptype": "", "first_seen_utc": "2026-01-15T10:39:01Z", "last_seen_utc": "2026-01-15T16:14:51Z", "destination": "PLGDY", "eta": "{'Day': 15, 'Hour': 14, 'Minute': 0, 'Month': 1}", "display": "", "links": "<a href=\"https://www.vesselfinder.com/vessels?name=9721657\" target=\"_blank\" rel=\"noopener\">VesselFinder</a> | <a href=\"https://www.marinetraffic.com/en/ais/search/all?keyword=9721657\" target=\"_blank\" rel=\"noopener\">MarineTraffic</a>", "vf_url": "https://www.vesselfinder.com/vessels?name=9721657", "mst_url": "https://www.marinetraffic.com/en/ais/search/all?keyword=9721657", "method": "v3_2pass_track3d_fromru10d", "ru_seen_in_lookback": true, "in_monitor_on_day": true}}, {"type": "Feature", "geometry": {"type": "Point", "coordinates": [18.548816666666667, 54.53358333333333]}, "properties": {"label": "FWN SEA", "mmsi": "244770273", "imo": "9721657", "name": "FWN SEA", "shiptype": "", "first_seen_utc": "2026-01-15T10:39:01Z", "last_seen_utc": "2026-01-15T16:14:51Z", "destination": "PLGDY", "eta": "{'Day': 15, 'Hour': 14, 'Minute': 0, 'Month': 1}", "display": "FWN SEA (244770273)", "links": "<a href=\"https://www.vesselfinder.com/vessels?name=9721657\" target=\"_blank\" rel=\"noopener\">VesselFinder</a> | <a href=\"https://www.marinetraffic.com/en/ais/search/all?keyword=9721657\" target=\"_blank\" rel=\"noopener\">MarineTraffic</a>", "vf_url": "https://www.vesselfinder.com/vessels?name=9721657", "mst_url": "https://www.marinetraffic.com/en/ais/search/all?keyword=9721657", "method": "v3_2pass_track3d_fromru10d", "ru_seen_in_lookback": true, "in_monitor_on_day": true}}]}