{"type": "FeatureCollection", "features": [{"type": "Feature", "geometry": {"type": "LineString", "coordinates": [[18.92982333333333, 55.142950000000006], [18.92005, 55.15327166666667], [18.910230000000002, 55.16356666666666], [18.901041666666668, 55.17328666666666], [18.891653333333334, 55.18338166666667], [18.88264333333333, 55.19334333333334], [18.869156666666665, 55.20300666666667], [18.920526666666667, 55.15223666666667], [18.985821666666666, 55.09636666666667], [19.048268333333333, 55.04103166666666], [19.10001833333333, 54.995641666666664], [19.123573333333333, 55.00147166666667], [19.149530000000002, 55.012640000000005], [19.172751666666667, 55.025056666666664], [19.23047, 55.053785], [19.134561666666666, 55.061415000000004], [18.91078333333333, 55.070476666666664], [18.787955, 55.07696166666666], [18.75750833333333, 55.08815333333334], [18.74311833333333, 55.106244999999994], [18.735711666666667, 55.119135], [18.704118333333334, 55.19880166666667], [18.651025, 55.22546333333333]]}, "properties": {"label": "CHRISTINA SELMER", "mmsi": "538007974", "imo": "9474278", "name": "CHRISTINA SELMER", "shiptype": "", "first_seen_utc": "2026-01-12T00:00:07Z", "last_seen_utc": "2026-01-21T03:06:22Z", "destination": "FOR ORDERS", "eta": "{'Day': 19, 'Hour': 19, 'Minute': 0, 'Month': 1}", "display": "", "links": "<a href=\"https://www.vesselfinder.com/vessels?name=9474278\" target=\"_blank\" rel=\"noopener\">VesselFinder</a> | <a href=\"https://www.marinetraffic.com/en/ais/search/all?keyword=9474278\" target=\"_blank\" rel=\"noopener\">MarineTraffic</a>", "vf_url": "https://www.vesselfinder.com/vessels?name=9474278", "mst_url": "https://www.marinetraffic.com/en/ais/search/all?keyword=9474278", "method": "v3_2pass_track3d_fromru10d", "ru_seen_in_lookback": true, "in_monitor_on_day": true}}, {"type": "Feature", "geometry": {"type": "Point", "coordinates": [18.651025, 55.22546333333333]}, "properties": {"label": "CHRISTINA SELMER", "mmsi": "538007974", "imo": "9474278", "name": "CHRISTINA SELMER", "shiptype": "", "first_seen_utc": "2026-01-12T00:00:07Z", "last_seen_utc": "2026-01-21T03:06:22Z", "destination": "FOR ORDERS", "eta": "{'Day': 19, 'Hour': 19, 'Minute': 0, 'Month': 1}", "display": "CHRISTINA SELMER (538007974)", "links": "<a href=\"https://www.vesselfinder.com/vessels?name=9474278\" target=\"_blank\" rel=\"noopener\">VesselFinder</a> | <a href=\"https://www.marinetraffic.com/en/ais/search/all?keyword=9474278\" target=\"_blank\" rel=\"noopener\">MarineTraffic</a>", "vf_url": "https://www.vesselfinder.com/vessels?name=9474278", "mst_url": "https://www.marinetraffic.com/en/ais/search/all?keyword=9474278", "method": "v3_2pass_track3d_fromru10d", "ru_seen_in_lookback": true, "in_monitor_on_day": true}}, {"type": "Feature", "geometry": {"type": "LineString", "coordinates": [[18.728636666666667, 54.556958333333334], [18.72772666666667, 54.54378666666666], [18.674106666666667, 54.55683833333333], [18.626945, 54.543075], [18.583133333333333, 54.552908333333335], [18.584304999999997, 54.57172], [18.622915, 54.571108333333335], [18.62356, 54.570996666666666], [18.623538333333332, 54.57103166666666], [18.62082, 54.57264], [18.669398333333334, 54.56960166666667], [18.662155, 54.597415], [18.654483333333335, 54.635711666666666], [18.650575, 54.658006666666665], [18.62128166666667, 54.66079], [18.619068333333335, 54.64501666666667], [18.619308333333333, 54.643388333333334], [18.619318333333336, 54.64341], [18.619318333333336, 54.6434], [18.619329999999998, 54.643405], [18.619333333333334, 54.64340333333334], [18.61934, 54.64342666666666], [18.619353333333333, 54.6434], [18.61934666666667, 54.64340666666667], [18.619333333333334, 54.64342166666667], [18.619333333333334, 54.64341833333334], [18.619343333333333, 54.6434], [18.619336666666666, 54.643413333333335], [18.619329999999998, 54.643415], [18.619331666666668, 54.643413333333335], [18.619341666666667, 54.64342166666667], [18.619328333333332, 54.64342166666667], [18.619323333333334, 54.643415], [18.619328333333332, 54.643431666666665], [18.619329999999998, 54.64342666666666], [18.619328333333332, 54.643415], [18.619328333333332, 54.643413333333335], [18.61934, 54.643415], [18.619338333333335, 54.64341], [18.619336666666666, 54.64341833333334]]}, "properties": {"label": "OCEANOGRAF", "mmsi": "261036120", "imo": "9776951", "name": "OCEANOGRAF", "shiptype": "", "first_seen_utc": "2026-01-12T00:00:09Z", "last_seen_utc": "2026-01-21T03:24:35Z", "destination": "SURVEY OPERATION", "eta": "{'Day': 19, 'Hour': 9, 'Minute': 0, 'Month': 1}", "display": "", "links": "<a href=\"https://www.vesselfinder.com/vessels?name=9776951\" target=\"_blank\" rel=\"noopener\">VesselFinder</a> | <a href=\"https://www.marinetraffic.com/en/ais/search/all?keyword=9776951\" target=\"_blank\" rel=\"noopener\">MarineTraffic</a>", "vf_url": "https://www.vesselfinder.com/vessels?name=9776951", "mst_url": "https://www.marinetraffic.com/en/ais/search/all?keyword=9776951", "method": "v3_2pass_track3d_fromru10d", "ru_seen_in_lookback": true, "in_monitor_on_day": true}}, {"type": "Feature", "geometry": {"type": "Point", "coordinates": [18.619336666666666, 54.64341833333334]}, "properties": {"label": "OCEANOGRAF", "mmsi": "261036120", "imo": "9776951", "name": "OCEANOGRAF", "shiptype": "", "first_seen_utc": "2026-01-12T00:00:09Z", "last_seen_utc": "2026-01-21T03:24:35Z", "destination": "SURVEY OPERATION", "eta": "{'Day': 19, 'Hour': 9, 'Minute': 0, 'Month': 1}", "display": "OCEANOGRAF (261036120)", "links": "<a href=\"https://www.vesselfinder.com/vessels?name=9776951\" target=\"_blank\" rel=\"noopener\">VesselFinder</a> | <a href=\"https://www.marinetraffic.com/en/ais/search/all?keyword=9776951\" target=\"_blank\" rel=\"noopener\">MarineTraffic</a>", "vf_url": "https://www.vesselfinder.com/vessels?name=9776951", "mst_url": "https://www.marinetraffic.com/en/ais/search/all?keyword=9776951", "method": "v3_2pass_track3d_fromru10d", "ru_seen_in_lookback": true, "in_monitor_on_day": true}}, {"type": "Feature", "geometry": {"type": "LineString", "coordinates": [[18.92634, 54.47537], [18.919745, 54.50087499999999], [18.946826666666666, 54.51531], [18.973585, 54.506348333333335], [18.954116666666668, 54.49420166666666], [18.93973, 54.519776666666665], [18.932156666666668, 54.54638666666666], [18.926975000000002, 54.57324166666667], [18.917958333333335, 54.59782833333334], [18.89050166666667, 54.61566333333334], [18.863141666666667, 54.63364], [18.84002333333333, 54.655121666666666], [18.843026666666667, 54.678893333333335], [18.85006333333333, 54.701175], [18.854376666666667, 54.72550666666667], [18.85638, 54.65481666666667], [18.84656, 54.60232333333333], [18.80348, 54.600656666666666], [18.80346666666667, 54.60064666666666], [18.801818333333333, 54.602198333333334], [18.80186666666667, 54.60219666666667], [18.801808333333334, 54.60218166666667], [18.80196833333333, 54.60208], [18.801730000000003, 54.602185], [18.801846666666666, 54.60218666666666], [18.80185, 54.60218166666667], [18.801848333333332, 54.60214833333334], [18.801875, 54.602175], [18.801871666666667, 54.60218166666667], [18.801865000000003, 54.60219333333334], [18.801865000000003, 54.60217166666666], [18.801846666666666, 54.60216166666667], [18.801856666666666, 54.60218166666667], [18.801825, 54.60216833333333], [18.801806666666668, 54.60218833333333], [18.801859999999998, 54.602175], [18.801836666666667, 54.60216666666667], [18.801848333333332, 54.60213], [18.801863333333333, 54.602165]]}, "properties": {"label": "LEB-7", "mmsi": "261000830", "imo": "8799877", "name": "LEB-7", "shiptype": "", "first_seen_utc": "2026-01-12T00:00:11Z", "last_seen_utc": "2026-01-21T03:45:47Z", "destination": "HEL", "eta": "{'Day': 0, 'Hour': 24, 'Minute': 60, 'Month': 0}", "display": "", "links": "<a href=\"https://www.vesselfinder.com/vessels?name=8799877\" target=\"_blank\" rel=\"noopener\">VesselFinder</a> | <a href=\"https://www.marinetraffic.com/en/ais/search/all?keyword=8799877\" target=\"_blank\" rel=\"noopener\">MarineTraffic</a>", "vf_url": "https://www.vesselfinder.com/vessels?name=8799877", "mst_url": "https://www.marinetraffic.com/en/ais/search/all?keyword=8799877", "method": "v3_2pass_track3d_fromru10d", "ru_seen_in_lookback": true, "in_monitor_on_day": true}}, {"type": "Feature", "geometry": {"type": "Point", "coordinates": [18.801863333333333, 54.602165]}, "properties": {"label": "LEB-7", "mmsi": "261000830", "imo": "8799877", "name": "LEB-7", "shiptype": "", "first_seen_utc": "2026-01-12T00:00:11Z", "last_seen_utc": "2026-01-21T03:45:47Z", "destination": "HEL", "eta": "{'Day': 0, 'Hour': 24, 'Minute': 60, 'Month': 0}", "display": "LEB-7 (261000830)", "links": "<a href=\"https://www.vesselfinder.com/vessels?name=8799877\" target=\"_blank\" rel=\"noopener\">VesselFinder</a> | <a href=\"https://www.marinetraffic.com/en/ais/search/all?keyword=8799877\" target=\"_blank\" rel=\"noopener\">MarineTraffic</a>", "vf_url": "https://www.vesselfinder.com/vessels?name=8799877", "mst_url": "https://www.marinetraffic.com/en/ais/search/all?keyword=8799877", "method": "v3_2pass_track3d_fromru10d", "ru_seen_in_lookback": true, "in_monitor_on_day": true}}, {"type": "Feature", "geometry": {"type": "LineString", "coordinates": [[18.849503333333335, 54.63171], [18.84641333333333, 54.60659666666666], [18.834, 54.585325], [18.85207666666667, 54.58463], [18.86373166666667, 54.595065], [18.872673333333335, 54.606048333333334], [18.83888, 54.59327666666666], [18.85028, 54.62108166666667], [18.84346833333333, 54.60372666666667], [18.848571666666665, 54.587155], [18.863823333333336, 54.59807], [18.86913, 54.604855], [18.805400000000002, 54.589394999999996], [18.802775, 54.60210666666667], [18.801561666666665, 54.603793333333336], [18.801823333333335, 54.603746666666666], [18.8018, 54.603785], [18.801783333333333, 54.60374], [18.801816666666664, 54.603728333333336], [18.801803333333332, 54.60369166666667], [18.80179, 54.603728333333336], [18.801783333333333, 54.60375166666667], [18.801771666666664, 54.603725000000004], [18.801806666666668, 54.60369], [18.803501666666666, 54.60032833333333], [18.80347, 54.60034666666666], [18.803518333333333, 54.60028833333333], [18.803485000000002, 54.600325], [18.801786666666665, 54.603719999999996], [18.801795000000002, 54.603715], [18.801859999999998, 54.60374], [18.801793333333332, 54.603719999999996], [18.80177666666667, 54.603761666666664], [18.801773333333333, 54.60375666666666], [18.801806666666668, 54.603745], [18.801836666666667, 54.60374], [18.801805, 54.60375333333333], [18.801816666666664, 54.60373333333334], [18.801816666666664, 54.60371833333333], [18.801785, 54.603764999999996]]}, "properties": {"label": "HEL 112", "mmsi": "261001880", "imo": "7625861", "name": "HEL 112", "shiptype": "", "first_seen_utc": "2026-01-12T00:00:23Z", "last_seen_utc": "2026-01-21T03:23:41Z", "destination": "KEEP SAFE DIST 03AFT", "eta": "{'Day': 1, 'Hour': 0, 'Minute': 0, 'Month': 1}", "display": "", "links": "<a href=\"https://www.vesselfinder.com/vessels?name=7625861\" target=\"_blank\" rel=\"noopener\">VesselFinder</a> | <a href=\"https://www.marinetraffic.com/en/ais/search/all?keyword=7625861\" target=\"_blank\" rel=\"noopener\">MarineTraffic</a>", "vf_url": "https://www.vesselfinder.com/vessels?name=7625861", "mst_url": "https://www.marinetraffic.com/en/ais/search/all?keyword=7625861", "method": "v3_2pass_track3d_fromru10d", "ru_seen_in_lookback": true, "in_monitor_on_day": true}}, {"type": "Feature", "geometry": {"type": "Point", "coordinates": [18.801785, 54.603764999999996]}, "properties": {"label": "HEL 112", "mmsi": "261001880", "imo": "7625861", "name": "HEL 112", "shiptype": "", "first_seen_utc": "2026-01-12T00:00:23Z", "last_seen_utc": "2026-01-21T03:23:41Z", "destination": "KEEP SAFE DIST 03AFT", "eta": "{'Day': 1, 'Hour': 0, 'Minute': 0, 'Month': 1}", "display": "HEL 112 (261001880)", "links": "<a href=\"https://www.vesselfinder.com/vessels?name=7625861\" target=\"_blank\" rel=\"noopener\">VesselFinder</a> | <a href=\"https://www.marinetraffic.com/en/ais/search/all?keyword=7625861\" target=\"_blank\" rel=\"noopener\">MarineTraffic</a>", "vf_url": "https://www.vesselfinder.com/vessels?name=7625861", "mst_url": "https://www.marinetraffic.com/en/ais/search/all?keyword=7625861", "method": "v3_2pass_track3d_fromru10d", "ru_seen_in_lookback": true, "in_monitor_on_day": true}}, {"type": "Feature", "geometry": {"type": "LineString", "coordinates": [[18.872076666666665, 54.54056666666667], [18.86094166666667, 54.56429166666667], [18.835418333333333, 54.580391666666664], [18.842911666666666, 54.600680000000004], [18.852713333333334, 54.620395], [18.85142, 54.614963333333336], [18.842225, 54.59504333333334], [18.854660000000003, 54.61207], [18.857106666666667, 54.62627166666667], [18.859035, 54.640771666666666], [18.8594, 54.65380833333334], [18.851701666666667, 54.62403], [18.801015, 54.588825], [18.801105, 54.59991], [18.801111666666667, 54.599916666666665], [18.801106666666666, 54.59990666666667], [18.801113333333333, 54.599900000000005], [18.801131666666667, 54.59990333333334], [18.801121666666667, 54.59990333333334], [18.80112, 54.59989666666667], [18.801701666666666, 54.599955], [18.802413333333334, 54.601530000000004], [18.802551666666666, 54.60242166666667], [18.80254, 54.60243166666667], [18.802535, 54.602395], [18.802915, 54.60004], [18.80287, 54.600055], [18.802903333333333, 54.60003166666667], [18.802905, 54.60000166666667], [18.802934999999998, 54.60003166666667], [18.802956666666667, 54.60000166666667], [18.802978333333332, 54.600033333333336], [18.80296333333333, 54.600024999999995], [18.80295, 54.600024999999995], [18.802931666666666, 54.60004166666667], [18.802945, 54.60003666666667], [18.802919999999997, 54.60002333333333], [18.802915, 54.60004166666667], [18.80292166666667, 54.60006166666667], [18.802958333333333, 54.60006666666666], [18.80291833333333, 54.60004833333333]]}, "properties": {"label": "LEB-18", "mmsi": "261001230", "imo": "", "name": "LEB-18", "shiptype": "", "first_seen_utc": "2026-01-12T00:02:04Z", "last_seen_utc": "2026-01-21T03:52:14Z", "destination": "HEL>-BALTIC SEA>LEBA", "eta": "{'Day': 28, 'Hour': 17, 'Minute': 0, 'Month': 12}", "display": "", "links": "<a href=\"https://www.vesselfinder.com/vessels?name=261001230\" target=\"_blank\" rel=\"noopener\">VesselFinder</a> | <a href=\"https://www.marinetraffic.com/en/ais/search/all?keyword=261001230\" target=\"_blank\" rel=\"noopener\">MarineTraffic</a>", "vf_url": "https://www.vesselfinder.com/vessels?name=261001230", "mst_url": "https://www.marinetraffic.com/en/ais/search/all?keyword=261001230", "method": "v3_2pass_track3d_fromru10d", "ru_seen_in_lookback": true, "in_monitor_on_day": true}}, {"type": "Feature", "geometry": {"type": "Point", "coordinates": [18.80291833333333, 54.60004833333333]}, "properties": {"label": "LEB-18", "mmsi": "261001230", "imo": "", "name": "LEB-18", "shiptype": "", "first_seen_utc": "2026-01-12T00:02:04Z", "last_seen_utc": "2026-01-21T03:52:14Z", "destination": "HEL>-BALTIC SEA>LEBA", "eta": "{'Day': 28, 'Hour': 17, 'Minute': 0, 'Month': 12}", "display": "LEB-18 (261001230)", "links": "<a href=\"https://www.vesselfinder.com/vessels?name=261001230\" target=\"_blank\" rel=\"noopener\">VesselFinder</a> | <a href=\"https://www.marinetraffic.com/en/ais/search/all?keyword=261001230\" target=\"_blank\" rel=\"noopener\">MarineTraffic</a>", "vf_url": "https://www.vesselfinder.com/vessels?name=261001230", "mst_url": "https://www.marinetraffic.com/en/ais/search/all?keyword=261001230", "method": "v3_2pass_track3d_fromru10d", "ru_seen_in_lookback": true, "in_monitor_on_day": true}}, {"type": "Feature", "geometry": {"type": "LineString", "coordinates": [[18.53817666666667, 54.536728333333336], [18.512968333333333, 54.54282], [18.51077666666667, 54.544290000000004], [18.51076, 54.544248333333336], [18.510769999999997, 54.54428], [18.510793333333332, 54.544265], [18.510741666666668, 54.54428666666667], [18.510820000000002, 54.544248333333336], [18.510748333333332, 54.544250000000005], [18.510726666666667, 54.544291666666666], [18.510765, 54.544265], [18.51081333333333, 54.54427333333333], [18.510786666666668, 54.544250000000005], [18.510798333333334, 54.54425833333333], [18.510798333333334, 54.54424166666667], [18.510798333333334, 54.544243333333334], [18.510773333333336, 54.544265], [18.51077666666667, 54.54425833333333], [18.510763333333333, 54.544239999999995], [18.510745, 54.54428166666666], [18.510763333333333, 54.54427833333333], [18.510716666666667, 54.54429833333334], [18.510823333333335, 54.544290000000004], [18.510769999999997, 54.544261666666664], [18.510781666666666, 54.544235], [18.510758333333335, 54.54428], [18.51073166666667, 54.544295000000005], [18.510783333333332, 54.54427166666667], [18.510733333333334, 54.544268333333335], [18.51073166666667, 54.54430333333333], [18.510758333333335, 54.544261666666664], [18.51078, 54.54423666666666], [18.510741666666668, 54.544305], [18.510741666666668, 54.54429666666667], [18.510751666666668, 54.544246666666666], [18.510726666666667, 54.544261666666664], [18.510745, 54.54425166666667], [18.510704999999998, 54.544261666666664], [18.510751666666668, 54.54425333333334]]}, "properties": {"label": "MSC CALYPSO", "mmsi": "636022443", "imo": "9932036", "name": "MSC CALYPSO", "shiptype": "", "first_seen_utc": "2026-01-12T00:02:17Z", "last_seen_utc": "2026-01-21T03:48:56Z", "destination": "PLGDY", "eta": "{'Day': 17, 'Hour': 6, 'Minute': 30, 'Month': 1}", "display": "", "links": "<a href=\"https://www.vesselfinder.com/vessels?name=9932036\" target=\"_blank\" rel=\"noopener\">VesselFinder</a> | <a href=\"https://www.marinetraffic.com/en/ais/search/all?keyword=9932036\" target=\"_blank\" rel=\"noopener\">MarineTraffic</a>", "vf_url": "https://www.vesselfinder.com/vessels?name=9932036", "mst_url": "https://www.marinetraffic.com/en/ais/search/all?keyword=9932036", "method": "v3_2pass_track3d_fromru10d", "ru_seen_in_lookback": true, "in_monitor_on_day": true}}, {"type": "Feature", "geometry": {"type": "Point", "coordinates": [18.510751666666668, 54.54425333333334]}, "properties": {"label": "MSC CALYPSO", "mmsi": "636022443", "imo": "9932036", "name": "MSC CALYPSO", "shiptype": "", "first_seen_utc": "2026-01-12T00:02:17Z", "last_seen_utc": "2026-01-21T03:48:56Z", "destination": "PLGDY", "eta": "{'Day': 17, 'Hour': 6, 'Minute': 30, 'Month': 1}", "display": "MSC CALYPSO (636022443)", "links": "<a href=\"https://www.vesselfinder.com/vessels?name=9932036\" target=\"_blank\" rel=\"noopener\">VesselFinder</a> | <a href=\"https://www.marinetraffic.com/en/ais/search/all?keyword=9932036\" target=\"_blank\" rel=\"noopener\">MarineTraffic</a>", "vf_url": "https://www.vesselfinder.com/vessels?name=9932036", "mst_url": "https://www.marinetraffic.com/en/ais/search/all?keyword=9932036", "method": "v3_2pass_track3d_fromru10d", "ru_seen_in_lookback": true, "in_monitor_on_day": true}}, {"type": "Feature", "geometry": {"type": "LineString", "coordinates": [[14.518871666666666, 55.377658333333336], [14.3801, 55.28171333333333], [14.24092, 55.18047], [12.647105, 54.748484999999995], [12.337601666666666, 54.61938833333333], [12.225056666666667, 54.52422333333333], [12.119056666666667, 54.43053666666666], [11.916301666666667, 54.43319833333333], [11.714436666666668, 54.458283333333334], [11.526906666666667, 54.50844166666666], [11.340075, 54.559380000000004], [11.140756666666666, 54.601416666666665], [10.93848, 54.62143833333334], [10.78121, 54.68532666666667], [10.819696666666665, 54.78774666666666], [10.855351666666667, 54.89726666666666], [10.984333333333332, 54.98021333333334], [11.04256, 55.07919833333334], [11.101343333333334, 55.23063833333333], [10.839281666666666, 55.564663333333336], [10.792556666666666, 55.689004999999995], [10.82109, 55.81137833333333], [10.946806666666667, 55.911100000000005], [11.084101666666667, 56.016601666666666], [11.193299999999999, 56.123195]]}, "properties": {"label": "CMA CGM ERMITAGE", "mmsi": "256800000", "imo": "9961295", "name": "CMA CGM ERMITAGE", "shiptype": "", "first_seen_utc": "2026-01-12T00:04:48Z", "last_seen_utc": "2026-01-21T00:55:58Z", "destination": "GBTIL", "eta": "{'Day': 22, 'Hour': 23, 'Minute': 0, 'Month': 1}", "display": "", "links": "<a href=\"https://www.vesselfinder.com/vessels?name=9961295\" target=\"_blank\" rel=\"noopener\">VesselFinder</a> | <a href=\"https://www.marinetraffic.com/en/ais/search/all?keyword=9961295\" target=\"_blank\" rel=\"noopener\">MarineTraffic</a>", "vf_url": "https://www.vesselfinder.com/vessels?name=9961295", "mst_url": "https://www.marinetraffic.com/en/ais/search/all?keyword=9961295", "method": "v3_2pass_track3d_fromru10d", "ru_seen_in_lookback": true, "in_monitor_on_day": true}}, {"type": "Feature", "geometry": {"type": "Point", "coordinates": [11.193299999999999, 56.123195]}, "properties": {"label": "CMA CGM ERMITAGE", "mmsi": "256800000", "imo": "9961295", "name": "CMA CGM ERMITAGE", "shiptype": "", "first_seen_utc": "2026-01-12T00:04:48Z", "last_seen_utc": "2026-01-21T00:55:58Z", "destination": "GBTIL", "eta": "{'Day': 22, 'Hour': 23, 'Minute': 0, 'Month': 1}", "display": "CMA CGM ERMITAGE (256800000)", "links": "<a href=\"https://www.vesselfinder.com/vessels?name=9961295\" target=\"_blank\" rel=\"noopener\">VesselFinder</a> | <a href=\"https://www.marinetraffic.com/en/ais/search/all?keyword=9961295\" target=\"_blank\" rel=\"noopener\">MarineTraffic</a>", "vf_url": "https://www.vesselfinder.com/vessels?name=9961295", "mst_url": "https://www.marinetraffic.com/en/ais/search/all?keyword=9961295", "method": "v3_2pass_track3d_fromru10d", "ru_seen_in_lookback": true, "in_monitor_on_day": true}}, {"type": "Feature", "geometry": {"type": "LineString", "coordinates": [[12.33758, 54.65250833333334], [12.2303, 54.59890666666667], [12.178256666666666, 54.49914166666667], [12.087909999999999, 54.44381666666666], [11.959900000000001, 54.44240333333333], [11.83377, 54.44444333333333], [11.707073333333334, 54.46634666666667], [11.581701666666667, 54.49455833333333], [11.464651666666667, 54.52795166666667], [11.345223333333333, 54.5609], [11.228985, 54.59146166666667], [11.104553333333333, 54.608245000000004], [10.982313333333334, 54.599354999999996], [10.859895, 54.59267833333333], [10.734883333333332, 54.58660833333333], [10.409573333333332, 54.53270166666667], [10.300943333333333, 54.503569999999996], [10.228811666666667, 54.44224166666667], [10.179233333333334, 54.374451666666666], [10.143028333333332, 54.365285], [10.138786666666666, 54.36588], [10.048731666666667, 54.35959833333333], [9.961531666666668, 54.34217833333333], [9.866705, 54.361095], [9.77066, 54.352489999999996]]}, "properties": {"label": "KAREWOOD STAR", "mmsi": "311000648", "imo": "9363986", "name": "KAREWOOD STAR", "shiptype": "", "first_seen_utc": "2026-01-12T00:04:49Z", "last_seen_utc": "2026-01-21T03:23:54Z", "destination": "PASAJES", "eta": "{'Day': 27, 'Hour': 8, 'Minute': 0, 'Month': 1}", "display": "", "links": "<a href=\"https://www.vesselfinder.com/vessels?name=9363986\" target=\"_blank\" rel=\"noopener\">VesselFinder</a> | <a href=\"https://www.marinetraffic.com/en/ais/search/all?keyword=9363986\" target=\"_blank\" rel=\"noopener\">MarineTraffic</a>", "vf_url": "https://www.vesselfinder.com/vessels?name=9363986", "mst_url": "https://www.marinetraffic.com/en/ais/search/all?keyword=9363986", "method": "v3_2pass_track3d_fromru10d", "ru_seen_in_lookback": true, "in_monitor_on_day": true}}, {"type": "Feature", "geometry": {"type": "Point", "coordinates": [9.77066, 54.352489999999996]}, "properties": {"label": "KAREWOOD STAR", "mmsi": "311000648", "imo": "9363986", "name": "KAREWOOD STAR", "shiptype": "", "first_seen_utc": "2026-01-12T00:04:49Z", "last_seen_utc": "2026-01-21T03:23:54Z", "destination": "PASAJES", "eta": "{'Day': 27, 'Hour': 8, 'Minute': 0, 'Month': 1}", "display": "KAREWOOD STAR (311000648)", "links": "<a href=\"https://www.vesselfinder.com/vessels?name=9363986\" target=\"_blank\" rel=\"noopener\">VesselFinder</a> | <a href=\"https://www.marinetraffic.com/en/ais/search/all?keyword=9363986\" target=\"_blank\" rel=\"noopener\">MarineTraffic</a>", "vf_url": "https://www.vesselfinder.com/vessels?name=9363986", "mst_url": "https://www.marinetraffic.com/en/ais/search/all?keyword=9363986", "method": "v3_2pass_track3d_fromru10d", "ru_seen_in_lookback": true, "in_monitor_on_day": true}}, {"type": "Feature", "geometry": {"type": "LineString", "coordinates": [[18.849331666666668, 54.614225000000005], [18.848015, 54.63647666666667], [18.83833333333333, 54.65955666666667], [18.821883333333336, 54.67827333333333], [18.81065, 54.698125], [18.799286666666667, 54.71754333333333], [18.788451666666667, 54.737280000000005], [18.783545, 54.75077], [18.77547666666667, 54.75723666666667], [18.786876666666668, 54.73330166666666], [18.827859999999998, 54.661134999999994], [18.828278333333333, 54.595285], [18.803501666666666, 54.60068166666667], [18.803496666666668, 54.60068166666667], [18.803498333333334, 54.60069166666666], [18.80348, 54.600683333333336], [18.828, 54.59600666666667], [18.80623166666667, 54.58859666666667], [18.80036833333333, 54.60153833333333], [18.800355000000003, 54.60152166666667], [18.80035333333333, 54.60151333333333], [18.800346666666666, 54.601515], [18.800358333333335, 54.601533333333336], [18.80036, 54.601525], [18.800349999999998, 54.601533333333336], [18.800378333333335, 54.601549999999996], [18.80037, 54.601546666666664], [18.800375, 54.601548333333334], [18.800405, 54.60155333333333], [18.800393333333332, 54.601535], [18.800386666666668, 54.60153833333333], [18.80038, 54.60152166666667], [18.800381666666667, 54.60151666666666], [18.80035666666667, 54.60151666666666], [18.80035333333333, 54.60151333333333], [18.800365, 54.60152333333333], [18.800361666666667, 54.60154], [18.800381666666667, 54.60154166666667], [18.800381666666667, 54.601531666666666]]}, "properties": {"label": "JAS-57 MAGDALENA", "mmsi": "261004280", "imo": "", "name": "JAS-57 MAGDALENA", "shiptype": "", "first_seen_utc": "2026-01-12T00:04:56Z", "last_seen_utc": "2026-01-21T03:21:24Z", "destination": "JASTARNIA", "eta": "{'Day': 23, 'Hour': 12, 'Minute': 44, 'Month': 9}", "display": "", "links": "<a href=\"https://www.vesselfinder.com/vessels?name=261004280\" target=\"_blank\" rel=\"noopener\">VesselFinder</a> | <a href=\"https://www.marinetraffic.com/en/ais/search/all?keyword=261004280\" target=\"_blank\" rel=\"noopener\">MarineTraffic</a>", "vf_url": "https://www.vesselfinder.com/vessels?name=261004280", "mst_url": "https://www.marinetraffic.com/en/ais/search/all?keyword=261004280", "method": "v3_2pass_track3d_fromru10d", "ru_seen_in_lookback": true, "in_monitor_on_day": true}}, {"type": "Feature", "geometry": {"type": "Point", "coordinates": [18.800381666666667, 54.601531666666666]}, "properties": {"label": "JAS-57 MAGDALENA", "mmsi": "261004280", "imo": "", "name": "JAS-57 MAGDALENA", "shiptype": "", "first_seen_utc": "2026-01-12T00:04:56Z", "last_seen_utc": "2026-01-21T03:21:24Z", "destination": "JASTARNIA", "eta": "{'Day': 23, 'Hour': 12, 'Minute': 44, 'Month': 9}", "display": "JAS-57 MAGDALENA (261004280)", "links": "<a href=\"https://www.vesselfinder.com/vessels?name=261004280\" target=\"_blank\" rel=\"noopener\">VesselFinder</a> | <a href=\"https://www.marinetraffic.com/en/ais/search/all?keyword=261004280\" target=\"_blank\" rel=\"noopener\">MarineTraffic</a>", "vf_url": "https://www.vesselfinder.com/vessels?name=261004280", "mst_url": "https://www.marinetraffic.com/en/ais/search/all?keyword=261004280", "method": "v3_2pass_track3d_fromru10d", "ru_seen_in_lookback": true, "in_monitor_on_day": true}}, {"type": "Feature", "geometry": {"type": "LineString", "coordinates": [[12.004221666666666, 54.23936666666667], [12.004245, 54.23931666666667], [12.004241666666667, 54.23921333333333], [12.004288333333333, 54.239286666666665], [12.004251666666667, 54.239295], [12.004258333333333, 54.239265], [12.004311666666666, 54.23914666666667], [12.005445, 54.239105], [11.985591666666666, 54.29576333333333], [12.063066666666666, 54.363413333333334], [12.147786666666667, 54.40708333333334], [12.273868333333333, 54.498673333333336], [12.314876666666667, 54.57807666666667], [12.427588333333334, 54.632235], [12.91795, 54.78113166666667], [13.77767, 54.94168333333334], [14.029765, 54.990495], [14.26059, 55.09744333333333], [14.402538333333332, 55.20341833333334], [14.498976666666666, 55.274145], [14.598225000000001, 55.347073333333334], [14.704585, 55.408699999999996], [14.845671666666668, 55.44403333333333], [15.009885, 55.487845], [15.16955, 55.53364666666666]]}, "properties": {"label": "ROSTRUM HEDONIST", "mmsi": "636093240", "imo": "9955894", "name": "ROSTRUM HEDONIST", "shiptype": "", "first_seen_utc": "2026-01-12T00:05:57Z", "last_seen_utc": "2026-01-21T01:25:04Z", "destination": "RUULU", "eta": "{'Day': 25, 'Hour': 23, 'Minute': 1, 'Month': 1}", "display": "", "links": "<a href=\"https://www.vesselfinder.com/vessels?name=9955894\" target=\"_blank\" rel=\"noopener\">VesselFinder</a> | <a href=\"https://www.marinetraffic.com/en/ais/search/all?keyword=9955894\" target=\"_blank\" rel=\"noopener\">MarineTraffic</a>", "vf_url": "https://www.vesselfinder.com/vessels?name=9955894", "mst_url": "https://www.marinetraffic.com/en/ais/search/all?keyword=9955894", "method": "v3_2pass_track3d_fromru10d", "ru_seen_in_lookback": true, "in_monitor_on_day": true}}, {"type": "Feature", "geometry": {"type": "Point", "coordinates": [15.16955, 55.53364666666666]}, "properties": {"label": "ROSTRUM HEDONIST", "mmsi": "636093240", "imo": "9955894", "name": "ROSTRUM HEDONIST", "shiptype": "", "first_seen_utc": "2026-01-12T00:05:57Z", "last_seen_utc": "2026-01-21T01:25:04Z", "destination": "RUULU", "eta": "{'Day': 25, 'Hour': 23, 'Minute': 1, 'Month': 1}", "display": "ROSTRUM HEDONIST (636093240)", "links": "<a href=\"https://www.vesselfinder.com/vessels?name=9955894\" target=\"_blank\" rel=\"noopener\">VesselFinder</a> | <a href=\"https://www.marinetraffic.com/en/ais/search/all?keyword=9955894\" target=\"_blank\" rel=\"noopener\">MarineTraffic</a>", "vf_url": "https://www.vesselfinder.com/vessels?name=9955894", "mst_url": "https://www.marinetraffic.com/en/ais/search/all?keyword=9955894", "method": "v3_2pass_track3d_fromru10d", "ru_seen_in_lookback": true, "in_monitor_on_day": true}}, {"type": "Feature", "geometry": {"type": "LineString", "coordinates": [[6.49127, 57.865795000000006], [6.331941666666666, 57.939231666666664], [6.175785, 58.00774666666667], [6.01401, 58.0752], [5.858555, 58.14436], [5.7051799999999995, 58.216454999999996], [5.550316666666666, 58.290798333333335], [5.3898633333333335, 58.36818], [5.246333333333333, 58.439211666666665], [5.116881666666667, 58.51402333333333], [4.988081666666667, 58.58240833333333], [4.855741666666666, 58.65247333333333], [4.72314, 58.723971666666664], [4.579338333333333, 58.79423333333333], [4.45258, 58.87212666666667], [4.333328333333333, 58.952036666666665], [4.203781666666667, 59.03048], [4.200015, 59.138940000000005], [4.193076666666666, 59.247989999999994], [4.192515, 59.35424666666667], [4.1850483333333335, 59.457676666666664], [4.1833, 59.56502], [4.189426666666667, 59.67316666666667], [4.190603333333334, 59.77999333333333], [4.1932133333333335, 59.890679999999996], [4.1891766666666665, 60.012395], [4.190558333333334, 60.126915000000004], [4.188505, 60.238261666666666], [4.189241666666667, 60.346246666666666], [4.1863, 60.450496666666666], [4.161356666666666, 60.55816166666667], [4.180738333333333, 60.66281166666667], [4.1560033333333335, 60.761085], [4.115286666666667, 60.80167666666667], [4.1073216666666665, 60.80832833333333], [4.109165, 60.81633333333333], [4.109188333333333, 60.823025], [4.111985, 60.82792], [4.114863333333333, 60.83338833333333], [4.11668, 60.83745]]}, "properties": {"label": "FRONT ALTAIR", "mmsi": "538007007", "imo": "9745902", "name": "FRONT ALTAIR", "shiptype": "", "first_seen_utc": "2026-01-12T00:06:41Z", "last_seen_utc": "2026-01-21T03:42:59Z", "destination": "NOMON", "eta": "{'Day': 21, 'Hour': 2, 'Minute': 0, 'Month': 1}", "display": "", "links": "<a href=\"https://www.vesselfinder.com/vessels?name=9745902\" target=\"_blank\" rel=\"noopener\">VesselFinder</a> | <a href=\"https://www.marinetraffic.com/en/ais/search/all?keyword=9745902\" target=\"_blank\" rel=\"noopener\">MarineTraffic</a>", "vf_url": "https://www.vesselfinder.com/vessels?name=9745902", "mst_url": "https://www.marinetraffic.com/en/ais/search/all?keyword=9745902", "method": "v3_2pass_track3d_fromru10d", "ru_seen_in_lookback": true, "in_monitor_on_day": true}}, {"type": "Feature", "geometry": {"type": "Point", "coordinates": [4.11668, 60.83745]}, "properties": {"label": "FRONT ALTAIR", "mmsi": "538007007", "imo": "9745902", "name": "FRONT ALTAIR", "shiptype": "", "first_seen_utc": "2026-01-12T00:06:41Z", "last_seen_utc": "2026-01-21T03:42:59Z", "destination": "NOMON", "eta": "{'Day': 21, 'Hour': 2, 'Minute': 0, 'Month': 1}", "display": "FRONT ALTAIR (538007007)", "links": "<a href=\"https://www.vesselfinder.com/vessels?name=9745902\" target=\"_blank\" rel=\"noopener\">VesselFinder</a> | <a href=\"https://www.marinetraffic.com/en/ais/search/all?keyword=9745902\" target=\"_blank\" rel=\"noopener\">MarineTraffic</a>", "vf_url": "https://www.vesselfinder.com/vessels?name=9745902", "mst_url": "https://www.marinetraffic.com/en/ais/search/all?keyword=9745902", "method": "v3_2pass_track3d_fromru10d", "ru_seen_in_lookback": true, "in_monitor_on_day": true}}, {"type": "Feature", "geometry": {"type": "LineString", "coordinates": [[8.85772, 57.587761666666665], [8.636959999999998, 57.50009166666667], [8.374711666666666, 57.38414], [8.183075, 57.27494333333333], [7.984906666666666, 57.12332333333333], [7.522585, 56.746273333333335], [7.381786666666667, 56.6083], [7.151405, 56.489938333333335], [6.5462299999999995, 56.161629999999995], [6.492886666666666, 56.107605], [6.969548333333334, 55.141675]]}, "properties": {"label": "MSC FLAVIA", "mmsi": "373004000", "imo": "9467433", "name": "MSC FLAVIA", "shiptype": "", "first_seen_utc": "2026-01-12T00:06:50Z", "last_seen_utc": "2026-01-21T03:29:38Z", "destination": "DEBRV", "eta": "{'Day': 21, 'Hour': 21, 'Minute': 0, 'Month': 1}", "display": "", "links": "<a href=\"https://www.vesselfinder.com/vessels?name=9467433\" target=\"_blank\" rel=\"noopener\">VesselFinder</a> | <a href=\"https://www.marinetraffic.com/en/ais/search/all?keyword=9467433\" target=\"_blank\" rel=\"noopener\">MarineTraffic</a>", "vf_url": "https://www.vesselfinder.com/vessels?name=9467433", "mst_url": "https://www.marinetraffic.com/en/ais/search/all?keyword=9467433", "method": "v3_2pass_track3d_fromru10d", "ru_seen_in_lookback": true, "in_monitor_on_day": true}}, {"type": "Feature", "geometry": {"type": "Point", "coordinates": [6.969548333333334, 55.141675]}, "properties": {"label": "MSC FLAVIA", "mmsi": "373004000", "imo": "9467433", "name": "MSC FLAVIA", "shiptype": "", "first_seen_utc": "2026-01-12T00:06:50Z", "last_seen_utc": "2026-01-21T03:29:38Z", "destination": "DEBRV", "eta": "{'Day': 21, 'Hour': 21, 'Minute': 0, 'Month': 1}", "display": "MSC FLAVIA (373004000)", "links": "<a href=\"https://www.vesselfinder.com/vessels?name=9467433\" target=\"_blank\" rel=\"noopener\">VesselFinder</a> | <a href=\"https://www.marinetraffic.com/en/ais/search/all?keyword=9467433\" target=\"_blank\" rel=\"noopener\">MarineTraffic</a>", "vf_url": "https://www.vesselfinder.com/vessels?name=9467433", "mst_url": "https://www.marinetraffic.com/en/ais/search/all?keyword=9467433", "method": "v3_2pass_track3d_fromru10d", "ru_seen_in_lookback": true, "in_monitor_on_day": true}}, {"type": "Feature", "geometry": {"type": "LineString", "coordinates": [[10.92564, 54.59491], [10.723283333333335, 54.584588333333336], [10.524578333333332, 54.55817833333333], [10.344690000000002, 54.51067], [10.244083333333332, 54.45939333333333], [10.16995, 54.367005], [10.142998333333333, 54.36584166666667], [10.104643333333334, 54.371386666666666], [10.013693333333332, 54.35791833333334], [9.921895000000001, 54.34372666666666], [9.828505, 54.36358], [9.74469, 54.339198333333336], [9.689608333333332, 54.29481833333333], [9.62237, 54.25964666666666], [9.576658333333334, 54.21012833333334], [9.559705000000001, 54.20263166666667], [9.491404999999999, 54.18399], [9.405873333333334, 54.16198833333333], [9.337543333333334, 54.13663666666666], [9.314538333333333, 54.07127333333334], [9.297566666666667, 54.017043333333326], [9.257366666666666, 53.966696666666664], [9.193506666666668, 53.92012833333333], [9.149346666666666, 53.89570833333333], [9.146973333333333, 53.89432166666666], [9.142865, 53.89228666666667], [8.937876666666666, 53.84649], [8.740805, 53.86179833333333], [8.63688, 53.95023166666667], [8.449586666666667, 53.980111666666666], [8.133866666666666, 54.008358333333334], [7.7250499999999995, 54.02954], [7.559945, 54.00470833333333], [7.388318333333333, 53.98079333333333], [7.210973333333333, 53.95718333333333], [7.032861666666666, 53.932093333333334], [6.8546016666666665, 53.90631666666666], [6.667698333333333, 53.87733333333333]]}, "properties": {"label": "ESPERANCE", "mmsi": "244265000", "imo": "9491484", "name": "ESPERANCE", "shiptype": "", "first_seen_utc": "2026-01-12T00:07:20Z", "last_seen_utc": "2026-01-21T03:33:19Z", "destination": "NL RTM VIA NOK", "eta": "{'Day': 21, 'Hour': 18, 'Minute': 0, 'Month': 1}", "display": "", "links": "<a href=\"https://www.vesselfinder.com/vessels?name=9491484\" target=\"_blank\" rel=\"noopener\">VesselFinder</a> | <a href=\"https://www.marinetraffic.com/en/ais/search/all?keyword=9491484\" target=\"_blank\" rel=\"noopener\">MarineTraffic</a>", "vf_url": "https://www.vesselfinder.com/vessels?name=9491484", "mst_url": "https://www.marinetraffic.com/en/ais/search/all?keyword=9491484", "method": "v3_2pass_track3d_fromru10d", "ru_seen_in_lookback": true, "in_monitor_on_day": true}}, {"type": "Feature", "geometry": {"type": "Point", "coordinates": [6.667698333333333, 53.87733333333333]}, "properties": {"label": "ESPERANCE", "mmsi": "244265000", "imo": "9491484", "name": "ESPERANCE", "shiptype": "", "first_seen_utc": "2026-01-12T00:07:20Z", "last_seen_utc": "2026-01-21T03:33:19Z", "destination": "NL RTM VIA NOK", "eta": "{'Day': 21, 'Hour': 18, 'Minute': 0, 'Month': 1}", "display": "ESPERANCE (244265000)", "links": "<a href=\"https://www.vesselfinder.com/vessels?name=9491484\" target=\"_blank\" rel=\"noopener\">VesselFinder</a> | <a href=\"https://www.marinetraffic.com/en/ais/search/all?keyword=9491484\" target=\"_blank\" rel=\"noopener\">MarineTraffic</a>", "vf_url": "https://www.vesselfinder.com/vessels?name=9491484", "mst_url": "https://www.marinetraffic.com/en/ais/search/all?keyword=9491484", "method": "v3_2pass_track3d_fromru10d", "ru_seen_in_lookback": true, "in_monitor_on_day": true}}, {"type": "Feature", "geometry": {"type": "LineString", "coordinates": [[18.72031666666667, 54.388299999999994], [18.720366666666667, 54.388299999999994], [18.7226, 54.39926666666667], [18.84395, 54.41985], [18.99726666666667, 54.46561666666666], [19.12073333333333, 54.617916666666666], [19.013366666666666, 54.76775], [18.753216666666667, 54.88198333333333], [12.959883333333332, 54.78661666666667], [12.701016666666668, 54.76676666666666], [12.273366666666668, 54.60408333333333], [12.204783333333333, 54.49245], [12.02065, 54.4373], [11.7715, 54.44721666666667], [11.539033333333332, 54.50256666666667], [11.319733333333334, 54.576283333333336], [11.075133333333333, 54.60498333333333]]}, "properties": {"label": "MAERSK NUBA", "mmsi": "477552100", "imo": "9356115", "name": "MAERSK NUBA", "shiptype": "", "first_seen_utc": "2026-01-12T00:07:55Z", "last_seen_utc": "2026-01-21T03:28:07Z", "destination": "PLGDN>>DEBRV", "eta": "{'Day': 22, 'Hour': 10, 'Minute': 30, 'Month': 1}", "display": "", "links": "<a href=\"https://www.vesselfinder.com/vessels?name=9356115\" target=\"_blank\" rel=\"noopener\">VesselFinder</a> | <a href=\"https://www.marinetraffic.com/en/ais/search/all?keyword=9356115\" target=\"_blank\" rel=\"noopener\">MarineTraffic</a>", "vf_url": "https://www.vesselfinder.com/vessels?name=9356115", "mst_url": "https://www.marinetraffic.com/en/ais/search/all?keyword=9356115", "method": "v3_2pass_track3d_fromru10d", "ru_seen_in_lookback": true, "in_monitor_on_day": true}}, {"type": "Feature", "geometry": {"type": "Point", "coordinates": [11.075133333333333, 54.60498333333333]}, "properties": {"label": "MAERSK NUBA", "mmsi": "477552100", "imo": "9356115", "name": "MAERSK NUBA", "shiptype": "", "first_seen_utc": "2026-01-12T00:07:55Z", "last_seen_utc": "2026-01-21T03:28:07Z", "destination": "PLGDN>>DEBRV", "eta": "{'Day': 22, 'Hour': 10, 'Minute': 30, 'Month': 1}", "display": "MAERSK NUBA (477552100)", "links": "<a href=\"https://www.vesselfinder.com/vessels?name=9356115\" target=\"_blank\" rel=\"noopener\">VesselFinder</a> | <a href=\"https://www.marinetraffic.com/en/ais/search/all?keyword=9356115\" target=\"_blank\" rel=\"noopener\">MarineTraffic</a>", "vf_url": "https://www.vesselfinder.com/vessels?name=9356115", "mst_url": "https://www.marinetraffic.com/en/ais/search/all?keyword=9356115", "method": "v3_2pass_track3d_fromru10d", "ru_seen_in_lookback": true, "in_monitor_on_day": true}}, {"type": "Feature", "geometry": {"type": "LineString", "coordinates": [[18.793478333333333, 54.69144666666667], [18.778433333333332, 54.708996666666664], [18.78264666666667, 54.72902], [18.802703333333334, 54.71664333333333], [18.836905, 54.70053166666666], [18.856383333333333, 54.706313333333334], [18.852455000000003, 54.724675000000005], [18.851116666666666, 54.70818666666666], [18.844886666666664, 54.64044], [18.802591666666668, 54.58750333333333], [18.80178, 54.59997833333333], [18.801778333333335, 54.599963333333335], [18.801751666666668, 54.59996666666667], [18.801761666666668, 54.59996833333333], [18.8018, 54.599975], [18.801778333333335, 54.59996666666667], [18.801785, 54.599961666666665], [18.80177666666667, 54.59997], [18.801781666666667, 54.599963333333335], [18.80176, 54.599979999999995], [18.802208333333333, 54.60227333333333], [18.802215, 54.60228], [18.802198333333333, 54.60227166666667], [18.802233333333334, 54.602255], [18.802215, 54.60225833333333], [18.802221666666664, 54.60227], [18.802245000000003, 54.602266666666665], [18.802215, 54.60227333333333], [18.80222, 54.60228333333334], [18.802233333333334, 54.60227166666667], [18.80222, 54.602261666666664], [18.802226666666666, 54.60227166666667], [18.802228333333336, 54.602275], [18.802228333333336, 54.602268333333335], [18.80222, 54.602268333333335], [18.802243333333333, 54.602268333333335], [18.802215, 54.60227], [18.80221166666667, 54.60226], [18.802225, 54.60225833333333], [18.80223, 54.60227], [18.80221166666667, 54.60227333333333]]}, "properties": {"label": "JAS-76", "mmsi": "261007950", "imo": "", "name": "JAS-76", "shiptype": "", "first_seen_utc": "2026-01-12T00:09:04Z", "last_seen_utc": "2026-01-21T03:51:23Z", "destination": "HEL", "eta": "{'Day': 20, 'Hour': 13, 'Minute': 0, 'Month': 1}", "display": "", "links": "<a href=\"https://www.vesselfinder.com/vessels?name=261007950\" target=\"_blank\" rel=\"noopener\">VesselFinder</a> | <a href=\"https://www.marinetraffic.com/en/ais/search/all?keyword=261007950\" target=\"_blank\" rel=\"noopener\">MarineTraffic</a>", "vf_url": "https://www.vesselfinder.com/vessels?name=261007950", "mst_url": "https://www.marinetraffic.com/en/ais/search/all?keyword=261007950", "method": "v3_2pass_track3d_fromru10d", "ru_seen_in_lookback": true, "in_monitor_on_day": true}}, {"type": "Feature", "geometry": {"type": "Point", "coordinates": [18.80221166666667, 54.60227333333333]}, "properties": {"label": "JAS-76", "mmsi": "261007950", "imo": "", "name": "JAS-76", "shiptype": "", "first_seen_utc": "2026-01-12T00:09:04Z", "last_seen_utc": "2026-01-21T03:51:23Z", "destination": "HEL", "eta": "{'Day': 20, 'Hour': 13, 'Minute': 0, 'Month': 1}", "display": "JAS-76 (261007950)", "links": "<a href=\"https://www.vesselfinder.com/vessels?name=261007950\" target=\"_blank\" rel=\"noopener\">VesselFinder</a> | <a href=\"https://www.marinetraffic.com/en/ais/search/all?keyword=261007950\" target=\"_blank\" rel=\"noopener\">MarineTraffic</a>", "vf_url": "https://www.vesselfinder.com/vessels?name=261007950", "mst_url": "https://www.marinetraffic.com/en/ais/search/all?keyword=261007950", "method": "v3_2pass_track3d_fromru10d", "ru_seen_in_lookback": true, "in_monitor_on_day": true}}, {"type": "Feature", "geometry": {"type": "LineString", "coordinates": [[19.325836666666664, 54.829031666666666], [19.293791666666667, 54.64888833333334], [19.20796, 54.58073], [19.206071666666666, 54.58149], [19.206198333333337, 54.581133333333334], [19.163801666666664, 54.54324833333333], [19.110846666666664, 54.49932333333334], [19.10989, 54.499784999999996], [19.10130666666667, 54.499985], [18.954034999999998, 54.52809666666667], [18.845603333333333, 54.55318833333333], [18.72315166666667, 54.576595], [18.666038333333333, 54.58324], [18.66611, 54.58329833333333], [18.66605, 54.58329333333334], [18.66638, 54.58326], [18.66618833333333, 54.58328166666667], [18.66622, 54.58327166666666], [18.66621, 54.58327], [18.666185, 54.58326833333333], [18.666316666666667, 54.58327666666666], [18.666294999999998, 54.583283333333334], [18.666276666666665, 54.58327], [18.66622, 54.583261666666665], [18.666123333333335, 54.58326833333333], [18.666408333333333, 54.583245000000005], [18.666144999999997, 54.58323], [18.66605, 54.58324833333334], [18.66619166666667, 54.583243333333336], [18.66618, 54.583245000000005], [18.666326666666667, 54.583243333333336], [18.666605, 54.58324833333334]]}, "properties": {"label": "OCEANIA", "mmsi": "261000150", "imo": "8304854", "name": "OCEANIA", "shiptype": "", "first_seen_utc": "2026-01-12T00:09:16Z", "last_seen_utc": "2026-01-21T03:38:47Z", "destination": "GDANSK", "eta": "{'Day': 23, 'Hour': 14, 'Minute': 0, 'Month': 1}", "display": "", "links": "<a href=\"https://www.vesselfinder.com/vessels?name=8304854\" target=\"_blank\" rel=\"noopener\">VesselFinder</a> | <a href=\"https://www.marinetraffic.com/en/ais/search/all?keyword=8304854\" target=\"_blank\" rel=\"noopener\">MarineTraffic</a>", "vf_url": "https://www.vesselfinder.com/vessels?name=8304854", "mst_url": "https://www.marinetraffic.com/en/ais/search/all?keyword=8304854", "method": "v3_2pass_track3d_fromru10d", "ru_seen_in_lookback": true, "in_monitor_on_day": true}}, {"type": "Feature", "geometry": {"type": "Point", "coordinates": [18.666605, 54.58324833333334]}, "properties": {"label": "OCEANIA", "mmsi": "261000150", "imo": "8304854", "name": "OCEANIA", "shiptype": "", "first_seen_utc": "2026-01-12T00:09:16Z", "last_seen_utc": "2026-01-21T03:38:47Z", "destination": "GDANSK", "eta": "{'Day': 23, 'Hour': 14, 'Minute': 0, 'Month': 1}", "display": "OCEANIA (261000150)", "links": "<a href=\"https://www.vesselfinder.com/vessels?name=8304854\" target=\"_blank\" rel=\"noopener\">VesselFinder</a> | <a href=\"https://www.marinetraffic.com/en/ais/search/all?keyword=8304854\" target=\"_blank\" rel=\"noopener\">MarineTraffic</a>", "vf_url": "https://www.vesselfinder.com/vessels?name=8304854", "mst_url": "https://www.marinetraffic.com/en/ais/search/all?keyword=8304854", "method": "v3_2pass_track3d_fromru10d", "ru_seen_in_lookback": true, "in_monitor_on_day": true}}, {"type": "Feature", "geometry": {"type": "LineString", "coordinates": [[18.849246666666666, 54.653505], [18.831093333333335, 54.67491], [18.811348333333335, 54.69139666666667], [18.793335000000003, 54.70735333333334], [18.784286666666667, 54.71185833333333], [18.810953333333334, 54.69029666666667], [18.83270333333333, 54.67683666666667], [18.841133333333335, 54.68792333333333], [18.833323333333333, 54.69552], [18.829863333333332, 54.69720333333333], [18.843811666666667, 54.682426666666665], [18.85195333333333, 54.633541666666666], [18.807288333333336, 54.58669], [18.802701666666668, 54.600069999999995], [18.8027, 54.600053333333335], [18.80269, 54.60004666666667], [18.802676666666667, 54.60005], [18.802683333333334, 54.600035000000005], [18.80268166666667, 54.60002166666666], [18.802668333333333, 54.600024999999995], [18.802671666666665, 54.60003166666667], [18.80252833333333, 54.600015], [18.801728333333333, 54.59994666666667], [18.801721666666666, 54.59995166666667], [18.801728333333333, 54.599945000000005], [18.802355, 54.60000333333333], [18.802356666666665, 54.59999833333333], [18.802358333333334, 54.6], [18.80237, 54.59999333333334], [18.802391666666665, 54.60000166666667], [18.802376666666664, 54.599995], [18.802374999999998, 54.60000166666667], [18.802366666666668, 54.6], [18.802366666666668, 54.60000333333333], [18.802366666666668, 54.6], [18.802366666666668, 54.60001166666667], [18.802376666666664, 54.60000333333333], [18.802365, 54.60000333333333], [18.80236, 54.60000166666667], [18.802358333333334, 54.6], [18.802363333333336, 54.600008333333335]]}, "properties": {"label": "WLA-220", "mmsi": "261002913", "imo": "", "name": "WLA-220", "shiptype": "", "first_seen_utc": "2026-01-12T00:09:26Z", "last_seen_utc": "2026-01-21T03:49:12Z", "destination": "WLADYSLAWOWO", "eta": "{'Day': 27, 'Hour': 9, 'Minute': 20, 'Month': 8}", "display": "", "links": "<a href=\"https://www.vesselfinder.com/vessels?name=261002913\" target=\"_blank\" rel=\"noopener\">VesselFinder</a> | <a href=\"https://www.marinetraffic.com/en/ais/search/all?keyword=261002913\" target=\"_blank\" rel=\"noopener\">MarineTraffic</a>", "vf_url": "https://www.vesselfinder.com/vessels?name=261002913", "mst_url": "https://www.marinetraffic.com/en/ais/search/all?keyword=261002913", "method": "v3_2pass_track3d_fromru10d", "ru_seen_in_lookback": true, "in_monitor_on_day": true}}, {"type": "Feature", "geometry": {"type": "Point", "coordinates": [18.802363333333336, 54.600008333333335]}, "properties": {"label": "WLA-220", "mmsi": "261002913", "imo": "", "name": "WLA-220", "shiptype": "", "first_seen_utc": "2026-01-12T00:09:26Z", "last_seen_utc": "2026-01-21T03:49:12Z", "destination": "WLADYSLAWOWO", "eta": "{'Day': 27, 'Hour': 9, 'Minute': 20, 'Month': 8}", "display": "WLA-220 (261002913)", "links": "<a href=\"https://www.vesselfinder.com/vessels?name=261002913\" target=\"_blank\" rel=\"noopener\">VesselFinder</a> | <a href=\"https://www.marinetraffic.com/en/ais/search/all?keyword=261002913\" target=\"_blank\" rel=\"noopener\">MarineTraffic</a>", "vf_url": "https://www.vesselfinder.com/vessels?name=261002913", "mst_url": "https://www.marinetraffic.com/en/ais/search/all?keyword=261002913", "method": "v3_2pass_track3d_fromru10d", "ru_seen_in_lookback": true, "in_monitor_on_day": true}}, {"type": "Feature", "geometry": {"type": "LineString", "coordinates": [[9.937503333333332, 53.50582833333333], [9.938861666666666, 53.51969666666666], [9.803678333333332, 53.55520166666667], [9.631683333333333, 53.57893166666667], [9.511423333333333, 53.66696], [9.4001, 53.76448166666667], [9.291725000000001, 53.86327000000001], [9.140013333333334, 53.881051666666664], [8.666563333333333, 53.923835000000004], [8.46167, 53.979935], [7.86991, 53.87956833333333], [8.067636666666667, 53.833985], [8.191686666666666, 53.75705833333333], [8.34031, 53.693239999999996], [8.469193333333333, 53.62242833333333], [8.528816666666666, 53.58358666666666], [8.532490000000001, 53.58129333333333], [8.532471666666668, 53.58130833333333], [8.532471666666668, 53.581285], [8.53247, 53.58128], [8.532475, 53.581291666666665], [8.532483333333333, 53.581295], [8.53247, 53.581286666666664], [8.53247, 53.581289999999996], [8.532468333333334, 53.58130666666667], [8.532486666666667, 53.58130666666667], [8.532483333333333, 53.58129333333333], [8.532488333333333, 53.581291666666665], [8.532490000000001, 53.58127833333333], [8.532485, 53.58128833333333], [8.532458333333333, 53.58129333333333], [8.532471666666668, 53.58128833333333], [8.532476666666666, 53.58128833333333], [8.53247, 53.581300000000006], [8.53246, 53.58128833333333]]}, "properties": {"label": "ELBWAVE", "mmsi": "209276000", "imo": "9504035", "name": "ELBWAVE", "shiptype": "", "first_seen_utc": "2026-01-12T00:09:54Z", "last_seen_utc": "2026-01-21T03:37:08Z", "destination": "DEHAM", "eta": "{'Day': 20, 'Hour': 1, 'Minute': 0, 'Month': 1}", "display": "", "links": "<a href=\"https://www.vesselfinder.com/vessels?name=9504035\" target=\"_blank\" rel=\"noopener\">VesselFinder</a> | <a href=\"https://www.marinetraffic.com/en/ais/search/all?keyword=9504035\" target=\"_blank\" rel=\"noopener\">MarineTraffic</a>", "vf_url": "https://www.vesselfinder.com/vessels?name=9504035", "mst_url": "https://www.marinetraffic.com/en/ais/search/all?keyword=9504035", "method": "v3_2pass_track3d_fromru10d", "ru_seen_in_lookback": true, "in_monitor_on_day": true}}, {"type": "Feature", "geometry": {"type": "Point", "coordinates": [8.53246, 53.58128833333333]}, "properties": {"label": "ELBWAVE", "mmsi": "209276000", "imo": "9504035", "name": "ELBWAVE", "shiptype": "", "first_seen_utc": "2026-01-12T00:09:54Z", "last_seen_utc": "2026-01-21T03:37:08Z", "destination": "DEHAM", "eta": "{'Day': 20, 'Hour': 1, 'Minute': 0, 'Month': 1}", "display": "ELBWAVE (209276000)", "links": "<a href=\"https://www.vesselfinder.com/vessels?name=9504035\" target=\"_blank\" rel=\"noopener\">VesselFinder</a> | <a href=\"https://www.marinetraffic.com/en/ais/search/all?keyword=9504035\" target=\"_blank\" rel=\"noopener\">MarineTraffic</a>", "vf_url": "https://www.vesselfinder.com/vessels?name=9504035", "mst_url": "https://www.marinetraffic.com/en/ais/search/all?keyword=9504035", "method": "v3_2pass_track3d_fromru10d", "ru_seen_in_lookback": true, "in_monitor_on_day": true}}, {"type": "Feature", "geometry": {"type": "Point", "coordinates": [16.624138333333335, 55.68996333333334]}, "properties": {"label": "MARCO POLO", "mmsi": "209764000", "imo": "9019080", "name": "MARCO POLO", "shiptype": "", "first_seen_utc": "2026-01-12T00:11:16Z", "last_seen_utc": "2026-01-21T01:47:37Z", "destination": "LT KLJ", "eta": "{'Day': 18, 'Hour': 22, 'Minute': 30, 'Month': 1}", "display": "MARCO POLO (209764000)", "links": "<a href=\"https://www.vesselfinder.com/vessels?name=9019080\" target=\"_blank\" rel=\"noopener\">VesselFinder</a> | <a href=\"https://www.marinetraffic.com/en/ais/search/all?keyword=9019080\" target=\"_blank\" rel=\"noopener\">MarineTraffic</a>", "vf_url": "https://www.vesselfinder.com/vessels?name=9019080", "mst_url": "https://www.marinetraffic.com/en/ais/search/all?keyword=9019080", "method": "v3_2pass_track3d_fromru10d", "ru_seen_in_lookback": true, "in_monitor_on_day": true}}, {"type": "Feature", "geometry": {"type": "LineString", "coordinates": [[3.3618566666666667, 51.919255], [3.481596666666667, 51.933346666666665], [3.53709, 51.91701666666667], [3.5362783333333336, 51.916196666666664], [3.5356533333333333, 51.91629833333333], [3.53553, 51.91634166666667], [3.53555, 51.91636666666667], [3.535638333333333, 51.91637333333333], [3.535745, 51.91650333333334], [3.5358033333333334, 51.91702], [3.5354216666666667, 51.91736], [3.5364983333333333, 51.917410000000004], [3.536861666666667, 51.91764], [3.536906666666667, 51.91782666666666], [3.5366266666666664, 51.918045], [3.536508333333333, 51.918054999999995], [3.53651, 51.91804333333334], [3.5359583333333333, 51.917993333333335], [3.5357833333333333, 51.917946666666666], [3.5359366666666667, 51.91796], [3.5355783333333335, 51.91778166666666], [3.535285, 51.91793833333334], [3.5350966666666666, 51.91791333333333], [3.5354966666666665, 51.91805166666666], [3.535198333333333, 51.91782], [3.535668333333333, 51.916626666666666], [3.535791666666667, 51.91654666666667], [3.5356666666666663, 51.916579999999996], [3.5351716666666664, 51.91703666666667], [3.535213333333333, 51.91785166666667], [3.5353966666666663, 51.91797999999999], [3.5357399999999997, 51.91811666666667], [3.5348616666666666, 51.917988333333334], [3.5352616666666665, 51.918213333333334], [3.5353566666666665, 51.91827], [3.535435, 51.91828833333333], [3.535703333333333, 51.918335]]}, "properties": {"label": "CMA CGM RUNDALE", "mmsi": "256882000", "imo": "9961300", "name": "CMA CGM RUNDALE", "shiptype": "", "first_seen_utc": "2026-01-12T00:11:44Z", "last_seen_utc": "2026-01-21T03:40:45Z", "destination": "NLRTM", "eta": "{'Day': 20, 'Hour': 8, 'Minute': 0, 'Month': 1}", "display": "", "links": "<a href=\"https://www.vesselfinder.com/vessels?name=9961300\" target=\"_blank\" rel=\"noopener\">VesselFinder</a> | <a href=\"https://www.marinetraffic.com/en/ais/search/all?keyword=9961300\" target=\"_blank\" rel=\"noopener\">MarineTraffic</a>", "vf_url": "https://www.vesselfinder.com/vessels?name=9961300", "mst_url": "https://www.marinetraffic.com/en/ais/search/all?keyword=9961300", "method": "v3_2pass_track3d_fromru10d", "ru_seen_in_lookback": true, "in_monitor_on_day": true}}, {"type": "Feature", "geometry": {"type": "Point", "coordinates": [3.535703333333333, 51.918335]}, "properties": {"label": "CMA CGM RUNDALE", "mmsi": "256882000", "imo": "9961300", "name": "CMA CGM RUNDALE", "shiptype": "", "first_seen_utc": "2026-01-12T00:11:44Z", "last_seen_utc": "2026-01-21T03:40:45Z", "destination": "NLRTM", "eta": "{'Day': 20, 'Hour': 8, 'Minute': 0, 'Month': 1}", "display": "CMA CGM RUNDALE (256882000)", "links": "<a href=\"https://www.vesselfinder.com/vessels?name=9961300\" target=\"_blank\" rel=\"noopener\">VesselFinder</a> | <a href=\"https://www.marinetraffic.com/en/ais/search/all?keyword=9961300\" target=\"_blank\" rel=\"noopener\">MarineTraffic</a>", "vf_url": "https://www.vesselfinder.com/vessels?name=9961300", "mst_url": "https://www.marinetraffic.com/en/ais/search/all?keyword=9961300", "method": "v3_2pass_track3d_fromru10d", "ru_seen_in_lookback": true, "in_monitor_on_day": true}}, {"type": "Feature", "geometry": {"type": "LineString", "coordinates": [[18.687153333333335, 54.467054999999995], [18.686823333333333, 54.46703166666667], [18.686805, 54.467063333333336], [18.687085000000003, 54.467083333333335], [18.686901666666664, 54.467038333333335], [18.687085000000003, 54.46708], [18.686825, 54.46707833333333], [18.686838333333334, 54.46705833333333], [18.686791666666668, 54.467035], [18.68645666666667, 54.467005], [18.686838333333334, 54.467065000000005], [18.6866, 54.46698333333333], [18.686395, 54.46697166666667], [18.686751666666666, 54.467056666666664], [18.686795, 54.467056666666664], [18.68676333333333, 54.46706666666667], [18.686713333333334, 54.467045], [18.686671666666665, 54.46703333333333], [18.687028333333334, 54.46707666666667], [18.687366666666666, 54.46704166666667], [18.687048333333333, 54.46705333333333], [18.68716, 54.467063333333336], [18.687111666666667, 54.46704833333333], [18.687473333333333, 54.467045], [18.687355, 54.467036666666665], [18.687605, 54.46704833333333], [18.687013333333333, 54.467036666666665], [18.687078333333332, 54.46703], [18.687431666666665, 54.46703166666667], [18.687545, 54.466995], [18.68727833333333, 54.467011666666664], [18.6877, 54.46699833333333], [18.687391666666667, 54.467038333333335], [18.68776666666667, 54.466975000000005], [18.687456666666666, 54.46702833333333], [18.687175, 54.467045], [18.68702, 54.46704], [18.68728666666667, 54.46704833333333], [18.6878, 54.467009999999995], [18.687386666666665, 54.467038333333335]]}, "properties": {"label": "FRIO STAR", "mmsi": "354962000", "imo": "9172947", "name": "FRIO STAR", "shiptype": "", "first_seen_utc": "2026-01-12T00:12:19Z", "last_seen_utc": "2026-01-21T03:53:00Z", "destination": "PLGDN", "eta": "{'Day': 11, 'Hour': 16, 'Minute': 0, 'Month': 0}", "display": "", "links": "<a href=\"https://www.vesselfinder.com/vessels?name=9172947\" target=\"_blank\" rel=\"noopener\">VesselFinder</a> | <a href=\"https://www.marinetraffic.com/en/ais/search/all?keyword=9172947\" target=\"_blank\" rel=\"noopener\">MarineTraffic</a>", "vf_url": "https://www.vesselfinder.com/vessels?name=9172947", "mst_url": "https://www.marinetraffic.com/en/ais/search/all?keyword=9172947", "method": "v3_2pass_track3d_fromru10d", "ru_seen_in_lookback": true, "in_monitor_on_day": true}}, {"type": "Feature", "geometry": {"type": "Point", "coordinates": [18.687386666666665, 54.467038333333335]}, "properties": {"label": "FRIO STAR", "mmsi": "354962000", "imo": "9172947", "name": "FRIO STAR", "shiptype": "", "first_seen_utc": "2026-01-12T00:12:19Z", "last_seen_utc": "2026-01-21T03:53:00Z", "destination": "PLGDN", "eta": "{'Day': 11, 'Hour': 16, 'Minute': 0, 'Month': 0}", "display": "FRIO STAR (354962000)", "links": "<a href=\"https://www.vesselfinder.com/vessels?name=9172947\" target=\"_blank\" rel=\"noopener\">VesselFinder</a> | <a href=\"https://www.marinetraffic.com/en/ais/search/all?keyword=9172947\" target=\"_blank\" rel=\"noopener\">MarineTraffic</a>", "vf_url": "https://www.vesselfinder.com/vessels?name=9172947", "mst_url": "https://www.marinetraffic.com/en/ais/search/all?keyword=9172947", "method": "v3_2pass_track3d_fromru10d", "ru_seen_in_lookback": true, "in_monitor_on_day": true}}, {"type": "Feature", "geometry": {"type": "LineString", "coordinates": [[6.047445, 59.37827666666667], [6.0474250000000005, 59.37826833333334], [6.046218333333333, 59.37762333333333], [6.046211666666666, 59.37762333333333], [6.046196666666666, 59.377631666666666], [6.04619, 59.37761666666667], [6.0462066666666665, 59.37764], [6.04709, 59.37809666666667], [6.047093333333334, 59.37808333333333], [6.047148333333333, 59.37809666666667], [6.047131666666667, 59.378098333333334], [6.047068333333333, 59.37806666666667], [6.047086666666667, 59.37808666666667], [6.046475, 59.37793166666667], [5.933143333333334, 59.34176166666667], [5.753871666666667, 59.282435], [5.592806666666666, 59.20709333333333], [5.492471666666666, 59.14333], [5.3377550000000005, 59.09074833333333], [5.2998916666666664, 58.98430333333333], [5.280938333333333, 58.88055333333333], [5.248906666666667, 58.78505833333334], [5.208866666666666, 58.69520166666667], [5.191286666666667, 58.603550000000006], [5.179553333333333, 58.51527], [5.155993333333333, 58.42464], [5.141345, 58.334140000000005], [5.174316666666667, 58.24902833333333], [5.221795, 58.168463333333335], [5.258546666666667, 58.088656666666665], [5.289536666666667, 58.01104], [5.32449, 57.93499], [5.362988333333333, 57.85877666666667], [5.396628333333334, 57.781445], [5.429156666666667, 57.70659], [5.463093333333333, 57.62932], [5.497285000000001, 57.548033333333336], [5.533901666666667, 57.47185], [5.573166666666666, 57.39522833333333]]}, "properties": {"label": "FJORDNES", "mmsi": "304829000", "imo": "9880855", "name": "FJORDNES", "shiptype": "", "first_seen_utc": "2026-01-12T00:12:28Z", "last_seen_utc": "2026-01-21T03:14:06Z", "destination": "DEBRB", "eta": "{'Day': 21, 'Hour': 19, 'Minute': 0, 'Month': 1}", "display": "", "links": "<a href=\"https://www.vesselfinder.com/vessels?name=9880855\" target=\"_blank\" rel=\"noopener\">VesselFinder</a> | <a href=\"https://www.marinetraffic.com/en/ais/search/all?keyword=9880855\" target=\"_blank\" rel=\"noopener\">MarineTraffic</a>", "vf_url": "https://www.vesselfinder.com/vessels?name=9880855", "mst_url": "https://www.marinetraffic.com/en/ais/search/all?keyword=9880855", "method": "v3_2pass_track3d_fromru10d", "ru_seen_in_lookback": true, "in_monitor_on_day": true}}, {"type": "Feature", "geometry": {"type": "Point", "coordinates": [5.573166666666666, 57.39522833333333]}, "properties": {"label": "FJORDNES", "mmsi": "304829000", "imo": "9880855", "name": "FJORDNES", "shiptype": "", "first_seen_utc": "2026-01-12T00:12:28Z", "last_seen_utc": "2026-01-21T03:14:06Z", "destination": "DEBRB", "eta": "{'Day': 21, 'Hour': 19, 'Minute': 0, 'Month': 1}", "display": "FJORDNES (304829000)", "links": "<a href=\"https://www.vesselfinder.com/vessels?name=9880855\" target=\"_blank\" rel=\"noopener\">VesselFinder</a> | <a href=\"https://www.marinetraffic.com/en/ais/search/all?keyword=9880855\" target=\"_blank\" rel=\"noopener\">MarineTraffic</a>", "vf_url": "https://www.vesselfinder.com/vessels?name=9880855", "mst_url": "https://www.marinetraffic.com/en/ais/search/all?keyword=9880855", "method": "v3_2pass_track3d_fromru10d", "ru_seen_in_lookback": true, "in_monitor_on_day": true}}, {"type": "Feature", "geometry": {"type": "LineString", "coordinates": [[4.98465, 54.109183333333334], [4.921333333333333, 54.009750000000004], [4.8612166666666665, 53.91045], [4.799383333333334, 53.8102], [4.734083333333333, 53.70553333333333], [4.667433333333333, 53.60281666666666], [4.605583333333333, 53.49898333333333], [4.540816666666667, 53.39536666666667], [4.476833333333333, 53.295049999999996], [4.427066666666667, 53.201966666666664], [4.3117833333333335, 53.13726666666666], [4.18665, 53.07803333333333], [4.061633333333334, 53.014716666666665], [3.945866666666667, 52.94955], [3.8338166666666664, 52.87766666666666], [3.7019333333333337, 52.78978333333334], [3.5979666666666663, 52.71211666666667], [3.4667666666666666, 52.58716666666667], [3.379033333333333, 52.491099999999996], [3.289016666666667, 52.4075], [3.186783333333333, 52.32716666666667], [2.7359666666666667, 51.99341666666667], [2.64995, 51.92833333333333], [2.5704, 51.873783333333336], [2.499683333333333, 51.822783333333334], [2.4331833333333335, 51.775600000000004], [2.3659000000000003, 51.733799999999995], [2.303833333333333, 51.69179999999999], [2.2437, 51.649633333333334]]}, "properties": {"label": "CMA CGM B FRANKLIN", "mmsi": "215195000", "imo": "9706891", "name": "CMA CGM B FRANKLIN", "shiptype": "", "first_seen_utc": "2026-01-12T00:12:41Z", "last_seen_utc": "2026-01-21T03:42:37Z", "destination": "GBSOU", "eta": "{'Day': 21, 'Hour': 22, 'Minute': 0, 'Month': 1}", "display": "", "links": "<a href=\"https://www.vesselfinder.com/vessels?name=9706891\" target=\"_blank\" rel=\"noopener\">VesselFinder</a> | <a href=\"https://www.marinetraffic.com/en/ais/search/all?keyword=9706891\" target=\"_blank\" rel=\"noopener\">MarineTraffic</a>", "vf_url": "https://www.vesselfinder.com/vessels?name=9706891", "mst_url": "https://www.marinetraffic.com/en/ais/search/all?keyword=9706891", "method": "v3_2pass_track3d_fromru10d", "ru_seen_in_lookback": true, "in_monitor_on_day": true}}, {"type": "Feature", "geometry": {"type": "Point", "coordinates": [2.2437, 51.649633333333334]}, "properties": {"label": "CMA CGM B FRANKLIN", "mmsi": "215195000", "imo": "9706891", "name": "CMA CGM B FRANKLIN", "shiptype": "", "first_seen_utc": "2026-01-12T00:12:41Z", "last_seen_utc": "2026-01-21T03:42:37Z", "destination": "GBSOU", "eta": "{'Day': 21, 'Hour': 22, 'Minute': 0, 'Month': 1}", "display": "CMA CGM B FRANKLIN (215195000)", "links": "<a href=\"https://www.vesselfinder.com/vessels?name=9706891\" target=\"_blank\" rel=\"noopener\">VesselFinder</a> | <a href=\"https://www.marinetraffic.com/en/ais/search/all?keyword=9706891\" target=\"_blank\" rel=\"noopener\">MarineTraffic</a>", "vf_url": "https://www.vesselfinder.com/vessels?name=9706891", "mst_url": "https://www.marinetraffic.com/en/ais/search/all?keyword=9706891", "method": "v3_2pass_track3d_fromru10d", "ru_seen_in_lookback": true, "in_monitor_on_day": true}}, {"type": "Feature", "geometry": {"type": "LineString", "coordinates": [[16.329448333333332, 55.786253333333335], [15.861526666666666, 55.71879833333333], [15.699874999999999, 55.693945], [15.529613333333334, 55.66686833333333], [15.347133333333334, 55.641488333333335], [15.188228333333333, 55.61587833333333], [15.02998, 55.575068333333334], [14.880513333333333, 55.531505], [14.720496666666666, 55.481735], [14.579896666666667, 55.427260000000004], [14.470923333333333, 55.35237166666666], [14.366701666666668, 55.27708833333334], [14.250995, 55.194763333333334], [14.13421, 55.11114333333333], [13.685766666666666, 54.99807166666667], [13.126223333333334, 54.88668666666667], [12.940988333333333, 54.857825000000005], [12.862708333333334, 54.829811666666664], [12.766638333333333, 54.791666666666664], [12.674148333333333, 54.74982], [12.590731666666667, 54.71986166666667], [12.489661666666667, 54.685498333333335], [12.417461666666666, 54.653335], [12.321171666666666, 54.61606833333334], [12.241090000000002, 54.54808333333334], [12.196111666666667, 54.456630000000004], [12.047228333333333, 54.43640166666667], [11.882308333333333, 54.43946833333334], [11.715751666666668, 54.452495], [11.558295, 54.492405], [11.408068333333334, 54.53416166666667], [11.254413333333334, 54.578355], [11.093224999999999, 54.60021833333334]]}, "properties": {"label": "ARACHTHOS I", "mmsi": "636021090", "imo": "9935143", "name": "ARACHTHOS I", "shiptype": "", "first_seen_utc": "2026-01-12T00:13:02Z", "last_seen_utc": "2026-01-21T03:41:32Z", "destination": "GIGIB", "eta": "{'Day': 28, 'Hour': 11, 'Minute': 0, 'Month': 1}", "display": "", "links": "<a href=\"https://www.vesselfinder.com/vessels?name=9935143\" target=\"_blank\" rel=\"noopener\">VesselFinder</a> | <a href=\"https://www.marinetraffic.com/en/ais/search/all?keyword=9935143\" target=\"_blank\" rel=\"noopener\">MarineTraffic</a>", "vf_url": "https://www.vesselfinder.com/vessels?name=9935143", "mst_url": "https://www.marinetraffic.com/en/ais/search/all?keyword=9935143", "method": "v3_2pass_track3d_fromru10d", "ru_seen_in_lookback": true, "in_monitor_on_day": true}}, {"type": "Feature", "geometry": {"type": "Point", "coordinates": [11.093224999999999, 54.60021833333334]}, "properties": {"label": "ARACHTHOS I", "mmsi": "636021090", "imo": "9935143", "name": "ARACHTHOS I", "shiptype": "", "first_seen_utc": "2026-01-12T00:13:02Z", "last_seen_utc": "2026-01-21T03:41:32Z", "destination": "GIGIB", "eta": "{'Day': 28, 'Hour': 11, 'Minute': 0, 'Month': 1}", "display": "ARACHTHOS I (636021090)", "links": "<a href=\"https://www.vesselfinder.com/vessels?name=9935143\" target=\"_blank\" rel=\"noopener\">VesselFinder</a> | <a href=\"https://www.marinetraffic.com/en/ais/search/all?keyword=9935143\" target=\"_blank\" rel=\"noopener\">MarineTraffic</a>", "vf_url": "https://www.vesselfinder.com/vessels?name=9935143", "mst_url": "https://www.marinetraffic.com/en/ais/search/all?keyword=9935143", "method": "v3_2pass_track3d_fromru10d", "ru_seen_in_lookback": true, "in_monitor_on_day": true}}, {"type": "Feature", "geometry": {"type": "LineString", "coordinates": [[12.373766666666667, 54.65831333333333], [12.192433333333334, 54.509530000000005], [12.094516666666667, 54.44018666666667], [11.934318333333332, 54.43818833333333], [11.776085, 54.44809166666666], [11.622815000000001, 54.48818166666667], [11.477775000000001, 54.52909666666667], [11.328570000000001, 54.57378666666667], [11.162761666666666, 54.605415], [10.918928333333334, 54.591498333333334], [10.753926666666667, 54.581761666666665], [10.394586666666667, 54.525706666666665], [10.267483333333333, 54.481631666666665], [10.199295000000001, 54.39861], [10.142633333333333, 54.365898333333334], [10.141316666666667, 54.36609333333333], [10.055814999999999, 54.359925], [9.962993333333333, 54.34238166666667], [9.868923333333333, 54.360459999999996], [9.773241666666667, 54.353683333333336], [9.711575, 54.308525], [9.632146666666667, 54.27501666666667], [9.593561666666666, 54.219525], [9.508395, 54.187775]]}, "properties": {"label": "KRISTEL", "mmsi": "229246000", "imo": "9191747", "name": "KRISTEL", "shiptype": "", "first_seen_utc": "2026-01-12T00:13:15Z", "last_seen_utc": "2026-01-21T03:29:28Z", "destination": "BRKE", "eta": "{'Day': 21, 'Hour': 22, 'Minute': 0, 'Month': 1}", "display": "", "links": "<a href=\"https://www.vesselfinder.com/vessels?name=9191747\" target=\"_blank\" rel=\"noopener\">VesselFinder</a> | <a href=\"https://www.marinetraffic.com/en/ais/search/all?keyword=9191747\" target=\"_blank\" rel=\"noopener\">MarineTraffic</a>", "vf_url": "https://www.vesselfinder.com/vessels?name=9191747", "mst_url": "https://www.marinetraffic.com/en/ais/search/all?keyword=9191747", "method": "v3_2pass_track3d_fromru10d", "ru_seen_in_lookback": true, "in_monitor_on_day": true}}, {"type": "Feature", "geometry": {"type": "Point", "coordinates": [9.508395, 54.187775]}, "properties": {"label": "KRISTEL", "mmsi": "229246000", "imo": "9191747", "name": "KRISTEL", "shiptype": "", "first_seen_utc": "2026-01-12T00:13:15Z", "last_seen_utc": "2026-01-21T03:29:28Z", "destination": "BRKE", "eta": "{'Day': 21, 'Hour': 22, 'Minute': 0, 'Month': 1}", "display": "KRISTEL (229246000)", "links": "<a href=\"https://www.vesselfinder.com/vessels?name=9191747\" target=\"_blank\" rel=\"noopener\">VesselFinder</a> | <a href=\"https://www.marinetraffic.com/en/ais/search/all?keyword=9191747\" target=\"_blank\" rel=\"noopener\">MarineTraffic</a>", "vf_url": "https://www.vesselfinder.com/vessels?name=9191747", "mst_url": "https://www.marinetraffic.com/en/ais/search/all?keyword=9191747", "method": "v3_2pass_track3d_fromru10d", "ru_seen_in_lookback": true, "in_monitor_on_day": true}}, {"type": "Feature", "geometry": {"type": "LineString", "coordinates": [[18.843658333333334, 54.63070833333334], [18.81988833333333, 54.65609333333334], [18.805709999999998, 54.677881666666664], [18.833363333333335, 54.65976333333333], [18.855135, 54.64223666666667], [18.848958333333332, 54.62014166666667], [18.838193333333333, 54.59846666666667], [18.846526666666666, 54.59179666666667], [18.856643333333334, 54.61170166666667], [18.869656666666668, 54.62660666666667], [18.885559999999998, 54.63939333333334], [18.874381666666668, 54.626288333333335], [18.832596666666667, 54.59659], [18.79588, 54.590424999999996], [18.800541666666668, 54.601435], [18.80053666666667, 54.601440000000004], [18.800555, 54.601443333333336], [18.800573333333332, 54.601445], [18.800568333333334, 54.60143333333333], [18.800545, 54.601445], [18.800546666666666, 54.60143166666667], [18.803518333333333, 54.600318333333334], [18.80347833333333, 54.600355], [18.803461666666667, 54.60035833333333], [18.801785, 54.60096166666666], [18.80156, 54.60233], [18.801593333333336, 54.602333333333334], [18.801601666666667, 54.602315], [18.801615, 54.60230833333333], [18.801663333333334, 54.60228666666667], [18.801665, 54.60229], [18.801668333333335, 54.602306666666664], [18.80163333333333, 54.602293333333336], [18.801638333333337, 54.60229666666667], [18.801628333333333, 54.602311666666665], [18.801626666666667, 54.60228333333334], [18.80161, 54.602313333333335], [18.801611666666666, 54.602305], [18.801615, 54.60232166666666], [18.801636666666663, 54.602325]]}, "properties": {"label": "HEL-157", "mmsi": "261001620", "imo": "8008670", "name": "HEL-157", "shiptype": "", "first_seen_utc": "2026-01-12T00:13:36Z", "last_seen_utc": "2026-01-21T03:23:47Z", "destination": "KEEP CLEAR 0.3AFT", "eta": "{'Day': 0, 'Hour': 24, 'Minute': 60, 'Month': 0}", "display": "", "links": "<a href=\"https://www.vesselfinder.com/vessels?name=8008670\" target=\"_blank\" rel=\"noopener\">VesselFinder</a> | <a href=\"https://www.marinetraffic.com/en/ais/search/all?keyword=8008670\" target=\"_blank\" rel=\"noopener\">MarineTraffic</a>", "vf_url": "https://www.vesselfinder.com/vessels?name=8008670", "mst_url": "https://www.marinetraffic.com/en/ais/search/all?keyword=8008670", "method": "v3_2pass_track3d_fromru10d", "ru_seen_in_lookback": true, "in_monitor_on_day": true}}, {"type": "Feature", "geometry": {"type": "Point", "coordinates": [18.801636666666663, 54.602325]}, "properties": {"label": "HEL-157", "mmsi": "261001620", "imo": "8008670", "name": "HEL-157", "shiptype": "", "first_seen_utc": "2026-01-12T00:13:36Z", "last_seen_utc": "2026-01-21T03:23:47Z", "destination": "KEEP CLEAR 0.3AFT", "eta": "{'Day': 0, 'Hour': 24, 'Minute': 60, 'Month': 0}", "display": "HEL-157 (261001620)", "links": "<a href=\"https://www.vesselfinder.com/vessels?name=8008670\" target=\"_blank\" rel=\"noopener\">VesselFinder</a> | <a href=\"https://www.marinetraffic.com/en/ais/search/all?keyword=8008670\" target=\"_blank\" rel=\"noopener\">MarineTraffic</a>", "vf_url": "https://www.vesselfinder.com/vessels?name=8008670", "mst_url": "https://www.marinetraffic.com/en/ais/search/all?keyword=8008670", "method": "v3_2pass_track3d_fromru10d", "ru_seen_in_lookback": true, "in_monitor_on_day": true}}, {"type": "Feature", "geometry": {"type": "LineString", "coordinates": [[19.21471166666667, 54.74865], [19.215970000000002, 54.71124666666666], [19.212341666666667, 54.77888166666666], [19.213316666666667, 54.743921666666665], [19.215378333333334, 54.71048666666666], [19.222631666666665, 54.729195], [19.225151666666665, 54.692265], [19.224038333333333, 54.70983833333333], [19.22619166666667, 54.676965], [19.219515, 54.711275], [19.21696166666667, 54.78235166666666], [19.212486666666667, 54.713923333333334], [19.214166666666664, 54.70391666666667], [19.21386, 54.69562333333333], [19.216328333333333, 54.69694166666667], [19.215151666666667, 54.683038333333336], [19.218535, 54.696733333333334], [19.221426666666666, 54.68545666666667], [19.218405, 54.749876666666665], [19.216705, 54.714025], [19.219434999999997, 54.73901], [19.219431666666665, 54.706285]]}, "properties": {"label": "WLA-184 HELOT", "mmsi": "261005510", "imo": "8321175", "name": "WLA-184 HELOT", "shiptype": "", "first_seen_utc": "2026-01-12T00:13:58Z", "last_seen_utc": "2026-01-21T03:23:36Z", "destination": "GLEBIA GDANSKA SURVE", "eta": "{'Day': 17, 'Hour': 12, 'Minute': 10, 'Month': 1}", "display": "", "links": "<a href=\"https://www.vesselfinder.com/vessels?name=8321175\" target=\"_blank\" rel=\"noopener\">VesselFinder</a> | <a href=\"https://www.marinetraffic.com/en/ais/search/all?keyword=8321175\" target=\"_blank\" rel=\"noopener\">MarineTraffic</a>", "vf_url": "https://www.vesselfinder.com/vessels?name=8321175", "mst_url": "https://www.marinetraffic.com/en/ais/search/all?keyword=8321175", "method": "v3_2pass_track3d_fromru10d", "ru_seen_in_lookback": true, "in_monitor_on_day": true}}, {"type": "Feature", "geometry": {"type": "Point", "coordinates": [19.219431666666665, 54.706285]}, "properties": {"label": "WLA-184 HELOT", "mmsi": "261005510", "imo": "8321175", "name": "WLA-184 HELOT", "shiptype": "", "first_seen_utc": "2026-01-12T00:13:58Z", "last_seen_utc": "2026-01-21T03:23:36Z", "destination": "GLEBIA GDANSKA SURVE", "eta": "{'Day': 17, 'Hour': 12, 'Minute': 10, 'Month': 1}", "display": "WLA-184 HELOT (261005510)", "links": "<a href=\"https://www.vesselfinder.com/vessels?name=8321175\" target=\"_blank\" rel=\"noopener\">VesselFinder</a> | <a href=\"https://www.marinetraffic.com/en/ais/search/all?keyword=8321175\" target=\"_blank\" rel=\"noopener\">MarineTraffic</a>", "vf_url": "https://www.vesselfinder.com/vessels?name=8321175", "mst_url": "https://www.marinetraffic.com/en/ais/search/all?keyword=8321175", "method": "v3_2pass_track3d_fromru10d", "ru_seen_in_lookback": true, "in_monitor_on_day": true}}, {"type": "Feature", "geometry": {"type": "LineString", "coordinates": [[18.858713333333334, 54.594633333333334], [18.854351666666666, 54.622281666666666], [18.840768333333333, 54.647106666666666], [18.81789, 54.66843666666667], [18.823878333333333, 54.66168666666667], [18.841246666666667, 54.6446], [18.845268333333333, 54.62308666666667], [18.848685, 54.60098], [18.86452166666667, 54.615606666666665], [18.873438333333336, 54.63064], [18.87792166666667, 54.645575], [18.883515, 54.660293333333335], [18.886195, 54.67047166666667], [18.849890000000002, 54.611650000000004], [18.802221666666664, 54.60312833333333], [18.802366666666668, 54.60292166666667], [18.802356666666665, 54.60293333333333], [18.802376666666664, 54.60294666666667], [18.802373333333332, 54.60292666666667], [18.802351666666667, 54.602915], [18.802351666666667, 54.60293333333333], [18.802385, 54.60291666666667], [18.802358333333334, 54.60293], [18.802365, 54.602920000000005], [18.802380000000003, 54.60290833333333], [18.802355, 54.60293], [18.802366666666668, 54.602913333333326], [18.802343333333333, 54.60290333333333], [18.803538333333332, 54.600278333333335], [18.803543333333334, 54.600256666666674], [18.803561666666667, 54.600260000000006], [18.80352, 54.60026833333333], [18.80351166666667, 54.60032833333333], [18.803495, 54.60030833333334], [18.803516666666667, 54.60032833333333], [18.803506666666667, 54.60032], [18.803546666666666, 54.600285], [18.803475, 54.600316666666664], [18.803513333333335, 54.60031], [18.80347833333333, 54.600325], [18.803516666666667, 54.60033833333333]]}, "properties": {"label": "HEL-150", "mmsi": "261003910", "imo": "8600260", "name": "HEL-150", "shiptype": "", "first_seen_utc": "2026-01-12T00:14:09Z", "last_seen_utc": "2026-01-21T03:50:39Z", "destination": "KEEP SAFE DISTANCE", "eta": "{'Day': 14, 'Hour': 21, 'Minute': 0, 'Month': 11}", "display": "", "links": "<a href=\"https://www.vesselfinder.com/vessels?name=8600260\" target=\"_blank\" rel=\"noopener\">VesselFinder</a> | <a href=\"https://www.marinetraffic.com/en/ais/search/all?keyword=8600260\" target=\"_blank\" rel=\"noopener\">MarineTraffic</a>", "vf_url": "https://www.vesselfinder.com/vessels?name=8600260", "mst_url": "https://www.marinetraffic.com/en/ais/search/all?keyword=8600260", "method": "v3_2pass_track3d_fromru10d", "ru_seen_in_lookback": true, "in_monitor_on_day": true}}, {"type": "Feature", "geometry": {"type": "Point", "coordinates": [18.803516666666667, 54.60033833333333]}, "properties": {"label": "HEL-150", "mmsi": "261003910", "imo": "8600260", "name": "HEL-150", "shiptype": "", "first_seen_utc": "2026-01-12T00:14:09Z", "last_seen_utc": "2026-01-21T03:50:39Z", "destination": "KEEP SAFE DISTANCE", "eta": "{'Day': 14, 'Hour': 21, 'Minute': 0, 'Month': 11}", "display": "HEL-150 (261003910)", "links": "<a href=\"https://www.vesselfinder.com/vessels?name=8600260\" target=\"_blank\" rel=\"noopener\">VesselFinder</a> | <a href=\"https://www.marinetraffic.com/en/ais/search/all?keyword=8600260\" target=\"_blank\" rel=\"noopener\">MarineTraffic</a>", "vf_url": "https://www.vesselfinder.com/vessels?name=8600260", "mst_url": "https://www.marinetraffic.com/en/ais/search/all?keyword=8600260", "method": "v3_2pass_track3d_fromru10d", "ru_seen_in_lookback": true, "in_monitor_on_day": true}}, {"type": "Feature", "geometry": {"type": "LineString", "coordinates": [[18.93957, 54.489525], [18.940170000000002, 54.516475], [18.927895, 54.541945000000005], [18.921765, 54.56733], [18.91505, 54.59278], [18.90074, 54.614525], [18.86935, 54.627905000000005], [18.84351, 54.645505], [18.8435, 54.669740000000004], [18.83866, 54.69322], [18.812285, 54.707795000000004], [18.79543, 54.726054999999995], [18.78128, 54.7399], [18.778644999999997, 54.74112], [18.79271, 54.705794999999995], [18.8336, 54.638185], [18.810305000000003, 54.587705], [18.800819999999998, 54.60212], [18.80078, 54.60211], [18.800765000000002, 54.60212], [18.80075, 54.60213], [18.800785, 54.602075], [18.8008, 54.6021], [18.8011, 54.59986], [18.80167, 54.599934999999995], [18.800795, 54.60217], [18.80076, 54.60218], [18.800795, 54.602175], [18.800810000000002, 54.60218], [18.8008, 54.602165], [18.8008, 54.60218], [18.80077, 54.602175], [18.800765000000002, 54.602165], [18.800805, 54.602165], [18.80077, 54.60219], [18.80079, 54.60217], [18.800774999999998, 54.60217], [18.80077, 54.602165], [18.80076, 54.602165], [18.80078, 54.602165]]}, "properties": {"label": "LEB 62", "mmsi": "261013840", "imo": "", "name": "LEB 62", "shiptype": "", "first_seen_utc": "2026-01-12T00:14:31Z", "last_seen_utc": "2026-01-21T03:28:23Z", "destination": "KEEP SAFE DIST 03AFT", "eta": "{'Day': 0, 'Hour': 24, 'Minute': 60, 'Month': 0}", "display": "", "links": "<a href=\"https://www.vesselfinder.com/vessels?name=261013840\" target=\"_blank\" rel=\"noopener\">VesselFinder</a> | <a href=\"https://www.marinetraffic.com/en/ais/search/all?keyword=261013840\" target=\"_blank\" rel=\"noopener\">MarineTraffic</a>", "vf_url": "https://www.vesselfinder.com/vessels?name=261013840", "mst_url": "https://www.marinetraffic.com/en/ais/search/all?keyword=261013840", "method": "v3_2pass_track3d_fromru10d", "ru_seen_in_lookback": true, "in_monitor_on_day": true}}, {"type": "Feature", "geometry": {"type": "Point", "coordinates": [18.80078, 54.602165]}, "properties": {"label": "LEB 62", "mmsi": "261013840", "imo": "", "name": "LEB 62", "shiptype": "", "first_seen_utc": "2026-01-12T00:14:31Z", "last_seen_utc": "2026-01-21T03:28:23Z", "destination": "KEEP SAFE DIST 03AFT", "eta": "{'Day': 0, 'Hour': 24, 'Minute': 60, 'Month': 0}", "display": "LEB 62 (261013840)", "links": "<a href=\"https://www.vesselfinder.com/vessels?name=261013840\" target=\"_blank\" rel=\"noopener\">VesselFinder</a> | <a href=\"https://www.marinetraffic.com/en/ais/search/all?keyword=261013840\" target=\"_blank\" rel=\"noopener\">MarineTraffic</a>", "vf_url": "https://www.vesselfinder.com/vessels?name=261013840", "mst_url": "https://www.marinetraffic.com/en/ais/search/all?keyword=261013840", "method": "v3_2pass_track3d_fromru10d", "ru_seen_in_lookback": true, "in_monitor_on_day": true}}, {"type": "Feature", "geometry": {"type": "LineString", "coordinates": [[9.697758333333333, 59.062455], [9.697716666666668, 59.06245166666667], [9.697643333333334, 59.06247], [9.697691666666666, 59.06247], [9.697736666666666, 59.062466666666666], [9.697579999999999, 59.06244166666667], [9.697643333333334, 59.06250333333333], [9.697791666666665, 59.06253166666667], [9.697865, 59.062533333333334], [9.697825, 59.062511666666666], [9.697705000000001, 59.062495], [9.697718333333334, 59.06249666666667], [9.697743333333333, 59.06253], [9.69772, 59.062495], [9.697746666666665, 59.06248], [9.697613333333333, 59.06241833333333], [9.697653333333333, 59.062466666666666], [9.697698333333333, 59.06246833333333], [9.697563333333333, 59.062443333333334], [9.697716666666668, 59.06246833333333], [9.697841666666667, 59.06241833333333], [9.69779, 59.062448333333336], [9.697756666666667, 59.062505], [9.697714999999999, 59.06244], [9.6977, 59.06245833333333], [9.697743333333333, 59.06246333333333], [9.697643333333334, 59.062464999999996], [9.697678333333332, 59.062515], [9.697668333333333, 59.06261666666667], [9.697735, 59.06247333333333], [9.697671666666668, 59.06248666666667], [9.697775, 59.062448333333336], [9.69781, 59.062525], [9.69766, 59.062475], [9.69768, 59.062490000000004], [9.697718333333334, 59.06245833333333], [9.697681666666666, 59.062435], [9.6977, 59.06246333333333], [9.69766, 59.0625]]}, "properties": {"label": "MSC MIA SUMMER II", "mmsi": "636018326", "imo": "9169067", "name": "MSC MIA SUMMER II", "shiptype": "", "first_seen_utc": "2026-01-12T00:14:35Z", "last_seen_utc": "2026-01-21T03:24:39Z", "destination": "NOBVK", "eta": "{'Day': 20, 'Hour': 4, 'Minute': 0, 'Month': 1}", "display": "", "links": "<a href=\"https://www.vesselfinder.com/vessels?name=9169067\" target=\"_blank\" rel=\"noopener\">VesselFinder</a> | <a href=\"https://www.marinetraffic.com/en/ais/search/all?keyword=9169067\" target=\"_blank\" rel=\"noopener\">MarineTraffic</a>", "vf_url": "https://www.vesselfinder.com/vessels?name=9169067", "mst_url": "https://www.marinetraffic.com/en/ais/search/all?keyword=9169067", "method": "v3_2pass_track3d_fromru10d", "ru_seen_in_lookback": true, "in_monitor_on_day": true}}, {"type": "Feature", "geometry": {"type": "Point", "coordinates": [9.69766, 59.0625]}, "properties": {"label": "MSC MIA SUMMER II", "mmsi": "636018326", "imo": "9169067", "name": "MSC MIA SUMMER II", "shiptype": "", "first_seen_utc": "2026-01-12T00:14:35Z", "last_seen_utc": "2026-01-21T03:24:39Z", "destination": "NOBVK", "eta": "{'Day': 20, 'Hour': 4, 'Minute': 0, 'Month': 1}", "display": "MSC MIA SUMMER II (636018326)", "links": "<a href=\"https://www.vesselfinder.com/vessels?name=9169067\" target=\"_blank\" rel=\"noopener\">VesselFinder</a> | <a href=\"https://www.marinetraffic.com/en/ais/search/all?keyword=9169067\" target=\"_blank\" rel=\"noopener\">MarineTraffic</a>", "vf_url": "https://www.vesselfinder.com/vessels?name=9169067", "mst_url": "https://www.marinetraffic.com/en/ais/search/all?keyword=9169067", "method": "v3_2pass_track3d_fromru10d", "ru_seen_in_lookback": true, "in_monitor_on_day": true}}, {"type": "Feature", "geometry": {"type": "LineString", "coordinates": [[18.854348333333334, 54.61547666666667], [18.844158333333333, 54.64611166666667], [18.779933333333336, 54.70816333333333], [18.790228333333335, 54.70930166666667], [18.79983, 54.71210166666666], [18.819308333333332, 54.670001666666664], [18.842525000000002, 54.6167], [18.801855, 54.602999999999994], [18.80074, 54.602475], [18.800743333333333, 54.602459999999994], [18.800743333333333, 54.60243666666667], [18.800733333333334, 54.602448333333335], [18.800735, 54.60243333333334], [18.800753333333333, 54.602425000000004], [18.800773333333332, 54.602428333333336], [18.800778333333334, 54.60243166666667], [18.80077, 54.60241833333334], [18.80074, 54.60241166666666], [18.800711666666665, 54.60241666666666], [18.800681666666666, 54.602444999999996], [18.800715, 54.60241499999999], [18.800688333333333, 54.60243833333333], [18.800683333333332, 54.60243833333333], [18.800686666666664, 54.602446666666665], [18.800725, 54.60239833333333], [18.800738333333335, 54.602378333333334], [18.800753333333333, 54.60238666666667], [18.80076, 54.60241166666666], [18.800733333333334, 54.60236666666666], [18.800765000000002, 54.602380000000004], [18.800753333333333, 54.60239333333333], [18.80073666666667, 54.602395], [18.80071333333333, 54.60242166666667], [18.800766666666668, 54.60239333333333], [18.800726666666666, 54.60240666666667], [18.800726666666666, 54.602435], [18.800725, 54.602435]]}, "properties": {"label": "WLA-197", "mmsi": "261006870", "imo": "", "name": "WLA-197", "shiptype": "", "first_seen_utc": "2026-01-12T00:14:55Z", "last_seen_utc": "2026-01-21T03:41:48Z", "destination": "WLADYSLAWOWO", "eta": "{'Day': 3, 'Hour': 14, 'Minute': 39, 'Month': 9}", "display": "", "links": "<a href=\"https://www.vesselfinder.com/vessels?name=261006870\" target=\"_blank\" rel=\"noopener\">VesselFinder</a> | <a href=\"https://www.marinetraffic.com/en/ais/search/all?keyword=261006870\" target=\"_blank\" rel=\"noopener\">MarineTraffic</a>", "vf_url": "https://www.vesselfinder.com/vessels?name=261006870", "mst_url": "https://www.marinetraffic.com/en/ais/search/all?keyword=261006870", "method": "v3_2pass_track3d_fromru10d", "ru_seen_in_lookback": true, "in_monitor_on_day": true}}, {"type": "Feature", "geometry": {"type": "Point", "coordinates": [18.800725, 54.602435]}, "properties": {"label": "WLA-197", "mmsi": "261006870", "imo": "", "name": "WLA-197", "shiptype": "", "first_seen_utc": "2026-01-12T00:14:55Z", "last_seen_utc": "2026-01-21T03:41:48Z", "destination": "WLADYSLAWOWO", "eta": "{'Day': 3, 'Hour': 14, 'Minute': 39, 'Month': 9}", "display": "WLA-197 (261006870)", "links": "<a href=\"https://www.vesselfinder.com/vessels?name=261006870\" target=\"_blank\" rel=\"noopener\">VesselFinder</a> | <a href=\"https://www.marinetraffic.com/en/ais/search/all?keyword=261006870\" target=\"_blank\" rel=\"noopener\">MarineTraffic</a>", "vf_url": "https://www.vesselfinder.com/vessels?name=261006870", "mst_url": "https://www.marinetraffic.com/en/ais/search/all?keyword=261006870", "method": "v3_2pass_track3d_fromru10d", "ru_seen_in_lookback": true, "in_monitor_on_day": true}}, {"type": "Feature", "geometry": {"type": "LineString", "coordinates": [[4.145758333333333, 60.731385], [4.143055, 60.68808166666667], [4.137215, 60.647018333333335], [4.147911666666666, 60.60842], [4.141725, 60.57036166666667], [4.1326583333333335, 60.531553333333335], [4.116333333333333, 60.53077333333333], [4.123315, 60.58410833333333], [4.139035, 60.635011666666664], [4.142886666666667, 60.68013666666666], [4.144965, 60.720884999999996], [4.146106666666666, 60.758425], [4.147016666666667, 60.794745], [4.1480950000000005, 60.834605], [4.140651666666667, 60.87750166666667], [4.124903333333333, 60.915079999999996], [4.0856699999999995, 60.92413166666667], [4.034341666666666, 60.892138333333335], [4.018348333333333, 60.857975], [4.0265466666666665, 60.81930833333333], [4.043586666666666, 60.78048666666667], [4.056031666666667, 60.74177833333333], [4.066375, 60.701888333333336], [4.065501666666667, 60.661388333333335], [4.0759533333333335, 60.625348333333335], [4.0843766666666665, 60.58559666666667], [4.089563333333333, 60.54192333333334], [4.085866666666666, 60.49695], [4.080853333333334, 60.450795], [4.0905499999999995, 60.48610333333333], [4.096696666666666, 60.53915333333334], [4.116575, 60.592378333333336], [4.135225, 60.64336333333333], [4.142315, 60.689103333333335], [4.1462216666666665, 60.73351], [4.121778333333333, 60.768585], [4.067026666666667, 60.792746666666666], [4.013606666666666, 60.81899833333333], [3.9645983333333334, 60.85342333333333], [3.91898, 60.89064666666666]]}, "properties": {"label": "DF MYSTRAS", "mmsi": "636021311", "imo": "9941702", "name": "DF MYSTRAS", "shiptype": "", "first_seen_utc": "2026-01-12T00:16:15Z", "last_seen_utc": "2026-01-21T03:45:20Z", "destination": "PL GDN > NO STU", "eta": "{'Day': 19, 'Hour': 22, 'Minute': 0, 'Month': 1}", "display": "", "links": "<a href=\"https://www.vesselfinder.com/vessels?name=9941702\" target=\"_blank\" rel=\"noopener\">VesselFinder</a> | <a href=\"https://www.marinetraffic.com/en/ais/search/all?keyword=9941702\" target=\"_blank\" rel=\"noopener\">MarineTraffic</a>", "vf_url": "https://www.vesselfinder.com/vessels?name=9941702", "mst_url": "https://www.marinetraffic.com/en/ais/search/all?keyword=9941702", "method": "v3_2pass_track3d_fromru10d", "ru_seen_in_lookback": true, "in_monitor_on_day": true}}, {"type": "Feature", "geometry": {"type": "Point", "coordinates": [3.91898, 60.89064666666666]}, "properties": {"label": "DF MYSTRAS", "mmsi": "636021311", "imo": "9941702", "name": "DF MYSTRAS", "shiptype": "", "first_seen_utc": "2026-01-12T00:16:15Z", "last_seen_utc": "2026-01-21T03:45:20Z", "destination": "PL GDN > NO STU", "eta": "{'Day': 19, 'Hour': 22, 'Minute': 0, 'Month': 1}", "display": "DF MYSTRAS (636021311)", "links": "<a href=\"https://www.vesselfinder.com/vessels?name=9941702\" target=\"_blank\" rel=\"noopener\">VesselFinder</a> | <a href=\"https://www.marinetraffic.com/en/ais/search/all?keyword=9941702\" target=\"_blank\" rel=\"noopener\">MarineTraffic</a>", "vf_url": "https://www.vesselfinder.com/vessels?name=9941702", "mst_url": "https://www.marinetraffic.com/en/ais/search/all?keyword=9941702", "method": "v3_2pass_track3d_fromru10d", "ru_seen_in_lookback": true, "in_monitor_on_day": true}}, {"type": "Feature", "geometry": {"type": "LineString", "coordinates": [[7.261933333333333, 56.17483333333333], [7.019866666666667, 55.30485], [7.0681, 55.04035], [7.121449999999999, 54.901666666666664], [7.174183333333334, 54.77435], [7.225316666666667, 54.64883333333333], [7.277816666666666, 54.52321666666667], [7.328533333333334, 54.401399999999995], [7.379616666666666, 54.27741666666667], [7.462266666666666, 54.15443333333334], [7.5693, 54.032183333333336], [7.672300000000001, 53.91305], [7.8078666666666665, 53.874233333333336], [7.983883333333334, 53.85378333333333], [8.145783333333334, 53.79213333333333], [8.293716666666667, 53.7144], [8.434166666666666, 53.63693333333333], [8.519166666666667, 53.59155], [8.520933333333334, 53.5935], [8.520916666666666, 53.5935], [8.520933333333334, 53.593516666666666], [8.520933333333334, 53.5935], [8.520966666666666, 53.59353333333333], [8.520950000000001, 53.593516666666666], [8.520933333333334, 53.5935], [8.520933333333334, 53.593516666666666], [8.520950000000001, 53.5935], [8.520950000000001, 53.5935], [8.520966666666666, 53.5935], [8.520950000000001, 53.593516666666666], [8.520966666666666, 53.59348333333333], [8.520933333333334, 53.59353333333333]]}, "properties": {"label": "VILNIA MAERSK", "mmsi": "219136000", "imo": "9778533", "name": "VILNIA MAERSK", "shiptype": "", "first_seen_utc": "2026-01-12T00:17:54Z", "last_seen_utc": "2026-01-21T03:28:48Z", "destination": "DEBRVTM - PLGDNDCT", "eta": "{'Day': 25, 'Hour': 15, 'Minute': 0, 'Month': 1}", "display": "", "links": "<a href=\"https://www.vesselfinder.com/vessels?name=9778533\" target=\"_blank\" rel=\"noopener\">VesselFinder</a> | <a href=\"https://www.marinetraffic.com/en/ais/search/all?keyword=9778533\" target=\"_blank\" rel=\"noopener\">MarineTraffic</a>", "vf_url": "https://www.vesselfinder.com/vessels?name=9778533", "mst_url": "https://www.marinetraffic.com/en/ais/search/all?keyword=9778533", "method": "v3_2pass_track3d_fromru10d", "ru_seen_in_lookback": true, "in_monitor_on_day": true}}, {"type": "Feature", "geometry": {"type": "Point", "coordinates": [8.520933333333334, 53.59353333333333]}, "properties": {"label": "VILNIA MAERSK", "mmsi": "219136000", "imo": "9778533", "name": "VILNIA MAERSK", "shiptype": "", "first_seen_utc": "2026-01-12T00:17:54Z", "last_seen_utc": "2026-01-21T03:28:48Z", "destination": "DEBRVTM - PLGDNDCT", "eta": "{'Day': 25, 'Hour': 15, 'Minute': 0, 'Month': 1}", "display": "VILNIA MAERSK (219136000)", "links": "<a href=\"https://www.vesselfinder.com/vessels?name=9778533\" target=\"_blank\" rel=\"noopener\">VesselFinder</a> | <a href=\"https://www.marinetraffic.com/en/ais/search/all?keyword=9778533\" target=\"_blank\" rel=\"noopener\">MarineTraffic</a>", "vf_url": "https://www.vesselfinder.com/vessels?name=9778533", "mst_url": "https://www.marinetraffic.com/en/ais/search/all?keyword=9778533", "method": "v3_2pass_track3d_fromru10d", "ru_seen_in_lookback": true, "in_monitor_on_day": true}}, {"type": "Feature", "geometry": {"type": "LineString", "coordinates": [[4.254546666666666, 51.28870166666666], [4.254501666666667, 51.28858], [4.254495, 51.28858666666667], [4.25457, 51.28862], [4.254486666666667, 51.288776666666664], [4.25457, 51.288578333333334], [4.254488333333333, 51.288575], [4.2544233333333334, 51.28859], [4.25447, 51.288603333333334], [4.254548333333333, 51.288455], [4.254543333333333, 51.28870166666666], [4.254461666666667, 51.28863833333333], [4.254496666666666, 51.288575], [4.254553333333333, 51.28858666666667], [4.254558333333334, 51.288626666666666], [4.254476666666666, 51.288644999999995], [4.25448, 51.28854], [4.254488333333333, 51.288565], [4.2544466666666665, 51.28859], [4.254568333333333, 51.28858666666667], [4.254521666666666, 51.288605], [4.254588333333333, 51.28865], [4.254301666666667, 51.288491666666665], [4.254491666666667, 51.28856666666666], [4.254588333333333, 51.28861666666667], [4.254535, 51.28867666666667], [4.254595, 51.28861166666666], [4.268065000000001, 51.29918166666666], [4.23862, 51.355446666666666], [4.15998, 51.38381833333334], [4.0368949999999995, 51.40192166666667], [3.9526666666666666, 51.40110666666667], [3.8249983333333333, 51.34700833333333], [3.7103416666666664, 51.415031666666664], [3.605655, 51.435359999999996], [3.5147816666666665, 51.42171666666666], [3.34453, 51.408525000000004], [3.1718616666666666, 51.40546833333334], [2.99172, 51.415198333333336]]}, "properties": {"label": "MSC TOPAZ", "mmsi": "636017916", "imo": "9502908", "name": "MSC TOPAZ", "shiptype": "", "first_seen_utc": "2026-01-12T00:18:10Z", "last_seen_utc": "2026-01-21T03:38:45Z", "destination": "GBFXT", "eta": "{'Day': 23, 'Hour': 7, 'Minute': 0, 'Month': 1}", "display": "", "links": "<a href=\"https://www.vesselfinder.com/vessels?name=9502908\" target=\"_blank\" rel=\"noopener\">VesselFinder</a> | <a href=\"https://www.marinetraffic.com/en/ais/search/all?keyword=9502908\" target=\"_blank\" rel=\"noopener\">MarineTraffic</a>", "vf_url": "https://www.vesselfinder.com/vessels?name=9502908", "mst_url": "https://www.marinetraffic.com/en/ais/search/all?keyword=9502908", "method": "v3_2pass_track3d_fromru10d", "ru_seen_in_lookback": true, "in_monitor_on_day": true}}, {"type": "Feature", "geometry": {"type": "Point", "coordinates": [2.99172, 51.415198333333336]}, "properties": {"label": "MSC TOPAZ", "mmsi": "636017916", "imo": "9502908", "name": "MSC TOPAZ", "shiptype": "", "first_seen_utc": "2026-01-12T00:18:10Z", "last_seen_utc": "2026-01-21T03:38:45Z", "destination": "GBFXT", "eta": "{'Day': 23, 'Hour': 7, 'Minute': 0, 'Month': 1}", "display": "MSC TOPAZ (636017916)", "links": "<a href=\"https://www.vesselfinder.com/vessels?name=9502908\" target=\"_blank\" rel=\"noopener\">VesselFinder</a> | <a href=\"https://www.marinetraffic.com/en/ais/search/all?keyword=9502908\" target=\"_blank\" rel=\"noopener\">MarineTraffic</a>", "vf_url": "https://www.vesselfinder.com/vessels?name=9502908", "mst_url": "https://www.marinetraffic.com/en/ais/search/all?keyword=9502908", "method": "v3_2pass_track3d_fromru10d", "ru_seen_in_lookback": true, "in_monitor_on_day": true}}, {"type": "Feature", "geometry": {"type": "LineString", "coordinates": [[8.516978333333334, 53.59719], [8.516928333333333, 53.597141666666666], [8.516973333333333, 53.597120000000004], [8.516898333333334, 53.59711666666667], [8.516891666666668, 53.59715166666667], [8.516955, 53.597141666666666], [8.516865000000001, 53.597073333333334], [8.516901666666666, 53.597123333333336], [8.516896666666666, 53.59711333333333], [8.516915000000001, 53.59714333333333], [8.516921666666667, 53.597181666666664], [8.516976666666666, 53.59712833333333], [8.51693, 53.59717833333333], [8.516945, 53.59713333333333], [8.516936666666668, 53.597161666666665], [8.516933333333334, 53.59714333333333], [8.516921666666667, 53.59713833333333], [8.516946666666666, 53.597139999999996], [8.516938333333334, 53.597163333333334], [8.516931666666666, 53.59715166666667], [8.516905, 53.59716], [8.51691, 53.59713833333333], [8.516911666666667, 53.59714666666666], [8.516926666666667, 53.59713166666667], [8.516933333333334, 53.597150000000006], [8.51692, 53.59715666666667], [8.516918333333333, 53.597118333333334], [8.516916666666667, 53.59711166666667], [8.51694, 53.597135], [8.516933333333334, 53.59713166666667], [8.516923333333333, 53.59713833333333], [8.516936666666668, 53.59712833333333], [8.516938333333334, 53.597135], [8.516935, 53.597145], [8.517838333333334, 53.59463166666667], [8.525225, 53.58922166666667], [8.525241666666666, 53.589211666666664], [8.525251666666668, 53.58922666666667], [8.52525, 53.58923666666667]]}, "properties": {"label": "W KLAIPEDA", "mmsi": "538009143", "imo": "9211482", "name": "W KLAIPEDA", "shiptype": "", "first_seen_utc": "2026-01-12T00:18:55Z", "last_seen_utc": "2026-01-21T03:50:53Z", "destination": "DEBRV", "eta": "{'Day': 20, 'Hour': 1, 'Minute': 30, 'Month': 1}", "display": "", "links": "<a href=\"https://www.vesselfinder.com/vessels?name=9211482\" target=\"_blank\" rel=\"noopener\">VesselFinder</a> | <a href=\"https://www.marinetraffic.com/en/ais/search/all?keyword=9211482\" target=\"_blank\" rel=\"noopener\">MarineTraffic</a>", "vf_url": "https://www.vesselfinder.com/vessels?name=9211482", "mst_url": "https://www.marinetraffic.com/en/ais/search/all?keyword=9211482", "method": "v3_2pass_track3d_fromru10d", "ru_seen_in_lookback": true, "in_monitor_on_day": true}}, {"type": "Feature", "geometry": {"type": "Point", "coordinates": [8.52525, 53.58923666666667]}, "properties": {"label": "W KLAIPEDA", "mmsi": "538009143", "imo": "9211482", "name": "W KLAIPEDA", "shiptype": "", "first_seen_utc": "2026-01-12T00:18:55Z", "last_seen_utc": "2026-01-21T03:50:53Z", "destination": "DEBRV", "eta": "{'Day': 20, 'Hour': 1, 'Minute': 30, 'Month': 1}", "display": "W KLAIPEDA (538009143)", "links": "<a href=\"https://www.vesselfinder.com/vessels?name=9211482\" target=\"_blank\" rel=\"noopener\">VesselFinder</a> | <a href=\"https://www.marinetraffic.com/en/ais/search/all?keyword=9211482\" target=\"_blank\" rel=\"noopener\">MarineTraffic</a>", "vf_url": "https://www.vesselfinder.com/vessels?name=9211482", "mst_url": "https://www.marinetraffic.com/en/ais/search/all?keyword=9211482", "method": "v3_2pass_track3d_fromru10d", "ru_seen_in_lookback": true, "in_monitor_on_day": true}}, {"type": "Feature", "geometry": {"type": "LineString", "coordinates": [[16.354485, 55.802778333333336], [16.152075, 55.77764333333334], [15.787628333333334, 55.706784999999996], [15.118283333333332, 55.601185], [14.792525000000001, 55.50264833333333], [14.563441666666668, 55.421153333333336], [14.44299, 55.336146666666664]]}, "properties": {"label": "ODYSSEAN", "mmsi": "538010457", "imo": "9854727", "name": "ODYSSEAN", "shiptype": "", "first_seen_utc": "2026-01-12T00:20:58Z", "last_seen_utc": "2026-01-21T03:28:37Z", "destination": "FOR ORDERS", "eta": "{'Day': 26, 'Hour': 17, 'Minute': 0, 'Month': 1}", "display": "", "links": "<a href=\"https://www.vesselfinder.com/vessels?name=9854727\" target=\"_blank\" rel=\"noopener\">VesselFinder</a> | <a href=\"https://www.marinetraffic.com/en/ais/search/all?keyword=9854727\" target=\"_blank\" rel=\"noopener\">MarineTraffic</a>", "vf_url": "https://www.vesselfinder.com/vessels?name=9854727", "mst_url": "https://www.marinetraffic.com/en/ais/search/all?keyword=9854727", "method": "v3_2pass_track3d_fromru10d", "ru_seen_in_lookback": true, "in_monitor_on_day": true}}, {"type": "Feature", "geometry": {"type": "Point", "coordinates": [14.44299, 55.336146666666664]}, "properties": {"label": "ODYSSEAN", "mmsi": "538010457", "imo": "9854727", "name": "ODYSSEAN", "shiptype": "", "first_seen_utc": "2026-01-12T00:20:58Z", "last_seen_utc": "2026-01-21T03:28:37Z", "destination": "FOR ORDERS", "eta": "{'Day': 26, 'Hour': 17, 'Minute': 0, 'Month': 1}", "display": "ODYSSEAN (538010457)", "links": "<a href=\"https://www.vesselfinder.com/vessels?name=9854727\" target=\"_blank\" rel=\"noopener\">VesselFinder</a> | <a href=\"https://www.marinetraffic.com/en/ais/search/all?keyword=9854727\" target=\"_blank\" rel=\"noopener\">MarineTraffic</a>", "vf_url": "https://www.vesselfinder.com/vessels?name=9854727", "mst_url": "https://www.marinetraffic.com/en/ais/search/all?keyword=9854727", "method": "v3_2pass_track3d_fromru10d", "ru_seen_in_lookback": true, "in_monitor_on_day": true}}, {"type": "Feature", "geometry": {"type": "LineString", "coordinates": [[-0.18945333333333333, 53.641666666666666], [-0.24196166666666666, 53.71542], [-0.2735916666666667, 53.740694999999995], [-0.26905833333333334, 53.742215], [-0.26606166666666664, 53.74408666666667], [-0.26607, 53.74406333333333], [-0.26603, 53.74406166666667], [-0.26603499999999997, 53.74408666666667], [-0.26602166666666666, 53.744058333333335], [-0.2660383333333333, 53.74406666666666], [-0.26604833333333333, 53.744045], [-0.2660516666666667, 53.744105], [-0.26608666666666664, 53.744081666666666], [-0.26608166666666666, 53.744080000000004], [-0.26602833333333337, 53.74408666666667], [-0.2660516666666667, 53.744074999999995], [-0.26605333333333336, 53.74406], [-0.2660633333333334, 53.74407]]}, "properties": {"label": "HUMBER RUNNER", "mmsi": "305821000", "imo": "9467184", "name": "HUMBER RUNNER", "shiptype": "", "first_seen_utc": "2026-01-12T00:23:57Z", "last_seen_utc": "2026-01-21T03:30:13Z", "destination": "HULL", "eta": "{'Day': 20, 'Hour': 15, 'Minute': 0, 'Month': 1}", "display": "", "links": "<a href=\"https://www.vesselfinder.com/vessels?name=9467184\" target=\"_blank\" rel=\"noopener\">VesselFinder</a> | <a href=\"https://www.marinetraffic.com/en/ais/search/all?keyword=9467184\" target=\"_blank\" rel=\"noopener\">MarineTraffic</a>", "vf_url": "https://www.vesselfinder.com/vessels?name=9467184", "mst_url": "https://www.marinetraffic.com/en/ais/search/all?keyword=9467184", "method": "v3_2pass_track3d_fromru10d", "ru_seen_in_lookback": true, "in_monitor_on_day": true}}, {"type": "Feature", "geometry": {"type": "Point", "coordinates": [-0.2660633333333334, 53.74407]}, "properties": {"label": "HUMBER RUNNER", "mmsi": "305821000", "imo": "9467184", "name": "HUMBER RUNNER", "shiptype": "", "first_seen_utc": "2026-01-12T00:23:57Z", "last_seen_utc": "2026-01-21T03:30:13Z", "destination": "HULL", "eta": "{'Day': 20, 'Hour': 15, 'Minute': 0, 'Month': 1}", "display": "HUMBER RUNNER (305821000)", "links": "<a href=\"https://www.vesselfinder.com/vessels?name=9467184\" target=\"_blank\" rel=\"noopener\">VesselFinder</a> | <a href=\"https://www.marinetraffic.com/en/ais/search/all?keyword=9467184\" target=\"_blank\" rel=\"noopener\">MarineTraffic</a>", "vf_url": "https://www.vesselfinder.com/vessels?name=9467184", "mst_url": "https://www.marinetraffic.com/en/ais/search/all?keyword=9467184", "method": "v3_2pass_track3d_fromru10d", "ru_seen_in_lookback": true, "in_monitor_on_day": true}}, {"type": "Feature", "geometry": {"type": "LineString", "coordinates": [[11.331275, 54.55820666666667], [11.166509999999999, 54.59986166666667], [10.989896666666668, 54.59403666666666], [10.823368333333333, 54.58676], [10.635158333333333, 54.57615833333333], [10.495936666666667, 54.548970000000004], [10.327438333333333, 54.51126], [10.208776666666667, 54.41605333333334], [10.157336666666668, 54.364445], [10.142413333333334, 54.36606166666666], [10.107813333333333, 54.371075000000005], [10.064675, 54.362361666666665], [9.990156666666667, 54.347028333333334], [9.927211666666667, 54.34244], [9.836633333333333, 54.363854999999994], [9.747206666666667, 54.34048], [9.693954999999999, 54.295915], [9.621916666666667, 54.25978166666666], [9.578158333333333, 54.211040000000004], [9.551956666666666, 54.19950333333334], [9.510641666666666, 54.18813166666666], [9.416788333333333, 54.16470666666667], [9.333613333333334, 54.13261333333333], [9.315776666666666, 54.07391333333333], [9.29749, 54.01708833333333], [9.256515, 53.966188333333335], [9.193141666666666, 53.920116666666665], [9.147815000000001, 53.89573333333333], [9.146230000000001, 53.89485], [9.134893333333334, 53.88755166666667], [8.970351666666666, 53.84804], [8.606545, 53.96179333333334], [7.863138333333334, 53.90307]]}, "properties": {"label": "ELBSPRING", "mmsi": "255916486", "imo": "9462794", "name": "ELBSPRING", "shiptype": "", "first_seen_utc": "2026-01-12T00:24:18Z", "last_seen_utc": "2026-01-21T02:59:37Z", "destination": "DEBRV VIA NOK", "eta": "{'Day': 21, 'Hour': 2, 'Minute': 0, 'Month': 1}", "display": "", "links": "<a href=\"https://www.vesselfinder.com/vessels?name=9462794\" target=\"_blank\" rel=\"noopener\">VesselFinder</a> | <a href=\"https://www.marinetraffic.com/en/ais/search/all?keyword=9462794\" target=\"_blank\" rel=\"noopener\">MarineTraffic</a>", "vf_url": "https://www.vesselfinder.com/vessels?name=9462794", "mst_url": "https://www.marinetraffic.com/en/ais/search/all?keyword=9462794", "method": "v3_2pass_track3d_fromru10d", "ru_seen_in_lookback": true, "in_monitor_on_day": true}}, {"type": "Feature", "geometry": {"type": "Point", "coordinates": [7.863138333333334, 53.90307]}, "properties": {"label": "ELBSPRING", "mmsi": "255916486", "imo": "9462794", "name": "ELBSPRING", "shiptype": "", "first_seen_utc": "2026-01-12T00:24:18Z", "last_seen_utc": "2026-01-21T02:59:37Z", "destination": "DEBRV VIA NOK", "eta": "{'Day': 21, 'Hour': 2, 'Minute': 0, 'Month': 1}", "display": "ELBSPRING (255916486)", "links": "<a href=\"https://www.vesselfinder.com/vessels?name=9462794\" target=\"_blank\" rel=\"noopener\">VesselFinder</a> | <a href=\"https://www.marinetraffic.com/en/ais/search/all?keyword=9462794\" target=\"_blank\" rel=\"noopener\">MarineTraffic</a>", "vf_url": "https://www.vesselfinder.com/vessels?name=9462794", "mst_url": "https://www.marinetraffic.com/en/ais/search/all?keyword=9462794", "method": "v3_2pass_track3d_fromru10d", "ru_seen_in_lookback": true, "in_monitor_on_day": true}}, {"type": "Feature", "geometry": {"type": "LineString", "coordinates": [[17.603995, 55.992441666666664], [16.688295, 55.83885166666666], [16.423528333333334, 55.80224333333333], [16.095188333333333, 55.754983333333335], [15.813348333333332, 55.71447666666666], [15.454818333333332, 55.66397833333333], [15.177436666666667, 55.61613666666666], [14.917110000000001, 55.54358666666667], [14.656958333333334, 55.464785], [14.423256666666667, 55.341276666666666], [14.136675, 55.12567166666667], [13.553341666666666, 54.97627166666667], [13.169843333333334, 54.89679666666667], [12.903183333333335, 54.83569]]}, "properties": {"label": "CS ENDEAVOUR", "mmsi": "566060000", "imo": "9517927", "name": "CS ENDEAVOUR", "shiptype": "", "first_seen_utc": "2026-01-12T00:24:44Z", "last_seen_utc": "2026-01-21T03:25:14Z", "destination": "PACTB", "eta": "{'Day': 3, 'Hour': 13, 'Minute': 0, 'Month': 2}", "display": "", "links": "<a href=\"https://www.vesselfinder.com/vessels?name=9517927\" target=\"_blank\" rel=\"noopener\">VesselFinder</a> | <a href=\"https://www.marinetraffic.com/en/ais/search/all?keyword=9517927\" target=\"_blank\" rel=\"noopener\">MarineTraffic</a>", "vf_url": "https://www.vesselfinder.com/vessels?name=9517927", "mst_url": "https://www.marinetraffic.com/en/ais/search/all?keyword=9517927", "method": "v3_2pass_track3d_fromru10d", "ru_seen_in_lookback": true, "in_monitor_on_day": true}}, {"type": "Feature", "geometry": {"type": "Point", "coordinates": [12.903183333333335, 54.83569]}, "properties": {"label": "CS ENDEAVOUR", "mmsi": "566060000", "imo": "9517927", "name": "CS ENDEAVOUR", "shiptype": "", "first_seen_utc": "2026-01-12T00:24:44Z", "last_seen_utc": "2026-01-21T03:25:14Z", "destination": "PACTB", "eta": "{'Day': 3, 'Hour': 13, 'Minute': 0, 'Month': 2}", "display": "CS ENDEAVOUR (566060000)", "links": "<a href=\"https://www.vesselfinder.com/vessels?name=9517927\" target=\"_blank\" rel=\"noopener\">VesselFinder</a> | <a href=\"https://www.marinetraffic.com/en/ais/search/all?keyword=9517927\" target=\"_blank\" rel=\"noopener\">MarineTraffic</a>", "vf_url": "https://www.vesselfinder.com/vessels?name=9517927", "mst_url": "https://www.marinetraffic.com/en/ais/search/all?keyword=9517927", "method": "v3_2pass_track3d_fromru10d", "ru_seen_in_lookback": true, "in_monitor_on_day": true}}, {"type": "Feature", "geometry": {"type": "LineString", "coordinates": [[14.0453, 54.66116666666667], [14.179233333333334, 54.63545], [15.016666666666667, 54.64801666666666], [15.2278, 54.668549999999996], [17.496950000000002, 54.874050000000004], [18.23955, 54.92313333333333], [18.39395, 54.920966666666665], [18.548166666666667, 54.91706666666666], [18.67735, 54.870133333333335], [18.80325, 54.82008333333333], [18.93435, 54.77538333333334], [19.030816666666666, 54.7098], [19.078500000000002, 54.62281666666667], [19.01275, 54.541050000000006], [18.9476, 54.45813333333333], [18.836883333333333, 54.42041666666667], [18.750766666666667, 54.397216666666665]]}, "properties": {"label": "LAURA MAERSK", "mmsi": "219543000", "imo": "9944546", "name": "LAURA MAERSK", "shiptype": "", "first_seen_utc": "2026-01-12T00:25:28Z", "last_seen_utc": "2026-01-21T03:45:41Z", "destination": "PLGDN", "eta": "{'Day': 21, 'Hour': 3, 'Minute': 0, 'Month': 1}", "display": "", "links": "<a href=\"https://www.vesselfinder.com/vessels?name=9944546\" target=\"_blank\" rel=\"noopener\">VesselFinder</a> | <a href=\"https://www.marinetraffic.com/en/ais/search/all?keyword=9944546\" target=\"_blank\" rel=\"noopener\">MarineTraffic</a>", "vf_url": "https://www.vesselfinder.com/vessels?name=9944546", "mst_url": "https://www.marinetraffic.com/en/ais/search/all?keyword=9944546", "method": "v3_2pass_track3d_fromru10d", "ru_seen_in_lookback": true, "in_monitor_on_day": true}}, {"type": "Feature", "geometry": {"type": "Point", "coordinates": [18.750766666666667, 54.397216666666665]}, "properties": {"label": "LAURA MAERSK", "mmsi": "219543000", "imo": "9944546", "name": "LAURA MAERSK", "shiptype": "", "first_seen_utc": "2026-01-12T00:25:28Z", "last_seen_utc": "2026-01-21T03:45:41Z", "destination": "PLGDN", "eta": "{'Day': 21, 'Hour': 3, 'Minute': 0, 'Month': 1}", "display": "LAURA MAERSK (219543000)", "links": "<a href=\"https://www.vesselfinder.com/vessels?name=9944546\" target=\"_blank\" rel=\"noopener\">VesselFinder</a> | <a href=\"https://www.marinetraffic.com/en/ais/search/all?keyword=9944546\" target=\"_blank\" rel=\"noopener\">MarineTraffic</a>", "vf_url": "https://www.vesselfinder.com/vessels?name=9944546", "mst_url": "https://www.marinetraffic.com/en/ais/search/all?keyword=9944546", "method": "v3_2pass_track3d_fromru10d", "ru_seen_in_lookback": true, "in_monitor_on_day": true}}, {"type": "Feature", "geometry": {"type": "LineString", "coordinates": [[14.857940000000001, 56.10766], [14.858295, 56.1077], [14.858235, 56.107663333333335], [14.858361666666667, 56.107675], [14.858468333333333, 56.107675], [14.857996666666667, 56.10757666666667], [14.85811, 56.10762], [14.858233333333335, 56.10762], [14.858186666666667, 56.107645000000005], [14.85818, 56.10764833333334], [14.857961666666666, 56.10760666666667], [14.857941666666667, 56.10757666666667], [14.857940000000001, 56.107573333333335], [14.858061666666666, 56.107515], [14.857904999999999, 56.107499999999995], [14.857953333333334, 56.107526666666665], [14.858123333333333, 56.10765333333333], [14.858, 56.10754166666666], [14.857813333333333, 56.107438333333334], [14.857651666666667, 56.107413333333334], [14.857271666666666, 56.107128333333335], [14.857205, 56.10706666666667], [14.857115, 56.106825], [14.85705, 56.106858333333335], [14.857056666666667, 56.10687166666666], [14.856998333333333, 56.10689166666667], [14.85703, 56.106615000000005], [14.856985, 56.10675833333333], [14.857023333333332, 56.10661], [14.856986666666668, 56.10669], [14.856969999999999, 56.10675666666667], [14.857026666666666, 56.106451666666665], [14.857018333333334, 56.10643166666667], [14.856971666666668, 56.10633166666666], [14.857045, 56.106244999999994], [14.856943333333334, 56.106244999999994], [14.85692, 56.10615833333333], [14.856953333333333, 56.10620666666667]]}, "properties": {"label": "DREAM SYRAX", "mmsi": "255915968", "imo": "9719513", "name": "DREAM SYRAX", "shiptype": "", "first_seen_utc": "2026-01-12T00:25:40Z", "last_seen_utc": "2026-01-21T03:20:57Z", "destination": "SE KAN", "eta": "{'Day': 19, 'Hour': 8, 'Minute': 0, 'Month': 1}", "display": "", "links": "<a href=\"https://www.vesselfinder.com/vessels?name=9719513\" target=\"_blank\" rel=\"noopener\">VesselFinder</a> | <a href=\"https://www.marinetraffic.com/en/ais/search/all?keyword=9719513\" target=\"_blank\" rel=\"noopener\">MarineTraffic</a>", "vf_url": "https://www.vesselfinder.com/vessels?name=9719513", "mst_url": "https://www.marinetraffic.com/en/ais/search/all?keyword=9719513", "method": "v3_2pass_track3d_fromru10d", "ru_seen_in_lookback": true, "in_monitor_on_day": true}}, {"type": "Feature", "geometry": {"type": "Point", "coordinates": [14.856953333333333, 56.10620666666667]}, "properties": {"label": "DREAM SYRAX", "mmsi": "255915968", "imo": "9719513", "name": "DREAM SYRAX", "shiptype": "", "first_seen_utc": "2026-01-12T00:25:40Z", "last_seen_utc": "2026-01-21T03:20:57Z", "destination": "SE KAN", "eta": "{'Day': 19, 'Hour': 8, 'Minute': 0, 'Month': 1}", "display": "DREAM SYRAX (255915968)", "links": "<a href=\"https://www.vesselfinder.com/vessels?name=9719513\" target=\"_blank\" rel=\"noopener\">VesselFinder</a> | <a href=\"https://www.marinetraffic.com/en/ais/search/all?keyword=9719513\" target=\"_blank\" rel=\"noopener\">MarineTraffic</a>", "vf_url": "https://www.vesselfinder.com/vessels?name=9719513", "mst_url": "https://www.marinetraffic.com/en/ais/search/all?keyword=9719513", "method": "v3_2pass_track3d_fromru10d", "ru_seen_in_lookback": true, "in_monitor_on_day": true}}, {"type": "Feature", "geometry": {"type": "LineString", "coordinates": [[19.16676, 54.76320333333333], [19.165738333333334, 54.79452833333333], [19.16428, 54.82405166666667], [19.163011666666666, 54.85392], [19.176361666666665, 54.829730000000005], [19.17908333333333, 54.75903166666667], [19.178510000000003, 54.793935000000005], [19.177106666666667, 54.82524333333333], [19.175438333333332, 54.855851666666666], [19.176805, 54.766711666666666], [19.178915, 54.79446166666666], [19.177583333333335, 54.82442833333334], [19.175843333333333, 54.85910333333334]]}, "properties": {"label": "MARINA STELARA", "mmsi": "218031900", "imo": "7607209", "name": "MARINA STELARA", "shiptype": "", "first_seen_utc": "2026-01-12T00:26:59Z", "last_seen_utc": "2026-01-21T03:14:24Z", "destination": "SURVEY", "eta": "{'Day': 17, 'Hour': 9, 'Minute': 0, 'Month': 1}", "display": "", "links": "<a href=\"https://www.vesselfinder.com/vessels?name=7607209\" target=\"_blank\" rel=\"noopener\">VesselFinder</a> | <a href=\"https://www.marinetraffic.com/en/ais/search/all?keyword=7607209\" target=\"_blank\" rel=\"noopener\">MarineTraffic</a>", "vf_url": "https://www.vesselfinder.com/vessels?name=7607209", "mst_url": "https://www.marinetraffic.com/en/ais/search/all?keyword=7607209", "method": "v3_2pass_track3d_fromru10d", "ru_seen_in_lookback": true, "in_monitor_on_day": true}}, {"type": "Feature", "geometry": {"type": "Point", "coordinates": [19.175843333333333, 54.85910333333334]}, "properties": {"label": "MARINA STELARA", "mmsi": "218031900", "imo": "7607209", "name": "MARINA STELARA", "shiptype": "", "first_seen_utc": "2026-01-12T00:26:59Z", "last_seen_utc": "2026-01-21T03:14:24Z", "destination": "SURVEY", "eta": "{'Day': 17, 'Hour': 9, 'Minute': 0, 'Month': 1}", "display": "MARINA STELARA (218031900)", "links": "<a href=\"https://www.vesselfinder.com/vessels?name=7607209\" target=\"_blank\" rel=\"noopener\">VesselFinder</a> | <a href=\"https://www.marinetraffic.com/en/ais/search/all?keyword=7607209\" target=\"_blank\" rel=\"noopener\">MarineTraffic</a>", "vf_url": "https://www.vesselfinder.com/vessels?name=7607209", "mst_url": "https://www.marinetraffic.com/en/ais/search/all?keyword=7607209", "method": "v3_2pass_track3d_fromru10d", "ru_seen_in_lookback": true, "in_monitor_on_day": true}}, {"type": "Feature", "geometry": {"type": "LineString", "coordinates": [[6.357923333333333, 57.919576666666664], [6.188795, 57.993073333333335], [6.023086666666667, 58.06631], [5.861726666666667, 58.1426], [5.6980933333333335, 58.220218333333335], [5.532696666666666, 58.29789666666667], [5.378931666666667, 58.37614333333333], [5.338075, 58.415454999999994], [5.3104249999999995, 58.480465], [5.281873333333333, 58.575105], [5.249013333333334, 58.67939666666667], [5.215943333333333, 58.77815333333333], [5.19023, 58.882439999999995], [5.176651666666667, 58.97094166666667], [5.215745, 59.032754999999995], [5.394638333333333, 59.08970333333333], [5.542216666666667, 59.169623333333334], [5.59063, 59.266475], [5.593013333333333, 59.286280000000005], [5.595743333333333, 59.286793333333335], [5.59737, 59.288355], [5.597101666666666, 59.28892333333333], [5.597361666666667, 59.288495], [5.597315, 59.28807666666667], [5.5972349999999995, 59.287825], [5.597105, 59.287745], [5.596975, 59.28767666666667], [5.596900000000001, 59.28741], [5.596471666666667, 59.28714166666667], [5.595963333333333, 59.28684], [5.594896666666667, 59.286485], [5.593438333333333, 59.28615833333333], [5.5922366666666665, 59.286370000000005], [5.59136, 59.286565], [5.590721666666667, 59.28693166666667], [5.590678333333333, 59.287299999999995], [5.590515, 59.287645], [5.59042, 59.28735833333334], [5.591183333333333, 59.286789999999996], [5.592706666666667, 59.286365]]}, "properties": {"label": "ATLANTIC JADE", "mmsi": "636021135", "imo": "9892987", "name": "ATLANTIC JADE", "shiptype": "", "first_seen_utc": "2026-01-12T00:27:08Z", "last_seen_utc": "2026-01-21T03:48:34Z", "destination": "NOKAR", "eta": "{'Day': 20, 'Hour': 14, 'Minute': 30, 'Month': 1}", "display": "", "links": "<a href=\"https://www.vesselfinder.com/vessels?name=9892987\" target=\"_blank\" rel=\"noopener\">VesselFinder</a> | <a href=\"https://www.marinetraffic.com/en/ais/search/all?keyword=9892987\" target=\"_blank\" rel=\"noopener\">MarineTraffic</a>", "vf_url": "https://www.vesselfinder.com/vessels?name=9892987", "mst_url": "https://www.marinetraffic.com/en/ais/search/all?keyword=9892987", "method": "v3_2pass_track3d_fromru10d", "ru_seen_in_lookback": true, "in_monitor_on_day": true}}, {"type": "Feature", "geometry": {"type": "Point", "coordinates": [5.592706666666667, 59.286365]}, "properties": {"label": "ATLANTIC JADE", "mmsi": "636021135", "imo": "9892987", "name": "ATLANTIC JADE", "shiptype": "", "first_seen_utc": "2026-01-12T00:27:08Z", "last_seen_utc": "2026-01-21T03:48:34Z", "destination": "NOKAR", "eta": "{'Day': 20, 'Hour': 14, 'Minute': 30, 'Month': 1}", "display": "ATLANTIC JADE (636021135)", "links": "<a href=\"https://www.vesselfinder.com/vessels?name=9892987\" target=\"_blank\" rel=\"noopener\">VesselFinder</a> | <a href=\"https://www.marinetraffic.com/en/ais/search/all?keyword=9892987\" target=\"_blank\" rel=\"noopener\">MarineTraffic</a>", "vf_url": "https://www.vesselfinder.com/vessels?name=9892987", "mst_url": "https://www.marinetraffic.com/en/ais/search/all?keyword=9892987", "method": "v3_2pass_track3d_fromru10d", "ru_seen_in_lookback": true, "in_monitor_on_day": true}}, {"type": "Feature", "geometry": {"type": "LineString", "coordinates": [[19.12888333333333, 54.7573], [19.133333333333333, 54.72453333333333], [19.137316666666667, 54.73566666666667], [19.135183333333334, 54.7717], [19.144483333333334, 54.79703333333334], [19.14605, 54.76061666666667], [19.14816666666667, 54.727866666666664], [19.149383333333333, 54.69388333333333], [19.150216666666665, 54.711216666666665], [19.149983333333335, 54.74405], [19.146883333333335, 54.776916666666665], [19.15175, 54.752399999999994], [19.146833333333333, 54.75488333333333], [19.13856666666667, 54.72603333333333], [19.13295, 54.760866666666665], [19.139866666666666, 54.750099999999996], [19.142966666666666, 54.72173333333333], [19.142483333333335, 54.75618333333333], [19.137833333333333, 54.76905], [19.139599999999998, 54.734366666666666], [19.14085, 54.701283333333336], [19.15213333333333, 54.67413333333333], [19.15265, 54.707], [19.15005, 54.740199999999994], [19.148000000000003, 54.78275], [19.139799999999997, 54.77956666666667], [19.1413, 54.746183333333335], [19.1428, 54.71288333333334], [19.14428333333333, 54.68033333333334], [19.154183333333332, 54.6981], [19.152616666666667, 54.729850000000006], [19.154483333333335, 54.762033333333335], [19.145666666666667, 54.781349999999996], [19.14698333333333, 54.750616666666666], [19.14835, 54.720166666666664], [19.158399999999997, 54.73701666666667], [19.15648333333333, 54.77661666666667]]}, "properties": {"label": "AMBER AGATHA", "mmsi": "261004058", "imo": "8516885", "name": "AMBER AGATHA", "shiptype": "", "first_seen_utc": "2026-01-12T00:27:57Z", "last_seen_utc": "2026-01-21T03:51:00Z", "destination": "SURVEY OPS CPA 1 NM", "eta": "{'Day': 17, 'Hour': 12, 'Minute': 0, 'Month': 1}", "display": "", "links": "<a href=\"https://www.vesselfinder.com/vessels?name=8516885\" target=\"_blank\" rel=\"noopener\">VesselFinder</a> | <a href=\"https://www.marinetraffic.com/en/ais/search/all?keyword=8516885\" target=\"_blank\" rel=\"noopener\">MarineTraffic</a>", "vf_url": "https://www.vesselfinder.com/vessels?name=8516885", "mst_url": "https://www.marinetraffic.com/en/ais/search/all?keyword=8516885", "method": "v3_2pass_track3d_fromru10d", "ru_seen_in_lookback": true, "in_monitor_on_day": true}}, {"type": "Feature", "geometry": {"type": "Point", "coordinates": [19.15648333333333, 54.77661666666667]}, "properties": {"label": "AMBER AGATHA", "mmsi": "261004058", "imo": "8516885", "name": "AMBER AGATHA", "shiptype": "", "first_seen_utc": "2026-01-12T00:27:57Z", "last_seen_utc": "2026-01-21T03:51:00Z", "destination": "SURVEY OPS CPA 1 NM", "eta": "{'Day': 17, 'Hour': 12, 'Minute': 0, 'Month': 1}", "display": "AMBER AGATHA (261004058)", "links": "<a href=\"https://www.vesselfinder.com/vessels?name=8516885\" target=\"_blank\" rel=\"noopener\">VesselFinder</a> | <a href=\"https://www.marinetraffic.com/en/ais/search/all?keyword=8516885\" target=\"_blank\" rel=\"noopener\">MarineTraffic</a>", "vf_url": "https://www.vesselfinder.com/vessels?name=8516885", "mst_url": "https://www.marinetraffic.com/en/ais/search/all?keyword=8516885", "method": "v3_2pass_track3d_fromru10d", "ru_seen_in_lookback": true, "in_monitor_on_day": true}}, {"type": "Feature", "geometry": {"type": "LineString", "coordinates": [[18.434693333333332, 54.80360666666666], [18.43469, 54.80361333333334], [18.434628333333333, 54.80359], [18.434598333333334, 54.80357], [18.434610000000003, 54.80359166666666], [18.43475, 54.80361333333334], [18.43489333333333, 54.803644999999996], [18.434871666666666, 54.803655000000006], [18.434771666666666, 54.803625000000004], [18.434738333333332, 54.803601666666665], [18.434636666666666, 54.803576666666665], [18.43468, 54.803596666666664], [18.434588333333334, 54.803554999999996], [18.435018333333336, 54.80362], [18.434771666666666, 54.80354666666666], [18.434675000000002, 54.80351666666666], [18.434683333333332, 54.80351333333333], [18.434703333333335, 54.80350333333333], [18.434793333333335, 54.80358666666667], [18.434846666666665, 54.80361333333334], [18.43495, 54.803601666666665], [18.435078333333333, 54.803595]]}, "properties": {"label": "HENRYK", "mmsi": "261059000", "imo": "7504926", "name": "HENRYK", "shiptype": "", "first_seen_utc": "2026-01-12T00:28:58Z", "last_seen_utc": "2026-01-21T02:12:58Z", "destination": "WLADYSLAWOWO", "eta": "{'Day': 18, 'Hour': 22, 'Minute': 0, 'Month': 1}", "display": "", "links": "<a href=\"https://www.vesselfinder.com/vessels?name=7504926\" target=\"_blank\" rel=\"noopener\">VesselFinder</a> | <a href=\"https://www.marinetraffic.com/en/ais/search/all?keyword=7504926\" target=\"_blank\" rel=\"noopener\">MarineTraffic</a>", "vf_url": "https://www.vesselfinder.com/vessels?name=7504926", "mst_url": "https://www.marinetraffic.com/en/ais/search/all?keyword=7504926", "method": "v3_2pass_track3d_fromru10d", "ru_seen_in_lookback": true, "in_monitor_on_day": true}}, {"type": "Feature", "geometry": {"type": "Point", "coordinates": [18.435078333333333, 54.803595]}, "properties": {"label": "HENRYK", "mmsi": "261059000", "imo": "7504926", "name": "HENRYK", "shiptype": "", "first_seen_utc": "2026-01-12T00:28:58Z", "last_seen_utc": "2026-01-21T02:12:58Z", "destination": "WLADYSLAWOWO", "eta": "{'Day': 18, 'Hour': 22, 'Minute': 0, 'Month': 1}", "display": "HENRYK (261059000)", "links": "<a href=\"https://www.vesselfinder.com/vessels?name=7504926\" target=\"_blank\" rel=\"noopener\">VesselFinder</a> | <a href=\"https://www.marinetraffic.com/en/ais/search/all?keyword=7504926\" target=\"_blank\" rel=\"noopener\">MarineTraffic</a>", "vf_url": "https://www.vesselfinder.com/vessels?name=7504926", "mst_url": "https://www.marinetraffic.com/en/ais/search/all?keyword=7504926", "method": "v3_2pass_track3d_fromru10d", "ru_seen_in_lookback": true, "in_monitor_on_day": true}}, {"type": "Feature", "geometry": {"type": "LineString", "coordinates": [[18.387898333333332, 55.10487833333333], [18.548961666666667, 55.042], [18.715296666666667, 54.98952166666666], [18.840333333333334, 54.917881666666666], [18.95739, 54.845013333333334], [19.024291666666667, 54.759546666666665], [19.052078333333334, 54.666995], [19.045671666666667, 54.575795], [18.973171666666666, 54.48933833333333], [18.895195, 54.45737166666667], [18.883583333333334, 54.455328333333334], [18.88356, 54.45554666666667], [18.883866666666666, 54.45563166666667], [18.883446666666668, 54.455439999999996], [18.883691666666667, 54.455535000000005], [18.883676666666666, 54.455565], [18.883798333333335, 54.455580000000005], [18.884226666666667, 54.455666666666666], [18.884031666666665, 54.455641666666665], [18.883961666666668, 54.455605], [18.884323333333334, 54.45569], [18.884511666666665, 54.455704999999995], [18.88434833333333, 54.455704999999995], [18.884571666666666, 54.45572], [18.88467166666667, 54.455715000000005], [18.884725, 54.455738333333336], [18.88466, 54.45511666666666], [18.88312, 54.442191666666666], [18.83916333333333, 54.42012833333333], [18.72613, 54.40054333333333], [18.70718833333333, 54.396465], [18.707185, 54.39645666666667], [18.707175, 54.39645666666667], [18.707186666666665, 54.39646166666667], [18.707173333333333, 54.39646833333334], [18.707168333333335, 54.39646666666667], [18.707168333333335, 54.396465], [18.707165, 54.396460000000005], [18.707168333333335, 54.396465], [18.707168333333335, 54.39646166666667]]}, "properties": {"label": "HAPPY PEREGRINE", "mmsi": "219558000", "imo": "9553660", "name": "HAPPY PEREGRINE", "shiptype": "", "first_seen_utc": "2026-01-12T00:32:06Z", "last_seen_utc": "2026-01-21T03:51:01Z", "destination": "PLGDN", "eta": "{'Day': 20, 'Hour': 12, 'Minute': 0, 'Month': 1}", "display": "", "links": "<a href=\"https://www.vesselfinder.com/vessels?name=9553660\" target=\"_blank\" rel=\"noopener\">VesselFinder</a> | <a href=\"https://www.marinetraffic.com/en/ais/search/all?keyword=9553660\" target=\"_blank\" rel=\"noopener\">MarineTraffic</a>", "vf_url": "https://www.vesselfinder.com/vessels?name=9553660", "mst_url": "https://www.marinetraffic.com/en/ais/search/all?keyword=9553660", "method": "v3_2pass_track3d_fromru10d", "ru_seen_in_lookback": true, "in_monitor_on_day": true}}, {"type": "Feature", "geometry": {"type": "Point", "coordinates": [18.707168333333335, 54.39646166666667]}, "properties": {"label": "HAPPY PEREGRINE", "mmsi": "219558000", "imo": "9553660", "name": "HAPPY PEREGRINE", "shiptype": "", "first_seen_utc": "2026-01-12T00:32:06Z", "last_seen_utc": "2026-01-21T03:51:01Z", "destination": "PLGDN", "eta": "{'Day': 20, 'Hour': 12, 'Minute': 0, 'Month': 1}", "display": "HAPPY PEREGRINE (219558000)", "links": "<a href=\"https://www.vesselfinder.com/vessels?name=9553660\" target=\"_blank\" rel=\"noopener\">VesselFinder</a> | <a href=\"https://www.marinetraffic.com/en/ais/search/all?keyword=9553660\" target=\"_blank\" rel=\"noopener\">MarineTraffic</a>", "vf_url": "https://www.vesselfinder.com/vessels?name=9553660", "mst_url": "https://www.marinetraffic.com/en/ais/search/all?keyword=9553660", "method": "v3_2pass_track3d_fromru10d", "ru_seen_in_lookback": true, "in_monitor_on_day": true}}, {"type": "Feature", "geometry": {"type": "LineString", "coordinates": [[15.014598333333334, 55.55497666666667], [14.849238333333334, 55.50789833333333], [14.588853333333333, 55.432275], [14.403705, 55.3026], [12.32479, 54.623174999999996], [12.24447, 54.55064], [12.185441666666666, 54.455146666666664], [12.019235, 54.435719999999996], [11.842288333333332, 54.440796666666664], [11.669323333333333, 54.466660000000005], [11.502105, 54.50688666666667], [11.337988333333334, 54.55582166666667], [11.174056666666667, 54.607956666666674], [10.98953, 54.60675666666667], [10.829378333333333, 54.659715], [10.791946666666666, 54.75046333333333], [10.836955, 54.851888333333335], [10.878306666666667, 54.927585], [10.981753333333334, 55.002028333333335], [10.99015, 55.104791666666664], [11.06808, 55.18519]]}, "properties": {"label": "JIN HUI", "mmsi": "352004196", "imo": "9430272", "name": "JIN HUI", "shiptype": "", "first_seen_utc": "2026-01-12T00:34:10Z", "last_seen_utc": "2026-01-21T02:47:49Z", "destination": "FOR ORDER", "eta": "{'Day': 20, 'Hour': 17, 'Minute': 0, 'Month': 1}", "display": "", "links": "<a href=\"https://www.vesselfinder.com/vessels?name=9430272\" target=\"_blank\" rel=\"noopener\">VesselFinder</a> | <a href=\"https://www.marinetraffic.com/en/ais/search/all?keyword=9430272\" target=\"_blank\" rel=\"noopener\">MarineTraffic</a>", "vf_url": "https://www.vesselfinder.com/vessels?name=9430272", "mst_url": "https://www.marinetraffic.com/en/ais/search/all?keyword=9430272", "method": "v3_2pass_track3d_fromru10d", "ru_seen_in_lookback": true, "in_monitor_on_day": true}}, {"type": "Feature", "geometry": {"type": "Point", "coordinates": [11.06808, 55.18519]}, "properties": {"label": "JIN HUI", "mmsi": "352004196", "imo": "9430272", "name": "JIN HUI", "shiptype": "", "first_seen_utc": "2026-01-12T00:34:10Z", "last_seen_utc": "2026-01-21T02:47:49Z", "destination": "FOR ORDER", "eta": "{'Day': 20, 'Hour': 17, 'Minute': 0, 'Month': 1}", "display": "JIN HUI (352004196)", "links": "<a href=\"https://www.vesselfinder.com/vessels?name=9430272\" target=\"_blank\" rel=\"noopener\">VesselFinder</a> | <a href=\"https://www.marinetraffic.com/en/ais/search/all?keyword=9430272\" target=\"_blank\" rel=\"noopener\">MarineTraffic</a>", "vf_url": "https://www.vesselfinder.com/vessels?name=9430272", "mst_url": "https://www.marinetraffic.com/en/ais/search/all?keyword=9430272", "method": "v3_2pass_track3d_fromru10d", "ru_seen_in_lookback": true, "in_monitor_on_day": true}}, {"type": "Feature", "geometry": {"type": "LineString", "coordinates": [[13.076355000000001, 55.26802166666666], [12.874715, 55.27075333333333], [12.691626666666668, 55.310608333333334], [12.698971666666667, 55.41941], [12.717178333333333, 55.53239], [12.696945, 55.63995833333333], [12.69581, 55.74556666666667], [12.726896666666667, 55.84278], [12.729753333333333, 55.93938333333333], [12.668830000000002, 56.0334], [12.532006666666666, 56.12844666666667], [10.497173333333334, 57.82796666666666], [10.4092, 57.795458333333336], [10.328541666666666, 57.764445], [10.245256666666668, 57.73104]]}, "properties": {"label": "LINK POLARIS", "mmsi": "257689000", "imo": "7915541", "name": "LINK POLARIS", "shiptype": "", "first_seen_utc": "2026-01-12T00:35:24Z", "last_seen_utc": "2026-01-21T03:31:42Z", "destination": "HIRTSHALS", "eta": "{'Day': 21, 'Hour': 7, 'Minute': 0, 'Month': 1}", "display": "", "links": "<a href=\"https://www.vesselfinder.com/vessels?name=7915541\" target=\"_blank\" rel=\"noopener\">VesselFinder</a> | <a href=\"https://www.marinetraffic.com/en/ais/search/all?keyword=7915541\" target=\"_blank\" rel=\"noopener\">MarineTraffic</a>", "vf_url": "https://www.vesselfinder.com/vessels?name=7915541", "mst_url": "https://www.marinetraffic.com/en/ais/search/all?keyword=7915541", "method": "v3_2pass_track3d_fromru10d", "ru_seen_in_lookback": true, "in_monitor_on_day": true}}, {"type": "Feature", "geometry": {"type": "Point", "coordinates": [10.245256666666668, 57.73104]}, "properties": {"label": "LINK POLARIS", "mmsi": "257689000", "imo": "7915541", "name": "LINK POLARIS", "shiptype": "", "first_seen_utc": "2026-01-12T00:35:24Z", "last_seen_utc": "2026-01-21T03:31:42Z", "destination": "HIRTSHALS", "eta": "{'Day': 21, 'Hour': 7, 'Minute': 0, 'Month': 1}", "display": "LINK POLARIS (257689000)", "links": "<a href=\"https://www.vesselfinder.com/vessels?name=7915541\" target=\"_blank\" rel=\"noopener\">VesselFinder</a> | <a href=\"https://www.marinetraffic.com/en/ais/search/all?keyword=7915541\" target=\"_blank\" rel=\"noopener\">MarineTraffic</a>", "vf_url": "https://www.vesselfinder.com/vessels?name=7915541", "mst_url": "https://www.marinetraffic.com/en/ais/search/all?keyword=7915541", "method": "v3_2pass_track3d_fromru10d", "ru_seen_in_lookback": true, "in_monitor_on_day": true}}, {"type": "Feature", "geometry": {"type": "LineString", "coordinates": [[18.67471833333333, 54.69630666666667], [18.674735, 54.696311666666666], [18.700533333333333, 54.64895166666667], [18.78798833333333, 54.601015], [18.803398333333334, 54.601083333333335], [18.803420000000003, 54.60106333333333], [18.803446666666666, 54.60109666666666], [18.803431666666665, 54.60109333333333], [18.803408333333334, 54.60105166666666], [18.803383333333333, 54.60105], [18.803393333333336, 54.601065], [18.803405, 54.60107], [18.803423333333335, 54.60105333333333], [18.803406666666667, 54.60107], [18.803396666666668, 54.60106333333333], [18.803401666666666, 54.601056666666665], [18.803396666666668, 54.601054999999995], [18.803391666666666, 54.60105], [18.803391666666666, 54.60102833333334], [18.803401666666666, 54.601054999999995], [18.803403333333332, 54.60105], [18.803396666666668, 54.60106], [18.803411666666666, 54.601054999999995], [18.80341, 54.60104833333333], [18.80341333333333, 54.60105166666666], [18.803405, 54.601058333333334], [18.803401666666666, 54.60102333333334], [18.803385, 54.601054999999995], [18.803395000000002, 54.601025], [18.803391666666666, 54.60102833333334], [18.803391666666666, 54.601036666666666], [18.803369999999997, 54.601045], [18.803395000000002, 54.60104166666667], [18.803408333333334, 54.601045], [18.803426666666667, 54.601045], [18.80339, 54.601035], [18.803398333333334, 54.60103333333333]]}, "properties": {"label": "JAS-74", "mmsi": "261004430", "imo": "", "name": "JAS-74", "shiptype": "", "first_seen_utc": "2026-01-12T01:00:32Z", "last_seen_utc": "2026-01-21T03:47:09Z", "destination": "", "eta": "{'Day': 0, 'Hour': 0, 'Minute': 0, 'Month': 0}", "display": "", "links": "<a href=\"https://www.vesselfinder.com/vessels?name=261004430\" target=\"_blank\" rel=\"noopener\">VesselFinder</a> | <a href=\"https://www.marinetraffic.com/en/ais/search/all?keyword=261004430\" target=\"_blank\" rel=\"noopener\">MarineTraffic</a>", "vf_url": "https://www.vesselfinder.com/vessels?name=261004430", "mst_url": "https://www.marinetraffic.com/en/ais/search/all?keyword=261004430", "method": "v3_2pass_track3d_fromru10d", "ru_seen_in_lookback": true, "in_monitor_on_day": true}}, {"type": "Feature", "geometry": {"type": "Point", "coordinates": [18.803398333333334, 54.60103333333333]}, "properties": {"label": "JAS-74", "mmsi": "261004430", "imo": "", "name": "JAS-74", "shiptype": "", "first_seen_utc": "2026-01-12T01:00:32Z", "last_seen_utc": "2026-01-21T03:47:09Z", "destination": "", "eta": "{'Day': 0, 'Hour': 0, 'Minute': 0, 'Month': 0}", "display": "JAS-74 (261004430)", "links": "<a href=\"https://www.vesselfinder.com/vessels?name=261004430\" target=\"_blank\" rel=\"noopener\">VesselFinder</a> | <a href=\"https://www.marinetraffic.com/en/ais/search/all?keyword=261004430\" target=\"_blank\" rel=\"noopener\">MarineTraffic</a>", "vf_url": "https://www.vesselfinder.com/vessels?name=261004430", "mst_url": "https://www.marinetraffic.com/en/ais/search/all?keyword=261004430", "method": "v3_2pass_track3d_fromru10d", "ru_seen_in_lookback": true, "in_monitor_on_day": true}}, {"type": "Feature", "geometry": {"type": "LineString", "coordinates": [[16.792315, 55.85114], [16.366065, 55.789395]]}, "properties": {"label": "HELLAS FIGHTER", "mmsi": "256748000", "imo": "9722625", "name": "HELLAS FIGHTER", "shiptype": "", "first_seen_utc": "2026-01-12T04:13:43Z", "last_seen_utc": "2026-01-21T01:49:25Z", "destination": "RUPRI", "eta": "{'Day': 17, 'Hour': 4, 'Minute': 0, 'Month': 1}", "display": "", "links": "<a href=\"https://www.vesselfinder.com/vessels?name=9722625\" target=\"_blank\" rel=\"noopener\">VesselFinder</a> | <a href=\"https://www.marinetraffic.com/en/ais/search/all?keyword=9722625\" target=\"_blank\" rel=\"noopener\">MarineTraffic</a>", "vf_url": "https://www.vesselfinder.com/vessels?name=9722625", "mst_url": "https://www.marinetraffic.com/en/ais/search/all?keyword=9722625", "method": "v3_2pass_track3d_fromru10d", "ru_seen_in_lookback": true, "in_monitor_on_day": true}}, {"type": "Feature", "geometry": {"type": "Point", "coordinates": [16.366065, 55.789395]}, "properties": {"label": "HELLAS FIGHTER", "mmsi": "256748000", "imo": "9722625", "name": "HELLAS FIGHTER", "shiptype": "", "first_seen_utc": "2026-01-12T04:13:43Z", "last_seen_utc": "2026-01-21T01:49:25Z", "destination": "RUPRI", "eta": "{'Day': 17, 'Hour': 4, 'Minute': 0, 'Month': 1}", "display": "HELLAS FIGHTER (256748000)", "links": "<a href=\"https://www.vesselfinder.com/vessels?name=9722625\" target=\"_blank\" rel=\"noopener\">VesselFinder</a> | <a href=\"https://www.marinetraffic.com/en/ais/search/all?keyword=9722625\" target=\"_blank\" rel=\"noopener\">MarineTraffic</a>", "vf_url": "https://www.vesselfinder.com/vessels?name=9722625", "mst_url": "https://www.marinetraffic.com/en/ais/search/all?keyword=9722625", "method": "v3_2pass_track3d_fromru10d", "ru_seen_in_lookback": true, "in_monitor_on_day": true}}, {"type": "Feature", "geometry": {"type": "LineString", "coordinates": [[18.71876166666667, 54.405995], [18.718661666666666, 54.405985], [18.718741666666666, 54.406076666666664], [18.719036666666668, 54.40571666666666], [18.718736666666665, 54.40602666666667], [18.718751666666666, 54.40602666666667], [18.71876166666667, 54.406065], [18.718705, 54.406031666666664], [18.718756666666664, 54.40604333333333], [18.718758333333334, 54.406034999999996], [18.718791666666668, 54.406060000000004], [18.718768333333333, 54.40614], [18.718765, 54.40602333333333], [18.719085, 54.405745], [18.71868, 54.406171666666665], [18.718803333333334, 54.40605], [18.71877, 54.40598333333333], [18.71873, 54.40602666666667], [18.718733333333333, 54.406045], [18.718805, 54.406016666666666], [18.718754999999998, 54.406045], [18.718723333333333, 54.40600666666667], [18.718706666666666, 54.40600333333334], [18.718718333333335, 54.406013333333334], [18.718731666666667, 54.406025], [18.718793333333334, 54.40600333333334], [18.718799999999998, 54.406025], [18.718801666666664, 54.40599666666667], [18.71873, 54.406034999999996], [18.718754999999998, 54.40602833333333], [18.71877, 54.406034999999996], [18.718765, 54.406016666666666], [18.718756666666664, 54.40604333333333], [18.718773333333335, 54.406034999999996], [18.718733333333333, 54.40602333333333], [18.718728333333335, 54.40604833333334], [18.718801666666664, 54.40604333333333], [18.811609999999998, 54.413325], [18.990441666666666, 54.44510833333333]]}, "properties": {"label": "SILVERWAY", "mmsi": "636017059", "imo": "9742912", "name": "SILVERWAY", "shiptype": "", "first_seen_utc": "2026-01-12T04:46:17Z", "last_seen_utc": "2026-01-21T03:33:36Z", "destination": "DK SKA", "eta": "{'Day': 22, 'Hour': 23, 'Minute': 0, 'Month': 1}", "display": "", "links": "<a href=\"https://www.vesselfinder.com/vessels?name=9742912\" target=\"_blank\" rel=\"noopener\">VesselFinder</a> | <a href=\"https://www.marinetraffic.com/en/ais/search/all?keyword=9742912\" target=\"_blank\" rel=\"noopener\">MarineTraffic</a>", "vf_url": "https://www.vesselfinder.com/vessels?name=9742912", "mst_url": "https://www.marinetraffic.com/en/ais/search/all?keyword=9742912", "method": "v3_2pass_track3d_fromru10d", "ru_seen_in_lookback": true, "in_monitor_on_day": true}}, {"type": "Feature", "geometry": {"type": "Point", "coordinates": [18.990441666666666, 54.44510833333333]}, "properties": {"label": "SILVERWAY", "mmsi": "636017059", "imo": "9742912", "name": "SILVERWAY", "shiptype": "", "first_seen_utc": "2026-01-12T04:46:17Z", "last_seen_utc": "2026-01-21T03:33:36Z", "destination": "DK SKA", "eta": "{'Day': 22, 'Hour': 23, 'Minute': 0, 'Month': 1}", "display": "SILVERWAY (636017059)", "links": "<a href=\"https://www.vesselfinder.com/vessels?name=9742912\" target=\"_blank\" rel=\"noopener\">VesselFinder</a> | <a href=\"https://www.marinetraffic.com/en/ais/search/all?keyword=9742912\" target=\"_blank\" rel=\"noopener\">MarineTraffic</a>", "vf_url": "https://www.vesselfinder.com/vessels?name=9742912", "mst_url": "https://www.marinetraffic.com/en/ais/search/all?keyword=9742912", "method": "v3_2pass_track3d_fromru10d", "ru_seen_in_lookback": true, "in_monitor_on_day": true}}, {"type": "Feature", "geometry": {"type": "LineString", "coordinates": [[15.654098333333334, 55.69382666666667], [15.374885, 55.647461666666665], [15.212133333333332, 55.625888333333336], [15.066203333333334, 55.582784999999994], [14.918411666666666, 55.53939333333334], [14.771525, 55.495059999999995], [14.586835, 55.44041166666667], [14.484193333333334, 55.36673], [14.381491666666667, 55.29483333333334], [14.18327, 55.14647], [14.019758333333334, 55.05954], [12.264206666666666, 54.599255], [1.522425, 54.50401166666666], [12.130701666666665, 54.43302666666667], [11.970125, 54.43175], [11.810173333333333, 54.43347166666667], [11.653525, 54.467018333333336], [11.499141666666667, 54.50994], [11.345609999999999, 54.552836666666664], [11.189486666666665, 54.59692833333334], [11.016421666666668, 54.602758333333334], [10.860618333333333, 54.654545], [10.783755000000001, 54.74113333333333], [10.836343333333334, 54.83238333333334], [10.882435, 54.931545], [10.986938333333335, 55.009393333333335], [10.992811666666666, 55.11033833333333]]}, "properties": {"label": "CENTURY EAGLE", "mmsi": "538002659", "imo": "9284843", "name": "CENTURY EAGLE", "shiptype": "", "first_seen_utc": "2026-01-12T05:13:58Z", "last_seen_utc": "2026-01-21T03:41:38Z", "destination": "TR ISK", "eta": "{'Day': 5, 'Hour': 9, 'Minute': 0, 'Month': 2}", "display": "", "links": "<a href=\"https://www.vesselfinder.com/vessels?name=9284843\" target=\"_blank\" rel=\"noopener\">VesselFinder</a> | <a href=\"https://www.marinetraffic.com/en/ais/search/all?keyword=9284843\" target=\"_blank\" rel=\"noopener\">MarineTraffic</a>", "vf_url": "https://www.vesselfinder.com/vessels?name=9284843", "mst_url": "https://www.marinetraffic.com/en/ais/search/all?keyword=9284843", "method": "v3_2pass_track3d_fromru10d", "ru_seen_in_lookback": true, "in_monitor_on_day": true}}, {"type": "Feature", "geometry": {"type": "Point", "coordinates": [10.992811666666666, 55.11033833333333]}, "properties": {"label": "CENTURY EAGLE", "mmsi": "538002659", "imo": "9284843", "name": "CENTURY EAGLE", "shiptype": "", "first_seen_utc": "2026-01-12T05:13:58Z", "last_seen_utc": "2026-01-21T03:41:38Z", "destination": "TR ISK", "eta": "{'Day': 5, 'Hour': 9, 'Minute': 0, 'Month': 2}", "display": "CENTURY EAGLE (538002659)", "links": "<a href=\"https://www.vesselfinder.com/vessels?name=9284843\" target=\"_blank\" rel=\"noopener\">VesselFinder</a> | <a href=\"https://www.marinetraffic.com/en/ais/search/all?keyword=9284843\" target=\"_blank\" rel=\"noopener\">MarineTraffic</a>", "vf_url": "https://www.vesselfinder.com/vessels?name=9284843", "mst_url": "https://www.marinetraffic.com/en/ais/search/all?keyword=9284843", "method": "v3_2pass_track3d_fromru10d", "ru_seen_in_lookback": true, "in_monitor_on_day": true}}, {"type": "Feature", "geometry": {"type": "LineString", "coordinates": [[18.628923333333333, 54.52110833333334], [18.676625, 54.530078333333336], [18.839638333333333, 54.555076666666665], [18.9383, 54.644173333333335], [19.085776666666668, 54.71984], [19.7582, 54.678875], [20.030073333333334, 54.9045], [19.953838333333334, 54.827985], [19.813716666666668, 54.87135833333333], [19.73009, 55.08237833333333], [19.95326833333333, 54.82948833333333], [19.900838333333336, 54.925230000000006]]}, "properties": {"label": "NAZMI C", "mmsi": "355008000", "imo": "9577769", "name": "NAZMI C", "shiptype": "", "first_seen_utc": "2026-01-12T05:50:27Z", "last_seen_utc": "2026-01-21T00:52:58Z", "destination": "RUKGD", "eta": "{'Day': 20, 'Hour': 13, 'Minute': 30, 'Month': 1}", "display": "", "links": "<a href=\"https://www.vesselfinder.com/vessels?name=9577769\" target=\"_blank\" rel=\"noopener\">VesselFinder</a> | <a href=\"https://www.marinetraffic.com/en/ais/search/all?keyword=9577769\" target=\"_blank\" rel=\"noopener\">MarineTraffic</a>", "vf_url": "https://www.vesselfinder.com/vessels?name=9577769", "mst_url": "https://www.marinetraffic.com/en/ais/search/all?keyword=9577769", "method": "v3_2pass_track3d_fromru10d", "ru_seen_in_lookback": true, "in_monitor_on_day": true}}, {"type": "Feature", "geometry": {"type": "Point", "coordinates": [19.900838333333336, 54.925230000000006]}, "properties": {"label": "NAZMI C", "mmsi": "355008000", "imo": "9577769", "name": "NAZMI C", "shiptype": "", "first_seen_utc": "2026-01-12T05:50:27Z", "last_seen_utc": "2026-01-21T00:52:58Z", "destination": "RUKGD", "eta": "{'Day': 20, 'Hour': 13, 'Minute': 30, 'Month': 1}", "display": "NAZMI C (355008000)", "links": "<a href=\"https://www.vesselfinder.com/vessels?name=9577769\" target=\"_blank\" rel=\"noopener\">VesselFinder</a> | <a href=\"https://www.marinetraffic.com/en/ais/search/all?keyword=9577769\" target=\"_blank\" rel=\"noopener\">MarineTraffic</a>", "vf_url": "https://www.vesselfinder.com/vessels?name=9577769", "mst_url": "https://www.marinetraffic.com/en/ais/search/all?keyword=9577769", "method": "v3_2pass_track3d_fromru10d", "ru_seen_in_lookback": true, "in_monitor_on_day": true}}, {"type": "Feature", "geometry": {"type": "LineString", "coordinates": [[18.77705, 54.37607], [18.66576, 54.40849], [18.64396, 54.425826666666666], [18.741581666666665, 54.406013333333334], [18.83185166666667, 54.51179833333333], [18.80219, 54.60323833333334], [18.80118333333333, 54.60224166666667], [18.780323333333335, 54.61365833333333], [18.780334999999997, 54.61365], [18.847761666666667, 54.63545833333333], [18.75381666666667, 54.782355], [18.863746666666668, 54.741785], [18.92786, 54.66534], [18.888075, 54.611806666666666]]}, "properties": {"label": "SG-213", "mmsi": "261351000", "imo": "", "name": "SG-213", "shiptype": "", "first_seen_utc": "2026-01-12T05:55:51Z", "last_seen_utc": "2026-01-21T03:40:22Z", "destination": "GDANSK", "eta": "{'Day': 0, 'Hour': 24, 'Minute': 60, 'Month': 0}", "display": "", "links": "<a href=\"https://www.vesselfinder.com/vessels?name=261351000\" target=\"_blank\" rel=\"noopener\">VesselFinder</a> | <a href=\"https://www.marinetraffic.com/en/ais/search/all?keyword=261351000\" target=\"_blank\" rel=\"noopener\">MarineTraffic</a>", "vf_url": "https://www.vesselfinder.com/vessels?name=261351000", "mst_url": "https://www.marinetraffic.com/en/ais/search/all?keyword=261351000", "method": "v3_2pass_track3d_fromru10d", "ru_seen_in_lookback": true, "in_monitor_on_day": true}}, {"type": "Feature", "geometry": {"type": "Point", "coordinates": [18.888075, 54.611806666666666]}, "properties": {"label": "SG-213", "mmsi": "261351000", "imo": "", "name": "SG-213", "shiptype": "", "first_seen_utc": "2026-01-12T05:55:51Z", "last_seen_utc": "2026-01-21T03:40:22Z", "destination": "GDANSK", "eta": "{'Day': 0, 'Hour': 24, 'Minute': 60, 'Month': 0}", "display": "SG-213 (261351000)", "links": "<a href=\"https://www.vesselfinder.com/vessels?name=261351000\" target=\"_blank\" rel=\"noopener\">VesselFinder</a> | <a href=\"https://www.marinetraffic.com/en/ais/search/all?keyword=261351000\" target=\"_blank\" rel=\"noopener\">MarineTraffic</a>", "vf_url": "https://www.vesselfinder.com/vessels?name=261351000", "mst_url": "https://www.marinetraffic.com/en/ais/search/all?keyword=261351000", "method": "v3_2pass_track3d_fromru10d", "ru_seen_in_lookback": true, "in_monitor_on_day": true}}, {"type": "Feature", "geometry": {"type": "LineString", "coordinates": [[14.948303333333333, 55.55173666666667], [14.668771666666666, 55.462196666666664], [12.189466666666668, 54.45717666666667], [12.000513333333334, 54.43844333333333], [11.843045, 54.44032333333334], [11.684076666666666, 54.45580333333333], [11.529805000000001, 54.49781666666667], [11.38101, 54.540688333333335], [11.232343333333334, 54.58535833333334], [11.071653333333334, 54.59599166666667], [10.923076666666667, 54.62805166666667], [10.783663333333333, 54.67903]]}, "properties": {"label": "GREY WHALE", "mmsi": "314910000", "imo": "9498705", "name": "GREY WHALE", "shiptype": "", "first_seen_utc": "2026-01-12T11:13:02Z", "last_seen_utc": "2026-01-21T03:37:16Z", "destination": "NL AMS", "eta": "{'Day': 23, 'Hour': 17, 'Minute': 5, 'Month': 1}", "display": "", "links": "<a href=\"https://www.vesselfinder.com/vessels?name=9498705\" target=\"_blank\" rel=\"noopener\">VesselFinder</a> | <a href=\"https://www.marinetraffic.com/en/ais/search/all?keyword=9498705\" target=\"_blank\" rel=\"noopener\">MarineTraffic</a>", "vf_url": "https://www.vesselfinder.com/vessels?name=9498705", "mst_url": "https://www.marinetraffic.com/en/ais/search/all?keyword=9498705", "method": "v3_2pass_track3d_fromru10d", "ru_seen_in_lookback": true, "in_monitor_on_day": true}}, {"type": "Feature", "geometry": {"type": "Point", "coordinates": [10.783663333333333, 54.67903]}, "properties": {"label": "GREY WHALE", "mmsi": "314910000", "imo": "9498705", "name": "GREY WHALE", "shiptype": "", "first_seen_utc": "2026-01-12T11:13:02Z", "last_seen_utc": "2026-01-21T03:37:16Z", "destination": "NL AMS", "eta": "{'Day': 23, 'Hour': 17, 'Minute': 5, 'Month': 1}", "display": "GREY WHALE (314910000)", "links": "<a href=\"https://www.vesselfinder.com/vessels?name=9498705\" target=\"_blank\" rel=\"noopener\">VesselFinder</a> | <a href=\"https://www.marinetraffic.com/en/ais/search/all?keyword=9498705\" target=\"_blank\" rel=\"noopener\">MarineTraffic</a>", "vf_url": "https://www.vesselfinder.com/vessels?name=9498705", "mst_url": "https://www.marinetraffic.com/en/ais/search/all?keyword=9498705", "method": "v3_2pass_track3d_fromru10d", "ru_seen_in_lookback": true, "in_monitor_on_day": true}}, {"type": "Feature", "geometry": {"type": "LineString", "coordinates": [[11.941723333333334, 54.442886666666666], [11.745585, 54.447943333333335], [11.558728333333333, 54.491838333333334], [11.378323333333332, 54.54058], [11.189105000000001, 54.59357833333333], [10.995343333333333, 54.60436166666667], [10.815116666666666, 54.681745], [10.827488333333333, 54.791621666666664], [10.858233333333335, 54.89752333333333], [10.924966666666668, 54.95865833333333]]}, "properties": {"label": "AGIOS NIKOLAOS IV", "mmsi": "248480000", "imo": "9464364", "name": "AGIOS NIKOLAOS IV", "shiptype": "", "first_seen_utc": "2026-01-12T11:33:19Z", "last_seen_utc": "2026-01-21T03:29:13Z", "destination": "ALANYA TURKEY", "eta": "{'Day': 3, 'Hour': 16, 'Minute': 0, 'Month': 2}", "display": "", "links": "<a href=\"https://www.vesselfinder.com/vessels?name=9464364\" target=\"_blank\" rel=\"noopener\">VesselFinder</a> | <a href=\"https://www.marinetraffic.com/en/ais/search/all?keyword=9464364\" target=\"_blank\" rel=\"noopener\">MarineTraffic</a>", "vf_url": "https://www.vesselfinder.com/vessels?name=9464364", "mst_url": "https://www.marinetraffic.com/en/ais/search/all?keyword=9464364", "method": "v3_2pass_track3d_fromru10d", "ru_seen_in_lookback": true, "in_monitor_on_day": true}}, {"type": "Feature", "geometry": {"type": "Point", "coordinates": [10.924966666666668, 54.95865833333333]}, "properties": {"label": "AGIOS NIKOLAOS IV", "mmsi": "248480000", "imo": "9464364", "name": "AGIOS NIKOLAOS IV", "shiptype": "", "first_seen_utc": "2026-01-12T11:33:19Z", "last_seen_utc": "2026-01-21T03:29:13Z", "destination": "ALANYA TURKEY", "eta": "{'Day': 3, 'Hour': 16, 'Minute': 0, 'Month': 2}", "display": "AGIOS NIKOLAOS IV (248480000)", "links": "<a href=\"https://www.vesselfinder.com/vessels?name=9464364\" target=\"_blank\" rel=\"noopener\">VesselFinder</a> | <a href=\"https://www.marinetraffic.com/en/ais/search/all?keyword=9464364\" target=\"_blank\" rel=\"noopener\">MarineTraffic</a>", "vf_url": "https://www.vesselfinder.com/vessels?name=9464364", "mst_url": "https://www.marinetraffic.com/en/ais/search/all?keyword=9464364", "method": "v3_2pass_track3d_fromru10d", "ru_seen_in_lookback": true, "in_monitor_on_day": true}}, {"type": "Feature", "geometry": {"type": "LineString", "coordinates": [[16.679286666666666, 55.861405], [16.091815, 55.747766666666664], [15.9126, 55.72141166666667], [15.522021666666665, 55.6689], [15.354221666666666, 55.63948833333333], [15.194045, 55.60384], [15.030951666666665, 55.563185]]}, "properties": {"label": "DEVBULK DEMET", "mmsi": "538006903", "imo": "9625592", "name": "DEVBULK DEMET", "shiptype": "", "first_seen_utc": "2026-01-12T12:17:58Z", "last_seen_utc": "2026-01-21T03:51:04Z", "destination": "IDGRE", "eta": "{'Day': 7, 'Hour': 2, 'Minute': 0, 'Month': 3}", "display": "", "links": "<a href=\"https://www.vesselfinder.com/vessels?name=9625592\" target=\"_blank\" rel=\"noopener\">VesselFinder</a> | <a href=\"https://www.marinetraffic.com/en/ais/search/all?keyword=9625592\" target=\"_blank\" rel=\"noopener\">MarineTraffic</a>", "vf_url": "https://www.vesselfinder.com/vessels?name=9625592", "mst_url": "https://www.marinetraffic.com/en/ais/search/all?keyword=9625592", "method": "v3_2pass_track3d_fromru10d", "ru_seen_in_lookback": true, "in_monitor_on_day": true}}, {"type": "Feature", "geometry": {"type": "Point", "coordinates": [15.030951666666665, 55.563185]}, "properties": {"label": "DEVBULK DEMET", "mmsi": "538006903", "imo": "9625592", "name": "DEVBULK DEMET", "shiptype": "", "first_seen_utc": "2026-01-12T12:17:58Z", "last_seen_utc": "2026-01-21T03:51:04Z", "destination": "IDGRE", "eta": "{'Day': 7, 'Hour': 2, 'Minute': 0, 'Month': 3}", "display": "DEVBULK DEMET (538006903)", "links": "<a href=\"https://www.vesselfinder.com/vessels?name=9625592\" target=\"_blank\" rel=\"noopener\">VesselFinder</a> | <a href=\"https://www.marinetraffic.com/en/ais/search/all?keyword=9625592\" target=\"_blank\" rel=\"noopener\">MarineTraffic</a>", "vf_url": "https://www.vesselfinder.com/vessels?name=9625592", "mst_url": "https://www.marinetraffic.com/en/ais/search/all?keyword=9625592", "method": "v3_2pass_track3d_fromru10d", "ru_seen_in_lookback": true, "in_monitor_on_day": true}}, {"type": "Feature", "geometry": {"type": "LineString", "coordinates": [[12.432005, 54.678595], [12.272146666666666, 54.61772833333334], [12.224143333333334, 54.54149833333334], [12.166443333333332, 54.46549666666667], [12.052153333333333, 54.443083333333334], [11.93559, 54.437644999999996], [11.791206666666666, 54.43319833333333], [11.651456666666666, 54.468801666666664], [11.515446666666666, 54.50593666666667], [11.393646666666665, 54.53910166666667], [11.297866666666666, 54.564915], [11.196733333333333, 54.59263], [11.098815, 54.60237333333334], [11.00123, 54.603053333333335], [10.916841666666667, 54.63114333333333], [10.793423333333333, 54.67133333333334], [10.793458333333332, 54.753121666666665], [10.876448333333334, 54.86210666666667], [10.974178333333333, 54.95957666666666], [11.038588333333333, 55.066685], [11.074626666666667, 55.18133], [10.830433333333334, 55.576856666666664], [10.792226666666666, 55.69291333333333], [10.819286666666667, 55.80408666666666], [10.923555, 55.895361666666666], [11.195413333333333, 56.12277166666667]]}, "properties": {"label": "BAO HE HAI", "mmsi": "352005671", "imo": "9347047", "name": "BAO HE HAI", "shiptype": "", "first_seen_utc": "2026-01-12T12:57:05Z", "last_seen_utc": "2026-01-21T00:45:37Z", "destination": "MZ MPM", "eta": "{'Day': 18, 'Hour': 12, 'Minute': 0, 'Month': 2}", "display": "", "links": "<a href=\"https://www.vesselfinder.com/vessels?name=9347047\" target=\"_blank\" rel=\"noopener\">VesselFinder</a> | <a href=\"https://www.marinetraffic.com/en/ais/search/all?keyword=9347047\" target=\"_blank\" rel=\"noopener\">MarineTraffic</a>", "vf_url": "https://www.vesselfinder.com/vessels?name=9347047", "mst_url": "https://www.marinetraffic.com/en/ais/search/all?keyword=9347047", "method": "v3_2pass_track3d_fromru10d", "ru_seen_in_lookback": true, "in_monitor_on_day": true}}, {"type": "Feature", "geometry": {"type": "Point", "coordinates": [11.195413333333333, 56.12277166666667]}, "properties": {"label": "BAO HE HAI", "mmsi": "352005671", "imo": "9347047", "name": "BAO HE HAI", "shiptype": "", "first_seen_utc": "2026-01-12T12:57:05Z", "last_seen_utc": "2026-01-21T00:45:37Z", "destination": "MZ MPM", "eta": "{'Day': 18, 'Hour': 12, 'Minute': 0, 'Month': 2}", "display": "BAO HE HAI (352005671)", "links": "<a href=\"https://www.vesselfinder.com/vessels?name=9347047\" target=\"_blank\" rel=\"noopener\">VesselFinder</a> | <a href=\"https://www.marinetraffic.com/en/ais/search/all?keyword=9347047\" target=\"_blank\" rel=\"noopener\">MarineTraffic</a>", "vf_url": "https://www.vesselfinder.com/vessels?name=9347047", "mst_url": "https://www.marinetraffic.com/en/ais/search/all?keyword=9347047", "method": "v3_2pass_track3d_fromru10d", "ru_seen_in_lookback": true, "in_monitor_on_day": true}}, {"type": "Feature", "geometry": {"type": "LineString", "coordinates": [[4.37718, 51.887190000000004], [4.377205, 51.887206666666664], [4.377176666666667, 51.88721666666667], [4.3771933333333335, 51.887190000000004], [4.3771466666666665, 51.887206666666664], [4.377225, 51.88715], [4.377106666666666, 51.887190000000004], [4.377143333333334, 51.88718333333334], [4.377158333333333, 51.88721666666667], [4.377173333333333, 51.88724666666667], [4.37535, 51.88730333333333], [4.326131666666667, 51.87999666666666], [4.44446, 51.83279666666667], [4.569616666666667, 51.810653333333335], [4.628380000000001, 51.75577], [4.5831550000000005, 51.695116666666664], [4.572046666666666, 51.69043], [4.572058333333334, 51.69042], [4.572011666666667, 51.69041333333333], [4.569631666666667, 51.69372666666666], [4.562643333333333, 51.69206666666666], [4.562646666666667, 51.692096666666664]]}, "properties": {"label": "NORDIC SUND", "mmsi": "258714000", "imo": "9375977", "name": "NORDIC SUND", "shiptype": "", "first_seen_utc": "2026-01-12T13:07:42Z", "last_seen_utc": "2026-01-21T02:46:00Z", "destination": "NL RTM => NL MOE", "eta": "{'Day': 20, 'Hour': 18, 'Minute': 0, 'Month': 1}", "display": "", "links": "<a href=\"https://www.vesselfinder.com/vessels?name=9375977\" target=\"_blank\" rel=\"noopener\">VesselFinder</a> | <a href=\"https://www.marinetraffic.com/en/ais/search/all?keyword=9375977\" target=\"_blank\" rel=\"noopener\">MarineTraffic</a>", "vf_url": "https://www.vesselfinder.com/vessels?name=9375977", "mst_url": "https://www.marinetraffic.com/en/ais/search/all?keyword=9375977", "method": "v3_2pass_track3d_fromru10d", "ru_seen_in_lookback": true, "in_monitor_on_day": true}}, {"type": "Feature", "geometry": {"type": "Point", "coordinates": [4.562646666666667, 51.692096666666664]}, "properties": {"label": "NORDIC SUND", "mmsi": "258714000", "imo": "9375977", "name": "NORDIC SUND", "shiptype": "", "first_seen_utc": "2026-01-12T13:07:42Z", "last_seen_utc": "2026-01-21T02:46:00Z", "destination": "NL RTM => NL MOE", "eta": "{'Day': 20, 'Hour': 18, 'Minute': 0, 'Month': 1}", "display": "NORDIC SUND (258714000)", "links": "<a href=\"https://www.vesselfinder.com/vessels?name=9375977\" target=\"_blank\" rel=\"noopener\">VesselFinder</a> | <a href=\"https://www.marinetraffic.com/en/ais/search/all?keyword=9375977\" target=\"_blank\" rel=\"noopener\">MarineTraffic</a>", "vf_url": "https://www.vesselfinder.com/vessels?name=9375977", "mst_url": "https://www.marinetraffic.com/en/ais/search/all?keyword=9375977", "method": "v3_2pass_track3d_fromru10d", "ru_seen_in_lookback": true, "in_monitor_on_day": true}}, {"type": "Feature", "geometry": {"type": "LineString", "coordinates": [[15.840998333333333, 55.71926166666666], [15.667878333333334, 55.69618333333334], [15.259731666666665, 55.635371666666664], [15.090826666666667, 55.59112833333334], [14.940223333333334, 55.546254999999995], [14.785178333333333, 55.499538333333334], [14.617475, 55.44931833333333], [14.488376666666666, 55.368555], [14.389396666666666, 55.29839833333333], [14.298668333333334, 55.24102166666667], [14.164511666666668, 55.16896666666666], [14.097561666666667, 55.10901666666667], [14.007606666666668, 55.05737666666666], [13.239741666666667, 54.90044], [13.11622, 54.875945], [12.994243333333333, 54.84697166666667], [12.844066666666667, 54.81114], [12.653071666666667, 54.75320333333333], [12.598221666666666, 54.732115], [12.545151666666667, 54.70731], [12.488736666666666, 54.68375833333334], [12.441338333333334, 54.665], [12.388499999999999, 54.64344666666667], [12.339580000000002, 54.62504333333333], [12.279928333333334, 54.61542166666666]]}, "properties": {"label": "AQUADISIAC", "mmsi": "636017845", "imo": "9396713", "name": "AQUADISIAC", "shiptype": "", "first_seen_utc": "2026-01-12T14:55:48Z", "last_seen_utc": "2026-01-21T03:35:06Z", "destination": "DK SKA", "eta": "{'Day': 21, 'Hour': 18, 'Minute': 0, 'Month': 1}", "display": "", "links": "<a href=\"https://www.vesselfinder.com/vessels?name=9396713\" target=\"_blank\" rel=\"noopener\">VesselFinder</a> | <a href=\"https://www.marinetraffic.com/en/ais/search/all?keyword=9396713\" target=\"_blank\" rel=\"noopener\">MarineTraffic</a>", "vf_url": "https://www.vesselfinder.com/vessels?name=9396713", "mst_url": "https://www.marinetraffic.com/en/ais/search/all?keyword=9396713", "method": "v3_2pass_track3d_fromru10d", "ru_seen_in_lookback": true, "in_monitor_on_day": true}}, {"type": "Feature", "geometry": {"type": "Point", "coordinates": [12.279928333333334, 54.61542166666666]}, "properties": {"label": "AQUADISIAC", "mmsi": "636017845", "imo": "9396713", "name": "AQUADISIAC", "shiptype": "", "first_seen_utc": "2026-01-12T14:55:48Z", "last_seen_utc": "2026-01-21T03:35:06Z", "destination": "DK SKA", "eta": "{'Day': 21, 'Hour': 18, 'Minute': 0, 'Month': 1}", "display": "AQUADISIAC (636017845)", "links": "<a href=\"https://www.vesselfinder.com/vessels?name=9396713\" target=\"_blank\" rel=\"noopener\">VesselFinder</a> | <a href=\"https://www.marinetraffic.com/en/ais/search/all?keyword=9396713\" target=\"_blank\" rel=\"noopener\">MarineTraffic</a>", "vf_url": "https://www.vesselfinder.com/vessels?name=9396713", "mst_url": "https://www.marinetraffic.com/en/ais/search/all?keyword=9396713", "method": "v3_2pass_track3d_fromru10d", "ru_seen_in_lookback": true, "in_monitor_on_day": true}}, {"type": "Feature", "geometry": {"type": "LineString", "coordinates": [[18.296045, 56.19667666666667], [15.473835000000001, 55.63921333333334], [15.278934999999999, 55.61441666666666], [15.091193333333333, 55.57075833333333], [14.898558333333334, 55.52106333333334], [14.728893333333334, 55.471755], [14.566235, 55.41102333333333], [14.439771666666667, 55.328113333333334], [14.305755, 55.23989666666667], [14.087586666666665, 55.08199666666667], [13.828983333333333, 55.03014333333333], [13.438388333333334, 54.94949166666667], [13.263656666666666, 54.91151833333333], [13.047886666666667, 54.86803], [12.88718, 54.82089833333334], [12.795553333333334, 54.79152166666667], [12.613845, 54.728568333333335]]}, "properties": {"label": "CHRYSTAL ARCTIC", "mmsi": "538010487", "imo": "9332640", "name": "CHRYSTAL ARCTIC", "shiptype": "", "first_seen_utc": "2026-01-12T15:06:26Z", "last_seen_utc": "2026-01-21T02:59:38Z", "destination": "TRCKZ", "eta": "{'Day': 3, 'Hour': 3, 'Minute': 0, 'Month': 2}", "display": "", "links": "<a href=\"https://www.vesselfinder.com/vessels?name=9332640\" target=\"_blank\" rel=\"noopener\">VesselFinder</a> | <a href=\"https://www.marinetraffic.com/en/ais/search/all?keyword=9332640\" target=\"_blank\" rel=\"noopener\">MarineTraffic</a>", "vf_url": "https://www.vesselfinder.com/vessels?name=9332640", "mst_url": "https://www.marinetraffic.com/en/ais/search/all?keyword=9332640", "method": "v3_2pass_track3d_fromru10d", "ru_seen_in_lookback": true, "in_monitor_on_day": true}}, {"type": "Feature", "geometry": {"type": "Point", "coordinates": [12.613845, 54.728568333333335]}, "properties": {"label": "CHRYSTAL ARCTIC", "mmsi": "538010487", "imo": "9332640", "name": "CHRYSTAL ARCTIC", "shiptype": "", "first_seen_utc": "2026-01-12T15:06:26Z", "last_seen_utc": "2026-01-21T02:59:38Z", "destination": "TRCKZ", "eta": "{'Day': 3, 'Hour': 3, 'Minute': 0, 'Month': 2}", "display": "CHRYSTAL ARCTIC (538010487)", "links": "<a href=\"https://www.vesselfinder.com/vessels?name=9332640\" target=\"_blank\" rel=\"noopener\">VesselFinder</a> | <a href=\"https://www.marinetraffic.com/en/ais/search/all?keyword=9332640\" target=\"_blank\" rel=\"noopener\">MarineTraffic</a>", "vf_url": "https://www.vesselfinder.com/vessels?name=9332640", "mst_url": "https://www.marinetraffic.com/en/ais/search/all?keyword=9332640", "method": "v3_2pass_track3d_fromru10d", "ru_seen_in_lookback": true, "in_monitor_on_day": true}}, {"type": "Feature", "geometry": {"type": "LineString", "coordinates": [[18.716283333333333, 54.40213333333334], [18.716326666666664, 54.402135], [18.71626666666667, 54.402166666666666], [18.716285000000003, 54.402135], [18.716303333333332, 54.402166666666666], [18.716348333333332, 54.402145000000004], [18.716405, 54.402143333333335], [18.716420000000003, 54.40217333333333], [18.716396666666665, 54.40217500000001], [18.716435, 54.402163333333334], [18.716369999999998, 54.402211666666666], [18.716366666666666, 54.402186666666665], [18.716343333333334, 54.40217500000001], [18.716353333333334, 54.402163333333334], [18.716388333333335, 54.40208666666667], [18.716348333333332, 54.40213166666667], [18.716396666666665, 54.40215], [18.716356666666666, 54.402161666666665], [18.716315, 54.402148333333336], [18.716330000000003, 54.402155], [18.71634, 54.40213666666667], [18.716295, 54.402096666666665], [18.716295, 54.402073333333334], [18.716326666666664, 54.40209], [18.716328333333333, 54.40211166666666], [18.716413333333332, 54.40214666666667], [18.716365, 54.40212833333333], [18.716408333333334, 54.40212], [18.716301666666666, 54.40211], [18.71635, 54.402065], [18.716296666666665, 54.402163333333334], [18.716401666666666, 54.402100000000004], [18.716348333333332, 54.40213666666667], [18.716336666666667, 54.402074999999996], [18.716295, 54.402118333333334], [18.71637666666667, 54.40213833333333], [18.716345, 54.40213333333334], [18.716373333333333, 54.40210166666667], [18.71623333333333, 54.40221666666666]]}, "properties": {"label": "RUBIKON 202", "mmsi": "255806519", "imo": "9344423", "name": "RUBIKON 202", "shiptype": "", "first_seen_utc": "2026-01-12T15:29:07Z", "last_seen_utc": "2026-01-21T03:51:03Z", "destination": "FI SKV", "eta": "{'Day': 23, 'Hour': 12, 'Minute': 9, 'Month': 1}", "display": "", "links": "<a href=\"https://www.vesselfinder.com/vessels?name=9344423\" target=\"_blank\" rel=\"noopener\">VesselFinder</a> | <a href=\"https://www.marinetraffic.com/en/ais/search/all?keyword=9344423\" target=\"_blank\" rel=\"noopener\">MarineTraffic</a>", "vf_url": "https://www.vesselfinder.com/vessels?name=9344423", "mst_url": "https://www.marinetraffic.com/en/ais/search/all?keyword=9344423", "method": "v3_2pass_track3d_fromru10d", "ru_seen_in_lookback": true, "in_monitor_on_day": true}}, {"type": "Feature", "geometry": {"type": "Point", "coordinates": [18.71623333333333, 54.40221666666666]}, "properties": {"label": "RUBIKON 202", "mmsi": "255806519", "imo": "9344423", "name": "RUBIKON 202", "shiptype": "", "first_seen_utc": "2026-01-12T15:29:07Z", "last_seen_utc": "2026-01-21T03:51:03Z", "destination": "FI SKV", "eta": "{'Day': 23, 'Hour': 12, 'Minute': 9, 'Month': 1}", "display": "RUBIKON 202 (255806519)", "links": "<a href=\"https://www.vesselfinder.com/vessels?name=9344423\" target=\"_blank\" rel=\"noopener\">VesselFinder</a> | <a href=\"https://www.marinetraffic.com/en/ais/search/all?keyword=9344423\" target=\"_blank\" rel=\"noopener\">MarineTraffic</a>", "vf_url": "https://www.vesselfinder.com/vessels?name=9344423", "mst_url": "https://www.marinetraffic.com/en/ais/search/all?keyword=9344423", "method": "v3_2pass_track3d_fromru10d", "ru_seen_in_lookback": true, "in_monitor_on_day": true}}, {"type": "Feature", "geometry": {"type": "LineString", "coordinates": [[15.40012, 55.65333], [15.236256666666666, 55.62537333333333], [15.08201, 55.58734166666667], [14.929953333333334, 55.54365333333333], [14.733943333333334, 55.485906666666665], [14.566685, 55.419756666666665], [14.471906666666666, 55.34090666666667], [14.356393333333333, 55.26508666666667], [13.039948333333333, 54.859413333333336], [12.865556666666667, 54.81576], [12.778786666666667, 54.79191333333333], [12.64523, 54.747706666666666], [12.560143333333334, 54.713096666666665], [12.496471666666668, 54.68718166666667], [12.445285, 54.666306666666664], [12.383696666666667, 54.65152833333333], [12.331056666666665, 54.63712833333333], [12.299805, 54.62636], [12.276728333333333, 54.615786666666665], [12.253298333333333, 54.58058666666667], [12.207835, 54.49619333333333], [12.091005, 54.44584833333333], [11.922406666666665, 54.44723666666666], [11.751341666666667, 54.456365], [11.587205, 54.49106], [11.428033333333333, 54.53133833333333], [11.26917, 54.57544666666667]]}, "properties": {"label": "AURORA", "mmsi": "668116291", "imo": "9258351", "name": "AURORA", "shiptype": "", "first_seen_utc": "2026-01-12T17:01:50Z", "last_seen_utc": "2026-01-21T03:52:29Z", "destination": "EGYPT", "eta": "{'Day': 31, 'Hour': 23, 'Minute': 0, 'Month': 1}", "display": "", "links": "<a href=\"https://www.vesselfinder.com/vessels?name=9258351\" target=\"_blank\" rel=\"noopener\">VesselFinder</a> | <a href=\"https://www.marinetraffic.com/en/ais/search/all?keyword=9258351\" target=\"_blank\" rel=\"noopener\">MarineTraffic</a>", "vf_url": "https://www.vesselfinder.com/vessels?name=9258351", "mst_url": "https://www.marinetraffic.com/en/ais/search/all?keyword=9258351", "method": "v3_2pass_track3d_fromru10d", "ru_seen_in_lookback": true, "in_monitor_on_day": true}}, {"type": "Feature", "geometry": {"type": "Point", "coordinates": [11.26917, 54.57544666666667]}, "properties": {"label": "AURORA", "mmsi": "668116291", "imo": "9258351", "name": "AURORA", "shiptype": "", "first_seen_utc": "2026-01-12T17:01:50Z", "last_seen_utc": "2026-01-21T03:52:29Z", "destination": "EGYPT", "eta": "{'Day': 31, 'Hour': 23, 'Minute': 0, 'Month': 1}", "display": "AURORA (668116291)", "links": "<a href=\"https://www.vesselfinder.com/vessels?name=9258351\" target=\"_blank\" rel=\"noopener\">VesselFinder</a> | <a href=\"https://www.marinetraffic.com/en/ais/search/all?keyword=9258351\" target=\"_blank\" rel=\"noopener\">MarineTraffic</a>", "vf_url": "https://www.vesselfinder.com/vessels?name=9258351", "mst_url": "https://www.marinetraffic.com/en/ais/search/all?keyword=9258351", "method": "v3_2pass_track3d_fromru10d", "ru_seen_in_lookback": true, "in_monitor_on_day": true}}, {"type": "Feature", "geometry": {"type": "LineString", "coordinates": [[16.856871666666667, 56.19697833333333], [16.696413333333332, 56.12019166666666], [16.498985, 56.04649], [16.177713333333333, 55.95038], [16.004913333333334, 55.90007333333333], [15.804221666666667, 55.835118333333334]]}, "properties": {"label": "KANO REEFER", "mmsi": "354929000", "imo": "9194957", "name": "KANO REEFER", "shiptype": "", "first_seen_utc": "2026-01-12T18:33:08Z", "last_seen_utc": "2026-01-21T03:36:44Z", "destination": "PA CTB", "eta": "{'Day': 12, 'Hour': 11, 'Minute': 0, 'Month': 1}", "display": "", "links": "<a href=\"https://www.vesselfinder.com/vessels?name=9194957\" target=\"_blank\" rel=\"noopener\">VesselFinder</a> | <a href=\"https://www.marinetraffic.com/en/ais/search/all?keyword=9194957\" target=\"_blank\" rel=\"noopener\">MarineTraffic</a>", "vf_url": "https://www.vesselfinder.com/vessels?name=9194957", "mst_url": "https://www.marinetraffic.com/en/ais/search/all?keyword=9194957", "method": "v3_2pass_track3d_fromru10d", "ru_seen_in_lookback": true, "in_monitor_on_day": true}}, {"type": "Feature", "geometry": {"type": "Point", "coordinates": [15.804221666666667, 55.835118333333334]}, "properties": {"label": "KANO REEFER", "mmsi": "354929000", "imo": "9194957", "name": "KANO REEFER", "shiptype": "", "first_seen_utc": "2026-01-12T18:33:08Z", "last_seen_utc": "2026-01-21T03:36:44Z", "destination": "PA CTB", "eta": "{'Day': 12, 'Hour': 11, 'Minute': 0, 'Month': 1}", "display": "KANO REEFER (354929000)", "links": "<a href=\"https://www.vesselfinder.com/vessels?name=9194957\" target=\"_blank\" rel=\"noopener\">VesselFinder</a> | <a href=\"https://www.marinetraffic.com/en/ais/search/all?keyword=9194957\" target=\"_blank\" rel=\"noopener\">MarineTraffic</a>", "vf_url": "https://www.vesselfinder.com/vessels?name=9194957", "mst_url": "https://www.marinetraffic.com/en/ais/search/all?keyword=9194957", "method": "v3_2pass_track3d_fromru10d", "ru_seen_in_lookback": true, "in_monitor_on_day": true}}, {"type": "Feature", "geometry": {"type": "LineString", "coordinates": [[14.10833, 55.11009333333333], [13.96496, 55.058211666666665], [13.79135, 55.01923333333333], [12.590515, 54.726353333333336], [12.305518333333334, 54.614929999999994], [12.226049999999999, 54.528958333333335], [12.149838333333333, 54.44367333333333], [11.97374, 54.427508333333336], [11.793008333333335, 54.426898333333334], [11.627645, 54.467528333333334], [11.463666666666667, 54.51519666666666], [11.300728333333332, 54.56378333333334], [11.126778333333334, 54.599365], [10.957083333333333, 54.61423833333333], [10.799623333333333, 54.66981666666666], [10.804171666666667, 54.76583666666667], [10.839441666666666, 54.874175], [10.935171666666667, 54.95839333333333], [11.003496666666667, 55.051680000000005], [11.00331, 55.15689333333333], [11.043138333333333, 55.31195833333334], [10.862543333333333, 55.539345000000004], [10.794543333333333, 55.62878166666667], [10.803333333333335, 55.72988833333333], [10.826671666666666, 55.824325], [10.93232, 55.901655], [11.152803333333333, 56.104701666666664], [11.304640000000001, 56.195328333333336]]}, "properties": {"label": "SOHAR", "mmsi": "636093236", "imo": "9771030", "name": "SOHAR", "shiptype": "", "first_seen_utc": "2026-01-12T19:10:02Z", "last_seen_utc": "2026-01-21T03:20:41Z", "destination": "MXATM", "eta": "{'Day': 10, 'Hour': 16, 'Minute': 0, 'Month': 2}", "display": "", "links": "<a href=\"https://www.vesselfinder.com/vessels?name=9771030\" target=\"_blank\" rel=\"noopener\">VesselFinder</a> | <a href=\"https://www.marinetraffic.com/en/ais/search/all?keyword=9771030\" target=\"_blank\" rel=\"noopener\">MarineTraffic</a>", "vf_url": "https://www.vesselfinder.com/vessels?name=9771030", "mst_url": "https://www.marinetraffic.com/en/ais/search/all?keyword=9771030", "method": "v3_2pass_track3d_fromru10d", "ru_seen_in_lookback": true, "in_monitor_on_day": true}}, {"type": "Feature", "geometry": {"type": "Point", "coordinates": [11.304640000000001, 56.195328333333336]}, "properties": {"label": "SOHAR", "mmsi": "636093236", "imo": "9771030", "name": "SOHAR", "shiptype": "", "first_seen_utc": "2026-01-12T19:10:02Z", "last_seen_utc": "2026-01-21T03:20:41Z", "destination": "MXATM", "eta": "{'Day': 10, 'Hour': 16, 'Minute': 0, 'Month': 2}", "display": "SOHAR (636093236)", "links": "<a href=\"https://www.vesselfinder.com/vessels?name=9771030\" target=\"_blank\" rel=\"noopener\">VesselFinder</a> | <a href=\"https://www.marinetraffic.com/en/ais/search/all?keyword=9771030\" target=\"_blank\" rel=\"noopener\">MarineTraffic</a>", "vf_url": "https://www.vesselfinder.com/vessels?name=9771030", "mst_url": "https://www.marinetraffic.com/en/ais/search/all?keyword=9771030", "method": "v3_2pass_track3d_fromru10d", "ru_seen_in_lookback": true, "in_monitor_on_day": true}}, {"type": "Feature", "geometry": {"type": "LineString", "coordinates": [[5.000026666666667, 54.17524], [4.90816, 54.02515833333334], [4.806491666666667, 53.87216333333333], [4.707131666666667, 53.72045], [4.613613333333333, 53.56175833333334], [4.5312383333333335, 53.402968333333334], [4.451585, 53.246091666666665], [4.278768333333333, 53.128373333333336], [4.072338333333334, 53.02933666666667], [3.894685, 52.92038166666667], [3.728936666666667, 52.806115], [3.56645, 52.68669333333333], [3.4357866666666665, 52.56541], [3.42351, 52.40857833333334], [3.3467100000000003, 52.170741666666665], [3.3329483333333334, 52.021811666666665], [3.2899483333333333, 51.887325000000004], [3.2633883333333333, 51.804163333333335], [3.2006366666666666, 51.719116666666665], [3.1573800000000003, 51.58453833333333], [3.0154916666666667, 51.469815000000004], [3.0816700000000004, 51.40303166666667], [3.2843, 51.40758], [3.50226, 51.41835833333334], [3.643525, 51.439060000000005], [3.7777866666666666, 51.35642333333333], [3.9533600000000004, 51.39196166666667], [4.037586666666667, 51.38649833333333], [4.199846666666667, 51.39735666666666], [4.2717833333333335, 51.32751833333334], [4.271795, 51.301943333333334], [4.25475, 51.28883666666666]]}, "properties": {"label": "MSC TAYLOR", "mmsi": "636022447", "imo": "9932048", "name": "MSC TAYLOR", "shiptype": "", "first_seen_utc": "2026-01-12T22:16:33Z", "last_seen_utc": "2026-01-21T03:27:58Z", "destination": "ANTWERP", "eta": "{'Day': 20, 'Hour': 21, 'Minute': 0, 'Month': 1}", "display": "", "links": "<a href=\"https://www.vesselfinder.com/vessels?name=9932048\" target=\"_blank\" rel=\"noopener\">VesselFinder</a> | <a href=\"https://www.marinetraffic.com/en/ais/search/all?keyword=9932048\" target=\"_blank\" rel=\"noopener\">MarineTraffic</a>", "vf_url": "https://www.vesselfinder.com/vessels?name=9932048", "mst_url": "https://www.marinetraffic.com/en/ais/search/all?keyword=9932048", "method": "v3_2pass_track3d_fromru10d", "ru_seen_in_lookback": true, "in_monitor_on_day": true}}, {"type": "Feature", "geometry": {"type": "Point", "coordinates": [4.25475, 51.28883666666666]}, "properties": {"label": "MSC TAYLOR", "mmsi": "636022447", "imo": "9932048", "name": "MSC TAYLOR", "shiptype": "", "first_seen_utc": "2026-01-12T22:16:33Z", "last_seen_utc": "2026-01-21T03:27:58Z", "destination": "ANTWERP", "eta": "{'Day': 20, 'Hour': 21, 'Minute': 0, 'Month': 1}", "display": "MSC TAYLOR (636022447)", "links": "<a href=\"https://www.vesselfinder.com/vessels?name=9932048\" target=\"_blank\" rel=\"noopener\">VesselFinder</a> | <a href=\"https://www.marinetraffic.com/en/ais/search/all?keyword=9932048\" target=\"_blank\" rel=\"noopener\">MarineTraffic</a>", "vf_url": "https://www.vesselfinder.com/vessels?name=9932048", "mst_url": "https://www.marinetraffic.com/en/ais/search/all?keyword=9932048", "method": "v3_2pass_track3d_fromru10d", "ru_seen_in_lookback": true, "in_monitor_on_day": true}}, {"type": "Feature", "geometry": {"type": "LineString", "coordinates": [[8.49626, 53.404041666666664], [8.508151666666667, 53.49623999999999], [8.577523333333334, 53.53480666666667], [8.577961666666665, 53.532270000000004], [8.581701666666667, 53.514205], [8.581718333333333, 53.514195], [8.581711666666667, 53.51419666666666], [8.581686666666666, 53.51419666666666], [8.581674999999999, 53.514175], [8.581718333333333, 53.514165000000006], [8.581761666666667, 53.514195], [8.581718333333333, 53.514201666666665], [8.581716666666667, 53.514206666666674], [8.581715, 53.514195], [8.581723333333334, 53.514208333333336], [8.581713333333333, 53.514199999999995], [8.581718333333333, 53.51421166666667], [8.581681666666666, 53.514208333333336], [8.581708333333333, 53.514195], [8.581711666666667, 53.51419666666666], [8.581700000000001, 53.51417666666667], [8.581713333333333, 53.514199999999995], [8.581725, 53.51415833333333], [8.581715, 53.514178333333334], [8.581693333333334, 53.514178333333334], [8.581686666666666, 53.51418], [8.581715, 53.51419], [8.581728333333333, 53.514195], [8.581705, 53.51419333333333], [8.581706666666665, 53.51419833333333], [8.581708333333333, 53.51418833333333], [8.581718333333333, 53.51417166666667], [8.581711666666667, 53.51417], [8.581731666666666, 53.51419166666667], [8.581713333333333, 53.514181666666666], [8.581693333333334, 53.51420333333333], [8.58171, 53.514201666666665], [8.581715, 53.51419666666666], [8.581703333333333, 53.51418666666667]]}, "properties": {"label": "RUBYN", "mmsi": "341852000", "imo": "8511885", "name": "RUBYN", "shiptype": "", "first_seen_utc": "2026-01-13T00:37:32Z", "last_seen_utc": "2026-01-21T03:38:18Z", "destination": "BRAKE", "eta": "{'Day': 18, 'Hour': 17, 'Minute': 0, 'Month': 1}", "display": "", "links": "<a href=\"https://www.vesselfinder.com/vessels?name=8511885\" target=\"_blank\" rel=\"noopener\">VesselFinder</a> | <a href=\"https://www.marinetraffic.com/en/ais/search/all?keyword=8511885\" target=\"_blank\" rel=\"noopener\">MarineTraffic</a>", "vf_url": "https://www.vesselfinder.com/vessels?name=8511885", "mst_url": "https://www.marinetraffic.com/en/ais/search/all?keyword=8511885", "method": "v3_2pass_track3d_fromru10d", "ru_seen_in_lookback": true, "in_monitor_on_day": true}}, {"type": "Feature", "geometry": {"type": "Point", "coordinates": [8.581703333333333, 53.51418666666667]}, "properties": {"label": "RUBYN", "mmsi": "341852000", "imo": "8511885", "name": "RUBYN", "shiptype": "", "first_seen_utc": "2026-01-13T00:37:32Z", "last_seen_utc": "2026-01-21T03:38:18Z", "destination": "BRAKE", "eta": "{'Day': 18, 'Hour': 17, 'Minute': 0, 'Month': 1}", "display": "RUBYN (341852000)", "links": "<a href=\"https://www.vesselfinder.com/vessels?name=8511885\" target=\"_blank\" rel=\"noopener\">VesselFinder</a> | <a href=\"https://www.marinetraffic.com/en/ais/search/all?keyword=8511885\" target=\"_blank\" rel=\"noopener\">MarineTraffic</a>", "vf_url": "https://www.vesselfinder.com/vessels?name=8511885", "mst_url": "https://www.marinetraffic.com/en/ais/search/all?keyword=8511885", "method": "v3_2pass_track3d_fromru10d", "ru_seen_in_lookback": true, "in_monitor_on_day": true}}, {"type": "Feature", "geometry": {"type": "LineString", "coordinates": [[10.483088333333335, 57.855686666666664], [10.201893333333334, 57.844878333333334], [9.925378333333333, 57.83201833333333], [9.639191666666667, 57.819968333333335], [9.3632, 57.809871666666666], [9.085288333333333, 57.803803333333335], [8.822133333333333, 57.80520833333333], [8.545605, 57.79893666666667], [8.267816666666667, 57.79010166666667], [8.00425, 57.781025], [7.7253533333333335, 57.771854999999995], [7.435093333333333, 57.772711666666666], [7.147453333333333, 57.7786], [6.88174, 57.777633333333334], [6.608765, 57.79956666666667], [6.3428933333333335, 57.84162], [6.083568333333333, 57.884789999999995], [5.824595, 57.930665], [5.556906666666666, 57.974285], [5.2961366666666665, 58.015454999999996], [5.032426666666667, 58.06181166666667], [4.7723450000000005, 58.10337666666667], [4.513450000000001, 58.146139999999995], [4.253348333333333, 58.19057166666666], [3.989231666666667, 58.23474833333333], [3.7220999999999997, 58.284380000000006]]}, "properties": {"label": "MV TROPICAL STAR", "mmsi": "311087000", "imo": "8408894", "name": "MV TROPICAL STAR", "shiptype": "", "first_seen_utc": "2026-01-13T05:58:37Z", "last_seen_utc": "2026-01-21T00:27:17Z", "destination": "PACTB", "eta": "{'Day': 3, 'Hour': 12, 'Minute': 0, 'Month': 2}", "display": "", "links": "<a href=\"https://www.vesselfinder.com/vessels?name=8408894\" target=\"_blank\" rel=\"noopener\">VesselFinder</a> | <a href=\"https://www.marinetraffic.com/en/ais/search/all?keyword=8408894\" target=\"_blank\" rel=\"noopener\">MarineTraffic</a>", "vf_url": "https://www.vesselfinder.com/vessels?name=8408894", "mst_url": "https://www.marinetraffic.com/en/ais/search/all?keyword=8408894", "method": "v3_2pass_track3d_fromru10d", "ru_seen_in_lookback": true, "in_monitor_on_day": true}}, {"type": "Feature", "geometry": {"type": "Point", "coordinates": [3.7220999999999997, 58.284380000000006]}, "properties": {"label": "MV TROPICAL STAR", "mmsi": "311087000", "imo": "8408894", "name": "MV TROPICAL STAR", "shiptype": "", "first_seen_utc": "2026-01-13T05:58:37Z", "last_seen_utc": "2026-01-21T00:27:17Z", "destination": "PACTB", "eta": "{'Day': 3, 'Hour': 12, 'Minute': 0, 'Month': 2}", "display": "MV TROPICAL STAR (311087000)", "links": "<a href=\"https://www.vesselfinder.com/vessels?name=8408894\" target=\"_blank\" rel=\"noopener\">VesselFinder</a> | <a href=\"https://www.marinetraffic.com/en/ais/search/all?keyword=8408894\" target=\"_blank\" rel=\"noopener\">MarineTraffic</a>", "vf_url": "https://www.vesselfinder.com/vessels?name=8408894", "mst_url": "https://www.marinetraffic.com/en/ais/search/all?keyword=8408894", "method": "v3_2pass_track3d_fromru10d", "ru_seen_in_lookback": true, "in_monitor_on_day": true}}, {"type": "Feature", "geometry": {"type": "LineString", "coordinates": [[14.221246666666667, 55.16365666666666], [14.374803333333334, 55.21613], [14.511163333333334, 55.29642666666667], [14.648155000000001, 55.37552], [14.84571, 55.3819], [15.035701666666666, 55.37664333333333], [15.223755, 55.3656], [18.798285, 54.9413], [18.955845, 54.878190000000004], [19.003963333333335, 54.776936666666664], [18.94928666666667, 54.6847], [18.87921833333333, 54.59189333333334], [18.761535, 54.51347], [18.661336666666667, 54.442750000000004], [18.675259999999998, 54.39487999999999], [18.66203, 54.3781], [18.662129999999998, 54.378076666666665]]}, "properties": {"label": "KEY SOUTH", "mmsi": "248221000", "imo": "9479802", "name": "KEY SOUTH", "shiptype": "", "first_seen_utc": "2026-01-13T10:58:44Z", "last_seen_utc": "2026-01-21T03:35:04Z", "destination": "PLGDN", "eta": "{'Day': 21, 'Hour': 2, 'Minute': 0, 'Month': 1}", "display": "", "links": "<a href=\"https://www.vesselfinder.com/vessels?name=9479802\" target=\"_blank\" rel=\"noopener\">VesselFinder</a> | <a href=\"https://www.marinetraffic.com/en/ais/search/all?keyword=9479802\" target=\"_blank\" rel=\"noopener\">MarineTraffic</a>", "vf_url": "https://www.vesselfinder.com/vessels?name=9479802", "mst_url": "https://www.marinetraffic.com/en/ais/search/all?keyword=9479802", "method": "v3_2pass_track3d_fromru10d", "ru_seen_in_lookback": true, "in_monitor_on_day": true}}, {"type": "Feature", "geometry": {"type": "Point", "coordinates": [18.662129999999998, 54.378076666666665]}, "properties": {"label": "KEY SOUTH", "mmsi": "248221000", "imo": "9479802", "name": "KEY SOUTH", "shiptype": "", "first_seen_utc": "2026-01-13T10:58:44Z", "last_seen_utc": "2026-01-21T03:35:04Z", "destination": "PLGDN", "eta": "{'Day': 21, 'Hour': 2, 'Minute': 0, 'Month': 1}", "display": "KEY SOUTH (248221000)", "links": "<a href=\"https://www.vesselfinder.com/vessels?name=9479802\" target=\"_blank\" rel=\"noopener\">VesselFinder</a> | <a href=\"https://www.marinetraffic.com/en/ais/search/all?keyword=9479802\" target=\"_blank\" rel=\"noopener\">MarineTraffic</a>", "vf_url": "https://www.vesselfinder.com/vessels?name=9479802", "mst_url": "https://www.marinetraffic.com/en/ais/search/all?keyword=9479802", "method": "v3_2pass_track3d_fromru10d", "ru_seen_in_lookback": true, "in_monitor_on_day": true}}, {"type": "Feature", "geometry": {"type": "LineString", "coordinates": [[14.923589999999999, 55.554125], [14.69618, 55.479145], [14.516601666666666, 55.37971], [14.361081666666667, 55.26458], [14.01516, 55.05240666666667]]}, "properties": {"label": "BELUGA REEFER", "mmsi": "308121000", "imo": "9015204", "name": "BELUGA REEFER", "shiptype": "", "first_seen_utc": "2026-01-13T14:55:39Z", "last_seen_utc": "2026-01-21T01:10:16Z", "destination": "SKAGEN", "eta": "{'Day': 22, 'Hour': 1, 'Minute': 0, 'Month': 1}", "display": "", "links": "<a href=\"https://www.vesselfinder.com/vessels?name=9015204\" target=\"_blank\" rel=\"noopener\">VesselFinder</a> | <a href=\"https://www.marinetraffic.com/en/ais/search/all?keyword=9015204\" target=\"_blank\" rel=\"noopener\">MarineTraffic</a>", "vf_url": "https://www.vesselfinder.com/vessels?name=9015204", "mst_url": "https://www.marinetraffic.com/en/ais/search/all?keyword=9015204", "method": "v3_2pass_track3d_fromru10d", "ru_seen_in_lookback": true, "in_monitor_on_day": true}}, {"type": "Feature", "geometry": {"type": "Point", "coordinates": [14.01516, 55.05240666666667]}, "properties": {"label": "BELUGA REEFER", "mmsi": "308121000", "imo": "9015204", "name": "BELUGA REEFER", "shiptype": "", "first_seen_utc": "2026-01-13T14:55:39Z", "last_seen_utc": "2026-01-21T01:10:16Z", "destination": "SKAGEN", "eta": "{'Day': 22, 'Hour': 1, 'Minute': 0, 'Month': 1}", "display": "BELUGA REEFER (308121000)", "links": "<a href=\"https://www.vesselfinder.com/vessels?name=9015204\" target=\"_blank\" rel=\"noopener\">VesselFinder</a> | <a href=\"https://www.marinetraffic.com/en/ais/search/all?keyword=9015204\" target=\"_blank\" rel=\"noopener\">MarineTraffic</a>", "vf_url": "https://www.vesselfinder.com/vessels?name=9015204", "mst_url": "https://www.marinetraffic.com/en/ais/search/all?keyword=9015204", "method": "v3_2pass_track3d_fromru10d", "ru_seen_in_lookback": true, "in_monitor_on_day": true}}, {"type": "Feature", "geometry": {"type": "LineString", "coordinates": [[18.53062333333333, 54.536743333333334], [18.530593333333336, 54.53675666666666], [18.53061166666667, 54.536746666666666], [18.530646666666666, 54.536719999999995], [18.530618333333333, 54.536743333333334], [18.530638333333332, 54.53673666666667], [18.530596666666668, 54.536748333333335], [18.53060833333333, 54.53675833333333], [18.53062333333333, 54.536770000000004], [18.530631666666668, 54.536768333333335], [18.530626666666667, 54.53677833333334], [18.53061166666667, 54.53676333333333], [18.530595, 54.53675], [18.530610000000003, 54.536755], [18.530595, 54.53676333333333], [18.53060333333333, 54.536746666666666], [18.530601666666666, 54.536744999999996], [18.530618333333333, 54.53674], [18.530604999999998, 54.53673666666667], [18.53060333333333, 54.536744999999996], [18.530621666666665, 54.53675833333333], [18.530626666666667, 54.536746666666666], [18.530598333333334, 54.536725000000004], [18.530615, 54.53674], [18.530610000000003, 54.536748333333335], [18.530615, 54.536768333333335], [18.530618333333333, 54.536775], [18.530598333333334, 54.53677166666667], [18.530613333333335, 54.53675666666666], [18.530610000000003, 54.536759999999994], [18.530610000000003, 54.53676333333333], [18.530626666666667, 54.53673833333333], [18.530606666666664, 54.53675166666667], [18.530649999999998, 54.53673666666667], [18.530635, 54.53673666666667], [18.530613333333335, 54.536748333333335], [18.530588333333334, 54.536746666666666], [18.530586666666668, 54.53676166666666], [18.530591666666666, 54.53675]]}, "properties": {"label": "LEOPARD", "mmsi": "576909000", "imo": "6819697", "name": "LEOPARD", "shiptype": "", "first_seen_utc": "2026-01-13T16:23:16Z", "last_seen_utc": "2026-01-21T03:51:14Z", "destination": "PLGDY", "eta": "{'Day': 14, 'Hour': 16, 'Minute': 0, 'Month': 1}", "display": "", "links": "<a href=\"https://www.vesselfinder.com/vessels?name=6819697\" target=\"_blank\" rel=\"noopener\">VesselFinder</a> | <a href=\"https://www.marinetraffic.com/en/ais/search/all?keyword=6819697\" target=\"_blank\" rel=\"noopener\">MarineTraffic</a>", "vf_url": "https://www.vesselfinder.com/vessels?name=6819697", "mst_url": "https://www.marinetraffic.com/en/ais/search/all?keyword=6819697", "method": "v3_2pass_track3d_fromru10d", "ru_seen_in_lookback": true, "in_monitor_on_day": true}}, {"type": "Feature", "geometry": {"type": "Point", "coordinates": [18.530591666666666, 54.53675]}, "properties": {"label": "LEOPARD", "mmsi": "576909000", "imo": "6819697", "name": "LEOPARD", "shiptype": "", "first_seen_utc": "2026-01-13T16:23:16Z", "last_seen_utc": "2026-01-21T03:51:14Z", "destination": "PLGDY", "eta": "{'Day': 14, 'Hour': 16, 'Minute': 0, 'Month': 1}", "display": "LEOPARD (576909000)", "links": "<a href=\"https://www.vesselfinder.com/vessels?name=6819697\" target=\"_blank\" rel=\"noopener\">VesselFinder</a> | <a href=\"https://www.marinetraffic.com/en/ais/search/all?keyword=6819697\" target=\"_blank\" rel=\"noopener\">MarineTraffic</a>", "vf_url": "https://www.vesselfinder.com/vessels?name=6819697", "mst_url": "https://www.marinetraffic.com/en/ais/search/all?keyword=6819697", "method": "v3_2pass_track3d_fromru10d", "ru_seen_in_lookback": true, "in_monitor_on_day": true}}, {"type": "Feature", "geometry": {"type": "LineString", "coordinates": [[18.665298333333332, 54.385421666666666], [18.665311666666664, 54.385414999999995], [18.665341666666666, 54.38541333333333], [18.66532, 54.38541], [18.665305, 54.38542333333333], [18.665315, 54.3854], [18.66532833333333, 54.385421666666666], [18.66535, 54.38540166666667], [18.665318333333335, 54.38542333333333], [18.665329999999997, 54.38541333333333], [18.665331666666667, 54.385445], [18.66535, 54.38541333333333], [18.665331666666667, 54.385398333333335], [18.66531666666667, 54.385414999999995], [18.665341666666666, 54.38542833333334], [18.665343333333333, 54.38542333333333], [18.665329999999997, 54.385416666666664], [18.665343333333333, 54.385414999999995], [18.665335000000002, 54.385425000000005], [18.66533666666667, 54.38543833333333], [18.665341666666666, 54.385416666666664], [18.665325, 54.385414999999995], [18.66534, 54.385419999999996], [18.665348333333334, 54.38543], [18.665345, 54.385416666666664], [18.665356666666664, 54.385414999999995], [18.665326666666665, 54.385419999999996], [18.665343333333333, 54.38542666666667], [18.66534, 54.38541], [18.665346666666668, 54.385418333333334], [18.665331666666667, 54.38542833333334], [18.66535, 54.385414999999995], [18.665306666666666, 54.38543], [18.665333333333333, 54.38542333333333], [18.665313333333334, 54.38540833333333], [18.665335000000002, 54.38541333333333], [18.665321666666667, 54.38541333333333], [18.665323333333333, 54.385414999999995], [18.665341666666666, 54.38539333333333]]}, "properties": {"label": "ISTANBUL-M", "mmsi": "352003516", "imo": "9450818", "name": "ISTANBUL-M", "shiptype": "", "first_seen_utc": "2026-01-14T05:22:44Z", "last_seen_utc": "2026-01-21T03:32:42Z", "destination": "PL GDN", "eta": "{'Day': 14, 'Hour': 11, 'Minute': 0, 'Month': 1}", "display": "", "links": "<a href=\"https://www.vesselfinder.com/vessels?name=9450818\" target=\"_blank\" rel=\"noopener\">VesselFinder</a> | <a href=\"https://www.marinetraffic.com/en/ais/search/all?keyword=9450818\" target=\"_blank\" rel=\"noopener\">MarineTraffic</a>", "vf_url": "https://www.vesselfinder.com/vessels?name=9450818", "mst_url": "https://www.marinetraffic.com/en/ais/search/all?keyword=9450818", "method": "v3_2pass_track3d_fromru10d", "ru_seen_in_lookback": true, "in_monitor_on_day": true}}, {"type": "Feature", "geometry": {"type": "Point", "coordinates": [18.665341666666666, 54.38539333333333]}, "properties": {"label": "ISTANBUL-M", "mmsi": "352003516", "imo": "9450818", "name": "ISTANBUL-M", "shiptype": "", "first_seen_utc": "2026-01-14T05:22:44Z", "last_seen_utc": "2026-01-21T03:32:42Z", "destination": "PL GDN", "eta": "{'Day': 14, 'Hour': 11, 'Minute': 0, 'Month': 1}", "display": "ISTANBUL-M (352003516)", "links": "<a href=\"https://www.vesselfinder.com/vessels?name=9450818\" target=\"_blank\" rel=\"noopener\">VesselFinder</a> | <a href=\"https://www.marinetraffic.com/en/ais/search/all?keyword=9450818\" target=\"_blank\" rel=\"noopener\">MarineTraffic</a>", "vf_url": "https://www.vesselfinder.com/vessels?name=9450818", "mst_url": "https://www.marinetraffic.com/en/ais/search/all?keyword=9450818", "method": "v3_2pass_track3d_fromru10d", "ru_seen_in_lookback": true, "in_monitor_on_day": true}}, {"type": "Feature", "geometry": {"type": "LineString", "coordinates": [[15.720053333333334, 55.70158833333333], [15.433836666666668, 55.66453666666666], [15.235485, 55.63902333333333], [15.076438333333334, 55.59234166666667], [14.909498333333334, 55.54268166666667], [14.740368333333333, 55.49128666666666], [14.580816666666667, 55.42801333333333], [14.453723333333333, 55.346198333333334], [14.320628333333334, 55.251205], [14.181961666666666, 55.15418666666667], [12.851236666666667, 54.809513333333335], [12.709513333333332, 54.76602333333334], [12.627651666666667, 54.73292333333333], [12.543196666666667, 54.69976833333333], [12.450683333333334, 54.665855], [12.353885, 54.630160000000004], [12.262106666666666, 54.581225], [12.207718333333334, 54.49521], [12.111748333333333, 54.44324166666667], [11.939363333333334, 54.44215333333333], [11.769405, 54.44148166666666], [11.619653333333334, 54.47544666666667], [11.472436666666665, 54.51605166666666], [11.325944999999999, 54.55768833333333], [11.180326666666668, 54.60075500000001], [11.011151666666667, 54.600155]]}, "properties": {"label": "SIREN", "mmsi": "636023680", "imo": "9405423", "name": "SIREN", "shiptype": "", "first_seen_utc": "2026-01-14T05:27:23Z", "last_seen_utc": "2026-01-21T03:50:16Z", "destination": "EG PSD", "eta": "{'Day': 4, 'Hour': 10, 'Minute': 0, 'Month': 2}", "display": "", "links": "<a href=\"https://www.vesselfinder.com/vessels?name=9405423\" target=\"_blank\" rel=\"noopener\">VesselFinder</a> | <a href=\"https://www.marinetraffic.com/en/ais/search/all?keyword=9405423\" target=\"_blank\" rel=\"noopener\">MarineTraffic</a>", "vf_url": "https://www.vesselfinder.com/vessels?name=9405423", "mst_url": "https://www.marinetraffic.com/en/ais/search/all?keyword=9405423", "method": "v3_2pass_track3d_fromru10d", "ru_seen_in_lookback": true, "in_monitor_on_day": true}}, {"type": "Feature", "geometry": {"type": "Point", "coordinates": [11.011151666666667, 54.600155]}, "properties": {"label": "SIREN", "mmsi": "636023680", "imo": "9405423", "name": "SIREN", "shiptype": "", "first_seen_utc": "2026-01-14T05:27:23Z", "last_seen_utc": "2026-01-21T03:50:16Z", "destination": "EG PSD", "eta": "{'Day': 4, 'Hour': 10, 'Minute': 0, 'Month': 2}", "display": "SIREN (636023680)", "links": "<a href=\"https://www.vesselfinder.com/vessels?name=9405423\" target=\"_blank\" rel=\"noopener\">VesselFinder</a> | <a href=\"https://www.marinetraffic.com/en/ais/search/all?keyword=9405423\" target=\"_blank\" rel=\"noopener\">MarineTraffic</a>", "vf_url": "https://www.vesselfinder.com/vessels?name=9405423", "mst_url": "https://www.marinetraffic.com/en/ais/search/all?keyword=9405423", "method": "v3_2pass_track3d_fromru10d", "ru_seen_in_lookback": true, "in_monitor_on_day": true}}, {"type": "Feature", "geometry": {"type": "LineString", "coordinates": [[16.69287166666667, 55.82186333333333], [16.46916, 55.787881666666664], [16.276683333333335, 55.755665], [15.957928333333333, 55.70912], [15.775018333333332, 55.68212333333334], [15.46526, 55.63366166666666], [15.274918333333334, 55.61822166666666], [15.116276666666666, 55.57872833333333], [14.955545, 55.53759166666667], [14.796251666666667, 55.49133500000001], [14.636888333333333, 55.443513333333335], [14.479438333333333, 55.35336666666667], [14.371346666666666, 55.27196333333333], [14.266638333333333, 55.19364666666667], [14.147001666666666, 55.10371], [13.722666666666667, 54.99578833333333], [13.480690000000001, 54.94965666666667], [13.305098333333332, 54.915083333333335], [13.14101, 54.8798], [12.982861666666668, 54.84217833333333]]}, "properties": {"label": "ARUNA CENGIZ", "mmsi": "538004676", "imo": "9552331", "name": "ARUNA CENGIZ", "shiptype": "", "first_seen_utc": "2026-01-14T07:49:44Z", "last_seen_utc": "2026-01-21T03:11:57Z", "destination": "SKAGEN/DENMARK", "eta": "{'Day': 22, 'Hour': 13, 'Minute': 0, 'Month': 1}", "display": "", "links": "<a href=\"https://www.vesselfinder.com/vessels?name=9552331\" target=\"_blank\" rel=\"noopener\">VesselFinder</a> | <a href=\"https://www.marinetraffic.com/en/ais/search/all?keyword=9552331\" target=\"_blank\" rel=\"noopener\">MarineTraffic</a>", "vf_url": "https://www.vesselfinder.com/vessels?name=9552331", "mst_url": "https://www.marinetraffic.com/en/ais/search/all?keyword=9552331", "method": "v3_2pass_track3d_fromru10d", "ru_seen_in_lookback": true, "in_monitor_on_day": true}}, {"type": "Feature", "geometry": {"type": "Point", "coordinates": [12.982861666666668, 54.84217833333333]}, "properties": {"label": "ARUNA CENGIZ", "mmsi": "538004676", "imo": "9552331", "name": "ARUNA CENGIZ", "shiptype": "", "first_seen_utc": "2026-01-14T07:49:44Z", "last_seen_utc": "2026-01-21T03:11:57Z", "destination": "SKAGEN/DENMARK", "eta": "{'Day': 22, 'Hour': 13, 'Minute': 0, 'Month': 1}", "display": "ARUNA CENGIZ (538004676)", "links": "<a href=\"https://www.vesselfinder.com/vessels?name=9552331\" target=\"_blank\" rel=\"noopener\">VesselFinder</a> | <a href=\"https://www.marinetraffic.com/en/ais/search/all?keyword=9552331\" target=\"_blank\" rel=\"noopener\">MarineTraffic</a>", "vf_url": "https://www.vesselfinder.com/vessels?name=9552331", "mst_url": "https://www.marinetraffic.com/en/ais/search/all?keyword=9552331", "method": "v3_2pass_track3d_fromru10d", "ru_seen_in_lookback": true, "in_monitor_on_day": true}}, {"type": "Feature", "geometry": {"type": "LineString", "coordinates": [[10.46887, 57.85294833333333], [10.268843333333333, 57.84498166666666], [10.077696666666666, 57.83652166666666], [9.892631666666666, 57.824868333333335], [9.70921, 57.823875], [9.541853333333334, 57.78793333333333], [9.281585, 57.713678333333334], [9.130301666666666, 57.657093333333336], [8.977195, 57.596201666666666], [8.816665, 57.537998333333334], [8.657575000000001, 57.486655000000006], [8.496181666666667, 57.4307], [8.34392, 57.36994166666667], [8.21694, 57.28917333333333], [8.093711666666668, 57.19463], [7.990184999999999, 57.11118333333333]]}, "properties": {"label": "PUMA", "mmsi": "319114200", "imo": "9748265", "name": "PUMA", "shiptype": "", "first_seen_utc": "2026-01-15T09:53:02Z", "last_seen_utc": "2026-01-21T03:42:15Z", "destination": "BR IQI", "eta": "{'Day': 8, 'Hour': 0, 'Minute': 1, 'Month': 2}", "display": "", "links": "<a href=\"https://www.vesselfinder.com/vessels?name=9748265\" target=\"_blank\" rel=\"noopener\">VesselFinder</a> | <a href=\"https://www.marinetraffic.com/en/ais/search/all?keyword=9748265\" target=\"_blank\" rel=\"noopener\">MarineTraffic</a>", "vf_url": "https://www.vesselfinder.com/vessels?name=9748265", "mst_url": "https://www.marinetraffic.com/en/ais/search/all?keyword=9748265", "method": "v3_2pass_track3d_fromru10d", "ru_seen_in_lookback": true, "in_monitor_on_day": true}}, {"type": "Feature", "geometry": {"type": "Point", "coordinates": [7.990184999999999, 57.11118333333333]}, "properties": {"label": "PUMA", "mmsi": "319114200", "imo": "9748265", "name": "PUMA", "shiptype": "", "first_seen_utc": "2026-01-15T09:53:02Z", "last_seen_utc": "2026-01-21T03:42:15Z", "destination": "BR IQI", "eta": "{'Day': 8, 'Hour': 0, 'Minute': 1, 'Month': 2}", "display": "PUMA (319114200)", "links": "<a href=\"https://www.vesselfinder.com/vessels?name=9748265\" target=\"_blank\" rel=\"noopener\">VesselFinder</a> | <a href=\"https://www.marinetraffic.com/en/ais/search/all?keyword=9748265\" target=\"_blank\" rel=\"noopener\">MarineTraffic</a>", "vf_url": "https://www.vesselfinder.com/vessels?name=9748265", "mst_url": "https://www.marinetraffic.com/en/ais/search/all?keyword=9748265", "method": "v3_2pass_track3d_fromru10d", "ru_seen_in_lookback": true, "in_monitor_on_day": true}}, {"type": "Feature", "geometry": {"type": "LineString", "coordinates": [[9.957616666666667, 54.342200000000005], [9.912666666666667, 54.346583333333335], [9.82245, 54.3636], [9.739716666666668, 54.3366], [9.685716666666668, 54.294216666666664], [9.620983333333333, 54.25728333333333], [9.570833333333333, 54.20741666666667], [9.480966666666665, 54.18181666666667], [9.39155, 54.15855], [9.328283333333333, 54.11663333333333], [9.310066666666668, 54.06073333333333], [9.29345, 54.002100000000006], [9.239316666666667, 53.95356666666667], [9.170533333333333, 53.90748333333333], [9.143466666666665, 53.893233333333335], [9.129566666666667, 53.88533333333333], [8.988916666666666, 53.85165], [8.822566666666667, 53.84076666666667], [8.68125, 53.90741666666667], [8.525683333333333, 53.97165], [8.317983333333334, 53.9969], [8.162283333333333, 54.00428333333333], [7.839366666666667, 54.01291666666667], [7.692483333333333, 54.025083333333335], [7.553666666666667, 54.007333333333335], [7.4211, 53.989450000000005], [7.288616666666667, 53.97178333333333], [7.161983333333334, 53.954433333333334], [7.0336333333333325, 53.93601666666667], [6.90455, 53.9183], [6.769933333333333, 53.89955], [6.632416666666667, 53.8785], [6.48775, 53.857499999999995], [6.341833333333333, 53.8315], [6.193533333333334, 53.8018], [6.039766666666667, 53.769866666666665], [5.8827, 53.73635], [5.727233333333333, 53.704449999999994], [5.565666666666667, 53.671299999999995]]}, "properties": {"label": "FWN SEA", "mmsi": "244770273", "imo": "9721657", "name": "FWN SEA", "shiptype": "", "first_seen_utc": "2026-01-15T10:39:01Z", "last_seen_utc": "2026-01-21T03:31:46Z", "destination": "ITGIT", "eta": "{'Day': 31, 'Hour': 6, 'Minute': 0, 'Month': 1}", "display": "", "links": "<a href=\"https://www.vesselfinder.com/vessels?name=9721657\" target=\"_blank\" rel=\"noopener\">VesselFinder</a> | <a href=\"https://www.marinetraffic.com/en/ais/search/all?keyword=9721657\" target=\"_blank\" rel=\"noopener\">MarineTraffic</a>", "vf_url": "https://www.vesselfinder.com/vessels?name=9721657", "mst_url": "https://www.marinetraffic.com/en/ais/search/all?keyword=9721657", "method": "v3_2pass_track3d_fromru10d", "ru_seen_in_lookback": true, "in_monitor_on_day": true}}, {"type": "Feature", "geometry": {"type": "Point", "coordinates": [5.565666666666667, 53.671299999999995]}, "properties": {"label": "FWN SEA", "mmsi": "244770273", "imo": "9721657", "name": "FWN SEA", "shiptype": "", "first_seen_utc": "2026-01-15T10:39:01Z", "last_seen_utc": "2026-01-21T03:31:46Z", "destination": "ITGIT", "eta": "{'Day': 31, 'Hour': 6, 'Minute': 0, 'Month': 1}", "display": "FWN SEA (244770273)", "links": "<a href=\"https://www.vesselfinder.com/vessels?name=9721657\" target=\"_blank\" rel=\"noopener\">VesselFinder</a> | <a href=\"https://www.marinetraffic.com/en/ais/search/all?keyword=9721657\" target=\"_blank\" rel=\"noopener\">MarineTraffic</a>", "vf_url": "https://www.vesselfinder.com/vessels?name=9721657", "mst_url": "https://www.marinetraffic.com/en/ais/search/all?keyword=9721657", "method": "v3_2pass_track3d_fromru10d", "ru_seen_in_lookback": true, "in_monitor_on_day": true}}, {"type": "Feature", "geometry": {"type": "LineString", "coordinates": [[18.817666666666664, 54.44166666666667], [18.817666666666664, 54.44166666666667], [18.8175, 54.44166666666667], [18.8175, 54.44166666666667], [18.817833333333333, 54.44166666666667], [18.817851666666666, 54.44166499999999], [18.817833333333333, 54.44166666666667], [18.817666666666664, 54.44166666666667], [18.8175, 54.44166666666667], [18.8175, 54.44166666666667], [18.8175, 54.44166666666667], [18.8175, 54.44166666666667], [18.817166666666665, 54.4415], [18.8175, 54.44166666666667], [18.817333333333334, 54.44166666666667], [18.817666666666664, 54.44166666666667], [18.817666666666664, 54.44166666666667], [18.8175, 54.4415], [18.817666666666664, 54.44166666666667], [18.817999999999998, 54.44166666666667], [18.817666666666664, 54.44166666666667], [18.817999999999998, 54.44166666666667], [18.817999999999998, 54.44166666666667], [18.817999999999998, 54.44166666666667], [18.817999999999998, 54.44166666666667], [18.817999999999998, 54.44166666666667], [18.817833333333333, 54.44166666666667], [18.817999999999998, 54.44166666666667], [18.817833333333333, 54.44166666666667], [18.817833333333333, 54.44166666666667], [18.817999999999998, 54.44166666666667], [18.817999999999998, 54.44166666666667], [18.818166666666666, 54.44166666666667], [18.817999999999998, 54.44166666666667], [18.817833333333333, 54.4415], [18.818166666666666, 54.44166666666667], [18.818499999999997, 54.44166666666667], [18.818499999999997, 54.44166666666667], [18.818666666666665, 54.44166666666667]]}, "properties": {"label": "RAGNA", "mmsi": "211265530", "imo": "9173329", "name": "RAGNA", "shiptype": "", "first_seen_utc": "2026-01-15T12:12:25Z", "last_seen_utc": "2026-01-21T03:31:57Z", "destination": "PLGDK", "eta": "{'Day': 19, 'Hour': 18, 'Minute': 0, 'Month': 1}", "display": "", "links": "<a href=\"https://www.vesselfinder.com/vessels?name=9173329\" target=\"_blank\" rel=\"noopener\">VesselFinder</a> | <a href=\"https://www.marinetraffic.com/en/ais/search/all?keyword=9173329\" target=\"_blank\" rel=\"noopener\">MarineTraffic</a>", "vf_url": "https://www.vesselfinder.com/vessels?name=9173329", "mst_url": "https://www.marinetraffic.com/en/ais/search/all?keyword=9173329", "method": "v3_2pass_track3d_fromru10d", "ru_seen_in_lookback": true, "in_monitor_on_day": true}}, {"type": "Feature", "geometry": {"type": "Point", "coordinates": [18.818666666666665, 54.44166666666667]}, "properties": {"label": "RAGNA", "mmsi": "211265530", "imo": "9173329", "name": "RAGNA", "shiptype": "", "first_seen_utc": "2026-01-15T12:12:25Z", "last_seen_utc": "2026-01-21T03:31:57Z", "destination": "PLGDK", "eta": "{'Day': 19, 'Hour': 18, 'Minute': 0, 'Month': 1}", "display": "RAGNA (211265530)", "links": "<a href=\"https://www.vesselfinder.com/vessels?name=9173329\" target=\"_blank\" rel=\"noopener\">VesselFinder</a> | <a href=\"https://www.marinetraffic.com/en/ais/search/all?keyword=9173329\" target=\"_blank\" rel=\"noopener\">MarineTraffic</a>", "vf_url": "https://www.vesselfinder.com/vessels?name=9173329", "mst_url": "https://www.marinetraffic.com/en/ais/search/all?keyword=9173329", "method": "v3_2pass_track3d_fromru10d", "ru_seen_in_lookback": true, "in_monitor_on_day": true}}, {"type": "Feature", "geometry": {"type": "LineString", "coordinates": [[15.869193333333333, 55.727776666666664], [15.703693333333332, 55.70892166666667], [15.541223333333333, 55.683465], [15.377391666666666, 55.65725], [15.184565, 55.62468333333334], [15.033423333333333, 55.58033666666667], [14.877435, 55.535181666666666], [14.721673333333333, 55.48925833333333], [14.564525, 55.42805833333333], [14.448991666666666, 55.350024999999995], [14.328668333333333, 55.25942666666666], [12.961708333333332, 54.82780666666667], [12.817693333333333, 54.79574], [12.637596666666667, 54.73645166666667], [12.409130000000001, 54.653905], [12.27864, 54.60494666666667], [12.225036666666666, 54.52264666666667], [12.160711666666666, 54.44113333333333], [12.008968333333334, 54.43100833333333], [11.85164, 54.43100833333333], [11.700093333333333, 54.45597], [11.552541666666666, 54.49959333333334]]}, "properties": {"label": "FUXING V", "mmsi": "636021117", "imo": "9381196", "name": "FUXING V", "shiptype": "", "first_seen_utc": "2026-01-15T20:28:42Z", "last_seen_utc": "2026-01-21T03:38:37Z", "destination": "TRALI", "eta": "{'Day': 3, 'Hour': 8, 'Minute': 0, 'Month': 2}", "display": "", "links": "<a href=\"https://www.vesselfinder.com/vessels?name=9381196\" target=\"_blank\" rel=\"noopener\">VesselFinder</a> | <a href=\"https://www.marinetraffic.com/en/ais/search/all?keyword=9381196\" target=\"_blank\" rel=\"noopener\">MarineTraffic</a>", "vf_url": "https://www.vesselfinder.com/vessels?name=9381196", "mst_url": "https://www.marinetraffic.com/en/ais/search/all?keyword=9381196", "method": "v3_2pass_track3d_fromru10d", "ru_seen_in_lookback": true, "in_monitor_on_day": true}}, {"type": "Feature", "geometry": {"type": "Point", "coordinates": [11.552541666666666, 54.49959333333334]}, "properties": {"label": "FUXING V", "mmsi": "636021117", "imo": "9381196", "name": "FUXING V", "shiptype": "", "first_seen_utc": "2026-01-15T20:28:42Z", "last_seen_utc": "2026-01-21T03:38:37Z", "destination": "TRALI", "eta": "{'Day': 3, 'Hour': 8, 'Minute': 0, 'Month': 2}", "display": "FUXING V (636021117)", "links": "<a href=\"https://www.vesselfinder.com/vessels?name=9381196\" target=\"_blank\" rel=\"noopener\">VesselFinder</a> | <a href=\"https://www.marinetraffic.com/en/ais/search/all?keyword=9381196\" target=\"_blank\" rel=\"noopener\">MarineTraffic</a>", "vf_url": "https://www.vesselfinder.com/vessels?name=9381196", "mst_url": "https://www.marinetraffic.com/en/ais/search/all?keyword=9381196", "method": "v3_2pass_track3d_fromru10d", "ru_seen_in_lookback": true, "in_monitor_on_day": true}}, {"type": "Feature", "geometry": {"type": "LineString", "coordinates": [[17.889936666666664, 56.05634166666667], [16.327905, 55.784818333333334], [16.157913333333333, 55.75934333333333]]}, "properties": {"label": "SYROS I", "mmsi": "636017002", "imo": "9597800", "name": "SYROS I", "shiptype": "", "first_seen_utc": "2026-01-16T06:11:53Z", "last_seen_utc": "2026-01-21T02:03:20Z", "destination": "SE GOT", "eta": "{'Day': 21, 'Hour': 8, 'Minute': 0, 'Month': 1}", "display": "", "links": "<a href=\"https://www.vesselfinder.com/vessels?name=9597800\" target=\"_blank\" rel=\"noopener\">VesselFinder</a> | <a href=\"https://www.marinetraffic.com/en/ais/search/all?keyword=9597800\" target=\"_blank\" rel=\"noopener\">MarineTraffic</a>", "vf_url": "https://www.vesselfinder.com/vessels?name=9597800", "mst_url": "https://www.marinetraffic.com/en/ais/search/all?keyword=9597800", "method": "v3_2pass_track3d_fromru10d", "ru_seen_in_lookback": true, "in_monitor_on_day": true}}, {"type": "Feature", "geometry": {"type": "Point", "coordinates": [16.157913333333333, 55.75934333333333]}, "properties": {"label": "SYROS I", "mmsi": "636017002", "imo": "9597800", "name": "SYROS I", "shiptype": "", "first_seen_utc": "2026-01-16T06:11:53Z", "last_seen_utc": "2026-01-21T02:03:20Z", "destination": "SE GOT", "eta": "{'Day': 21, 'Hour': 8, 'Minute': 0, 'Month': 1}", "display": "SYROS I (636017002)", "links": "<a href=\"https://www.vesselfinder.com/vessels?name=9597800\" target=\"_blank\" rel=\"noopener\">VesselFinder</a> | <a href=\"https://www.marinetraffic.com/en/ais/search/all?keyword=9597800\" target=\"_blank\" rel=\"noopener\">MarineTraffic</a>", "vf_url": "https://www.vesselfinder.com/vessels?name=9597800", "mst_url": "https://www.marinetraffic.com/en/ais/search/all?keyword=9597800", "method": "v3_2pass_track3d_fromru10d", "ru_seen_in_lookback": true, "in_monitor_on_day": true}}, {"type": "Feature", "geometry": {"type": "LineString", "coordinates": [[10.489635, 57.86359166666667], [10.318226666666668, 57.86139166666667], [10.00457, 57.84670666666667], [9.834461666666666, 57.834669999999996], [9.640905, 57.81495333333333], [9.500983333333332, 57.77236666666667], [9.318985, 57.70979833333333], [9.050283333333335, 57.618675], [8.904214999999999, 57.569156666666665], [8.636691666666668, 57.478343333333335], [8.388755, 57.396985], [8.239175, 57.34509666666667], [7.909746666666666, 57.22781], [7.720434999999999, 57.16037666666667], [7.570051666666667, 57.10646833333333], [7.433863333333333, 57.03477833333333], [7.3110816666666665, 56.936038333333336], [7.171085000000001, 56.825605]]}, "properties": {"label": "LUCKY EFFIE", "mmsi": "229859000", "imo": "9288461", "name": "LUCKY EFFIE", "shiptype": "", "first_seen_utc": "2026-01-16T11:03:32Z", "last_seen_utc": "2026-01-21T03:18:24Z", "destination": "SG SIN", "eta": "{'Day': 11, 'Hour': 5, 'Minute': 0, 'Month': 3}", "display": "", "links": "<a href=\"https://www.vesselfinder.com/vessels?name=9288461\" target=\"_blank\" rel=\"noopener\">VesselFinder</a> | <a href=\"https://www.marinetraffic.com/en/ais/search/all?keyword=9288461\" target=\"_blank\" rel=\"noopener\">MarineTraffic</a>", "vf_url": "https://www.vesselfinder.com/vessels?name=9288461", "mst_url": "https://www.marinetraffic.com/en/ais/search/all?keyword=9288461", "method": "v3_2pass_track3d_fromru10d", "ru_seen_in_lookback": true, "in_monitor_on_day": true}}, {"type": "Feature", "geometry": {"type": "Point", "coordinates": [7.171085000000001, 56.825605]}, "properties": {"label": "LUCKY EFFIE", "mmsi": "229859000", "imo": "9288461", "name": "LUCKY EFFIE", "shiptype": "", "first_seen_utc": "2026-01-16T11:03:32Z", "last_seen_utc": "2026-01-21T03:18:24Z", "destination": "SG SIN", "eta": "{'Day': 11, 'Hour': 5, 'Minute': 0, 'Month': 3}", "display": "LUCKY EFFIE (229859000)", "links": "<a href=\"https://www.vesselfinder.com/vessels?name=9288461\" target=\"_blank\" rel=\"noopener\">VesselFinder</a> | <a href=\"https://www.marinetraffic.com/en/ais/search/all?keyword=9288461\" target=\"_blank\" rel=\"noopener\">MarineTraffic</a>", "vf_url": "https://www.vesselfinder.com/vessels?name=9288461", "mst_url": "https://www.marinetraffic.com/en/ais/search/all?keyword=9288461", "method": "v3_2pass_track3d_fromru10d", "ru_seen_in_lookback": true, "in_monitor_on_day": true}}, {"type": "Feature", "geometry": {"type": "LineString", "coordinates": [[16.40126, 55.79653666666666], [16.216211666666666, 55.76602833333333], [15.963768333333332, 55.73323333333334], [15.698596666666667, 55.69517333333333], [15.52611, 55.670431666666666], [15.346646666666667, 55.64674333333333], [15.147699999999999, 55.598283333333335], [14.84787, 55.516376666666666], [14.683991666666666, 55.46381833333333], [14.547098333333334, 55.39644166666667], [14.428745, 55.32063333333333], [14.271893333333333, 55.20872166666666], [14.150443333333333, 55.12182833333333], [13.975253333333335, 55.04698833333334], [13.649993333333333, 54.98346], [13.279473333333334, 54.905788333333334], [13.105965, 54.871808333333334]]}, "properties": {"label": "ZONDAR", "mmsi": "538005166", "imo": "9351634", "name": "ZONDAR", "shiptype": "", "first_seen_utc": "2026-01-16T12:23:10Z", "last_seen_utc": "2026-01-21T03:32:15Z", "destination": "BRAZ PNG", "eta": "{'Day': 13, 'Hour': 8, 'Minute': 0, 'Month': 2}", "display": "", "links": "<a href=\"https://www.vesselfinder.com/vessels?name=9351634\" target=\"_blank\" rel=\"noopener\">VesselFinder</a> | <a href=\"https://www.marinetraffic.com/en/ais/search/all?keyword=9351634\" target=\"_blank\" rel=\"noopener\">MarineTraffic</a>", "vf_url": "https://www.vesselfinder.com/vessels?name=9351634", "mst_url": "https://www.marinetraffic.com/en/ais/search/all?keyword=9351634", "method": "v3_2pass_track3d_fromru10d", "ru_seen_in_lookback": true, "in_monitor_on_day": true}}, {"type": "Feature", "geometry": {"type": "Point", "coordinates": [13.105965, 54.871808333333334]}, "properties": {"label": "ZONDAR", "mmsi": "538005166", "imo": "9351634", "name": "ZONDAR", "shiptype": "", "first_seen_utc": "2026-01-16T12:23:10Z", "last_seen_utc": "2026-01-21T03:32:15Z", "destination": "BRAZ PNG", "eta": "{'Day': 13, 'Hour': 8, 'Minute': 0, 'Month': 2}", "display": "ZONDAR (538005166)", "links": "<a href=\"https://www.vesselfinder.com/vessels?name=9351634\" target=\"_blank\" rel=\"noopener\">VesselFinder</a> | <a href=\"https://www.marinetraffic.com/en/ais/search/all?keyword=9351634\" target=\"_blank\" rel=\"noopener\">MarineTraffic</a>", "vf_url": "https://www.vesselfinder.com/vessels?name=9351634", "mst_url": "https://www.marinetraffic.com/en/ais/search/all?keyword=9351634", "method": "v3_2pass_track3d_fromru10d", "ru_seen_in_lookback": true, "in_monitor_on_day": true}}, {"type": "Feature", "geometry": {"type": "LineString", "coordinates": [[18.854756666666667, 54.449475], [18.854488333333332, 54.44946], [18.854135, 54.4494], [18.854301666666668, 54.44941333333334], [18.854425, 54.449418333333334], [18.854635, 54.44947166666667], [18.854868333333332, 54.449515], [18.85490666666667, 54.449515], [18.854746666666664, 54.44952333333333], [18.854598333333335, 54.44952333333333], [18.854831666666666, 54.44960666666667], [18.854793333333337, 54.44956333333334], [18.854588333333332, 54.449484999999996], [18.85452666666667, 54.44949999999999], [18.854735, 54.44951666666667], [18.854628333333334, 54.44946166666667], [18.854583333333334, 54.449475], [18.854683333333334, 54.44948], [18.854983333333333, 54.449508333333334], [18.855278333333334, 54.449515], [18.855175, 54.44952166666667], [18.855615, 54.449529999999996], [18.855426666666666, 54.44949999999999], [18.85577333333333, 54.44949333333333], [18.85604, 54.44949999999999], [18.855838333333335, 54.449510000000004], [18.855651666666667, 54.44949666666666], [18.855686666666667, 54.44952833333333], [18.85588, 54.44953666666667], [18.855906666666666, 54.44946166666667], [18.855900000000002, 54.449463333333334], [18.855615, 54.44948], [18.855991666666668, 54.449425], [18.85612666666667, 54.449421666666666], [18.855954999999998, 54.44944666666667], [18.855894999999997, 54.44949166666667], [18.85588166666667, 54.44947], [18.85598666666667, 54.449463333333334], [18.855943333333336, 54.44945333333333]]}, "properties": {"label": "SALACGRIVA", "mmsi": "538002778", "imo": "9323390", "name": "SALACGRIVA", "shiptype": "", "first_seen_utc": "2026-01-16T15:15:28Z", "last_seen_utc": "2026-01-21T03:51:27Z", "destination": "PLGDN", "eta": "{'Day': 16, 'Hour': 20, 'Minute': 0, 'Month': 1}", "display": "", "links": "<a href=\"https://www.vesselfinder.com/vessels?name=9323390\" target=\"_blank\" rel=\"noopener\">VesselFinder</a> | <a href=\"https://www.marinetraffic.com/en/ais/search/all?keyword=9323390\" target=\"_blank\" rel=\"noopener\">MarineTraffic</a>", "vf_url": "https://www.vesselfinder.com/vessels?name=9323390", "mst_url": "https://www.marinetraffic.com/en/ais/search/all?keyword=9323390", "method": "v3_2pass_track3d_fromru10d", "ru_seen_in_lookback": true, "in_monitor_on_day": true}}, {"type": "Feature", "geometry": {"type": "Point", "coordinates": [18.855943333333336, 54.44945333333333]}, "properties": {"label": "SALACGRIVA", "mmsi": "538002778", "imo": "9323390", "name": "SALACGRIVA", "shiptype": "", "first_seen_utc": "2026-01-16T15:15:28Z", "last_seen_utc": "2026-01-21T03:51:27Z", "destination": "PLGDN", "eta": "{'Day': 16, 'Hour': 20, 'Minute': 0, 'Month': 1}", "display": "SALACGRIVA (538002778)", "links": "<a href=\"https://www.vesselfinder.com/vessels?name=9323390\" target=\"_blank\" rel=\"noopener\">VesselFinder</a> | <a href=\"https://www.marinetraffic.com/en/ais/search/all?keyword=9323390\" target=\"_blank\" rel=\"noopener\">MarineTraffic</a>", "vf_url": "https://www.vesselfinder.com/vessels?name=9323390", "mst_url": "https://www.marinetraffic.com/en/ais/search/all?keyword=9323390", "method": "v3_2pass_track3d_fromru10d", "ru_seen_in_lookback": true, "in_monitor_on_day": true}}, {"type": "Feature", "geometry": {"type": "LineString", "coordinates": [[12.462613333333334, 54.675868333333334], [12.371701666666667, 54.640053333333334], [12.269678333333333, 54.596781666666665], [12.210058333333334, 54.49323166666667], [12.073808333333334, 54.44269333333333], [11.884963333333333, 54.44894333333333], [11.696423333333334, 54.46471666666666], [11.510909999999999, 54.50596666666667], [11.339093333333333, 54.55498], [11.168096666666665, 54.60123166666666], [10.969796666666667, 54.614095], [10.808031666666666, 54.68170166666666], [10.819231666666667, 54.78628166666667], [10.862924999999999, 54.89789833333334], [10.960469999999999, 54.969098333333335], [10.98911, 55.08184000000001], [11.05255, 55.180551666666666], [11.063588333333334, 55.27874833333333], [10.991143333333333, 55.41104166666666], [10.832123333333334, 55.56118166666667], [10.792551666666666, 55.674525], [10.815043333333334, 55.783635], [10.824621666666667, 55.889541666666666], [11.045233333333334, 55.98159333333333], [11.08977, 56.093201666666666]]}, "properties": {"label": "SEA RAPTOR", "mmsi": "538011255", "imo": "9356751", "name": "SEA RAPTOR", "shiptype": "", "first_seen_utc": "2026-01-17T05:25:12Z", "last_seen_utc": "2026-01-21T02:23:15Z", "destination": "PORT SAID", "eta": "{'Day': 3, 'Hour': 22, 'Minute': 0, 'Month': 2}", "display": "", "links": "<a href=\"https://www.vesselfinder.com/vessels?name=9356751\" target=\"_blank\" rel=\"noopener\">VesselFinder</a> | <a href=\"https://www.marinetraffic.com/en/ais/search/all?keyword=9356751\" target=\"_blank\" rel=\"noopener\">MarineTraffic</a>", "vf_url": "https://www.vesselfinder.com/vessels?name=9356751", "mst_url": "https://www.marinetraffic.com/en/ais/search/all?keyword=9356751", "method": "v3_2pass_track3d_fromru10d", "ru_seen_in_lookback": true, "in_monitor_on_day": true}}, {"type": "Feature", "geometry": {"type": "Point", "coordinates": [11.08977, 56.093201666666666]}, "properties": {"label": "SEA RAPTOR", "mmsi": "538011255", "imo": "9356751", "name": "SEA RAPTOR", "shiptype": "", "first_seen_utc": "2026-01-17T05:25:12Z", "last_seen_utc": "2026-01-21T02:23:15Z", "destination": "PORT SAID", "eta": "{'Day': 3, 'Hour': 22, 'Minute': 0, 'Month': 2}", "display": "SEA RAPTOR (538011255)", "links": "<a href=\"https://www.vesselfinder.com/vessels?name=9356751\" target=\"_blank\" rel=\"noopener\">VesselFinder</a> | <a href=\"https://www.marinetraffic.com/en/ais/search/all?keyword=9356751\" target=\"_blank\" rel=\"noopener\">MarineTraffic</a>", "vf_url": "https://www.vesselfinder.com/vessels?name=9356751", "mst_url": "https://www.marinetraffic.com/en/ais/search/all?keyword=9356751", "method": "v3_2pass_track3d_fromru10d", "ru_seen_in_lookback": true, "in_monitor_on_day": true}}, {"type": "Feature", "geometry": {"type": "LineString", "coordinates": [[8.49217, 53.60930666666666], [8.560681666666666, 53.546436666666665], [8.545206666666667, 53.51576166666667], [8.5446, 53.51424333333333], [8.54425, 53.514291666666665], [8.543655, 53.514588333333336], [8.543245, 53.51426], [8.543266666666666, 53.51493], [8.54305, 53.51418], [8.542828333333334, 53.51432], [8.543033333333334, 53.51428833333333], [8.54283, 53.514555], [8.543026666666666, 53.51418], [8.543846666666667, 53.513940000000005], [8.542914999999999, 53.51433], [8.548033333333333, 53.51586833333333], [8.544606666666665, 53.514810000000004], [8.544823333333333, 53.51409666666667], [8.545216666666667, 53.515075], [8.545178333333332, 53.51464333333333], [8.514231666666667, 53.50330333333333], [8.490768333333333, 53.44734166666667], [8.497286666666666, 53.38473666666666], [8.492485, 53.335103333333336], [8.489711666666667, 53.33321333333333], [8.489659999999999, 53.33321], [8.489758333333333, 53.33317666666667], [8.489603333333333, 53.333148333333334], [8.489613333333333, 53.33311666666667], [8.489643333333333, 53.33318833333333], [8.489701666666667, 53.33317833333333], [8.489681666666666, 53.33313833333333], [8.489691666666667, 53.33323166666666], [8.489633333333334, 53.33317], [8.489721666666666, 53.33321333333333], [8.489655, 53.33321], [8.489643333333333, 53.333198333333335], [8.489616666666667, 53.333144999999995], [8.489656666666667, 53.33322333333333], [8.489726666666666, 53.33313]]}, "properties": {"label": "KARIN", "mmsi": "305175000", "imo": "9376464", "name": "KARIN", "shiptype": "", "first_seen_utc": "2026-01-17T23:45:03Z", "last_seen_utc": "2026-01-21T03:45:17Z", "destination": "DEBKE", "eta": "{'Day': 20, 'Hour': 8, 'Minute': 0, 'Month': 1}", "display": "", "links": "<a href=\"https://www.vesselfinder.com/vessels?name=9376464\" target=\"_blank\" rel=\"noopener\">VesselFinder</a> | <a href=\"https://www.marinetraffic.com/en/ais/search/all?keyword=9376464\" target=\"_blank\" rel=\"noopener\">MarineTraffic</a>", "vf_url": "https://www.vesselfinder.com/vessels?name=9376464", "mst_url": "https://www.marinetraffic.com/en/ais/search/all?keyword=9376464", "method": "v3_2pass_track3d_fromru10d", "ru_seen_in_lookback": true, "in_monitor_on_day": true}}, {"type": "Feature", "geometry": {"type": "Point", "coordinates": [8.489726666666666, 53.33313]}, "properties": {"label": "KARIN", "mmsi": "305175000", "imo": "9376464", "name": "KARIN", "shiptype": "", "first_seen_utc": "2026-01-17T23:45:03Z", "last_seen_utc": "2026-01-21T03:45:17Z", "destination": "DEBKE", "eta": "{'Day': 20, 'Hour': 8, 'Minute': 0, 'Month': 1}", "display": "KARIN (305175000)", "links": "<a href=\"https://www.vesselfinder.com/vessels?name=9376464\" target=\"_blank\" rel=\"noopener\">VesselFinder</a> | <a href=\"https://www.marinetraffic.com/en/ais/search/all?keyword=9376464\" target=\"_blank\" rel=\"noopener\">MarineTraffic</a>", "vf_url": "https://www.vesselfinder.com/vessels?name=9376464", "mst_url": "https://www.marinetraffic.com/en/ais/search/all?keyword=9376464", "method": "v3_2pass_track3d_fromru10d", "ru_seen_in_lookback": true, "in_monitor_on_day": true}}, {"type": "Feature", "geometry": {"type": "LineString", "coordinates": [[16.152631666666668, 55.762965], [15.931136666666667, 55.72752333333334], [15.711870000000001, 55.700590000000005], [15.536381666666667, 55.675576666666664], [15.380305, 55.65257666666666], [15.180011666666667, 55.61367499999999], [15.028166666666667, 55.571713333333335], [14.882208333333333, 55.528040000000004], [14.73405, 55.482795], [14.588546666666668, 55.431235], [14.454026666666666, 55.34428333333334], [13.762473333333332, 55.007985], [13.59151, 54.97384666666667], [13.430123333333334, 54.94298666666667], [13.176176666666667, 54.88612666666667], [13.037055, 54.85624833333333], [12.909378333333333, 54.82298333333333], [12.766496666666665, 54.78713666666667], [12.610818333333333, 54.72709166666667], [12.489836666666667, 54.68071666666666], [12.382328333333334, 54.636610000000005]]}, "properties": {"label": "ZAPHIRA", "mmsi": "511101398", "imo": "9587831", "name": "ZAPHIRA", "shiptype": "", "first_seen_utc": "2026-01-18T10:22:50Z", "last_seen_utc": "2026-01-21T03:24:57Z", "destination": "MAMOH FOR ORDER", "eta": "{'Day': 27, 'Hour': 15, 'Minute': 0, 'Month': 1}", "display": "", "links": "<a href=\"https://www.vesselfinder.com/vessels?name=9587831\" target=\"_blank\" rel=\"noopener\">VesselFinder</a> | <a href=\"https://www.marinetraffic.com/en/ais/search/all?keyword=9587831\" target=\"_blank\" rel=\"noopener\">MarineTraffic</a>", "vf_url": "https://www.vesselfinder.com/vessels?name=9587831", "mst_url": "https://www.marinetraffic.com/en/ais/search/all?keyword=9587831", "method": "v3_2pass_track3d_fromru10d", "ru_seen_in_lookback": true, "in_monitor_on_day": true}}, {"type": "Feature", "geometry": {"type": "Point", "coordinates": [12.382328333333334, 54.636610000000005]}, "properties": {"label": "ZAPHIRA", "mmsi": "511101398", "imo": "9587831", "name": "ZAPHIRA", "shiptype": "", "first_seen_utc": "2026-01-18T10:22:50Z", "last_seen_utc": "2026-01-21T03:24:57Z", "destination": "MAMOH FOR ORDER", "eta": "{'Day': 27, 'Hour': 15, 'Minute': 0, 'Month': 1}", "display": "ZAPHIRA (511101398)", "links": "<a href=\"https://www.vesselfinder.com/vessels?name=9587831\" target=\"_blank\" rel=\"noopener\">VesselFinder</a> | <a href=\"https://www.marinetraffic.com/en/ais/search/all?keyword=9587831\" target=\"_blank\" rel=\"noopener\">MarineTraffic</a>", "vf_url": "https://www.vesselfinder.com/vessels?name=9587831", "mst_url": "https://www.marinetraffic.com/en/ais/search/all?keyword=9587831", "method": "v3_2pass_track3d_fromru10d", "ru_seen_in_lookback": true, "in_monitor_on_day": true}}]}