{"type": "FeatureCollection", "features": [{"type": "Feature", "geometry": {"type": "LineString", "coordinates": [[18.84864333333333, 54.46225666666667], [18.848733333333332, 54.46219166666666], [18.848698333333335, 54.462286666666664], [18.848246666666668, 54.46268666666666], [18.848748333333333, 54.46206666666667], [18.848983333333333, 54.46187166666667], [18.848608333333335, 54.46252166666667], [18.849316666666667, 54.461756666666666], [18.848758333333333, 54.462376666666664], [18.848528333333334, 54.462225], [18.849401666666665, 54.4615], [18.848476666666667, 54.462554999999995], [18.84828666666667, 54.46253333333333], [18.848934999999997, 54.46212333333334], [18.848205, 54.46254], [18.848143333333333, 54.462485], [18.84875333333333, 54.462136666666666], [18.848388333333332, 54.46245666666667], [18.84828, 54.46238833333334], [18.848601666666664, 54.46227], [18.84908, 54.462044999999996], [18.848166666666668, 54.46247], [18.84667166666667, 54.46207833333334], [18.90666, 54.445074999999996], [18.76902833333333, 54.40848833333334], [18.71968, 54.38833666666667], [18.719953333333333, 54.38829166666667], [18.719861666666667, 54.388218333333334], [18.71977, 54.38809166666667], [18.719865000000002, 54.388235], [18.719875000000002, 54.38823333333333], [18.719976666666664, 54.38813833333334], [18.719866666666668, 54.38818666666667], [18.719835, 54.38825666666666], [18.719841666666664, 54.38821666666667], [18.719821666666668, 54.388153333333335], [18.71987, 54.38818833333333], [18.719881666666666, 54.388193333333334], [18.71984666666667, 54.38831166666667], [18.719890000000003, 54.38825333333333], [18.719816666666667, 54.38813666666667], [18.719893333333335, 54.388236666666664], [18.71989166666667, 54.38818666666667], [18.719921666666668, 54.388225000000006], [18.719836666666666, 54.38820833333333], [18.719888333333333, 54.388241666666666], [18.7199, 54.38816333333333], [18.71987, 54.38821], [18.719836666666666, 54.38821], [18.719841666666664, 54.38820833333333], [18.719805, 54.38826666666667], [18.71983, 54.38814166666667], [18.719831666666668, 54.38822666666667], [18.719886666666664, 54.38823166666667], [18.71989166666667, 54.388223333333336], [18.719906666666667, 54.38817166666667], [18.719943333333333, 54.38821333333333], [18.71985, 54.388180000000006], [18.719820000000002, 54.388205], [18.719848333333335, 54.38822666666667], [18.719848333333335, 54.38821], [18.719843333333333, 54.38821333333333], [18.720005, 54.38821], [18.719841666666664, 54.38818166666667], [18.719845000000003, 54.388218333333334], [18.719873333333332, 54.388205], [18.719856666666665, 54.38820666666666], [18.719861666666667, 54.38822833333334], [18.719886666666664, 54.388223333333336], [18.71988, 54.38822666666667], [18.719906666666667, 54.38818833333333], [18.719848333333335, 54.388218333333334], [18.719878333333334, 54.38820333333333], [18.71983, 54.388205], [18.719871666666666, 54.388205], [18.719913333333334, 54.388191666666664], [18.719923333333334, 54.38824666666667], [18.719888333333333, 54.388236666666664], [18.719856666666665, 54.388218333333334], [18.719853333333333, 54.388191666666664], [18.716839999999998, 54.39795], [18.819098333333333, 54.41493666666667], [19.005428333333334, 54.47164833333333], [19.106603333333332, 54.585433333333334], [19.077828333333333, 54.70074833333333]]}, "properties": {"label": "API BHUM", "mmsi": "563167500", "imo": "9292149", "name": "API BHUM", "shiptype": "", "first_seen_utc": "2025-12-27T00:02:34Z", "last_seen_utc": "2026-01-05T04:45:49Z", "destination": "DEBRV", "eta": "{'Day': 7, 'Hour': 8, 'Minute': 30, 'Month': 1}", "display": "", "links": "<a href=\"https://www.vesselfinder.com/vessels?name=9292149\" target=\"_blank\" rel=\"noopener\">VesselFinder</a> | <a href=\"https://www.marinetraffic.com/en/ais/search/all?keyword=9292149\" target=\"_blank\" rel=\"noopener\">MarineTraffic</a>", "vf_url": "https://www.vesselfinder.com/vessels?name=9292149", "mst_url": "https://www.marinetraffic.com/en/ais/search/all?keyword=9292149", "method": "v3_2pass_track3d_fromru10d", "ru_seen_in_lookback": true, "in_monitor_on_day": true}}, {"type": "Feature", "geometry": {"type": "Point", "coordinates": [19.077828333333333, 54.70074833333333]}, "properties": {"label": "API BHUM", "mmsi": "563167500", "imo": "9292149", "name": "API BHUM", "shiptype": "", "first_seen_utc": "2025-12-27T00:02:34Z", "last_seen_utc": "2026-01-05T04:45:49Z", "destination": "DEBRV", "eta": "{'Day': 7, 'Hour': 8, 'Minute': 30, 'Month': 1}", "display": "API BHUM (563167500)", "links": "<a href=\"https://www.vesselfinder.com/vessels?name=9292149\" target=\"_blank\" rel=\"noopener\">VesselFinder</a> | <a href=\"https://www.marinetraffic.com/en/ais/search/all?keyword=9292149\" target=\"_blank\" rel=\"noopener\">MarineTraffic</a>", "vf_url": "https://www.vesselfinder.com/vessels?name=9292149", "mst_url": "https://www.marinetraffic.com/en/ais/search/all?keyword=9292149", "method": "v3_2pass_track3d_fromru10d", "ru_seen_in_lookback": true, "in_monitor_on_day": true}}, {"type": "Feature", "geometry": {"type": "LineString", "coordinates": [[3.184455, 51.345985000000006], [3.184455, 51.345953333333334], [3.1844483333333335, 51.345956666666666], [3.1844616666666665, 51.345974999999996], [3.1844650000000003, 51.34596], [3.1844283333333334, 51.345931666666665], [3.1844616666666665, 51.34596], [3.1844333333333332, 51.34597], [3.18444, 51.34597333333333], [3.184466666666667, 51.34594833333333], [3.1844916666666667, 51.34598166666667], [3.184451666666667, 51.346041666666665], [3.1844266666666665, 51.345971666666664], [3.1844916666666667, 51.345956666666666], [3.1844266666666665, 51.34596333333333], [3.184483333333333, 51.345955000000004], [3.1844683333333332, 51.34592333333333], [3.1844916666666667, 51.34598833333334], [3.184481666666667, 51.345940000000006], [3.184415, 51.34598166666667], [3.18439, 51.346001666666666], [3.1844733333333335, 51.34591833333333], [3.1844483333333335, 51.34598166666667], [3.184476666666667, 51.34598833333334], [3.1844866666666665, 51.34594666666667], [3.1845149999999998, 51.345931666666665], [3.184475, 51.34597], [3.1844733333333335, 51.346000000000004], [3.1844416666666664, 51.345996666666665], [3.1844216666666667, 51.34596], [3.1844200000000003, 51.345985000000006], [3.1844283333333334, 51.34597833333333], [3.1844316666666668, 51.34599166666667], [3.184451666666667, 51.345953333333334], [3.1844266666666665, 51.345976666666665], [3.1844183333333334, 51.34595], [3.184536666666667, 51.34595], [3.18441, 51.34599166666667], [3.1843966666666663, 51.34595], [3.1844483333333335, 51.34596666666666], [3.184501666666667, 51.34597333333333], [3.18445, 51.34596], [3.184475, 51.34595], [3.1844233333333336, 51.34594666666667], [3.184436666666667, 51.345958333333336], [3.1844433333333333, 51.34596333333333], [3.184458333333333, 51.345995], [3.18449, 51.34591666666667], [3.184476666666667, 51.345931666666665], [3.184466666666667, 51.34596333333333], [3.184451666666667, 51.34599166666667], [3.18453, 51.345945], [3.1844233333333336, 51.34594666666667], [3.1844616666666665, 51.345953333333334], [3.184495, 51.34596], [3.184436666666667, 51.345980000000004], [3.184415, 51.34597833333333], [3.184455, 51.34591833333333], [3.1844266666666665, 51.34591666666667], [3.1843999999999997, 51.34594666666667], [3.18444, 51.34596333333333], [3.1844333333333332, 51.34598833333334], [3.1843999999999997, 51.345958333333336], [3.18439, 51.34595], [3.1844116666666666, 51.34594166666667], [3.18444, 51.34590333333333], [3.18444, 51.34594833333333], [3.1844116666666666, 51.345953333333334], [3.184406666666667, 51.345929999999996], [3.1844783333333333, 51.345955000000004], [3.1845, 51.34592166666666], [3.184255, 51.34594166666667], [3.1844083333333333, 51.34596], [3.1844033333333335, 51.34594833333333], [3.184476666666667, 51.34594333333334], [3.1844533333333334, 51.345938333333336], [3.184368333333333, 51.34597833333333], [3.18443, 51.345983333333336], [3.1955866666666664, 51.35832333333334], [3.098628333333333, 51.40229333333333], [2.936523333333333, 51.41708833333333], [2.7784116666666665, 51.411015], [2.7083466666666665, 51.39236833333334]]}, "properties": {"label": "OOCL TURKIYE", "mmsi": "477887800", "imo": "9908138", "name": "OOCL TURKIYE", "shiptype": "", "first_seen_utc": "2025-12-27T00:03:19Z", "last_seen_utc": "2026-01-05T04:24:57Z", "destination": "BEZEE>WANDELAAR ANCH", "eta": "{'Day': 5, 'Hour': 4, 'Minute': 30, 'Month': 1}", "display": "", "links": "<a href=\"https://www.vesselfinder.com/vessels?name=9908138\" target=\"_blank\" rel=\"noopener\">VesselFinder</a> | <a href=\"https://www.marinetraffic.com/en/ais/search/all?keyword=9908138\" target=\"_blank\" rel=\"noopener\">MarineTraffic</a>", "vf_url": "https://www.vesselfinder.com/vessels?name=9908138", "mst_url": "https://www.marinetraffic.com/en/ais/search/all?keyword=9908138", "method": "v3_2pass_track3d_fromru10d", "ru_seen_in_lookback": true, "in_monitor_on_day": true}}, {"type": "Feature", "geometry": {"type": "Point", "coordinates": [2.7083466666666665, 51.39236833333334]}, "properties": {"label": "OOCL TURKIYE", "mmsi": "477887800", "imo": "9908138", "name": "OOCL TURKIYE", "shiptype": "", "first_seen_utc": "2025-12-27T00:03:19Z", "last_seen_utc": "2026-01-05T04:24:57Z", "destination": "BEZEE>WANDELAAR ANCH", "eta": "{'Day': 5, 'Hour': 4, 'Minute': 30, 'Month': 1}", "display": "OOCL TURKIYE (477887800)", "links": "<a href=\"https://www.vesselfinder.com/vessels?name=9908138\" target=\"_blank\" rel=\"noopener\">VesselFinder</a> | <a href=\"https://www.marinetraffic.com/en/ais/search/all?keyword=9908138\" target=\"_blank\" rel=\"noopener\">MarineTraffic</a>", "vf_url": "https://www.vesselfinder.com/vessels?name=9908138", "mst_url": "https://www.marinetraffic.com/en/ais/search/all?keyword=9908138", "method": "v3_2pass_track3d_fromru10d", "ru_seen_in_lookback": true, "in_monitor_on_day": true}}, {"type": "Feature", "geometry": {"type": "LineString", "coordinates": [[19.004489999999997, 54.89897333333333], [19.024636666666666, 54.803165], [19.043115, 54.70544333333333], [19.076038333333333, 54.62123999999999], [19.057596666666665, 54.59245166666666], [19.036015000000003, 54.56597166666666], [19.011923333333336, 54.537565], [18.988453333333332, 54.510095], [18.964041666666667, 54.48211333333334], [18.941354999999998, 54.45666833333333], [18.895275, 54.436593333333334], [18.808586666666667, 54.42249], [18.7185, 54.38900833333333], [18.713418333333333, 54.38606333333333], [18.71302166666667, 54.38625666666667], [18.71300666666667, 54.38627666666666], [18.71300666666667, 54.386226666666666], [18.713081666666668, 54.386265], [18.713148333333333, 54.386223333333334], [18.71297333333333, 54.38626333333333], [18.71297333333333, 54.38623166666666], [18.713038333333333, 54.38621], [18.71294, 54.38623], [18.712988333333332, 54.38624], [18.71296166666667, 54.38626333333333], [18.71301833333333, 54.386223333333334], [18.713033333333332, 54.38621333333333], [18.712965, 54.386226666666666], [18.713019999999997, 54.386223333333334], [18.713036666666667, 54.38621833333333], [18.713205000000002, 54.38617], [18.71302166666667, 54.386223333333334], [18.713068333333336, 54.38629], [18.713113333333336, 54.386465], [18.713098333333335, 54.38632], [18.713025000000002, 54.38623], [18.712891666666668, 54.386355], [18.712993333333333, 54.38626333333333], [18.712963333333335, 54.386265], [18.713015, 54.38624166666667], [18.71306666666667, 54.38625833333333], [18.71300666666667, 54.386265], [18.721785, 54.39890833333333], [18.905790000000003, 54.42785166666667]]}, "properties": {"label": "NORDIC ISTRIA", "mmsi": "255806452", "imo": "9474383", "name": "NORDIC ISTRIA", "shiptype": "", "first_seen_utc": "2025-12-27T00:05:32Z", "last_seen_utc": "2026-01-05T04:18:19Z", "destination": "FIRAU", "eta": "{'Day': 6, 'Hour': 13, 'Minute': 0, 'Month': 1}", "display": "", "links": "<a href=\"https://www.vesselfinder.com/vessels?name=9474383\" target=\"_blank\" rel=\"noopener\">VesselFinder</a> | <a href=\"https://www.marinetraffic.com/en/ais/search/all?keyword=9474383\" target=\"_blank\" rel=\"noopener\">MarineTraffic</a>", "vf_url": "https://www.vesselfinder.com/vessels?name=9474383", "mst_url": "https://www.marinetraffic.com/en/ais/search/all?keyword=9474383", "method": "v3_2pass_track3d_fromru10d", "ru_seen_in_lookback": true, "in_monitor_on_day": true}}, {"type": "Feature", "geometry": {"type": "Point", "coordinates": [18.905790000000003, 54.42785166666667]}, "properties": {"label": "NORDIC ISTRIA", "mmsi": "255806452", "imo": "9474383", "name": "NORDIC ISTRIA", "shiptype": "", "first_seen_utc": "2025-12-27T00:05:32Z", "last_seen_utc": "2026-01-05T04:18:19Z", "destination": "FIRAU", "eta": "{'Day': 6, 'Hour': 13, 'Minute': 0, 'Month': 1}", "display": "NORDIC ISTRIA (255806452)", "links": "<a href=\"https://www.vesselfinder.com/vessels?name=9474383\" target=\"_blank\" rel=\"noopener\">VesselFinder</a> | <a href=\"https://www.marinetraffic.com/en/ais/search/all?keyword=9474383\" target=\"_blank\" rel=\"noopener\">MarineTraffic</a>", "vf_url": "https://www.vesselfinder.com/vessels?name=9474383", "mst_url": "https://www.marinetraffic.com/en/ais/search/all?keyword=9474383", "method": "v3_2pass_track3d_fromru10d", "ru_seen_in_lookback": true, "in_monitor_on_day": true}}, {"type": "Feature", "geometry": {"type": "LineString", "coordinates": [[10.402050000000001, 57.809650000000005], [12.38725, 56.198600000000006], [12.481133333333334, 56.13036666666667], [12.585366666666665, 56.08133333333333], [12.627566666666667, 56.0037], [12.651483333333335, 55.899883333333335], [12.704616666666668, 55.79761666666666], [12.6818, 55.694583333333334], [12.698016666666666, 55.60551666666667], [12.703633333333332, 55.5235], [12.66085, 55.42555], [12.637283333333333, 55.32653333333334], [12.768933333333333, 55.26876666666667], [12.952516666666666, 55.2283], [18.649266666666666, 54.9226], [18.803016666666668, 54.85196666666666], [18.948866666666667, 54.78535], [19.038333333333334, 54.69678333333333], [19.066366666666667, 54.60156666666667], [18.994666666666667, 54.51841666666667], [18.918, 54.44428333333334], [18.873516666666667, 54.44085], [18.874483333333334, 54.44041666666667], [18.8742, 54.44068333333333], [18.87451666666667, 54.440333333333335], [18.87431666666667, 54.44063333333334], [18.8742, 54.44068333333333], [18.8745, 54.440349999999995], [18.87431666666667, 54.44058333333333], [18.8745, 54.44038333333333], [18.874366666666667, 54.44051666666667], [18.874433333333332, 54.44043333333333], [18.8745, 54.44028333333333], [18.8745, 54.44036666666667], [18.874716666666664, 54.440016666666665], [18.87475, 54.43963333333333]]}, "properties": {"label": "CGAS PANTHER", "mmsi": "249362000", "imo": "9578000", "name": "CGAS PANTHER", "shiptype": "", "first_seen_utc": "2025-12-27T00:07:55Z", "last_seen_utc": "2026-01-05T04:42:05Z", "destination": "PLGDN", "eta": "{'Day': 4, 'Hour': 21, 'Minute': 0, 'Month': 1}", "display": "", "links": "<a href=\"https://www.vesselfinder.com/vessels?name=9578000\" target=\"_blank\" rel=\"noopener\">VesselFinder</a> | <a href=\"https://www.marinetraffic.com/en/ais/search/all?keyword=9578000\" target=\"_blank\" rel=\"noopener\">MarineTraffic</a>", "vf_url": "https://www.vesselfinder.com/vessels?name=9578000", "mst_url": "https://www.marinetraffic.com/en/ais/search/all?keyword=9578000", "method": "v3_2pass_track3d_fromru10d", "ru_seen_in_lookback": true, "in_monitor_on_day": true}}, {"type": "Feature", "geometry": {"type": "Point", "coordinates": [18.87475, 54.43963333333333]}, "properties": {"label": "CGAS PANTHER", "mmsi": "249362000", "imo": "9578000", "name": "CGAS PANTHER", "shiptype": "", "first_seen_utc": "2025-12-27T00:07:55Z", "last_seen_utc": "2026-01-05T04:42:05Z", "destination": "PLGDN", "eta": "{'Day': 4, 'Hour': 21, 'Minute': 0, 'Month': 1}", "display": "CGAS PANTHER (249362000)", "links": "<a href=\"https://www.vesselfinder.com/vessels?name=9578000\" target=\"_blank\" rel=\"noopener\">VesselFinder</a> | <a href=\"https://www.marinetraffic.com/en/ais/search/all?keyword=9578000\" target=\"_blank\" rel=\"noopener\">MarineTraffic</a>", "vf_url": "https://www.vesselfinder.com/vessels?name=9578000", "mst_url": "https://www.marinetraffic.com/en/ais/search/all?keyword=9578000", "method": "v3_2pass_track3d_fromru10d", "ru_seen_in_lookback": true, "in_monitor_on_day": true}}, {"type": "Feature", "geometry": {"type": "LineString", "coordinates": [[18.954165, 54.55717833333333], [18.966966666666668, 54.55905], [18.980185, 54.56107], [18.990141666666666, 54.564175], [19.001435, 54.56745333333333], [18.984243333333332, 54.56663833333334], [18.942561666666666, 54.557116666666666], [18.91539, 54.550979999999996], [18.917263333333334, 54.54998833333333], [18.929615000000002, 54.55162666666667], [18.945333333333334, 54.54775333333334], [18.917238333333334, 54.546503333333334], [18.884849999999997, 54.559345], [18.90706, 54.55742333333333], [18.922163333333334, 54.557415], [18.94016, 54.55633666666667], [18.95736833333333, 54.555125], [18.974756666666668, 54.553985], [18.992205000000002, 54.549335], [18.966635, 54.55130833333333], [18.919575000000002, 54.560008333333336], [18.890988333333333, 54.558144999999996], [18.897536666666667, 54.555901666666664], [18.911628333333333, 54.55532], [18.925223333333335, 54.55490833333333], [18.9371, 54.555188333333334], [18.947439999999997, 54.555708333333335], [18.95772, 54.55609166666667], [18.968238333333332, 54.556455], [18.97983833333333, 54.55756333333333], [18.9918, 54.55898833333333], [18.997558333333334, 54.56183], [18.959760000000003, 54.562268333333336], [18.917086666666666, 54.56744333333334], [18.89866, 54.563183333333335], [18.868616666666664, 54.54067333333333], [18.870216666666668, 54.524768333333334], [18.86835166666667, 54.52419166666667], [18.872163333333333, 54.52769], [18.877213333333334, 54.53152333333333], [18.882051666666666, 54.53582166666667], [18.885765, 54.54059333333333], [18.889765, 54.544945], [18.894855, 54.548991666666666], [18.901416666666666, 54.552085000000005], [18.91045666666667, 54.554155], [18.922058333333332, 54.55478], [18.935331666666666, 54.553711666666665], [18.948801666666668, 54.55265833333333], [18.96149, 54.552231666666664], [18.97435833333333, 54.55224166666667], [18.987375, 54.55331833333333], [18.980265, 54.55792333333333], [18.935658333333333, 54.56175333333333], [18.891978333333334, 54.54714833333333], [18.863951666666665, 54.541713333333334], [18.871064999999998, 54.543525], [18.883665, 54.547505], [18.897100000000002, 54.550055], [18.912233333333333, 54.55191], [18.929570000000002, 54.552773333333334], [18.948030000000003, 54.55294], [18.965161666666667, 54.55218166666667], [18.9837, 54.55012], [18.973891666666667, 54.543715], [18.930915000000002, 54.54410333333333], [18.883245, 54.54342666666666], [18.872328333333332, 54.541536666666666], [18.88378, 54.544245000000004], [18.89662666666667, 54.546715], [18.91136, 54.54877666666666], [18.928035, 54.54974166666667], [18.946401666666667, 54.54969833333334], [18.965296666666667, 54.54884666666667], [18.98478833333333, 54.545435], [18.96833666666667, 54.537578333333336], [18.917605, 54.53814833333333], [18.876283333333333, 54.539745], [18.876811666666665, 54.53880166666667], [18.888495, 54.54192], [18.902788333333334, 54.54341333333333], [18.916845000000002, 54.54503666666667], [18.932488333333332, 54.54551333333333], [18.948486666666668, 54.544963333333335], [18.965813333333333, 54.54339], [18.984495, 54.53963], [18.962403333333334, 54.53553], [18.90948, 54.539305]]}, "properties": {"label": "BERGEN TS", "mmsi": "248024000", "imo": "9737400", "name": "BERGEN TS", "shiptype": "", "first_seen_utc": "2025-12-27T00:08:02Z", "last_seen_utc": "2026-01-05T04:45:37Z", "destination": "NOMON>PLGDN", "eta": "{'Day': 31, 'Hour': 6, 'Minute': 0, 'Month': 12}", "display": "", "links": "<a href=\"https://www.vesselfinder.com/vessels?name=9737400\" target=\"_blank\" rel=\"noopener\">VesselFinder</a> | <a href=\"https://www.marinetraffic.com/en/ais/search/all?keyword=9737400\" target=\"_blank\" rel=\"noopener\">MarineTraffic</a>", "vf_url": "https://www.vesselfinder.com/vessels?name=9737400", "mst_url": "https://www.marinetraffic.com/en/ais/search/all?keyword=9737400", "method": "v3_2pass_track3d_fromru10d", "ru_seen_in_lookback": true, "in_monitor_on_day": true}}, {"type": "Feature", "geometry": {"type": "Point", "coordinates": [18.90948, 54.539305]}, "properties": {"label": "BERGEN TS", "mmsi": "248024000", "imo": "9737400", "name": "BERGEN TS", "shiptype": "", "first_seen_utc": "2025-12-27T00:08:02Z", "last_seen_utc": "2026-01-05T04:45:37Z", "destination": "NOMON>PLGDN", "eta": "{'Day': 31, 'Hour': 6, 'Minute': 0, 'Month': 12}", "display": "BERGEN TS (248024000)", "links": "<a href=\"https://www.vesselfinder.com/vessels?name=9737400\" target=\"_blank\" rel=\"noopener\">VesselFinder</a> | <a href=\"https://www.marinetraffic.com/en/ais/search/all?keyword=9737400\" target=\"_blank\" rel=\"noopener\">MarineTraffic</a>", "vf_url": "https://www.vesselfinder.com/vessels?name=9737400", "mst_url": "https://www.marinetraffic.com/en/ais/search/all?keyword=9737400", "method": "v3_2pass_track3d_fromru10d", "ru_seen_in_lookback": true, "in_monitor_on_day": true}}, {"type": "Feature", "geometry": {"type": "LineString", "coordinates": [[18.561159999999997, 54.532375], [18.561168333333335, 54.53236833333334], [18.56117833333333, 54.53237], [18.561148333333332, 54.53237333333333], [18.56117833333333, 54.53236166666667], [18.56116666666667, 54.532379999999996], [18.56117, 54.53239166666666], [18.561165000000003, 54.532365], [18.561163333333333, 54.53239166666666], [18.56119, 54.53237333333333], [18.56117833333333, 54.53237166666667], [18.561176666666665, 54.53237333333333], [18.561163333333333, 54.532360000000004], [18.56118, 54.53236166666667], [18.561171666666667, 54.532363333333336], [18.56115, 54.532355], [18.561173333333333, 54.53237], [18.56113333333333, 54.53236166666667], [18.561173333333333, 54.53237333333333], [18.561183333333336, 54.53234833333333], [18.561155, 54.53238833333333], [18.561159999999997, 54.53237], [18.561165000000003, 54.53237166666667], [18.561175, 54.532365], [18.561175, 54.532363333333336], [18.561175, 54.532375], [18.561173333333333, 54.532363333333336], [18.56115833333333, 54.532379999999996], [18.561181666666666, 54.53238666666667], [18.561183333333336, 54.532375], [18.56118, 54.53238833333333], [18.561161666666667, 54.532394999999994], [18.561176666666665, 54.532376666666664], [18.561176666666665, 54.53237166666667], [18.56118, 54.532349999999994], [18.561141666666668, 54.532394999999994], [18.561175, 54.532375], [18.56115833333333, 54.53237166666667], [18.56117, 54.532385], [18.561165000000003, 54.53238833333333], [18.561168333333335, 54.53236166666667], [18.561163333333333, 54.532379999999996], [18.561151666666667, 54.532363333333336], [18.561168333333335, 54.532360000000004], [18.561171666666667, 54.53235166666666], [18.561173333333333, 54.53237], [18.561163333333333, 54.53237166666667], [18.561159999999997, 54.532349999999994], [18.56116666666667, 54.53236666666667], [18.561156666666665, 54.53236666666667], [18.561171666666667, 54.532381666666666], [18.561186666666668, 54.53237], [18.561165000000003, 54.53235166666666], [18.561159999999997, 54.53236833333334], [18.561161666666667, 54.532358333333335], [18.56117, 54.53241166666667], [18.561171666666667, 54.53237333333333], [18.561153333333333, 54.53236666666667], [18.560133333333333, 54.534938333333336], [18.663486666666664, 54.53145833333333], [18.718773333333335, 54.521451666666664], [18.719603333333335, 54.52350833333333], [18.719638333333332, 54.52332666666667], [18.720575, 54.52247333333333], [18.720135000000003, 54.52283833333333], [18.719731666666668, 54.52331166666667], [18.720531666666666, 54.52245833333333], [18.719843333333333, 54.52328333333333], [18.72064, 54.52243333333333], [18.719908333333333, 54.52289333333333], [18.720133333333333, 54.522455], [18.719941666666667, 54.522895], [18.720153333333332, 54.52261], [18.72050833333333, 54.52256333333333], [18.72003, 54.52304], [18.720731666666666, 54.52225], [18.720019999999998, 54.52325833333334], [18.720531666666666, 54.52229166666667], [18.720055, 54.52317166666667], [18.720608333333335, 54.522445], [18.720366666666667, 54.52292], [18.72049666666667, 54.52220333333333], [18.720288333333333, 54.522573333333334]]}, "properties": {"label": "AQUARIUS", "mmsi": "636018924", "imo": "9354272", "name": "AQUARIUS", "shiptype": "", "first_seen_utc": "2025-12-27T00:09:02Z", "last_seen_utc": "2026-01-05T04:18:08Z", "destination": "PL GDY > RU LED", "eta": "{'Day': 9, 'Hour': 16, 'Minute': 0, 'Month': 1}", "display": "", "links": "<a href=\"https://www.vesselfinder.com/vessels?name=9354272\" target=\"_blank\" rel=\"noopener\">VesselFinder</a> | <a href=\"https://www.marinetraffic.com/en/ais/search/all?keyword=9354272\" target=\"_blank\" rel=\"noopener\">MarineTraffic</a>", "vf_url": "https://www.vesselfinder.com/vessels?name=9354272", "mst_url": "https://www.marinetraffic.com/en/ais/search/all?keyword=9354272", "method": "v3_2pass_track3d_fromru10d", "ru_seen_in_lookback": true, "in_monitor_on_day": true}}, {"type": "Feature", "geometry": {"type": "Point", "coordinates": [18.720288333333333, 54.522573333333334]}, "properties": {"label": "AQUARIUS", "mmsi": "636018924", "imo": "9354272", "name": "AQUARIUS", "shiptype": "", "first_seen_utc": "2025-12-27T00:09:02Z", "last_seen_utc": "2026-01-05T04:18:08Z", "destination": "PL GDY > RU LED", "eta": "{'Day': 9, 'Hour': 16, 'Minute': 0, 'Month': 1}", "display": "AQUARIUS (636018924)", "links": "<a href=\"https://www.vesselfinder.com/vessels?name=9354272\" target=\"_blank\" rel=\"noopener\">VesselFinder</a> | <a href=\"https://www.marinetraffic.com/en/ais/search/all?keyword=9354272\" target=\"_blank\" rel=\"noopener\">MarineTraffic</a>", "vf_url": "https://www.vesselfinder.com/vessels?name=9354272", "mst_url": "https://www.marinetraffic.com/en/ais/search/all?keyword=9354272", "method": "v3_2pass_track3d_fromru10d", "ru_seen_in_lookback": true, "in_monitor_on_day": true}}, {"type": "Feature", "geometry": {"type": "LineString", "coordinates": [[19.311243333333334, 54.36401333333333], [19.311243333333334, 54.364015], [19.311241666666668, 54.36401166666667], [19.311238333333332, 54.364016666666664], [19.311245, 54.364016666666664], [19.31124833333333, 54.36400666666667], [19.311253333333333, 54.36401], [19.31124833333333, 54.36394833333333], [19.311245, 54.36394666666667], [19.31124, 54.36395166666667], [19.311233333333334, 54.36396], [19.311236666666666, 54.36396166666667], [19.311235, 54.363953333333335], [19.311238333333332, 54.363953333333335], [19.311238333333332, 54.36394666666667], [19.311245, 54.36394666666667], [19.311241666666668, 54.36394333333333], [19.311245, 54.363944999999994], [19.31124, 54.363953333333335], [19.311245, 54.36395666666667], [19.311243333333334, 54.363955000000004], [19.311243333333334, 54.363955000000004], [19.311243333333334, 54.36395166666667], [19.311245, 54.363955000000004], [19.311241666666668, 54.36395666666667], [19.31124, 54.363944999999994], [19.311238333333332, 54.363955000000004], [19.311235, 54.36396333333333], [19.311231666666668, 54.36395166666667], [19.311230000000002, 54.363955000000004], [19.311238333333332, 54.363953333333335], [19.31124, 54.36395666666667], [19.311245, 54.36394666666667], [19.311238333333332, 54.36395666666667], [19.311235, 54.363953333333335], [19.311233333333334, 54.36395666666667], [19.311236666666666, 54.363955000000004], [19.311233333333334, 54.363953333333335], [19.311233333333334, 54.36394666666667], [19.311233333333334, 54.36394833333333], [19.311235, 54.363953333333335], [19.311235, 54.363953333333335], [19.311241666666668, 54.363955000000004], [19.311231666666668, 54.363953333333335], [19.31124, 54.363955000000004], [19.311238333333332, 54.36396], [19.311238333333332, 54.36394833333333], [19.311236666666666, 54.36396], [19.311231666666668, 54.36395666666667], [19.311233333333334, 54.36395666666667], [19.311236666666666, 54.36394833333333], [19.311236666666666, 54.36395166666667], [19.311236666666666, 54.363944999999994], [19.31124, 54.363953333333335], [19.311243333333334, 54.36395166666667], [19.311241666666668, 54.363955000000004], [19.311245, 54.36395], [19.311235, 54.363958333333336], [19.311228333333336, 54.36395666666667], [19.311228333333336, 54.36395166666667], [19.311236666666666, 54.36394833333333], [19.311233333333334, 54.363953333333335], [19.311241666666668, 54.36395166666667], [19.311243333333334, 54.36395], [19.311245, 54.363955000000004], [19.311243333333334, 54.36395666666667], [19.311251666666667, 54.363955000000004], [19.311251666666667, 54.36395666666667], [19.311249999999998, 54.363955000000004], [19.311243333333334, 54.36396], [19.311245, 54.363958333333336], [19.311241666666668, 54.36396], [19.311238333333332, 54.36395], [19.311236666666666, 54.363955000000004], [19.311233333333334, 54.36396333333333], [19.311231666666668, 54.36395666666667], [19.311230000000002, 54.363944999999994], [19.311243333333334, 54.363955000000004], [19.311243333333334, 54.363955000000004], [19.31124833333333, 54.363955000000004], [19.311245, 54.36395666666667], [19.311241666666668, 54.363958333333336], [19.311236666666666, 54.363955000000004], [19.311236666666666, 54.36395666666667], [19.311235, 54.36395166666667], [19.311231666666668, 54.36394833333333], [19.311236666666666, 54.363955000000004]]}, "properties": {"label": "SM PRC 106", "mmsi": "261002090", "imo": "8937560", "name": "SM PRC 106", "shiptype": "", "first_seen_utc": "2025-12-27T00:09:06Z", "last_seen_utc": "2026-01-05T04:24:07Z", "destination": "GDANSK WYSYPISKO", "eta": "{'Day': 3, 'Hour': 10, 'Minute': 0, 'Month': 9}", "display": "", "links": "<a href=\"https://www.vesselfinder.com/vessels?name=8937560\" target=\"_blank\" rel=\"noopener\">VesselFinder</a> | <a href=\"https://www.marinetraffic.com/en/ais/search/all?keyword=8937560\" target=\"_blank\" rel=\"noopener\">MarineTraffic</a>", "vf_url": "https://www.vesselfinder.com/vessels?name=8937560", "mst_url": "https://www.marinetraffic.com/en/ais/search/all?keyword=8937560", "method": "v3_2pass_track3d_fromru10d", "ru_seen_in_lookback": true, "in_monitor_on_day": true}}, {"type": "Feature", "geometry": {"type": "Point", "coordinates": [19.311236666666666, 54.363955000000004]}, "properties": {"label": "SM PRC 106", "mmsi": "261002090", "imo": "8937560", "name": "SM PRC 106", "shiptype": "", "first_seen_utc": "2025-12-27T00:09:06Z", "last_seen_utc": "2026-01-05T04:24:07Z", "destination": "GDANSK WYSYPISKO", "eta": "{'Day': 3, 'Hour': 10, 'Minute': 0, 'Month': 9}", "display": "SM PRC 106 (261002090)", "links": "<a href=\"https://www.vesselfinder.com/vessels?name=8937560\" target=\"_blank\" rel=\"noopener\">VesselFinder</a> | <a href=\"https://www.marinetraffic.com/en/ais/search/all?keyword=8937560\" target=\"_blank\" rel=\"noopener\">MarineTraffic</a>", "vf_url": "https://www.vesselfinder.com/vessels?name=8937560", "mst_url": "https://www.marinetraffic.com/en/ais/search/all?keyword=8937560", "method": "v3_2pass_track3d_fromru10d", "ru_seen_in_lookback": true, "in_monitor_on_day": true}}, {"type": "Feature", "geometry": {"type": "LineString", "coordinates": [[9.950214999999998, 53.53537166666667], [9.950193333333335, 53.53537166666667], [9.950198333333333, 53.53538833333334], [9.950213333333332, 53.535354999999996], [9.950181666666667, 53.53538833333334], [9.950175, 53.53538666666667], [9.95018, 53.53537166666667], [9.950199999999999, 53.53537333333334], [9.950213333333332, 53.535405], [9.950191666666665, 53.53538666666667], [9.950145, 53.53537166666667], [9.950198333333333, 53.535354999999996], [9.95013, 53.535405], [9.950170000000002, 53.53536833333333], [9.950198333333333, 53.535354999999996], [9.950193333333335, 53.535354999999996], [9.950173333333334, 53.53538666666667], [9.95015, 53.535356666666665], [9.950135, 53.53540666666667], [9.95022, 53.535351666666664], [9.950163333333334, 53.53538833333334], [9.950196666666667, 53.535354999999996], [9.950193333333335, 53.53537166666667], [9.950178333333334, 53.53538833333334], [9.950195, 53.53537166666667], [9.950161666666666, 53.535405], [9.950213333333332, 53.53538833333334], [9.950265, 53.53537166666667], [9.95018, 53.53537166666667], [9.950163333333334, 53.53537166666667], [9.950231666666667, 53.53538833333334], [9.950163333333334, 53.53537166666667], [9.950223333333334, 53.53538666666667], [9.95016, 53.535338333333335], [9.950181666666667, 53.53543833333333], [9.950156666666667, 53.53538666666667], [9.950191666666665, 53.53535333333333], [9.95018, 53.53537166666667], [9.950226666666667, 53.535338333333335], [9.95016, 53.53537166666667], [9.950181666666667, 53.53537166666667], [9.950163333333334, 53.53538833333334], [9.950196666666667, 53.535405], [9.950181666666667, 53.53543833333333], [9.950176666666666, 53.535405], [9.950198333333333, 53.53537166666667], [9.95018, 53.53537166666667], [9.95022, 53.53540666666667], [9.950183333333333, 53.53539], [9.950158333333333, 53.535403333333335], [9.950151666666667, 53.53537333333334], [9.950213333333332, 53.535338333333335], [9.950166666666666, 53.535356666666665], [9.950201666666667, 53.53540666666667], [9.946543333333333, 53.54043], [9.915846666666665, 53.539658333333335], [9.915863333333334, 53.53966333333334], [9.915846666666665, 53.53967166666666], [9.915813333333334, 53.539655], [9.915846666666665, 53.539656666666666], [9.915846666666665, 53.53965], [9.915846666666665, 53.53963833333333], [9.91583, 53.53962333333333], [9.915813333333334, 53.539635], [9.91583, 53.53963833333333], [9.91583, 53.53963833333333], [9.915846666666665, 53.539635], [9.915846666666665, 53.53963833333333], [9.915863333333334, 53.539655], [9.915863333333334, 53.539653333333334], [9.915846666666665, 53.53967], [9.915863333333334, 53.53966666666667], [9.91583, 53.539655], [9.915863333333334, 53.53966166666667], [9.91588, 53.53966666666667], [9.915846666666665, 53.539656666666666], [9.915863333333334, 53.539660000000005], [9.886633333333332, 53.542294999999996], [9.764035, 53.56054166666667], [9.629246666666667, 53.578786666666666], [9.519793333333332, 53.65025], [9.439775, 53.735095], [9.347416666666668, 53.83691666666667], [9.162045, 53.88257]]}, "properties": {"label": "ELBWAVE", "mmsi": "209276000", "imo": "9504035", "name": "ELBWAVE", "shiptype": "", "first_seen_utc": "2025-12-27T00:09:08Z", "last_seen_utc": "2026-01-05T04:22:19Z", "destination": "NLRTM", "eta": "{'Day': 5, 'Hour': 21, 'Minute': 0, 'Month': 1}", "display": "", "links": "<a href=\"https://www.vesselfinder.com/vessels?name=9504035\" target=\"_blank\" rel=\"noopener\">VesselFinder</a> | <a href=\"https://www.marinetraffic.com/en/ais/search/all?keyword=9504035\" target=\"_blank\" rel=\"noopener\">MarineTraffic</a>", "vf_url": "https://www.vesselfinder.com/vessels?name=9504035", "mst_url": "https://www.marinetraffic.com/en/ais/search/all?keyword=9504035", "method": "v3_2pass_track3d_fromru10d", "ru_seen_in_lookback": true, "in_monitor_on_day": true}}, {"type": "Feature", "geometry": {"type": "Point", "coordinates": [9.162045, 53.88257]}, "properties": {"label": "ELBWAVE", "mmsi": "209276000", "imo": "9504035", "name": "ELBWAVE", "shiptype": "", "first_seen_utc": "2025-12-27T00:09:08Z", "last_seen_utc": "2026-01-05T04:22:19Z", "destination": "NLRTM", "eta": "{'Day': 5, 'Hour': 21, 'Minute': 0, 'Month': 1}", "display": "ELBWAVE (209276000)", "links": "<a href=\"https://www.vesselfinder.com/vessels?name=9504035\" target=\"_blank\" rel=\"noopener\">VesselFinder</a> | <a href=\"https://www.marinetraffic.com/en/ais/search/all?keyword=9504035\" target=\"_blank\" rel=\"noopener\">MarineTraffic</a>", "vf_url": "https://www.vesselfinder.com/vessels?name=9504035", "mst_url": "https://www.marinetraffic.com/en/ais/search/all?keyword=9504035", "method": "v3_2pass_track3d_fromru10d", "ru_seen_in_lookback": true, "in_monitor_on_day": true}}, {"type": "Feature", "geometry": {"type": "LineString", "coordinates": [[14.536213333333334, 53.66122166666666], [14.596761666666668, 53.57166666666667], [14.620783333333332, 53.491211666666665], [14.608945, 53.421265], [14.59699, 53.41236166666667], [14.590251666666667, 53.41243], [14.590278333333334, 53.412436666666665], [14.590253333333333, 53.412445000000005], [14.590291666666667, 53.41244833333334], [14.590238333333334, 53.412436666666665], [14.590236666666668, 53.412461666666665], [14.590245000000001, 53.41246], [14.590241666666666, 53.41247166666667], [14.590263333333333, 53.41242833333333], [14.590253333333333, 53.412445000000005], [14.590271666666666, 53.41244166666667], [14.590255, 53.41245], [14.590231666666666, 53.412461666666665], [14.590253333333333, 53.41244166666667], [14.590253333333333, 53.41244166666667], [14.590251666666667, 53.412461666666665], [14.59026, 53.41244833333334], [14.590225, 53.41245333333333], [14.590226666666666, 53.41247], [14.590251666666667, 53.41247333333333], [14.59027, 53.412455], [14.590245000000001, 53.41244833333334], [14.590251666666667, 53.41245333333333], [14.590251666666667, 53.412490000000005], [14.59024, 53.41245166666667], [14.590238333333334, 53.412455], [14.590235, 53.41243833333333], [14.590236666666668, 53.41244833333334], [14.59025, 53.41244], [14.590251666666667, 53.41245166666667], [14.590241666666666, 53.412455], [14.59028, 53.41244], [14.590258333333333, 53.41245166666667], [14.590248333333333, 53.41245666666667], [14.590286666666666, 53.41245833333333], [14.59019, 53.41257333333333], [14.600336666666667, 53.46299166666667], [14.62312, 53.544415], [14.54424, 53.655425]]}, "properties": {"label": "DREAM SYRAX", "mmsi": "255915968", "imo": "9719513", "name": "DREAM SYRAX", "shiptype": "", "first_seen_utc": "2025-12-27T00:09:48Z", "last_seen_utc": "2026-01-05T00:14:52Z", "destination": "SE KAN", "eta": "{'Day': 5, 'Hour': 16, 'Minute': 0, 'Month': 1}", "display": "", "links": "<a href=\"https://www.vesselfinder.com/vessels?name=9719513\" target=\"_blank\" rel=\"noopener\">VesselFinder</a> | <a href=\"https://www.marinetraffic.com/en/ais/search/all?keyword=9719513\" target=\"_blank\" rel=\"noopener\">MarineTraffic</a>", "vf_url": "https://www.vesselfinder.com/vessels?name=9719513", "mst_url": "https://www.marinetraffic.com/en/ais/search/all?keyword=9719513", "method": "v3_2pass_track3d_fromru10d", "ru_seen_in_lookback": true, "in_monitor_on_day": true}}, {"type": "Feature", "geometry": {"type": "Point", "coordinates": [14.54424, 53.655425]}, "properties": {"label": "DREAM SYRAX", "mmsi": "255915968", "imo": "9719513", "name": "DREAM SYRAX", "shiptype": "", "first_seen_utc": "2025-12-27T00:09:48Z", "last_seen_utc": "2026-01-05T00:14:52Z", "destination": "SE KAN", "eta": "{'Day': 5, 'Hour': 16, 'Minute': 0, 'Month': 1}", "display": "DREAM SYRAX (255915968)", "links": "<a href=\"https://www.vesselfinder.com/vessels?name=9719513\" target=\"_blank\" rel=\"noopener\">VesselFinder</a> | <a href=\"https://www.marinetraffic.com/en/ais/search/all?keyword=9719513\" target=\"_blank\" rel=\"noopener\">MarineTraffic</a>", "vf_url": "https://www.vesselfinder.com/vessels?name=9719513", "mst_url": "https://www.marinetraffic.com/en/ais/search/all?keyword=9719513", "method": "v3_2pass_track3d_fromru10d", "ru_seen_in_lookback": true, "in_monitor_on_day": true}}, {"type": "Feature", "geometry": {"type": "LineString", "coordinates": [[18.818921666666665, 54.43609166666667], [18.818983333333332, 54.43598], [18.818955000000003, 54.43599], [18.819255, 54.435433333333336], [18.819371666666665, 54.43569166666667], [18.819315, 54.435825], [18.819683333333334, 54.43572666666667], [18.819648333333337, 54.43581666666667], [18.819566666666667, 54.43608666666667], [18.819705, 54.43577333333334], [18.819706666666665, 54.435786666666665], [18.819505, 54.43607], [18.819518333333335, 54.43606333333333], [18.819419999999997, 54.436101666666666], [18.819470000000003, 54.436125], [18.814925000000002, 54.433895], [18.81281166666667, 54.417609999999996], [18.721333333333334, 54.398093333333335], [18.71226, 54.39232833333333], [18.712285, 54.39232166666667], [18.712263333333333, 54.392338333333335], [18.712233333333334, 54.39230666666666], [18.712263333333333, 54.392336666666665], [18.71228166666667, 54.39234166666667], [18.71228166666667, 54.392335], [18.712228333333332, 54.39238666666667], [18.712235, 54.39229666666667], [18.712331666666667, 54.39237333333333], [18.712268333333334, 54.39234333333333], [18.712228333333332, 54.39230833333333], [18.71226, 54.392354999999995], [18.71219166666667, 54.392291666666665], [18.712238333333335, 54.39236166666667], [18.712265, 54.39234166666667], [18.712271666666666, 54.39233166666667], [18.71228166666667, 54.39234666666667], [18.712294999999997, 54.39234], [18.712288333333333, 54.39234666666667], [18.71222, 54.392325], [18.712266666666668, 54.39233166666667], [18.712243333333333, 54.392315], [18.712243333333333, 54.39232333333334], [18.71224, 54.392335], [18.71227, 54.392336666666665], [18.712245, 54.392315], [18.712271666666666, 54.392315], [18.712276666666664, 54.392335], [18.712363333333332, 54.392375], [18.712258333333335, 54.392345], [18.71225666666667, 54.392309999999995], [18.712300000000003, 54.39233], [18.712266666666668, 54.39234166666667], [18.71224833333333, 54.39232166666667], [18.712261666666667, 54.392360000000004], [18.712286666666667, 54.39239], [18.712253333333333, 54.39232333333334], [18.712253333333333, 54.39232833333333], [18.712263333333333, 54.39234333333333], [18.712263333333333, 54.392354999999995], [18.712268333333334, 54.39232333333334], [18.712285, 54.392338333333335], [18.712268333333334, 54.39234833333333], [18.712266666666668, 54.39234833333333], [18.71224, 54.39232833333333], [18.712243333333333, 54.392315], [18.712213333333334, 54.39231333333333], [18.712238333333335, 54.392320000000005], [18.712303333333335, 54.392335], [18.712348333333335, 54.39236166666667], [18.71227, 54.39236833333334], [18.712315, 54.39235333333333], [18.712296666666667, 54.392335], [18.712306666666667, 54.39234], [18.712266666666668, 54.39231333333333], [18.712249999999997, 54.39232833333333], [18.71228, 54.39234], [18.712245, 54.392309999999995], [18.712241666666667, 54.39234333333333], [18.712286666666667, 54.39234], [18.712251666666667, 54.392325], [18.712253333333333, 54.392354999999995], [18.71226, 54.39236166666667], [18.71228, 54.392354999999995]]}, "properties": {"label": "DRINA S", "mmsi": "373240000", "imo": "9635743", "name": "DRINA S", "shiptype": "", "first_seen_utc": "2025-12-27T00:10:13Z", "last_seen_utc": "2026-01-05T04:42:11Z", "destination": "PLGDN", "eta": "{'Day': 31, 'Hour': 6, 'Minute': 0, 'Month': 12}", "display": "", "links": "<a href=\"https://www.vesselfinder.com/vessels?name=9635743\" target=\"_blank\" rel=\"noopener\">VesselFinder</a> | <a href=\"https://www.marinetraffic.com/en/ais/search/all?keyword=9635743\" target=\"_blank\" rel=\"noopener\">MarineTraffic</a>", "vf_url": "https://www.vesselfinder.com/vessels?name=9635743", "mst_url": "https://www.marinetraffic.com/en/ais/search/all?keyword=9635743", "method": "v3_2pass_track3d_fromru10d", "ru_seen_in_lookback": true, "in_monitor_on_day": true}}, {"type": "Feature", "geometry": {"type": "Point", "coordinates": [18.71228, 54.392354999999995]}, "properties": {"label": "DRINA S", "mmsi": "373240000", "imo": "9635743", "name": "DRINA S", "shiptype": "", "first_seen_utc": "2025-12-27T00:10:13Z", "last_seen_utc": "2026-01-05T04:42:11Z", "destination": "PLGDN", "eta": "{'Day': 31, 'Hour': 6, 'Minute': 0, 'Month': 12}", "display": "DRINA S (373240000)", "links": "<a href=\"https://www.vesselfinder.com/vessels?name=9635743\" target=\"_blank\" rel=\"noopener\">VesselFinder</a> | <a href=\"https://www.marinetraffic.com/en/ais/search/all?keyword=9635743\" target=\"_blank\" rel=\"noopener\">MarineTraffic</a>", "vf_url": "https://www.vesselfinder.com/vessels?name=9635743", "mst_url": "https://www.marinetraffic.com/en/ais/search/all?keyword=9635743", "method": "v3_2pass_track3d_fromru10d", "ru_seen_in_lookback": true, "in_monitor_on_day": true}}, {"type": "Feature", "geometry": {"type": "LineString", "coordinates": [[18.681775000000002, 54.402305], [18.681781666666666, 54.40231166666667], [18.681786666666667, 54.40231166666667], [18.681781666666666, 54.40231166666667], [18.681788333333333, 54.40231166666667], [18.681783333333332, 54.40231666666667], [18.681778333333334, 54.40231166666667], [18.681781666666666, 54.40231666666667], [18.681788333333333, 54.40231166666667], [18.681776666666668, 54.40231666666667], [18.68179, 54.40231166666667], [18.68179, 54.40231166666667], [18.681783333333332, 54.40231666666667], [18.681776666666668, 54.40232], [18.681786666666667, 54.40231166666667], [18.681786666666667, 54.40231666666667], [18.681784999999998, 54.40231166666667], [18.681776666666668, 54.40232], [18.681781666666666, 54.40232], [18.681784999999998, 54.40232], [18.681778333333334, 54.40231666666667], [18.681784999999998, 54.40231166666667], [18.681776666666668, 54.40232], [18.681776666666668, 54.40231666666667], [18.681778333333334, 54.40231166666667], [18.681775000000002, 54.40231166666667], [18.681786666666667, 54.40230833333333], [18.681783333333332, 54.40231166666667], [18.681778333333334, 54.40231666666667], [18.681784999999998, 54.402305], [18.681786666666667, 54.40231166666667], [18.681776666666668, 54.40231166666667], [18.681788333333333, 54.40230833333333], [18.681776666666668, 54.40231666666667], [18.681781666666666, 54.40230833333333], [18.681781666666666, 54.40231166666667], [18.681778333333334, 54.40232], [18.681786666666667, 54.40231166666667], [18.681783333333332, 54.40231666666667], [18.681783333333332, 54.40231166666667], [18.681788333333333, 54.402323333333335], [18.681791666666665, 54.40231166666667], [18.681786666666667, 54.40231166666667], [18.681783333333332, 54.40231666666667], [18.681796666666667, 54.402305], [18.68179, 54.40231666666667], [18.681788333333333, 54.40231166666667], [18.681784999999998, 54.40231166666667], [18.681778333333334, 54.40231666666667], [18.681776666666668, 54.40231666666667], [18.681784999999998, 54.40231166666667], [18.681775000000002, 54.40232], [18.681781666666666, 54.40231666666667], [18.68179, 54.40231166666667], [18.681784999999998, 54.40231166666667], [18.681796666666667, 54.40230833333333], [18.681791666666665, 54.40231166666667], [18.681781666666666, 54.40231666666667], [18.681778333333334, 54.40231666666667], [18.681783333333332, 54.40231666666667], [18.681786666666667, 54.40232], [18.68179, 54.40231166666667], [18.681778333333334, 54.40232], [18.681795, 54.40231666666667], [18.681781666666666, 54.40231666666667], [18.681786666666667, 54.40231666666667], [18.681783333333332, 54.40231666666667], [18.681783333333332, 54.40231666666667], [18.681778333333334, 54.40231166666667], [18.681778333333334, 54.40231166666667], [18.681784999999998, 54.40231166666667], [18.681788333333333, 54.402305], [18.681784999999998, 54.40231166666667]]}, "properties": {"label": "ZODIAK II", "mmsi": "261059070", "imo": "9851866", "name": "ZODIAK II", "shiptype": "", "first_seen_utc": "2025-12-27T00:13:17Z", "last_seen_utc": "2026-01-05T04:22:01Z", "destination": "GDANSK", "eta": "{'Day': 2, 'Hour': 19, 'Minute': 0, 'Month': 1}", "display": "", "links": "<a href=\"https://www.vesselfinder.com/vessels?name=9851866\" target=\"_blank\" rel=\"noopener\">VesselFinder</a> | <a href=\"https://www.marinetraffic.com/en/ais/search/all?keyword=9851866\" target=\"_blank\" rel=\"noopener\">MarineTraffic</a>", "vf_url": "https://www.vesselfinder.com/vessels?name=9851866", "mst_url": "https://www.marinetraffic.com/en/ais/search/all?keyword=9851866", "method": "v3_2pass_track3d_fromru10d", "ru_seen_in_lookback": true, "in_monitor_on_day": true}}, {"type": "Feature", "geometry": {"type": "Point", "coordinates": [18.681784999999998, 54.40231166666667]}, "properties": {"label": "ZODIAK II", "mmsi": "261059070", "imo": "9851866", "name": "ZODIAK II", "shiptype": "", "first_seen_utc": "2025-12-27T00:13:17Z", "last_seen_utc": "2026-01-05T04:22:01Z", "destination": "GDANSK", "eta": "{'Day': 2, 'Hour': 19, 'Minute': 0, 'Month': 1}", "display": "ZODIAK II (261059070)", "links": "<a href=\"https://www.vesselfinder.com/vessels?name=9851866\" target=\"_blank\" rel=\"noopener\">VesselFinder</a> | <a href=\"https://www.marinetraffic.com/en/ais/search/all?keyword=9851866\" target=\"_blank\" rel=\"noopener\">MarineTraffic</a>", "vf_url": "https://www.vesselfinder.com/vessels?name=9851866", "mst_url": "https://www.marinetraffic.com/en/ais/search/all?keyword=9851866", "method": "v3_2pass_track3d_fromru10d", "ru_seen_in_lookback": true, "in_monitor_on_day": true}}, {"type": "Feature", "geometry": {"type": "LineString", "coordinates": [[12.27525, 54.6074], [12.231883333333334, 54.528749999999995], [12.183933333333332, 54.452733333333335], [12.048633333333333, 54.443416666666664], [11.902533333333334, 54.442083333333336], [11.760266666666666, 54.44618333333334], [11.632249999999999, 54.47958333333334], [11.501183333333334, 54.51265], [11.362833333333333, 54.54541666666667], [11.2233, 54.5809], [11.095833333333333, 54.62456666666667], [10.969783333333334, 54.67325], [10.87875, 54.73723333333333], [10.8596, 54.82795], [10.903883333333333, 54.90525], [11.0212, 54.99855], [11.046, 55.10888333333333], [11.102749999999999, 55.21], [11.047966666666667, 55.307316666666665], [10.865383333333334, 55.52868333333333], [10.793033333333334, 55.62615], [10.589133333333333, 55.738733333333336], [10.495049999999999, 55.81601666666666], [10.4931, 55.92671666666667], [10.419099999999998, 56.026716666666665], [10.3101, 56.11866666666666], [10.254916666666666, 56.157183333333336], [10.23565, 56.15155], [10.235716666666667, 56.15148333333333], [10.235700000000001, 56.15146666666667], [10.235733333333334, 56.15148333333333], [10.235716666666667, 56.15148333333333], [10.235733333333334, 56.15146666666667], [10.235716666666667, 56.15148333333333], [10.235700000000001, 56.15148333333333], [10.235716666666667, 56.15146666666667], [10.235716666666667, 56.15148333333333], [10.235716666666667, 56.15148333333333], [10.235700000000001, 56.15148333333333], [10.235700000000001, 56.15148333333333], [10.235716666666667, 56.15146666666667], [10.235700000000001, 56.15148333333333], [10.235716666666667, 56.15146666666667], [10.235716666666667, 56.15146666666667], [10.235716666666667, 56.15145], [10.235700000000001, 56.15146666666667], [10.235716666666667, 56.15145], [10.235700000000001, 56.15145], [10.235700000000001, 56.15146666666667], [10.235700000000001, 56.15146666666667], [10.235716666666667, 56.15146666666667], [10.235716666666667, 56.15146666666667], [10.235716666666667, 56.15146666666667], [10.239966666666668, 56.15691666666667], [10.321366666666668, 56.10885], [10.423233333333334, 56.02506666666667], [10.488566666666665, 55.93278333333333], [10.494733333333333, 55.83331666666666], [10.557633333333333, 55.74745], [10.674466666666666, 55.67746666666667], [10.7979, 55.599516666666666], [10.865933333333334, 55.50471666666667], [11.030366666666668, 55.35576666666667], [11.077633333333333, 55.256366666666665], [11.04875, 55.161566666666666], [11.029300000000001, 55.06166666666666], [10.971166666666667, 54.96691666666666], [10.8774, 54.879733333333334], [10.8578, 54.78913333333333], [10.875083333333333, 54.69745], [11.008866666666668, 54.64613333333333], [11.145516666666667, 54.594699999999996], [11.288616666666666, 54.55041666666667]]}, "properties": {"label": "LAURA MAERSK", "mmsi": "219543000", "imo": "9944546", "name": "LAURA MAERSK", "shiptype": "", "first_seen_utc": "2025-12-27T00:14:17Z", "last_seen_utc": "2026-01-05T04:23:07Z", "destination": "PLGDN", "eta": "{'Day': 8, 'Hour': 6, 'Minute': 0, 'Month': 1}", "display": "", "links": "<a href=\"https://www.vesselfinder.com/vessels?name=9944546\" target=\"_blank\" rel=\"noopener\">VesselFinder</a> | <a href=\"https://www.marinetraffic.com/en/ais/search/all?keyword=9944546\" target=\"_blank\" rel=\"noopener\">MarineTraffic</a>", "vf_url": "https://www.vesselfinder.com/vessels?name=9944546", "mst_url": "https://www.marinetraffic.com/en/ais/search/all?keyword=9944546", "method": "v3_2pass_track3d_fromru10d", "ru_seen_in_lookback": true, "in_monitor_on_day": true}}, {"type": "Feature", "geometry": {"type": "Point", "coordinates": [11.288616666666666, 54.55041666666667]}, "properties": {"label": "LAURA MAERSK", "mmsi": "219543000", "imo": "9944546", "name": "LAURA MAERSK", "shiptype": "", "first_seen_utc": "2025-12-27T00:14:17Z", "last_seen_utc": "2026-01-05T04:23:07Z", "destination": "PLGDN", "eta": "{'Day': 8, 'Hour': 6, 'Minute': 0, 'Month': 1}", "display": "LAURA MAERSK (219543000)", "links": "<a href=\"https://www.vesselfinder.com/vessels?name=9944546\" target=\"_blank\" rel=\"noopener\">VesselFinder</a> | <a href=\"https://www.marinetraffic.com/en/ais/search/all?keyword=9944546\" target=\"_blank\" rel=\"noopener\">MarineTraffic</a>", "vf_url": "https://www.vesselfinder.com/vessels?name=9944546", "mst_url": "https://www.marinetraffic.com/en/ais/search/all?keyword=9944546", "method": "v3_2pass_track3d_fromru10d", "ru_seen_in_lookback": true, "in_monitor_on_day": true}}, {"type": "Feature", "geometry": {"type": "LineString", "coordinates": [[12.240726666666665, 54.588073333333334], [12.186765000000001, 54.491735], [12.077101666666666, 54.43371], [11.922963333333334, 54.4189], [11.792135, 54.37002], [11.650701666666667, 54.313120000000005], [11.506026666666665, 54.260151666666665], [11.378546666666667, 54.212785000000004], [11.254346666666667, 54.16158166666666], [11.139999999999999, 54.10422166666667], [11.03, 54.04928333333333], [10.969151666666667, 54.01600333333333], [10.964515, 54.02525166666667], [10.970188333333335, 54.03328666666666], [10.973718333333332, 54.031328333333335], [10.974736666666667, 54.03194], [10.975165, 54.03240166666667], [10.975291666666667, 54.03268333333333], [10.975330000000001, 54.032916666666665], [10.975286666666667, 54.032799999999995], [10.975301666666667, 54.032975], [10.975268333333334, 54.033141666666666], [10.974931666666667, 54.03383833333333], [10.974868333333335, 54.03398333333334], [10.974838333333334, 54.03394], [10.974716666666666, 54.03403333333333], [10.97475, 54.03404666666667], [10.975021666666667, 54.033723333333334], [10.975201666666667, 54.03352833333334], [10.97528, 54.03326333333334], [10.975225, 54.033406666666664], [10.975143333333333, 54.03344166666667], [10.975228333333332, 54.03322166666667], [10.975185000000002, 54.03306], [10.975198333333333, 54.032979999999995], [10.975214999999999, 54.032623333333326], [10.975208333333335, 54.03319833333333], [10.974978333333333, 54.03366166666667], [10.974874999999999, 54.03386], [10.975005000000001, 54.03369333333333], [10.97503, 54.033654999999996], [10.97495, 54.03368833333333], [10.974731666666665, 54.033945], [10.974065, 54.034308333333335], [10.97344, 54.03445], [10.971886666666668, 54.034576666666666], [10.971755, 54.034576666666666], [10.971966666666667, 54.034639999999996], [10.97197, 54.03465333333334], [10.97236, 54.03469166666666], [10.972621666666667, 54.03469], [10.973641666666667, 54.03451166666667], [10.973955, 54.034411666666664], [10.973896666666667, 54.034475], [10.974131666666667, 54.034393333333334], [10.974058333333334, 54.03445], [10.974445, 54.03426833333333], [10.974361666666665, 54.03429833333333], [10.974056666666666, 54.03444833333333], [10.974355000000001, 54.034290000000006], [10.97411, 54.034456666666664]]}, "properties": {"label": "YASA OSAKA", "mmsi": "538010620", "imo": "9948279", "name": "YASA OSAKA", "shiptype": "", "first_seen_utc": "2025-12-27T00:14:45Z", "last_seen_utc": "2026-01-05T04:14:25Z", "destination": "DE LBC", "eta": "{'Day': 3, 'Hour': 20, 'Minute': 0, 'Month': 1}", "display": "", "links": "<a href=\"https://www.vesselfinder.com/vessels?name=9948279\" target=\"_blank\" rel=\"noopener\">VesselFinder</a> | <a href=\"https://www.marinetraffic.com/en/ais/search/all?keyword=9948279\" target=\"_blank\" rel=\"noopener\">MarineTraffic</a>", "vf_url": "https://www.vesselfinder.com/vessels?name=9948279", "mst_url": "https://www.marinetraffic.com/en/ais/search/all?keyword=9948279", "method": "v3_2pass_track3d_fromru10d", "ru_seen_in_lookback": true, "in_monitor_on_day": true}}, {"type": "Feature", "geometry": {"type": "Point", "coordinates": [10.97411, 54.034456666666664]}, "properties": {"label": "YASA OSAKA", "mmsi": "538010620", "imo": "9948279", "name": "YASA OSAKA", "shiptype": "", "first_seen_utc": "2025-12-27T00:14:45Z", "last_seen_utc": "2026-01-05T04:14:25Z", "destination": "DE LBC", "eta": "{'Day': 3, 'Hour': 20, 'Minute': 0, 'Month': 1}", "display": "YASA OSAKA (538010620)", "links": "<a href=\"https://www.vesselfinder.com/vessels?name=9948279\" target=\"_blank\" rel=\"noopener\">VesselFinder</a> | <a href=\"https://www.marinetraffic.com/en/ais/search/all?keyword=9948279\" target=\"_blank\" rel=\"noopener\">MarineTraffic</a>", "vf_url": "https://www.vesselfinder.com/vessels?name=9948279", "mst_url": "https://www.marinetraffic.com/en/ais/search/all?keyword=9948279", "method": "v3_2pass_track3d_fromru10d", "ru_seen_in_lookback": true, "in_monitor_on_day": true}}, {"type": "Feature", "geometry": {"type": "LineString", "coordinates": [[18.711318333333335, 54.387975], [18.711381666666668, 54.38789833333333], [18.711434999999998, 54.38784166666667], [18.711344999999998, 54.387925], [18.711419999999997, 54.387795], [18.711323333333333, 54.387755], [18.71152, 54.387723333333334], [18.711344999999998, 54.38778833333333], [18.71141, 54.387768333333334], [18.711416666666665, 54.38784833333333], [18.711413333333333, 54.38789833333333], [18.71141833333333, 54.387910000000005], [18.711473333333334, 54.387908333333336], [18.711423333333336, 54.38790166666667], [18.711426666666668, 54.387899999999995], [18.711413333333333, 54.387906666666666], [18.711441666666666, 54.38787833333333], [18.71143, 54.38793], [18.711408333333335, 54.38788], [18.71144333333333, 54.38789333333333], [18.71146333333333, 54.38791666666667], [18.711428333333334, 54.387903333333334], [18.711471666666668, 54.387906666666666], [18.711485, 54.387906666666666], [18.711438333333334, 54.387910000000005], [18.711436666666668, 54.38791833333333], [18.711468333333336, 54.38793], [18.71146666666667, 54.387905], [18.711436666666668, 54.38789333333333], [18.71146666666667, 54.38789833333333], [18.71146333333333, 54.387915], [18.711455, 54.387935], [18.711458333333333, 54.387921666666664], [18.711464999999997, 54.38791666666667], [18.711436666666668, 54.38789666666666], [18.71145166666667, 54.38789666666666], [18.71146, 54.387908333333336], [18.711468333333336, 54.387903333333334], [18.71143, 54.38788666666667], [18.711486666666666, 54.38791333333334], [18.711470000000002, 54.387905], [18.711476666666666, 54.387903333333334], [18.711468333333336, 54.387906666666666], [18.711416666666665, 54.38788], [18.711464999999997, 54.387905], [18.711458333333333, 54.38789666666666], [18.71146666666667, 54.38791833333333], [18.711479999999998, 54.38789333333333], [18.711448333333333, 54.38789666666666], [18.71146666666667, 54.387921666666664], [18.726580000000002, 54.40007], [18.846388333333334, 54.41934666666667], [19.01007333333333, 54.476635], [19.125065, 54.611846666666665], [19.046268333333334, 54.754569999999994], [18.85545, 54.841739999999994], [18.418876666666666, 54.962595], [12.537783333333334, 54.702578333333335], [12.400445, 54.64891166666666]]}, "properties": {"label": "OOCL GDYNIA", "mmsi": "477895400", "imo": "9908102", "name": "OOCL GDYNIA", "shiptype": "", "first_seen_utc": "2025-12-27T00:15:26Z", "last_seen_utc": "2026-01-05T04:33:05Z", "destination": "PLGDN=>DEWVN", "eta": "{'Day': 6, 'Hour': 17, 'Minute': 0, 'Month': 1}", "display": "", "links": "<a href=\"https://www.vesselfinder.com/vessels?name=9908102\" target=\"_blank\" rel=\"noopener\">VesselFinder</a> | <a href=\"https://www.marinetraffic.com/en/ais/search/all?keyword=9908102\" target=\"_blank\" rel=\"noopener\">MarineTraffic</a>", "vf_url": "https://www.vesselfinder.com/vessels?name=9908102", "mst_url": "https://www.marinetraffic.com/en/ais/search/all?keyword=9908102", "method": "v3_2pass_track3d_fromru10d", "ru_seen_in_lookback": true, "in_monitor_on_day": true}}, {"type": "Feature", "geometry": {"type": "Point", "coordinates": [12.400445, 54.64891166666666]}, "properties": {"label": "OOCL GDYNIA", "mmsi": "477895400", "imo": "9908102", "name": "OOCL GDYNIA", "shiptype": "", "first_seen_utc": "2025-12-27T00:15:26Z", "last_seen_utc": "2026-01-05T04:33:05Z", "destination": "PLGDN=>DEWVN", "eta": "{'Day': 6, 'Hour': 17, 'Minute': 0, 'Month': 1}", "display": "OOCL GDYNIA (477895400)", "links": "<a href=\"https://www.vesselfinder.com/vessels?name=9908102\" target=\"_blank\" rel=\"noopener\">VesselFinder</a> | <a href=\"https://www.marinetraffic.com/en/ais/search/all?keyword=9908102\" target=\"_blank\" rel=\"noopener\">MarineTraffic</a>", "vf_url": "https://www.vesselfinder.com/vessels?name=9908102", "mst_url": "https://www.marinetraffic.com/en/ais/search/all?keyword=9908102", "method": "v3_2pass_track3d_fromru10d", "ru_seen_in_lookback": true, "in_monitor_on_day": true}}, {"type": "Feature", "geometry": {"type": "LineString", "coordinates": [[18.654553333333336, 54.440335], [18.653715, 54.440565], [18.654436666666665, 54.44112500000001], [18.654316666666666, 54.440396666666665], [18.65450666666667, 54.44023], [18.654738333333334, 54.440041666666666], [18.65435, 54.44049833333334], [18.654510000000002, 54.440295], [18.655083333333334, 54.439771666666665], [18.654331666666668, 54.44053333333333], [18.654665, 54.440171666666664], [18.654798333333336, 54.44001166666667], [18.654205, 54.44050166666667], [18.654216666666667, 54.44052333333333], [18.653838333333333, 54.440605], [18.654423333333334, 54.44029166666667], [18.654621666666667, 54.44014333333334], [18.65453666666667, 54.44018666666667], [18.654636666666665, 54.440128333333334], [18.654431666666667, 54.44021166666666], [18.65432333333333, 54.440311666666666], [18.654181666666666, 54.440445], [18.654025, 54.440540000000006], [18.65423333333333, 54.44040833333334], [18.653198333333332, 54.440630000000006], [18.653978333333335, 54.440603333333335], [18.653106666666666, 54.440635], [18.653341666666666, 54.440621666666665], [18.654066666666665, 54.440540000000006], [18.654305, 54.440466666666666], [18.654594999999997, 54.44027166666667], [18.654510000000002, 54.44022833333334], [18.654623333333333, 54.44031833333334], [18.654858333333333, 54.439951666666666], [18.653431666666666, 54.440556666666666], [18.653898333333334, 54.44049833333334], [18.653838333333333, 54.440505], [18.654226666666666, 54.44051666666667], [18.653534999999998, 54.440576666666665], [18.653671666666664, 54.44063833333333], [18.653235, 54.44068333333333], [18.65372166666667, 54.440619999999996], [18.654395, 54.44041166666667], [18.654703333333334, 54.440090000000005], [18.65487166666667, 54.43987833333333], [18.654861666666665, 54.43983333333333], [18.654848333333334, 54.439780000000006], [18.65477333333333, 54.44009166666667], [18.65467, 54.44020833333333], [18.654673333333335, 54.44021], [18.654438333333335, 54.440266666666666], [18.654906666666665, 54.440038333333334], [18.654363333333333, 54.440306666666665], [18.654703333333334, 54.44012333333333], [18.654718333333335, 54.44000833333334], [18.654296666666667, 54.440405000000005], [18.65446166666667, 54.44027333333334], [18.654623333333333, 54.44015], [18.654298333333333, 54.44051], [18.65446166666667, 54.4403], [18.655115000000002, 54.439793333333334], [18.655055, 54.439791666666665], [18.654563333333332, 54.44023666666667], [18.654585, 54.44011166666667], [18.654766666666667, 54.439975], [18.654421666666668, 54.44031], [18.654339999999998, 54.440465], [18.654991666666668, 54.439814999999996], [18.654654999999998, 54.440158333333336], [18.654288333333334, 54.44046166666667], [18.655008333333335, 54.44000333333334], [18.650948333333336, 54.440055], [18.649216666666668, 54.43362833333333], [18.660708333333332, 54.381330000000005], [18.663505, 54.374476666666666], [18.663476666666668, 54.374525], [18.663496666666667, 54.37451166666666], [18.663505, 54.37453166666667], [18.663415, 54.374521666666666], [18.66351166666667, 54.37453333333334], [18.663525, 54.374476666666666], [18.663433333333334, 54.37446166666667], [18.663490000000003, 54.37449166666667], [18.663495, 54.374521666666666]]}, "properties": {"label": "WILSON LEITH", "mmsi": "311001804", "imo": "9150509", "name": "WILSON LEITH", "shiptype": "", "first_seen_utc": "2025-12-27T00:15:30Z", "last_seen_utc": "2026-01-05T04:18:26Z", "destination": "PL GDN", "eta": "{'Day': 2, 'Hour': 19, 'Minute': 0, 'Month': 1}", "display": "", "links": "<a href=\"https://www.vesselfinder.com/vessels?name=9150509\" target=\"_blank\" rel=\"noopener\">VesselFinder</a> | <a href=\"https://www.marinetraffic.com/en/ais/search/all?keyword=9150509\" target=\"_blank\" rel=\"noopener\">MarineTraffic</a>", "vf_url": "https://www.vesselfinder.com/vessels?name=9150509", "mst_url": "https://www.marinetraffic.com/en/ais/search/all?keyword=9150509", "method": "v3_2pass_track3d_fromru10d", "ru_seen_in_lookback": true, "in_monitor_on_day": true}}, {"type": "Feature", "geometry": {"type": "Point", "coordinates": [18.663495, 54.374521666666666]}, "properties": {"label": "WILSON LEITH", "mmsi": "311001804", "imo": "9150509", "name": "WILSON LEITH", "shiptype": "", "first_seen_utc": "2025-12-27T00:15:30Z", "last_seen_utc": "2026-01-05T04:18:26Z", "destination": "PL GDN", "eta": "{'Day': 2, 'Hour': 19, 'Minute': 0, 'Month': 1}", "display": "WILSON LEITH (311001804)", "links": "<a href=\"https://www.vesselfinder.com/vessels?name=9150509\" target=\"_blank\" rel=\"noopener\">VesselFinder</a> | <a href=\"https://www.marinetraffic.com/en/ais/search/all?keyword=9150509\" target=\"_blank\" rel=\"noopener\">MarineTraffic</a>", "vf_url": "https://www.vesselfinder.com/vessels?name=9150509", "mst_url": "https://www.marinetraffic.com/en/ais/search/all?keyword=9150509", "method": "v3_2pass_track3d_fromru10d", "ru_seen_in_lookback": true, "in_monitor_on_day": true}}, {"type": "Feature", "geometry": {"type": "LineString", "coordinates": [[9.55006, 55.705529999999996], [9.55004, 55.705515], [9.550075, 55.70551833333333], [9.550076666666666, 55.705585], [9.550063333333332, 55.705531666666666], [9.550061666666666, 55.70551833333333], [9.550141666666667, 55.70557833333333], [9.550081666666667, 55.70558166666667], [9.550065, 55.70556666666666], [9.550065, 55.705511666666666], [9.550033333333333, 55.70556666666666], [9.550046666666667, 55.70559166666667], [9.550076666666666, 55.70558833333334], [9.550078333333333, 55.705585], [9.550080000000001, 55.70554333333334], [9.55014, 55.70556666666666], [9.550088333333333, 55.70559], [9.550036666666667, 55.705556666666666], [9.55007, 55.70553833333334], [9.55004, 55.70553833333334], [9.550078333333333, 55.70556], [9.550093333333333, 55.70554333333334], [9.550099999999999, 55.70553833333334], [9.550081666666667, 55.705558333333336], [9.550135000000001, 55.705569999999994], [9.550141666666667, 55.705585], [9.550063333333332, 55.70554833333333], [9.55007, 55.70554333333334], [9.550056666666668, 55.70556833333333], [9.55021, 55.70558833333334], [9.550108333333332, 55.70557833333333], [9.550066666666668, 55.70554333333334], [9.550068333333334, 55.70554833333333], [9.55013, 55.705526666666664], [9.550111666666668, 55.70559], [9.550046666666667, 55.70552166666666], [9.550048333333333, 55.705576666666666], [9.550099999999999, 55.705571666666664], [9.550053333333333, 55.705565], [9.550056666666668, 55.70556166666667], [9.550025, 55.70556833333333], [9.550056666666668, 55.70556166666667], [9.550051666666667, 55.70555], [9.550066666666668, 55.70554333333334], [9.550063333333332, 55.70554], [9.550031666666666, 55.70554333333334], [9.550096666666667, 55.70554833333333], [9.55007, 55.70554833333333], [9.549978333333334, 55.705614999999995], [9.550081666666667, 55.70551666666667], [9.550065, 55.705569999999994], [9.550121666666666, 55.70563833333333], [9.550083333333333, 55.705574999999996], [9.550096666666667, 55.70552166666666], [9.550058333333334, 55.70560833333333], [9.550011666666668, 55.70556833333333], [9.550043333333333, 55.70554833333333], [9.550054999999999, 55.70554833333333], [9.550051666666667, 55.70557833333333], [9.550088333333333, 55.705574999999996], [9.550063333333332, 55.70556166666667], [9.550081666666667, 55.70556833333333], [9.549991666666667, 55.705553333333334], [9.550008333333333, 55.70552833333333], [9.55004, 55.70554333333334], [9.55002, 55.70554333333334], [9.550063333333332, 55.70556333333333], [9.550051666666667, 55.70553666666667], [9.550066666666668, 55.705555], [9.550068333333334, 55.70554833333333], [9.550081666666667, 55.70554], [9.550058333333334, 55.70553666666667], [9.550081666666667, 55.70555], [9.55003, 55.705551666666665], [9.549988333333333, 55.705545], [9.55007, 55.70545166666667], [9.550015, 55.7055], [9.550111666666668, 55.70553333333333], [9.550086666666665, 55.705555], [9.550099999999999, 55.70558833333334], [9.550115, 55.70553333333333], [9.55007, 55.70558333333334], [9.550099999999999, 55.705645], [9.550051666666667, 55.70553833333334]]}, "properties": {"label": "ORACLIFF", "mmsi": "219024550", "imo": "9229532", "name": "ORACLIFF", "shiptype": "", "first_seen_utc": "2025-12-27T00:15:55Z", "last_seen_utc": "2026-01-05T04:29:04Z", "destination": "DK VEJ", "eta": "{'Day': 30, 'Hour': 8, 'Minute': 0, 'Month': 12}", "display": "", "links": "<a href=\"https://www.vesselfinder.com/vessels?name=9229532\" target=\"_blank\" rel=\"noopener\">VesselFinder</a> | <a href=\"https://www.marinetraffic.com/en/ais/search/all?keyword=9229532\" target=\"_blank\" rel=\"noopener\">MarineTraffic</a>", "vf_url": "https://www.vesselfinder.com/vessels?name=9229532", "mst_url": "https://www.marinetraffic.com/en/ais/search/all?keyword=9229532", "method": "v3_2pass_track3d_fromru10d", "ru_seen_in_lookback": true, "in_monitor_on_day": true}}, {"type": "Feature", "geometry": {"type": "Point", "coordinates": [9.550051666666667, 55.70553833333334]}, "properties": {"label": "ORACLIFF", "mmsi": "219024550", "imo": "9229532", "name": "ORACLIFF", "shiptype": "", "first_seen_utc": "2025-12-27T00:15:55Z", "last_seen_utc": "2026-01-05T04:29:04Z", "destination": "DK VEJ", "eta": "{'Day': 30, 'Hour': 8, 'Minute': 0, 'Month': 12}", "display": "ORACLIFF (219024550)", "links": "<a href=\"https://www.vesselfinder.com/vessels?name=9229532\" target=\"_blank\" rel=\"noopener\">VesselFinder</a> | <a href=\"https://www.marinetraffic.com/en/ais/search/all?keyword=9229532\" target=\"_blank\" rel=\"noopener\">MarineTraffic</a>", "vf_url": "https://www.vesselfinder.com/vessels?name=9229532", "mst_url": "https://www.marinetraffic.com/en/ais/search/all?keyword=9229532", "method": "v3_2pass_track3d_fromru10d", "ru_seen_in_lookback": true, "in_monitor_on_day": true}}, {"type": "Feature", "geometry": {"type": "LineString", "coordinates": [[8.363118333333334, 57.774366666666666], [8.265971666666667, 57.77075333333333], [8.171915, 57.767360000000004], [8.073103333333332, 57.76585333333333], [7.969405, 57.76604666666666], [7.873715000000001, 57.76752666666666], [7.776578333333333, 57.769800000000004], [7.671818333333333, 57.77178], [7.565171666666667, 57.77379333333333], [7.460863333333333, 57.775999999999996], [7.355823333333333, 57.777813333333334], [7.256236666666666, 57.77942666666667], [7.149331666666667, 57.78122], [7.050086666666667, 57.78243333333333], [6.9561, 57.78422], [6.8645233333333335, 57.785833333333336], [6.779806666666667, 57.78680666666666], [6.700333333333333, 57.793173333333336], [6.619511666666667, 57.80254], [6.536206666666667, 57.81046666666667], [6.445818333333333, 57.815619999999996], [6.357301666666667, 57.82069333333333], [6.268303333333334, 57.82498666666667], [6.182286666666667, 57.82742], [6.0996983333333334, 57.829206666666664], [6.017736666666667, 57.831406666666666], [5.932445, 57.832366666666665], [5.8512216666666665, 57.833099999999995], [5.7675600000000005, 57.83381333333333], [5.6891, 57.834500000000006], [5.612901666666667, 57.83499333333334], [5.534155, 57.83578], [5.461365, 57.84771333333333], [5.389428333333333, 57.860279999999996], [5.305166666666667, 57.860686666666666], [5.219365, 57.8573], [5.13039, 57.853833333333334], [5.056185, 57.84840666666666], [4.983738333333333, 57.84844666666667], [4.915718333333333, 57.8503], [4.800645, 57.858399999999996], [4.639498333333333, 57.86145333333333], [4.5755, 57.844186666666666], [4.5606800000000005, 57.83226666666667], [4.557805, 57.82805333333333], [4.556926666666667, 57.82647333333333], [4.557131666666667, 57.82479333333333], [4.559176666666667, 57.82304], [4.559786666666667, 57.82134666666666], [4.550833333333333, 57.81953333333333], [4.549033333333333, 57.82194666666667], [4.549004999999999, 57.82197333333333], [4.549016666666666, 57.82194666666667]]}, "properties": {"label": "HILDA KNUTSEN", "mmsi": "257895000", "imo": "9628300", "name": "HILDA KNUTSEN", "shiptype": "", "first_seen_utc": "2025-12-27T00:16:31Z", "last_seen_utc": "2026-01-05T03:32:37Z", "destination": "YME OIL FIELD", "eta": "{'Day': 4, 'Hour': 5, 'Minute': 0, 'Month': 1}", "display": "", "links": "<a href=\"https://www.vesselfinder.com/vessels?name=9628300\" target=\"_blank\" rel=\"noopener\">VesselFinder</a> | <a href=\"https://www.marinetraffic.com/en/ais/search/all?keyword=9628300\" target=\"_blank\" rel=\"noopener\">MarineTraffic</a>", "vf_url": "https://www.vesselfinder.com/vessels?name=9628300", "mst_url": "https://www.marinetraffic.com/en/ais/search/all?keyword=9628300", "method": "v3_2pass_track3d_fromru10d", "ru_seen_in_lookback": true, "in_monitor_on_day": true}}, {"type": "Feature", "geometry": {"type": "Point", "coordinates": [4.549016666666666, 57.82194666666667]}, "properties": {"label": "HILDA KNUTSEN", "mmsi": "257895000", "imo": "9628300", "name": "HILDA KNUTSEN", "shiptype": "", "first_seen_utc": "2025-12-27T00:16:31Z", "last_seen_utc": "2026-01-05T03:32:37Z", "destination": "YME OIL FIELD", "eta": "{'Day': 4, 'Hour': 5, 'Minute': 0, 'Month': 1}", "display": "HILDA KNUTSEN (257895000)", "links": "<a href=\"https://www.vesselfinder.com/vessels?name=9628300\" target=\"_blank\" rel=\"noopener\">VesselFinder</a> | <a href=\"https://www.marinetraffic.com/en/ais/search/all?keyword=9628300\" target=\"_blank\" rel=\"noopener\">MarineTraffic</a>", "vf_url": "https://www.vesselfinder.com/vessels?name=9628300", "mst_url": "https://www.marinetraffic.com/en/ais/search/all?keyword=9628300", "method": "v3_2pass_track3d_fromru10d", "ru_seen_in_lookback": true, "in_monitor_on_day": true}}, {"type": "Feature", "geometry": {"type": "LineString", "coordinates": [[-2.957688333333333, 56.09011666666667], [-2.95699, 56.090235], [-2.958575, 56.09003166666666], [-2.9589116666666664, 56.090338333333335], [-2.9599366666666667, 56.09036833333333], [-2.9596466666666665, 56.090338333333335], [-2.956863333333333, 56.090511666666664], [-2.9565566666666667, 56.09047833333333], [-2.95632, 56.09068], [-2.95579, 56.090844999999995], [-2.9557166666666665, 56.09073333333333], [-2.9563466666666667, 56.09052], [-2.955545, 56.09095333333333], [-2.954823333333333, 56.09144166666667], [-2.9546566666666667, 56.09168833333333], [-2.954378333333333, 56.092054999999995], [-2.9542466666666667, 56.09218166666667], [-2.9542599999999997, 56.09201333333333], [-2.954615, 56.09159833333333], [-2.955093333333333, 56.09117666666667], [-2.9550766666666664, 56.091121666666666], [-2.9549250000000002, 56.091415], [-2.9548283333333334, 56.091568333333335], [-2.9548533333333333, 56.09158166666667], [-2.9556633333333333, 56.090934999999995], [-2.9559816666666667, 56.09086666666667], [-2.9562000000000004, 56.09093166666666], [-2.956351666666667, 56.09084166666666], [-2.95654, 56.090815], [-2.9556383333333334, 56.091006666666665], [-2.9552233333333335, 56.09123666666667], [-2.9550633333333334, 56.09133333333333], [-2.9548783333333333, 56.09139833333334], [-2.9543483333333334, 56.091784999999994], [-2.9544066666666664, 56.09168833333333], [-2.9542983333333335, 56.09201666666667], [-2.954335, 56.091878333333334], [-2.954003333333333, 56.09289833333333], [-2.9539983333333333, 56.093271666666666], [-2.9539683333333335, 56.09289166666667], [-2.9540349999999997, 56.09269333333334], [-2.954005, 56.09247333333334], [-2.954095, 56.09213833333333], [-2.9541166666666667, 56.09245333333333], [-2.9542216666666667, 56.09222666666667], [-2.9543850000000003, 56.09231], [-2.954563333333333, 56.09302666666667], [-2.954, 56.09276833333333], [-2.9543516666666667, 56.09234333333333], [-2.955205, 56.092038333333335], [-2.9556383333333334, 56.09164], [-2.9555700000000003, 56.09163], [-2.956326666666667, 56.09106166666666], [-2.956726666666667, 56.09099333333334], [-2.9559366666666667, 56.090990000000005], [-2.954623333333333, 56.091591666666666], [-2.954935, 56.09138666666667], [-2.9546983333333334, 56.091631666666665], [-2.9553783333333334, 56.09124], [-2.9549733333333332, 56.0912], [-2.9546533333333334, 56.091588333333334], [-2.9540466666666663, 56.09236], [-2.9541483333333334, 56.09235666666667], [-2.9540466666666663, 56.09254833333333], [-2.9541899999999996, 56.092530000000004], [-2.954286666666667, 56.092376666666674], [-2.9541733333333338, 56.092715], [-2.9538516666666665, 56.092765], [-2.95389, 56.092591666666664], [-2.9540933333333332, 56.09302666666667], [-2.954293333333333, 56.092661666666665], [-2.95456, 56.09198], [-2.954986666666667, 56.091834999999996], [-2.955573333333333, 56.09180166666667], [-2.955335, 56.09217666666667], [-2.9553366666666667, 56.091935], [-2.95566, 56.09132833333333], [-2.9555783333333334, 56.091300000000004], [-2.956033333333333, 56.091045], [-2.95519, 56.09129666666667], [-2.9545516666666667, 56.09184166666667], [-2.9542083333333333, 56.09260833333334], [-2.954133333333333, 56.092465]]}, "properties": {"label": "DREPANOS", "mmsi": "373067000", "imo": "9420643", "name": "DREPANOS", "shiptype": "", "first_seen_utc": "2025-12-27T00:18:03Z", "last_seen_utc": "2026-01-05T04:33:39Z", "destination": "GBHPT", "eta": "{'Day': 31, 'Hour': 20, 'Minute': 0, 'Month': 12}", "display": "", "links": "<a href=\"https://www.vesselfinder.com/vessels?name=9420643\" target=\"_blank\" rel=\"noopener\">VesselFinder</a> | <a href=\"https://www.marinetraffic.com/en/ais/search/all?keyword=9420643\" target=\"_blank\" rel=\"noopener\">MarineTraffic</a>", "vf_url": "https://www.vesselfinder.com/vessels?name=9420643", "mst_url": "https://www.marinetraffic.com/en/ais/search/all?keyword=9420643", "method": "v3_2pass_track3d_fromru10d", "ru_seen_in_lookback": true, "in_monitor_on_day": true}}, {"type": "Feature", "geometry": {"type": "Point", "coordinates": [-2.954133333333333, 56.092465]}, "properties": {"label": "DREPANOS", "mmsi": "373067000", "imo": "9420643", "name": "DREPANOS", "shiptype": "", "first_seen_utc": "2025-12-27T00:18:03Z", "last_seen_utc": "2026-01-05T04:33:39Z", "destination": "GBHPT", "eta": "{'Day': 31, 'Hour': 20, 'Minute': 0, 'Month': 12}", "display": "DREPANOS (373067000)", "links": "<a href=\"https://www.vesselfinder.com/vessels?name=9420643\" target=\"_blank\" rel=\"noopener\">VesselFinder</a> | <a href=\"https://www.marinetraffic.com/en/ais/search/all?keyword=9420643\" target=\"_blank\" rel=\"noopener\">MarineTraffic</a>", "vf_url": "https://www.vesselfinder.com/vessels?name=9420643", "mst_url": "https://www.marinetraffic.com/en/ais/search/all?keyword=9420643", "method": "v3_2pass_track3d_fromru10d", "ru_seen_in_lookback": true, "in_monitor_on_day": true}}, {"type": "Feature", "geometry": {"type": "LineString", "coordinates": [[15.377471666666667, 55.68185833333334], [15.263803333333334, 55.645215], [15.150181666666667, 55.610843333333335], [15.023536666666667, 55.571205], [14.910731666666667, 55.53505500000001], [14.722536666666667, 55.472705], [14.612275, 55.432625], [14.516481666666666, 55.377489999999995], [14.428341666666666, 55.320074999999996], [14.337993333333333, 55.260740000000006]]}, "properties": {"label": "AASHEIM", "mmsi": "255769000", "imo": "9247106", "name": "AASHEIM", "shiptype": "", "first_seen_utc": "2025-12-27T00:20:30Z", "last_seen_utc": "2026-01-05T00:20:13Z", "destination": "DKAVE", "eta": "{'Day': 5, 'Hour': 5, 'Minute': 0, 'Month': 1}", "display": "", "links": "<a href=\"https://www.vesselfinder.com/vessels?name=9247106\" target=\"_blank\" rel=\"noopener\">VesselFinder</a> | <a href=\"https://www.marinetraffic.com/en/ais/search/all?keyword=9247106\" target=\"_blank\" rel=\"noopener\">MarineTraffic</a>", "vf_url": "https://www.vesselfinder.com/vessels?name=9247106", "mst_url": "https://www.marinetraffic.com/en/ais/search/all?keyword=9247106", "method": "v3_2pass_track3d_fromru10d", "ru_seen_in_lookback": true, "in_monitor_on_day": true}}, {"type": "Feature", "geometry": {"type": "Point", "coordinates": [14.337993333333333, 55.260740000000006]}, "properties": {"label": "AASHEIM", "mmsi": "255769000", "imo": "9247106", "name": "AASHEIM", "shiptype": "", "first_seen_utc": "2025-12-27T00:20:30Z", "last_seen_utc": "2026-01-05T00:20:13Z", "destination": "DKAVE", "eta": "{'Day': 5, 'Hour': 5, 'Minute': 0, 'Month': 1}", "display": "AASHEIM (255769000)", "links": "<a href=\"https://www.vesselfinder.com/vessels?name=9247106\" target=\"_blank\" rel=\"noopener\">VesselFinder</a> | <a href=\"https://www.marinetraffic.com/en/ais/search/all?keyword=9247106\" target=\"_blank\" rel=\"noopener\">MarineTraffic</a>", "vf_url": "https://www.vesselfinder.com/vessels?name=9247106", "mst_url": "https://www.marinetraffic.com/en/ais/search/all?keyword=9247106", "method": "v3_2pass_track3d_fromru10d", "ru_seen_in_lookback": true, "in_monitor_on_day": true}}, {"type": "Feature", "geometry": {"type": "LineString", "coordinates": [[15.430505, 55.881319999999995], [18.560475, 55.02845166666667], [18.708568333333336, 54.96385166666666], [18.858558333333335, 54.898655], [18.97854166666667, 54.82326], [19.029031666666665, 54.73021666666667], [19.073776666666667, 54.63249], [19.022763333333334, 54.542235], [18.937383333333333, 54.4677], [18.886521666666667, 54.46249833333333], [18.887870000000003, 54.464108333333336], [18.888171666666665, 54.46397833333333], [18.888286666666666, 54.463968333333334], [18.888283333333334, 54.46398333333333], [18.88847333333333, 54.46386666666667], [18.888348333333333, 54.46388833333333], [18.888408333333334, 54.46383166666667], [18.887088333333335, 54.46431166666667], [18.887515, 54.464196666666666], [18.887633333333333, 54.464193333333334], [18.887545, 54.464256666666664], [18.887485, 54.464285000000004], [18.887294999999998, 54.464240000000004], [18.887138333333333, 54.464245], [18.887156666666666, 54.464241666666666], [18.887288333333334, 54.464256666666664], [18.887851666666666, 54.464121666666664], [18.888708333333334, 54.463640000000005], [18.888841666666668, 54.463521666666665], [18.888893333333332, 54.46346166666667], [18.888993333333335, 54.463475], [18.889110000000002, 54.463359999999994], [18.889088333333333, 54.463438333333336], [18.889223333333334, 54.463280000000005], [18.88911166666667, 54.46347], [18.888876666666665, 54.463685000000005], [18.889011666666665, 54.46355666666667], [18.88904, 54.46355166666667], [18.888905, 54.46365166666667], [18.888811666666665, 54.463746666666665], [18.888828333333333, 54.46376333333333], [18.889045, 54.46360833333333], [18.888915, 54.46370833333334], [18.889006666666667, 54.463613333333335], [18.889068333333334, 54.46360166666667], [18.889053333333333, 54.46359833333334], [18.888798333333334, 54.46374], [18.88908, 54.46356166666667], [18.889095, 54.463539999999995], [18.88901, 54.46357666666667], [18.888953333333333, 54.4637], [18.88889, 54.463663333333336], [18.888688333333334, 54.46379], [18.888865, 54.463715], [18.88907, 54.46356166666667], [18.888941666666664, 54.46366833333333], [18.888893333333332, 54.46364166666667], [18.888846666666666, 54.463726666666666], [18.888924999999997, 54.46364666666667], [18.888943333333334, 54.46364666666667], [18.888969999999997, 54.463625], [18.889091666666666, 54.46343], [18.889263333333336, 54.463364999999996], [18.889018333333336, 54.46356333333333], [18.889203333333334, 54.463425], [18.88932833333333, 54.4633], [18.889405, 54.463175], [18.88946333333333, 54.462988333333335]]}, "properties": {"label": "HAPPY PEREGRINE", "mmsi": "219558000", "imo": "9553660", "name": "HAPPY PEREGRINE", "shiptype": "", "first_seen_utc": "2025-12-27T00:21:02Z", "last_seen_utc": "2026-01-05T04:43:01Z", "destination": "PLGDN", "eta": "{'Day': 3, 'Hour': 23, 'Minute': 0, 'Month': 1}", "display": "", "links": "<a href=\"https://www.vesselfinder.com/vessels?name=9553660\" target=\"_blank\" rel=\"noopener\">VesselFinder</a> | <a href=\"https://www.marinetraffic.com/en/ais/search/all?keyword=9553660\" target=\"_blank\" rel=\"noopener\">MarineTraffic</a>", "vf_url": "https://www.vesselfinder.com/vessels?name=9553660", "mst_url": "https://www.marinetraffic.com/en/ais/search/all?keyword=9553660", "method": "v3_2pass_track3d_fromru10d", "ru_seen_in_lookback": true, "in_monitor_on_day": true}}, {"type": "Feature", "geometry": {"type": "Point", "coordinates": [18.88946333333333, 54.462988333333335]}, "properties": {"label": "HAPPY PEREGRINE", "mmsi": "219558000", "imo": "9553660", "name": "HAPPY PEREGRINE", "shiptype": "", "first_seen_utc": "2025-12-27T00:21:02Z", "last_seen_utc": "2026-01-05T04:43:01Z", "destination": "PLGDN", "eta": "{'Day': 3, 'Hour': 23, 'Minute': 0, 'Month': 1}", "display": "HAPPY PEREGRINE (219558000)", "links": "<a href=\"https://www.vesselfinder.com/vessels?name=9553660\" target=\"_blank\" rel=\"noopener\">VesselFinder</a> | <a href=\"https://www.marinetraffic.com/en/ais/search/all?keyword=9553660\" target=\"_blank\" rel=\"noopener\">MarineTraffic</a>", "vf_url": "https://www.vesselfinder.com/vessels?name=9553660", "mst_url": "https://www.marinetraffic.com/en/ais/search/all?keyword=9553660", "method": "v3_2pass_track3d_fromru10d", "ru_seen_in_lookback": true, "in_monitor_on_day": true}}, {"type": "Feature", "geometry": {"type": "LineString", "coordinates": [[9.672811666666666, 54.29166], [9.731891666666666, 54.33258333333333], [9.812315, 54.36345333333334], [9.907823333333333, 54.34799666666667], [10.001153333333333, 54.35225333333334], [10.092084999999999, 54.37178666666667], [10.126201666666667, 54.367446666666666], [10.126355, 54.36722666666667], [10.126291666666667, 54.367243333333334], [10.126326666666667, 54.36722666666667], [10.126295, 54.36726], [10.133306666666666, 54.36676333333333], [10.141758333333334, 54.36551], [10.219446666666666, 54.421866666666666], [10.319276666666667, 54.492650000000005], [10.520451666666666, 54.53925], [10.695708333333332, 54.56495666666667], [10.880591666666668, 54.57251], [11.066855, 54.58166666666667], [11.25305, 54.55708], [11.425221666666665, 54.50855333333333], [11.594054999999999, 54.459066666666665], [11.764106666666667, 54.40591666666667], [11.942851666666666, 54.408339999999995], [12.170890000000002, 54.40953666666667], [19.019791666666666, 54.868066666666664], [19.043565, 54.78613333333333], [18.97058333333333, 54.70099333333334], [18.894716666666667, 54.61455], [18.795356666666667, 54.535759999999996], [18.69558333333333, 54.46840666666667], [18.670583333333333, 54.40456666666667], [18.661108333333335, 54.37977], [18.662138333333335, 54.37800333333333], [18.662103333333334, 54.37802666666666], [18.66215, 54.37803666666667], [18.662085, 54.37799333333333], [18.662095, 54.37802666666666], [18.66212833333333, 54.37800333333333], [18.662138333333335, 54.37803666666667], [18.662129999999998, 54.378053333333334], [18.662129999999998, 54.37802666666666], [18.66216166666667, 54.37803666666667], [18.662138333333335, 54.37802], [18.662123333333334, 54.37799333333333], [18.662135, 54.37800333333333], [18.662075, 54.377986666666665]]}, "properties": {"label": "KEY SOUTH", "mmsi": "248221000", "imo": "9479802", "name": "KEY SOUTH", "shiptype": "", "first_seen_utc": "2025-12-27T00:22:09Z", "last_seen_utc": "2026-01-05T04:40:54Z", "destination": "PLGDN", "eta": "{'Day': 4, 'Hour': 20, 'Minute': 0, 'Month': 1}", "display": "", "links": "<a href=\"https://www.vesselfinder.com/vessels?name=9479802\" target=\"_blank\" rel=\"noopener\">VesselFinder</a> | <a href=\"https://www.marinetraffic.com/en/ais/search/all?keyword=9479802\" target=\"_blank\" rel=\"noopener\">MarineTraffic</a>", "vf_url": "https://www.vesselfinder.com/vessels?name=9479802", "mst_url": "https://www.marinetraffic.com/en/ais/search/all?keyword=9479802", "method": "v3_2pass_track3d_fromru10d", "ru_seen_in_lookback": true, "in_monitor_on_day": true}}, {"type": "Feature", "geometry": {"type": "Point", "coordinates": [18.662075, 54.377986666666665]}, "properties": {"label": "KEY SOUTH", "mmsi": "248221000", "imo": "9479802", "name": "KEY SOUTH", "shiptype": "", "first_seen_utc": "2025-12-27T00:22:09Z", "last_seen_utc": "2026-01-05T04:40:54Z", "destination": "PLGDN", "eta": "{'Day': 4, 'Hour': 20, 'Minute': 0, 'Month': 1}", "display": "KEY SOUTH (248221000)", "links": "<a href=\"https://www.vesselfinder.com/vessels?name=9479802\" target=\"_blank\" rel=\"noopener\">VesselFinder</a> | <a href=\"https://www.marinetraffic.com/en/ais/search/all?keyword=9479802\" target=\"_blank\" rel=\"noopener\">MarineTraffic</a>", "vf_url": "https://www.vesselfinder.com/vessels?name=9479802", "mst_url": "https://www.marinetraffic.com/en/ais/search/all?keyword=9479802", "method": "v3_2pass_track3d_fromru10d", "ru_seen_in_lookback": true, "in_monitor_on_day": true}}, {"type": "Feature", "geometry": {"type": "LineString", "coordinates": [[19.31115833333333, 54.36204333333333], [19.311141666666668, 54.362046666666664], [19.31115833333333, 54.362049999999996], [19.311171666666667, 54.362055000000005], [19.311148333333332, 54.36203666666667], [19.311146666666666, 54.36203666666667], [19.311165000000003, 54.362044999999995], [19.311159999999997, 54.36206833333333], [19.31117833333333, 54.362033333333336], [19.311151666666667, 54.36203666666667], [19.311148333333332, 54.36207], [19.311176666666665, 54.36204]]}, "properties": {"label": "SM-PRC-101", "mmsi": "261011140", "imo": "8899081", "name": "SM-PRC-101", "shiptype": "", "first_seen_utc": "2025-12-27T00:23:02Z", "last_seen_utc": "2026-01-05T04:09:37Z", "destination": "NOWY_SWIAT", "eta": "{'Day': 17, 'Hour': 3, 'Minute': 0, 'Month': 10}", "display": "", "links": "<a href=\"https://www.vesselfinder.com/vessels?name=8899081\" target=\"_blank\" rel=\"noopener\">VesselFinder</a> | <a href=\"https://www.marinetraffic.com/en/ais/search/all?keyword=8899081\" target=\"_blank\" rel=\"noopener\">MarineTraffic</a>", "vf_url": "https://www.vesselfinder.com/vessels?name=8899081", "mst_url": "https://www.marinetraffic.com/en/ais/search/all?keyword=8899081", "method": "v3_2pass_track3d_fromru10d", "ru_seen_in_lookback": true, "in_monitor_on_day": true}}, {"type": "Feature", "geometry": {"type": "Point", "coordinates": [19.311176666666665, 54.36204]}, "properties": {"label": "SM-PRC-101", "mmsi": "261011140", "imo": "8899081", "name": "SM-PRC-101", "shiptype": "", "first_seen_utc": "2025-12-27T00:23:02Z", "last_seen_utc": "2026-01-05T04:09:37Z", "destination": "NOWY_SWIAT", "eta": "{'Day': 17, 'Hour': 3, 'Minute': 0, 'Month': 10}", "display": "SM-PRC-101 (261011140)", "links": "<a href=\"https://www.vesselfinder.com/vessels?name=8899081\" target=\"_blank\" rel=\"noopener\">VesselFinder</a> | <a href=\"https://www.marinetraffic.com/en/ais/search/all?keyword=8899081\" target=\"_blank\" rel=\"noopener\">MarineTraffic</a>", "vf_url": "https://www.vesselfinder.com/vessels?name=8899081", "mst_url": "https://www.marinetraffic.com/en/ais/search/all?keyword=8899081", "method": "v3_2pass_track3d_fromru10d", "ru_seen_in_lookback": true, "in_monitor_on_day": true}}, {"type": "Feature", "geometry": {"type": "LineString", "coordinates": [[15.193748333333334, 55.63531833333333], [15.060356666666667, 55.58622166666667], [14.952045, 55.549535], [14.76286, 55.48930666666667], [12.181601666666667, 54.502965], [12.098271666666667, 54.45037166666667], [11.965638333333334, 54.44869833333333], [11.830694999999999, 54.44986666666667], [11.695488333333333, 54.46429333333333], [11.56807, 54.49790666666667], [11.443111666666665, 54.53046666666667], [11.322181666666667, 54.563210000000005], [11.214975, 54.594476666666665], [11.081758333333333, 54.600233333333335], [10.951281666666667, 54.59272833333333], [10.825756666666667, 54.58726333333333], [10.467593333333333, 54.543675]]}, "properties": {"label": "GT VELA", "mmsi": "305970000", "imo": "8912027", "name": "GT VELA", "shiptype": "", "first_seen_utc": "2025-12-27T00:24:15Z", "last_seen_utc": "2026-01-05T04:20:07Z", "destination": "GBPOO", "eta": "{'Day': 8, 'Hour': 5, 'Minute': 0, 'Month': 1}", "display": "", "links": "<a href=\"https://www.vesselfinder.com/vessels?name=8912027\" target=\"_blank\" rel=\"noopener\">VesselFinder</a> | <a href=\"https://www.marinetraffic.com/en/ais/search/all?keyword=8912027\" target=\"_blank\" rel=\"noopener\">MarineTraffic</a>", "vf_url": "https://www.vesselfinder.com/vessels?name=8912027", "mst_url": "https://www.marinetraffic.com/en/ais/search/all?keyword=8912027", "method": "v3_2pass_track3d_fromru10d", "ru_seen_in_lookback": true, "in_monitor_on_day": true}}, {"type": "Feature", "geometry": {"type": "Point", "coordinates": [10.467593333333333, 54.543675]}, "properties": {"label": "GT VELA", "mmsi": "305970000", "imo": "8912027", "name": "GT VELA", "shiptype": "", "first_seen_utc": "2025-12-27T00:24:15Z", "last_seen_utc": "2026-01-05T04:20:07Z", "destination": "GBPOO", "eta": "{'Day': 8, 'Hour': 5, 'Minute': 0, 'Month': 1}", "display": "GT VELA (305970000)", "links": "<a href=\"https://www.vesselfinder.com/vessels?name=8912027\" target=\"_blank\" rel=\"noopener\">VesselFinder</a> | <a href=\"https://www.marinetraffic.com/en/ais/search/all?keyword=8912027\" target=\"_blank\" rel=\"noopener\">MarineTraffic</a>", "vf_url": "https://www.vesselfinder.com/vessels?name=8912027", "mst_url": "https://www.marinetraffic.com/en/ais/search/all?keyword=8912027", "method": "v3_2pass_track3d_fromru10d", "ru_seen_in_lookback": true, "in_monitor_on_day": true}}, {"type": "Feature", "geometry": {"type": "LineString", "coordinates": [[8.538913333333333, 53.57425833333333], [8.538963333333333, 53.574221666666666], [8.538953333333334, 53.57432166666667], [8.53896, 53.57429], [8.538998333333332, 53.57424666666667], [8.539005, 53.57427166666666], [8.539006666666667, 53.57430166666666], [8.539008333333333, 53.574304999999995], [8.538976666666667, 53.574241666666666], [8.539023333333335, 53.574306666666665], [8.538986666666666, 53.57431], [8.539013333333333, 53.57427166666666], [8.538978333333334, 53.57428166666667], [8.538983333333334, 53.57431], [8.538976666666667, 53.574308333333335], [8.538991666666668, 53.57427], [8.538996666666666, 53.57427166666666], [8.538974999999999, 53.574288333333335], [8.538995, 53.574286666666666], [8.538981666666666, 53.57427166666666], [8.538946666666668, 53.574288333333335], [8.539018333333333, 53.57428], [8.538974999999999, 53.57429], [8.539026666666667, 53.57430166666666], [8.539006666666667, 53.57427833333334], [8.539, 53.574288333333335], [8.53904, 53.57430333333333], [8.53899, 53.57429833333333], [8.538993333333334, 53.57427333333333], [8.538948333333334, 53.57431], [8.538966666666665, 53.574325], [8.539038333333334, 53.57431333333333], [8.538976666666667, 53.57431333333333], [8.539011666666665, 53.57434666666666], [8.538991666666668, 53.57430333333333], [8.538991666666668, 53.57425833333333], [8.538968333333335, 53.574265], [8.538986666666666, 53.574295], [8.534271666666665, 53.57456833333333], [8.426345, 53.64097], [8.264103333333333, 53.72604666666667], [8.120031666666668, 53.814135], [7.947265, 53.86076], [7.751045, 53.89949], [7.637555000000001, 54.01701], [7.55203, 54.116006666666664], [7.504941666666666, 54.17738833333333], [7.426075, 54.20040166666667], [7.314856666666667, 54.200489999999995], [7.216411666666667, 54.199484999999996], [7.11467, 54.196945], [7.016771666666667, 54.19598], [6.916058333333334, 54.193635], [6.812195, 54.19103666666667], [6.705035, 54.18931666666666], [6.597741666666667, 54.18757166666667], [6.489798333333334, 54.18534833333333], [6.383579999999999, 54.183080000000004], [6.279555, 54.17827], [6.178555, 54.170505000000006], [6.084966666666667, 54.16236333333333], [5.981158333333334, 54.155811666666665], [4.835343333333333, 53.88269666666667], [4.801158333333333, 53.832085], [4.77015, 53.78592833333333], [4.741110000000001, 53.742488333333334], [4.702355, 53.690595], [4.66816, 53.63361333333333], [4.635226666666667, 53.58451]]}, "properties": {"label": "MSC CRAPOLLA", "mmsi": "636025681", "imo": "9963621", "name": "MSC CRAPOLLA", "shiptype": "", "first_seen_utc": "2025-12-27T00:24:47Z", "last_seen_utc": "2026-01-05T04:34:19Z", "destination": "BE ANR", "eta": "{'Day': 5, 'Hour': 18, 'Minute': 0, 'Month': 1}", "display": "", "links": "<a href=\"https://www.vesselfinder.com/vessels?name=9963621\" target=\"_blank\" rel=\"noopener\">VesselFinder</a> | <a href=\"https://www.marinetraffic.com/en/ais/search/all?keyword=9963621\" target=\"_blank\" rel=\"noopener\">MarineTraffic</a>", "vf_url": "https://www.vesselfinder.com/vessels?name=9963621", "mst_url": "https://www.marinetraffic.com/en/ais/search/all?keyword=9963621", "method": "v3_2pass_track3d_fromru10d", "ru_seen_in_lookback": true, "in_monitor_on_day": true}}, {"type": "Feature", "geometry": {"type": "Point", "coordinates": [4.635226666666667, 53.58451]}, "properties": {"label": "MSC CRAPOLLA", "mmsi": "636025681", "imo": "9963621", "name": "MSC CRAPOLLA", "shiptype": "", "first_seen_utc": "2025-12-27T00:24:47Z", "last_seen_utc": "2026-01-05T04:34:19Z", "destination": "BE ANR", "eta": "{'Day': 5, 'Hour': 18, 'Minute': 0, 'Month': 1}", "display": "MSC CRAPOLLA (636025681)", "links": "<a href=\"https://www.vesselfinder.com/vessels?name=9963621\" target=\"_blank\" rel=\"noopener\">VesselFinder</a> | <a href=\"https://www.marinetraffic.com/en/ais/search/all?keyword=9963621\" target=\"_blank\" rel=\"noopener\">MarineTraffic</a>", "vf_url": "https://www.vesselfinder.com/vessels?name=9963621", "mst_url": "https://www.marinetraffic.com/en/ais/search/all?keyword=9963621", "method": "v3_2pass_track3d_fromru10d", "ru_seen_in_lookback": true, "in_monitor_on_day": true}}, {"type": "Feature", "geometry": {"type": "LineString", "coordinates": [[18.711216666666665, 54.411696666666664], [18.6658, 54.40848833333334], [18.705481666666667, 54.47491333333333], [18.749268333333337, 54.49381833333334], [18.674480000000003, 54.447635], [18.680206666666667, 54.39911666666667], [18.665773333333334, 54.408480000000004], [18.568215000000002, 54.51078666666667], [18.540775, 54.53652666666667], [18.630313333333334, 54.45894833333333], [18.676769999999998, 54.395595], [18.665778333333332, 54.40848833333334], [18.768089999999997, 54.397865], [19.074831666666668, 54.38466666666667], [19.308875, 54.36466], [19.224728333333335, 54.504598333333334], [19.002446666666668, 54.40360166666667], [18.783283333333333, 54.36353833333333], [18.720918333333334, 54.413648333333335], [18.665816666666668, 54.40848666666667], [18.811146666666666, 54.43786], [18.814236666666666, 54.41598], [18.741815, 54.399658333333335], [18.665779999999998, 54.408498333333334], [18.832455, 54.43118333333334], [18.664766666666665, 54.52333333333333], [18.527956666666668, 54.53814833333333], [18.588688333333334, 54.483325], [18.671405, 54.392320000000005], [18.663976666666667, 54.40660666666667]]}, "properties": {"label": "SG-213", "mmsi": "261351000", "imo": "", "name": "SG-213", "shiptype": "", "first_seen_utc": "2025-12-27T00:26:39Z", "last_seen_utc": "2026-01-05T00:01:20Z", "destination": "GDANSK", "eta": "{'Day': 0, 'Hour': 24, 'Minute': 60, 'Month': 0}", "display": "", "links": "<a href=\"https://www.vesselfinder.com/vessels?name=261351000\" target=\"_blank\" rel=\"noopener\">VesselFinder</a> | <a href=\"https://www.marinetraffic.com/en/ais/search/all?keyword=261351000\" target=\"_blank\" rel=\"noopener\">MarineTraffic</a>", "vf_url": "https://www.vesselfinder.com/vessels?name=261351000", "mst_url": "https://www.marinetraffic.com/en/ais/search/all?keyword=261351000", "method": "v3_2pass_track3d_fromru10d", "ru_seen_in_lookback": true, "in_monitor_on_day": true}}, {"type": "Feature", "geometry": {"type": "Point", "coordinates": [18.663976666666667, 54.40660666666667]}, "properties": {"label": "SG-213", "mmsi": "261351000", "imo": "", "name": "SG-213", "shiptype": "", "first_seen_utc": "2025-12-27T00:26:39Z", "last_seen_utc": "2026-01-05T00:01:20Z", "destination": "GDANSK", "eta": "{'Day': 0, 'Hour': 24, 'Minute': 60, 'Month': 0}", "display": "SG-213 (261351000)", "links": "<a href=\"https://www.vesselfinder.com/vessels?name=261351000\" target=\"_blank\" rel=\"noopener\">VesselFinder</a> | <a href=\"https://www.marinetraffic.com/en/ais/search/all?keyword=261351000\" target=\"_blank\" rel=\"noopener\">MarineTraffic</a>", "vf_url": "https://www.vesselfinder.com/vessels?name=261351000", "mst_url": "https://www.marinetraffic.com/en/ais/search/all?keyword=261351000", "method": "v3_2pass_track3d_fromru10d", "ru_seen_in_lookback": true, "in_monitor_on_day": true}}, {"type": "Feature", "geometry": {"type": "LineString", "coordinates": [[18.504878333333334, 54.54387], [18.504925, 54.543866666666666], [18.504861666666667, 54.543895], [18.504881666666666, 54.54386833333333], [18.504835, 54.543973333333334], [18.504886666666668, 54.54390166666667], [18.504873333333332, 54.54385833333333], [18.504886666666668, 54.543861666666665], [18.50489333333333, 54.54386833333333], [18.504920000000002, 54.54410333333333], [18.504894999999998, 54.54393833333334], [18.504768333333335, 54.543875], [18.504871666666666, 54.54389166666667], [18.504865, 54.54389166666667], [18.504886666666668, 54.543875], [18.504896666666664, 54.54389833333333], [18.504875000000002, 54.543888333333335], [18.50487, 54.543866666666666], [18.504928333333332, 54.543888333333335], [18.50486833333333, 54.543885], [18.50489, 54.54389166666667], [18.504871666666666, 54.543863333333334], [18.50489333333333, 54.543865], [18.504941666666664, 54.54387333333333], [18.50486833333333, 54.543861666666665], [18.504876666666668, 54.543908333333334], [18.504831666666668, 54.54391333333333], [18.50485666666667, 54.54391333333333], [18.577725, 54.53579833333333], [18.763946666666666, 54.529133333333334], [18.914883333333332, 54.61150333333333], [18.91711666666667, 54.71891166666667], [18.79808166666667, 54.81153666666667], [18.68070833333333, 54.904761666666666], [18.553693333333335, 54.984138333333334], [12.359163333333333, 54.653888333333335], [12.243464999999999, 54.58801833333334], [12.185105, 54.495985000000005], [12.083425, 54.43720333333333], [11.92814, 54.431185], [11.768446666666668, 54.43584166666667], [11.628206666666667, 54.475183333333334], [11.49493, 54.51461], [11.359125, 54.55536333333334], [11.222148333333333, 54.59548666666667], [11.084843333333334, 54.634753333333336], [10.952779999999999, 54.67837833333333]]}, "properties": {"label": "GREEN HOPE", "mmsi": "374588000", "imo": "9629160", "name": "GREEN HOPE", "shiptype": "", "first_seen_utc": "2025-12-27T00:27:58Z", "last_seen_utc": "2026-01-05T04:34:59Z", "destination": "DEHAM", "eta": "{'Day': 7, 'Hour': 21, 'Minute': 0, 'Month': 1}", "display": "", "links": "<a href=\"https://www.vesselfinder.com/vessels?name=9629160\" target=\"_blank\" rel=\"noopener\">VesselFinder</a> | <a href=\"https://www.marinetraffic.com/en/ais/search/all?keyword=9629160\" target=\"_blank\" rel=\"noopener\">MarineTraffic</a>", "vf_url": "https://www.vesselfinder.com/vessels?name=9629160", "mst_url": "https://www.marinetraffic.com/en/ais/search/all?keyword=9629160", "method": "v3_2pass_track3d_fromru10d", "ru_seen_in_lookback": true, "in_monitor_on_day": true}}, {"type": "Feature", "geometry": {"type": "Point", "coordinates": [10.952779999999999, 54.67837833333333]}, "properties": {"label": "GREEN HOPE", "mmsi": "374588000", "imo": "9629160", "name": "GREEN HOPE", "shiptype": "", "first_seen_utc": "2025-12-27T00:27:58Z", "last_seen_utc": "2026-01-05T04:34:59Z", "destination": "DEHAM", "eta": "{'Day': 7, 'Hour': 21, 'Minute': 0, 'Month': 1}", "display": "GREEN HOPE (374588000)", "links": "<a href=\"https://www.vesselfinder.com/vessels?name=9629160\" target=\"_blank\" rel=\"noopener\">VesselFinder</a> | <a href=\"https://www.marinetraffic.com/en/ais/search/all?keyword=9629160\" target=\"_blank\" rel=\"noopener\">MarineTraffic</a>", "vf_url": "https://www.vesselfinder.com/vessels?name=9629160", "mst_url": "https://www.marinetraffic.com/en/ais/search/all?keyword=9629160", "method": "v3_2pass_track3d_fromru10d", "ru_seen_in_lookback": true, "in_monitor_on_day": true}}, {"type": "Feature", "geometry": {"type": "LineString", "coordinates": [[15.612143333333334, 55.77845833333333], [15.330548333333333, 55.68659], [14.795136666666668, 55.49421333333333], [12.274743333333333, 54.605513333333334], [12.200611666666667, 54.47335666666667], [12.008745000000001, 54.43067333333333], [11.78417, 54.42846833333333], [11.582600000000001, 54.47937666666667], [11.385803333333333, 54.53574666666667], [11.187428333333335, 54.592506666666665], [10.980958333333332, 54.60907833333333]]}, "properties": {"label": "CMA CGM TIVOLI", "mmsi": "256883000", "imo": "9961312", "name": "CMA CGM TIVOLI", "shiptype": "", "first_seen_utc": "2025-12-27T00:28:19Z", "last_seen_utc": "2026-01-05T04:33:10Z", "destination": "DEBRV", "eta": "{'Day': 6, 'Hour': 16, 'Minute': 0, 'Month': 1}", "display": "", "links": "<a href=\"https://www.vesselfinder.com/vessels?name=9961312\" target=\"_blank\" rel=\"noopener\">VesselFinder</a> | <a href=\"https://www.marinetraffic.com/en/ais/search/all?keyword=9961312\" target=\"_blank\" rel=\"noopener\">MarineTraffic</a>", "vf_url": "https://www.vesselfinder.com/vessels?name=9961312", "mst_url": "https://www.marinetraffic.com/en/ais/search/all?keyword=9961312", "method": "v3_2pass_track3d_fromru10d", "ru_seen_in_lookback": true, "in_monitor_on_day": true}}, {"type": "Feature", "geometry": {"type": "Point", "coordinates": [10.980958333333332, 54.60907833333333]}, "properties": {"label": "CMA CGM TIVOLI", "mmsi": "256883000", "imo": "9961312", "name": "CMA CGM TIVOLI", "shiptype": "", "first_seen_utc": "2025-12-27T00:28:19Z", "last_seen_utc": "2026-01-05T04:33:10Z", "destination": "DEBRV", "eta": "{'Day': 6, 'Hour': 16, 'Minute': 0, 'Month': 1}", "display": "CMA CGM TIVOLI (256883000)", "links": "<a href=\"https://www.vesselfinder.com/vessels?name=9961312\" target=\"_blank\" rel=\"noopener\">VesselFinder</a> | <a href=\"https://www.marinetraffic.com/en/ais/search/all?keyword=9961312\" target=\"_blank\" rel=\"noopener\">MarineTraffic</a>", "vf_url": "https://www.vesselfinder.com/vessels?name=9961312", "mst_url": "https://www.marinetraffic.com/en/ais/search/all?keyword=9961312", "method": "v3_2pass_track3d_fromru10d", "ru_seen_in_lookback": true, "in_monitor_on_day": true}}, {"type": "Feature", "geometry": {"type": "LineString", "coordinates": [[18.559919999999998, 54.52417666666667], [18.559953333333333, 54.52414666666667], [18.559931666666667, 54.52414666666667], [18.559945000000003, 54.524170000000005], [18.559990000000003, 54.524136666666664], [18.55998, 54.524163333333334], [18.559975, 54.524163333333334], [18.559945000000003, 54.524170000000005], [18.55994666666667, 54.52417666666667], [18.559963333333332, 54.52414666666667], [18.559953333333333, 54.52420333333334], [18.559990000000003, 54.52413], [18.559925, 54.524170000000005], [18.559918333333332, 54.52419333333333], [18.55994666666667, 54.524170000000005], [18.559965, 54.52417666666667], [18.559956666666668, 54.524170000000005], [18.559953333333333, 54.524170000000005], [18.559955, 54.52417666666667], [18.559953333333333, 54.524163333333334], [18.55997166666667, 54.524170000000005], [18.559953333333333, 54.52414666666667], [18.559963333333332, 54.524170000000005], [18.559961666666666, 54.524163333333334], [18.559975, 54.524163333333334], [18.559966666666664, 54.524170000000005], [18.559928333333335, 54.52419333333333], [18.559986666666667, 54.524170000000005], [18.559961666666666, 54.524163333333334], [18.55994666666667, 54.524163333333334], [18.55994666666667, 54.52417666666667], [18.55997166666667, 54.524170000000005], [18.55995, 54.524170000000005], [18.559965, 54.52414666666667], [18.55997166666667, 54.52414666666667], [18.55994666666667, 54.524163333333334], [18.559966666666664, 54.524170000000005], [18.559953333333333, 54.524170000000005], [18.559948333333335, 54.524163333333334], [18.559963333333332, 54.524170000000005], [18.559973333333335, 54.524170000000005], [18.559961666666666, 54.524163333333334], [18.559955, 54.524163333333334], [18.559939999999997, 54.52417666666667], [18.55995, 54.524163333333334], [18.559966666666664, 54.524170000000005], [18.559945000000003, 54.524170000000005], [18.559956666666668, 54.524163333333334], [18.55994666666667, 54.52414666666667], [18.559956666666668, 54.52417666666667], [18.559966666666664, 54.524170000000005], [18.559966666666664, 54.52417666666667], [18.559965, 54.52417666666667], [18.559945000000003, 54.52414666666667], [18.55994666666667, 54.524163333333334], [18.55993833333333, 54.524170000000005], [18.559966666666664, 54.524163333333334], [18.55995, 54.524170000000005], [18.559953333333333, 54.524163333333334], [18.55993833333333, 54.52417666666667], [18.55993, 54.524170000000005], [18.559948333333335, 54.524170000000005], [18.559956666666668, 54.524170000000005], [18.559955, 54.524170000000005], [18.559953333333333, 54.524170000000005], [18.559928333333335, 54.524163333333334], [18.559953333333333, 54.524170000000005], [18.55995, 54.524163333333334], [18.559975, 54.52417666666667], [18.559953333333333, 54.524163333333334], [18.55998, 54.524163333333334], [18.559956666666668, 54.52417666666667], [18.559955, 54.524170000000005], [18.559921666666664, 54.524163333333334], [18.559975, 54.524163333333334], [18.559953333333333, 54.524170000000005], [18.55995, 54.52419333333333], [18.559955, 54.524170000000005], [18.559956666666668, 54.524163333333334], [18.55994666666667, 54.52419333333333], [18.559939999999997, 54.524170000000005], [18.559921666666664, 54.524170000000005], [18.559945000000003, 54.52417666666667], [18.559965, 54.524163333333334], [18.559948333333335, 54.524170000000005]]}, "properties": {"label": "RIX EIRA", "mmsi": "275551000", "imo": "9057226", "name": "RIX EIRA", "shiptype": "", "first_seen_utc": "2025-12-27T00:28:37Z", "last_seen_utc": "2026-01-05T04:26:41Z", "destination": "PLGDY", "eta": "{'Day': 1, 'Hour': 15, 'Minute': 30, 'Month': 1}", "display": "", "links": "<a href=\"https://www.vesselfinder.com/vessels?name=9057226\" target=\"_blank\" rel=\"noopener\">VesselFinder</a> | <a href=\"https://www.marinetraffic.com/en/ais/search/all?keyword=9057226\" target=\"_blank\" rel=\"noopener\">MarineTraffic</a>", "vf_url": "https://www.vesselfinder.com/vessels?name=9057226", "mst_url": "https://www.marinetraffic.com/en/ais/search/all?keyword=9057226", "method": "v3_2pass_track3d_fromru10d", "ru_seen_in_lookback": true, "in_monitor_on_day": true}}, {"type": "Feature", "geometry": {"type": "Point", "coordinates": [18.559948333333335, 54.524170000000005]}, "properties": {"label": "RIX EIRA", "mmsi": "275551000", "imo": "9057226", "name": "RIX EIRA", "shiptype": "", "first_seen_utc": "2025-12-27T00:28:37Z", "last_seen_utc": "2026-01-05T04:26:41Z", "destination": "PLGDY", "eta": "{'Day': 1, 'Hour': 15, 'Minute': 30, 'Month': 1}", "display": "RIX EIRA (275551000)", "links": "<a href=\"https://www.vesselfinder.com/vessels?name=9057226\" target=\"_blank\" rel=\"noopener\">VesselFinder</a> | <a href=\"https://www.marinetraffic.com/en/ais/search/all?keyword=9057226\" target=\"_blank\" rel=\"noopener\">MarineTraffic</a>", "vf_url": "https://www.vesselfinder.com/vessels?name=9057226", "mst_url": "https://www.marinetraffic.com/en/ais/search/all?keyword=9057226", "method": "v3_2pass_track3d_fromru10d", "ru_seen_in_lookback": true, "in_monitor_on_day": true}}, {"type": "Feature", "geometry": {"type": "LineString", "coordinates": [[18.664763333333333, 54.38495], [18.66476, 54.384930000000004], [18.664763333333333, 54.38496], [18.664781666666666, 54.384953333333335], [18.664788333333334, 54.38493666666667], [18.66474, 54.384955], [18.66476833333333, 54.384951666666666], [18.664758333333335, 54.38494], [18.664761666666667, 54.384953333333335], [18.664783333333332, 54.384969999999996], [18.664773333333336, 54.38496833333333], [18.66477666666667, 54.384953333333335], [18.664781666666666, 54.38495666666667], [18.664765, 54.384951666666666], [18.664795, 54.38495666666667], [18.664755, 54.38495], [18.664756666666666, 54.38497333333333], [18.664753333333334, 54.384980000000006], [18.664803333333335, 54.38496833333333], [18.664769999999997, 54.384955], [18.664775000000002, 54.384965], [18.664769999999997, 54.38498166666667], [18.664769999999997, 54.38496166666666], [18.664775000000002, 54.38496166666666], [18.664773333333336, 54.38495], [18.664773333333336, 54.38496333333333], [18.664765, 54.384948333333334], [18.664751666666668, 54.38496], [18.664781666666666, 54.384966666666664], [18.664773333333336, 54.38496], [18.6648, 54.38495833333333], [18.664775000000002, 54.384966666666664], [18.664778333333334, 54.384948333333334], [18.664746666666666, 54.38497666666667], [18.66475, 54.384969999999996], [18.664785, 54.384946666666664], [18.664786666666664, 54.384948333333334], [18.66476833333333, 54.38495666666667], [18.664773333333336, 54.384951666666666], [18.66476, 54.384978333333336], [18.664755, 54.38496], [18.664755, 54.384978333333336], [18.664769999999997, 54.38496166666666], [18.664766666666665, 54.384966666666664], [18.664783333333332, 54.384948333333334], [18.664781666666666, 54.38495833333333], [18.664771666666663, 54.384948333333334], [18.664796666666668, 54.38494], [18.664808333333333, 54.384951666666666], [18.664771666666663, 54.38496333333333], [18.664753333333334, 54.38496], [18.664805, 54.38497333333333], [18.66479, 54.38496833333333], [18.664775000000002, 54.384953333333335], [18.66478, 54.384955], [18.664781666666666, 54.384953333333335], [18.664796666666668, 54.384948333333334], [18.664788333333334, 54.384933333333336], [18.66476833333333, 54.384946666666664], [18.664751666666668, 54.38495666666667], [18.664758333333335, 54.38496833333333], [18.66477666666667, 54.38494333333333], [18.66476833333333, 54.38496], [18.664793333333332, 54.384945], [18.66478, 54.384966666666664], [18.66478, 54.38496333333333], [18.66478, 54.38494], [18.664785, 54.38495833333333], [18.66476833333333, 54.38495833333333], [18.66478, 54.384935000000006], [18.6648, 54.384951666666666], [18.664758333333335, 54.384965], [18.664771666666663, 54.384969999999996], [18.664785, 54.38495666666667], [18.664796666666668, 54.38498333333334], [18.6648, 54.384966666666664], [18.664765, 54.38496833333333], [18.66476833333333, 54.384965], [18.664793333333332, 54.384955], [18.664785, 54.384955], [18.664786666666664, 54.384965], [18.664803333333335, 54.38498166666667], [18.66476, 54.384965], [18.664791666666666, 54.38498166666667]]}, "properties": {"label": "ISTANBUL-M", "mmsi": "352003516", "imo": "9450818", "name": "ISTANBUL-M", "shiptype": "", "first_seen_utc": "2025-12-27T00:28:52Z", "last_seen_utc": "2026-01-05T04:22:39Z", "destination": "PL GDN", "eta": "{'Day': 26, 'Hour': 23, 'Minute': 0, 'Month': 12}", "display": "", "links": "<a href=\"https://www.vesselfinder.com/vessels?name=9450818\" target=\"_blank\" rel=\"noopener\">VesselFinder</a> | <a href=\"https://www.marinetraffic.com/en/ais/search/all?keyword=9450818\" target=\"_blank\" rel=\"noopener\">MarineTraffic</a>", "vf_url": "https://www.vesselfinder.com/vessels?name=9450818", "mst_url": "https://www.marinetraffic.com/en/ais/search/all?keyword=9450818", "method": "v3_2pass_track3d_fromru10d", "ru_seen_in_lookback": true, "in_monitor_on_day": true}}, {"type": "Feature", "geometry": {"type": "Point", "coordinates": [18.664791666666666, 54.38498166666667]}, "properties": {"label": "ISTANBUL-M", "mmsi": "352003516", "imo": "9450818", "name": "ISTANBUL-M", "shiptype": "", "first_seen_utc": "2025-12-27T00:28:52Z", "last_seen_utc": "2026-01-05T04:22:39Z", "destination": "PL GDN", "eta": "{'Day': 26, 'Hour': 23, 'Minute': 0, 'Month': 12}", "display": "ISTANBUL-M (352003516)", "links": "<a href=\"https://www.vesselfinder.com/vessels?name=9450818\" target=\"_blank\" rel=\"noopener\">VesselFinder</a> | <a href=\"https://www.marinetraffic.com/en/ais/search/all?keyword=9450818\" target=\"_blank\" rel=\"noopener\">MarineTraffic</a>", "vf_url": "https://www.vesselfinder.com/vessels?name=9450818", "mst_url": "https://www.marinetraffic.com/en/ais/search/all?keyword=9450818", "method": "v3_2pass_track3d_fromru10d", "ru_seen_in_lookback": true, "in_monitor_on_day": true}}, {"type": "Feature", "geometry": {"type": "LineString", "coordinates": [[15.313075, 55.502356666666664], [15.21697, 55.46888], [15.131858333333334, 55.44141166666667], [15.028186666666667, 55.40699166666666], [14.9099, 55.35960166666667]]}, "properties": {"label": "TWINKLE STAR", "mmsi": "538005294", "imo": "9363780", "name": "TWINKLE STAR", "shiptype": "", "first_seen_utc": "2025-12-27T00:28:54Z", "last_seen_utc": "2026-01-05T04:28:18Z", "destination": "ALIAGA FOR ORDERS", "eta": "{'Day': 17, 'Hour': 13, 'Minute': 0, 'Month': 1}", "display": "", "links": "<a href=\"https://www.vesselfinder.com/vessels?name=9363780\" target=\"_blank\" rel=\"noopener\">VesselFinder</a> | <a href=\"https://www.marinetraffic.com/en/ais/search/all?keyword=9363780\" target=\"_blank\" rel=\"noopener\">MarineTraffic</a>", "vf_url": "https://www.vesselfinder.com/vessels?name=9363780", "mst_url": "https://www.marinetraffic.com/en/ais/search/all?keyword=9363780", "method": "v3_2pass_track3d_fromru10d", "ru_seen_in_lookback": true, "in_monitor_on_day": true}}, {"type": "Feature", "geometry": {"type": "Point", "coordinates": [14.9099, 55.35960166666667]}, "properties": {"label": "TWINKLE STAR", "mmsi": "538005294", "imo": "9363780", "name": "TWINKLE STAR", "shiptype": "", "first_seen_utc": "2025-12-27T00:28:54Z", "last_seen_utc": "2026-01-05T04:28:18Z", "destination": "ALIAGA FOR ORDERS", "eta": "{'Day': 17, 'Hour': 13, 'Minute': 0, 'Month': 1}", "display": "TWINKLE STAR (538005294)", "links": "<a href=\"https://www.vesselfinder.com/vessels?name=9363780\" target=\"_blank\" rel=\"noopener\">VesselFinder</a> | <a href=\"https://www.marinetraffic.com/en/ais/search/all?keyword=9363780\" target=\"_blank\" rel=\"noopener\">MarineTraffic</a>", "vf_url": "https://www.vesselfinder.com/vessels?name=9363780", "mst_url": "https://www.marinetraffic.com/en/ais/search/all?keyword=9363780", "method": "v3_2pass_track3d_fromru10d", "ru_seen_in_lookback": true, "in_monitor_on_day": true}}, {"type": "Feature", "geometry": {"type": "LineString", "coordinates": [[18.671924999999998, 54.540625], [18.645249999999997, 54.52767666666667], [18.646441666666664, 54.52962333333333], [18.644863333333333, 54.53064166666666], [18.646116666666668, 54.52994666666667], [18.64627833333333, 54.530051666666665], [18.645935, 54.530206666666665], [18.647205, 54.52959833333333], [18.646411666666665, 54.53041333333333], [18.647083333333335, 54.529895], [18.646206666666668, 54.53048833333333], [18.647426666666668, 54.52970666666667], [18.64644666666667, 54.53069666666667], [18.64793166666667, 54.53007], [18.646725, 54.531085], [18.647196666666666, 54.53068333333333], [18.647311666666667, 54.53059666666666], [18.647405, 54.53060333333334], [18.646821666666664, 54.531061666666666], [18.64596, 54.529255], [18.639765, 54.52744499999999], [18.639466666666667, 54.52749333333334], [18.64025333333333, 54.52706833333333], [18.63941833333333, 54.52780833333334], [18.63961, 54.527503333333335], [18.637774999999998, 54.528225], [18.637645000000003, 54.52825], [18.6375, 54.528283333333334], [18.637706666666666, 54.528344999999995], [18.638223333333332, 54.528151666666666], [18.638058333333333, 54.52814333333333], [18.637851666666666, 54.52817666666667], [18.639628333333334, 54.52754], [18.639889999999998, 54.52730333333333], [18.63962666666667, 54.52735833333334], [18.63777, 54.52819833333333], [18.638945, 54.52793], [18.637566666666665, 54.52826833333334], [18.637856666666668, 54.528265000000005], [18.637558333333335, 54.52841166666666], [18.637501666666665, 54.52842833333333], [18.637713333333334, 54.52829666666666], [18.638498333333335, 54.528151666666666], [18.638516666666664, 54.528115], [18.640181666666667, 54.52697], [18.640108333333334, 54.52699666666667], [18.640120000000003, 54.527145000000004], [18.63992, 54.52705], [18.639721666666667, 54.52748999999999], [18.639486666666667, 54.52754166666667], [18.63992, 54.52734833333333], [18.639885, 54.527453333333334], [18.639741666666666, 54.527435], [18.639556666666667, 54.527755], [18.639546666666668, 54.52767666666667], [18.638956666666665, 54.52792833333333], [18.639065000000002, 54.52758666666667], [18.63938166666667, 54.527456666666666], [18.63835, 54.528074999999994], [18.640281666666667, 54.526804999999996], [18.639981666666664, 54.52693], [18.63942666666667, 54.52755], [18.640135, 54.52693166666666], [18.639261666666666, 54.527478333333335], [18.639378333333333, 54.52742333333333], [18.640005, 54.52699333333333], [18.639251666666667, 54.52756], [18.64008833333333, 54.52684], [18.640238333333333, 54.526579999999996], [18.640113333333332, 54.527363333333334], [18.64083, 54.52600333333333], [18.63998666666667, 54.527278333333335], [18.64020833333333, 54.526473333333335], [18.64076, 54.526225], [18.639823333333332, 54.52706833333333], [18.640603333333335, 54.52642166666667], [18.639808333333335, 54.527148333333336], [18.640665000000002, 54.52633], [18.640736666666665, 54.52655666666667], [18.64061333333333, 54.526485], [18.640461666666667, 54.526849999999996], [18.640516666666667, 54.52644166666666], [18.64050166666667, 54.526896666666666], [18.64034666666667, 54.52655333333333]]}, "properties": {"label": "ACER ARROW", "mmsi": "565440000", "imo": "9720043", "name": "ACER ARROW", "shiptype": "", "first_seen_utc": "2025-12-27T00:30:24Z", "last_seen_utc": "2026-01-05T04:30:11Z", "destination": "PL GDY", "eta": "{'Day': 2, 'Hour': 20, 'Minute': 30, 'Month': 1}", "display": "", "links": "<a href=\"https://www.vesselfinder.com/vessels?name=9720043\" target=\"_blank\" rel=\"noopener\">VesselFinder</a> | <a href=\"https://www.marinetraffic.com/en/ais/search/all?keyword=9720043\" target=\"_blank\" rel=\"noopener\">MarineTraffic</a>", "vf_url": "https://www.vesselfinder.com/vessels?name=9720043", "mst_url": "https://www.marinetraffic.com/en/ais/search/all?keyword=9720043", "method": "v3_2pass_track3d_fromru10d", "ru_seen_in_lookback": true, "in_monitor_on_day": true}}, {"type": "Feature", "geometry": {"type": "Point", "coordinates": [18.64034666666667, 54.52655333333333]}, "properties": {"label": "ACER ARROW", "mmsi": "565440000", "imo": "9720043", "name": "ACER ARROW", "shiptype": "", "first_seen_utc": "2025-12-27T00:30:24Z", "last_seen_utc": "2026-01-05T04:30:11Z", "destination": "PL GDY", "eta": "{'Day': 2, 'Hour': 20, 'Minute': 30, 'Month': 1}", "display": "ACER ARROW (565440000)", "links": "<a href=\"https://www.vesselfinder.com/vessels?name=9720043\" target=\"_blank\" rel=\"noopener\">VesselFinder</a> | <a href=\"https://www.marinetraffic.com/en/ais/search/all?keyword=9720043\" target=\"_blank\" rel=\"noopener\">MarineTraffic</a>", "vf_url": "https://www.vesselfinder.com/vessels?name=9720043", "mst_url": "https://www.marinetraffic.com/en/ais/search/all?keyword=9720043", "method": "v3_2pass_track3d_fromru10d", "ru_seen_in_lookback": true, "in_monitor_on_day": true}}, {"type": "Feature", "geometry": {"type": "LineString", "coordinates": [[18.872858333333333, 54.44947166666667], [18.872773333333335, 54.44948], [18.872836666666668, 54.449435], [18.87280666666667, 54.44947833333333], [18.873348333333336, 54.449061666666665], [18.873206666666665, 54.44923666666667], [18.873238333333333, 54.44917], [18.873346666666666, 54.44914666666667], [18.87333, 54.44923166666667], [18.873408333333334, 54.449193333333334], [18.873538333333332, 54.44907333333333], [18.87347833333333, 54.44915], [18.873425, 54.449165], [18.873161666666665, 54.44939166666666], [18.873089999999998, 54.44941166666667], [18.873465, 54.44918333333333], [18.872958333333333, 54.44949833333333], [18.87347, 54.449045], [18.873316666666664, 54.44920333333334], [18.873141666666665, 54.44934666666666], [18.87343333333333, 54.44914166666667], [18.872903333333333, 54.449533333333335], [18.872721666666667, 54.449574999999996], [18.872723333333333, 54.44961333333333], [18.872284999999998, 54.44981333333333], [18.872458333333334, 54.44976166666667], [18.871969999999997, 54.44992833333333], [18.87244666666667, 54.44976], [18.87285166666667, 54.44949666666666], [18.872656666666668, 54.44966], [18.873138333333333, 54.449353333333335], [18.873021666666666, 54.44940166666667], [18.873001666666667, 54.44936166666666], [18.8703, 54.450065], [18.871603333333333, 54.449981666666666], [18.871926666666663, 54.449888333333334], [18.870663333333333, 54.45008], [18.87221333333333, 54.44981], [18.87131833333333, 54.45001166666667], [18.870843333333333, 54.450050000000005], [18.87136333333333, 54.45], [18.871403333333333, 54.44999166666666], [18.87173, 54.449934999999996], [18.872831666666666, 54.449556666666666], [18.873215000000002, 54.44928166666667], [18.873491666666666, 54.44897], [18.873685000000002, 54.448745], [18.873785, 54.44873166666666], [18.87367833333333, 54.44888], [18.873553333333334, 54.449065000000004], [18.873503333333336, 54.448993333333334], [18.87365833333333, 54.44891666666667], [18.87293, 54.44949666666666], [18.873246666666667, 54.44934333333333], [18.87334333333333, 54.44927666666667], [18.873368333333335, 54.449255], [18.873171666666668, 54.44952833333333], [18.873321666666666, 54.44933], [18.873089999999998, 54.44943], [18.873288333333335, 54.44933833333334], [18.873181666666667, 54.44940333333333], [18.873556666666666, 54.449126666666665], [18.873224999999998, 54.449376666666666], [18.873463333333333, 54.44922], [18.873491666666666, 54.44915833333334], [18.873515, 54.449216666666665], [18.873188333333335, 54.449425], [18.873223333333332, 54.44939166666666], [18.87316333333333, 54.44943166666667], [18.87293833333333, 54.449558333333336], [18.873261666666668, 54.44935833333333], [18.873268333333332, 54.44931833333333], [18.873046666666667, 54.44950666666667], [18.87282, 54.449616666666664], [18.873425, 54.44922833333333], [18.873408333333334, 54.449255], [18.873299999999997, 54.449349999999995], [18.873505, 54.449145], [18.873693333333332, 54.44896833333333], [18.873548333333336, 54.44909500000001], [18.87356, 54.44907833333333], [18.873803333333335, 54.44877833333333], [18.87384666666667, 54.44869166666667], [18.87394833333333, 54.448570000000004]]}, "properties": {"label": "GIJON KNUTSEN", "mmsi": "219309000", "imo": "9313527", "name": "GIJON KNUTSEN", "shiptype": "", "first_seen_utc": "2025-12-27T00:41:20Z", "last_seen_utc": "2026-01-05T04:38:36Z", "destination": "PL GDN", "eta": "{'Day': 1, 'Hour': 18, 'Minute': 0, 'Month': 1}", "display": "", "links": "<a href=\"https://www.vesselfinder.com/vessels?name=9313527\" target=\"_blank\" rel=\"noopener\">VesselFinder</a> | <a href=\"https://www.marinetraffic.com/en/ais/search/all?keyword=9313527\" target=\"_blank\" rel=\"noopener\">MarineTraffic</a>", "vf_url": "https://www.vesselfinder.com/vessels?name=9313527", "mst_url": "https://www.marinetraffic.com/en/ais/search/all?keyword=9313527", "method": "v3_2pass_track3d_fromru10d", "ru_seen_in_lookback": true, "in_monitor_on_day": true}}, {"type": "Feature", "geometry": {"type": "Point", "coordinates": [18.87394833333333, 54.448570000000004]}, "properties": {"label": "GIJON KNUTSEN", "mmsi": "219309000", "imo": "9313527", "name": "GIJON KNUTSEN", "shiptype": "", "first_seen_utc": "2025-12-27T00:41:20Z", "last_seen_utc": "2026-01-05T04:38:36Z", "destination": "PL GDN", "eta": "{'Day': 1, 'Hour': 18, 'Minute': 0, 'Month': 1}", "display": "GIJON KNUTSEN (219309000)", "links": "<a href=\"https://www.vesselfinder.com/vessels?name=9313527\" target=\"_blank\" rel=\"noopener\">VesselFinder</a> | <a href=\"https://www.marinetraffic.com/en/ais/search/all?keyword=9313527\" target=\"_blank\" rel=\"noopener\">MarineTraffic</a>", "vf_url": "https://www.vesselfinder.com/vessels?name=9313527", "mst_url": "https://www.marinetraffic.com/en/ais/search/all?keyword=9313527", "method": "v3_2pass_track3d_fromru10d", "ru_seen_in_lookback": true, "in_monitor_on_day": true}}, {"type": "Feature", "geometry": {"type": "LineString", "coordinates": [[5.586609999999999, 58.92089], [5.58658, 58.920885], [5.586585, 58.920878333333334], [5.586564999999999, 58.920885], [5.586566666666667, 58.920896666666664], [5.586588333333333, 58.92086], [5.586555000000001, 58.92087333333333], [5.562946666666666, 58.934945], [5.544736666666666, 59.026435], [5.482358333333334, 59.113550000000004], [5.356575, 59.181126666666664], [5.337725000000001, 59.27757833333333], [5.295795, 59.37509333333333], [5.21951, 59.465181666666666], [5.224903333333333, 59.55736666666667], [5.321935, 59.637213333333335], [5.441676666666667, 59.707361666666664], [5.556603333333333, 59.781835], [5.536323333333333, 59.88464833333333], [5.399715, 59.966613333333335], [5.325466666666667, 60.05860666666667], [5.272778333333333, 60.1522], [5.163541666666666, 60.231919999999995], [5.200373333333333, 60.319896666666665], [5.2164850000000005, 60.39589333333333], [5.288638333333334, 60.39301833333333], [5.2886500000000005, 60.393024999999994], [5.288658333333333, 60.393026666666664], [5.288659999999999, 60.39304], [5.288653333333333, 60.39301], [5.288665, 60.39301833333333], [5.288659999999999, 60.39302166666666], [5.288653333333333, 60.39302333333333], [5.288645, 60.393029999999996], [5.288665, 60.393029999999996], [5.288623333333334, 60.39301666666667], [5.288668333333334, 60.39302166666666], [5.288668333333334, 60.393011666666666], [5.288683333333334, 60.393029999999996], [5.289038333333334, 60.39280833333333], [5.289206666666667, 60.392745], [5.289203333333333, 60.39275166666666], [5.28921, 60.392743333333335], [5.28922, 60.39275833333333], [5.2891683333333335, 60.39275833333333], [5.289173333333333, 60.39277833333333], [5.1984683333333335, 60.391618333333334], [5.139518333333333, 60.31411833333333], [5.163675, 60.224338333333336], [5.267666666666667, 60.146836666666665], [5.319068333333333, 60.05405666666666], [5.381346666666667, 59.97210666666667], [5.507833333333334, 59.910864999999994], [5.546801666666667, 59.82411333333334], [5.48057, 59.73953166666667], [5.339671666666666, 59.655865], [5.229678333333334, 59.565450000000006], [5.214008333333334, 59.4687], [5.288006666666666, 59.38564833333333], [5.330611666666667, 59.29871], [5.335708333333333, 59.20775166666667], [5.323646666666666, 59.116031666666665], [5.312071666666667, 59.02246], [5.345198333333333, 58.93405333333333], [5.380636666666666, 58.848155], [5.413835000000001, 58.762155], [5.489996666666667, 58.676833333333335], [5.576108333333334, 58.59175166666667], [5.673253333333333, 58.508919999999996], [5.810598333333333, 58.441246666666665], [5.952341666666666, 58.40211333333333], [5.985076666666667, 58.449886666666664], [5.982141666666666, 58.453215], [5.9821599999999995, 58.453215], [5.982176666666667, 58.453205000000004], [5.982153333333333, 58.453215], [5.982146666666667, 58.453245], [5.982198333333333, 58.45321333333333], [5.982141666666666, 58.453226666666666], [5.982141666666666, 58.453224999999996], [5.982116666666667, 58.45325166666667], [5.98215, 58.453215], [5.98213, 58.45322833333333], [5.98217, 58.453224999999996], [5.982173333333334, 58.45321166666667]]}, "properties": {"label": "HAGLAND CARRIER", "mmsi": "257064430", "imo": "9479931", "name": "HAGLAND CARRIER", "shiptype": "", "first_seen_utc": "2025-12-27T01:02:36Z", "last_seen_utc": "2026-01-05T04:18:36Z", "destination": "COPENHAGEN", "eta": "{'Day': 7, 'Hour': 5, 'Minute': 30, 'Month': 1}", "display": "", "links": "<a href=\"https://www.vesselfinder.com/vessels?name=9479931\" target=\"_blank\" rel=\"noopener\">VesselFinder</a> | <a href=\"https://www.marinetraffic.com/en/ais/search/all?keyword=9479931\" target=\"_blank\" rel=\"noopener\">MarineTraffic</a>", "vf_url": "https://www.vesselfinder.com/vessels?name=9479931", "mst_url": "https://www.marinetraffic.com/en/ais/search/all?keyword=9479931", "method": "v3_2pass_track3d_fromru10d", "ru_seen_in_lookback": true, "in_monitor_on_day": true}}, {"type": "Feature", "geometry": {"type": "Point", "coordinates": [5.982173333333334, 58.45321166666667]}, "properties": {"label": "HAGLAND CARRIER", "mmsi": "257064430", "imo": "9479931", "name": "HAGLAND CARRIER", "shiptype": "", "first_seen_utc": "2025-12-27T01:02:36Z", "last_seen_utc": "2026-01-05T04:18:36Z", "destination": "COPENHAGEN", "eta": "{'Day': 7, 'Hour': 5, 'Minute': 30, 'Month': 1}", "display": "HAGLAND CARRIER (257064430)", "links": "<a href=\"https://www.vesselfinder.com/vessels?name=9479931\" target=\"_blank\" rel=\"noopener\">VesselFinder</a> | <a href=\"https://www.marinetraffic.com/en/ais/search/all?keyword=9479931\" target=\"_blank\" rel=\"noopener\">MarineTraffic</a>", "vf_url": "https://www.vesselfinder.com/vessels?name=9479931", "mst_url": "https://www.marinetraffic.com/en/ais/search/all?keyword=9479931", "method": "v3_2pass_track3d_fromru10d", "ru_seen_in_lookback": true, "in_monitor_on_day": true}}, {"type": "Feature", "geometry": {"type": "LineString", "coordinates": [[15.435633333333334, 55.660583333333335], [15.246666666666666, 55.62935], [15.079766666666666, 55.58598333333334], [14.92, 55.53648333333333], [14.757416666666668, 55.48823333333333], [14.592583333333332, 55.4434], [14.472266666666666, 55.364850000000004], [14.34525, 55.271449999999994], [14.148349999999999, 55.13228333333333]]}, "properties": {"label": "MELTEMI I", "mmsi": "636024397", "imo": "9298741", "name": "MELTEMI I", "shiptype": "", "first_seen_utc": "2025-12-27T02:06:52Z", "last_seen_utc": "2026-01-05T04:21:25Z", "destination": "SG SIN", "eta": "{'Day': 18, 'Hour': 2, 'Minute': 0, 'Month': 2}", "display": "", "links": "<a href=\"https://www.vesselfinder.com/vessels?name=9298741\" target=\"_blank\" rel=\"noopener\">VesselFinder</a> | <a href=\"https://www.marinetraffic.com/en/ais/search/all?keyword=9298741\" target=\"_blank\" rel=\"noopener\">MarineTraffic</a>", "vf_url": "https://www.vesselfinder.com/vessels?name=9298741", "mst_url": "https://www.marinetraffic.com/en/ais/search/all?keyword=9298741", "method": "v3_2pass_track3d_fromru10d", "ru_seen_in_lookback": true, "in_monitor_on_day": true}}, {"type": "Feature", "geometry": {"type": "Point", "coordinates": [14.148349999999999, 55.13228333333333]}, "properties": {"label": "MELTEMI I", "mmsi": "636024397", "imo": "9298741", "name": "MELTEMI I", "shiptype": "", "first_seen_utc": "2025-12-27T02:06:52Z", "last_seen_utc": "2026-01-05T04:21:25Z", "destination": "SG SIN", "eta": "{'Day': 18, 'Hour': 2, 'Minute': 0, 'Month': 2}", "display": "MELTEMI I (636024397)", "links": "<a href=\"https://www.vesselfinder.com/vessels?name=9298741\" target=\"_blank\" rel=\"noopener\">VesselFinder</a> | <a href=\"https://www.marinetraffic.com/en/ais/search/all?keyword=9298741\" target=\"_blank\" rel=\"noopener\">MarineTraffic</a>", "vf_url": "https://www.vesselfinder.com/vessels?name=9298741", "mst_url": "https://www.marinetraffic.com/en/ais/search/all?keyword=9298741", "method": "v3_2pass_track3d_fromru10d", "ru_seen_in_lookback": true, "in_monitor_on_day": true}}, {"type": "Feature", "geometry": {"type": "LineString", "coordinates": [[18.71876, 54.40612333333333], [18.71876, 54.40592], [18.718681666666665, 54.40602166666667], [18.718631666666667, 54.406018333333336], [18.71868, 54.40599833333333], [18.71864833333333, 54.40599833333333], [18.718658333333334, 54.406025], [18.71867166666667, 54.406013333333334], [18.718686666666667, 54.405975], [18.718683333333335, 54.40599666666667], [18.718705, 54.40598166666667], [18.718700000000002, 54.406], [18.718646666666665, 54.406005], [18.718721666666667, 54.406], [18.718713333333334, 54.406], [18.718713333333334, 54.40600333333334], [18.718668333333333, 54.406013333333334], [18.718664999999998, 54.40600833333333], [18.718611666666668, 54.406016666666666], [18.718653333333336, 54.405995], [18.71864833333333, 54.40599666666667], [18.71875, 54.405995], [18.718664999999998, 54.40600333333334], [18.718688333333333, 54.406016666666666], [18.718675, 54.40600666666667], [18.71865, 54.40598833333333], [18.718675, 54.40600166666666], [18.71869, 54.406018333333336], [18.718664999999998, 54.405991666666665], [18.718686666666667, 54.40602833333333], [18.718686666666667, 54.405995], [18.718661666666666, 54.40600333333334], [18.718645, 54.40599333333333], [18.718683333333335, 54.406], [18.718664999999998, 54.40601], [18.718633333333333, 54.406], [18.71866, 54.40600666666667], [18.71865, 54.405995], [18.718664999999998, 54.40599666666667], [18.718700000000002, 54.40600666666667], [18.718643333333333, 54.40605166666667], [18.718721666666667, 54.40593833333333], [18.718709999999998, 54.406016666666666], [18.718715, 54.40602666666667], [18.805458333333334, 54.41159833333334], [18.97285, 54.43846], [19.052351666666667, 54.52386166666667], [19.12338, 54.612116666666665], [19.076975, 54.70085666666667], [18.99217666666667, 54.78279666666666], [18.888093333333334, 54.88304166666667], [15.493716666666668, 55.42808166666667], [15.307963333333333, 55.423445]]}, "properties": {"label": "SEAWAYS COLORADO", "mmsi": "538004034", "imo": "9594767", "name": "SEAWAYS COLORADO", "shiptype": "", "first_seen_utc": "2025-12-27T03:39:11Z", "last_seen_utc": "2026-01-05T04:17:24Z", "destination": "SEGOT", "eta": "{'Day': 6, 'Hour': 17, 'Minute': 0, 'Month': 1}", "display": "", "links": "<a href=\"https://www.vesselfinder.com/vessels?name=9594767\" target=\"_blank\" rel=\"noopener\">VesselFinder</a> | <a href=\"https://www.marinetraffic.com/en/ais/search/all?keyword=9594767\" target=\"_blank\" rel=\"noopener\">MarineTraffic</a>", "vf_url": "https://www.vesselfinder.com/vessels?name=9594767", "mst_url": "https://www.marinetraffic.com/en/ais/search/all?keyword=9594767", "method": "v3_2pass_track3d_fromru10d", "ru_seen_in_lookback": true, "in_monitor_on_day": true}}, {"type": "Feature", "geometry": {"type": "Point", "coordinates": [15.307963333333333, 55.423445]}, "properties": {"label": "SEAWAYS COLORADO", "mmsi": "538004034", "imo": "9594767", "name": "SEAWAYS COLORADO", "shiptype": "", "first_seen_utc": "2025-12-27T03:39:11Z", "last_seen_utc": "2026-01-05T04:17:24Z", "destination": "SEGOT", "eta": "{'Day': 6, 'Hour': 17, 'Minute': 0, 'Month': 1}", "display": "SEAWAYS COLORADO (538004034)", "links": "<a href=\"https://www.vesselfinder.com/vessels?name=9594767\" target=\"_blank\" rel=\"noopener\">VesselFinder</a> | <a href=\"https://www.marinetraffic.com/en/ais/search/all?keyword=9594767\" target=\"_blank\" rel=\"noopener\">MarineTraffic</a>", "vf_url": "https://www.vesselfinder.com/vessels?name=9594767", "mst_url": "https://www.marinetraffic.com/en/ais/search/all?keyword=9594767", "method": "v3_2pass_track3d_fromru10d", "ru_seen_in_lookback": true, "in_monitor_on_day": true}}, {"type": "Feature", "geometry": {"type": "LineString", "coordinates": [[5.525698333333334, 59.238438333333335], [5.510196666666667, 59.259856666666664], [5.497434999999999, 59.271195], [5.497375, 59.271224999999994], [5.497389999999999, 59.271190000000004], [5.497411666666666, 59.27114666666667], [5.49735, 59.271206666666664], [5.497356666666667, 59.271195], [5.497363333333333, 59.271179999999994], [5.49737, 59.27118333333333], [5.497396666666666, 59.2712], [5.497303333333333, 59.27116], [5.497315, 59.27118666666667], [5.497345, 59.27121833333333], [5.497365, 59.27121833333333], [5.497381666666667, 59.271193333333336], [5.497345, 59.27120166666667], [5.497365, 59.271188333333335], [5.497343333333333, 59.271164999999996], [5.497371666666667, 59.27119166666667], [5.497363333333333, 59.27119833333334], [5.497375, 59.27117], [5.497375, 59.271193333333336], [5.497363333333333, 59.271168333333335], [5.4973366666666665, 59.27115833333333], [5.497378333333333, 59.271213333333336], [5.4974083333333335, 59.27122833333333], [5.497345, 59.271211666666666], [5.497378333333333, 59.271206666666664], [5.4973849999999995, 59.27119166666667], [5.497371666666667, 59.271226666666664], [5.497356666666667, 59.266198333333335], [5.532636666666666, 59.239873333333335], [5.531556666666666, 59.24038333333333], [5.5314016666666666, 59.240318333333335], [5.531248333333334, 59.24017333333334], [5.5311200000000005, 59.240095], [5.5310033333333335, 59.23992166666667], [5.5309816666666665, 59.240024999999996], [5.530995, 59.23999333333334], [5.531090000000001, 59.240145], [5.531008333333333, 59.24011333333333], [5.5311200000000005, 59.24019666666666], [5.531208333333334, 59.240300000000005], [5.53144, 59.24038333333333], [5.531405, 59.240379999999995], [5.531316666666667, 59.24030666666667], [5.531208333333334, 59.24026166666667], [5.531153333333333, 59.240228333333334], [5.531768333333333, 59.240478333333336], [5.532316666666667, 59.24067333333333], [5.532568333333333, 59.24061], [5.53219, 59.24061666666667], [5.531653333333334, 59.24051333333333], [5.5315433333333335, 59.24037833333333], [5.531938333333333, 59.24054666666667], [5.531813333333333, 59.240559999999995], [5.532271666666667, 59.240675], [5.532120000000001, 59.24067], [5.531563333333334, 59.240384999999996], [5.531201666666666, 59.240208333333335], [5.531106666666667, 59.24017833333333], [5.531001666666667, 59.240154999999994], [5.530935, 59.24008], [5.531006666666667, 59.24003833333334], [5.531103333333333, 59.24015833333333], [5.531083333333333, 59.24013166666667], [5.531305000000001, 59.24017333333334], [5.531773333333334, 59.24051], [5.5322016666666665, 59.240615000000005], [5.532426666666667, 59.24066166666667], [5.53187, 59.240561666666665], [5.531720000000001, 59.24033], [5.532026666666667, 59.24053166666667], [5.531428333333333, 59.240285], [5.531091666666667, 59.24007166666667], [5.531008333333333, 59.23981166666667], [5.530963333333333, 59.23987833333333], [5.530973333333334, 59.23986333333333], [5.531000000000001, 59.239914999999996], [5.531454999999999, 59.240435000000005], [5.531695, 59.24052833333334], [5.531985000000001, 59.24057166666667], [5.53175, 59.24057166666667]]}, "properties": {"label": "RHOGAS", "mmsi": "305793000", "imo": "9618848", "name": "RHOGAS", "shiptype": "", "first_seen_utc": "2025-12-27T03:40:11Z", "last_seen_utc": "2026-01-05T04:30:04Z", "destination": "ANCHORAGE", "eta": "{'Day': 4, 'Hour': 1, 'Minute': 30, 'Month': 1}", "display": "", "links": "<a href=\"https://www.vesselfinder.com/vessels?name=9618848\" target=\"_blank\" rel=\"noopener\">VesselFinder</a> | <a href=\"https://www.marinetraffic.com/en/ais/search/all?keyword=9618848\" target=\"_blank\" rel=\"noopener\">MarineTraffic</a>", "vf_url": "https://www.vesselfinder.com/vessels?name=9618848", "mst_url": "https://www.marinetraffic.com/en/ais/search/all?keyword=9618848", "method": "v3_2pass_track3d_fromru10d", "ru_seen_in_lookback": true, "in_monitor_on_day": true}}, {"type": "Feature", "geometry": {"type": "Point", "coordinates": [5.53175, 59.24057166666667]}, "properties": {"label": "RHOGAS", "mmsi": "305793000", "imo": "9618848", "name": "RHOGAS", "shiptype": "", "first_seen_utc": "2025-12-27T03:40:11Z", "last_seen_utc": "2026-01-05T04:30:04Z", "destination": "ANCHORAGE", "eta": "{'Day': 4, 'Hour': 1, 'Minute': 30, 'Month': 1}", "display": "RHOGAS (305793000)", "links": "<a href=\"https://www.vesselfinder.com/vessels?name=9618848\" target=\"_blank\" rel=\"noopener\">VesselFinder</a> | <a href=\"https://www.marinetraffic.com/en/ais/search/all?keyword=9618848\" target=\"_blank\" rel=\"noopener\">MarineTraffic</a>", "vf_url": "https://www.vesselfinder.com/vessels?name=9618848", "mst_url": "https://www.marinetraffic.com/en/ais/search/all?keyword=9618848", "method": "v3_2pass_track3d_fromru10d", "ru_seen_in_lookback": true, "in_monitor_on_day": true}}, {"type": "Feature", "geometry": {"type": "LineString", "coordinates": [[18.822533333333336, 54.456845], [18.822816666666665, 54.456516666666666], [18.822805000000002, 54.45668833333333], [18.82184833333333, 54.457118333333334], [18.822965, 54.45628], [18.822315, 54.45690833333333], [18.822913333333336, 54.456265], [18.82213, 54.45702166666667], [18.823163333333333, 54.456466666666664], [18.82220166666667, 54.45698166666667], [18.823158333333332, 54.45624333333333], [18.82239, 54.457035], [18.823181666666667, 54.456445], [18.82276166666667, 54.45708166666667], [18.823345, 54.45646166666667], [18.823083333333333, 54.456925], [18.823196666666668, 54.45685666666667], [18.823138333333336, 54.45703833333334], [18.822871666666668, 54.45706333333333], [18.823531666666668, 54.456685], [18.822723333333332, 54.457163333333334], [18.823283333333332, 54.456853333333335], [18.823249999999998, 54.45686666666666], [18.82330166666667, 54.457033333333335], [18.822373333333335, 54.45734166666667], [18.822013333333334, 54.457411666666665], [18.822555, 54.45735], [18.823021666666666, 54.456943333333335], [18.823021666666666, 54.456915], [18.822695, 54.45722166666667], [18.822844999999997, 54.457166666666666], [18.822801666666667, 54.457186666666665], [18.822940000000003, 54.457075], [18.823138333333336, 54.45693333333334], [18.822296666666666, 54.45728166666667], [18.822195, 54.457295], [18.821658333333335, 54.45734], [18.822251666666666, 54.457415], [18.82247166666667, 54.457276666666665], [18.822409999999998, 54.457231666666665], [18.822565, 54.457226666666664], [18.82231, 54.45732833333333], [18.821931666666668, 54.45737166666667], [18.82295333333333, 54.456895], [18.823373333333333, 54.456565], [18.823351666666667, 54.45630166666667], [18.823435, 54.45626333333333], [18.823590000000003, 54.45627666666667], [18.82333, 54.456786666666666], [18.823011666666666, 54.45702000000001], [18.823073333333333, 54.456943333333335], [18.823494999999998, 54.45670666666667], [18.82321, 54.457008333333334], [18.823711666666668, 54.45661333333333], [18.823363333333337, 54.45706333333333], [18.823721666666664, 54.456630000000004], [18.827233333333332, 54.46402], [18.910376666666664, 54.46355333333334], [18.808795, 54.420413333333336], [18.71386, 54.39383333333333], [18.708415, 54.39103333333333], [18.708428333333334, 54.391025], [18.70843, 54.39102833333333], [18.70847, 54.39102666666667], [18.708438333333334, 54.39104], [18.70842, 54.39105], [18.708435, 54.391036666666665], [18.70842, 54.391055], [18.70843, 54.39105], [18.708413333333333, 54.391038333333334], [18.708433333333335, 54.391035], [18.708466666666666, 54.39105], [18.708425, 54.391038333333334], [18.708450000000003, 54.391020000000005], [18.70843166666667, 54.39104666666666], [18.708413333333333, 54.39104833333333], [18.708435, 54.391055], [18.708413333333333, 54.39106666666667], [18.708413333333333, 54.39107666666666], [18.708438333333334, 54.391061666666666], [18.708411666666667, 54.39105333333334], [18.708418333333334, 54.391038333333334], [18.708396666666665, 54.39102833333333], [18.708450000000003, 54.391045]]}, "properties": {"label": "WILSON FLEX IV", "mmsi": "255806463", "imo": "9911460", "name": "WILSON FLEX IV", "shiptype": "", "first_seen_utc": "2025-12-27T04:09:15Z", "last_seen_utc": "2026-01-05T04:20:41Z", "destination": "PL GDN", "eta": "{'Day': 4, 'Hour': 16, 'Minute': 30, 'Month': 1}", "display": "", "links": "<a href=\"https://www.vesselfinder.com/vessels?name=9911460\" target=\"_blank\" rel=\"noopener\">VesselFinder</a> | <a href=\"https://www.marinetraffic.com/en/ais/search/all?keyword=9911460\" target=\"_blank\" rel=\"noopener\">MarineTraffic</a>", "vf_url": "https://www.vesselfinder.com/vessels?name=9911460", "mst_url": "https://www.marinetraffic.com/en/ais/search/all?keyword=9911460", "method": "v3_2pass_track3d_fromru10d", "ru_seen_in_lookback": true, "in_monitor_on_day": true}}, {"type": "Feature", "geometry": {"type": "Point", "coordinates": [18.708450000000003, 54.391045]}, "properties": {"label": "WILSON FLEX IV", "mmsi": "255806463", "imo": "9911460", "name": "WILSON FLEX IV", "shiptype": "", "first_seen_utc": "2025-12-27T04:09:15Z", "last_seen_utc": "2026-01-05T04:20:41Z", "destination": "PL GDN", "eta": "{'Day': 4, 'Hour': 16, 'Minute': 30, 'Month': 1}", "display": "WILSON FLEX IV (255806463)", "links": "<a href=\"https://www.vesselfinder.com/vessels?name=9911460\" target=\"_blank\" rel=\"noopener\">VesselFinder</a> | <a href=\"https://www.marinetraffic.com/en/ais/search/all?keyword=9911460\" target=\"_blank\" rel=\"noopener\">MarineTraffic</a>", "vf_url": "https://www.vesselfinder.com/vessels?name=9911460", "mst_url": "https://www.marinetraffic.com/en/ais/search/all?keyword=9911460", "method": "v3_2pass_track3d_fromru10d", "ru_seen_in_lookback": true, "in_monitor_on_day": true}}, {"type": "Feature", "geometry": {"type": "LineString", "coordinates": [[12.27423, 54.59677666666666], [12.208701666666666, 54.49164666666666], [12.084351666666667, 54.435538333333334], [11.897971666666667, 54.432244999999995], [11.726013333333333, 54.447055], [11.559703333333333, 54.49254666666666], [11.389240000000001, 54.53416166666667], [11.225331666666667, 54.58225], [11.048566666666666, 54.597923333333334], [10.865161666666667, 54.58806166666667], [10.678071666666666, 54.57722166666667], [10.50074, 54.54835666666667], [10.337198333333333, 54.507045], [10.226656666666665, 54.440203333333336], [10.180275, 54.377653333333335], [10.143548333333333, 54.36523], [10.125506666666666, 54.36823833333334], [10.058266666666666, 54.36032], [9.970830000000001, 54.34301333333334], [9.88546, 54.355245], [9.788483333333334, 54.360411666666664], [9.714273333333333, 54.322091666666665], [9.654256666666667, 54.288783333333335], [9.611648333333333, 54.241535], [9.561345, 54.20299333333333], [9.510821666666667, 54.18812666666667], [9.419211666666666, 54.16533166666667], [9.33128, 54.12869833333333], [9.277221666666666, 53.98119166666667], [9.209883333333332, 53.931911666666664], [9.156445, 53.900425000000006], [9.144893333333332, 53.89400833333333], [9.138093333333334, 53.889739999999996], [8.904793333333334, 53.84425], [8.701116666666667, 53.89356333333333], [7.933471666666667, 54.0199], [7.80825, 54.02253666666666], [7.691016666666667, 54.020855], [7.5779749999999995, 54.00369833333333], [7.4632716666666665, 53.987280000000005], [7.346010000000001, 53.970595], [7.2200283333333335, 53.953986666666665], [7.09366, 53.93539833333333], [6.966148333333334, 53.91543166666667], [6.832231666666667, 53.892505], [6.696431666666667, 53.86788833333333], [6.555076666666666, 53.84646], [6.412988333333333, 53.82427833333334], [6.268816666666667, 53.79832]]}, "properties": {"label": "ESPERANCE", "mmsi": "244265000", "imo": "9491484", "name": "ESPERANCE", "shiptype": "", "first_seen_utc": "2025-12-27T05:20:05Z", "last_seen_utc": "2026-01-05T04:02:29Z", "destination": "BE ANR", "eta": "{'Day': 6, 'Hour': 2, 'Minute': 0, 'Month': 1}", "display": "", "links": "<a href=\"https://www.vesselfinder.com/vessels?name=9491484\" target=\"_blank\" rel=\"noopener\">VesselFinder</a> | <a href=\"https://www.marinetraffic.com/en/ais/search/all?keyword=9491484\" target=\"_blank\" rel=\"noopener\">MarineTraffic</a>", "vf_url": "https://www.vesselfinder.com/vessels?name=9491484", "mst_url": "https://www.marinetraffic.com/en/ais/search/all?keyword=9491484", "method": "v3_2pass_track3d_fromru10d", "ru_seen_in_lookback": true, "in_monitor_on_day": true}}, {"type": "Feature", "geometry": {"type": "Point", "coordinates": [6.268816666666667, 53.79832]}, "properties": {"label": "ESPERANCE", "mmsi": "244265000", "imo": "9491484", "name": "ESPERANCE", "shiptype": "", "first_seen_utc": "2025-12-27T05:20:05Z", "last_seen_utc": "2026-01-05T04:02:29Z", "destination": "BE ANR", "eta": "{'Day': 6, 'Hour': 2, 'Minute': 0, 'Month': 1}", "display": "ESPERANCE (244265000)", "links": "<a href=\"https://www.vesselfinder.com/vessels?name=9491484\" target=\"_blank\" rel=\"noopener\">VesselFinder</a> | <a href=\"https://www.marinetraffic.com/en/ais/search/all?keyword=9491484\" target=\"_blank\" rel=\"noopener\">MarineTraffic</a>", "vf_url": "https://www.vesselfinder.com/vessels?name=9491484", "mst_url": "https://www.marinetraffic.com/en/ais/search/all?keyword=9491484", "method": "v3_2pass_track3d_fromru10d", "ru_seen_in_lookback": true, "in_monitor_on_day": true}}, {"type": "Feature", "geometry": {"type": "LineString", "coordinates": [[2.5809466666666667, 51.91732666666667], [2.4761033333333335, 51.825916666666664], [2.12568, 51.59404], [2.016661666666667, 51.52357333333334], [1.91954, 51.45935833333333], [1.8634233333333334, 51.385040000000004], [1.8150799999999998, 51.309594999999995], [1.7707983333333333, 51.23990833333333], [1.6938183333333332, 51.19095333333333], [1.6074483333333334, 51.14907166666667], [1.5208966666666666, 51.105055], [1.4258016666666669, 51.05366333333333], [1.3217283333333334, 50.996695]]}, "properties": {"label": "GULLWING", "mmsi": "229281000", "imo": "9595981", "name": "GULLWING", "shiptype": "", "first_seen_utc": "2025-12-27T05:49:16Z", "last_seen_utc": "2026-01-05T04:17:20Z", "destination": "CRISTOBAL", "eta": "{'Day': 21, 'Hour': 18, 'Minute': 0, 'Month': 1}", "display": "", "links": "<a href=\"https://www.vesselfinder.com/vessels?name=9595981\" target=\"_blank\" rel=\"noopener\">VesselFinder</a> | <a href=\"https://www.marinetraffic.com/en/ais/search/all?keyword=9595981\" target=\"_blank\" rel=\"noopener\">MarineTraffic</a>", "vf_url": "https://www.vesselfinder.com/vessels?name=9595981", "mst_url": "https://www.marinetraffic.com/en/ais/search/all?keyword=9595981", "method": "v3_2pass_track3d_fromru10d", "ru_seen_in_lookback": true, "in_monitor_on_day": true}}, {"type": "Feature", "geometry": {"type": "Point", "coordinates": [1.3217283333333334, 50.996695]}, "properties": {"label": "GULLWING", "mmsi": "229281000", "imo": "9595981", "name": "GULLWING", "shiptype": "", "first_seen_utc": "2025-12-27T05:49:16Z", "last_seen_utc": "2026-01-05T04:17:20Z", "destination": "CRISTOBAL", "eta": "{'Day': 21, 'Hour': 18, 'Minute': 0, 'Month': 1}", "display": "GULLWING (229281000)", "links": "<a href=\"https://www.vesselfinder.com/vessels?name=9595981\" target=\"_blank\" rel=\"noopener\">VesselFinder</a> | <a href=\"https://www.marinetraffic.com/en/ais/search/all?keyword=9595981\" target=\"_blank\" rel=\"noopener\">MarineTraffic</a>", "vf_url": "https://www.vesselfinder.com/vessels?name=9595981", "mst_url": "https://www.marinetraffic.com/en/ais/search/all?keyword=9595981", "method": "v3_2pass_track3d_fromru10d", "ru_seen_in_lookback": true, "in_monitor_on_day": true}}, {"type": "Feature", "geometry": {"type": "LineString", "coordinates": [[28.39924166666667, 59.80146666666667], [28.399414999999998, 59.8011], [28.399881666666666, 59.802081666666666], [28.39934, 59.80103333333333], [28.40546833333333, 59.80108333333333], [28.479803333333333, 59.86868833333333], [15.323413333333333, 55.688415], [15.103656666666666, 55.61426166666667], [14.888959999999999, 55.54033666666667], [14.676919999999999, 55.465574999999994], [14.500673333333333, 55.365990000000004], [14.313443333333334, 55.23362833333333]]}, "properties": {"label": "DITLEV", "mmsi": "311062400", "imo": "8819926", "name": "DITLEV", "shiptype": "", "first_seen_utc": "2025-12-27T06:01:11Z", "last_seen_utc": "2026-01-05T03:43:39Z", "destination": "PACTB", "eta": "{'Day': 21, 'Hour': 7, 'Minute': 0, 'Month': 1}", "display": "", "links": "<a href=\"https://www.vesselfinder.com/vessels?name=8819926\" target=\"_blank\" rel=\"noopener\">VesselFinder</a> | <a href=\"https://www.marinetraffic.com/en/ais/search/all?keyword=8819926\" target=\"_blank\" rel=\"noopener\">MarineTraffic</a>", "vf_url": "https://www.vesselfinder.com/vessels?name=8819926", "mst_url": "https://www.marinetraffic.com/en/ais/search/all?keyword=8819926", "method": "v3_2pass_track3d_fromru10d", "ru_seen_in_lookback": true, "in_monitor_on_day": true}}, {"type": "Feature", "geometry": {"type": "Point", "coordinates": [14.313443333333334, 55.23362833333333]}, "properties": {"label": "DITLEV", "mmsi": "311062400", "imo": "8819926", "name": "DITLEV", "shiptype": "", "first_seen_utc": "2025-12-27T06:01:11Z", "last_seen_utc": "2026-01-05T03:43:39Z", "destination": "PACTB", "eta": "{'Day': 21, 'Hour': 7, 'Minute': 0, 'Month': 1}", "display": "DITLEV (311062400)", "links": "<a href=\"https://www.vesselfinder.com/vessels?name=8819926\" target=\"_blank\" rel=\"noopener\">VesselFinder</a> | <a href=\"https://www.marinetraffic.com/en/ais/search/all?keyword=8819926\" target=\"_blank\" rel=\"noopener\">MarineTraffic</a>", "vf_url": "https://www.vesselfinder.com/vessels?name=8819926", "mst_url": "https://www.marinetraffic.com/en/ais/search/all?keyword=8819926", "method": "v3_2pass_track3d_fromru10d", "ru_seen_in_lookback": true, "in_monitor_on_day": true}}, {"type": "Feature", "geometry": {"type": "LineString", "coordinates": [[7.7371, 53.8906], [7.9282666666666675, 53.858783333333335], [8.154950000000001, 53.78203333333333], [8.363316666666666, 53.67806666666667], [8.500316666666667, 53.6059], [8.51275, 53.600033333333336], [8.51275, 53.60001666666667], [8.51275, 53.6], [8.512766666666668, 53.60001666666667], [8.51275, 53.60001666666667], [8.51275, 53.600033333333336], [8.51275, 53.60001666666667], [8.51275, 53.60001666666667], [8.51275, 53.600033333333336], [8.51275, 53.60001666666667], [8.51275, 53.600033333333336], [8.512766666666668, 53.600033333333336], [8.51275, 53.600033333333336], [8.512766666666668, 53.60001666666667], [8.51275, 53.60001666666667], [8.51275, 53.60001666666667], [8.51275, 53.600033333333336], [8.51275, 53.600033333333336], [8.51275, 53.60001666666667], [8.51275, 53.600033333333336], [8.51275, 53.600033333333336], [8.512733333333333, 53.60001666666667], [8.51275, 53.60001666666667], [8.512766666666668, 53.600033333333336], [8.51275, 53.60001666666667], [8.51275, 53.60001666666667], [8.51275, 53.600033333333336], [8.51275, 53.60001666666667], [8.512766666666668, 53.60001666666667], [8.51275, 53.60001666666667], [8.512733333333333, 53.600033333333336], [8.51275, 53.600033333333336], [8.5128, 53.600033333333336], [8.512733333333333, 53.600033333333336], [8.51275, 53.600033333333336], [8.51275, 53.600033333333336], [8.512766666666668, 53.600033333333336], [8.51275, 53.60001666666667], [8.512733333333333, 53.600033333333336], [8.51275, 53.60001666666667], [8.51275, 53.600033333333336], [8.512733333333333, 53.600033333333336], [8.512733333333333, 53.600033333333336], [8.42955, 53.640750000000004], [8.250966666666667, 53.7315], [7.888433333333333, 53.872933333333336], [7.8097666666666665, 53.92028333333334], [7.804516666666667, 53.91973333333333], [7.803983333333333, 53.9199], [7.8017666666666665, 53.91873333333333], [7.8006, 53.91811666666667], [7.8011, 53.918483333333334], [7.8048, 53.9185], [7.807133333333334, 53.91741666666667], [7.807183333333333, 53.91693333333333], [7.807283333333333, 53.91705], [7.8082666666666665, 53.91755], [7.80835, 53.91721666666667], [7.808283333333334, 53.917683333333336], [7.8081499999999995, 53.918083333333335], [7.808283333333334, 53.91773333333333], [7.808166666666667, 53.91805], [7.808183333333333, 53.918033333333334], [7.8077499999999995, 53.91863333333333], [7.807033333333334, 53.91908333333333], [7.806216666666667, 53.91951666666667], [7.805083333333333, 53.91985], [7.8058000000000005, 53.91968333333333]]}, "properties": {"label": "MAERSK NUBA", "mmsi": "477552100", "imo": "9356115", "name": "MAERSK NUBA", "shiptype": "", "first_seen_utc": "2025-12-27T06:11:32Z", "last_seen_utc": "2026-01-05T03:21:42Z", "destination": "DEBRV>>DEHAM", "eta": "{'Day': 5, 'Hour': 14, 'Minute': 30, 'Month': 1}", "display": "", "links": "<a href=\"https://www.vesselfinder.com/vessels?name=9356115\" target=\"_blank\" rel=\"noopener\">VesselFinder</a> | <a href=\"https://www.marinetraffic.com/en/ais/search/all?keyword=9356115\" target=\"_blank\" rel=\"noopener\">MarineTraffic</a>", "vf_url": "https://www.vesselfinder.com/vessels?name=9356115", "mst_url": "https://www.marinetraffic.com/en/ais/search/all?keyword=9356115", "method": "v3_2pass_track3d_fromru10d", "ru_seen_in_lookback": true, "in_monitor_on_day": true}}, {"type": "Feature", "geometry": {"type": "Point", "coordinates": [7.8058000000000005, 53.91968333333333]}, "properties": {"label": "MAERSK NUBA", "mmsi": "477552100", "imo": "9356115", "name": "MAERSK NUBA", "shiptype": "", "first_seen_utc": "2025-12-27T06:11:32Z", "last_seen_utc": "2026-01-05T03:21:42Z", "destination": "DEBRV>>DEHAM", "eta": "{'Day': 5, 'Hour': 14, 'Minute': 30, 'Month': 1}", "display": "MAERSK NUBA (477552100)", "links": "<a href=\"https://www.vesselfinder.com/vessels?name=9356115\" target=\"_blank\" rel=\"noopener\">VesselFinder</a> | <a href=\"https://www.marinetraffic.com/en/ais/search/all?keyword=9356115\" target=\"_blank\" rel=\"noopener\">MarineTraffic</a>", "vf_url": "https://www.vesselfinder.com/vessels?name=9356115", "mst_url": "https://www.marinetraffic.com/en/ais/search/all?keyword=9356115", "method": "v3_2pass_track3d_fromru10d", "ru_seen_in_lookback": true, "in_monitor_on_day": true}}, {"type": "Feature", "geometry": {"type": "LineString", "coordinates": [[19.030379999999997, 54.92192], [19.037225, 54.82528333333333], [19.045418333333334, 54.74093666666667], [19.051618333333334, 54.67619], [19.07911, 54.616276666666664], [19.043086666666667, 54.56861666666667], [19.006231666666668, 54.52488666666667], [18.98815, 54.504104999999996], [18.93295, 54.45015], [18.851936666666667, 54.42881166666667], [18.745510000000003, 54.40488666666667], [18.712403333333334, 54.387816666666666], [18.711268333333333, 54.38773666666667], [18.711323333333333, 54.38777833333334], [18.711285, 54.38771833333333], [18.711285, 54.38779666666667], [18.71126333333333, 54.38775833333333], [18.71128666666667, 54.38775833333333], [18.711265, 54.387705], [18.711246666666668, 54.38772166666667], [18.71123833333333, 54.38771333333333], [18.71120833333333, 54.38771666666666], [18.711311666666667, 54.387748333333334], [18.711231666666666, 54.387725], [18.711311666666667, 54.38774333333333], [18.71131, 54.387703333333334], [18.71128, 54.38772666666667], [18.711323333333333, 54.387735], [18.71133166666667, 54.387730000000005], [18.711246666666668, 54.38776], [18.711285, 54.38776], [18.711258333333333, 54.387775000000005], [18.711311666666667, 54.38774333333333], [18.711293333333334, 54.387723333333334], [18.711285, 54.38773333333334], [18.711306666666665, 54.38774166666667], [18.71129, 54.387723333333334], [18.71130833333333, 54.38773833333333], [18.711231666666666, 54.38775], [18.711285, 54.38774333333333], [18.711296666666666, 54.38771666666666], [18.711255, 54.38773833333333], [18.712598333333336, 54.38816166666666]]}, "properties": {"label": "AVA D", "mmsi": "255705000", "imo": "9306225", "name": "AVA D", "shiptype": "", "first_seen_utc": "2025-12-27T06:11:42Z", "last_seen_utc": "2026-01-05T04:39:59Z", "destination": "FIKTK", "eta": "{'Day': 7, 'Hour': 10, 'Minute': 0, 'Month': 1}", "display": "", "links": "<a href=\"https://www.vesselfinder.com/vessels?name=9306225\" target=\"_blank\" rel=\"noopener\">VesselFinder</a> | <a href=\"https://www.marinetraffic.com/en/ais/search/all?keyword=9306225\" target=\"_blank\" rel=\"noopener\">MarineTraffic</a>", "vf_url": "https://www.vesselfinder.com/vessels?name=9306225", "mst_url": "https://www.marinetraffic.com/en/ais/search/all?keyword=9306225", "method": "v3_2pass_track3d_fromru10d", "ru_seen_in_lookback": true, "in_monitor_on_day": true}}, {"type": "Feature", "geometry": {"type": "Point", "coordinates": [18.712598333333336, 54.38816166666666]}, "properties": {"label": "AVA D", "mmsi": "255705000", "imo": "9306225", "name": "AVA D", "shiptype": "", "first_seen_utc": "2025-12-27T06:11:42Z", "last_seen_utc": "2026-01-05T04:39:59Z", "destination": "FIKTK", "eta": "{'Day': 7, 'Hour': 10, 'Minute': 0, 'Month': 1}", "display": "AVA D (255705000)", "links": "<a href=\"https://www.vesselfinder.com/vessels?name=9306225\" target=\"_blank\" rel=\"noopener\">VesselFinder</a> | <a href=\"https://www.marinetraffic.com/en/ais/search/all?keyword=9306225\" target=\"_blank\" rel=\"noopener\">MarineTraffic</a>", "vf_url": "https://www.vesselfinder.com/vessels?name=9306225", "mst_url": "https://www.marinetraffic.com/en/ais/search/all?keyword=9306225", "method": "v3_2pass_track3d_fromru10d", "ru_seen_in_lookback": true, "in_monitor_on_day": true}}, {"type": "Feature", "geometry": {"type": "LineString", "coordinates": [[12.260583333333333, 54.573456666666665], [12.211245, 54.49398833333333], [12.12833, 54.43240333333333], [11.990195, 54.42922], [11.843626666666667, 54.427546666666665], [11.710998333333333, 54.44690166666667], [11.586913333333333, 54.481806666666664], [11.463546666666668, 54.518951666666666], [11.333396666666665, 54.554535], [11.20251, 54.590426666666666], [11.064481666666667, 54.60332166666667], [10.931093333333333, 54.62586833333333], [10.821458333333334, 54.661831666666664], [10.774685, 54.72408166666666], [10.822823333333334, 54.78879], [10.839456666666667, 54.87267333333333], [10.911826666666666, 54.94867833333333], [10.992128333333334, 55.01777666666667], [10.992573333333333, 55.09829333333333], [11.030896666666667, 55.174364999999995], [11.097276666666666, 55.237671666666664], [11.043393333333334, 55.313586666666666], [10.828814999999999, 55.57893833333333], [10.79031, 55.659978333333335], [10.806746666666667, 55.74571666666667], [10.804475, 55.828561666666666], [10.87295, 55.90009666666666], [10.360795, 57.858219999999996], [10.00358, 57.82345833333333], [9.762438333333334, 57.788765], [9.605431666666668, 57.74921500000001], [9.281545, 57.667051666666666], [9.116366666666666, 57.611673333333336], [8.974743333333333, 57.564255], [8.839616666666666, 57.520315], [8.697804999999999, 57.47372666666667], [8.562551666666668, 57.42796], [8.249786666666667, 57.327643333333334], [8.116838333333332, 57.28295166666667], [8.018963333333334, 57.21463166666667], [7.9446200000000005, 57.14011333333334]]}, "properties": {"label": "ULUSOY-12", "mmsi": "271042567", "imo": "9586423", "name": "ULUSOY-12", "shiptype": "", "first_seen_utc": "2025-12-27T07:04:52Z", "last_seen_utc": "2026-01-05T03:34:43Z", "destination": "EG SUZ", "eta": "{'Day': 18, 'Hour': 16, 'Minute': 0, 'Month': 1}", "display": "", "links": "<a href=\"https://www.vesselfinder.com/vessels?name=9586423\" target=\"_blank\" rel=\"noopener\">VesselFinder</a> | <a href=\"https://www.marinetraffic.com/en/ais/search/all?keyword=9586423\" target=\"_blank\" rel=\"noopener\">MarineTraffic</a>", "vf_url": "https://www.vesselfinder.com/vessels?name=9586423", "mst_url": "https://www.marinetraffic.com/en/ais/search/all?keyword=9586423", "method": "v3_2pass_track3d_fromru10d", "ru_seen_in_lookback": true, "in_monitor_on_day": true}}, {"type": "Feature", "geometry": {"type": "Point", "coordinates": [7.9446200000000005, 57.14011333333334]}, "properties": {"label": "ULUSOY-12", "mmsi": "271042567", "imo": "9586423", "name": "ULUSOY-12", "shiptype": "", "first_seen_utc": "2025-12-27T07:04:52Z", "last_seen_utc": "2026-01-05T03:34:43Z", "destination": "EG SUZ", "eta": "{'Day': 18, 'Hour': 16, 'Minute': 0, 'Month': 1}", "display": "ULUSOY-12 (271042567)", "links": "<a href=\"https://www.vesselfinder.com/vessels?name=9586423\" target=\"_blank\" rel=\"noopener\">VesselFinder</a> | <a href=\"https://www.marinetraffic.com/en/ais/search/all?keyword=9586423\" target=\"_blank\" rel=\"noopener\">MarineTraffic</a>", "vf_url": "https://www.vesselfinder.com/vessels?name=9586423", "mst_url": "https://www.marinetraffic.com/en/ais/search/all?keyword=9586423", "method": "v3_2pass_track3d_fromru10d", "ru_seen_in_lookback": true, "in_monitor_on_day": true}}, {"type": "Feature", "geometry": {"type": "LineString", "coordinates": [[15.295758333333334, 55.63283666666667], [14.403623333333334, 55.307204999999996], [12.232828333333334, 54.530285000000006], [12.156265, 54.445368333333334], [11.979838333333333, 54.443378333333335], [11.798031666666667, 54.44397], [11.632741666666668, 54.47777], [11.476885000000001, 54.52205333333333], [11.31623, 54.56574166666667], [11.153661666666666, 54.601038333333335], [10.988461666666666, 54.610429999999994]]}, "properties": {"label": "MINERVA PISCES", "mmsi": "229094000", "imo": "9410179", "name": "MINERVA PISCES", "shiptype": "", "first_seen_utc": "2025-12-27T07:11:06Z", "last_seen_utc": "2026-01-05T04:24:22Z", "destination": "TURKEY FOR ORDER", "eta": "{'Day': 17, 'Hour': 16, 'Minute': 0, 'Month': 1}", "display": "", "links": "<a href=\"https://www.vesselfinder.com/vessels?name=9410179\" target=\"_blank\" rel=\"noopener\">VesselFinder</a> | <a href=\"https://www.marinetraffic.com/en/ais/search/all?keyword=9410179\" target=\"_blank\" rel=\"noopener\">MarineTraffic</a>", "vf_url": "https://www.vesselfinder.com/vessels?name=9410179", "mst_url": "https://www.marinetraffic.com/en/ais/search/all?keyword=9410179", "method": "v3_2pass_track3d_fromru10d", "ru_seen_in_lookback": true, "in_monitor_on_day": true}}, {"type": "Feature", "geometry": {"type": "Point", "coordinates": [10.988461666666666, 54.610429999999994]}, "properties": {"label": "MINERVA PISCES", "mmsi": "229094000", "imo": "9410179", "name": "MINERVA PISCES", "shiptype": "", "first_seen_utc": "2025-12-27T07:11:06Z", "last_seen_utc": "2026-01-05T04:24:22Z", "destination": "TURKEY FOR ORDER", "eta": "{'Day': 17, 'Hour': 16, 'Minute': 0, 'Month': 1}", "display": "MINERVA PISCES (229094000)", "links": "<a href=\"https://www.vesselfinder.com/vessels?name=9410179\" target=\"_blank\" rel=\"noopener\">VesselFinder</a> | <a href=\"https://www.marinetraffic.com/en/ais/search/all?keyword=9410179\" target=\"_blank\" rel=\"noopener\">MarineTraffic</a>", "vf_url": "https://www.vesselfinder.com/vessels?name=9410179", "mst_url": "https://www.marinetraffic.com/en/ais/search/all?keyword=9410179", "method": "v3_2pass_track3d_fromru10d", "ru_seen_in_lookback": true, "in_monitor_on_day": true}}, {"type": "Feature", "geometry": {"type": "LineString", "coordinates": [[15.50785, 55.424906666666665], [15.382763333333333, 55.417500000000004], [15.254713333333333, 55.40818], [15.118898333333334, 55.399185], [15.057108333333334, 55.36639], [14.941541666666666, 55.332076666666666], [14.811578333333333, 55.32553166666666], [14.658551666666666, 55.28601666666667], [14.51748, 55.21980166666666], [14.3572, 55.16034], [12.324425, 54.639784999999996], [12.233265, 54.552126666666666], [12.182718333333334, 54.450585000000004], [12.01488, 54.44337666666667], [11.841968333333334, 54.44200166666667], [11.679835, 54.460741666666664], [11.526823333333335, 54.502855], [11.37445, 54.54405], [11.220416666666667, 54.58513333333334], [11.072765, 54.63281833333333], [10.927151666666667, 54.685835], [10.874778333333333, 54.77220333333333], [10.880833333333333, 54.866481666666665], [10.963563333333333, 54.95397333333334], [11.031886666666667, 55.04551], [11.051946666666668, 55.14829333333333], [11.098665, 55.237975], [11.038788333333335, 55.327605], [10.875381666666668, 55.51797833333333], [10.808255, 55.608068333333335], [10.798471666666668, 55.69698833333334], [10.815375, 55.78978166666666], [10.890518333333334, 55.873415], [10.487651666666666, 57.85791], [10.284355, 57.85718], [10.071408333333332, 57.85200666666666]]}, "properties": {"label": "RAN DF", "mmsi": "241869000", "imo": "9953470", "name": "RAN DF", "shiptype": "", "first_seen_utc": "2025-12-27T10:04:01Z", "last_seen_utc": "2026-01-05T04:19:12Z", "destination": "SEGOT>NOMON", "eta": "{'Day': 6, 'Hour': 7, 'Minute': 0, 'Month': 1}", "display": "", "links": "<a href=\"https://www.vesselfinder.com/vessels?name=9953470\" target=\"_blank\" rel=\"noopener\">VesselFinder</a> | <a href=\"https://www.marinetraffic.com/en/ais/search/all?keyword=9953470\" target=\"_blank\" rel=\"noopener\">MarineTraffic</a>", "vf_url": "https://www.vesselfinder.com/vessels?name=9953470", "mst_url": "https://www.marinetraffic.com/en/ais/search/all?keyword=9953470", "method": "v3_2pass_track3d_fromru10d", "ru_seen_in_lookback": true, "in_monitor_on_day": true}}, {"type": "Feature", "geometry": {"type": "Point", "coordinates": [10.071408333333332, 57.85200666666666]}, "properties": {"label": "RAN DF", "mmsi": "241869000", "imo": "9953470", "name": "RAN DF", "shiptype": "", "first_seen_utc": "2025-12-27T10:04:01Z", "last_seen_utc": "2026-01-05T04:19:12Z", "destination": "SEGOT>NOMON", "eta": "{'Day': 6, 'Hour': 7, 'Minute': 0, 'Month': 1}", "display": "RAN DF (241869000)", "links": "<a href=\"https://www.vesselfinder.com/vessels?name=9953470\" target=\"_blank\" rel=\"noopener\">VesselFinder</a> | <a href=\"https://www.marinetraffic.com/en/ais/search/all?keyword=9953470\" target=\"_blank\" rel=\"noopener\">MarineTraffic</a>", "vf_url": "https://www.vesselfinder.com/vessels?name=9953470", "mst_url": "https://www.marinetraffic.com/en/ais/search/all?keyword=9953470", "method": "v3_2pass_track3d_fromru10d", "ru_seen_in_lookback": true, "in_monitor_on_day": true}}, {"type": "Feature", "geometry": {"type": "LineString", "coordinates": [[18.695945, 54.52099666666666], [18.695471666666666, 54.521274999999996], [18.69522, 54.52174], [18.695024999999998, 54.52184833333333], [18.695598333333333, 54.521454999999996], [18.695133333333334, 54.52185833333333], [18.69539, 54.521674999999995], [18.695483333333335, 54.521584999999995], [18.695906666666666, 54.521535], [18.69556, 54.52148], [18.69559, 54.521555], [18.695615, 54.521435], [18.69546, 54.52161833333333], [18.69537, 54.52175166666667], [18.695065, 54.52189666666666], [18.69517666666667, 54.52191166666667], [18.69518833333333, 54.521811666666665], [18.695111666666666, 54.521905], [18.695116666666667, 54.52187666666667], [18.6953, 54.52173166666667], [18.695536666666666, 54.521588333333334], [18.695451666666667, 54.521625], [18.69541333333333, 54.52162833333333], [18.69512, 54.52183], [18.694045000000003, 54.522281666666665], [18.693413333333336, 54.52248833333333], [18.694621666666666, 54.522124999999996], [18.694495, 54.52217333333333], [18.694593333333334, 54.52209166666667], [18.694641666666666, 54.52209166666667], [18.695005, 54.52194833333333], [18.695266666666665, 54.521773333333336], [18.69513, 54.521883333333335], [18.695063333333334, 54.52185], [18.694525, 54.522079999999995], [18.693706666666667, 54.52241166666667], [18.69393, 54.52232166666667], [18.694188333333333, 54.522268333333336], [18.693308333333334, 54.52247166666667], [18.693865000000002, 54.522328333333334], [18.693226666666664, 54.522455], [18.693421666666666, 54.52241333333333], [18.694526666666665, 54.52209666666667], [18.695435, 54.521566666666665], [18.695925, 54.520921666666666], [18.695891666666668, 54.520981666666664], [18.695985, 54.52092666666667], [18.695733333333333, 54.521323333333335], [18.695809999999998, 54.52126], [18.695576666666668, 54.521454999999996], [18.69555, 54.52155833333334], [18.69529, 54.52176166666666], [18.695416666666667, 54.52168833333334], [18.695808333333332, 54.521341666666665], [18.694886666666665, 54.522016666666666], [18.695298333333334, 54.521793333333335], [18.695195000000002, 54.521805], [18.695196666666668, 54.52180333333333], [18.695261666666667, 54.52180333333333], [18.695565, 54.521566666666665], [18.695805, 54.521341666666665], [18.6955, 54.52166333333333], [18.695455, 54.52166166666667], [18.695651666666667, 54.521521666666665], [18.695421666666668, 54.52169333333333], [18.695626666666666, 54.521544999999996], [18.695608333333332, 54.521460000000005], [18.695801666666668, 54.52129166666667], [18.69586333333333, 54.52128666666667], [18.695898333333332, 54.521278333333335], [18.695996666666666, 54.52104166666666], [18.69578, 54.52135166666667], [18.695899999999998, 54.52120333333333], [18.69593166666667, 54.52122], [18.695913333333333, 54.521229999999996], [18.695908333333332, 54.52112833333333], [18.695851666666666, 54.521205], [18.695915, 54.521125], [18.695918333333335, 54.52112666666667], [18.696023333333336, 54.52097166666667], [18.696005, 54.521049999999995], [18.695903333333334, 54.52106333333334], [18.696175, 54.52079833333333], [18.696199999999997, 54.52052666666667]]}, "properties": {"label": "GERDT OLDENDORFF", "mmsi": "255805620", "imo": "9681950", "name": "GERDT OLDENDORFF", "shiptype": "", "first_seen_utc": "2025-12-27T10:49:25Z", "last_seen_utc": "2026-01-05T04:44:22Z", "destination": "PLGDY", "eta": "{'Day': 2, 'Hour': 10, 'Minute': 15, 'Month': 1}", "display": "", "links": "<a href=\"https://www.vesselfinder.com/vessels?name=9681950\" target=\"_blank\" rel=\"noopener\">VesselFinder</a> | <a href=\"https://www.marinetraffic.com/en/ais/search/all?keyword=9681950\" target=\"_blank\" rel=\"noopener\">MarineTraffic</a>", "vf_url": "https://www.vesselfinder.com/vessels?name=9681950", "mst_url": "https://www.marinetraffic.com/en/ais/search/all?keyword=9681950", "method": "v3_2pass_track3d_fromru10d", "ru_seen_in_lookback": true, "in_monitor_on_day": true}}, {"type": "Feature", "geometry": {"type": "Point", "coordinates": [18.696199999999997, 54.52052666666667]}, "properties": {"label": "GERDT OLDENDORFF", "mmsi": "255805620", "imo": "9681950", "name": "GERDT OLDENDORFF", "shiptype": "", "first_seen_utc": "2025-12-27T10:49:25Z", "last_seen_utc": "2026-01-05T04:44:22Z", "destination": "PLGDY", "eta": "{'Day': 2, 'Hour': 10, 'Minute': 15, 'Month': 1}", "display": "GERDT OLDENDORFF (255805620)", "links": "<a href=\"https://www.vesselfinder.com/vessels?name=9681950\" target=\"_blank\" rel=\"noopener\">VesselFinder</a> | <a href=\"https://www.marinetraffic.com/en/ais/search/all?keyword=9681950\" target=\"_blank\" rel=\"noopener\">MarineTraffic</a>", "vf_url": "https://www.vesselfinder.com/vessels?name=9681950", "mst_url": "https://www.marinetraffic.com/en/ais/search/all?keyword=9681950", "method": "v3_2pass_track3d_fromru10d", "ru_seen_in_lookback": true, "in_monitor_on_day": true}}, {"type": "Feature", "geometry": {"type": "LineString", "coordinates": [[18.667276666666666, 54.38921666666667], [18.667303333333333, 54.389226666666666], [18.667285, 54.38921666666667], [18.667268333333332, 54.389226666666666], [18.667285, 54.38923333333333], [18.66732, 54.38921666666667], [18.667291666666664, 54.389226666666666], [18.667295000000003, 54.389226666666666], [18.667303333333333, 54.38923333333333], [18.667285, 54.38921666666667], [18.666083333333333, 54.38751666666667], [18.66059, 54.384276666666665], [18.660616666666666, 54.384303333333335], [18.660656666666668, 54.38428666666667], [18.668491666666668, 54.39012], [18.668498333333332, 54.39013666666666], [18.66847, 54.39013666666666], [18.668495, 54.390143333333334], [18.668484999999997, 54.39015333333334], [18.668498333333332, 54.39013666666666], [18.668451666666666, 54.39017], [18.668503333333334, 54.39012], [18.66851, 54.39015333333334], [18.668511666666667, 54.39017], [18.668501666666668, 54.390143333333334], [18.668495, 54.39015333333334], [18.66848333333333, 54.39015333333334], [18.668454999999998, 54.390143333333334], [18.668495, 54.390186666666665], [18.668461666666666, 54.390143333333334], [18.66847, 54.39013666666666], [18.668476666666667, 54.39017], [18.668476666666667, 54.39015333333334], [18.668506666666666, 54.390143333333334], [18.668484999999997, 54.39012], [18.668495, 54.39013666666666], [18.66847166666667, 54.390143333333334], [18.668511666666667, 54.390143333333334], [18.668476666666667, 54.390143333333334], [18.668491666666668, 54.39013666666666], [18.668458333333334, 54.39017], [18.668475, 54.39017], [18.668526666666665, 54.390143333333334], [18.66852833333333, 54.39015333333334], [18.66851666666667, 54.39017], [18.66851, 54.39013666666666], [18.668475, 54.39015333333334], [18.66846333333333, 54.39015333333334], [18.668521666666667, 54.390143333333334], [18.668498333333332, 54.39015333333334], [18.668506666666666, 54.39017], [18.668511666666667, 54.39017], [18.66847, 54.39017], [18.668511666666667, 54.39015333333334], [18.66851666666667, 54.39017], [18.668501666666668, 54.39017], [18.668511666666667, 54.39015333333334], [18.66847, 54.39015333333334], [18.668475, 54.39013666666666], [18.668493333333334, 54.390143333333334], [18.668458333333334, 54.390143333333334], [18.668476666666667, 54.390143333333334], [18.668498333333332, 54.39017], [18.66848, 54.39013666666666], [18.668491666666668, 54.390143333333334], [18.668501666666668, 54.390143333333334], [18.668458333333334, 54.39017], [18.668491666666668, 54.39017666666667], [18.668511666666667, 54.390143333333334], [18.668536666666668, 54.39013666666666], [18.668498333333332, 54.390143333333334], [18.668484999999997, 54.39013666666666], [18.66848, 54.39015333333334], [18.668536666666668, 54.39017], [18.668498333333332, 54.39017666666667], [18.668495, 54.390143333333334], [18.668529999999997, 54.39015333333334], [18.66851, 54.390143333333334], [18.668495, 54.39015333333334], [18.668521666666667, 54.390056666666666], [18.66852833333333, 54.390056666666666], [18.66246, 54.40762666666667], [18.68279, 54.448973333333335]]}, "properties": {"label": "RADUGA PROTON", "mmsi": "209658000", "imo": "8131116", "name": "RADUGA PROTON", "shiptype": "", "first_seen_utc": "2025-12-27T13:20:02Z", "last_seen_utc": "2026-01-05T04:20:05Z", "destination": "RUVYG", "eta": "{'Day': 8, 'Hour': 3, 'Minute': 0, 'Month': 1}", "display": "", "links": "<a href=\"https://www.vesselfinder.com/vessels?name=8131116\" target=\"_blank\" rel=\"noopener\">VesselFinder</a> | <a href=\"https://www.marinetraffic.com/en/ais/search/all?keyword=8131116\" target=\"_blank\" rel=\"noopener\">MarineTraffic</a>", "vf_url": "https://www.vesselfinder.com/vessels?name=8131116", "mst_url": "https://www.marinetraffic.com/en/ais/search/all?keyword=8131116", "method": "v3_2pass_track3d_fromru10d", "ru_seen_in_lookback": true, "in_monitor_on_day": true}}, {"type": "Feature", "geometry": {"type": "Point", "coordinates": [18.68279, 54.448973333333335]}, "properties": {"label": "RADUGA PROTON", "mmsi": "209658000", "imo": "8131116", "name": "RADUGA PROTON", "shiptype": "", "first_seen_utc": "2025-12-27T13:20:02Z", "last_seen_utc": "2026-01-05T04:20:05Z", "destination": "RUVYG", "eta": "{'Day': 8, 'Hour': 3, 'Minute': 0, 'Month': 1}", "display": "RADUGA PROTON (209658000)", "links": "<a href=\"https://www.vesselfinder.com/vessels?name=8131116\" target=\"_blank\" rel=\"noopener\">VesselFinder</a> | <a href=\"https://www.marinetraffic.com/en/ais/search/all?keyword=8131116\" target=\"_blank\" rel=\"noopener\">MarineTraffic</a>", "vf_url": "https://www.vesselfinder.com/vessels?name=8131116", "mst_url": "https://www.marinetraffic.com/en/ais/search/all?keyword=8131116", "method": "v3_2pass_track3d_fromru10d", "ru_seen_in_lookback": true, "in_monitor_on_day": true}}, {"type": "Feature", "geometry": {"type": "LineString", "coordinates": [[15.160818333333333, 55.62011666666667], [15.019921666666667, 55.57152], [14.891845, 55.53283666666667], [14.693181666666668, 55.467915], [12.231578333333333, 54.58702166666667], [12.192753333333334, 54.502233333333336], [12.159405, 54.44127], [12.041271666666667, 54.42968166666667], [11.920866666666665, 54.428215], [11.800238333333334, 54.425380000000004], [11.690363333333332, 54.45332666666666], [11.586726666666667, 54.48072], [11.481078333333333, 54.50985], [11.375848333333332, 54.53994333333333], [11.26773, 54.56888666666667], [11.160730000000001, 54.60172], [11.047293333333332, 54.63990666666667], [10.936748333333332, 54.68253833333333], [10.877811666666666, 54.741724999999995], [10.870006666666665, 54.81823166666666], [10.893836666666665, 54.896494999999994], [10.969831666666666, 54.955531666666666], [11.032126666666667, 55.015184999999995], [11.045016666666667, 55.08785833333333], [11.058445, 55.159375], [11.100711666666665, 55.22474666666667], [11.053658333333335, 55.29395833333333], [11.032578333333333, 55.37710666666667], [10.83719, 55.57332666666667], [10.789666666666667, 55.641953333333326], [10.799765, 55.71649166666667], [10.815741666666666, 55.81616666666666]]}, "properties": {"label": "OCEAN SKY", "mmsi": "352978201", "imo": "9354064", "name": "OCEAN SKY", "shiptype": "", "first_seen_utc": "2025-12-27T14:42:21Z", "last_seen_utc": "2026-01-05T04:43:13Z", "destination": "ABU QUIR , EGYPT", "eta": "{'Day': 22, 'Hour': 12, 'Minute': 0, 'Month': 1}", "display": "", "links": "<a href=\"https://www.vesselfinder.com/vessels?name=9354064\" target=\"_blank\" rel=\"noopener\">VesselFinder</a> | <a href=\"https://www.marinetraffic.com/en/ais/search/all?keyword=9354064\" target=\"_blank\" rel=\"noopener\">MarineTraffic</a>", "vf_url": "https://www.vesselfinder.com/vessels?name=9354064", "mst_url": "https://www.marinetraffic.com/en/ais/search/all?keyword=9354064", "method": "v3_2pass_track3d_fromru10d", "ru_seen_in_lookback": true, "in_monitor_on_day": true}}, {"type": "Feature", "geometry": {"type": "Point", "coordinates": [10.815741666666666, 55.81616666666666]}, "properties": {"label": "OCEAN SKY", "mmsi": "352978201", "imo": "9354064", "name": "OCEAN SKY", "shiptype": "", "first_seen_utc": "2025-12-27T14:42:21Z", "last_seen_utc": "2026-01-05T04:43:13Z", "destination": "ABU QUIR , EGYPT", "eta": "{'Day': 22, 'Hour': 12, 'Minute': 0, 'Month': 1}", "display": "OCEAN SKY (352978201)", "links": "<a href=\"https://www.vesselfinder.com/vessels?name=9354064\" target=\"_blank\" rel=\"noopener\">VesselFinder</a> | <a href=\"https://www.marinetraffic.com/en/ais/search/all?keyword=9354064\" target=\"_blank\" rel=\"noopener\">MarineTraffic</a>", "vf_url": "https://www.vesselfinder.com/vessels?name=9354064", "mst_url": "https://www.marinetraffic.com/en/ais/search/all?keyword=9354064", "method": "v3_2pass_track3d_fromru10d", "ru_seen_in_lookback": true, "in_monitor_on_day": true}}, {"type": "Feature", "geometry": {"type": "LineString", "coordinates": [[15.22359, 55.610425], [15.013758333333334, 55.560849999999995], [14.832381666666667, 55.514995], [14.565718333333333, 55.42456], [14.404826666666667, 55.313766666666666], [12.223048333333333, 54.510358333333336], [12.128473333333334, 54.443455], [11.969493333333332, 54.441715], [11.805708333333333, 54.43912666666667], [11.65367, 54.46576666666667], [11.508701666666667, 54.507105], [11.35776, 54.54744166666667], [11.208378333333334, 54.59000833333334], [11.043913333333334, 54.59864], [10.894746666666666, 54.63908333333333], [10.777473333333335, 54.697451666666666], [10.821246666666667, 54.787668333333336], [10.841853333333335, 54.87938666666666], [10.90883, 54.947700000000005], [10.990651666666668, 55.02279333333333], [10.9888, 55.12068333333333], [11.088086666666667, 55.19662833333334], [11.058146666666666, 55.28658333333333], [10.815311666666666, 55.5932], [10.793465, 55.68536833333334], [10.311945, 57.84543], [10.113145, 57.84312333333333], [9.843903333333333, 57.83259666666667], [9.6079, 57.81144]]}, "properties": {"label": "ATHINA M", "mmsi": "241294000", "imo": "9644237", "name": "ATHINA M", "shiptype": "", "first_seen_utc": "2025-12-27T15:00:44Z", "last_seen_utc": "2026-01-05T04:36:41Z", "destination": "MOROCCO FOR ORDERS", "eta": "{'Day': 10, 'Hour': 22, 'Minute': 0, 'Month': 1}", "display": "", "links": "<a href=\"https://www.vesselfinder.com/vessels?name=9644237\" target=\"_blank\" rel=\"noopener\">VesselFinder</a> | <a href=\"https://www.marinetraffic.com/en/ais/search/all?keyword=9644237\" target=\"_blank\" rel=\"noopener\">MarineTraffic</a>", "vf_url": "https://www.vesselfinder.com/vessels?name=9644237", "mst_url": "https://www.marinetraffic.com/en/ais/search/all?keyword=9644237", "method": "v3_2pass_track3d_fromru10d", "ru_seen_in_lookback": true, "in_monitor_on_day": true}}, {"type": "Feature", "geometry": {"type": "Point", "coordinates": [9.6079, 57.81144]}, "properties": {"label": "ATHINA M", "mmsi": "241294000", "imo": "9644237", "name": "ATHINA M", "shiptype": "", "first_seen_utc": "2025-12-27T15:00:44Z", "last_seen_utc": "2026-01-05T04:36:41Z", "destination": "MOROCCO FOR ORDERS", "eta": "{'Day': 10, 'Hour': 22, 'Minute': 0, 'Month': 1}", "display": "ATHINA M (241294000)", "links": "<a href=\"https://www.vesselfinder.com/vessels?name=9644237\" target=\"_blank\" rel=\"noopener\">VesselFinder</a> | <a href=\"https://www.marinetraffic.com/en/ais/search/all?keyword=9644237\" target=\"_blank\" rel=\"noopener\">MarineTraffic</a>", "vf_url": "https://www.vesselfinder.com/vessels?name=9644237", "mst_url": "https://www.marinetraffic.com/en/ais/search/all?keyword=9644237", "method": "v3_2pass_track3d_fromru10d", "ru_seen_in_lookback": true, "in_monitor_on_day": true}}, {"type": "Feature", "geometry": {"type": "LineString", "coordinates": [[7.757671666666667, 57.253793333333334], [7.502260000000001, 57.16975333333333], [7.186143333333334, 57.07246], [4.78935, 53.830216666666665], [4.711016666666667, 53.680973333333334], [4.62365, 53.52989], [4.526413333333333, 53.38139666666667], [4.430806666666667, 53.23312333333333], [4.294226666666666, 53.10565666666666], [4.1045300000000005, 53.00272666666667], [3.920925, 52.90514333333333], [2.80178, 52.04063333333333], [2.642265, 51.92823], [2.4828883333333334, 51.81241], [2.3107800000000003, 51.684643333333334], [2.1464366666666668, 51.56343666666667], [1.9796683333333334, 51.43866333333334], [1.824575, 51.300203333333336], [1.659205, 51.167170000000006], [1.4535033333333334, 51.06534], [1.3305033333333334, 51.00483333333333], [0.08663166666666666, 50.53351333333333], [-0.08038, 50.514403333333334], [-0.24662833333333334, 50.50709666666667], [-0.41102833333333333, 50.48934666666666], [-0.5794250000000001, 50.47264666666667], [-0.749775, 50.458960000000005], [-0.8493416666666668, 50.51612], [-0.93342, 50.55762666666667], [-0.9080666666666667, 50.60628333333333], [-0.9477866666666667, 50.691], [-1.1074216666666667, 50.75097], [-1.2896433333333335, 50.77627666666667], [-1.3222783333333332, 50.84023333333334], [-1.4094116666666667, 50.89163333333333], [-1.4447466666666666, 50.905386666666665], [-1.4447666666666668, 50.90544333333333], [-1.4447450000000002, 50.90542666666667], [-1.4447116666666666, 50.90539666666667], [-1.4447249999999998, 50.90541333333333], [-1.44472, 50.90543666666667], [-1.44475, 50.905453333333334], [-1.44474, 50.905453333333334], [-1.44472, 50.90539666666667], [-1.444735, 50.905453333333334], [-1.4447316666666665, 50.90541333333333], [-1.4447249999999998, 50.905453333333334], [-1.4447466666666666, 50.90543666666667], [-1.4447033333333332, 50.90543666666667]]}, "properties": {"label": "APL TEMASEK", "mmsi": "566796000", "imo": "9631955", "name": "APL TEMASEK", "shiptype": "", "first_seen_utc": "2025-12-27T16:59:37Z", "last_seen_utc": "2026-01-05T04:24:19Z", "destination": "GBSOU", "eta": "{'Day': 4, 'Hour': 18, 'Minute': 15, 'Month': 1}", "display": "", "links": "<a href=\"https://www.vesselfinder.com/vessels?name=9631955\" target=\"_blank\" rel=\"noopener\">VesselFinder</a> | <a href=\"https://www.marinetraffic.com/en/ais/search/all?keyword=9631955\" target=\"_blank\" rel=\"noopener\">MarineTraffic</a>", "vf_url": "https://www.vesselfinder.com/vessels?name=9631955", "mst_url": "https://www.marinetraffic.com/en/ais/search/all?keyword=9631955", "method": "v3_2pass_track3d_fromru10d", "ru_seen_in_lookback": true, "in_monitor_on_day": true}}, {"type": "Feature", "geometry": {"type": "Point", "coordinates": [-1.4447033333333332, 50.90543666666667]}, "properties": {"label": "APL TEMASEK", "mmsi": "566796000", "imo": "9631955", "name": "APL TEMASEK", "shiptype": "", "first_seen_utc": "2025-12-27T16:59:37Z", "last_seen_utc": "2026-01-05T04:24:19Z", "destination": "GBSOU", "eta": "{'Day': 4, 'Hour': 18, 'Minute': 15, 'Month': 1}", "display": "APL TEMASEK (566796000)", "links": "<a href=\"https://www.vesselfinder.com/vessels?name=9631955\" target=\"_blank\" rel=\"noopener\">VesselFinder</a> | <a href=\"https://www.marinetraffic.com/en/ais/search/all?keyword=9631955\" target=\"_blank\" rel=\"noopener\">MarineTraffic</a>", "vf_url": "https://www.vesselfinder.com/vessels?name=9631955", "mst_url": "https://www.marinetraffic.com/en/ais/search/all?keyword=9631955", "method": "v3_2pass_track3d_fromru10d", "ru_seen_in_lookback": true, "in_monitor_on_day": true}}, {"type": "Feature", "geometry": {"type": "LineString", "coordinates": [[12.231355, 54.53044166666667], [12.161036666666666, 54.444055000000006], [11.998413333333334, 54.43390333333333], [11.826728333333334, 54.43219666666666], [11.663656666666666, 54.46029], [11.510961666666667, 54.50438666666666], [11.356536666666667, 54.549015000000004], [11.20186, 54.59405833333334], [11.03249, 54.600699999999996], [10.880116666666668, 54.64642], [10.787245, 54.72191833333333], [10.833123333333333, 54.81839166666667], [10.868338333333332, 54.916905], [10.978546666666666, 54.993], [10.990968333333333, 55.09020666666667], [11.04457, 55.178795], [10.833868333333333, 55.571755], [10.790616666666667, 55.66603666666666], [10.808618333333333, 55.76742166666667], [10.362301666666667, 57.851393333333334], [9.964533333333332, 57.84795833333333], [9.751560000000001, 57.84907333333333], [9.555421666666666, 57.82009166666667], [9.376258333333334, 57.780028333333334], [9.202895000000002, 57.736826666666666], [9.045766666666667, 57.683953333333335]]}, "properties": {"label": "AMFITRITI", "mmsi": "249356000", "imo": "9419369", "name": "AMFITRITI", "shiptype": "", "first_seen_utc": "2025-12-28T05:19:15Z", "last_seen_utc": "2026-01-05T04:19:56Z", "destination": "SG SIN", "eta": "{'Day': 5, 'Hour': 14, 'Minute': 0, 'Month': 2}", "display": "", "links": "<a href=\"https://www.vesselfinder.com/vessels?name=9419369\" target=\"_blank\" rel=\"noopener\">VesselFinder</a> | <a href=\"https://www.marinetraffic.com/en/ais/search/all?keyword=9419369\" target=\"_blank\" rel=\"noopener\">MarineTraffic</a>", "vf_url": "https://www.vesselfinder.com/vessels?name=9419369", "mst_url": "https://www.marinetraffic.com/en/ais/search/all?keyword=9419369", "method": "v3_2pass_track3d_fromru10d", "ru_seen_in_lookback": true, "in_monitor_on_day": true}}, {"type": "Feature", "geometry": {"type": "Point", "coordinates": [9.045766666666667, 57.683953333333335]}, "properties": {"label": "AMFITRITI", "mmsi": "249356000", "imo": "9419369", "name": "AMFITRITI", "shiptype": "", "first_seen_utc": "2025-12-28T05:19:15Z", "last_seen_utc": "2026-01-05T04:19:56Z", "destination": "SG SIN", "eta": "{'Day': 5, 'Hour': 14, 'Minute': 0, 'Month': 2}", "display": "AMFITRITI (249356000)", "links": "<a href=\"https://www.vesselfinder.com/vessels?name=9419369\" target=\"_blank\" rel=\"noopener\">VesselFinder</a> | <a href=\"https://www.marinetraffic.com/en/ais/search/all?keyword=9419369\" target=\"_blank\" rel=\"noopener\">MarineTraffic</a>", "vf_url": "https://www.vesselfinder.com/vessels?name=9419369", "mst_url": "https://www.marinetraffic.com/en/ais/search/all?keyword=9419369", "method": "v3_2pass_track3d_fromru10d", "ru_seen_in_lookback": true, "in_monitor_on_day": true}}, {"type": "Feature", "geometry": {"type": "LineString", "coordinates": [[19.311238333333332, 54.351125], [19.311185000000002, 54.351125], [19.311183333333336, 54.35111], [19.311195, 54.35110833333333], [19.31124833333333, 54.35106333333333], [19.311173333333333, 54.35104], [19.311303333333335, 54.351099999999995], [19.311216666666667, 54.35115166666667], [19.311235, 54.35111166666666], [19.311210000000003, 54.35118], [19.31117833333333, 54.35115], [19.311218333333333, 54.35113833333333], [19.311116666666667, 54.351144999999995], [19.31121166666667, 54.35111], [19.311265, 54.35107333333334], [19.311233333333334, 54.351128333333335], [19.311210000000003, 54.35111166666666], [19.311188333333334, 54.351085], [19.311131666666665, 54.35110833333333], [19.31124833333333, 54.351105], [19.31116666666667, 54.351123333333334], [19.311238333333332, 54.351126666666666], [19.311271666666666, 54.351125], [19.31124, 54.35113666666667], [19.311210000000003, 54.35109333333333], [19.311265, 54.351148333333335], [19.311204999999998, 54.35112], [19.311191666666666, 54.35107333333334], [19.311326666666666, 54.35109], [19.311106666666667, 54.351103333333334], [19.311245, 54.35107666666667], [19.31118, 54.35111], [19.311051666666668, 54.351189999999995], [19.311210000000003, 54.35112166666667], [19.311165000000003, 54.351135], [19.3112, 54.351128333333335], [19.311201666666665, 54.35109166666667], [19.311176666666665, 54.351148333333335], [19.311230000000002, 54.35108833333334], [19.311221666666665, 54.35113166666667], [19.311204999999998, 54.35111666666667], [19.311236666666666, 54.351126666666666], [19.311225, 54.35112], [19.311215, 54.35114166666666], [19.311218333333333, 54.351128333333335], [19.311185000000002, 54.35109333333333], [19.311195, 54.351101666666665], [19.311210000000003, 54.351146666666665], [19.311148333333332, 54.351191666666665], [19.311208333333333, 54.351126666666666], [19.311230000000002, 54.35110666666667], [19.31124, 54.35113166666667], [19.311208333333333, 54.351144999999995], [19.311198333333333, 54.35110833333333], [19.31115833333333, 54.35113833333333], [19.311204999999998, 54.35112], [19.311156666666665, 54.35108833333334], [19.311151666666667, 54.35108], [19.31119, 54.35113], [19.311175, 54.351126666666666], [19.311171666666667, 54.351125], [19.311278333333334, 54.351126666666666], [19.311195, 54.35114166666666], [19.311208333333333, 54.35111666666667], [19.311216666666667, 54.35112166666667], [19.311271666666666, 54.35117666666667], [19.31119, 54.35111], [19.3112, 54.35108666666667], [19.311135, 54.351135], [19.31117833333333, 54.351148333333335], [19.311213333333335, 54.35111], [19.311201666666665, 54.351135], [19.31121166666667, 54.35114333333333], [19.311236666666666, 54.351101666666665], [19.311201666666665, 54.351128333333335]]}, "properties": {"label": "SM-PRC-107", "mmsi": "261011150", "imo": "8899108", "name": "SM-PRC-107", "shiptype": "", "first_seen_utc": "2025-12-28T07:53:33Z", "last_seen_utc": "2026-01-05T04:42:02Z", "destination": "GDANSK", "eta": "{'Day': 10, 'Hour': 22, 'Minute': 0, 'Month': 12}", "display": "", "links": "<a href=\"https://www.vesselfinder.com/vessels?name=8899108\" target=\"_blank\" rel=\"noopener\">VesselFinder</a> | <a href=\"https://www.marinetraffic.com/en/ais/search/all?keyword=8899108\" target=\"_blank\" rel=\"noopener\">MarineTraffic</a>", "vf_url": "https://www.vesselfinder.com/vessels?name=8899108", "mst_url": "https://www.marinetraffic.com/en/ais/search/all?keyword=8899108", "method": "v3_2pass_track3d_fromru10d", "ru_seen_in_lookback": true, "in_monitor_on_day": true}}, {"type": "Feature", "geometry": {"type": "Point", "coordinates": [19.311201666666665, 54.351128333333335]}, "properties": {"label": "SM-PRC-107", "mmsi": "261011150", "imo": "8899108", "name": "SM-PRC-107", "shiptype": "", "first_seen_utc": "2025-12-28T07:53:33Z", "last_seen_utc": "2026-01-05T04:42:02Z", "destination": "GDANSK", "eta": "{'Day': 10, 'Hour': 22, 'Minute': 0, 'Month': 12}", "display": "SM-PRC-107 (261011150)", "links": "<a href=\"https://www.vesselfinder.com/vessels?name=8899108\" target=\"_blank\" rel=\"noopener\">VesselFinder</a> | <a href=\"https://www.marinetraffic.com/en/ais/search/all?keyword=8899108\" target=\"_blank\" rel=\"noopener\">MarineTraffic</a>", "vf_url": "https://www.vesselfinder.com/vessels?name=8899108", "mst_url": "https://www.marinetraffic.com/en/ais/search/all?keyword=8899108", "method": "v3_2pass_track3d_fromru10d", "ru_seen_in_lookback": true, "in_monitor_on_day": true}}, {"type": "Feature", "geometry": {"type": "LineString", "coordinates": [[18.865836666666667, 54.465718333333335], [18.867303333333332, 54.46480666666666], [18.867453333333334, 54.46471666666666], [18.86798, 54.464211666666664], [18.86748, 54.464240000000004], [18.866375, 54.46547666666667], [18.866998333333335, 54.46402166666667], [18.867759999999997, 54.46413833333334], [18.866660000000003, 54.46520833333333], [18.86684, 54.46481000000001], [18.868406666666665, 54.463705], [18.867406666666668, 54.46443], [18.866274999999998, 54.46562166666667], [18.86680833333333, 54.46490166666667], [18.86836333333333, 54.46416833333333], [18.866485, 54.465195], [18.866049999999998, 54.46572833333333], [18.867755, 54.46415666666667], [18.868063333333335, 54.463944999999995], [18.866854999999997, 54.465021666666665], [18.866581666666665, 54.465484999999994], [18.866441666666667, 54.465291666666666], [18.866806666666665, 54.464868333333335], [18.867501666666666, 54.46467833333334], [18.867026666666668, 54.46521], [18.86734166666667, 54.46511666666667], [18.865991666666666, 54.46530333333333], [18.8655, 54.46568], [18.865963333333333, 54.465803333333334], [18.865568333333332, 54.46588833333333], [18.866646666666668, 54.46552166666667], [18.86704166666667, 54.46516333333333], [18.867508333333333, 54.46501666666666], [18.864665, 54.46585166666667], [18.865805, 54.465555], [18.865655, 54.46560833333333], [18.865431666666666, 54.465615], [18.865101666666664, 54.46597166666666], [18.863963333333334, 54.46599666666667], [18.86445666666667, 54.465835], [18.86474666666667, 54.46573333333333], [18.865815, 54.465648333333334], [18.866581666666665, 54.46542833333333], [18.868045, 54.46434333333333], [18.867838333333335, 54.464171666666665], [18.867618333333333, 54.46418666666667], [18.867731666666668, 54.464375000000004], [18.86757, 54.46471333333333], [18.8672, 54.464798333333334], [18.868166666666664, 54.46380166666667], [18.868196666666666, 54.46373666666667], [18.866686666666666, 54.46534833333333], [18.867231666666665, 54.46466], [18.86883, 54.46357833333333], [18.86769, 54.46436166666667], [18.866001666666666, 54.46571166666667], [18.86747666666667, 54.464420000000004], [18.86799166666667, 54.464241666666666], [18.866156666666665, 54.46579833333333], [18.86796, 54.46414], [18.867501666666666, 54.46447333333333], [18.866001666666666, 54.46560833333333], [18.868431666666666, 54.46405], [18.867181666666667, 54.464666666666666], [18.866408333333332, 54.4654], [18.868041666666667, 54.46416166666667], [18.867523333333335, 54.46438], [18.866986666666666, 54.464863333333334], [18.865901666666666, 54.465895], [18.867070000000002, 54.46471666666666], [18.867939999999997, 54.46429333333333], [18.86805, 54.464315000000006], [18.868321666666667, 54.464461666666665], [18.867818333333332, 54.464335], [18.8674, 54.46455666666667], [18.866553333333332, 54.46559333333333], [18.866981666666668, 54.465385], [18.867376666666665, 54.46453666666666], [18.86811, 54.463944999999995], [18.86851, 54.463878333333334], [18.867543333333334, 54.464396666666666], [18.867705, 54.465045], [18.868015, 54.463555]]}, "properties": {"label": "NAFSIKA", "mmsi": "255915964", "imo": "9913511", "name": "NAFSIKA", "shiptype": "", "first_seen_utc": "2025-12-28T15:49:31Z", "last_seen_utc": "2026-01-05T04:43:07Z", "destination": "GB TRA>PL GDN", "eta": "{'Day': 2, 'Hour': 5, 'Minute': 0, 'Month': 1}", "display": "", "links": "<a href=\"https://www.vesselfinder.com/vessels?name=9913511\" target=\"_blank\" rel=\"noopener\">VesselFinder</a> | <a href=\"https://www.marinetraffic.com/en/ais/search/all?keyword=9913511\" target=\"_blank\" rel=\"noopener\">MarineTraffic</a>", "vf_url": "https://www.vesselfinder.com/vessels?name=9913511", "mst_url": "https://www.marinetraffic.com/en/ais/search/all?keyword=9913511", "method": "v3_2pass_track3d_fromru10d", "ru_seen_in_lookback": true, "in_monitor_on_day": true}}, {"type": "Feature", "geometry": {"type": "Point", "coordinates": [18.868015, 54.463555]}, "properties": {"label": "NAFSIKA", "mmsi": "255915964", "imo": "9913511", "name": "NAFSIKA", "shiptype": "", "first_seen_utc": "2025-12-28T15:49:31Z", "last_seen_utc": "2026-01-05T04:43:07Z", "destination": "GB TRA>PL GDN", "eta": "{'Day': 2, 'Hour': 5, 'Minute': 0, 'Month': 1}", "display": "NAFSIKA (255915964)", "links": "<a href=\"https://www.vesselfinder.com/vessels?name=9913511\" target=\"_blank\" rel=\"noopener\">VesselFinder</a> | <a href=\"https://www.marinetraffic.com/en/ais/search/all?keyword=9913511\" target=\"_blank\" rel=\"noopener\">MarineTraffic</a>", "vf_url": "https://www.vesselfinder.com/vessels?name=9913511", "mst_url": "https://www.marinetraffic.com/en/ais/search/all?keyword=9913511", "method": "v3_2pass_track3d_fromru10d", "ru_seen_in_lookback": true, "in_monitor_on_day": true}}, {"type": "Feature", "geometry": {"type": "LineString", "coordinates": [[15.631261666666667, 55.77144166666667], [15.160016666666667, 55.61543666666667], [15.024196666666667, 55.568125], [14.894716666666666, 55.525819999999996], [14.760181666666666, 55.48575166666667], [12.253481666666666, 54.613261666666666], [12.194886666666667, 54.50643], [12.107553333333334, 54.446308333333334], [11.961418333333334, 54.444485], [11.80658, 54.444085], [11.66188, 54.47235], [11.526383333333333, 54.50978833333333], [11.387935, 54.54752833333334], [11.250853333333334, 54.584801666666664], [11.101811666666666, 54.630210000000005], [10.963071666666668, 54.67668666666667], [10.878585, 54.74195833333333], [10.871741666666667, 54.82779166666667], [10.902876666666666, 54.90968833333333], [10.995596666666668, 54.969969999999996], [11.039136666666668, 55.04876], [11.052506666666666, 55.13538333333334], [11.097553333333334, 55.20065666666667], [11.042174999999999, 55.318999999999996]]}, "properties": {"label": "NIMET TORLAK", "mmsi": "636021041", "imo": "9282948", "name": "NIMET TORLAK", "shiptype": "", "first_seen_utc": "2025-12-29T02:44:35Z", "last_seen_utc": "2026-01-05T04:15:33Z", "destination": "MA JFL", "eta": "{'Day': 14, 'Hour': 8, 'Minute': 0, 'Month': 1}", "display": "", "links": "<a href=\"https://www.vesselfinder.com/vessels?name=9282948\" target=\"_blank\" rel=\"noopener\">VesselFinder</a> | <a href=\"https://www.marinetraffic.com/en/ais/search/all?keyword=9282948\" target=\"_blank\" rel=\"noopener\">MarineTraffic</a>", "vf_url": "https://www.vesselfinder.com/vessels?name=9282948", "mst_url": "https://www.marinetraffic.com/en/ais/search/all?keyword=9282948", "method": "v3_2pass_track3d_fromru10d", "ru_seen_in_lookback": true, "in_monitor_on_day": true}}, {"type": "Feature", "geometry": {"type": "Point", "coordinates": [11.042174999999999, 55.318999999999996]}, "properties": {"label": "NIMET TORLAK", "mmsi": "636021041", "imo": "9282948", "name": "NIMET TORLAK", "shiptype": "", "first_seen_utc": "2025-12-29T02:44:35Z", "last_seen_utc": "2026-01-05T04:15:33Z", "destination": "MA JFL", "eta": "{'Day': 14, 'Hour': 8, 'Minute': 0, 'Month': 1}", "display": "NIMET TORLAK (636021041)", "links": "<a href=\"https://www.vesselfinder.com/vessels?name=9282948\" target=\"_blank\" rel=\"noopener\">VesselFinder</a> | <a href=\"https://www.marinetraffic.com/en/ais/search/all?keyword=9282948\" target=\"_blank\" rel=\"noopener\">MarineTraffic</a>", "vf_url": "https://www.vesselfinder.com/vessels?name=9282948", "mst_url": "https://www.marinetraffic.com/en/ais/search/all?keyword=9282948", "method": "v3_2pass_track3d_fromru10d", "ru_seen_in_lookback": true, "in_monitor_on_day": true}}, {"type": "Feature", "geometry": {"type": "LineString", "coordinates": [[18.835713333333334, 54.436081666666674], [18.835735, 54.435986666666665], [18.835816666666666, 54.43602833333333], [18.83581333333333, 54.43598333333333], [18.836115, 54.43573333333333], [18.836178333333333, 54.43578333333333], [18.836175, 54.43575333333333], [18.836225000000002, 54.435745], [18.836243333333336, 54.435775], [18.836236666666665, 54.43582666666667], [18.836301666666667, 54.435741666666665], [18.83628666666667, 54.4357], [18.83628, 54.43575666666666], [18.83613, 54.435939999999995], [18.83620833333333, 54.43590833333334], [18.836125, 54.43597], [18.836113333333333, 54.43596], [18.836125, 54.435935], [18.83622666666667, 54.43591], [18.836108333333335, 54.435935], [18.836298333333332, 54.43579666666667], [18.836111666666667, 54.43597666666667], [18.835901666666665, 54.436130000000006], [18.83579166666667, 54.436155], [18.835158333333332, 54.43647333333333], [18.835316666666664, 54.43642833333333], [18.835138333333337, 54.43649666666667], [18.835331666666665, 54.436434999999996], [18.835531666666668, 54.436346666666665], [18.835665, 54.43627166666667], [18.835673333333332, 54.43624666666666], [18.835853333333333, 54.43618166666667], [18.835773333333336, 54.436145], [18.83568166666667, 54.43616333333333], [18.834568333333333, 54.4366], [18.835063333333334, 54.436506666666666], [18.834811666666667, 54.436555], [18.835176666666666, 54.43646833333333], [18.834648333333334, 54.43658666666667], [18.834546666666665, 54.436614999999996], [18.834703333333334, 54.43663333333333], [18.83481, 54.43657333333333], [18.834965, 54.436508333333336], [18.83539, 54.43641], [18.836093333333334, 54.436], [18.83620833333333, 54.4358], [18.836371666666665, 54.43560333333333], [18.836434999999998, 54.435465], [18.836453333333335, 54.43557], [18.836458333333333, 54.43557666666666], [18.83648833333333, 54.435626666666664], [18.836431666666666, 54.43573666666667], [18.836346666666667, 54.43576666666667], [18.836383333333334, 54.435741666666665], [18.83627166666667, 54.43572666666667], [18.83631666666667, 54.43588333333333], [18.836395, 54.43580166666666], [18.836381666666668, 54.43579333333333], [18.836389999999998, 54.43585333333333], [18.836366666666667, 54.43586666666667], [18.83641, 54.43586833333333], [18.836419999999997, 54.435835], [18.83635, 54.43588666666667], [18.836386666666666, 54.435851666666665], [18.836526666666668, 54.4357], [18.836481666666668, 54.435735], [18.836458333333333, 54.43588166666667], [18.8365, 54.43582666666667], [18.836476666666666, 54.435845], [18.83635, 54.435968333333335], [18.836458333333333, 54.43588833333333], [18.836576666666666, 54.43566333333333], [18.8365, 54.435761666666664], [18.836303333333333, 54.436025], [18.836401666666667, 54.435915], [18.836458333333333, 54.43585333333333], [18.83639833333333, 54.435849999999995], [18.836518333333334, 54.435788333333335], [18.836650000000002, 54.435563333333334], [18.836546666666667, 54.43561], [18.836565, 54.43570333333333], [18.836668333333332, 54.43559666666667], [18.836689999999997, 54.435494999999996], [18.836748333333333, 54.435336666666664]]}, "properties": {"label": "KAARI", "mmsi": "305342000", "imo": "9434761", "name": "KAARI", "shiptype": "", "first_seen_utc": "2025-12-29T09:50:24Z", "last_seen_utc": "2026-01-05T04:25:28Z", "destination": "PLGDN", "eta": "{'Day': 31, 'Hour': 20, 'Minute': 30, 'Month': 12}", "display": "", "links": "<a href=\"https://www.vesselfinder.com/vessels?name=9434761\" target=\"_blank\" rel=\"noopener\">VesselFinder</a> | <a href=\"https://www.marinetraffic.com/en/ais/search/all?keyword=9434761\" target=\"_blank\" rel=\"noopener\">MarineTraffic</a>", "vf_url": "https://www.vesselfinder.com/vessels?name=9434761", "mst_url": "https://www.marinetraffic.com/en/ais/search/all?keyword=9434761", "method": "v3_2pass_track3d_fromru10d", "ru_seen_in_lookback": true, "in_monitor_on_day": true}}, {"type": "Feature", "geometry": {"type": "Point", "coordinates": [18.836748333333333, 54.435336666666664]}, "properties": {"label": "KAARI", "mmsi": "305342000", "imo": "9434761", "name": "KAARI", "shiptype": "", "first_seen_utc": "2025-12-29T09:50:24Z", "last_seen_utc": "2026-01-05T04:25:28Z", "destination": "PLGDN", "eta": "{'Day': 31, 'Hour': 20, 'Minute': 30, 'Month': 12}", "display": "KAARI (305342000)", "links": "<a href=\"https://www.vesselfinder.com/vessels?name=9434761\" target=\"_blank\" rel=\"noopener\">VesselFinder</a> | <a href=\"https://www.marinetraffic.com/en/ais/search/all?keyword=9434761\" target=\"_blank\" rel=\"noopener\">MarineTraffic</a>", "vf_url": "https://www.vesselfinder.com/vessels?name=9434761", "mst_url": "https://www.marinetraffic.com/en/ais/search/all?keyword=9434761", "method": "v3_2pass_track3d_fromru10d", "ru_seen_in_lookback": true, "in_monitor_on_day": true}}, {"type": "Feature", "geometry": {"type": "LineString", "coordinates": [[8.355673333333334, 57.32983166666667], [8.2223, 57.26885333333333], [8.069435, 57.186675], [2.5833950000000003, 51.91707666666667], [2.4893583333333336, 51.8306], [2.2453783333333335, 51.667515], [2.1413683333333333, 51.59576166666667], [2.042065, 51.52766833333333], [1.9472166666666666, 51.46476500000001], [1.8863766666666666, 51.39272833333334], [1.8325983333333333, 51.32268333333333], [1.7782149999999999, 51.25543166666667], [1.7047166666666667, 51.193891666666666], [1.6182616666666665, 51.13984166666667], [1.5295883333333333, 51.081331666666664], [1.4377516666666668, 51.017505]]}, "properties": {"label": "HARVEST", "mmsi": "538008774", "imo": "9297931", "name": "HARVEST", "shiptype": "", "first_seen_utc": "2025-12-29T10:08:12Z", "last_seen_utc": "2026-01-05T04:44:49Z", "destination": "SINGAPORE", "eta": "{'Day': 17, 'Hour': 12, 'Minute': 0, 'Month': 2}", "display": "", "links": "<a href=\"https://www.vesselfinder.com/vessels?name=9297931\" target=\"_blank\" rel=\"noopener\">VesselFinder</a> | <a href=\"https://www.marinetraffic.com/en/ais/search/all?keyword=9297931\" target=\"_blank\" rel=\"noopener\">MarineTraffic</a>", "vf_url": "https://www.vesselfinder.com/vessels?name=9297931", "mst_url": "https://www.marinetraffic.com/en/ais/search/all?keyword=9297931", "method": "v3_2pass_track3d_fromru10d", "ru_seen_in_lookback": true, "in_monitor_on_day": true}}, {"type": "Feature", "geometry": {"type": "Point", "coordinates": [1.4377516666666668, 51.017505]}, "properties": {"label": "HARVEST", "mmsi": "538008774", "imo": "9297931", "name": "HARVEST", "shiptype": "", "first_seen_utc": "2025-12-29T10:08:12Z", "last_seen_utc": "2026-01-05T04:44:49Z", "destination": "SINGAPORE", "eta": "{'Day': 17, 'Hour': 12, 'Minute': 0, 'Month': 2}", "display": "HARVEST (538008774)", "links": "<a href=\"https://www.vesselfinder.com/vessels?name=9297931\" target=\"_blank\" rel=\"noopener\">VesselFinder</a> | <a href=\"https://www.marinetraffic.com/en/ais/search/all?keyword=9297931\" target=\"_blank\" rel=\"noopener\">MarineTraffic</a>", "vf_url": "https://www.vesselfinder.com/vessels?name=9297931", "mst_url": "https://www.marinetraffic.com/en/ais/search/all?keyword=9297931", "method": "v3_2pass_track3d_fromru10d", "ru_seen_in_lookback": true, "in_monitor_on_day": true}}, {"type": "Feature", "geometry": {"type": "LineString", "coordinates": [[18.898919999999997, 54.936605], [18.950120000000002, 54.853793333333336], [19.000476666666668, 54.767770000000006], [19.049455000000002, 54.68123166666667], [19.067408333333333, 54.59388], [19.015626666666666, 54.54066], [18.948743333333333, 54.51985333333334], [18.927784999999997, 54.51269], [18.937565, 54.5131], [18.953881666666668, 54.51723333333334], [18.964131666666667, 54.52302666666667], [18.970648333333333, 54.52966], [18.949644999999997, 54.52794333333333], [18.92204333333333, 54.52556833333333], [18.899168333333332, 54.52288], [18.904433333333333, 54.52265833333333], [18.92107, 54.52099666666666], [18.93712833333333, 54.51777166666667], [18.951916666666666, 54.51444], [18.958641666666665, 54.50793833333333], [18.935456666666667, 54.514505], [18.90349666666667, 54.52141666666667], [18.903444999999998, 54.51820166666666], [18.914053333333335, 54.51650666666667], [18.925791666666665, 54.514678333333336], [18.93735, 54.51271333333333], [18.949195, 54.511455], [18.961506666666665, 54.509861666666666], [18.948114999999998, 54.510104999999996], [18.899594999999998, 54.53263333333334], [18.886573333333335, 54.531435], [18.89083, 54.53335833333333], [18.898276666666668, 54.538336666666666], [18.904163333333333, 54.54295333333334], [18.910861666666666, 54.54651166666667], [18.917058333333333, 54.54922833333333], [18.92159666666667, 54.55144833333333], [18.924678333333336, 54.55415666666667], [18.928573333333336, 54.55761666666667], [18.932554999999997, 54.560993333333336], [18.936253333333333, 54.564663333333336], [18.938358333333333, 54.56773166666667], [18.941433333333336, 54.56999666666666], [18.937346666666667, 54.567568333333334], [18.92976666666667, 54.544135], [18.909125, 54.51766666666666], [18.8956, 54.50541666666666], [18.89463, 54.508763333333334], [18.90208833333333, 54.512611666666665], [18.910326666666666, 54.517315], [18.918236666666665, 54.52301], [18.927093333333335, 54.528998333333334], [18.936598333333333, 54.53427], [18.946743333333334, 54.53906], [18.948428333333332, 54.54190833333334], [18.95308, 54.51272666666667], [18.959621666666667, 54.475605], [18.921735, 54.444698333333335], [18.834363333333332, 54.420001666666664], [18.73774166666667, 54.402453333333334], [18.719443333333334, 54.405926666666666], [18.718563333333336, 54.40607333333333], [18.718538333333335, 54.406106666666666], [18.718568333333334, 54.406063333333336], [18.718563333333336, 54.406063333333336], [18.71856166666667, 54.406060000000004], [18.71856, 54.40604333333333], [18.71855, 54.40602333333333], [18.718551666666666, 54.406061666666666], [18.718574999999998, 54.40604333333333], [18.718565, 54.40605], [18.718566666666668, 54.406079999999996], [18.718583333333335, 54.406036666666665], [18.718551666666666, 54.406075], [18.718568333333334, 54.40606833333333], [18.71855833333333, 54.40606833333333], [18.71859, 54.40605666666667], [18.71857, 54.40606833333333], [18.71856, 54.40604666666666], [18.7186, 54.406058333333334], [18.718586666666667, 54.406065], [18.718556666666665, 54.40605666666667], [18.718585, 54.40604666666666], [18.71857333333333, 54.406065], [18.718565, 54.406034999999996], [18.718568333333334, 54.40605333333333]]}, "properties": {"label": "HOMERIC", "mmsi": "241649000", "imo": "9819844", "name": "HOMERIC", "shiptype": "", "first_seen_utc": "2025-12-29T14:31:58Z", "last_seen_utc": "2026-01-05T04:31:05Z", "destination": "PLGDN", "eta": "{'Day': 3, 'Hour': 13, 'Minute': 0, 'Month': 1}", "display": "", "links": "<a href=\"https://www.vesselfinder.com/vessels?name=9819844\" target=\"_blank\" rel=\"noopener\">VesselFinder</a> | <a href=\"https://www.marinetraffic.com/en/ais/search/all?keyword=9819844\" target=\"_blank\" rel=\"noopener\">MarineTraffic</a>", "vf_url": "https://www.vesselfinder.com/vessels?name=9819844", "mst_url": "https://www.marinetraffic.com/en/ais/search/all?keyword=9819844", "method": "v3_2pass_track3d_fromru10d", "ru_seen_in_lookback": true, "in_monitor_on_day": true}}, {"type": "Feature", "geometry": {"type": "Point", "coordinates": [18.718568333333334, 54.40605333333333]}, "properties": {"label": "HOMERIC", "mmsi": "241649000", "imo": "9819844", "name": "HOMERIC", "shiptype": "", "first_seen_utc": "2025-12-29T14:31:58Z", "last_seen_utc": "2026-01-05T04:31:05Z", "destination": "PLGDN", "eta": "{'Day': 3, 'Hour': 13, 'Minute': 0, 'Month': 1}", "display": "HOMERIC (241649000)", "links": "<a href=\"https://www.vesselfinder.com/vessels?name=9819844\" target=\"_blank\" rel=\"noopener\">VesselFinder</a> | <a href=\"https://www.marinetraffic.com/en/ais/search/all?keyword=9819844\" target=\"_blank\" rel=\"noopener\">MarineTraffic</a>", "vf_url": "https://www.vesselfinder.com/vessels?name=9819844", "mst_url": "https://www.marinetraffic.com/en/ais/search/all?keyword=9819844", "method": "v3_2pass_track3d_fromru10d", "ru_seen_in_lookback": true, "in_monitor_on_day": true}}, {"type": "Feature", "geometry": {"type": "LineString", "coordinates": [[14.135525, 55.110055], [12.228245, 54.53118666666667], [12.187225000000002, 54.453160000000004], [12.061731666666667, 54.43805], [11.919878333333333, 54.439319999999995], [11.778333333333334, 54.442225], [11.654411666666666, 54.471790000000006], [11.53002, 54.50509666666667], [11.405626666666667, 54.53913], [11.279358333333333, 54.57083], [11.160673333333333, 54.60148], [11.030048333333333, 54.59985833333334], [10.9136, 54.632353333333334], [10.799485, 54.67082666666667], [10.784965, 54.740966666666665], [10.832205, 54.811945], [10.845671666666668, 54.885126666666665], [10.911638333333334, 54.949394999999996], [10.986093333333335, 55.010755], [10.988001666666666, 55.08512833333334], [10.9999, 55.157799999999995], [11.094548333333334, 55.20420333333333], [11.069005, 55.27591333333333], [10.829738333333333, 55.57681166666667], [10.786221666666668, 55.650011666666664], [10.802455, 55.72487], [10.816993333333333, 55.80358666666667], [9.776983333333334, 57.846914999999996], [9.530371666666667, 57.80587666666667], [9.324483333333335, 57.75192666666667], [9.177473333333333, 57.705371666666665], [9.041531666666666, 57.65620166666667]]}, "properties": {"label": "HONEVER", "mmsi": "636020765", "imo": "9533438", "name": "HONEVER", "shiptype": "", "first_seen_utc": "2025-12-29T16:50:09Z", "last_seen_utc": "2026-01-05T04:35:20Z", "destination": "SINGAPORE", "eta": "{'Day': 22, 'Hour': 16, 'Minute': 0, 'Month': 2}", "display": "", "links": "<a href=\"https://www.vesselfinder.com/vessels?name=9533438\" target=\"_blank\" rel=\"noopener\">VesselFinder</a> | <a href=\"https://www.marinetraffic.com/en/ais/search/all?keyword=9533438\" target=\"_blank\" rel=\"noopener\">MarineTraffic</a>", "vf_url": "https://www.vesselfinder.com/vessels?name=9533438", "mst_url": "https://www.marinetraffic.com/en/ais/search/all?keyword=9533438", "method": "v3_2pass_track3d_fromru10d", "ru_seen_in_lookback": true, "in_monitor_on_day": true}}, {"type": "Feature", "geometry": {"type": "Point", "coordinates": [9.041531666666666, 57.65620166666667]}, "properties": {"label": "HONEVER", "mmsi": "636020765", "imo": "9533438", "name": "HONEVER", "shiptype": "", "first_seen_utc": "2025-12-29T16:50:09Z", "last_seen_utc": "2026-01-05T04:35:20Z", "destination": "SINGAPORE", "eta": "{'Day': 22, 'Hour': 16, 'Minute': 0, 'Month': 2}", "display": "HONEVER (636020765)", "links": "<a href=\"https://www.vesselfinder.com/vessels?name=9533438\" target=\"_blank\" rel=\"noopener\">VesselFinder</a> | <a href=\"https://www.marinetraffic.com/en/ais/search/all?keyword=9533438\" target=\"_blank\" rel=\"noopener\">MarineTraffic</a>", "vf_url": "https://www.vesselfinder.com/vessels?name=9533438", "mst_url": "https://www.marinetraffic.com/en/ais/search/all?keyword=9533438", "method": "v3_2pass_track3d_fromru10d", "ru_seen_in_lookback": true, "in_monitor_on_day": true}}, {"type": "Feature", "geometry": {"type": "LineString", "coordinates": [[3.791433333333333, 52.30697333333333], [3.7768966666666666, 52.24447333333333], [3.7803833333333334, 52.18105333333333], [3.7768183333333334, 52.10273333333334], [3.8454866666666665, 52.01963], [4.041225, 51.99067333333333], [4.1934233333333335, 51.94072333333334], [4.333076666666667, 51.894083333333334], [4.413546666666666, 51.88041333333333], [4.415273333333333, 51.87966333333333], [4.415266666666667, 51.879713333333335], [4.4152466666666665, 51.879670000000004], [4.415256666666666, 51.87972], [4.415265000000001, 51.87972], [4.415306666666667, 51.87964], [4.415311666666667, 51.879670000000004], [4.415265000000001, 51.87972], [4.4153199999999995, 51.87965333333333], [4.415241666666666, 51.879646666666666], [4.4151750000000005, 51.87963], [4.415238333333334, 51.879670000000004], [4.415285, 51.87968], [4.415163333333334, 51.87965333333333], [4.415325, 51.87969666666667], [4.41526, 51.87970333333333], [4.415253333333334, 51.87970333333333], [4.4152700000000005, 51.87972], [4.415311666666667, 51.879670000000004], [4.4152466666666665, 51.87970333333333], [4.415303333333333, 51.87972], [4.415166666666667, 51.87970333333333], [4.415186666666667, 51.879686666666665], [4.41528, 51.87972], [4.415133333333333, 51.879596666666664], [4.415245, 51.87964], [4.415256666666666, 51.879736666666666], [4.4152233333333335, 51.87970333333333], [4.415286666666666, 51.87970333333333], [4.415231666666667, 51.879686666666665], [4.41524, 51.87972], [4.41526, 51.879670000000004], [4.415291666666667, 51.87970333333333], [4.41526, 51.879670000000004], [4.415308333333333, 51.879670000000004], [4.415233333333333, 51.87970333333333], [4.415238333333334, 51.87972], [4.415218333333333, 51.879736666666666], [4.415310000000001, 51.87965333333333], [4.415233333333333, 51.87969666666667], [4.41526, 51.87968], [4.4152466666666665, 51.87965333333333], [4.415233333333333, 51.879736666666666], [4.415286666666666, 51.87974333333333], [4.415393333333333, 51.87956666666666], [4.41488, 51.87965333333333], [4.415276666666667, 51.879713333333335], [4.415231666666667, 51.87965333333333], [4.415168333333333, 51.879596666666664], [4.415295, 51.879736666666666], [4.415276666666667, 51.879686666666665], [4.415225, 51.87968], [4.415226666666666, 51.879713333333335], [4.415308333333333, 51.879670000000004], [4.415265000000001, 51.879646666666666], [4.415326666666667, 51.87964], [4.41519, 51.87966333333333], [4.41526, 51.87970333333333], [4.335116666666667, 51.89470333333334], [4.1756633333333335, 51.94927666666667], [4.025263333333333, 52.00445], [3.94572, 52.08795666666666], [3.9016900000000003, 52.17654666666667], [3.8791616666666666, 52.271319999999996], [3.8827833333333337, 52.36854666666667], [3.9142266666666665, 52.471086666666665], [3.97549, 52.57193333333333], [4.082253333333333, 52.66392333333333], [4.177906666666667, 52.76283333333333], [4.284496666666667, 52.85574666666666], [4.355251666666666, 52.96256666666667]]}, "properties": {"label": "BALTIC SHARK", "mmsi": "304932000", "imo": "9315032", "name": "BALTIC SHARK", "shiptype": "", "first_seen_utc": "2025-12-29T19:09:02Z", "last_seen_utc": "2026-01-05T04:41:18Z", "destination": "RULED", "eta": "{'Day': 9, 'Hour': 14, 'Minute': 0, 'Month': 1}", "display": "", "links": "<a href=\"https://www.vesselfinder.com/vessels?name=9315032\" target=\"_blank\" rel=\"noopener\">VesselFinder</a> | <a href=\"https://www.marinetraffic.com/en/ais/search/all?keyword=9315032\" target=\"_blank\" rel=\"noopener\">MarineTraffic</a>", "vf_url": "https://www.vesselfinder.com/vessels?name=9315032", "mst_url": "https://www.marinetraffic.com/en/ais/search/all?keyword=9315032", "method": "v3_2pass_track3d_fromru10d", "ru_seen_in_lookback": true, "in_monitor_on_day": true}}, {"type": "Feature", "geometry": {"type": "Point", "coordinates": [4.355251666666666, 52.96256666666667]}, "properties": {"label": "BALTIC SHARK", "mmsi": "304932000", "imo": "9315032", "name": "BALTIC SHARK", "shiptype": "", "first_seen_utc": "2025-12-29T19:09:02Z", "last_seen_utc": "2026-01-05T04:41:18Z", "destination": "RULED", "eta": "{'Day': 9, 'Hour': 14, 'Minute': 0, 'Month': 1}", "display": "BALTIC SHARK (304932000)", "links": "<a href=\"https://www.vesselfinder.com/vessels?name=9315032\" target=\"_blank\" rel=\"noopener\">VesselFinder</a> | <a href=\"https://www.marinetraffic.com/en/ais/search/all?keyword=9315032\" target=\"_blank\" rel=\"noopener\">MarineTraffic</a>", "vf_url": "https://www.vesselfinder.com/vessels?name=9315032", "mst_url": "https://www.marinetraffic.com/en/ais/search/all?keyword=9315032", "method": "v3_2pass_track3d_fromru10d", "ru_seen_in_lookback": true, "in_monitor_on_day": true}}, {"type": "Feature", "geometry": {"type": "LineString", "coordinates": [[18.813280000000002, 55.00707333333333], [18.872691666666665, 54.915688333333335], [18.946553333333334, 54.82380666666666], [19.01202333333333, 54.73036166666667], [19.039634999999997, 54.66638833333333], [19.064553333333333, 54.62491333333333], [19.032181666666666, 54.55636666666667], [18.95872166666667, 54.488445], [18.889934999999998, 54.45206833333334], [18.879565, 54.441341666666666], [18.880166666666664, 54.44190833333334], [18.880588333333332, 54.44189666666667], [18.881186666666668, 54.441739999999996], [18.881118333333333, 54.441646666666664], [18.879915, 54.442195], [18.878418333333332, 54.44240666666667], [18.879876666666668, 54.44217833333333], [18.879275, 54.44225333333333], [18.878941666666666, 54.44236], [18.87915333333333, 54.44235333333334], [18.878783333333335, 54.44239833333334], [18.879078333333332, 54.442323333333334], [18.879105, 54.44234666666667], [18.87914333333333, 54.44229666666667], [18.88052, 54.441990000000004], [18.881056666666666, 54.441741666666665], [18.881435, 54.44148333333333], [18.882091666666668, 54.440956666666665], [18.882303333333333, 54.440643333333334], [18.88233166666667, 54.44074166666667], [18.882234999999998, 54.440815], [18.882148333333337, 54.440945000000006], [18.882346666666667, 54.440916666666666], [18.88212, 54.441201666666664], [18.88202, 54.44113333333333], [18.88191, 54.441295], [18.881796666666666, 54.44130333333333], [18.88168166666667, 54.44145], [18.881928333333335, 54.44122333333333], [18.881838333333334, 54.441405], [18.880119999999998, 54.44071666666667], [18.8775, 54.43975666666667], [18.877074999999998, 54.428398333333334], [18.795144999999998, 54.41264833333333], [18.727673333333332, 54.40156], [18.715453333333336, 54.403483333333334], [18.715445, 54.40349166666667], [18.715446666666665, 54.40351166666667], [18.715421666666668, 54.403505], [18.715433333333333, 54.40345166666667], [18.71548166666667, 54.40348166666667], [18.715419999999998, 54.403524999999995], [18.71546, 54.40349666666667], [18.715445, 54.403485], [18.715445, 54.403488333333335], [18.715433333333333, 54.403483333333334], [18.715445, 54.40349666666667], [18.715456666666668, 54.403495], [18.715473333333332, 54.40349666666667], [18.71544833333333, 54.403535000000005], [18.71549, 54.40347833333333], [18.715441666666667, 54.403488333333335], [18.715425, 54.40349333333334], [18.715465, 54.403485]]}, "properties": {"label": "IONIC ALTHEA", "mmsi": "538007953", "imo": "9728435", "name": "IONIC ALTHEA", "shiptype": "", "first_seen_utc": "2025-12-30T02:18:53Z", "last_seen_utc": "2026-01-05T04:27:50Z", "destination": "EGSKT-PLGDN", "eta": "{'Day': 3, 'Hour': 18, 'Minute': 0, 'Month': 1}", "display": "", "links": "<a href=\"https://www.vesselfinder.com/vessels?name=9728435\" target=\"_blank\" rel=\"noopener\">VesselFinder</a> | <a href=\"https://www.marinetraffic.com/en/ais/search/all?keyword=9728435\" target=\"_blank\" rel=\"noopener\">MarineTraffic</a>", "vf_url": "https://www.vesselfinder.com/vessels?name=9728435", "mst_url": "https://www.marinetraffic.com/en/ais/search/all?keyword=9728435", "method": "v3_2pass_track3d_fromru10d", "ru_seen_in_lookback": true, "in_monitor_on_day": true}}, {"type": "Feature", "geometry": {"type": "Point", "coordinates": [18.715465, 54.403485]}, "properties": {"label": "IONIC ALTHEA", "mmsi": "538007953", "imo": "9728435", "name": "IONIC ALTHEA", "shiptype": "", "first_seen_utc": "2025-12-30T02:18:53Z", "last_seen_utc": "2026-01-05T04:27:50Z", "destination": "EGSKT-PLGDN", "eta": "{'Day': 3, 'Hour': 18, 'Minute': 0, 'Month': 1}", "display": "IONIC ALTHEA (538007953)", "links": "<a href=\"https://www.vesselfinder.com/vessels?name=9728435\" target=\"_blank\" rel=\"noopener\">VesselFinder</a> | <a href=\"https://www.marinetraffic.com/en/ais/search/all?keyword=9728435\" target=\"_blank\" rel=\"noopener\">MarineTraffic</a>", "vf_url": "https://www.vesselfinder.com/vessels?name=9728435", "mst_url": "https://www.marinetraffic.com/en/ais/search/all?keyword=9728435", "method": "v3_2pass_track3d_fromru10d", "ru_seen_in_lookback": true, "in_monitor_on_day": true}}, {"type": "Feature", "geometry": {"type": "LineString", "coordinates": [[12.272236666666666, 54.602265], [12.218905000000001, 54.515721666666664], [12.155001666666667, 54.43496833333334], [12.004975, 54.432588333333335], [11.849678333333333, 54.433305000000004], [11.706430000000001, 54.45579333333333], [11.566326666666667, 54.493365000000004], [11.429525, 54.53508333333333], [11.294558333333333, 54.57882333333334], [11.156573333333334, 54.621311666666664], [11.014405, 54.654093333333336], [10.85976, 54.638085000000004], [10.713211666666666, 54.61254666666667], [10.574406666666667, 54.57926166666667], [10.452873333333335, 54.54768], [10.326858333333332, 54.506096666666664], [10.235808333333333, 54.45189833333333], [10.172293333333332, 54.37230833333333], [10.144603333333333, 54.36567], [10.141241666666668, 54.36621], [10.060518333333333, 54.360825], [9.986028333333334, 54.34553833333334], [9.898653333333334, 54.35109833333333], [9.806515, 54.363328333333335], [9.729033333333332, 54.331226666666666], [9.67208, 54.291815], [9.616433333333333, 54.249835], [9.56489, 54.204593333333335], [9.477433333333332, 54.18113166666667], [9.391273333333334, 54.15855333333333], [9.338011666666667, 54.137055000000004], [9.319233333333333, 54.080288333333336], [9.298546666666665, 54.02084333333333], [9.262328333333333, 53.97042166666667], [9.206178333333334, 53.92930666666667], [9.148055, 53.89579833333333], [9.144801666666666, 53.893966666666664], [9.101391666666666, 53.879605], [7.849725, 54.09591833333333], [7.666783333333333, 54.158746666666666], [7.5373850000000004, 54.204656666666665], [7.388591666666667, 54.20332166666667], [7.2383, 54.201413333333335], [7.085485, 54.20025], [6.9274016666666665, 54.19858833333333], [6.778388333333334, 54.19807166666667], [6.628961666666667, 54.19717], [6.475043333333333, 54.195299999999996], [6.31149, 54.188345]]}, "properties": {"label": "FURE SKAGEN", "mmsi": "231875000", "imo": "9362152", "name": "FURE SKAGEN", "shiptype": "", "first_seen_utc": "2025-12-30T08:22:00Z", "last_seen_utc": "2026-01-05T01:03:49Z", "destination": "NLAMS VIA NOK", "eta": "{'Day': 5, 'Hour': 21, 'Minute': 0, 'Month': 1}", "display": "", "links": "<a href=\"https://www.vesselfinder.com/vessels?name=9362152\" target=\"_blank\" rel=\"noopener\">VesselFinder</a> | <a href=\"https://www.marinetraffic.com/en/ais/search/all?keyword=9362152\" target=\"_blank\" rel=\"noopener\">MarineTraffic</a>", "vf_url": "https://www.vesselfinder.com/vessels?name=9362152", "mst_url": "https://www.marinetraffic.com/en/ais/search/all?keyword=9362152", "method": "v3_2pass_track3d_fromru10d", "ru_seen_in_lookback": true, "in_monitor_on_day": true}}, {"type": "Feature", "geometry": {"type": "Point", "coordinates": [6.31149, 54.188345]}, "properties": {"label": "FURE SKAGEN", "mmsi": "231875000", "imo": "9362152", "name": "FURE SKAGEN", "shiptype": "", "first_seen_utc": "2025-12-30T08:22:00Z", "last_seen_utc": "2026-01-05T01:03:49Z", "destination": "NLAMS VIA NOK", "eta": "{'Day': 5, 'Hour': 21, 'Minute': 0, 'Month': 1}", "display": "FURE SKAGEN (231875000)", "links": "<a href=\"https://www.vesselfinder.com/vessels?name=9362152\" target=\"_blank\" rel=\"noopener\">VesselFinder</a> | <a href=\"https://www.marinetraffic.com/en/ais/search/all?keyword=9362152\" target=\"_blank\" rel=\"noopener\">MarineTraffic</a>", "vf_url": "https://www.vesselfinder.com/vessels?name=9362152", "mst_url": "https://www.marinetraffic.com/en/ais/search/all?keyword=9362152", "method": "v3_2pass_track3d_fromru10d", "ru_seen_in_lookback": true, "in_monitor_on_day": true}}, {"type": "Feature", "geometry": {"type": "LineString", "coordinates": [[18.673313333333333, 54.403495], [18.67334333333333, 54.403483333333334], [18.673341666666666, 54.40349833333333], [18.673315, 54.403515], [18.673328333333334, 54.403505], [18.673321666666666, 54.40347833333333], [18.673311666666667, 54.40349166666667], [18.673305000000003, 54.40347833333333], [18.673323333333332, 54.40349666666667], [18.673344999999998, 54.403483333333334], [18.673333333333336, 54.403486666666666], [18.67333, 54.403486666666666], [18.673333333333336, 54.403495], [18.67334, 54.40349333333334], [18.673336666666668, 54.4035], [18.673336666666668, 54.40349666666667], [18.673333333333336, 54.40350166666666], [18.673336666666668, 54.40349833333333], [18.673335, 54.40350166666666], [18.673333333333336, 54.4035], [18.673331666666666, 54.40349833333333], [18.673328333333334, 54.4035], [18.673326666666664, 54.40349833333333], [18.673328333333334, 54.403483333333334], [18.673333333333336, 54.403495], [18.673338333333334, 54.40350166666666], [18.673325, 54.403508333333335], [18.673326666666664, 54.40351], [18.67333, 54.40350333333333], [18.673336666666668, 54.403505], [18.67334, 54.403508333333335], [18.67334, 54.40350333333333], [18.67334, 54.4035], [18.673338333333334, 54.40350166666666], [18.673331666666666, 54.40349666666667], [18.673326666666664, 54.40350333333333], [18.673325, 54.403505], [18.673335, 54.40350166666666], [18.673335, 54.40350166666666], [18.67334333333333, 54.403495], [18.673333333333336, 54.40349666666667], [18.673323333333332, 54.4035], [18.673333333333336, 54.4035], [18.673326666666664, 54.40349666666667], [18.67333, 54.40350166666666], [18.673333333333336, 54.403490000000005], [18.673333333333336, 54.403490000000005], [18.673331666666666, 54.40349166666667], [18.673325, 54.40349666666667], [18.673325, 54.403495], [18.673335, 54.403515], [18.67333, 54.403508333333335], [18.673331666666666, 54.40349666666667], [18.673331666666666, 54.40349666666667], [18.673335, 54.40349833333333], [18.67333, 54.403515], [18.673331666666666, 54.403495], [18.673328333333334, 54.403485], [18.673333333333336, 54.4035], [18.673335, 54.40350166666666], [18.67333, 54.40350166666666], [18.67334, 54.40349833333333], [18.673338333333334, 54.40349833333333], [18.673326666666664, 54.40349833333333], [18.673331666666666, 54.403505], [18.673331666666666, 54.40349833333333], [18.673331666666666, 54.40350333333333], [18.67333, 54.40349666666667], [18.673331666666666, 54.40350166666666], [18.673335, 54.40349833333333], [18.67334, 54.40350166666666], [18.673338333333334, 54.40349833333333], [18.673328333333334, 54.403506666666665], [18.673326666666664, 54.40351], [18.673335, 54.403505], [18.673333333333336, 54.40350166666666], [18.673338333333334, 54.40351], [18.67334, 54.403505], [18.67334, 54.40350333333333], [18.673331666666666, 54.4035], [18.673325, 54.4035], [18.67333, 54.40350166666666], [18.673321666666666, 54.40350333333333], [18.67333, 54.403505]]}, "properties": {"label": "MILA", "mmsi": "305836000", "imo": "9501681", "name": "MILA", "shiptype": "", "first_seen_utc": "2025-12-30T11:00:51Z", "last_seen_utc": "2026-01-05T04:19:40Z", "destination": "PLGDN", "eta": "{'Day': 30, 'Hour': 14, 'Minute': 0, 'Month': 12}", "display": "", "links": "<a href=\"https://www.vesselfinder.com/vessels?name=9501681\" target=\"_blank\" rel=\"noopener\">VesselFinder</a> | <a href=\"https://www.marinetraffic.com/en/ais/search/all?keyword=9501681\" target=\"_blank\" rel=\"noopener\">MarineTraffic</a>", "vf_url": "https://www.vesselfinder.com/vessels?name=9501681", "mst_url": "https://www.marinetraffic.com/en/ais/search/all?keyword=9501681", "method": "v3_2pass_track3d_fromru10d", "ru_seen_in_lookback": true, "in_monitor_on_day": true}}, {"type": "Feature", "geometry": {"type": "Point", "coordinates": [18.67333, 54.403505]}, "properties": {"label": "MILA", "mmsi": "305836000", "imo": "9501681", "name": "MILA", "shiptype": "", "first_seen_utc": "2025-12-30T11:00:51Z", "last_seen_utc": "2026-01-05T04:19:40Z", "destination": "PLGDN", "eta": "{'Day': 30, 'Hour': 14, 'Minute': 0, 'Month': 12}", "display": "MILA (305836000)", "links": "<a href=\"https://www.vesselfinder.com/vessels?name=9501681\" target=\"_blank\" rel=\"noopener\">VesselFinder</a> | <a href=\"https://www.marinetraffic.com/en/ais/search/all?keyword=9501681\" target=\"_blank\" rel=\"noopener\">MarineTraffic</a>", "vf_url": "https://www.vesselfinder.com/vessels?name=9501681", "mst_url": "https://www.marinetraffic.com/en/ais/search/all?keyword=9501681", "method": "v3_2pass_track3d_fromru10d", "ru_seen_in_lookback": true, "in_monitor_on_day": true}}, {"type": "Feature", "geometry": {"type": "LineString", "coordinates": [[10.887885, 54.630064999999995], [11.060228333333333, 54.586893333333336], [11.248933333333333, 54.559446666666666], [11.424673333333335, 54.512665], [11.597888333333334, 54.464055], [11.773531666666665, 54.418168333333334], [11.945158333333334, 54.413180000000004], [12.087288333333333, 54.41159666666667], [12.198891666666666, 54.450945000000004], [12.244538333333333, 54.52539], [12.294813333333334, 54.599228333333336], [18.180433333333333, 54.916285], [18.423733333333335, 54.939341666666664], [18.605891666666665, 54.93405166666666], [18.761443333333332, 54.866128333333336], [18.90735, 54.80171833333333], [19.023208333333333, 54.728233333333336], [19.068255, 54.63355833333333], [19.02723166666667, 54.550248333333336], [18.96749, 54.487269999999995], [18.920579999999998, 54.45601], [18.885461666666668, 54.45504666666667], [18.887923333333333, 54.45548833333333], [18.88845, 54.45521333333333], [18.888323333333336, 54.45516166666666], [18.88826, 54.455345], [18.888301666666667, 54.45534], [18.88832, 54.455270000000006], [18.888248333333333, 54.45530333333333], [18.888445, 54.45517333333333], [18.888478333333335, 54.455148333333334], [18.888416666666668, 54.455236666666664], [18.888288333333332, 54.455328333333334], [18.888424999999998, 54.45525333333333], [18.888403333333333, 54.455238333333334], [18.888366666666666, 54.455286666666666], [18.88820666666667, 54.455421666666666], [18.888015, 54.45545166666667], [18.887923333333333, 54.455558333333336], [18.888171666666665, 54.455378333333336], [18.888331666666666, 54.455235], [18.888348333333333, 54.455236666666664], [18.888244999999998, 54.455288333333336], [18.888086666666666, 54.45541333333333], [18.888378333333332, 54.45525166666666], [18.888291666666664, 54.455345], [18.888375, 54.45521333333333], [18.888705, 54.45495833333334], [18.88866833333333, 54.454975], [18.88865, 54.454998333333336], [18.88869, 54.454926666666665], [18.888938333333332, 54.45469166666667], [18.889096666666667, 54.454521666666665]]}, "properties": {"label": "PLATANOS", "mmsi": "311000915", "imo": "9825477", "name": "PLATANOS", "shiptype": "", "first_seen_utc": "2025-12-30T20:08:19Z", "last_seen_utc": "2026-01-05T04:38:44Z", "destination": "EGSKT > PLGDN", "eta": "{'Day': 4, 'Hour': 13, 'Minute': 0, 'Month': 1}", "display": "", "links": "<a href=\"https://www.vesselfinder.com/vessels?name=9825477\" target=\"_blank\" rel=\"noopener\">VesselFinder</a> | <a href=\"https://www.marinetraffic.com/en/ais/search/all?keyword=9825477\" target=\"_blank\" rel=\"noopener\">MarineTraffic</a>", "vf_url": "https://www.vesselfinder.com/vessels?name=9825477", "mst_url": "https://www.marinetraffic.com/en/ais/search/all?keyword=9825477", "method": "v3_2pass_track3d_fromru10d", "ru_seen_in_lookback": true, "in_monitor_on_day": true}}, {"type": "Feature", "geometry": {"type": "Point", "coordinates": [18.889096666666667, 54.454521666666665]}, "properties": {"label": "PLATANOS", "mmsi": "311000915", "imo": "9825477", "name": "PLATANOS", "shiptype": "", "first_seen_utc": "2025-12-30T20:08:19Z", "last_seen_utc": "2026-01-05T04:38:44Z", "destination": "EGSKT > PLGDN", "eta": "{'Day': 4, 'Hour': 13, 'Minute': 0, 'Month': 1}", "display": "PLATANOS (311000915)", "links": "<a href=\"https://www.vesselfinder.com/vessels?name=9825477\" target=\"_blank\" rel=\"noopener\">VesselFinder</a> | <a href=\"https://www.marinetraffic.com/en/ais/search/all?keyword=9825477\" target=\"_blank\" rel=\"noopener\">MarineTraffic</a>", "vf_url": "https://www.vesselfinder.com/vessels?name=9825477", "mst_url": "https://www.marinetraffic.com/en/ais/search/all?keyword=9825477", "method": "v3_2pass_track3d_fromru10d", "ru_seen_in_lookback": true, "in_monitor_on_day": true}}, {"type": "Feature", "geometry": {"type": "LineString", "coordinates": [[18.895601666666668, 54.44657333333334], [18.895596666666666, 54.44647833333333], [18.895315, 54.44661166666666], [18.895823333333333, 54.446425], [18.896053333333334, 54.44618666666667], [18.896295000000002, 54.44604833333334], [18.89648833333333, 54.44588], [18.89642, 54.44601333333333], [18.896386666666668, 54.446038333333334], [18.896496666666668, 54.446025], [18.896496666666668, 54.44618166666667], [18.896501666666666, 54.44604], [18.89630833333333, 54.446268333333336], [18.896146666666667, 54.446329999999996], [18.895926666666664, 54.44652166666666], [18.89613166666667, 54.44641166666667], [18.895860000000003, 54.446551666666664], [18.896158333333336, 54.446395], [18.896416666666667, 54.446133333333336], [18.896156666666666, 54.44645166666667], [18.896220000000003, 54.446355000000004], [18.895896666666665, 54.44654833333333], [18.895693333333334, 54.44667833333333], [18.895421666666667, 54.44679], [18.89549333333333, 54.44675666666667], [18.89554, 54.446725], [18.895013333333335, 54.44694333333334], [18.895705, 54.446663333333326], [18.89597, 54.44655], [18.895591666666668, 54.44671], [18.896255, 54.446236666666664], [18.895748333333334, 54.44656333333333], [18.895846666666667, 54.44647333333333], [18.894218333333335, 54.44702666666667], [18.894781666666667, 54.44698666666667], [18.895145, 54.44682666666667], [18.893533333333334, 54.44708833333333], [18.895126666666666, 54.446855], [18.894299999999998, 54.44702333333333], [18.894195, 54.44701666666666], [18.894653333333334, 54.44697333333333], [18.894791666666666, 54.44696], [18.894785000000002, 54.44695166666667], [18.896206666666668, 54.446178333333336], [18.896276666666665, 54.44616333333333], [18.896481666666666, 54.44600166666667], [18.89649166666667, 54.44597833333333], [18.896408333333333, 54.44606833333333], [18.896628333333336, 54.44592], [18.896348333333332, 54.44604833333334], [18.89649166666667, 54.446085000000004], [18.896203333333336, 54.446329999999996], [18.896346666666666, 54.44633666666667], [18.89645833333333, 54.446085000000004], [18.89644666666667, 54.446221666666666], [18.896273333333333, 54.446365], [18.896103333333333, 54.446524999999994], [18.896295000000002, 54.446355000000004], [18.896258333333332, 54.44641333333333], [18.896331666666665, 54.446378333333335], [18.896391666666666, 54.44638833333333], [18.896293333333332, 54.44649833333334], [18.896481666666666, 54.44632333333333], [18.89665666666667, 54.44620333333333], [18.896421666666665, 54.44636833333333], [18.896445000000003, 54.446419999999996], [18.896545, 54.44625833333334], [18.896338333333333, 54.44649166666667], [18.896063333333334, 54.44665666666666], [18.896391666666666, 54.446434999999994], [18.896426666666667, 54.446425], [18.89644, 54.44634666666666], [18.895948333333333, 54.44668], [18.896438333333332, 54.446353333333334], [18.896463333333333, 54.446353333333334], [18.896415, 54.446365], [18.89653333333333, 54.446305], [18.896648333333335, 54.44617166666667], [18.896631666666668, 54.446215], [18.896608333333333, 54.446175000000004], [18.89658166666667, 54.44620333333333], [18.896628333333336, 54.44604666666667], [18.89542833333333, 54.445508333333336]]}, "properties": {"label": "ECO ICE", "mmsi": "538007403", "imo": "9755646", "name": "ECO ICE", "shiptype": "", "first_seen_utc": "2025-12-31T00:34:54Z", "last_seen_utc": "2026-01-05T04:27:43Z", "destination": "PLGDN", "eta": "{'Day': 30, 'Hour': 18, 'Minute': 0, 'Month': 12}", "display": "", "links": "<a href=\"https://www.vesselfinder.com/vessels?name=9755646\" target=\"_blank\" rel=\"noopener\">VesselFinder</a> | <a href=\"https://www.marinetraffic.com/en/ais/search/all?keyword=9755646\" target=\"_blank\" rel=\"noopener\">MarineTraffic</a>", "vf_url": "https://www.vesselfinder.com/vessels?name=9755646", "mst_url": "https://www.marinetraffic.com/en/ais/search/all?keyword=9755646", "method": "v3_2pass_track3d_fromru10d", "ru_seen_in_lookback": true, "in_monitor_on_day": true}}, {"type": "Feature", "geometry": {"type": "Point", "coordinates": [18.89542833333333, 54.445508333333336]}, "properties": {"label": "ECO ICE", "mmsi": "538007403", "imo": "9755646", "name": "ECO ICE", "shiptype": "", "first_seen_utc": "2025-12-31T00:34:54Z", "last_seen_utc": "2026-01-05T04:27:43Z", "destination": "PLGDN", "eta": "{'Day': 30, 'Hour': 18, 'Minute': 0, 'Month': 12}", "display": "ECO ICE (538007403)", "links": "<a href=\"https://www.vesselfinder.com/vessels?name=9755646\" target=\"_blank\" rel=\"noopener\">VesselFinder</a> | <a href=\"https://www.marinetraffic.com/en/ais/search/all?keyword=9755646\" target=\"_blank\" rel=\"noopener\">MarineTraffic</a>", "vf_url": "https://www.vesselfinder.com/vessels?name=9755646", "mst_url": "https://www.marinetraffic.com/en/ais/search/all?keyword=9755646", "method": "v3_2pass_track3d_fromru10d", "ru_seen_in_lookback": true, "in_monitor_on_day": true}}, {"type": "Feature", "geometry": {"type": "LineString", "coordinates": [[15.40455, 55.64835], [14.95985, 55.538183333333336], [14.8081, 55.49578333333333], [12.264833333333334, 54.586933333333334], [12.217216666666667, 54.4941], [12.10335, 54.43765], [11.926483333333334, 54.43645], [11.74895, 54.450500000000005], [11.58685, 54.49056666666667], [11.432649999999999, 54.53158333333333], [11.275216666666667, 54.57351666666667], [11.118716666666668, 54.600699999999996], [10.960483333333334, 54.61676666666666]]}, "properties": {"label": "MINERVA MEDITERRANEA", "mmsi": "256553000", "imo": "9367671", "name": "MINERVA MEDITERRANEA", "shiptype": "", "first_seen_utc": "2026-01-01T09:54:14Z", "last_seen_utc": "2026-01-05T04:42:49Z", "destination": "BRAZIL FOR ORDER", "eta": "{'Day': 21, 'Hour': 18, 'Minute': 0, 'Month': 1}", "display": "", "links": "<a href=\"https://www.vesselfinder.com/vessels?name=9367671\" target=\"_blank\" rel=\"noopener\">VesselFinder</a> | <a href=\"https://www.marinetraffic.com/en/ais/search/all?keyword=9367671\" target=\"_blank\" rel=\"noopener\">MarineTraffic</a>", "vf_url": "https://www.vesselfinder.com/vessels?name=9367671", "mst_url": "https://www.marinetraffic.com/en/ais/search/all?keyword=9367671", "method": "v3_2pass_track3d_fromru10d", "ru_seen_in_lookback": true, "in_monitor_on_day": true}}, {"type": "Feature", "geometry": {"type": "Point", "coordinates": [10.960483333333334, 54.61676666666666]}, "properties": {"label": "MINERVA MEDITERRANEA", "mmsi": "256553000", "imo": "9367671", "name": "MINERVA MEDITERRANEA", "shiptype": "", "first_seen_utc": "2026-01-01T09:54:14Z", "last_seen_utc": "2026-01-05T04:42:49Z", "destination": "BRAZIL FOR ORDER", "eta": "{'Day': 21, 'Hour': 18, 'Minute': 0, 'Month': 1}", "display": "MINERVA MEDITERRANEA (256553000)", "links": "<a href=\"https://www.vesselfinder.com/vessels?name=9367671\" target=\"_blank\" rel=\"noopener\">VesselFinder</a> | <a href=\"https://www.marinetraffic.com/en/ais/search/all?keyword=9367671\" target=\"_blank\" rel=\"noopener\">MarineTraffic</a>", "vf_url": "https://www.vesselfinder.com/vessels?name=9367671", "mst_url": "https://www.marinetraffic.com/en/ais/search/all?keyword=9367671", "method": "v3_2pass_track3d_fromru10d", "ru_seen_in_lookback": true, "in_monitor_on_day": true}}, {"type": "Feature", "geometry": {"type": "LineString", "coordinates": [[19.311238333333332, 54.36282833333333], [19.311236666666666, 54.362833333333334], [19.311236666666666, 54.362831666666665], [19.31124, 54.362831666666665], [19.311236666666666, 54.36282666666667], [19.311238333333332, 54.362831666666665], [19.311241666666668, 54.36283], [19.31124, 54.362833333333334], [19.311236666666666, 54.36283666666667], [19.311241666666668, 54.36282833333333], [19.311236666666666, 54.36282833333333], [19.311238333333332, 54.362831666666665], [19.311238333333332, 54.362835000000004], [19.311241666666668, 54.362835000000004], [19.311235, 54.362835000000004], [19.311238333333332, 54.362831666666665], [19.311236666666666, 54.362835000000004], [19.311231666666668, 54.362831666666665], [19.311235, 54.362831666666665], [19.311241666666668, 54.36282833333333], [19.311243333333334, 54.36281833333333], [19.311245, 54.36283], [19.311238333333332, 54.36282833333333], [19.311251666666667, 54.36282666666667], [19.311238333333332, 54.36282833333333], [19.311241666666668, 54.362831666666665], [19.311243333333334, 54.36282833333333], [19.31124, 54.362835000000004], [19.311236666666666, 54.36283], [19.311235, 54.36282833333333], [19.311238333333332, 54.36282833333333], [19.311230000000002, 54.362820000000006], [19.311230000000002, 54.362825], [19.311226666666666, 54.36282166666667], [19.311238333333332, 54.362831666666665], [19.311231666666668, 54.36283], [19.311231666666668, 54.362831666666665], [19.31124, 54.36282833333333], [19.311238333333332, 54.362831666666665], [19.31124, 54.362825], [19.311235, 54.362825], [19.311238333333332, 54.362833333333334], [19.31124, 54.362833333333334], [19.311235, 54.362838333333336], [19.311238333333332, 54.362833333333334], [19.311233333333334, 54.36282833333333], [19.311246666666666, 54.362831666666665], [19.31124, 54.36283], [19.31124, 54.362833333333334], [19.311238333333332, 54.362835000000004], [19.311241666666668, 54.36283], [19.311238333333332, 54.362825], [19.31124, 54.36282666666667], [19.31124, 54.362831666666665], [19.31124, 54.362835000000004]]}, "properties": {"label": "SM-PRC-105", "mmsi": "261002080", "imo": "8937558", "name": "SM-PRC-105", "shiptype": "", "first_seen_utc": "2026-01-02T08:17:44Z", "last_seen_utc": "2026-01-05T04:15:37Z", "destination": "NOWY SWIAT", "eta": "{'Day': 17, 'Hour': 3, 'Minute': 0, 'Month': 10}", "display": "", "links": "<a href=\"https://www.vesselfinder.com/vessels?name=8937558\" target=\"_blank\" rel=\"noopener\">VesselFinder</a> | <a href=\"https://www.marinetraffic.com/en/ais/search/all?keyword=8937558\" target=\"_blank\" rel=\"noopener\">MarineTraffic</a>", "vf_url": "https://www.vesselfinder.com/vessels?name=8937558", "mst_url": "https://www.marinetraffic.com/en/ais/search/all?keyword=8937558", "method": "v3_2pass_track3d_fromru10d", "ru_seen_in_lookback": true, "in_monitor_on_day": true}}, {"type": "Feature", "geometry": {"type": "Point", "coordinates": [19.31124, 54.362835000000004]}, "properties": {"label": "SM-PRC-105", "mmsi": "261002080", "imo": "8937558", "name": "SM-PRC-105", "shiptype": "", "first_seen_utc": "2026-01-02T08:17:44Z", "last_seen_utc": "2026-01-05T04:15:37Z", "destination": "NOWY SWIAT", "eta": "{'Day': 17, 'Hour': 3, 'Minute': 0, 'Month': 10}", "display": "SM-PRC-105 (261002080)", "links": "<a href=\"https://www.vesselfinder.com/vessels?name=8937558\" target=\"_blank\" rel=\"noopener\">VesselFinder</a> | <a href=\"https://www.marinetraffic.com/en/ais/search/all?keyword=8937558\" target=\"_blank\" rel=\"noopener\">MarineTraffic</a>", "vf_url": "https://www.vesselfinder.com/vessels?name=8937558", "mst_url": "https://www.marinetraffic.com/en/ais/search/all?keyword=8937558", "method": "v3_2pass_track3d_fromru10d", "ru_seen_in_lookback": true, "in_monitor_on_day": true}}, {"type": "Feature", "geometry": {"type": "LineString", "coordinates": [[15.735921666666666, 55.73260166666667], [15.389289999999999, 55.671805]]}, "properties": {"label": "636025076", "mmsi": "636025076", "imo": "", "name": "", "shiptype": "", "first_seen_utc": "2026-01-02T08:34:58Z", "last_seen_utc": "2026-01-05T04:31:34Z", "destination": "", "eta": "", "display": "", "links": "<a href=\"https://www.vesselfinder.com/vessels?name=636025076\" target=\"_blank\" rel=\"noopener\">VesselFinder</a> | <a href=\"https://www.marinetraffic.com/en/ais/search/all?keyword=636025076\" target=\"_blank\" rel=\"noopener\">MarineTraffic</a>", "vf_url": "https://www.vesselfinder.com/vessels?name=636025076", "mst_url": "https://www.marinetraffic.com/en/ais/search/all?keyword=636025076", "method": "v3_2pass_track3d_fromru10d", "ru_seen_in_lookback": true, "in_monitor_on_day": true}}, {"type": "Feature", "geometry": {"type": "Point", "coordinates": [15.389289999999999, 55.671805]}, "properties": {"label": "636025076", "mmsi": "636025076", "imo": "", "name": "", "shiptype": "", "first_seen_utc": "2026-01-02T08:34:58Z", "last_seen_utc": "2026-01-05T04:31:34Z", "destination": "", "eta": "", "display": "636025076 (636025076)", "links": "<a href=\"https://www.vesselfinder.com/vessels?name=636025076\" target=\"_blank\" rel=\"noopener\">VesselFinder</a> | <a href=\"https://www.marinetraffic.com/en/ais/search/all?keyword=636025076\" target=\"_blank\" rel=\"noopener\">MarineTraffic</a>", "vf_url": "https://www.vesselfinder.com/vessels?name=636025076", "mst_url": "https://www.marinetraffic.com/en/ais/search/all?keyword=636025076", "method": "v3_2pass_track3d_fromru10d", "ru_seen_in_lookback": true, "in_monitor_on_day": true}}, {"type": "Feature", "geometry": {"type": "LineString", "coordinates": [[15.476873333333334, 55.655775], [15.296086666666667, 55.63138666666667], [14.966498333333334, 55.54925333333333], [14.791653333333333, 55.494346666666665], [14.621556666666667, 55.438431666666666], [14.460605, 55.340246666666665], [14.155, 55.136223333333334], [12.27169, 54.58938333333333], [12.21768, 54.507695], [12.145833333333334, 54.43576666666667], [11.984868333333333, 54.43470166666667], [11.803358333333334, 54.43671833333334], [11.636618333333333, 54.470715000000006], [11.479676666666668, 54.516904999999994], [11.317499999999999, 54.56388833333333], [11.153690000000001, 54.60393833333333]]}, "properties": {"label": "CAPTAIN PARIS", "mmsi": "229716000", "imo": "9692844", "name": "CAPTAIN PARIS", "shiptype": "", "first_seen_utc": "2026-01-02T13:44:03Z", "last_seen_utc": "2026-01-05T04:19:19Z", "destination": "SKAGEN", "eta": "{'Day': 6, 'Hour': 4, 'Minute': 0, 'Month': 1}", "display": "", "links": "<a href=\"https://www.vesselfinder.com/vessels?name=9692844\" target=\"_blank\" rel=\"noopener\">VesselFinder</a> | <a href=\"https://www.marinetraffic.com/en/ais/search/all?keyword=9692844\" target=\"_blank\" rel=\"noopener\">MarineTraffic</a>", "vf_url": "https://www.vesselfinder.com/vessels?name=9692844", "mst_url": "https://www.marinetraffic.com/en/ais/search/all?keyword=9692844", "method": "v3_2pass_track3d_fromru10d", "ru_seen_in_lookback": true, "in_monitor_on_day": true}}, {"type": "Feature", "geometry": {"type": "Point", "coordinates": [11.153690000000001, 54.60393833333333]}, "properties": {"label": "CAPTAIN PARIS", "mmsi": "229716000", "imo": "9692844", "name": "CAPTAIN PARIS", "shiptype": "", "first_seen_utc": "2026-01-02T13:44:03Z", "last_seen_utc": "2026-01-05T04:19:19Z", "destination": "SKAGEN", "eta": "{'Day': 6, 'Hour': 4, 'Minute': 0, 'Month': 1}", "display": "CAPTAIN PARIS (229716000)", "links": "<a href=\"https://www.vesselfinder.com/vessels?name=9692844\" target=\"_blank\" rel=\"noopener\">VesselFinder</a> | <a href=\"https://www.marinetraffic.com/en/ais/search/all?keyword=9692844\" target=\"_blank\" rel=\"noopener\">MarineTraffic</a>", "vf_url": "https://www.vesselfinder.com/vessels?name=9692844", "mst_url": "https://www.marinetraffic.com/en/ais/search/all?keyword=9692844", "method": "v3_2pass_track3d_fromru10d", "ru_seen_in_lookback": true, "in_monitor_on_day": true}}, {"type": "Feature", "geometry": {"type": "LineString", "coordinates": [[19.00531, 54.898736666666665], [18.994090000000003, 54.74135166666667], [18.885553333333334, 54.59766333333334], [18.68569666666667, 54.53816], [18.537456666666667, 54.536183333333334], [18.522315, 54.532625], [18.52233, 54.532621666666664], [18.52231833333333, 54.532625], [18.52233, 54.532628333333335], [18.52231833333333, 54.532628333333335], [18.522323333333336, 54.532628333333335], [18.52231, 54.532630000000005], [18.522676666666666, 54.53270166666667], [18.673058333333334, 54.52999833333333], [18.892651666666666, 54.585741666666664], [18.907736666666665, 54.72464333333333], [18.730331666666665, 54.850406666666665], [18.399279999999997, 54.97051666666667], [12.830528333333332, 55.16106333333333], [12.667495, 55.27656], [12.688146666666666, 55.41477333333333], [12.717825, 55.535673333333335], [12.69755, 55.616861666666665], [12.687665, 55.71566833333333], [12.736996666666666, 55.834055], [12.711253333333334, 55.96039666666666], [12.61759, 56.076188333333334], [12.438881666666667, 56.17724833333333], [10.486295, 57.96859333333334], [10.181266666666666, 57.959195], [9.902241666666667, 57.912058333333334], [9.651298333333333, 57.836178333333336], [9.407705, 57.75703166666666]]}, "properties": {"label": "FINNECO II", "mmsi": "230697000", "imo": "9856842", "name": "FINNECO II", "shiptype": "", "first_seen_utc": "2026-01-03T19:25:32Z", "last_seen_utc": "2026-01-05T04:46:15Z", "destination": "BEANR", "eta": "{'Day': 6, 'Hour': 5, 'Minute': 0, 'Month': 1}", "display": "", "links": "<a href=\"https://www.vesselfinder.com/vessels?name=9856842\" target=\"_blank\" rel=\"noopener\">VesselFinder</a> | <a href=\"https://www.marinetraffic.com/en/ais/search/all?keyword=9856842\" target=\"_blank\" rel=\"noopener\">MarineTraffic</a>", "vf_url": "https://www.vesselfinder.com/vessels?name=9856842", "mst_url": "https://www.marinetraffic.com/en/ais/search/all?keyword=9856842", "method": "v3_2pass_track3d_fromru10d", "ru_seen_in_lookback": true, "in_monitor_on_day": true}}, {"type": "Feature", "geometry": {"type": "Point", "coordinates": [9.407705, 57.75703166666666]}, "properties": {"label": "FINNECO II", "mmsi": "230697000", "imo": "9856842", "name": "FINNECO II", "shiptype": "", "first_seen_utc": "2026-01-03T19:25:32Z", "last_seen_utc": "2026-01-05T04:46:15Z", "destination": "BEANR", "eta": "{'Day': 6, 'Hour': 5, 'Minute': 0, 'Month': 1}", "display": "FINNECO II (230697000)", "links": "<a href=\"https://www.vesselfinder.com/vessels?name=9856842\" target=\"_blank\" rel=\"noopener\">VesselFinder</a> | <a href=\"https://www.marinetraffic.com/en/ais/search/all?keyword=9856842\" target=\"_blank\" rel=\"noopener\">MarineTraffic</a>", "vf_url": "https://www.vesselfinder.com/vessels?name=9856842", "mst_url": "https://www.marinetraffic.com/en/ais/search/all?keyword=9856842", "method": "v3_2pass_track3d_fromru10d", "ru_seen_in_lookback": true, "in_monitor_on_day": true}}]}