{"type": "FeatureCollection", "features": [{"type": "Feature", "geometry": {"type": "LineString", "coordinates": [[8.156318333333333, 53.59551666666667], [8.155048333333333, 53.58800833333333], [8.155065, 53.58797833333333], [8.155061666666667, 53.587986666666666], [8.155061666666667, 53.587985], [8.155048333333333, 53.587975], [8.155033333333334, 53.58800333333333], [8.155051666666667, 53.587981666666664], [8.155003333333333, 53.58797666666667], [8.155081666666666, 53.58797833333333], [8.155031666666666, 53.587986666666666], [8.155051666666667, 53.58797833333333], [8.155038333333334, 53.588006666666665], [8.155045, 53.588026666666664], [8.155035, 53.58800833333333], [8.155065, 53.587983333333334], [8.15506, 53.58799166666667], [8.155033333333334, 53.587988333333335], [8.155056666666667, 53.58800333333333], [8.155054999999999, 53.58800333333333], [8.155083333333334, 53.587975], [8.155056666666667, 53.58797833333333], [8.155045, 53.58799166666667], [8.155058333333333, 53.58797333333334], [8.155076666666666, 53.588004999999995], [8.155038333333334, 53.58797833333333], [8.155018333333334, 53.587965000000004], [8.155068333333334, 53.58797666666667], [8.155045, 53.587985], [8.15507, 53.58795666666666], [8.155083333333334, 53.58799666666666], [8.155056666666667, 53.587968333333336], [8.155041666666667, 53.58799166666667], [8.15504, 53.587985], [8.155036666666668, 53.588004999999995], [8.15504, 53.588006666666665], [8.155045, 53.588010000000004], [8.155036666666668, 53.58797333333334], [8.155066666666666, 53.58797166666667], [8.155058333333333, 53.587983333333334], [8.158236666666665, 53.603100000000005], [8.075223333333334, 53.70090666666667], [7.977040000000001, 53.80740333333333], [7.771838333333333, 53.870266666666666], [7.649288333333333, 53.98192166666667], [7.4396933333333335, 53.962315], [7.18944, 53.933814999999996], [6.933118333333334, 53.90982333333333], [6.67866, 53.879955], [6.425798333333334, 53.85146666666667], [6.192798333333333, 53.81083666666667], [5.967713333333333, 53.766625], [5.751961666666667, 53.72479333333333], [5.551843333333333, 53.686005], [5.362048333333333, 53.65123666666667], [5.174411666666667, 53.612536666666664], [4.982151666666667, 53.571691666666666], [4.791178333333334, 53.522025], [4.610508333333333, 53.45606333333333], [4.514891666666667, 53.33296333333333], [4.431643333333333, 53.196893333333335], [4.256683333333333, 53.095365], [4.057869999999999, 53.00002], [2.8135433333333335, 52.053194999999995], [2.7270033333333337, 51.93363], [2.6540983333333332, 51.81272333333333], [2.650193333333333, 51.67780333333334], [2.6114883333333334, 51.54638833333333], [2.5431299999999997, 51.447030000000005], [2.5230099999999998, 51.37215833333333], [2.6150616666666666, 51.367126666666664], [2.7144616666666668, 51.38068666666666], [2.8670383333333334, 51.421593333333334], [3.041571666666667, 51.408746666666666], [3.180155, 51.370035], [3.1960183333333334, 51.35238666666667], [3.1843333333333335, 51.34588833333333], [3.1843483333333333, 51.34590333333333], [3.184368333333333, 51.34592166666666], [3.1842933333333336, 51.34592833333333], [3.1843716666666664, 51.34592333333333], [3.1843516666666667, 51.345925], [3.1842866666666665, 51.34592333333333], [3.184336666666667, 51.34589166666667], [3.1843250000000003, 51.34591666666667], [3.1843616666666668, 51.345886666666665], [3.1843616666666668, 51.345925], [3.184283333333333, 51.34587166666667], [3.18428, 51.345906666666664], [3.1843833333333333, 51.34594666666667], [3.184318333333333, 51.34592], [3.1843066666666666, 51.34588166666666]]}, "properties": {"label": "OOCL SWEDEN", "mmsi": "477949300", "imo": "9922603", "name": "OOCL SWEDEN", "shiptype": "", "first_seen_utc": "2026-01-08T00:00:00Z", "last_seen_utc": "2026-01-17T03:54:22Z", "destination": "SG SIN PWBGA", "eta": "{'Day': 21, 'Hour': 9, 'Minute': 0, 'Month': 2}", "display": "", "links": "<a href=\"https://www.vesselfinder.com/vessels?name=9922603\" target=\"_blank\" rel=\"noopener\">VesselFinder</a> | <a href=\"https://www.marinetraffic.com/en/ais/search/all?keyword=9922603\" target=\"_blank\" rel=\"noopener\">MarineTraffic</a>", "vf_url": "https://www.vesselfinder.com/vessels?name=9922603", "mst_url": "https://www.marinetraffic.com/en/ais/search/all?keyword=9922603", "method": "v3_2pass_track3d_fromru10d", "ru_seen_in_lookback": true, "in_monitor_on_day": true}}, {"type": "Feature", "geometry": {"type": "Point", "coordinates": [3.1843066666666666, 51.34588166666666]}, "properties": {"label": "OOCL SWEDEN", "mmsi": "477949300", "imo": "9922603", "name": "OOCL SWEDEN", "shiptype": "", "first_seen_utc": "2026-01-08T00:00:00Z", "last_seen_utc": "2026-01-17T03:54:22Z", "destination": "SG SIN PWBGA", "eta": "{'Day': 21, 'Hour': 9, 'Minute': 0, 'Month': 2}", "display": "OOCL SWEDEN (477949300)", "links": "<a href=\"https://www.vesselfinder.com/vessels?name=9922603\" target=\"_blank\" rel=\"noopener\">VesselFinder</a> | <a href=\"https://www.marinetraffic.com/en/ais/search/all?keyword=9922603\" target=\"_blank\" rel=\"noopener\">MarineTraffic</a>", "vf_url": "https://www.vesselfinder.com/vessels?name=9922603", "mst_url": "https://www.marinetraffic.com/en/ais/search/all?keyword=9922603", "method": "v3_2pass_track3d_fromru10d", "ru_seen_in_lookback": true, "in_monitor_on_day": true}}, {"type": "Feature", "geometry": {"type": "LineString", "coordinates": [[18.835216666666668, 54.43841666666666], [18.835016666666668, 54.43873333333333], [18.834883333333334, 54.4389], [18.834833333333332, 54.43893333333333], [18.834966666666666, 54.438766666666666], [18.834883333333334, 54.43896666666667], [18.834983333333334, 54.438833333333335], [18.83468333333333, 54.43906666666667], [18.835016666666668, 54.43875], [18.834883333333334, 54.43888333333334], [18.834466666666668, 54.4392], [18.83403333333333, 54.43938333333333], [18.833450000000003, 54.43958333333333], [18.833849999999998, 54.439499999999995], [18.8341, 54.4394], [18.83376666666667, 54.439483333333335], [18.83365, 54.439416666666666], [18.834049999999998, 54.43938333333333], [18.834183333333332, 54.43945], [18.833849999999998, 54.439433333333334], [18.83265, 54.4397], [18.832800000000002, 54.43971666666666], [18.833216666666665, 54.43968333333333], [18.83311666666667, 54.439733333333336], [18.832783333333335, 54.439750000000004], [18.8325, 54.439750000000004], [18.8326, 54.439733333333336], [18.83235, 54.439733333333336], [18.83216666666667, 54.439766666666664], [18.831599999999998, 54.43971666666666], [18.831083333333332, 54.43953333333333], [18.830933333333334, 54.43963333333333], [18.831366666666668, 54.43971666666666], [18.83148333333333, 54.439733333333336], [18.831616666666665, 54.439766666666664], [18.8311, 54.43963333333333], [18.8309, 54.43963333333333], [18.83085, 54.43963333333333], [18.830933333333334, 54.43966666666667], [18.831366666666668, 54.43971666666666], [18.831583333333334, 54.4398], [18.83128333333333, 54.43971666666666], [18.831533333333333, 54.439733333333336], [18.831266666666668, 54.439733333333336], [18.83135, 54.43968333333333], [18.831133333333334, 54.4397], [18.83181666666667, 54.438266666666664], [18.784100000000002, 54.41115], [18.733316666666667, 54.38416666666667], [18.728816666666667, 54.38158333333333], [18.728833333333334, 54.381566666666664], [18.728833333333334, 54.38158333333333], [18.728816666666667, 54.38158333333333], [18.728833333333334, 54.38158333333333], [18.728833333333334, 54.381566666666664], [18.728833333333334, 54.381566666666664], [18.728833333333334, 54.38158333333333], [18.728833333333334, 54.38158333333333], [18.728833333333334, 54.38158333333333], [18.728833333333334, 54.381566666666664], [18.728833333333334, 54.38158333333333], [18.72885, 54.38158333333333], [18.728816666666667, 54.38158333333333], [18.728833333333334, 54.38158333333333], [18.728833333333334, 54.381566666666664], [18.728833333333334, 54.38158333333333], [18.728833333333334, 54.381566666666664], [18.728833333333334, 54.38158333333333], [18.728833333333334, 54.38158333333333], [18.728833333333334, 54.381600000000006], [18.728833333333334, 54.38158333333333], [18.728833333333334, 54.38158333333333], [18.728833333333334, 54.381566666666664], [18.728833333333334, 54.381600000000006], [18.728833333333334, 54.381566666666664], [18.72885, 54.38158333333333], [18.728833333333334, 54.38158333333333], [18.72885, 54.38158333333333], [18.72885, 54.38158333333333], [18.728833333333334, 54.38158333333333], [18.728833333333334, 54.381566666666664], [18.728833333333334, 54.38158333333333], [18.728833333333334, 54.38158333333333], [18.728833333333334, 54.38158333333333], [18.75426666666667, 54.40208333333333], [18.90485, 54.42601666666667], [19.03551666666667, 54.50248333333333], [19.123366666666666, 54.6093], [19.0644, 54.724666666666664], [18.92683333333333, 54.80258333333334], [18.751033333333332, 54.86108333333333], [18.580583333333333, 54.93013333333333], [18.380483333333334, 54.956583333333334], [18.034, 54.963433333333334]]}, "properties": {"label": "LAURA MAERSK", "mmsi": "219543000", "imo": "9944546", "name": "LAURA MAERSK", "shiptype": "", "first_seen_utc": "2026-01-08T00:00:18Z", "last_seen_utc": "2026-01-17T01:52:42Z", "destination": "DKAAR", "eta": "{'Day': 18, 'Hour': 6, 'Minute': 30, 'Month': 1}", "display": "", "links": "<a href=\"https://www.vesselfinder.com/vessels?name=9944546\" target=\"_blank\" rel=\"noopener\">VesselFinder</a> | <a href=\"https://www.marinetraffic.com/en/ais/search/all?keyword=9944546\" target=\"_blank\" rel=\"noopener\">MarineTraffic</a>", "vf_url": "https://www.vesselfinder.com/vessels?name=9944546", "mst_url": "https://www.marinetraffic.com/en/ais/search/all?keyword=9944546", "method": "v3_2pass_track3d_fromru10d", "ru_seen_in_lookback": true, "in_monitor_on_day": true}}, {"type": "Feature", "geometry": {"type": "Point", "coordinates": [18.034, 54.963433333333334]}, "properties": {"label": "LAURA MAERSK", "mmsi": "219543000", "imo": "9944546", "name": "LAURA MAERSK", "shiptype": "", "first_seen_utc": "2026-01-08T00:00:18Z", "last_seen_utc": "2026-01-17T01:52:42Z", "destination": "DKAAR", "eta": "{'Day': 18, 'Hour': 6, 'Minute': 30, 'Month': 1}", "display": "LAURA MAERSK (219543000)", "links": "<a href=\"https://www.vesselfinder.com/vessels?name=9944546\" target=\"_blank\" rel=\"noopener\">VesselFinder</a> | <a href=\"https://www.marinetraffic.com/en/ais/search/all?keyword=9944546\" target=\"_blank\" rel=\"noopener\">MarineTraffic</a>", "vf_url": "https://www.vesselfinder.com/vessels?name=9944546", "mst_url": "https://www.marinetraffic.com/en/ais/search/all?keyword=9944546", "method": "v3_2pass_track3d_fromru10d", "ru_seen_in_lookback": true, "in_monitor_on_day": true}}, {"type": "Feature", "geometry": {"type": "LineString", "coordinates": [[14.847793333333334, 56.11289333333333], [14.847935, 56.11284166666667], [14.848081666666667, 56.112685000000006], [14.847898333333335, 56.11281833333333], [14.848043333333333, 56.112674999999996], [14.847913333333334, 56.11284166666667], [14.848078333333332, 56.11263666666667], [14.847866666666667, 56.11281833333333], [14.847426666666667, 56.113013333333335], [14.846976666666666, 56.11309000000001], [14.847208333333333, 56.1131], [14.846901666666668, 56.113155], [14.84692, 56.11318666666667], [14.846811666666667, 56.11318666666667], [14.846648333333333, 56.11324666666667], [14.847000000000001, 56.11319], [14.847153333333333, 56.11315833333333], [14.847015, 56.11318666666667], [14.847126666666666, 56.11315833333333], [14.846806666666668, 56.113193333333335], [14.846195, 56.113193333333335], [14.846231666666666, 56.11322166666666], [14.846403333333335, 56.11323333333333], [14.846225, 56.113245], [14.845778333333334, 56.1132], [14.846205, 56.113211666666665], [14.846354999999999, 56.11322], [14.845934999999999, 56.11322833333334], [14.846108333333332, 56.113245], [14.846171666666667, 56.113245], [14.845878333333333, 56.11322166666666], [14.845878333333333, 56.11326666666666], [14.845686666666667, 56.11322], [14.84568, 56.11318666666667], [14.845685, 56.11322], [14.845538333333334, 56.11317], [14.845746666666667, 56.113215], [14.845956666666666, 56.113258333333334], [14.84567, 56.11327000000001], [14.846098333333334, 56.113265], [14.84575, 56.11320333333333], [14.846026666666667, 56.11318333333334], [14.845766666666666, 56.11317833333333], [14.845675, 56.11316], [14.845388333333334, 56.11311666666666], [14.84562, 56.113155], [14.845351666666666, 56.1131], [14.8453, 56.11308333333333], [14.845373333333333, 56.113123333333334], [14.845226666666667, 56.11309166666667], [14.845196666666668, 56.113101666666665], [14.845255, 56.11311833333333], [14.847103333333333, 56.11205833333334], [14.81994, 56.143726666666666], [14.826351666666666, 56.15528666666667], [14.826375, 56.155276666666666], [14.826371666666667, 56.15526166666667], [14.826369999999999, 56.15529], [14.826411666666667, 56.155276666666666], [14.826361666666665, 56.15526833333333], [14.826373333333333, 56.15523666666666], [14.826391666666666, 56.155276666666666], [14.82639, 56.155271666666664], [14.826365000000001, 56.15526666666666], [14.826341666666668, 56.155298333333334], [14.826391666666666, 56.15527833333333], [14.82639, 56.15528], [14.826375, 56.15528666666667], [14.826369999999999, 56.155271666666664], [14.82638, 56.15528833333334], [14.826405, 56.15528], [14.82638, 56.155273333333334], [14.826401666666667, 56.155271666666664], [14.826365000000001, 56.15527833333333], [14.826376666666667, 56.15526666666666], [14.826395, 56.155316666666664], [14.826369999999999, 56.15531], [14.826378333333334, 56.15529333333333], [14.82638, 56.15529166666667], [14.82639, 56.155251666666665], [14.8264, 56.15528333333334], [14.826376666666667, 56.155276666666666], [14.826378333333334, 56.15528333333334], [14.826381666666666, 56.155273333333334], [14.826396666666666, 56.15526], [14.826361666666665, 56.15529], [14.826369999999999, 56.155285000000006], [14.81994, 56.14105166666666], [14.907916666666667, 56.079026666666664], [15.060939999999999, 56.030854999999995], [15.216603333333333, 55.983963333333335], [15.368906666666668, 55.93854666666667]]}, "properties": {"label": "DREAM SYRAX", "mmsi": "255915968", "imo": "9719513", "name": "DREAM SYRAX", "shiptype": "", "first_seen_utc": "2026-01-08T00:00:38Z", "last_seen_utc": "2026-01-17T00:26:37Z", "destination": "PL GDY", "eta": "{'Day': 17, 'Hour': 15, 'Minute': 0, 'Month': 1}", "display": "", "links": "<a href=\"https://www.vesselfinder.com/vessels?name=9719513\" target=\"_blank\" rel=\"noopener\">VesselFinder</a> | <a href=\"https://www.marinetraffic.com/en/ais/search/all?keyword=9719513\" target=\"_blank\" rel=\"noopener\">MarineTraffic</a>", "vf_url": "https://www.vesselfinder.com/vessels?name=9719513", "mst_url": "https://www.marinetraffic.com/en/ais/search/all?keyword=9719513", "method": "v3_2pass_track3d_fromru10d", "ru_seen_in_lookback": true, "in_monitor_on_day": true}}, {"type": "Feature", "geometry": {"type": "Point", "coordinates": [15.368906666666668, 55.93854666666667]}, "properties": {"label": "DREAM SYRAX", "mmsi": "255915968", "imo": "9719513", "name": "DREAM SYRAX", "shiptype": "", "first_seen_utc": "2026-01-08T00:00:38Z", "last_seen_utc": "2026-01-17T00:26:37Z", "destination": "PL GDY", "eta": "{'Day': 17, 'Hour': 15, 'Minute': 0, 'Month': 1}", "display": "DREAM SYRAX (255915968)", "links": "<a href=\"https://www.vesselfinder.com/vessels?name=9719513\" target=\"_blank\" rel=\"noopener\">VesselFinder</a> | <a href=\"https://www.marinetraffic.com/en/ais/search/all?keyword=9719513\" target=\"_blank\" rel=\"noopener\">MarineTraffic</a>", "vf_url": "https://www.vesselfinder.com/vessels?name=9719513", "mst_url": "https://www.marinetraffic.com/en/ais/search/all?keyword=9719513", "method": "v3_2pass_track3d_fromru10d", "ru_seen_in_lookback": true, "in_monitor_on_day": true}}, {"type": "Feature", "geometry": {"type": "LineString", "coordinates": [[18.510733333333334, 54.54427333333333], [18.51068666666667, 54.544305], [18.510695, 54.54431833333333], [18.510743333333334, 54.544291666666666], [18.510726666666667, 54.544265], [18.51074, 54.544284999999995], [18.510783333333332, 54.544245000000004], [18.510691666666666, 54.544311666666665], [18.510736666666666, 54.5443], [18.510733333333334, 54.54430166666667], [18.510741666666668, 54.54429833333334], [18.510733333333334, 54.544268333333335], [18.510743333333334, 54.544291666666666], [18.51072333333333, 54.544305], [18.510748333333332, 54.54429833333334], [18.510751666666668, 54.54427666666666], [18.51071166666667, 54.54430166666667], [18.51072, 54.54427], [18.51072, 54.544275], [18.510695, 54.544305], [18.510733333333334, 54.54429666666667], [18.510726666666667, 54.54428666666667], [18.510736666666666, 54.54429833333334], [18.510708333333334, 54.544293333333336], [18.510745, 54.54427833333333], [18.510716666666667, 54.544305], [18.51072333333333, 54.544295000000005], [18.510681666666667, 54.54428666666667], [18.510704999999998, 54.54428666666667], [18.51074, 54.544265], [18.510683333333336, 54.544305], [18.51074, 54.54429833333334], [18.510685000000002, 54.544290000000004], [18.510713333333335, 54.544290000000004], [18.510698333333334, 54.544291666666666], [18.510721666666665, 54.54430333333333], [18.510708333333334, 54.544305], [18.51069, 54.54428333333333], [18.510703333333332, 54.54427333333333], [18.51071166666667, 54.54428], [18.510721666666665, 54.54428166666666], [18.51072333333333, 54.54428166666666], [18.51072, 54.544305], [18.51073166666667, 54.54431833333333], [18.510730000000002, 54.54431833333333], [18.510751666666668, 54.54428666666667], [18.51072, 54.54430333333333], [18.510730000000002, 54.54429833333334], [18.51074, 54.54430166666667], [18.510688333333334, 54.544290000000004], [18.510721666666665, 54.54429833333334], [18.51072333333333, 54.544293333333336], [18.510716666666667, 54.54430333333333], [18.510708333333334, 54.544291666666666], [18.510706666666668, 54.54431], [18.510676666666665, 54.54429666666667], [18.51071166666667, 54.54428333333333], [18.51072, 54.544290000000004], [18.51072333333333, 54.54428166666666], [18.510751666666668, 54.54429833333334], [18.510716666666667, 54.544293333333336], [18.510708333333334, 54.54428], [18.51076, 54.544290000000004], [18.510716666666667, 54.54430333333333], [18.510701666666666, 54.54431666666667], [18.510703333333332, 54.54429666666667], [18.510730000000002, 54.544293333333336], [18.510751666666668, 54.544268333333335], [18.510703333333332, 54.544293333333336], [18.510728333333336, 54.544293333333336], [18.51071, 54.544291666666666], [18.5107, 54.5443], [18.510708333333334, 54.54428166666666], [18.510728333333336, 54.54429666666667], [18.510695, 54.54430166666667], [18.510715, 54.544290000000004], [18.51072, 54.54432166666666], [18.510735, 54.54427166666667], [18.51067833333333, 54.544293333333336], [18.510713333333335, 54.544293333333336], [18.51068666666667, 54.54429666666667], [18.510743333333334, 54.54430166666667], [18.510738333333332, 54.54428166666666], [18.510748333333332, 54.54427833333333], [18.510745, 54.54427666666666], [18.510701666666666, 54.54430833333333], [18.510753333333334, 54.54432166666666], [18.51073166666667, 54.54431833333333], [18.51072333333333, 54.54430333333333], [18.510736666666666, 54.54428666666667], [18.51071166666667, 54.544293333333336], [18.510735, 54.54430333333333], [18.510728333333336, 54.54428333333333], [18.510706666666668, 54.54428166666666], [18.51071166666667, 54.544290000000004], [18.510695, 54.544288333333334], [18.510703333333332, 54.54430333333333], [18.51072, 54.54429666666667]]}, "properties": {"label": "MSC TAYLOR", "mmsi": "636022447", "imo": "9932048", "name": "MSC TAYLOR", "shiptype": "", "first_seen_utc": "2026-01-08T00:01:34Z", "last_seen_utc": "2026-01-17T03:56:24Z", "destination": "PLGDY", "eta": "{'Day': 13, 'Hour': 9, 'Minute': 0, 'Month': 1}", "display": "", "links": "<a href=\"https://www.vesselfinder.com/vessels?name=9932048\" target=\"_blank\" rel=\"noopener\">VesselFinder</a> | <a href=\"https://www.marinetraffic.com/en/ais/search/all?keyword=9932048\" target=\"_blank\" rel=\"noopener\">MarineTraffic</a>", "vf_url": "https://www.vesselfinder.com/vessels?name=9932048", "mst_url": "https://www.marinetraffic.com/en/ais/search/all?keyword=9932048", "method": "v3_2pass_track3d_fromru10d", "ru_seen_in_lookback": true, "in_monitor_on_day": true}}, {"type": "Feature", "geometry": {"type": "Point", "coordinates": [18.51072, 54.54429666666667]}, "properties": {"label": "MSC TAYLOR", "mmsi": "636022447", "imo": "9932048", "name": "MSC TAYLOR", "shiptype": "", "first_seen_utc": "2026-01-08T00:01:34Z", "last_seen_utc": "2026-01-17T03:56:24Z", "destination": "PLGDY", "eta": "{'Day': 13, 'Hour': 9, 'Minute': 0, 'Month': 1}", "display": "MSC TAYLOR (636022447)", "links": "<a href=\"https://www.vesselfinder.com/vessels?name=9932048\" target=\"_blank\" rel=\"noopener\">VesselFinder</a> | <a href=\"https://www.marinetraffic.com/en/ais/search/all?keyword=9932048\" target=\"_blank\" rel=\"noopener\">MarineTraffic</a>", "vf_url": "https://www.vesselfinder.com/vessels?name=9932048", "mst_url": "https://www.marinetraffic.com/en/ais/search/all?keyword=9932048", "method": "v3_2pass_track3d_fromru10d", "ru_seen_in_lookback": true, "in_monitor_on_day": true}}, {"type": "Feature", "geometry": {"type": "LineString", "coordinates": [[18.67644, 54.40316833333333], [18.676481666666668, 54.403195], [18.676511666666666, 54.403148333333334], [18.676495, 54.403155], [18.676415000000002, 54.40318333333333], [18.676526666666668, 54.40316666666667], [18.676515, 54.403173333333335], [18.676485, 54.403145], [18.676501666666663, 54.4032], [18.676475, 54.40315], [18.676495, 54.403155], [18.676456666666663, 54.40316333333333], [18.676438333333333, 54.40318], [18.676505000000002, 54.40315666666667], [18.676454999999997, 54.40307166666666], [18.67651, 54.403146666666665], [18.67651, 54.403164999999994], [18.676463333333334, 54.40315333333333], [18.676413333333336, 54.4031], [18.676478333333332, 54.40311], [18.676454999999997, 54.40313166666667], [18.67649, 54.403151666666666], [18.676515, 54.403195], [18.676433333333332, 54.4032], [18.676488333333335, 54.40314], [18.676416666666668, 54.40316], [18.676513333333332, 54.403155], [18.676515, 54.403155], [18.676466666666666, 54.40316], [18.676483333333334, 54.403164999999994], [18.676503333333336, 54.40316833333333], [18.676526666666668, 54.403175000000005], [18.676536666666667, 54.40317166666667], [18.67643, 54.403125], [18.676485, 54.40316666666667], [18.67652, 54.403151666666666], [18.676513333333332, 54.403151666666666], [18.676478333333332, 54.40316], [18.67654, 54.40318666666667], [18.67646166666667, 54.403173333333335], [18.67654, 54.403173333333335], [18.676468333333332, 54.40314166666667], [18.676475, 54.40316], [18.67653, 54.403164999999994], [18.676575, 54.403148333333334], [18.676421666666666, 54.403145], [18.676496666666665, 54.40316166666666], [18.67652, 54.40315833333333], [18.676503333333336, 54.40315333333333], [18.676516666666664, 54.40316666666667], [18.676513333333332, 54.40313166666667], [18.676501666666663, 54.403148333333334], [18.676501666666663, 54.403146666666665], [18.676485, 54.40316166666666], [18.676495, 54.40315666666667], [18.676763333333334, 54.40315], [18.676718333333334, 54.403148333333334], [18.676675, 54.40316666666667], [18.676763333333334, 54.40314333333333], [18.6767, 54.403095], [18.676721666666666, 54.40314], [18.676671666666667, 54.40317166666667], [18.676691666666667, 54.40315333333333], [18.676708333333334, 54.40314166666667], [18.67668666666667, 54.403095], [18.676748333333332, 54.40314], [18.676728333333333, 54.40313666666667], [18.67673166666667, 54.403145], [18.676750000000002, 54.40317], [18.67673166666667, 54.403185], [18.676728333333333, 54.40313333333334], [18.676795000000002, 54.403135], [18.676726666666664, 54.403148333333334], [18.676758333333332, 54.40311666666666], [18.676701666666666, 54.403191666666665], [18.676711666666666, 54.40314333333333], [18.676753333333334, 54.40317166666667], [18.67669, 54.40313666666667], [18.676751666666668, 54.40313666666667], [18.676721666666666, 54.403148333333334], [18.67674, 54.40312166666667], [18.67669833333333, 54.40313833333333], [18.676748333333332, 54.40316], [18.67673166666667, 54.403128333333335], [18.676756666666666, 54.40316833333333], [18.676741666666665, 54.403185], [18.676753333333334, 54.403151666666666], [18.650183333333334, 54.42290166666667], [18.731328333333334, 54.480246666666666], [18.83983, 54.551248333333334], [18.92935, 54.63244833333333], [18.991306666666667, 54.720956666666666], [19.039481666666667, 54.811278333333334], [19.0941, 54.91042166666667], [19.140841666666667, 55.00349166666667]]}, "properties": {"label": "HAV BRIM", "mmsi": "231234000", "imo": "9361756", "name": "HAV BRIM", "shiptype": "", "first_seen_utc": "2026-01-08T00:01:55Z", "last_seen_utc": "2026-01-17T01:58:43Z", "destination": "KLAIPEDA", "eta": "{'Day': 17, 'Hour': 12, 'Minute': 0, 'Month': 1}", "display": "", "links": "<a href=\"https://www.vesselfinder.com/vessels?name=9361756\" target=\"_blank\" rel=\"noopener\">VesselFinder</a> | <a href=\"https://www.marinetraffic.com/en/ais/search/all?keyword=9361756\" target=\"_blank\" rel=\"noopener\">MarineTraffic</a>", "vf_url": "https://www.vesselfinder.com/vessels?name=9361756", "mst_url": "https://www.marinetraffic.com/en/ais/search/all?keyword=9361756", "method": "v3_2pass_track3d_fromru10d", "ru_seen_in_lookback": true, "in_monitor_on_day": true}}, {"type": "Feature", "geometry": {"type": "Point", "coordinates": [19.140841666666667, 55.00349166666667]}, "properties": {"label": "HAV BRIM", "mmsi": "231234000", "imo": "9361756", "name": "HAV BRIM", "shiptype": "", "first_seen_utc": "2026-01-08T00:01:55Z", "last_seen_utc": "2026-01-17T01:58:43Z", "destination": "KLAIPEDA", "eta": "{'Day': 17, 'Hour': 12, 'Minute': 0, 'Month': 1}", "display": "HAV BRIM (231234000)", "links": "<a href=\"https://www.vesselfinder.com/vessels?name=9361756\" target=\"_blank\" rel=\"noopener\">VesselFinder</a> | <a href=\"https://www.marinetraffic.com/en/ais/search/all?keyword=9361756\" target=\"_blank\" rel=\"noopener\">MarineTraffic</a>", "vf_url": "https://www.vesselfinder.com/vessels?name=9361756", "mst_url": "https://www.marinetraffic.com/en/ais/search/all?keyword=9361756", "method": "v3_2pass_track3d_fromru10d", "ru_seen_in_lookback": true, "in_monitor_on_day": true}}, {"type": "Feature", "geometry": {"type": "LineString", "coordinates": [[18.800743333333333, 54.602395], [18.800798333333333, 54.60239333333333], [18.800774999999998, 54.60242166666667], [18.800748333333335, 54.602455], [18.800751666666667, 54.60241333333333], [18.80075833333333, 54.60241166666666], [18.800731666666664, 54.60242], [18.80074, 54.602435], [18.800733333333334, 54.60243666666667], [18.800729999999998, 54.60239833333333], [18.800786666666667, 54.60243166666667], [18.80074, 54.60241166666666], [18.823246666666666, 54.59070333333333], [18.81698, 54.67602], [18.833849999999998, 54.654455], [18.84577, 54.63146666666667], [18.858113333333332, 54.61114666666666], [18.85740333333333, 54.587250000000004], [18.850405000000002, 54.56289833333334], [18.868518333333334, 54.54132333333334], [18.89099, 54.52194166666666], [18.928181666666667, 54.52587666666667], [18.934945000000003, 54.53116], [18.888526666666667, 54.55423166666667], [18.811616666666666, 54.58526166666666], [18.80069, 54.602446666666665], [18.800755, 54.60241], [18.800706666666667, 54.60242166666667], [18.800761666666666, 54.602403333333335], [18.800748333333335, 54.60240833333333], [18.800765000000002, 54.602446666666665], [18.800796666666667, 54.60243333333334], [18.800761666666666, 54.60241666666666], [18.800785, 54.60237166666666], [18.80071, 54.602441666666664], [18.800701666666665, 54.602399999999996], [18.800706666666667, 54.602428333333336], [18.800695, 54.60243833333333], [18.800696666666667, 54.602446666666665], [18.800718333333336, 54.602435], [18.800716666666666, 54.60240666666667], [18.800746666666665, 54.60241666666666], [18.800748333333335, 54.60241166666666], [18.800771666666666, 54.60240666666667], [18.800756666666665, 54.60241499999999], [18.800731666666664, 54.60242], [18.800731666666664, 54.602428333333336], [18.800741666666667, 54.602425000000004], [18.800716666666666, 54.602425000000004], [18.800726666666666, 54.60243333333334], [18.800748333333335, 54.60243], [18.800741666666667, 54.60243], [18.80071333333333, 54.602444999999996], [18.800715, 54.60243], [18.800738333333335, 54.60241499999999], [18.800761666666666, 54.602403333333335], [18.80075, 54.602401666666665], [18.800735, 54.602396666666664], [18.800738333333335, 54.602426666666666], [18.800726666666666, 54.60241166666666], [18.800728333333332, 54.60241166666666], [18.800765000000002, 54.602395], [18.800763333333336, 54.602399999999996], [18.800774999999998, 54.60242166666667], [18.800748333333335, 54.60241166666666], [18.800774999999998, 54.602425000000004], [18.800785, 54.60240666666667], [18.80076, 54.60243333333334], [18.80074, 54.60242166666667], [18.800716666666666, 54.60238666666667], [18.800729999999998, 54.60241], [18.80077, 54.602405], [18.80075833333333, 54.60240666666667], [18.800755, 54.60241666666666], [18.800738333333335, 54.60242166666667], [18.800755, 54.60241166666666], [18.800743333333333, 54.602428333333336], [18.80078, 54.602441666666664], [18.800793333333335, 54.60242166666667], [18.800748333333335, 54.602428333333336], [18.800783333333335, 54.60238833333334], [18.80071333333333, 54.60243333333334], [18.800705, 54.602428333333336], [18.800698333333333, 54.602435], [18.800678333333334, 54.602446666666665], [18.800678333333334, 54.602446666666665], [18.800745, 54.602448333333335], [18.800715, 54.60240833333333], [18.800745, 54.60240833333333], [18.800738333333335, 54.602399999999996], [18.800755, 54.60241666666666], [18.800746666666665, 54.60240833333333], [18.800745, 54.60242], [18.80075, 54.60241], [18.800728333333332, 54.60241499999999], [18.800720000000002, 54.60243333333334], [18.800735, 54.602426666666666], [18.800718333333336, 54.60243166666667], [18.800733333333334, 54.602426666666666]]}, "properties": {"label": "WLA-197", "mmsi": "261006870", "imo": "", "name": "WLA-197", "shiptype": "", "first_seen_utc": "2026-01-08T00:02:05Z", "last_seen_utc": "2026-01-17T03:34:18Z", "destination": "WLADYSLAWOWO", "eta": "{'Day': 3, 'Hour': 14, 'Minute': 39, 'Month': 9}", "display": "", "links": "<a href=\"https://www.vesselfinder.com/vessels?name=261006870\" target=\"_blank\" rel=\"noopener\">VesselFinder</a> | <a href=\"https://www.marinetraffic.com/en/ais/search/all?keyword=261006870\" target=\"_blank\" rel=\"noopener\">MarineTraffic</a>", "vf_url": "https://www.vesselfinder.com/vessels?name=261006870", "mst_url": "https://www.marinetraffic.com/en/ais/search/all?keyword=261006870", "method": "v3_2pass_track3d_fromru10d", "ru_seen_in_lookback": true, "in_monitor_on_day": true}}, {"type": "Feature", "geometry": {"type": "Point", "coordinates": [18.800733333333334, 54.602426666666666]}, "properties": {"label": "WLA-197", "mmsi": "261006870", "imo": "", "name": "WLA-197", "shiptype": "", "first_seen_utc": "2026-01-08T00:02:05Z", "last_seen_utc": "2026-01-17T03:34:18Z", "destination": "WLADYSLAWOWO", "eta": "{'Day': 3, 'Hour': 14, 'Minute': 39, 'Month': 9}", "display": "WLA-197 (261006870)", "links": "<a href=\"https://www.vesselfinder.com/vessels?name=261006870\" target=\"_blank\" rel=\"noopener\">VesselFinder</a> | <a href=\"https://www.marinetraffic.com/en/ais/search/all?keyword=261006870\" target=\"_blank\" rel=\"noopener\">MarineTraffic</a>", "vf_url": "https://www.vesselfinder.com/vessels?name=261006870", "mst_url": "https://www.marinetraffic.com/en/ais/search/all?keyword=261006870", "method": "v3_2pass_track3d_fromru10d", "ru_seen_in_lookback": true, "in_monitor_on_day": true}}, {"type": "Feature", "geometry": {"type": "LineString", "coordinates": [[18.459315, 54.94878333333334], [18.610081666666666, 54.932181666666665], [18.744893333333334, 54.872568333333334], [18.879626666666663, 54.80744166666667], [19.009493333333335, 54.74217], [19.063445, 54.651740000000004], [19.039431666666665, 54.5661], [18.989706666666667, 54.50938], [18.951696666666667, 54.46519333333333], [18.87749, 54.427575000000004], [18.765673333333332, 54.40725666666666], [18.728765, 54.40161], [18.718661666666666, 54.40584166666667], [18.718686666666667, 54.40586666666666], [18.718696666666666, 54.405935], [18.718663333333332, 54.405881666666666], [18.718661666666666, 54.405935], [18.718631666666667, 54.40586833333334], [18.718711666666664, 54.40599833333333], [18.718751666666666, 54.405755], [18.718611666666668, 54.40598166666667], [18.71865, 54.40596333333334], [18.71866, 54.40586166666667], [18.718745000000002, 54.405856666666665], [18.718745000000002, 54.405835], [18.718683333333335, 54.405811666666665], [18.718773333333335, 54.405815], [18.718725, 54.405858333333335], [18.718664999999998, 54.40586666666666], [18.718686666666667, 54.40582833333334], [18.718866666666667, 54.40588833333334], [18.718813333333333, 54.405989999999996], [18.718701666666668, 54.40596666666667], [18.71867166666667, 54.40583166666667], [18.718635, 54.40587666666667], [18.718685, 54.40585333333333], [18.71867166666667, 54.406015000000004], [18.718708333333332, 54.40579666666667], [18.718726666666665, 54.405881666666666], [18.718705, 54.40591666666667], [18.718758333333334, 54.405948333333335], [18.71878, 54.40588], [18.71863, 54.405903333333335], [18.71871666666667, 54.40594333333333], [18.718683333333335, 54.40593166666667], [18.718765, 54.405965], [18.718773333333335, 54.40598166666667], [18.718711666666664, 54.40585333333333], [18.71860333333333, 54.40589833333333], [18.718683333333335, 54.40591333333334], [18.71867, 54.40600333333334], [18.718703333333334, 54.40591666666667], [18.718756666666664, 54.40585333333333], [18.71873833333333, 54.40586666666666], [18.718721666666667, 54.40590666666667], [18.718700000000002, 54.40600333333334], [18.718678333333333, 54.406018333333336], [18.718688333333333, 54.405885], [18.718666666666664, 54.40576166666666], [18.718756666666664, 54.40589666666666], [18.718721666666667, 54.40593333333334], [18.718676666666667, 54.405905], [18.718701666666668, 54.40585333333333], [18.718688333333333, 54.40582], [18.718728333333335, 54.40578], [18.718605, 54.405899999999995], [18.718713333333334, 54.40598833333333], [18.71868, 54.405928333333335], [18.718696666666666, 54.405905], [18.718695, 54.405903333333335], [18.718718333333335, 54.40581666666667], [18.718863333333335, 54.40579833333334], [18.718748333333334, 54.40586333333333], [18.718855, 54.40580333333333], [18.71872, 54.40584], [18.718708333333332, 54.40583166666667], [18.718633333333333, 54.405825], [18.718785, 54.40595333333333], [18.718653333333336, 54.40586333333333], [18.718645, 54.405965], [18.718598333333333, 54.40581833333333], [18.718754999999998, 54.40581666666667], [18.718725, 54.40593166666667], [18.718746666666668, 54.40595166666667], [18.71873833333333, 54.405955], [18.718838333333334, 54.405923333333334], [18.71886, 54.40593666666667]]}, "properties": {"label": "FRONT ALTAIR", "mmsi": "538007007", "imo": "9745902", "name": "FRONT ALTAIR", "shiptype": "", "first_seen_utc": "2026-01-08T00:02:20Z", "last_seen_utc": "2026-01-17T03:31:49Z", "destination": "PLGDN", "eta": "{'Day': 15, 'Hour': 11, 'Minute': 0, 'Month': 1}", "display": "", "links": "<a href=\"https://www.vesselfinder.com/vessels?name=9745902\" target=\"_blank\" rel=\"noopener\">VesselFinder</a> | <a href=\"https://www.marinetraffic.com/en/ais/search/all?keyword=9745902\" target=\"_blank\" rel=\"noopener\">MarineTraffic</a>", "vf_url": "https://www.vesselfinder.com/vessels?name=9745902", "mst_url": "https://www.marinetraffic.com/en/ais/search/all?keyword=9745902", "method": "v3_2pass_track3d_fromru10d", "ru_seen_in_lookback": true, "in_monitor_on_day": true}}, {"type": "Feature", "geometry": {"type": "Point", "coordinates": [18.71886, 54.40593666666667]}, "properties": {"label": "FRONT ALTAIR", "mmsi": "538007007", "imo": "9745902", "name": "FRONT ALTAIR", "shiptype": "", "first_seen_utc": "2026-01-08T00:02:20Z", "last_seen_utc": "2026-01-17T03:31:49Z", "destination": "PLGDN", "eta": "{'Day': 15, 'Hour': 11, 'Minute': 0, 'Month': 1}", "display": "FRONT ALTAIR (538007007)", "links": "<a href=\"https://www.vesselfinder.com/vessels?name=9745902\" target=\"_blank\" rel=\"noopener\">VesselFinder</a> | <a href=\"https://www.marinetraffic.com/en/ais/search/all?keyword=9745902\" target=\"_blank\" rel=\"noopener\">MarineTraffic</a>", "vf_url": "https://www.vesselfinder.com/vessels?name=9745902", "mst_url": "https://www.marinetraffic.com/en/ais/search/all?keyword=9745902", "method": "v3_2pass_track3d_fromru10d", "ru_seen_in_lookback": true, "in_monitor_on_day": true}}, {"type": "Feature", "geometry": {"type": "LineString", "coordinates": [[18.868863333333334, 54.461965], [18.868618333333334, 54.462185], [18.868325000000002, 54.462403333333334], [18.867961666666666, 54.46258], [18.867978333333333, 54.46255833333333], [18.868271666666665, 54.462475000000005], [18.867733333333334, 54.46267833333333], [18.867641666666668, 54.46277666666666], [18.867696666666667, 54.46277], [18.867296666666668, 54.462981666666664], [18.866693333333334, 54.46281666666666], [18.865923333333335, 54.46300833333333], [18.864895, 54.46295666666666], [18.864946666666665, 54.46294666666667], [18.865615, 54.463028333333334], [18.865611666666666, 54.46290833333333], [18.865785000000002, 54.46292833333334], [18.866128333333332, 54.46299666666666], [18.866701666666664, 54.462985], [18.867073333333334, 54.462916666666665], [18.866218333333332, 54.463033333333335], [18.865473333333334, 54.46297666666667], [18.86533166666667, 54.46302333333333], [18.865374999999997, 54.463026666666664], [18.865000000000002, 54.463031666666666], [18.864923333333333, 54.462985], [18.86507, 54.46300166666666], [18.864756666666665, 54.4629], [18.864483333333332, 54.462916666666665], [18.864418333333333, 54.46288833333333], [18.864188333333335, 54.462875000000004], [18.863736666666668, 54.46274166666667], [18.863791666666668, 54.46269666666667], [18.863993333333333, 54.462846666666664], [18.864193333333333, 54.46294666666667], [18.86400666666667, 54.462815], [18.863870000000002, 54.46277166666666], [18.86356333333333, 54.46269666666667], [18.863203333333335, 54.46254833333333], [18.863546666666664, 54.46268333333333], [18.863721666666667, 54.46275666666667], [18.863841666666666, 54.462826666666665], [18.863921666666666, 54.462831666666666], [18.864011666666666, 54.462878333333336], [18.864203333333332, 54.46290666666666], [18.864283333333333, 54.462885], [18.864246666666666, 54.46290166666667], [18.86422, 54.46282833333333], [18.863956666666663, 54.46279666666667], [18.864075, 54.46282833333333], [18.864365000000003, 54.46293333333333], [18.864373333333333, 54.462959999999995], [18.864651666666667, 54.46294833333333], [18.864451666666664, 54.462981666666664], [18.864588333333334, 54.462975], [18.864176666666665, 54.46291333333333], [18.86432166666667, 54.46293166666667], [18.86449, 54.46301833333334], [18.864586666666664, 54.46303666666667], [18.864731666666668, 54.46301833333334], [18.864713333333334, 54.463], [18.86467, 54.463015000000006], [18.864415, 54.46296666666667], [18.864565000000002, 54.46301833333334], [18.864888333333333, 54.46308333333333], [18.86479166666667, 54.46304833333333], [18.86501333333333, 54.46304666666666], [18.864806666666667, 54.46303666666667], [18.86476, 54.463105000000006], [18.864588333333334, 54.46302333333333], [18.864255, 54.462961666666665], [18.864563333333333, 54.46299166666667], [18.864700000000003, 54.46303666666667], [18.864559999999997, 54.46304], [18.86464833333333, 54.46301166666667], [18.86482833333333, 54.463065], [18.86483666666667, 54.46308666666666], [18.864843333333333, 54.46306833333333], [18.86493, 54.46309833333333], [18.864921666666664, 54.463115], [18.864851666666667, 54.463031666666666], [18.864946666666665, 54.462048333333335], [18.893628333333332, 54.446545], [18.815403333333332, 54.41564666666667], [18.733150000000002, 54.401203333333335], [18.716888333333333, 54.403245], [18.71540666666667, 54.40344833333334], [18.715446666666665, 54.40340666666667], [18.715378333333334, 54.40337833333333], [18.715461666666666, 54.403443333333335], [18.715486666666667, 54.403416666666665], [18.715410000000002, 54.40349666666667], [18.715521666666667, 54.40332], [18.715433333333333, 54.40340666666667], [18.715438333333335, 54.403443333333335], [18.71539, 54.40347333333333], [18.715486666666667, 54.403400000000005]]}, "properties": {"label": "ATLANTIC JADE", "mmsi": "636021135", "imo": "9892987", "name": "ATLANTIC JADE", "shiptype": "", "first_seen_utc": "2026-01-08T00:03:21Z", "last_seen_utc": "2026-01-17T03:39:33Z", "destination": "PLGDN", "eta": "{'Day': 13, 'Hour': 9, 'Minute': 0, 'Month': 1}", "display": "", "links": "<a href=\"https://www.vesselfinder.com/vessels?name=9892987\" target=\"_blank\" rel=\"noopener\">VesselFinder</a> | <a href=\"https://www.marinetraffic.com/en/ais/search/all?keyword=9892987\" target=\"_blank\" rel=\"noopener\">MarineTraffic</a>", "vf_url": "https://www.vesselfinder.com/vessels?name=9892987", "mst_url": "https://www.marinetraffic.com/en/ais/search/all?keyword=9892987", "method": "v3_2pass_track3d_fromru10d", "ru_seen_in_lookback": true, "in_monitor_on_day": true}}, {"type": "Feature", "geometry": {"type": "Point", "coordinates": [18.715486666666667, 54.403400000000005]}, "properties": {"label": "ATLANTIC JADE", "mmsi": "636021135", "imo": "9892987", "name": "ATLANTIC JADE", "shiptype": "", "first_seen_utc": "2026-01-08T00:03:21Z", "last_seen_utc": "2026-01-17T03:39:33Z", "destination": "PLGDN", "eta": "{'Day': 13, 'Hour': 9, 'Minute': 0, 'Month': 1}", "display": "ATLANTIC JADE (636021135)", "links": "<a href=\"https://www.vesselfinder.com/vessels?name=9892987\" target=\"_blank\" rel=\"noopener\">VesselFinder</a> | <a href=\"https://www.marinetraffic.com/en/ais/search/all?keyword=9892987\" target=\"_blank\" rel=\"noopener\">MarineTraffic</a>", "vf_url": "https://www.vesselfinder.com/vessels?name=9892987", "mst_url": "https://www.marinetraffic.com/en/ais/search/all?keyword=9892987", "method": "v3_2pass_track3d_fromru10d", "ru_seen_in_lookback": true, "in_monitor_on_day": true}}, {"type": "Feature", "geometry": {"type": "LineString", "coordinates": [[18.801685000000003, 54.599961666666665], [18.80171, 54.59996833333333], [18.801724999999998, 54.599965], [18.80172333333333, 54.59997166666667], [18.801728333333333, 54.59996], [18.801726666666664, 54.599963333333335], [18.80173166666667, 54.599963333333335], [18.80173166666667, 54.59996], [18.801735, 54.59995333333333], [18.801728333333333, 54.59995333333333], [18.801724999999998, 54.59995833333333], [18.795283333333334, 54.587455], [18.84672833333333, 54.59480666666666], [18.862611666666666, 54.62099166666667], [18.859716666666667, 54.644845000000004], [18.842643333333335, 54.66695333333333], [18.823238333333332, 54.68705666666666], [18.837341666666667, 54.66837666666667], [18.856213333333336, 54.64743166666666], [18.868718333333334, 54.626308333333334], [18.88228666666667, 54.60434333333333], [18.889358333333334, 54.58300666666666], [18.924923333333332, 54.58898666666666], [18.953656666666667, 54.60782], [18.981370000000002, 54.62419], [18.957815, 54.605941666666666], [18.935013333333334, 54.59011833333333], [18.921843333333335, 54.585255], [18.908686666666664, 54.576123333333335], [18.896821666666664, 54.564205], [18.84842666666667, 54.583376666666666], [18.800628333333336, 54.601414999999996], [18.800606666666667, 54.60143166666667], [18.8006, 54.60143666666667], [18.803498333333334, 54.600323333333336], [18.80352333333333, 54.600315], [18.803366666666665, 54.60112166666667], [18.803405, 54.60109166666667], [18.80341, 54.601083333333335], [18.803408333333334, 54.60108], [18.803401666666666, 54.60107666666667], [18.803391666666666, 54.60107333333334], [18.803393333333336, 54.60108], [18.803403333333332, 54.60107666666667], [18.803405, 54.60108666666667], [18.803403333333332, 54.60108833333334], [18.803403333333332, 54.60108833333334], [18.803396666666668, 54.60109], [18.803401666666666, 54.601081666666666], [18.803406666666667, 54.601085], [18.803405, 54.60109333333333], [18.803403333333332, 54.601085], [18.803405, 54.601083333333335], [18.8034, 54.601078333333334], [18.803396666666668, 54.601083333333335], [18.803403333333332, 54.60108833333334], [18.8034, 54.601083333333335], [18.803406666666667, 54.60108666666667], [18.803398333333334, 54.601078333333334], [18.803401666666666, 54.601078333333334], [18.803405, 54.601085], [18.803401666666666, 54.60109], [18.803405, 54.601095], [18.803396666666668, 54.60109], [18.803395000000002, 54.60108666666667], [18.80341333333333, 54.601075], [18.803414999999998, 54.601083333333335], [18.803423333333335, 54.60108], [18.803411666666666, 54.601081666666666], [18.80341333333333, 54.60108833333334], [18.803405, 54.60108833333334], [18.803405, 54.601085], [18.803401666666666, 54.60109166666667], [18.803408333333334, 54.601103333333334], [18.803396666666668, 54.60109833333333], [18.803398333333334, 54.60108833333334], [18.803405, 54.601085], [18.803408333333334, 54.601081666666666], [18.803406666666667, 54.60108666666667], [18.80339, 54.60108833333334], [18.803385, 54.60109], [18.803375000000003, 54.60108], [18.80338, 54.60107666666667], [18.803383333333333, 54.601078333333334], [18.803396666666668, 54.60107666666667], [18.803401666666666, 54.60107666666667], [18.803398333333334, 54.601081666666666], [18.803395000000002, 54.60107666666667], [18.803395000000002, 54.60107333333334], [18.803393333333336, 54.601081666666666], [18.803403333333332, 54.601078333333334], [18.803408333333334, 54.60108666666667], [18.803401666666666, 54.60108666666667], [18.803401666666666, 54.60108666666667], [18.803395000000002, 54.60108666666667], [18.803398333333334, 54.601085], [18.803411666666666, 54.601078333333334], [18.80341333333333, 54.60109333333333], [18.803403333333332, 54.601085], [18.803406666666667, 54.60108666666667], [18.803403333333332, 54.60108], [18.803401666666666, 54.601083333333335]]}, "properties": {"label": "WLA-220", "mmsi": "261002913", "imo": "", "name": "WLA-220", "shiptype": "", "first_seen_utc": "2026-01-08T00:04:48Z", "last_seen_utc": "2026-01-17T03:32:48Z", "destination": "WLADYSLAWOWO", "eta": "{'Day': 27, 'Hour': 9, 'Minute': 20, 'Month': 8}", "display": "", "links": "<a href=\"https://www.vesselfinder.com/vessels?name=261002913\" target=\"_blank\" rel=\"noopener\">VesselFinder</a> | <a href=\"https://www.marinetraffic.com/en/ais/search/all?keyword=261002913\" target=\"_blank\" rel=\"noopener\">MarineTraffic</a>", "vf_url": "https://www.vesselfinder.com/vessels?name=261002913", "mst_url": "https://www.marinetraffic.com/en/ais/search/all?keyword=261002913", "method": "v3_2pass_track3d_fromru10d", "ru_seen_in_lookback": true, "in_monitor_on_day": true}}, {"type": "Feature", "geometry": {"type": "Point", "coordinates": [18.803401666666666, 54.601083333333335]}, "properties": {"label": "WLA-220", "mmsi": "261002913", "imo": "", "name": "WLA-220", "shiptype": "", "first_seen_utc": "2026-01-08T00:04:48Z", "last_seen_utc": "2026-01-17T03:32:48Z", "destination": "WLADYSLAWOWO", "eta": "{'Day': 27, 'Hour': 9, 'Minute': 20, 'Month': 8}", "display": "WLA-220 (261002913)", "links": "<a href=\"https://www.vesselfinder.com/vessels?name=261002913\" target=\"_blank\" rel=\"noopener\">VesselFinder</a> | <a href=\"https://www.marinetraffic.com/en/ais/search/all?keyword=261002913\" target=\"_blank\" rel=\"noopener\">MarineTraffic</a>", "vf_url": "https://www.vesselfinder.com/vessels?name=261002913", "mst_url": "https://www.marinetraffic.com/en/ais/search/all?keyword=261002913", "method": "v3_2pass_track3d_fromru10d", "ru_seen_in_lookback": true, "in_monitor_on_day": true}}, {"type": "Feature", "geometry": {"type": "LineString", "coordinates": [[8.690328333333333, 57.48976833333334], [8.550571666666666, 57.437554999999996], [8.400618333333334, 57.386725], [8.258086666666667, 57.33143666666667], [8.113891666666667, 57.27812666666667], [7.976373333333333, 57.222166666666666], [7.833455, 57.16789166666667], [7.66567, 57.10978333333333], [7.508793333333333, 57.055616666666666], [7.363271666666666, 56.99799333333333], [7.210855, 56.940039999999996], [7.05861, 56.88231333333333], [3.2115133333333334, 52.849115], [3.00663, 52.606298333333335], [2.9489883333333333, 52.45336666666667], [3.5591983333333332, 52.10700166666666], [3.6842083333333333, 52.06227166666667], [3.7846816666666667, 52.02628333333334], [3.8968716666666667, 52.012235000000004], [4.0277416666666666, 51.99277166666666], [4.117663333333334, 51.96718], [4.1842983333333335, 51.93647166666666], [4.199815, 51.92254166666667], [4.200518333333333, 51.92127666666667], [4.200555, 51.92123333333333], [4.200606666666666, 51.92123], [4.20053, 51.921254999999995], [4.200555, 51.92121833333333], [4.200548333333334, 51.92118666666667], [4.200575, 51.92125166666666], [4.200555, 51.921225], [4.20053, 51.92122166666666], [4.2005799999999995, 51.92121833333333], [4.20055, 51.921211666666665], [4.200548333333334, 51.92123333333333], [4.200535, 51.92122166666666], [4.2005333333333335, 51.921236666666665], [4.200553333333334, 51.92125166666666], [4.200538333333333, 51.921193333333335], [4.200548333333334, 51.92124], [4.200586666666667, 51.921211666666665], [4.200536666666666, 51.92124333333334], [4.200551666666667, 51.92122], [4.20055, 51.92122333333334], [4.200515, 51.92121833333333], [4.200541666666667, 51.921261666666666], [4.200558333333333, 51.921238333333335]]}, "properties": {"label": "ARETEA", "mmsi": "241348000", "imo": "9711456", "name": "ARETEA", "shiptype": "", "first_seen_utc": "2026-01-08T00:04:50Z", "last_seen_utc": "2026-01-17T03:51:48Z", "destination": "DK FRC => NL RTM", "eta": "{'Day': 16, 'Hour': 12, 'Minute': 30, 'Month': 1}", "display": "", "links": "<a href=\"https://www.vesselfinder.com/vessels?name=9711456\" target=\"_blank\" rel=\"noopener\">VesselFinder</a> | <a href=\"https://www.marinetraffic.com/en/ais/search/all?keyword=9711456\" target=\"_blank\" rel=\"noopener\">MarineTraffic</a>", "vf_url": "https://www.vesselfinder.com/vessels?name=9711456", "mst_url": "https://www.marinetraffic.com/en/ais/search/all?keyword=9711456", "method": "v3_2pass_track3d_fromru10d", "ru_seen_in_lookback": true, "in_monitor_on_day": true}}, {"type": "Feature", "geometry": {"type": "Point", "coordinates": [4.200558333333333, 51.921238333333335]}, "properties": {"label": "ARETEA", "mmsi": "241348000", "imo": "9711456", "name": "ARETEA", "shiptype": "", "first_seen_utc": "2026-01-08T00:04:50Z", "last_seen_utc": "2026-01-17T03:51:48Z", "destination": "DK FRC => NL RTM", "eta": "{'Day': 16, 'Hour': 12, 'Minute': 30, 'Month': 1}", "display": "ARETEA (241348000)", "links": "<a href=\"https://www.vesselfinder.com/vessels?name=9711456\" target=\"_blank\" rel=\"noopener\">VesselFinder</a> | <a href=\"https://www.marinetraffic.com/en/ais/search/all?keyword=9711456\" target=\"_blank\" rel=\"noopener\">MarineTraffic</a>", "vf_url": "https://www.vesselfinder.com/vessels?name=9711456", "mst_url": "https://www.marinetraffic.com/en/ais/search/all?keyword=9711456", "method": "v3_2pass_track3d_fromru10d", "ru_seen_in_lookback": true, "in_monitor_on_day": true}}, {"type": "Feature", "geometry": {"type": "LineString", "coordinates": [[15.524868333333334, 55.74861], [15.274061666666666, 55.665213333333334], [15.12169, 55.617145], [14.973605, 55.569755], [14.82621, 55.51903166666667], [14.669618333333334, 55.46912333333333], [14.533135, 55.400085], [14.41522, 55.31719], [12.332743333333333, 54.632600000000004], [12.239116666666666, 54.55018333333333], [12.183935, 54.456813333333336], [12.02202, 54.44188833333333], [11.856861666666667, 54.439598333333336], [11.702140000000002, 54.46681], [11.550035000000001, 54.503411666666665], [11.385893333333334, 54.542201666666664], [11.222248333333333, 54.582660000000004], [11.056466666666667, 54.594498333333334], [10.902685, 54.638495], [10.775046666666666, 54.70534166666666], [10.831271666666668, 54.802335], [10.857541666666666, 54.90130333333333], [10.964398333333332, 54.97318333333333], [10.993735, 55.072485], [11.030043333333333, 55.171751666666665], [11.088586666666666, 55.25219833333333], [10.86759, 55.52209833333333], [10.808671666666667, 55.618735], [10.800696666666665, 55.716208333333334], [10.822178333333333, 55.81513833333334], [11.138616666666667, 56.058475]]}, "properties": {"label": "AQUARIUS", "mmsi": "636018924", "imo": "9354272", "name": "AQUARIUS", "shiptype": "", "first_seen_utc": "2026-01-08T00:06:25Z", "last_seen_utc": "2026-01-17T01:07:06Z", "destination": "RU LED > US BAL", "eta": "{'Day': 30, 'Hour': 18, 'Minute': 0, 'Month': 1}", "display": "", "links": "<a href=\"https://www.vesselfinder.com/vessels?name=9354272\" target=\"_blank\" rel=\"noopener\">VesselFinder</a> | <a href=\"https://www.marinetraffic.com/en/ais/search/all?keyword=9354272\" target=\"_blank\" rel=\"noopener\">MarineTraffic</a>", "vf_url": "https://www.vesselfinder.com/vessels?name=9354272", "mst_url": "https://www.marinetraffic.com/en/ais/search/all?keyword=9354272", "method": "v3_2pass_track3d_fromru10d", "ru_seen_in_lookback": true, "in_monitor_on_day": true}}, {"type": "Feature", "geometry": {"type": "Point", "coordinates": [11.138616666666667, 56.058475]}, "properties": {"label": "AQUARIUS", "mmsi": "636018924", "imo": "9354272", "name": "AQUARIUS", "shiptype": "", "first_seen_utc": "2026-01-08T00:06:25Z", "last_seen_utc": "2026-01-17T01:07:06Z", "destination": "RU LED > US BAL", "eta": "{'Day': 30, 'Hour': 18, 'Minute': 0, 'Month': 1}", "display": "AQUARIUS (636018924)", "links": "<a href=\"https://www.vesselfinder.com/vessels?name=9354272\" target=\"_blank\" rel=\"noopener\">VesselFinder</a> | <a href=\"https://www.marinetraffic.com/en/ais/search/all?keyword=9354272\" target=\"_blank\" rel=\"noopener\">MarineTraffic</a>", "vf_url": "https://www.vesselfinder.com/vessels?name=9354272", "mst_url": "https://www.marinetraffic.com/en/ais/search/all?keyword=9354272", "method": "v3_2pass_track3d_fromru10d", "ru_seen_in_lookback": true, "in_monitor_on_day": true}}, {"type": "Feature", "geometry": {"type": "LineString", "coordinates": [[18.673878333333334, 54.394868333333335], [18.673889999999997, 54.39487666666666], [18.673895, 54.394868333333335], [18.673875, 54.39486], [18.673861666666667, 54.39486], [18.673853333333334, 54.394848333333336], [18.673893333333336, 54.394895], [18.673871666666667, 54.394843333333334], [18.67388833333333, 54.39482833333333], [18.673898333333334, 54.39484], [18.673859999999998, 54.39487999999999], [18.673898333333334, 54.39485333333334], [18.673906666666667, 54.394843333333334], [18.673906666666667, 54.39488333333334], [18.673878333333334, 54.394848333333336], [18.673828333333333, 54.39483833333334], [18.67382, 54.39484166666667], [18.673895, 54.39487], [18.67388833333333, 54.39487833333333], [18.67391, 54.39485], [18.67388, 54.394816666666664], [18.673875, 54.39487], [18.673865, 54.39487666666666], [18.67388833333333, 54.394861666666664], [18.673873333333333, 54.39487666666666], [18.673923333333335, 54.394861666666664], [18.673886666666665, 54.39485166666667], [18.673871666666667, 54.394855], [18.673865, 54.39487166666667], [18.673851666666668, 54.39485833333333], [18.673898333333334, 54.39487333333333], [18.673873333333333, 54.39488333333334], [18.673871666666667, 54.394868333333335], [18.673871666666667, 54.394861666666664], [18.67385, 54.39486], [18.673889999999997, 54.394864999999996], [18.67393666666667, 54.39485166666667], [18.673821666666665, 54.39484], [18.673883333333333, 54.39483833333334], [18.673851666666668, 54.394843333333334], [18.673853333333334, 54.394868333333335], [18.673898333333334, 54.39488166666667], [18.673886666666665, 54.39485666666667], [18.673889999999997, 54.39486333333333], [18.673873333333333, 54.39486333333333], [18.673885, 54.39486], [18.673911666666665, 54.394846666666666], [18.673875, 54.39486333333333], [18.67387, 54.39483666666667], [18.67384666666667, 54.39483333333333], [18.673883333333333, 54.39487166666667], [18.673896666666668, 54.39485166666667], [18.67388833333333, 54.39486], [18.67388833333333, 54.394890000000004], [18.67392, 54.39485333333334], [18.67387666666667, 54.39484], [18.673904999999998, 54.39485], [18.67384666666667, 54.39487833333333], [18.673885, 54.394843333333334], [18.67385, 54.394815], [18.673833333333334, 54.39485333333334], [18.673873333333333, 54.39484166666667], [18.673889999999997, 54.39484166666667], [18.673865, 54.394848333333336], [18.673853333333334, 54.39485666666667], [18.67387, 54.394846666666666], [18.673886666666665, 54.39483499999999], [18.673861666666667, 54.39485166666667], [18.673866666666665, 54.394861666666664], [18.673871666666667, 54.39483666666667], [18.673885, 54.39486333333333], [18.673883333333333, 54.39485666666667], [18.673901666666666, 54.394855], [18.67388833333333, 54.394868333333335], [18.673885, 54.39486333333333], [18.67383166666667, 54.394890000000004], [18.673883333333333, 54.39490333333333], [18.673838333333332, 54.394846666666666], [18.673865, 54.394875], [18.673901666666666, 54.394864999999996], [18.673885, 54.394861666666664], [18.673873333333333, 54.39483833333334], [18.673893333333336, 54.39488333333334], [18.673851666666668, 54.39485166666667], [18.67393333333333, 54.394868333333335], [18.673898333333334, 54.394848333333336], [18.67387666666667, 54.39485166666667], [18.673868333333335, 54.39483499999999], [18.673901666666666, 54.39486], [18.67388, 54.39485333333334], [18.673871666666667, 54.394861666666664], [18.673885, 54.394845000000004], [18.673861666666667, 54.394843333333334], [18.67389166666667, 54.39485166666667], [18.673883333333333, 54.39487333333333], [18.67388, 54.39487833333333], [18.67388, 54.394885], [18.673871666666667, 54.394843333333334]]}, "properties": {"label": "OCEANIA", "mmsi": "261000150", "imo": "8304854", "name": "OCEANIA", "shiptype": "", "first_seen_utc": "2026-01-08T00:06:38Z", "last_seen_utc": "2026-01-17T03:45:48Z", "destination": "GDANSK", "eta": "{'Day': 9, 'Hour': 7, 'Minute': 0, 'Month': 1}", "display": "", "links": "<a href=\"https://www.vesselfinder.com/vessels?name=8304854\" target=\"_blank\" rel=\"noopener\">VesselFinder</a> | <a href=\"https://www.marinetraffic.com/en/ais/search/all?keyword=8304854\" target=\"_blank\" rel=\"noopener\">MarineTraffic</a>", "vf_url": "https://www.vesselfinder.com/vessels?name=8304854", "mst_url": "https://www.marinetraffic.com/en/ais/search/all?keyword=8304854", "method": "v3_2pass_track3d_fromru10d", "ru_seen_in_lookback": true, "in_monitor_on_day": true}}, {"type": "Feature", "geometry": {"type": "Point", "coordinates": [18.673871666666667, 54.394843333333334]}, "properties": {"label": "OCEANIA", "mmsi": "261000150", "imo": "8304854", "name": "OCEANIA", "shiptype": "", "first_seen_utc": "2026-01-08T00:06:38Z", "last_seen_utc": "2026-01-17T03:45:48Z", "destination": "GDANSK", "eta": "{'Day': 9, 'Hour': 7, 'Minute': 0, 'Month': 1}", "display": "OCEANIA (261000150)", "links": "<a href=\"https://www.vesselfinder.com/vessels?name=8304854\" target=\"_blank\" rel=\"noopener\">VesselFinder</a> | <a href=\"https://www.marinetraffic.com/en/ais/search/all?keyword=8304854\" target=\"_blank\" rel=\"noopener\">MarineTraffic</a>", "vf_url": "https://www.vesselfinder.com/vessels?name=8304854", "mst_url": "https://www.marinetraffic.com/en/ais/search/all?keyword=8304854", "method": "v3_2pass_track3d_fromru10d", "ru_seen_in_lookback": true, "in_monitor_on_day": true}}, {"type": "Feature", "geometry": {"type": "LineString", "coordinates": [[18.553583333333332, 54.521566666666665], [18.553583333333332, 54.521566666666665], [18.5536, 54.521550000000005], [18.553616666666667, 54.52153333333333], [18.5536, 54.521550000000005], [18.5536, 54.521550000000005], [18.5536, 54.521550000000005], [18.5536, 54.521566666666665], [18.5536, 54.521566666666665], [18.5536, 54.52153333333333], [18.5536, 54.521550000000005], [18.553616666666667, 54.521550000000005], [18.5536, 54.521566666666665], [18.553583333333332, 54.521566666666665], [18.5536, 54.521566666666665], [18.553583333333332, 54.521566666666665], [18.553583333333332, 54.521566666666665], [18.553566666666665, 54.521566666666665], [18.553583333333332, 54.521566666666665], [18.553583333333332, 54.521566666666665], [18.553583333333332, 54.521566666666665], [18.5536, 54.521566666666665], [18.5536, 54.521566666666665], [18.5536, 54.521566666666665], [18.5536, 54.52158333333333], [18.5536, 54.521566666666665], [18.5536, 54.521550000000005], [18.5536, 54.521550000000005], [18.5536, 54.521566666666665], [18.5536, 54.521566666666665], [18.553616666666667, 54.521550000000005], [18.553616666666667, 54.521566666666665], [18.553616666666667, 54.521566666666665], [18.553616666666667, 54.521566666666665], [18.5536, 54.521566666666665], [18.553616666666667, 54.521566666666665], [18.5536, 54.521566666666665], [18.5536, 54.521550000000005], [18.5536, 54.521550000000005], [18.5536, 54.521566666666665], [18.553583333333332, 54.521550000000005], [18.5536, 54.521550000000005], [18.553583333333332, 54.521550000000005], [18.5536, 54.521550000000005], [18.553583333333332, 54.521566666666665], [18.5536, 54.521566666666665], [18.553583333333332, 54.521566666666665], [18.5536, 54.521566666666665], [18.553583333333332, 54.521550000000005], [18.553583333333332, 54.521550000000005], [18.5536, 54.521566666666665], [18.5536, 54.521566666666665], [18.5536, 54.52158333333333], [18.5536, 54.521566666666665], [18.5536, 54.521550000000005], [18.5536, 54.52153333333333], [18.5536, 54.52153333333333], [18.5536, 54.521566666666665], [18.553583333333332, 54.521566666666665], [18.553583333333332, 54.52158333333333], [18.553583333333332, 54.521566666666665], [18.553583333333332, 54.521566666666665], [18.553583333333332, 54.52158333333333], [18.553566666666665, 54.52158333333333], [18.553566666666665, 54.521566666666665], [18.553583333333332, 54.521566666666665], [18.553583333333332, 54.521566666666665], [18.5536, 54.521566666666665], [18.5536, 54.521566666666665], [18.5536, 54.521566666666665], [18.5536, 54.521566666666665], [18.5536, 54.521550000000005], [18.5536, 54.521550000000005], [18.5536, 54.521566666666665], [18.5536, 54.521566666666665], [18.5536, 54.52158333333333], [18.553616666666667, 54.52158333333333], [18.553616666666667, 54.521566666666665], [18.5536, 54.521566666666665], [18.5536, 54.521566666666665], [18.5536, 54.521566666666665], [18.5536, 54.521550000000005], [18.5536, 54.521550000000005], [18.553616666666667, 54.521550000000005], [18.553583333333332, 54.521566666666665], [18.5536, 54.521566666666665], [18.553583333333332, 54.521566666666665], [18.5536, 54.521566666666665], [18.553583333333332, 54.521550000000005], [18.5536, 54.521566666666665], [18.5536, 54.521566666666665], [18.5536, 54.521566666666665], [18.553583333333332, 54.521566666666665], [18.5536, 54.521566666666665], [18.553583333333332, 54.521550000000005], [18.553583333333332, 54.521550000000005], [18.5536, 54.521550000000005], [18.5536, 54.521550000000005], [18.553616666666667, 54.521566666666665]]}, "properties": {"label": "AMBER AGATHA", "mmsi": "261004058", "imo": "8516885", "name": "AMBER AGATHA", "shiptype": "", "first_seen_utc": "2026-01-08T00:06:49Z", "last_seen_utc": "2026-01-17T03:36:42Z", "destination": "GDYNIA", "eta": "{'Day': 14, 'Hour': 6, 'Minute': 0, 'Month': 1}", "display": "", "links": "<a href=\"https://www.vesselfinder.com/vessels?name=8516885\" target=\"_blank\" rel=\"noopener\">VesselFinder</a> | <a href=\"https://www.marinetraffic.com/en/ais/search/all?keyword=8516885\" target=\"_blank\" rel=\"noopener\">MarineTraffic</a>", "vf_url": "https://www.vesselfinder.com/vessels?name=8516885", "mst_url": "https://www.marinetraffic.com/en/ais/search/all?keyword=8516885", "method": "v3_2pass_track3d_fromru10d", "ru_seen_in_lookback": true, "in_monitor_on_day": true}}, {"type": "Feature", "geometry": {"type": "Point", "coordinates": [18.553616666666667, 54.521566666666665]}, "properties": {"label": "AMBER AGATHA", "mmsi": "261004058", "imo": "8516885", "name": "AMBER AGATHA", "shiptype": "", "first_seen_utc": "2026-01-08T00:06:49Z", "last_seen_utc": "2026-01-17T03:36:42Z", "destination": "GDYNIA", "eta": "{'Day': 14, 'Hour': 6, 'Minute': 0, 'Month': 1}", "display": "AMBER AGATHA (261004058)", "links": "<a href=\"https://www.vesselfinder.com/vessels?name=8516885\" target=\"_blank\" rel=\"noopener\">VesselFinder</a> | <a href=\"https://www.marinetraffic.com/en/ais/search/all?keyword=8516885\" target=\"_blank\" rel=\"noopener\">MarineTraffic</a>", "vf_url": "https://www.vesselfinder.com/vessels?name=8516885", "mst_url": "https://www.marinetraffic.com/en/ais/search/all?keyword=8516885", "method": "v3_2pass_track3d_fromru10d", "ru_seen_in_lookback": true, "in_monitor_on_day": true}}, {"type": "Feature", "geometry": {"type": "LineString", "coordinates": [[-0.5963833333333334, 54.73030000000001], [-0.7562666666666666, 54.688916666666664], [-0.9276, 54.689166666666665], [-1.0114166666666666, 54.7001], [-1.0141, 54.70048333333333], [-1.0143166666666668, 54.70015], [-1.0143, 54.70025], [-1.0144499999999999, 54.70003333333333], [-1.0146333333333333, 54.69996666666667], [-1.01255, 54.69943333333333], [-1.0546666666666666, 54.69043333333333], [-1.153, 54.63663333333333], [-1.1641333333333332, 54.62251666666667], [-1.16415, 54.62251666666667], [-1.16415, 54.62251666666667], [-1.16415, 54.62251666666667], [-1.16415, 54.62251666666667], [-1.16415, 54.62251666666667], [-1.1641333333333332, 54.622499999999995], [-1.16415, 54.62251666666667], [-1.16415, 54.62251666666667], [-1.1641666666666666, 54.62253333333333], [-1.1641333333333332, 54.62251666666667], [-1.1641333333333332, 54.62253333333333], [-1.1641333333333332, 54.62251666666667], [-1.1641333333333332, 54.62253333333333], [-1.16415, 54.622499999999995], [-1.1641333333333332, 54.62251666666667], [-1.16415, 54.62251666666667], [-1.1641333333333332, 54.62251666666667], [-1.16415, 54.62251666666667], [-1.1641333333333332, 54.62251666666667], [-1.16415, 54.62253333333333], [-1.1641333333333332, 54.62251666666667], [-1.1641333333333332, 54.622499999999995], [-1.1641333333333332, 54.622499999999995], [-1.16415, 54.62253333333333], [-1.16415, 54.62251666666667], [-1.16415, 54.622499999999995], [-1.16415, 54.622499999999995], [-1.16415, 54.62251666666667], [-1.1641333333333332, 54.62253333333333], [-1.16415, 54.62251666666667], [-1.1641333333333332, 54.62251666666667], [-1.16415, 54.62251666666667], [-1.1641333333333332, 54.62251666666667], [-1.1641333333333332, 54.62251666666667], [-1.1641333333333332, 54.62253333333333], [-1.1641333333333332, 54.62251666666667], [-1.16415, 54.62251666666667], [-1.16415, 54.62251666666667], [-1.1641333333333332, 54.62251666666667], [-1.16415, 54.62251666666667], [-1.1641333333333332, 54.622499999999995], [-1.107, 54.6671], [-0.9557166666666668, 54.64638333333333], [-0.7976833333333333, 54.60961666666667], [-0.5658166666666666, 54.560066666666664], [-0.41881666666666667, 54.5099], [0.03755, 54.207366666666665], [0.15793333333333334, 54.12483333333333], [0.2831666666666666, 54.04158333333333], [0.4058833333333334, 53.96066666666666], [0.5229166666666667, 53.875083333333336]]}, "properties": {"label": "CGAS PANTHER", "mmsi": "249362000", "imo": "9578000", "name": "CGAS PANTHER", "shiptype": "", "first_seen_utc": "2026-01-08T00:06:55Z", "last_seen_utc": "2026-01-17T03:25:16Z", "destination": "FRDON", "eta": "{'Day': 19, 'Hour': 9, 'Minute': 0, 'Month': 1}", "display": "", "links": "<a href=\"https://www.vesselfinder.com/vessels?name=9578000\" target=\"_blank\" rel=\"noopener\">VesselFinder</a> | <a href=\"https://www.marinetraffic.com/en/ais/search/all?keyword=9578000\" target=\"_blank\" rel=\"noopener\">MarineTraffic</a>", "vf_url": "https://www.vesselfinder.com/vessels?name=9578000", "mst_url": "https://www.marinetraffic.com/en/ais/search/all?keyword=9578000", "method": "v3_2pass_track3d_fromru10d", "ru_seen_in_lookback": true, "in_monitor_on_day": true}}, {"type": "Feature", "geometry": {"type": "Point", "coordinates": [0.5229166666666667, 53.875083333333336]}, "properties": {"label": "CGAS PANTHER", "mmsi": "249362000", "imo": "9578000", "name": "CGAS PANTHER", "shiptype": "", "first_seen_utc": "2026-01-08T00:06:55Z", "last_seen_utc": "2026-01-17T03:25:16Z", "destination": "FRDON", "eta": "{'Day': 19, 'Hour': 9, 'Minute': 0, 'Month': 1}", "display": "CGAS PANTHER (249362000)", "links": "<a href=\"https://www.vesselfinder.com/vessels?name=9578000\" target=\"_blank\" rel=\"noopener\">VesselFinder</a> | <a href=\"https://www.marinetraffic.com/en/ais/search/all?keyword=9578000\" target=\"_blank\" rel=\"noopener\">MarineTraffic</a>", "vf_url": "https://www.vesselfinder.com/vessels?name=9578000", "mst_url": "https://www.marinetraffic.com/en/ais/search/all?keyword=9578000", "method": "v3_2pass_track3d_fromru10d", "ru_seen_in_lookback": true, "in_monitor_on_day": true}}, {"type": "Feature", "geometry": {"type": "LineString", "coordinates": [[18.674809999999997, 54.696281666666664], [18.674834999999998, 54.69627833333333], [18.67483, 54.696284999999996], [18.674826666666668, 54.69627666666667], [18.674834999999998, 54.69627666666667], [18.674834999999998, 54.696266666666666], [18.674846666666667, 54.696266666666666], [18.674833333333332, 54.69626166666667], [18.67483, 54.69625], [18.674805, 54.69625666666666], [18.674828333333334, 54.69627833333333], [18.674811666666667, 54.69628], [18.674821666666666, 54.696275], [18.674806666666665, 54.696284999999996], [18.674813333333336, 54.696263333333334], [18.674818333333334, 54.69627], [18.67481666666667, 54.696283333333334], [18.67485, 54.69626166666667], [18.674854999999997, 54.69626], [18.674856666666667, 54.696239999999996], [18.674845, 54.696275], [18.674846666666667, 54.69629333333333], [18.674831666666666, 54.696295], [18.674818333333334, 54.69629666666666], [18.67480833333333, 54.69629166666667], [18.674825, 54.69629333333333], [18.674811666666667, 54.696284999999996], [18.674803333333333, 54.696266666666666], [18.674809999999997, 54.69626166666667], [18.674793333333334, 54.69626166666667], [18.674798333333335, 54.696254999999994], [18.67480833333333, 54.696263333333334], [18.674793333333334, 54.696268333333336], [18.674786666666666, 54.696281666666664], [18.674776666666666, 54.696310000000004], [18.674773333333334, 54.696299999999994], [18.674803333333333, 54.696266666666666], [18.674831666666666, 54.696263333333334], [18.674831666666666, 54.69627166666667], [18.67482, 54.69627666666667], [18.674781666666668, 54.69627166666667], [18.674825, 54.69629833333333], [18.67485, 54.69630333333334], [18.674836666666668, 54.696295], [18.674826666666668, 54.696283333333334], [18.67485, 54.69628], [18.674828333333334, 54.696284999999996], [18.674811666666667, 54.696275], [18.674831666666666, 54.69627666666667], [18.674825, 54.69625666666666], [18.674818333333334, 54.69628], [18.674828333333334, 54.696286666666666], [18.674805, 54.69627833333333], [18.67479666666667, 54.69627666666667], [18.674809999999997, 54.696263333333334], [18.67481666666667, 54.69627833333333], [18.67482, 54.696275], [18.67483, 54.69628], [18.67484, 54.69627666666667], [18.67484, 54.696254999999994], [18.674818333333334, 54.69627333333334], [18.674795, 54.696299999999994], [18.674815000000002, 54.696315], [18.67481666666667, 54.69632166666667], [18.674821666666666, 54.69630166666666], [18.674813333333336, 54.696275], [18.674806666666665, 54.696288333333335], [18.674825, 54.69625166666666], [18.674805, 54.69625833333334], [18.674806666666665, 54.69625833333334], [18.674801666666667, 54.696266666666666], [18.674793333333334, 54.69627833333333], [18.674815000000002, 54.69627666666667], [18.674793333333334, 54.696275], [18.67478, 54.69627166666667], [18.674786666666666, 54.69625], [18.674798333333335, 54.69625], [18.67483, 54.696236666666664], [18.67481666666667, 54.69626], [18.674811666666667, 54.69627166666667], [18.674826666666668, 54.696275], [18.674809999999997, 54.696284999999996], [18.67482, 54.696299999999994], [18.67484, 54.696299999999994], [18.674843333333335, 54.69629], [18.674833333333332, 54.696288333333335], [18.67483, 54.696265000000004], [18.674848333333333, 54.69627666666667], [18.67483, 54.696268333333336], [18.674821666666666, 54.69627666666667], [18.674823333333332, 54.69629666666666], [18.674818333333334, 54.69629333333333], [18.67482, 54.69629]]}, "properties": {"label": "JAS-57 MAGDALENA", "mmsi": "261004280", "imo": "", "name": "JAS-57 MAGDALENA", "shiptype": "", "first_seen_utc": "2026-01-08T00:07:40Z", "last_seen_utc": "2026-01-17T03:27:26Z", "destination": "JASTARNIA", "eta": "{'Day': 23, 'Hour': 12, 'Minute': 44, 'Month': 9}", "display": "", "links": "<a href=\"https://www.vesselfinder.com/vessels?name=261004280\" target=\"_blank\" rel=\"noopener\">VesselFinder</a> | <a href=\"https://www.marinetraffic.com/en/ais/search/all?keyword=261004280\" target=\"_blank\" rel=\"noopener\">MarineTraffic</a>", "vf_url": "https://www.vesselfinder.com/vessels?name=261004280", "mst_url": "https://www.marinetraffic.com/en/ais/search/all?keyword=261004280", "method": "v3_2pass_track3d_fromru10d", "ru_seen_in_lookback": true, "in_monitor_on_day": true}}, {"type": "Feature", "geometry": {"type": "Point", "coordinates": [18.67482, 54.69629]}, "properties": {"label": "JAS-57 MAGDALENA", "mmsi": "261004280", "imo": "", "name": "JAS-57 MAGDALENA", "shiptype": "", "first_seen_utc": "2026-01-08T00:07:40Z", "last_seen_utc": "2026-01-17T03:27:26Z", "destination": "JASTARNIA", "eta": "{'Day': 23, 'Hour': 12, 'Minute': 44, 'Month': 9}", "display": "JAS-57 MAGDALENA (261004280)", "links": "<a href=\"https://www.vesselfinder.com/vessels?name=261004280\" target=\"_blank\" rel=\"noopener\">VesselFinder</a> | <a href=\"https://www.marinetraffic.com/en/ais/search/all?keyword=261004280\" target=\"_blank\" rel=\"noopener\">MarineTraffic</a>", "vf_url": "https://www.vesselfinder.com/vessels?name=261004280", "mst_url": "https://www.marinetraffic.com/en/ais/search/all?keyword=261004280", "method": "v3_2pass_track3d_fromru10d", "ru_seen_in_lookback": true, "in_monitor_on_day": true}}, {"type": "Feature", "geometry": {"type": "LineString", "coordinates": [[18.67224, 54.391195], [18.672273333333333, 54.391175], [18.672265, 54.39120833333333], [18.672273333333333, 54.39119166666667], [18.672286666666665, 54.39120666666667], [18.672258333333332, 54.39121333333333], [18.672236666666667, 54.391200000000005], [18.672275, 54.39120833333333], [18.672250000000002, 54.39123166666666], [18.672251666666668, 54.391196666666666], [18.672250000000002, 54.39119], [18.672230000000003, 54.39123166666666], [18.672304999999998, 54.39122], [18.672226666666667, 54.391215], [18.672258333333332, 54.391241666666666], [18.672311666666666, 54.39122333333333], [18.672218333333333, 54.39121333333333], [18.672255, 54.39122833333333], [18.672278333333335, 54.39117], [18.672263333333333, 54.391218333333335], [18.672216666666667, 54.39121], [18.67222333333333, 54.39124], [18.672255, 54.39122666666666], [18.672225, 54.391215], [18.67219833333333, 54.391235], [18.672671666666666, 54.39155], [18.672633333333334, 54.39155166666667], [18.672651666666663, 54.39156833333333], [18.672703333333335, 54.391598333333334], [18.672675, 54.39158666666666], [18.672688333333333, 54.39158833333333], [18.672661666666666, 54.391600000000004], [18.67267, 54.391578333333335], [18.672253333333334, 54.39119166666667], [18.67222, 54.39122166666667], [18.67221, 54.391195], [18.67221, 54.39122166666667], [18.67221333333333, 54.391225], [18.672265, 54.39120333333334], [18.67218666666667, 54.391200000000005], [18.672216666666667, 54.39121], [18.672238333333333, 54.39121], [18.672218333333333, 54.391216666666665], [18.672255, 54.39122833333333], [18.672261666666667, 54.391198333333335], [18.672250000000002, 54.391196666666666], [18.67228833333333, 54.39120333333334], [18.672228333333333, 54.391196666666666], [18.67219, 54.39122833333333], [18.672245, 54.39120833333333], [18.67222, 54.39121333333333], [18.67220166666667, 54.391196666666666], [18.67224666666667, 54.39120666666667], [18.672273333333333, 54.391263333333335], [18.67222333333333, 54.39122333333333], [18.672236666666667, 54.39117833333333], [18.672266666666665, 54.39122333333333], [18.672193333333333, 54.39120666666667], [18.67222333333333, 54.39121], [18.672208333333334, 54.39123], [18.672235, 54.39118666666666], [18.672218333333333, 54.39120333333334], [18.672173333333333, 54.39122333333333], [18.672218333333333, 54.39121333333333], [18.672315, 54.39118], [18.672230000000003, 54.39120333333334], [18.672205, 54.39118], [18.672230000000003, 54.39121333333333], [18.67224, 54.39122166666667], [18.672248333333336, 54.39126833333333], [18.672256666666666, 54.391245000000005], [18.672226666666667, 54.391218333333335], [18.672221666666665, 54.391195], [18.67223166666667, 54.391198333333335], [18.672226666666667, 54.391241666666666], [18.672208333333334, 54.391215], [18.672216666666667, 54.39122], [18.672211666666666, 54.39121333333333], [18.672273333333333, 54.39120833333333], [18.672255, 54.391215], [18.672235, 54.39122666666666], [18.672266666666665, 54.39123333333334], [18.672235, 54.391198333333335], [18.672228333333333, 54.39120833333333], [18.67223166666667, 54.39119166666667], [18.672221666666665, 54.39120333333334], [18.672238333333333, 54.39121166666666], [18.67219, 54.39121], [18.672225, 54.39118666666666], [18.672238333333333, 54.391195], [18.672238333333333, 54.39122166666667], [18.672253333333334, 54.39123], [18.672258333333332, 54.39122833333333], [18.672236666666667, 54.39118666666666], [18.672228333333333, 54.39122666666666], [18.672205, 54.39119166666667], [18.67220166666667, 54.391200000000005], [18.672196666666665, 54.39121], [18.672206666666668, 54.39123]]}, "properties": {"label": "MARINA STELARA", "mmsi": "218031900", "imo": "7607209", "name": "MARINA STELARA", "shiptype": "", "first_seen_utc": "2026-01-08T00:07:52Z", "last_seen_utc": "2026-01-17T03:42:12Z", "destination": "PLGDN", "eta": "{'Day': 14, 'Hour': 4, 'Minute': 0, 'Month': 1}", "display": "", "links": "<a href=\"https://www.vesselfinder.com/vessels?name=7607209\" target=\"_blank\" rel=\"noopener\">VesselFinder</a> | <a href=\"https://www.marinetraffic.com/en/ais/search/all?keyword=7607209\" target=\"_blank\" rel=\"noopener\">MarineTraffic</a>", "vf_url": "https://www.vesselfinder.com/vessels?name=7607209", "mst_url": "https://www.marinetraffic.com/en/ais/search/all?keyword=7607209", "method": "v3_2pass_track3d_fromru10d", "ru_seen_in_lookback": true, "in_monitor_on_day": true}}, {"type": "Feature", "geometry": {"type": "Point", "coordinates": [18.672206666666668, 54.39123]}, "properties": {"label": "MARINA STELARA", "mmsi": "218031900", "imo": "7607209", "name": "MARINA STELARA", "shiptype": "", "first_seen_utc": "2026-01-08T00:07:52Z", "last_seen_utc": "2026-01-17T03:42:12Z", "destination": "PLGDN", "eta": "{'Day': 14, 'Hour': 4, 'Minute': 0, 'Month': 1}", "display": "MARINA STELARA (218031900)", "links": "<a href=\"https://www.vesselfinder.com/vessels?name=7607209\" target=\"_blank\" rel=\"noopener\">VesselFinder</a> | <a href=\"https://www.marinetraffic.com/en/ais/search/all?keyword=7607209\" target=\"_blank\" rel=\"noopener\">MarineTraffic</a>", "vf_url": "https://www.vesselfinder.com/vessels?name=7607209", "mst_url": "https://www.marinetraffic.com/en/ais/search/all?keyword=7607209", "method": "v3_2pass_track3d_fromru10d", "ru_seen_in_lookback": true, "in_monitor_on_day": true}}, {"type": "Feature", "geometry": {"type": "LineString", "coordinates": [[18.729533333333332, 54.382241666666665], [18.73557, 54.38435333333334], [18.793143333333333, 54.41044333333333], [18.981033333333336, 54.44043], [19.090308333333333, 54.565873333333336], [19.07195, 54.71176333333334], [18.916908333333332, 54.823571666666666], [18.727028333333333, 54.919641666666664], [18.514623333333336, 54.99453333333334], [18.199663333333334, 54.980425], [14.978723333333333, 54.68002666666666], [14.288826666666667, 54.65632], [14.08794, 54.69267166666667], [13.892636666666668, 54.72808666666666], [12.392901666666667, 54.64953666666667], [12.310525, 54.621026666666666], [12.25511, 54.58489833333333], [12.211088333333333, 54.497863333333335], [12.067583333333333, 54.436703333333334], [11.846630000000001, 54.43805333333333], [11.633018333333332, 54.47517166666667], [11.421538333333332, 54.531175], [11.206071666666666, 54.58893833333333], [10.980856666666666, 54.60995166666667], [10.789518333333332, 54.67841333333333], [10.827184999999998, 54.793345], [10.865216666666667, 54.91203666666667], [10.984658333333334, 55.0072], [10.990393333333333, 55.131701666666665], [11.10591, 55.22733], [11.040973333333334, 55.36014], [10.879775, 55.515323333333335], [10.784538333333334, 55.637955000000005], [10.810591666666665, 55.767745], [10.906328333333333, 55.883698333333335], [11.043543333333334, 55.988614999999996], [10.4909, 57.850789999999996], [10.294571666666666, 57.844881666666666], [10.09646, 57.839445], [9.8943, 57.83171], [9.692218333333333, 57.81757], [9.490338333333334, 57.78523], [9.317765000000001, 57.7296], [9.142811666666667, 57.67001166666667], [8.976713333333333, 57.60471166666667], [8.800096666666667, 57.54136166666667], [8.62967, 57.47805666666667], [8.458426666666666, 57.418443333333336], [8.284255, 57.35921333333333], [8.113915, 57.301903333333335], [7.995455000000001, 57.211798333333334], [7.83648, 57.066765000000004], [7.674855, 56.90466], [7.488145, 56.72369333333334]]}, "properties": {"label": "MSC TOPAZ", "mmsi": "636017916", "imo": "9502908", "name": "MSC TOPAZ", "shiptype": "", "first_seen_utc": "2026-01-08T00:08:57Z", "last_seen_utc": "2026-01-17T01:02:00Z", "destination": "DEBRV", "eta": "{'Day': 17, 'Hour': 17, 'Minute': 0, 'Month': 12}", "display": "", "links": "<a href=\"https://www.vesselfinder.com/vessels?name=9502908\" target=\"_blank\" rel=\"noopener\">VesselFinder</a> | <a href=\"https://www.marinetraffic.com/en/ais/search/all?keyword=9502908\" target=\"_blank\" rel=\"noopener\">MarineTraffic</a>", "vf_url": "https://www.vesselfinder.com/vessels?name=9502908", "mst_url": "https://www.marinetraffic.com/en/ais/search/all?keyword=9502908", "method": "v3_2pass_track3d_fromru10d", "ru_seen_in_lookback": true, "in_monitor_on_day": true}}, {"type": "Feature", "geometry": {"type": "Point", "coordinates": [7.488145, 56.72369333333334]}, "properties": {"label": "MSC TOPAZ", "mmsi": "636017916", "imo": "9502908", "name": "MSC TOPAZ", "shiptype": "", "first_seen_utc": "2026-01-08T00:08:57Z", "last_seen_utc": "2026-01-17T01:02:00Z", "destination": "DEBRV", "eta": "{'Day': 17, 'Hour': 17, 'Minute': 0, 'Month': 12}", "display": "MSC TOPAZ (636017916)", "links": "<a href=\"https://www.vesselfinder.com/vessels?name=9502908\" target=\"_blank\" rel=\"noopener\">VesselFinder</a> | <a href=\"https://www.marinetraffic.com/en/ais/search/all?keyword=9502908\" target=\"_blank\" rel=\"noopener\">MarineTraffic</a>", "vf_url": "https://www.vesselfinder.com/vessels?name=9502908", "mst_url": "https://www.marinetraffic.com/en/ais/search/all?keyword=9502908", "method": "v3_2pass_track3d_fromru10d", "ru_seen_in_lookback": true, "in_monitor_on_day": true}}, {"type": "Feature", "geometry": {"type": "LineString", "coordinates": [[-1.4207016666666665, 50.89341666666667], [-1.4207116666666666, 50.893395000000005], [-1.4206766666666666, 50.893413333333335], [-1.4207033333333332, 50.89340333333334], [-1.4207500000000002, 50.89339666666667], [-1.4207150000000002, 50.89340666666667], [-1.4207066666666668, 50.89339666666667], [-1.4207483333333333, 50.89339833333334], [-1.4207483333333333, 50.893391666666666], [-1.4207316666666665, 50.893431666666665], [-1.4207616666666667, 50.893413333333335], [-1.4207066666666668, 50.893395000000005], [-1.4207216666666667, 50.893388333333334], [-1.4207383333333332, 50.89343833333333], [-1.4207633333333334, 50.8934], [-1.4207566666666667, 50.89340166666667], [-1.4207433333333335, 50.893384999999995], [-1.4207366666666668, 50.893433333333334], [-1.420735, 50.893411666666665], [-1.420735, 50.893413333333335], [-1.420735, 50.89341666666667], [-1.4207299999999998, 50.89338333333333], [-1.42074, 50.8934], [-1.4207316666666665, 50.89341], [-1.4207066666666668, 50.8934], [-1.4207333333333334, 50.893433333333334], [-1.4207466666666666, 50.89341666666667], [-1.4207033333333332, 50.89339666666667], [-1.4207216666666667, 50.89339], [-1.4207266666666667, 50.893433333333334], [-1.4206716666666668, 50.893391666666666], [-1.4207566666666667, 50.89339666666667], [-1.4207333333333334, 50.893440000000005], [-1.4207383333333332, 50.893395000000005], [-1.4207500000000002, 50.8934], [-1.4207266666666667, 50.893413333333335], [-1.420725, 50.89341], [-1.4206983333333334, 50.89341666666667], [-1.4207416666666668, 50.89345166666667], [-1.4207183333333333, 50.89340333333334], [-1.4207183333333333, 50.89341833333334], [-1.4207233333333333, 50.89341833333334], [-1.4207683333333334, 50.893384999999995], [-1.4207483333333333, 50.893415], [-1.4207383333333332, 50.893413333333335], [-1.4207233333333333, 50.89341666666667], [-1.4207516666666666, 50.89340166666667], [-1.4206966666666667, 50.89342166666667], [-1.4207033333333332, 50.893425], [-1.4207316666666665, 50.89340833333333], [-1.4207266666666667, 50.8934], [-1.4207433333333335, 50.89339833333334], [-1.4207283333333334, 50.893425], [-1.4207366666666668, 50.89344666666667], [-1.4207166666666666, 50.893429999999995], [-1.420755, 50.89341666666667], [-1.4207566666666667, 50.89341], [-1.420685, 50.89340666666667], [-1.420725, 50.89344666666667], [-1.42076, 50.893435], [-1.4207466666666666, 50.893411666666665], [-1.4206866666666669, 50.89341833333334], [-1.4206916666666667, 50.893413333333335], [-1.4207333333333334, 50.89341], [-1.4207166666666666, 50.893429999999995], [-1.4206916666666667, 50.89341666666667], [-1.4207066666666668, 50.89341833333334], [-1.4207466666666666, 50.89340666666667], [-1.4207933333333334, 50.89342], [-1.42072, 50.893395000000005], [-1.4207233333333333, 50.89338], [-1.4207466666666666, 50.89339833333334], [-1.4207183333333333, 50.893405], [-1.42069, 50.89339666666667], [-1.4207316666666665, 50.893413333333335], [-1.4207433333333335, 50.893425], [-1.420725, 50.893431666666665], [-1.4207466666666666, 50.893405], [-1.4207283333333334, 50.893455], [-1.4207016666666665, 50.893411666666665], [-1.4207516666666666, 50.89339666666667], [-1.4207150000000002, 50.893435], [-1.4207316666666665, 50.89340166666667], [-1.4207150000000002, 50.89341833333334], [-1.42072, 50.89340833333333], [-1.4207466666666666, 50.89344333333334], [-1.4207216666666667, 50.893431666666665], [-1.4207266666666667, 50.893415], [-1.4207366666666668, 50.89342833333333], [-1.4207033333333332, 50.89342166666667], [-1.4207166666666666, 50.893413333333335], [-1.4207500000000002, 50.89344833333334], [-1.4207033333333332, 50.893405], [-1.4207033333333332, 50.89341666666667], [-1.4207433333333335, 50.893405], [-1.4207183333333333, 50.89340666666667], [-1.42069, 50.893435], [-1.4207533333333333, 50.893425]]}, "properties": {"label": "EDDYSTONE", "mmsi": "235507000", "imo": "9234070", "name": "EDDYSTONE", "shiptype": "", "first_seen_utc": "2026-01-08T00:09:00Z", "last_seen_utc": "2026-01-17T03:42:56Z", "destination": "GB SOU", "eta": "{'Day': 12, 'Hour': 4, 'Minute': 15, 'Month': 1}", "display": "", "links": "<a href=\"https://www.vesselfinder.com/vessels?name=9234070\" target=\"_blank\" rel=\"noopener\">VesselFinder</a> | <a href=\"https://www.marinetraffic.com/en/ais/search/all?keyword=9234070\" target=\"_blank\" rel=\"noopener\">MarineTraffic</a>", "vf_url": "https://www.vesselfinder.com/vessels?name=9234070", "mst_url": "https://www.marinetraffic.com/en/ais/search/all?keyword=9234070", "method": "v3_2pass_track3d_fromru10d", "ru_seen_in_lookback": true, "in_monitor_on_day": true}}, {"type": "Feature", "geometry": {"type": "Point", "coordinates": [-1.4207533333333333, 50.893425]}, "properties": {"label": "EDDYSTONE", "mmsi": "235507000", "imo": "9234070", "name": "EDDYSTONE", "shiptype": "", "first_seen_utc": "2026-01-08T00:09:00Z", "last_seen_utc": "2026-01-17T03:42:56Z", "destination": "GB SOU", "eta": "{'Day': 12, 'Hour': 4, 'Minute': 15, 'Month': 1}", "display": "EDDYSTONE (235507000)", "links": "<a href=\"https://www.vesselfinder.com/vessels?name=9234070\" target=\"_blank\" rel=\"noopener\">VesselFinder</a> | <a href=\"https://www.marinetraffic.com/en/ais/search/all?keyword=9234070\" target=\"_blank\" rel=\"noopener\">MarineTraffic</a>", "vf_url": "https://www.vesselfinder.com/vessels?name=9234070", "mst_url": "https://www.marinetraffic.com/en/ais/search/all?keyword=9234070", "method": "v3_2pass_track3d_fromru10d", "ru_seen_in_lookback": true, "in_monitor_on_day": true}}, {"type": "Feature", "geometry": {"type": "LineString", "coordinates": [[18.80187, 54.60375833333333], [18.801893333333332, 54.603745], [18.801925, 54.60375833333333], [18.801896666666668, 54.60373833333333], [18.801893333333332, 54.603748333333336], [18.80187, 54.60376], [18.80187, 54.60376833333333], [18.8019, 54.60373333333334], [18.801898333333334, 54.60374], [18.801913333333335, 54.60374], [18.801913333333335, 54.603748333333336], [18.816308333333332, 54.58324833333334], [18.85164, 54.62891166666667], [18.846891666666668, 54.642981666666664], [18.85973166666667, 54.61947], [18.841566666666665, 54.59702666666667], [18.843228333333332, 54.57451833333334], [18.86506166666667, 54.55334666666667], [18.883741666666666, 54.53226666666667], [18.888645, 54.53824], [18.858414999999997, 54.55760166666666], [18.83972, 54.57693166666666], [18.843245000000003, 54.585285], [18.83909, 54.58844666666666], [18.803983333333335, 54.58470333333333], [18.77616, 54.58618], [18.803555, 54.60035666666667], [18.803571666666667, 54.600335], [18.801793333333332, 54.60376], [18.801875, 54.603761666666664], [18.801891666666666, 54.603761666666664], [18.801896666666668, 54.603775000000006], [18.801906666666664, 54.603770000000004], [18.801863333333333, 54.60375333333333], [18.80188, 54.60376833333333], [18.801886666666668, 54.60376333333333], [18.801881666666667, 54.603766666666665], [18.8019, 54.603764999999996], [18.80187, 54.603766666666665], [18.80187, 54.60376833333333], [18.801883333333333, 54.60375333333333], [18.801876666666665, 54.60375833333333], [18.80187, 54.60375], [18.801868333333335, 54.60376333333333], [18.801913333333335, 54.60376], [18.801893333333332, 54.60375833333333], [18.801898333333334, 54.60375], [18.80188, 54.60375833333333], [18.801891666666666, 54.603761666666664], [18.801888333333334, 54.60376833333333], [18.801891666666666, 54.60376833333333], [18.801888333333334, 54.60376333333333], [18.801891666666666, 54.603766666666665], [18.801888333333334, 54.603770000000004], [18.80189, 54.60375333333333], [18.801918333333333, 54.603748333333336], [18.801893333333332, 54.60377166666667], [18.801895000000002, 54.60375666666666], [18.801898333333334, 54.603745], [18.801871666666667, 54.60376833333333], [18.801868333333335, 54.603766666666665]]}, "properties": {"label": "HEL-102", "mmsi": "261007210", "imo": "7625847", "name": "HEL-102", "shiptype": "", "first_seen_utc": "2026-01-08T00:10:05Z", "last_seen_utc": "2026-01-17T03:29:05Z", "destination": "", "eta": "{'Day': 0, 'Hour': 24, 'Minute': 60, 'Month': 0}", "display": "", "links": "<a href=\"https://www.vesselfinder.com/vessels?name=7625847\" target=\"_blank\" rel=\"noopener\">VesselFinder</a> | <a href=\"https://www.marinetraffic.com/en/ais/search/all?keyword=7625847\" target=\"_blank\" rel=\"noopener\">MarineTraffic</a>", "vf_url": "https://www.vesselfinder.com/vessels?name=7625847", "mst_url": "https://www.marinetraffic.com/en/ais/search/all?keyword=7625847", "method": "v3_2pass_track3d_fromru10d", "ru_seen_in_lookback": true, "in_monitor_on_day": true}}, {"type": "Feature", "geometry": {"type": "Point", "coordinates": [18.801868333333335, 54.603766666666665]}, "properties": {"label": "HEL-102", "mmsi": "261007210", "imo": "7625847", "name": "HEL-102", "shiptype": "", "first_seen_utc": "2026-01-08T00:10:05Z", "last_seen_utc": "2026-01-17T03:29:05Z", "destination": "", "eta": "{'Day': 0, 'Hour': 24, 'Minute': 60, 'Month': 0}", "display": "HEL-102 (261007210)", "links": "<a href=\"https://www.vesselfinder.com/vessels?name=7625847\" target=\"_blank\" rel=\"noopener\">VesselFinder</a> | <a href=\"https://www.marinetraffic.com/en/ais/search/all?keyword=7625847\" target=\"_blank\" rel=\"noopener\">MarineTraffic</a>", "vf_url": "https://www.vesselfinder.com/vessels?name=7625847", "mst_url": "https://www.marinetraffic.com/en/ais/search/all?keyword=7625847", "method": "v3_2pass_track3d_fromru10d", "ru_seen_in_lookback": true, "in_monitor_on_day": true}}, {"type": "Feature", "geometry": {"type": "LineString", "coordinates": [[3.7933266666666667, 51.14436], [3.793395, 51.14432333333333], [3.7933866666666662, 51.144325], [3.793403333333333, 51.14434333333334], [3.793381666666667, 51.14434833333333], [3.7934133333333335, 51.14436666666666], [3.793426666666667, 51.14433833333333], [3.793341666666667, 51.144335], [3.7934133333333335, 51.14444833333334], [3.7933783333333335, 51.14429833333334], [3.7933250000000003, 51.144326666666664], [3.7933766666666666, 51.144353333333335], [3.793388333333333, 51.14429166666666], [3.793355, 51.144398333333335], [3.793381666666667, 51.14432333333333], [3.793403333333333, 51.14436166666667], [3.793355, 51.14433], [3.793388333333333, 51.14436], [3.7933766666666666, 51.14430333333333], [3.79339, 51.14431166666667], [3.7933700000000004, 51.144365], [3.7933666666666666, 51.14433833333333], [3.793363333333333, 51.14437], [3.793381666666667, 51.14438333333333], [3.793365, 51.14436833333333], [3.793363333333333, 51.144275], [3.793405, 51.144373333333334], [3.7934133333333335, 51.14435833333334], [3.7933666666666666, 51.144328333333334], [3.7933483333333333, 51.14435], [3.7933850000000002, 51.14426666666667], [3.79379, 51.144261666666665], [3.793805, 51.14424666666666], [3.793815, 51.14425666666667], [3.7937716666666663, 51.14426], [3.7937950000000003, 51.144284999999996], [3.793805, 51.144261666666665], [3.793773333333333, 51.144283333333334], [3.7937749999999997, 51.144275], [3.7937950000000003, 51.144236666666664], [3.793825, 51.144215], [3.7938183333333333, 51.144355000000004], [3.793835, 51.14427833333333], [3.79379, 51.144284999999996], [3.793815, 51.144265000000004], [3.7937583333333333, 51.14427166666667], [3.7937933333333334, 51.14426666666667], [3.793741666666667, 51.14435666666667], [3.793785, 51.144281666666664], [3.7938233333333335, 51.144255], [3.7938166666666664, 51.14425166666667], [3.793773333333333, 51.144268333333336], [3.7938016666666665, 51.14429166666666], [3.7938033333333334, 51.144225], [3.79378, 51.14424333333333], [3.793833333333333, 51.144235], [3.7937950000000003, 51.144236666666664], [3.7938033333333334, 51.14430333333333], [3.793766666666667, 51.14420166666666], [3.79376, 51.14425333333334], [3.79378, 51.144265000000004], [3.793781666666667, 51.14425833333333], [3.7937716666666663, 51.14424833333333], [3.793905, 51.144148333333334], [3.793805, 51.14422833333333], [3.793815, 51.14429333333333], [3.7937916666666665, 51.14431166666667], [3.7938183333333333, 51.14425000000001], [3.7938449999999997, 51.144308333333335], [3.793766666666667, 51.144225], [3.7937866666666666, 51.144261666666665], [3.7937833333333333, 51.14425333333334], [3.7937916666666665, 51.144275], [3.793781666666667, 51.144255], [3.7937516666666666, 51.144239999999996], [3.7937683333333334, 51.14425000000001], [3.793805, 51.14430166666667], [3.793773333333333, 51.14425666666667], [3.793766666666667, 51.14424666666666], [3.7937983333333336, 51.144376666666666], [3.7938449999999997, 51.144261666666665], [3.7937833333333333, 51.144235], [3.793745, 51.14425000000001], [3.79381, 51.144235], [3.7937933333333334, 51.144268333333336], [3.79379, 51.14429333333333], [3.793805, 51.14429], [3.7937583333333333, 51.144239999999996], [3.793755, 51.144218333333335], [3.793788333333333, 51.144235], [3.7938016666666665, 51.14422166666667], [3.7937783333333335, 51.144315], [3.793805, 51.14427666666666], [3.786646666666667, 51.15837], [3.803218333333333, 51.21346333333334], [3.83723, 51.26683166666667]]}, "properties": {"label": "FEDERAL BARENTS", "mmsi": "538006419", "imo": "9697820", "name": "FEDERAL BARENTS", "shiptype": "", "first_seen_utc": "2026-01-08T00:11:46Z", "last_seen_utc": "2026-01-17T03:29:26Z", "destination": "DEMUK", "eta": "{'Day': 20, 'Hour': 6, 'Minute': 0, 'Month': 1}", "display": "", "links": "<a href=\"https://www.vesselfinder.com/vessels?name=9697820\" target=\"_blank\" rel=\"noopener\">VesselFinder</a> | <a href=\"https://www.marinetraffic.com/en/ais/search/all?keyword=9697820\" target=\"_blank\" rel=\"noopener\">MarineTraffic</a>", "vf_url": "https://www.vesselfinder.com/vessels?name=9697820", "mst_url": "https://www.marinetraffic.com/en/ais/search/all?keyword=9697820", "method": "v3_2pass_track3d_fromru10d", "ru_seen_in_lookback": true, "in_monitor_on_day": true}}, {"type": "Feature", "geometry": {"type": "Point", "coordinates": [3.83723, 51.26683166666667]}, "properties": {"label": "FEDERAL BARENTS", "mmsi": "538006419", "imo": "9697820", "name": "FEDERAL BARENTS", "shiptype": "", "first_seen_utc": "2026-01-08T00:11:46Z", "last_seen_utc": "2026-01-17T03:29:26Z", "destination": "DEMUK", "eta": "{'Day': 20, 'Hour': 6, 'Minute': 0, 'Month': 1}", "display": "FEDERAL BARENTS (538006419)", "links": "<a href=\"https://www.vesselfinder.com/vessels?name=9697820\" target=\"_blank\" rel=\"noopener\">VesselFinder</a> | <a href=\"https://www.marinetraffic.com/en/ais/search/all?keyword=9697820\" target=\"_blank\" rel=\"noopener\">MarineTraffic</a>", "vf_url": "https://www.vesselfinder.com/vessels?name=9697820", "mst_url": "https://www.marinetraffic.com/en/ais/search/all?keyword=9697820", "method": "v3_2pass_track3d_fromru10d", "ru_seen_in_lookback": true, "in_monitor_on_day": true}}, {"type": "Feature", "geometry": {"type": "LineString", "coordinates": [[18.802225, 54.60227333333333], [18.80222, 54.602266666666665], [18.802223333333334, 54.602265], [18.802221666666664, 54.602265], [18.802213333333334, 54.602266666666665], [18.802205, 54.60228], [18.802218333333332, 54.60226333333333], [18.802248333333335, 54.60227666666666], [18.802221666666664, 54.60228166666666], [18.802223333333334, 54.60225833333333], [18.834664999999998, 54.596938333333334], [18.844696666666668, 54.62567666666666], [18.828576666666667, 54.64561666666667], [18.823668333333334, 54.66598], [18.835121666666666, 54.68806333333334], [18.84955, 54.66983666666667], [18.856851666666667, 54.64756333333333], [18.87529333333333, 54.62865], [18.87293, 54.60617333333333], [18.888381666666664, 54.58551], [18.87444, 54.599601666666665], [18.879778333333334, 54.621356666666664], [18.887189999999997, 54.638245], [18.872811666666667, 54.63178333333334], [18.813251666666666, 54.58739666666667], [18.801746666666666, 54.59997833333333], [18.801751666666668, 54.59993833333333], [18.801751666666668, 54.59996], [18.80223, 54.602288333333334], [18.802221666666664, 54.602275], [18.80221166666667, 54.60228333333334], [18.80221166666667, 54.60229], [18.80223, 54.602275], [18.802225, 54.60228166666666], [18.802218333333332, 54.60227333333333], [18.802208333333333, 54.60227], [18.802208333333333, 54.602291666666666], [18.80221, 54.60229], [18.802236666666666, 54.60227], [18.802228333333336, 54.602265], [18.802225, 54.602266666666665], [18.802226666666666, 54.60228333333334], [18.80222, 54.60228333333334], [18.802231666666668, 54.60228], [18.802236666666666, 54.60228666666667], [18.80221166666667, 54.60227333333333], [18.802233333333334, 54.60228166666666], [18.802221666666664, 54.60228333333334], [18.80223833333333, 54.60227833333333], [18.802223333333334, 54.60227833333333], [18.802226666666666, 54.60228333333334], [18.80223, 54.60227333333333], [18.802228333333336, 54.602266666666665], [18.802235, 54.602261666666664], [18.802228333333336, 54.602266666666665], [18.802218333333332, 54.602288333333334], [18.802216666666666, 54.602261666666664], [18.80222, 54.60227666666666], [18.802216666666666, 54.60227333333333], [18.80223833333333, 54.60227166666667], [18.802231666666668, 54.60227833333333], [18.802225, 54.602291666666666], [18.802223333333334, 54.602266666666665], [18.802226666666666, 54.60228166666666], [18.802228333333336, 54.60228666666667], [18.802236666666666, 54.60227166666667], [18.802215, 54.602285], [18.80221, 54.602265], [18.80221166666667, 54.602268333333335], [18.80223, 54.602285], [18.80220166666667, 54.60227833333333], [18.802243333333333, 54.602266666666665], [18.802248333333335, 54.602288333333334], [18.802225, 54.60228666666667], [18.802223333333334, 54.60228166666666], [18.802221666666664, 54.60228166666666], [18.802215, 54.602275], [18.80222, 54.60227333333333], [18.80221, 54.602293333333336], [18.802216666666666, 54.60228333333334], [18.802216666666666, 54.60228], [18.80222, 54.60228], [18.802223333333334, 54.60227666666666], [18.802223333333334, 54.60228666666667], [18.802215, 54.602275], [18.80223, 54.60227666666666], [18.802223333333334, 54.602268333333335], [18.802225, 54.60227333333333], [18.802235, 54.60228166666666], [18.802243333333333, 54.60229], [18.802235, 54.60228166666666], [18.802235, 54.60228166666666], [18.802223333333334, 54.60227833333333], [18.80223, 54.60227833333333], [18.802233333333334, 54.602285], [18.802239999999998, 54.602285], [18.80222, 54.60227666666666], [18.802228333333336, 54.602291666666666], [18.802236666666666, 54.60227666666666], [18.802226666666666, 54.60227833333333], [18.802233333333334, 54.602266666666665], [18.802235, 54.60227166666667]]}, "properties": {"label": "JAS-76", "mmsi": "261007950", "imo": "", "name": "JAS-76", "shiptype": "", "first_seen_utc": "2026-01-08T00:12:45Z", "last_seen_utc": "2026-01-17T03:39:31Z", "destination": "HEL", "eta": "{'Day': 15, 'Hour': 13, 'Minute': 40, 'Month': 1}", "display": "", "links": "<a href=\"https://www.vesselfinder.com/vessels?name=261007950\" target=\"_blank\" rel=\"noopener\">VesselFinder</a> | <a href=\"https://www.marinetraffic.com/en/ais/search/all?keyword=261007950\" target=\"_blank\" rel=\"noopener\">MarineTraffic</a>", "vf_url": "https://www.vesselfinder.com/vessels?name=261007950", "mst_url": "https://www.marinetraffic.com/en/ais/search/all?keyword=261007950", "method": "v3_2pass_track3d_fromru10d", "ru_seen_in_lookback": true, "in_monitor_on_day": true}}, {"type": "Feature", "geometry": {"type": "Point", "coordinates": [18.802235, 54.60227166666667]}, "properties": {"label": "JAS-76", "mmsi": "261007950", "imo": "", "name": "JAS-76", "shiptype": "", "first_seen_utc": "2026-01-08T00:12:45Z", "last_seen_utc": "2026-01-17T03:39:31Z", "destination": "HEL", "eta": "{'Day': 15, 'Hour': 13, 'Minute': 40, 'Month': 1}", "display": "JAS-76 (261007950)", "links": "<a href=\"https://www.vesselfinder.com/vessels?name=261007950\" target=\"_blank\" rel=\"noopener\">VesselFinder</a> | <a href=\"https://www.marinetraffic.com/en/ais/search/all?keyword=261007950\" target=\"_blank\" rel=\"noopener\">MarineTraffic</a>", "vf_url": "https://www.vesselfinder.com/vessels?name=261007950", "mst_url": "https://www.marinetraffic.com/en/ais/search/all?keyword=261007950", "method": "v3_2pass_track3d_fromru10d", "ru_seen_in_lookback": true, "in_monitor_on_day": true}}, {"type": "Feature", "geometry": {"type": "LineString", "coordinates": [[6.213945, 53.72203833333333], [6.404991666666667, 53.76073833333333], [6.600723333333334, 53.78658], [6.801505000000001, 53.81192333333333], [7.007068333333334, 53.83939833333333], [7.2138800000000005, 53.86880166666666], [7.420238333333333, 53.89739833333333], [7.637076666666667, 53.92694166666667], [9.012618333333334, 53.855131666666665], [9.112881666666668, 53.88551333333333], [9.143216666666666, 53.893119999999996], [9.14655, 53.89501], [9.210926666666667, 53.93264], [9.270666666666667, 53.97629666666667], [9.300523333333333, 54.027908333333336], [9.320311666666667, 54.082011666666666], [9.336219999999999, 54.13511166666667], [9.412551666666667, 54.163515], [9.497918333333333, 54.185325], [9.580223333333333, 54.211771666666664], [9.622636666666667, 54.25909333333333], [9.688189999999999, 54.29455166666666], [9.74038, 54.33672166666667], [9.81978, 54.363551666666666], [9.911115, 54.34713833333333], [9.998303333333332, 54.350680000000004], [10.079095, 54.36907333333333], [10.123899999999999, 54.36812833333333], [10.139733333333334, 54.365775], [10.160501666666667, 54.36331], [10.233541666666667, 54.435685], [10.326001666666667, 54.49525166666667], [10.508981666666667, 54.54098], [10.656445, 54.56693333333333], [10.809675, 54.57599166666667], [10.961996666666666, 54.58475833333333], [11.109471666666668, 54.59213166666667], [11.252008333333333, 54.56419666666667], [11.381265, 54.52598833333333], [11.516051666666668, 54.48770833333333], [11.662165, 54.447015], [11.804033333333333, 54.40987666666667], [11.964131666666667, 54.40745833333334], [12.121148333333334, 54.40779833333333], [12.236433333333334, 54.45898], [12.319260000000002, 54.58926333333333], [18.391241666666666, 55.04081], [18.4979, 54.98323166666667], [18.615473333333334, 54.93089333333333], [18.737141666666666, 54.881495], [18.860405, 54.82920166666667], [18.970351666666666, 54.772603333333336], [19.033575, 54.699036666666665], [19.071291666666664, 54.61729666666667], [19.020696666666666, 54.539750000000005], [18.96117333333333, 54.47020666666666]]}, "properties": {"label": "ELBWIND", "mmsi": "210017000", "imo": "9483334", "name": "ELBWIND", "shiptype": "", "first_seen_utc": "2026-01-08T00:12:56Z", "last_seen_utc": "2026-01-17T03:33:55Z", "destination": "PLGDN", "eta": "{'Day': 17, 'Hour': 5, 'Minute': 0, 'Month': 1}", "display": "", "links": "<a href=\"https://www.vesselfinder.com/vessels?name=9483334\" target=\"_blank\" rel=\"noopener\">VesselFinder</a> | <a href=\"https://www.marinetraffic.com/en/ais/search/all?keyword=9483334\" target=\"_blank\" rel=\"noopener\">MarineTraffic</a>", "vf_url": "https://www.vesselfinder.com/vessels?name=9483334", "mst_url": "https://www.marinetraffic.com/en/ais/search/all?keyword=9483334", "method": "v3_2pass_track3d_fromru10d", "ru_seen_in_lookback": true, "in_monitor_on_day": true}}, {"type": "Feature", "geometry": {"type": "Point", "coordinates": [18.96117333333333, 54.47020666666666]}, "properties": {"label": "ELBWIND", "mmsi": "210017000", "imo": "9483334", "name": "ELBWIND", "shiptype": "", "first_seen_utc": "2026-01-08T00:12:56Z", "last_seen_utc": "2026-01-17T03:33:55Z", "destination": "PLGDN", "eta": "{'Day': 17, 'Hour': 5, 'Minute': 0, 'Month': 1}", "display": "ELBWIND (210017000)", "links": "<a href=\"https://www.vesselfinder.com/vessels?name=9483334\" target=\"_blank\" rel=\"noopener\">VesselFinder</a> | <a href=\"https://www.marinetraffic.com/en/ais/search/all?keyword=9483334\" target=\"_blank\" rel=\"noopener\">MarineTraffic</a>", "vf_url": "https://www.vesselfinder.com/vessels?name=9483334", "mst_url": "https://www.marinetraffic.com/en/ais/search/all?keyword=9483334", "method": "v3_2pass_track3d_fromru10d", "ru_seen_in_lookback": true, "in_monitor_on_day": true}}, {"type": "Feature", "geometry": {"type": "LineString", "coordinates": [[18.550615, 54.520445], [18.55061166666667, 54.520446666666665], [18.550615, 54.520446666666665], [18.550613333333335, 54.52044166666667], [18.55061166666667, 54.520446666666665], [18.550608333333333, 54.520446666666665], [18.550608333333333, 54.520448333333334], [18.55061166666667, 54.520445], [18.550616666666667, 54.52044166666667], [18.550613333333335, 54.52043833333333], [18.55062, 54.520445], [18.550615, 54.52044333333333], [18.55061166666667, 54.520445], [18.550613333333335, 54.520445], [18.55910833333333, 54.52014166666667], [18.570686666666667, 54.510145], [18.569076666666668, 54.507065], [18.567198333333334, 54.506888333333336], [18.573125, 54.50752833333333], [18.575253333333333, 54.507780000000004], [18.568604999999998, 54.50792666666667], [18.569161666666666, 54.507965], [18.568499999999997, 54.506445], [18.568848333333335, 54.509660000000004], [18.550613333333335, 54.52044333333333], [18.55061166666667, 54.52044166666667], [18.550608333333333, 54.52044333333333], [18.550603333333335, 54.52044166666667], [18.550603333333335, 54.52044], [18.550605, 54.52044], [18.550606666666667, 54.52043833333333], [18.550608333333333, 54.52044], [18.550606666666667, 54.52044333333333], [18.55061166666667, 54.520445], [18.55061166666667, 54.52044333333333], [18.55061166666667, 54.520445], [18.55061166666667, 54.520445], [18.550616666666667, 54.520435], [18.55061, 54.52044166666667], [18.550608333333333, 54.52044], [18.550606666666667, 54.52044333333333], [18.550605, 54.520446666666665], [18.550605, 54.520446666666665], [18.5506, 54.520445], [18.550605, 54.520446666666665], [18.550603333333335, 54.520446666666665], [18.550608333333333, 54.520445], [18.550605, 54.520445], [18.550606666666667, 54.52044333333333], [18.550605, 54.52044333333333], [18.550603333333335, 54.520445], [18.55060166666667, 54.520446666666665], [18.55060166666667, 54.520448333333334], [18.550603333333335, 54.52044333333333], [18.55061, 54.52044166666667], [18.550605, 54.52043666666667], [18.55061166666667, 54.52044], [18.550605, 54.520445], [18.550603333333335, 54.520446666666665], [18.550606666666667, 54.520448333333334], [18.550603333333335, 54.520446666666665], [18.550603333333335, 54.520446666666665], [18.550605, 54.520446666666665], [18.55060166666667, 54.520445], [18.55060166666667, 54.520448333333334], [18.5506, 54.520446666666665], [18.550605, 54.520445], [18.55060166666667, 54.52044166666667], [18.550605, 54.52045], [18.550603333333335, 54.52044333333333], [18.55061166666667, 54.52044], [18.55061, 54.52044333333333], [18.550605, 54.52044333333333], [18.55060166666667, 54.52044166666667], [18.55060166666667, 54.52044], [18.550605, 54.52044], [18.55060166666667, 54.520445], [18.55061, 54.520446666666665], [18.550608333333333, 54.520446666666665], [18.550608333333333, 54.52044333333333], [18.55061166666667, 54.520445], [18.550608333333333, 54.520448333333334], [18.55061, 54.52044333333333], [18.550606666666667, 54.520445], [18.550606666666667, 54.520445], [18.550608333333333, 54.520445], [18.550606666666667, 54.520446666666665], [18.550608333333333, 54.520448333333334], [18.550594999999998, 54.52044333333333], [18.5506, 54.520445], [18.550605, 54.520446666666665], [18.550608333333333, 54.520446666666665], [18.550605, 54.520448333333334], [18.550606666666667, 54.520446666666665], [18.550605, 54.52044333333333], [18.550603333333335, 54.52044333333333], [18.55060166666667, 54.520448333333334], [18.5506, 54.520451666666666], [18.550605, 54.52044333333333]]}, "properties": {"label": "KONSTELACJA", "mmsi": "261092010", "imo": "", "name": "KONSTELACJA", "shiptype": "", "first_seen_utc": "2026-01-08T00:13:31Z", "last_seen_utc": "2026-01-17T03:40:14Z", "destination": "GDYNIA KALIBRACJA", "eta": "{'Day': 15, 'Hour': 9, 'Minute': 15, 'Month': 1}", "display": "", "links": "<a href=\"https://www.vesselfinder.com/vessels?name=261092010\" target=\"_blank\" rel=\"noopener\">VesselFinder</a> | <a href=\"https://www.marinetraffic.com/en/ais/search/all?keyword=261092010\" target=\"_blank\" rel=\"noopener\">MarineTraffic</a>", "vf_url": "https://www.vesselfinder.com/vessels?name=261092010", "mst_url": "https://www.marinetraffic.com/en/ais/search/all?keyword=261092010", "method": "v3_2pass_track3d_fromru10d", "ru_seen_in_lookback": true, "in_monitor_on_day": true}}, {"type": "Feature", "geometry": {"type": "Point", "coordinates": [18.550605, 54.52044333333333]}, "properties": {"label": "KONSTELACJA", "mmsi": "261092010", "imo": "", "name": "KONSTELACJA", "shiptype": "", "first_seen_utc": "2026-01-08T00:13:31Z", "last_seen_utc": "2026-01-17T03:40:14Z", "destination": "GDYNIA KALIBRACJA", "eta": "{'Day': 15, 'Hour': 9, 'Minute': 15, 'Month': 1}", "display": "KONSTELACJA (261092010)", "links": "<a href=\"https://www.vesselfinder.com/vessels?name=261092010\" target=\"_blank\" rel=\"noopener\">VesselFinder</a> | <a href=\"https://www.marinetraffic.com/en/ais/search/all?keyword=261092010\" target=\"_blank\" rel=\"noopener\">MarineTraffic</a>", "vf_url": "https://www.vesselfinder.com/vessels?name=261092010", "mst_url": "https://www.marinetraffic.com/en/ais/search/all?keyword=261092010", "method": "v3_2pass_track3d_fromru10d", "ru_seen_in_lookback": true, "in_monitor_on_day": true}}, {"type": "Feature", "geometry": {"type": "LineString", "coordinates": [[18.991081666666666, 54.935251666666666], [19.00415, 54.80925833333333], [18.957116666666664, 54.68792], [18.863061666666667, 54.57855166666666], [18.677308333333333, 54.537283333333335], [18.529913333333333, 54.53818166666667], [18.50800333333333, 54.54286666666667], [18.508010000000002, 54.54286833333333], [18.508008333333333, 54.54287333333333], [18.508006666666667, 54.542865], [18.508013333333334, 54.54285166666667], [18.508, 54.54287], [18.50799, 54.542856666666665], [18.50800333333333, 54.54287166666666], [18.507995, 54.54287], [18.50801166666667, 54.54286333333334], [18.508, 54.54287], [18.507985, 54.54287333333333], [18.50801166666667, 54.542875], [18.50800333333333, 54.542885], [18.508013333333334, 54.542856666666665], [18.507995, 54.54286333333334], [18.508016666666666, 54.542858333333335], [18.508006666666667, 54.542860000000005], [18.508005, 54.542878333333334], [18.507996666666667, 54.542865], [18.508010000000002, 54.54285333333333], [18.508006666666667, 54.54286166666667], [18.508005, 54.54286833333333], [18.508005, 54.54287166666666], [18.508006666666667, 54.54286833333333], [18.508010000000002, 54.542865], [18.50801166666667, 54.542865], [18.508013333333334, 54.54286333333334], [18.508016666666666, 54.54286666666667], [18.508013333333334, 54.54287166666666], [18.508016666666666, 54.54286166666667], [18.507998333333333, 54.542860000000005], [18.508005, 54.542865], [18.50642333333333, 54.54428666666667], [18.502554999999997, 54.54460666666667], [18.50257, 54.54462], [18.502583333333334, 54.544624999999996], [18.502571666666665, 54.544628333333335], [18.502578333333336, 54.54461666666667], [18.50257333333333, 54.544624999999996], [18.502576666666666, 54.54461666666667], [18.502568333333333, 54.544623333333334], [18.502554999999997, 54.544628333333335], [18.502565, 54.544624999999996], [18.502571666666665, 54.54461833333333], [18.502578333333336, 54.544621666666664], [18.50257333333333, 54.54462], [18.502568333333333, 54.54462], [18.50259, 54.54461166666667], [18.502575, 54.544608333333336], [18.50256166666667, 54.544623333333334], [18.50255333333333, 54.544626666666666], [18.502566666666667, 54.544628333333335], [18.50256166666667, 54.544621666666664], [18.502566666666667, 54.54461833333333], [18.510586666666665, 54.54309], [18.618791666666667, 54.53202], [18.817398333333333, 54.537218333333335], [18.948946666666664, 54.64998666666667], [18.751793333333335, 54.879585], [12.335911666666668, 54.64635833333333], [12.226235, 54.52636], [12.109193333333334, 54.43857833333333], [11.894946666666668, 54.446670000000005]]}, "properties": {"label": "ELBWAVE", "mmsi": "209276000", "imo": "9504035", "name": "ELBWAVE", "shiptype": "", "first_seen_utc": "2026-01-08T00:14:05Z", "last_seen_utc": "2026-01-17T03:56:02Z", "destination": "DEHAM", "eta": "{'Day': 18, 'Hour': 0, 'Minute': 0, 'Month': 1}", "display": "", "links": "<a href=\"https://www.vesselfinder.com/vessels?name=9504035\" target=\"_blank\" rel=\"noopener\">VesselFinder</a> | <a href=\"https://www.marinetraffic.com/en/ais/search/all?keyword=9504035\" target=\"_blank\" rel=\"noopener\">MarineTraffic</a>", "vf_url": "https://www.vesselfinder.com/vessels?name=9504035", "mst_url": "https://www.marinetraffic.com/en/ais/search/all?keyword=9504035", "method": "v3_2pass_track3d_fromru10d", "ru_seen_in_lookback": true, "in_monitor_on_day": true}}, {"type": "Feature", "geometry": {"type": "Point", "coordinates": [11.894946666666668, 54.446670000000005]}, "properties": {"label": "ELBWAVE", "mmsi": "209276000", "imo": "9504035", "name": "ELBWAVE", "shiptype": "", "first_seen_utc": "2026-01-08T00:14:05Z", "last_seen_utc": "2026-01-17T03:56:02Z", "destination": "DEHAM", "eta": "{'Day': 18, 'Hour': 0, 'Minute': 0, 'Month': 1}", "display": "ELBWAVE (209276000)", "links": "<a href=\"https://www.vesselfinder.com/vessels?name=9504035\" target=\"_blank\" rel=\"noopener\">VesselFinder</a> | <a href=\"https://www.marinetraffic.com/en/ais/search/all?keyword=9504035\" target=\"_blank\" rel=\"noopener\">MarineTraffic</a>", "vf_url": "https://www.vesselfinder.com/vessels?name=9504035", "mst_url": "https://www.marinetraffic.com/en/ais/search/all?keyword=9504035", "method": "v3_2pass_track3d_fromru10d", "ru_seen_in_lookback": true, "in_monitor_on_day": true}}, {"type": "Feature", "geometry": {"type": "LineString", "coordinates": [[19.0215, 54.91016666666667], [19.036833333333334, 54.78933333333334], [19.049833333333332, 54.67333333333333], [19.032666666666668, 54.5635], [18.943833333333334, 54.45733333333333], [18.81683333333333, 54.44833333333334], [18.816333333333333, 54.44916666666666], [18.816333333333333, 54.449333333333335], [18.815833333333334, 54.44916666666666], [18.815833333333334, 54.44916666666666], [18.816, 54.449333333333335], [18.816166666666668, 54.449333333333335], [18.815833333333334, 54.449333333333335], [18.816, 54.449333333333335], [18.81566666666667, 54.44916666666666], [18.8155, 54.44916666666666], [18.81566666666667, 54.44916666666666], [18.815833333333334, 54.449333333333335], [18.81566666666667, 54.449333333333335], [18.815833333333334, 54.449333333333335], [18.81566666666667, 54.449333333333335], [18.815833333333334, 54.449333333333335], [18.815333333333335, 54.44916666666666], [18.8155, 54.44916666666666], [18.81566666666667, 54.449333333333335], [18.81566666666667, 54.449333333333335], [18.8155, 54.44916666666666], [18.81566666666667, 54.449333333333335], [18.81566666666667, 54.449333333333335], [18.816166666666668, 54.448166666666665], [18.785, 54.4125], [18.719, 54.38783333333333], [18.71916666666667, 54.38766666666667], [18.719333333333335, 54.38766666666667], [18.719333333333335, 54.38783333333333], [18.71916666666667, 54.38766666666667], [18.71916666666667, 54.38783333333333], [18.71916666666667, 54.38783333333333], [18.71916666666667, 54.38766666666667], [18.71916666666667, 54.38766666666667], [18.71916666666667, 54.38783333333333], [18.71916666666667, 54.38783333333333], [18.719333333333335, 54.38766666666667], [18.719333333333335, 54.38766666666667], [18.719333333333335, 54.38766666666667], [18.71916666666667, 54.38783333333333], [18.71916666666667, 54.38766666666667], [18.719333333333335, 54.38766666666667], [18.719333333333335, 54.38783333333333], [18.719333333333335, 54.38783333333333], [18.71916666666667, 54.38766666666667], [18.719333333333335, 54.38783333333333], [18.71916666666667, 54.38783333333333], [18.719333333333335, 54.38766666666667], [18.719333333333335, 54.38766666666667], [18.71916666666667, 54.38766666666667], [18.71916666666667, 54.38783333333333], [18.71916666666667, 54.38766666666667], [18.719333333333335, 54.38766666666667], [18.719333333333335, 54.38766666666667], [18.719333333333335, 54.38766666666667], [18.719333333333335, 54.38783333333333], [18.719333333333335, 54.38783333333333], [18.71916666666667, 54.38783333333333], [18.71916666666667, 54.38783333333333], [18.7905, 54.410666666666664], [18.970833333333335, 54.438833333333335], [19.078333333333333, 54.55683333333333], [19.079166666666666, 54.681666666666665], [18.9125, 54.792833333333334]]}, "properties": {"label": "RAGNA", "mmsi": "211265530", "imo": "9173329", "name": "RAGNA", "shiptype": "", "first_seen_utc": "2026-01-08T00:14:36Z", "last_seen_utc": "2026-01-17T00:34:35Z", "destination": "PLSZZ", "eta": "{'Day': 17, 'Hour': 16, 'Minute': 0, 'Month': 1}", "display": "", "links": "<a href=\"https://www.vesselfinder.com/vessels?name=9173329\" target=\"_blank\" rel=\"noopener\">VesselFinder</a> | <a href=\"https://www.marinetraffic.com/en/ais/search/all?keyword=9173329\" target=\"_blank\" rel=\"noopener\">MarineTraffic</a>", "vf_url": "https://www.vesselfinder.com/vessels?name=9173329", "mst_url": "https://www.marinetraffic.com/en/ais/search/all?keyword=9173329", "method": "v3_2pass_track3d_fromru10d", "ru_seen_in_lookback": true, "in_monitor_on_day": true}}, {"type": "Feature", "geometry": {"type": "Point", "coordinates": [18.9125, 54.792833333333334]}, "properties": {"label": "RAGNA", "mmsi": "211265530", "imo": "9173329", "name": "RAGNA", "shiptype": "", "first_seen_utc": "2026-01-08T00:14:36Z", "last_seen_utc": "2026-01-17T00:34:35Z", "destination": "PLSZZ", "eta": "{'Day': 17, 'Hour': 16, 'Minute': 0, 'Month': 1}", "display": "RAGNA (211265530)", "links": "<a href=\"https://www.vesselfinder.com/vessels?name=9173329\" target=\"_blank\" rel=\"noopener\">VesselFinder</a> | <a href=\"https://www.marinetraffic.com/en/ais/search/all?keyword=9173329\" target=\"_blank\" rel=\"noopener\">MarineTraffic</a>", "vf_url": "https://www.vesselfinder.com/vessels?name=9173329", "mst_url": "https://www.marinetraffic.com/en/ais/search/all?keyword=9173329", "method": "v3_2pass_track3d_fromru10d", "ru_seen_in_lookback": true, "in_monitor_on_day": true}}, {"type": "Feature", "geometry": {"type": "LineString", "coordinates": [[10.29369, 54.476548333333334], [10.549996666666667, 54.54741833333333], [10.709598333333334, 54.56402833333333], [10.879954999999999, 54.572896666666665], [11.038884999999999, 54.580236666666664], [11.189075, 54.572118333333336], [11.327846666666666, 54.53628166666667], [11.464815, 54.49480333333334], [11.603280000000002, 54.461731666666665], [11.743030000000001, 54.42006666666667], [11.896971666666667, 54.409126666666666], [12.056265, 54.41142833333333], [12.199596666666668, 54.430011666666665], [18.41071833333333, 54.92107], [18.572506666666666, 54.92331166666667], [18.823216666666667, 54.84267833333333], [18.930046666666666, 54.79799333333334], [19.009068333333335, 54.744545], [19.04695, 54.6748], [18.989801666666665, 54.61257833333333], [18.928491666666666, 54.546955000000004], [18.86889, 54.48278666666667], [18.83065333333333, 54.43870833333334], [18.82832833333333, 54.43980833333333], [18.828321666666668, 54.439785], [18.82831666666667, 54.439814999999996], [18.828513333333333, 54.43982166666667], [18.82876666666667, 54.43990333333333], [18.828595, 54.43982833333334], [18.828651666666666, 54.43985166666666], [18.828443333333333, 54.439814999999996], [18.828421666666667, 54.43984833333333], [18.828453333333336, 54.43981833333333], [18.828831666666666, 54.43989166666667], [18.828626666666665, 54.43985833333333], [18.828916666666665, 54.439895], [18.82871, 54.43986333333333], [18.828818333333334, 54.43988], [18.829011666666666, 54.43990833333333], [18.829028333333333, 54.439899999999994], [18.828986666666665, 54.439904999999996], [18.829158333333332, 54.439915], [18.829321666666665, 54.43992166666667], [18.82927833333333, 54.439915], [18.828965, 54.439895], [18.828785, 54.43984666666667], [18.828386666666667, 54.43981333333333], [18.82834666666667, 54.43978833333333], [18.828476666666667, 54.43981333333333], [18.828533333333333, 54.439798333333336], [18.828558333333334, 54.439843333333336], [18.828866666666666, 54.439875], [18.828701666666667, 54.439854999999994]]}, "properties": {"label": "SVENDBORG", "mmsi": "255805594", "imo": "9454230", "name": "SVENDBORG", "shiptype": "", "first_seen_utc": "2026-01-08T00:16:02Z", "last_seen_utc": "2026-01-17T03:36:14Z", "destination": "PL GDN", "eta": "{'Day': 17, 'Hour': 16, 'Minute': 0, 'Month': 1}", "display": "", "links": "<a href=\"https://www.vesselfinder.com/vessels?name=9454230\" target=\"_blank\" rel=\"noopener\">VesselFinder</a> | <a href=\"https://www.marinetraffic.com/en/ais/search/all?keyword=9454230\" target=\"_blank\" rel=\"noopener\">MarineTraffic</a>", "vf_url": "https://www.vesselfinder.com/vessels?name=9454230", "mst_url": "https://www.marinetraffic.com/en/ais/search/all?keyword=9454230", "method": "v3_2pass_track3d_fromru10d", "ru_seen_in_lookback": true, "in_monitor_on_day": true}}, {"type": "Feature", "geometry": {"type": "Point", "coordinates": [18.828701666666667, 54.439854999999994]}, "properties": {"label": "SVENDBORG", "mmsi": "255805594", "imo": "9454230", "name": "SVENDBORG", "shiptype": "", "first_seen_utc": "2026-01-08T00:16:02Z", "last_seen_utc": "2026-01-17T03:36:14Z", "destination": "PL GDN", "eta": "{'Day': 17, 'Hour': 16, 'Minute': 0, 'Month': 1}", "display": "SVENDBORG (255805594)", "links": "<a href=\"https://www.vesselfinder.com/vessels?name=9454230\" target=\"_blank\" rel=\"noopener\">VesselFinder</a> | <a href=\"https://www.marinetraffic.com/en/ais/search/all?keyword=9454230\" target=\"_blank\" rel=\"noopener\">MarineTraffic</a>", "vf_url": "https://www.vesselfinder.com/vessels?name=9454230", "mst_url": "https://www.marinetraffic.com/en/ais/search/all?keyword=9454230", "method": "v3_2pass_track3d_fromru10d", "ru_seen_in_lookback": true, "in_monitor_on_day": true}}, {"type": "Feature", "geometry": {"type": "LineString", "coordinates": [[19.25667333333333, 54.527285], [19.315973333333332, 54.45859333333333], [19.392861666666665, 54.55075333333333], [19.303858333333334, 54.492219999999996], [19.217701666666667, 54.43363166666666], [19.117013333333333, 54.446735], [18.99462, 54.46013333333334], [18.91491166666667, 54.51477], [18.958176666666667, 54.58634333333334], [19.076088333333335, 54.61806], [19.13078833333333, 54.63355333333333], [19.14455, 54.63527333333333], [19.184771666666666, 54.631409999999995], [19.226305, 54.63222666666666], [19.264701666666667, 54.63272], [19.318978333333334, 54.646], [19.29720166666667, 54.62707666666667], [19.25769, 54.61983333333333], [19.215198333333333, 54.62091], [19.171891666666667, 54.62544833333333], [19.133643333333335, 54.637895], [19.157921666666667, 54.632688333333334], [19.196841666666668, 54.61947], [19.234978333333334, 54.616348333333335], [19.27346, 54.61283], [19.260313333333333, 54.61754833333334], [19.214038333333335, 54.621025], [19.169196666666668, 54.625595], [19.125015, 54.631375000000006], [19.096211666666665, 54.638235], [19.140048333333333, 54.63897], [19.170681666666667, 54.64541333333333], [19.16947, 54.65318833333333], [19.104429999999997, 54.64709166666667], [19.004605, 54.625951666666666], [18.886275, 54.60228666666667], [18.795933333333334, 54.586758333333336], [18.801978333333334, 54.599985], [18.801991666666666, 54.599979999999995], [18.801981666666666, 54.59997], [18.780038333333334, 54.586765], [18.693550000000002, 54.54234833333333], [18.57326, 54.516648333333336], [18.555351666666663, 54.52215666666667], [18.555328333333332, 54.52216], [18.555323333333334, 54.522151666666666], [18.555308333333336, 54.52216333333333], [18.55532, 54.522124999999996], [18.55533666666667, 54.52215], [18.555333333333333, 54.522146666666664], [18.555325, 54.52215833333333], [18.555343333333333, 54.52215833333333], [18.555328333333332, 54.52215833333333], [18.555321666666668, 54.522151666666666], [18.555326666666666, 54.52215], [18.555311666666668, 54.522153333333335], [18.555311666666668, 54.52215666666667], [18.555315, 54.522151666666666], [18.555313333333334, 54.522145], [18.555311666666668, 54.52213666666667], [18.555326666666666, 54.522151666666666], [18.55532, 54.52216333333333], [18.555335, 54.522148333333334], [18.555313333333334, 54.52214333333333], [18.55533, 54.522131666666674], [18.555316666666666, 54.522166666666664], [18.555331666666667, 54.52216333333333], [18.55532, 54.522155], [18.555323333333334, 54.522146666666664], [18.555331666666667, 54.52217666666666], [18.555308333333336, 54.52215], [18.555311666666668, 54.522153333333335], [18.555315, 54.522148333333334], [18.555315, 54.52215833333333], [18.555311666666668, 54.522165], [18.555315, 54.52215833333333], [18.55533, 54.522146666666664], [18.555311666666668, 54.52215], [18.55530666666667, 54.522155], [18.55534, 54.522165], [18.555333333333333, 54.522146666666664], [18.555326666666666, 54.52215], [18.555328333333332, 54.522153333333335], [18.555315, 54.522151666666666], [18.55532, 54.522153333333335], [18.555331666666667, 54.522145], [18.555325, 54.52217333333333], [18.555341666666667, 54.52216], [18.555341666666667, 54.52216333333333], [18.555383333333335, 54.522171666666665], [18.555316666666666, 54.52215833333333], [18.55534833333333, 54.522175], [18.555345, 54.522146666666664], [18.55534, 54.52214166666667], [18.555326666666666, 54.522146666666664], [18.55532, 54.52216166666666], [18.555325, 54.52216]]}, "properties": {"label": "ORKA WLA-139", "mmsi": "261497000", "imo": "7905211", "name": "ORKA WLA-139", "shiptype": "", "first_seen_utc": "2026-01-08T00:16:46Z", "last_seen_utc": "2026-01-17T03:24:37Z", "destination": "CPA 0.3NM AFT", "eta": "{'Day': 0, 'Hour': 24, 'Minute': 60, 'Month': 0}", "display": "", "links": "<a href=\"https://www.vesselfinder.com/vessels?name=7905211\" target=\"_blank\" rel=\"noopener\">VesselFinder</a> | <a href=\"https://www.marinetraffic.com/en/ais/search/all?keyword=7905211\" target=\"_blank\" rel=\"noopener\">MarineTraffic</a>", "vf_url": "https://www.vesselfinder.com/vessels?name=7905211", "mst_url": "https://www.marinetraffic.com/en/ais/search/all?keyword=7905211", "method": "v3_2pass_track3d_fromru10d", "ru_seen_in_lookback": true, "in_monitor_on_day": true}}, {"type": "Feature", "geometry": {"type": "Point", "coordinates": [18.555325, 54.52216]}, "properties": {"label": "ORKA WLA-139", "mmsi": "261497000", "imo": "7905211", "name": "ORKA WLA-139", "shiptype": "", "first_seen_utc": "2026-01-08T00:16:46Z", "last_seen_utc": "2026-01-17T03:24:37Z", "destination": "CPA 0.3NM AFT", "eta": "{'Day': 0, 'Hour': 24, 'Minute': 60, 'Month': 0}", "display": "ORKA WLA-139 (261497000)", "links": "<a href=\"https://www.vesselfinder.com/vessels?name=7905211\" target=\"_blank\" rel=\"noopener\">VesselFinder</a> | <a href=\"https://www.marinetraffic.com/en/ais/search/all?keyword=7905211\" target=\"_blank\" rel=\"noopener\">MarineTraffic</a>", "vf_url": "https://www.vesselfinder.com/vessels?name=7905211", "mst_url": "https://www.marinetraffic.com/en/ais/search/all?keyword=7905211", "method": "v3_2pass_track3d_fromru10d", "ru_seen_in_lookback": true, "in_monitor_on_day": true}}, {"type": "Feature", "geometry": {"type": "LineString", "coordinates": [[18.657316666666667, 54.37291333333334], [18.657378333333334, 54.37300166666667], [18.65779, 54.376675], [18.66007, 54.378465], [18.660098333333334, 54.378463333333336], [18.660081666666667, 54.378465], [18.66008, 54.37845333333333], [18.660096666666668, 54.37845166666667], [18.660098333333334, 54.37846833333333], [18.660081666666667, 54.378465], [18.660083333333333, 54.37849166666667], [18.66009, 54.378481666666666], [18.660055, 54.378476666666664], [18.660071666666667, 54.378478333333334], [18.660081666666667, 54.37846666666667], [18.660085, 54.37846666666667], [18.660091666666666, 54.378460000000004], [18.660073333333333, 54.378458333333334], [18.660068333333335, 54.378475], [18.660073333333333, 54.37844333333333], [18.660081666666667, 54.37845], [18.660076666666665, 54.37845333333333], [18.660098333333334, 54.378479999999996], [18.660093333333336, 54.378475], [18.66009, 54.37847333333333], [18.660076666666665, 54.378455], [18.660093333333336, 54.378479999999996], [18.660101666666666, 54.378463333333336], [18.660106666666664, 54.378476666666664], [18.660086666666665, 54.378490000000006], [18.66006666666667, 54.37846666666667], [18.660081666666667, 54.37846666666667], [18.660093333333336, 54.378476666666664], [18.660093333333336, 54.378476666666664], [18.66009, 54.37844666666667], [18.660081666666667, 54.37846833333333], [18.66008833333333, 54.37845166666667], [18.660086666666665, 54.37846166666667], [18.660085, 54.37846666666667], [18.66006666666667, 54.378476666666664], [18.660063333333333, 54.37846166666667], [18.660093333333336, 54.37846666666667], [18.660081666666667, 54.37846833333333], [18.660073333333333, 54.378465], [18.660096666666668, 54.378481666666666], [18.660083333333333, 54.37846833333333], [18.660085, 54.378465], [18.66009, 54.37848333333333], [18.660093333333336, 54.37847333333333], [18.660096666666668, 54.37847], [18.660095000000002, 54.37847333333333], [18.660075, 54.37846833333333], [18.660086666666665, 54.378478333333334], [18.660081666666667, 54.37846833333333], [18.660101666666666, 54.37848333333333], [18.660095000000002, 54.378481666666666], [18.660103333333332, 54.37847333333333], [18.660115, 54.37848833333333], [18.660083333333333, 54.378476666666664], [18.66007, 54.37848666666666], [18.660075, 54.378458333333334], [18.66009, 54.378460000000004], [18.660075, 54.378476666666664], [18.660085, 54.37847333333333], [18.660091666666666, 54.378481666666666], [18.66006666666667, 54.378455], [18.679588333333335, 54.398736666666665], [18.674321666666668, 54.44769833333333], [18.805996666666665, 54.529615], [18.974198333333334, 54.667246666666664], [19.173871666666667, 54.818825], [19.049545000000002, 54.86965166666666], [18.996298333333336, 54.729148333333335], [19.13841, 54.81114166666667], [19.026903333333333, 54.93360499999999], [18.978715, 54.823861666666666], [19.016585000000003, 54.80503], [19.165796666666665, 54.908516666666664], [19.09550833333333, 54.86478], [19.049966666666666, 54.827315], [19.087431666666664, 54.84576333333334], [19.003198333333334, 54.75255666666667], [18.89618, 54.62334], [18.739316666666664, 54.53805833333333], [18.547503333333335, 54.53542], [18.526125, 54.532313333333335], [18.526088333333334, 54.532325], [18.52612, 54.532325], [18.526135, 54.53230833333334], [18.52612, 54.532304999999994], [18.526141666666668, 54.53232166666667], [18.52614833333333, 54.532313333333335]]}, "properties": {"label": "LAKEWAY EXPRESS", "mmsi": "265052000", "imo": "9183790", "name": "LAKEWAY EXPRESS", "shiptype": "", "first_seen_utc": "2026-01-08T00:17:58Z", "last_seen_utc": "2026-01-17T03:54:01Z", "destination": "PLGDN-PLGDY", "eta": "{'Day': 16, 'Hour': 14, 'Minute': 30, 'Month': 1}", "display": "", "links": "<a href=\"https://www.vesselfinder.com/vessels?name=9183790\" target=\"_blank\" rel=\"noopener\">VesselFinder</a> | <a href=\"https://www.marinetraffic.com/en/ais/search/all?keyword=9183790\" target=\"_blank\" rel=\"noopener\">MarineTraffic</a>", "vf_url": "https://www.vesselfinder.com/vessels?name=9183790", "mst_url": "https://www.marinetraffic.com/en/ais/search/all?keyword=9183790", "method": "v3_2pass_track3d_fromru10d", "ru_seen_in_lookback": true, "in_monitor_on_day": true}}, {"type": "Feature", "geometry": {"type": "Point", "coordinates": [18.52614833333333, 54.532313333333335]}, "properties": {"label": "LAKEWAY EXPRESS", "mmsi": "265052000", "imo": "9183790", "name": "LAKEWAY EXPRESS", "shiptype": "", "first_seen_utc": "2026-01-08T00:17:58Z", "last_seen_utc": "2026-01-17T03:54:01Z", "destination": "PLGDN-PLGDY", "eta": "{'Day': 16, 'Hour': 14, 'Minute': 30, 'Month': 1}", "display": "LAKEWAY EXPRESS (265052000)", "links": "<a href=\"https://www.vesselfinder.com/vessels?name=9183790\" target=\"_blank\" rel=\"noopener\">VesselFinder</a> | <a href=\"https://www.marinetraffic.com/en/ais/search/all?keyword=9183790\" target=\"_blank\" rel=\"noopener\">MarineTraffic</a>", "vf_url": "https://www.vesselfinder.com/vessels?name=9183790", "mst_url": "https://www.marinetraffic.com/en/ais/search/all?keyword=9183790", "method": "v3_2pass_track3d_fromru10d", "ru_seen_in_lookback": true, "in_monitor_on_day": true}}, {"type": "Feature", "geometry": {"type": "LineString", "coordinates": [[18.888445, 54.44644], [18.888523333333335, 54.446398333333335], [18.88628333333333, 54.44745], [18.88408666666667, 54.447225], [18.883143333333333, 54.44696], [18.883015, 54.44669666666667], [18.882794999999998, 54.446839999999995], [18.88294833333333, 54.446825], [18.883135, 54.44680833333334], [18.883761666666665, 54.447206666666666], [18.88337, 54.44700833333333], [18.883348333333334, 54.44699666666667], [18.882839999999998, 54.44690666666667], [18.883249999999997, 54.447055], [18.883778333333332, 54.44729333333333], [18.883531666666666, 54.447285], [18.883561666666665, 54.44728166666666], [18.88412, 54.44733166666666], [18.884418333333333, 54.447493333333334], [18.884681666666665, 54.447615000000006], [18.884263333333333, 54.44744], [18.884388333333334, 54.44749], [18.88459, 54.44757666666667], [18.884326666666666, 54.447570000000006], [18.884059999999998, 54.44751833333333], [18.884328333333332, 54.44757833333333], [18.883801666666667, 54.44750166666667], [18.8836, 54.44743666666667], [18.88324833333333, 54.44733833333333], [18.883061666666666, 54.44726166666667], [18.882753333333334, 54.44717], [18.882381666666667, 54.44706833333333], [18.88265, 54.44713166666667], [18.882806666666667, 54.44723166666667], [18.883085, 54.447325], [18.883058333333334, 54.447355], [18.883043333333333, 54.44733166666666], [18.88293666666667, 54.44733166666666], [18.88282333333333, 54.44727833333333], [18.883198333333333, 54.44742166666666], [18.883376666666667, 54.447453333333335], [18.88353, 54.447565000000004], [18.88329333333333, 54.44750166666667], [18.883396666666666, 54.44752666666667], [18.883699999999997, 54.44761833333334], [18.88354, 54.44754833333333], [18.88401, 54.44762166666667], [18.884013333333332, 54.44757833333333], [18.883789999999998, 54.447630000000004], [18.883888333333335, 54.44762166666667], [18.88409, 54.44764333333333], [18.884076666666665, 54.447586666666666], [18.884265000000003, 54.44759666666666], [18.883978333333335, 54.44772666666667], [18.884091666666666, 54.447694999999996], [18.883675, 54.447626666666665], [18.883896666666665, 54.447718333333334], [18.883491666666664, 54.44763833333333], [18.883703333333337, 54.447633333333336], [18.883671666666665, 54.44765333333333], [18.883485, 54.447604999999996], [18.883474999999997, 54.44760333333333], [18.883466666666667, 54.44761166666667], [18.88333, 54.44757333333334], [18.883545, 54.447601666666664], [18.883423333333333, 54.4476], [18.883516666666665, 54.44761166666667], [18.883585, 54.447646666666664], [18.88337166666667, 54.447565000000004], [18.883388333333336, 54.44756666666667], [18.882985, 54.447478333333336], [18.88344, 54.44760833333333], [18.883716666666665, 54.44764333333333], [18.883715, 54.44763833333333], [18.883643333333335, 54.447646666666664], [18.8835, 54.447645], [18.883805, 54.44768333333333], [18.88401, 54.44770833333334], [18.884153333333334, 54.447755], [18.88423166666667, 54.44775166666667], [18.884038333333333, 54.44773166666666], [18.884023333333335, 54.447738333333334], [18.883911666666666, 54.44768333333333], [18.883725000000002, 54.44768833333333], [18.883478333333336, 54.44761666666667], [18.88357166666667, 54.44759666666666], [18.883413333333333, 54.447615000000006], [18.883313333333334, 54.447601666666664], [18.883198333333333, 54.44753333333333], [18.883058333333334, 54.44750666666666], [18.883, 54.44748666666667], [18.883008333333333, 54.447496666666666], [18.882938333333335, 54.447408333333335], [18.88288, 54.447424999999996], [18.882996666666667, 54.447424999999996], [18.8827, 54.44737166666666], [18.882985, 54.44743166666667]]}, "properties": {"label": "EAGLE BINTULU", "mmsi": "533130869", "imo": "9795074", "name": "EAGLE BINTULU", "shiptype": "", "first_seen_utc": "2026-01-08T00:18:47Z", "last_seen_utc": "2026-01-17T03:31:15Z", "destination": "GDANSK POLAND", "eta": "{'Day': 15, 'Hour': 20, 'Minute': 0, 'Month': 1}", "display": "", "links": "<a href=\"https://www.vesselfinder.com/vessels?name=9795074\" target=\"_blank\" rel=\"noopener\">VesselFinder</a> | <a href=\"https://www.marinetraffic.com/en/ais/search/all?keyword=9795074\" target=\"_blank\" rel=\"noopener\">MarineTraffic</a>", "vf_url": "https://www.vesselfinder.com/vessels?name=9795074", "mst_url": "https://www.marinetraffic.com/en/ais/search/all?keyword=9795074", "method": "v3_2pass_track3d_fromru10d", "ru_seen_in_lookback": true, "in_monitor_on_day": true}}, {"type": "Feature", "geometry": {"type": "Point", "coordinates": [18.882985, 54.44743166666667]}, "properties": {"label": "EAGLE BINTULU", "mmsi": "533130869", "imo": "9795074", "name": "EAGLE BINTULU", "shiptype": "", "first_seen_utc": "2026-01-08T00:18:47Z", "last_seen_utc": "2026-01-17T03:31:15Z", "destination": "GDANSK POLAND", "eta": "{'Day': 15, 'Hour': 20, 'Minute': 0, 'Month': 1}", "display": "EAGLE BINTULU (533130869)", "links": "<a href=\"https://www.vesselfinder.com/vessels?name=9795074\" target=\"_blank\" rel=\"noopener\">VesselFinder</a> | <a href=\"https://www.marinetraffic.com/en/ais/search/all?keyword=9795074\" target=\"_blank\" rel=\"noopener\">MarineTraffic</a>", "vf_url": "https://www.vesselfinder.com/vessels?name=9795074", "mst_url": "https://www.marinetraffic.com/en/ais/search/all?keyword=9795074", "method": "v3_2pass_track3d_fromru10d", "ru_seen_in_lookback": true, "in_monitor_on_day": true}}, {"type": "Feature", "geometry": {"type": "LineString", "coordinates": [[19.000938333333334, 54.75408], [18.94007333333333, 54.675129999999996], [18.884333333333334, 54.597685], [18.78500166666667, 54.53146], [18.692931666666667, 54.466260000000005], [18.673355, 54.455436666666664], [18.673051666666666, 54.45538333333333], [18.672895, 54.45531833333334], [18.672781666666666, 54.45526333333333], [18.672825, 54.455313333333336], [18.67256666666667, 54.45516], [18.672636666666666, 54.45520166666667], [18.67271, 54.45527166666667], [18.672766666666668, 54.45523166666667], [18.672565000000002, 54.45493666666667], [18.672531666666664, 54.45505166666667], [18.665953333333334, 54.44844333333333], [18.680151666666667, 54.40202], [18.664358333333332, 54.363908333333335], [18.665035, 54.370779999999996], [18.665051666666667, 54.37080666666667], [18.665075, 54.37079000000001], [18.66506, 54.3708], [18.66503833333333, 54.37081166666667], [18.665056666666665, 54.370795], [18.665023333333334, 54.370779999999996], [18.66505, 54.370805000000004], [18.665051666666667, 54.3708], [18.665055, 54.37080666666667], [18.66508, 54.37078833333333], [18.665043333333333, 54.37080666666667], [18.665056666666665, 54.370776666666664], [18.665056666666665, 54.37079333333334], [18.665098333333333, 54.37077333333333], [18.665043333333333, 54.370808333333336], [18.665061666666666, 54.37077], [18.665055, 54.3708], [18.665023333333334, 54.37082], [18.665056666666665, 54.37079166666667], [18.66506, 54.370803333333335], [18.665071666666666, 54.370795], [18.665021666666668, 54.370821666666664], [18.665016666666666, 54.3708], [18.665020000000002, 54.3708], [18.665026666666666, 54.37079166666667], [18.66503833333333, 54.370785], [18.66504666666667, 54.370795], [18.66507, 54.37081333333333], [18.665008333333333, 54.37077], [18.665043333333333, 54.37078833333333], [18.66506, 54.370795], [18.665056666666665, 54.3708], [18.66506, 54.370795], [18.665084999999998, 54.37081333333333], [18.665039999999998, 54.37079333333334], [18.665026666666666, 54.37079666666667], [18.66505, 54.37079333333334], [18.665073333333332, 54.37080666666667], [18.66506, 54.3708], [18.665056666666665, 54.370795], [18.66505, 54.37079666666667], [18.665066666666668, 54.37079166666667], [18.665016666666666, 54.370795]]}, "properties": {"label": "AMBER STAR", "mmsi": "305641000", "imo": "9534286", "name": "AMBER STAR", "shiptype": "", "first_seen_utc": "2026-01-08T00:20:46Z", "last_seen_utc": "2026-01-17T03:27:46Z", "destination": "GDANSK", "eta": "{'Day': 15, 'Hour': 15, 'Minute': 0, 'Month': 1}", "display": "", "links": "<a href=\"https://www.vesselfinder.com/vessels?name=9534286\" target=\"_blank\" rel=\"noopener\">VesselFinder</a> | <a href=\"https://www.marinetraffic.com/en/ais/search/all?keyword=9534286\" target=\"_blank\" rel=\"noopener\">MarineTraffic</a>", "vf_url": "https://www.vesselfinder.com/vessels?name=9534286", "mst_url": "https://www.marinetraffic.com/en/ais/search/all?keyword=9534286", "method": "v3_2pass_track3d_fromru10d", "ru_seen_in_lookback": true, "in_monitor_on_day": true}}, {"type": "Feature", "geometry": {"type": "Point", "coordinates": [18.665016666666666, 54.370795]}, "properties": {"label": "AMBER STAR", "mmsi": "305641000", "imo": "9534286", "name": "AMBER STAR", "shiptype": "", "first_seen_utc": "2026-01-08T00:20:46Z", "last_seen_utc": "2026-01-17T03:27:46Z", "destination": "GDANSK", "eta": "{'Day': 15, 'Hour': 15, 'Minute': 0, 'Month': 1}", "display": "AMBER STAR (305641000)", "links": "<a href=\"https://www.vesselfinder.com/vessels?name=9534286\" target=\"_blank\" rel=\"noopener\">VesselFinder</a> | <a href=\"https://www.marinetraffic.com/en/ais/search/all?keyword=9534286\" target=\"_blank\" rel=\"noopener\">MarineTraffic</a>", "vf_url": "https://www.vesselfinder.com/vessels?name=9534286", "mst_url": "https://www.marinetraffic.com/en/ais/search/all?keyword=9534286", "method": "v3_2pass_track3d_fromru10d", "ru_seen_in_lookback": true, "in_monitor_on_day": true}}, {"type": "Feature", "geometry": {"type": "LineString", "coordinates": [[7.742053333333333, 56.91296166666667], [7.936953333333333, 57.05592166666667], [8.139011666666667, 57.19591166666667], [8.359914999999999, 57.33051666666667], [8.631585, 57.44403], [8.909076666666666, 57.54177166666667], [9.19472, 57.633649999999996], [9.427378333333333, 57.70552333333333], [9.599188333333332, 57.752516666666665], [9.756741666666667, 57.78847333333333], [9.921281666666665, 57.798154999999994], [10.089635, 57.80037333333333], [10.254648333333334, 57.800693333333335], [10.440476666666665, 57.808035000000004], [11.241736666666666, 56.155163333333334], [11.048548333333335, 56.003613333333334], [10.90841, 55.89533666666667], [10.803891666666667, 55.78676333333333], [10.769226666666667, 55.65690333333334], [10.863393333333333, 55.51374666666666], [11.000163333333335, 55.399681666666666], [11.063081666666667, 55.275985], [11.014321666666666, 55.170265], [10.994893333333332, 55.04441], [10.88062, 54.93828], [10.832788333333333, 54.81029], [10.772874999999999, 54.68351166666666], [10.955908333333333, 54.611715000000004], [11.170860000000001, 54.578065], [11.380305, 54.53018833333333], [11.580006666666666, 54.46867833333333], [11.791146666666666, 54.41428], [12.024603333333333, 54.41190666666667], [12.213963333333334, 54.46465333333333], [12.272203333333332, 54.557739999999995], [12.443118333333333, 54.659639999999996], [18.28296333333333, 54.9295], [18.549596666666666, 54.95055166666667], [18.767125, 54.86779166666667], [18.966441666666665, 54.76940333333334], [19.04742666666667, 54.67136166666667], [19.06259, 54.59150833333333], [18.999108333333332, 54.5192], [18.914801666666666, 54.44103166666666], [18.780793333333335, 54.41066333333333], [18.732471666666665, 54.38386666666667], [18.730715, 54.38303666666666], [18.730681666666666, 54.38303166666667], [18.730666666666664, 54.383048333333335], [18.730711666666664, 54.38307], [18.73064, 54.38303333333333], [18.730685, 54.382955], [18.730481666666666, 54.383], [18.73073833333333, 54.38312333333333], [18.730611666666668, 54.38302833333333], [18.730628333333335, 54.383023333333334]]}, "properties": {"label": "MSC FLAVIA", "mmsi": "373004000", "imo": "9467433", "name": "MSC FLAVIA", "shiptype": "", "first_seen_utc": "2026-01-08T00:21:05Z", "last_seen_utc": "2026-01-17T03:26:41Z", "destination": "PLGDN", "eta": "{'Day': 16, 'Hour': 21, 'Minute': 30, 'Month': 1}", "display": "", "links": "<a href=\"https://www.vesselfinder.com/vessels?name=9467433\" target=\"_blank\" rel=\"noopener\">VesselFinder</a> | <a href=\"https://www.marinetraffic.com/en/ais/search/all?keyword=9467433\" target=\"_blank\" rel=\"noopener\">MarineTraffic</a>", "vf_url": "https://www.vesselfinder.com/vessels?name=9467433", "mst_url": "https://www.marinetraffic.com/en/ais/search/all?keyword=9467433", "method": "v3_2pass_track3d_fromru10d", "ru_seen_in_lookback": true, "in_monitor_on_day": true}}, {"type": "Feature", "geometry": {"type": "Point", "coordinates": [18.730628333333335, 54.383023333333334]}, "properties": {"label": "MSC FLAVIA", "mmsi": "373004000", "imo": "9467433", "name": "MSC FLAVIA", "shiptype": "", "first_seen_utc": "2026-01-08T00:21:05Z", "last_seen_utc": "2026-01-17T03:26:41Z", "destination": "PLGDN", "eta": "{'Day': 16, 'Hour': 21, 'Minute': 30, 'Month': 1}", "display": "MSC FLAVIA (373004000)", "links": "<a href=\"https://www.vesselfinder.com/vessels?name=9467433\" target=\"_blank\" rel=\"noopener\">VesselFinder</a> | <a href=\"https://www.marinetraffic.com/en/ais/search/all?keyword=9467433\" target=\"_blank\" rel=\"noopener\">MarineTraffic</a>", "vf_url": "https://www.vesselfinder.com/vessels?name=9467433", "mst_url": "https://www.marinetraffic.com/en/ais/search/all?keyword=9467433", "method": "v3_2pass_track3d_fromru10d", "ru_seen_in_lookback": true, "in_monitor_on_day": true}}, {"type": "Feature", "geometry": {"type": "LineString", "coordinates": [[18.550349999999998, 54.52379666666666], [18.550340000000002, 54.52379833333334], [18.550306666666664, 54.523781666666665], [18.550365, 54.52380333333333], [18.550265000000003, 54.52379333333333], [18.550348333333332, 54.52375], [18.550315, 54.52376833333334], [18.550306666666664, 54.52377333333333], [18.55029, 54.523775], [18.550333333333334, 54.52379], [18.550310000000003, 54.52380333333333], [18.55030833333333, 54.52377666666666], [18.550333333333334, 54.52375333333334], [18.55026333333333, 54.523761666666665], [18.550288333333334, 54.523808333333335], [18.55032, 54.52379166666666], [18.550343333333334, 54.52379333333333], [18.550335, 54.52379666666666], [18.550318333333333, 54.52379], [18.550285, 54.523871666666665], [18.5503, 54.523828333333334], [18.55038, 54.52385], [18.550365, 54.52377833333333], [18.550336666666666, 54.52378833333333], [18.5503, 54.523806666666665], [18.550336666666666, 54.523808333333335], [18.550325, 54.523781666666665], [18.550315, 54.523755], [18.550333333333334, 54.52377166666667], [18.550295000000002, 54.52379166666666], [18.550271666666667, 54.523763333333335], [18.55029, 54.523761666666665], [18.550325, 54.523805], [18.55032333333333, 54.52377], [18.550340000000002, 54.52379], [18.550333333333334, 54.523786666666666], [18.55036833333333, 54.52377833333333], [18.550321666666665, 54.52381166666667], [18.550325, 54.52378], [18.550318333333333, 54.52378], [18.550335, 54.52379], [18.550341666666668, 54.52379], [18.550321666666665, 54.52379], [18.550325, 54.523786666666666], [18.550326666666667, 54.52379333333333], [18.550325, 54.52379666666666], [18.550343333333334, 54.523783333333334], [18.550378333333335, 54.523808333333335], [18.550343333333334, 54.52378], [18.550336666666666, 54.52378833333333], [18.55032333333333, 54.523785], [18.55033, 54.52379166666666], [18.550366666666665, 54.523781666666665], [18.550328333333333, 54.52380333333333], [18.550351666666664, 54.523810000000005], [18.550349999999998, 54.52380166666667], [18.550310000000003, 54.523786666666666], [18.550346666666666, 54.52378833333333], [18.550306666666664, 54.52377666666666], [18.550318333333333, 54.52379833333334], [18.550335, 54.52381666666667], [18.550325, 54.52379666666666], [18.550340000000002, 54.52379833333334], [18.55035333333333, 54.52379166666666], [18.550328333333333, 54.523806666666665], [18.550338333333332, 54.52377333333333], [18.550341666666668, 54.52377166666667], [18.55033, 54.523783333333334], [18.550333333333334, 54.523786666666666], [18.550340000000002, 54.52380166666667], [18.550343333333334, 54.523810000000005], [18.550318333333333, 54.523806666666665], [18.550335, 54.52379833333334], [18.550318333333333, 54.523786666666666], [18.550351666666664, 54.523786666666666], [18.550325, 54.52378833333333], [18.550341666666668, 54.523761666666665], [18.550338333333332, 54.52380333333333], [18.550288333333334, 54.523786666666666], [18.550310000000003, 54.523781666666665], [18.550338333333332, 54.52379], [18.55032, 54.52379], [18.55035333333333, 54.52375666666667], [18.550288333333334, 54.523826666666665], [18.55033166666667, 54.523785], [18.550333333333334, 54.52379], [18.55032, 54.5238], [18.55033, 54.52379], [18.550343333333334, 54.5238], [18.55035333333333, 54.52379666666666], [18.550335, 54.52379333333333], [18.550333333333334, 54.523783333333334], [18.550349999999998, 54.523805], [18.550346666666666, 54.52379166666666], [18.550346666666666, 54.52380166666667], [18.550338333333332, 54.523786666666666], [18.55033166666667, 54.523785], [18.550328333333333, 54.523795], [18.550315, 54.523781666666665]]}, "properties": {"label": "WLA-184 HELOT", "mmsi": "261005510", "imo": "8321175", "name": "WLA-184 HELOT", "shiptype": "", "first_seen_utc": "2026-01-08T00:21:27Z", "last_seen_utc": "2026-01-17T03:27:22Z", "destination": "GDYNIA", "eta": "{'Day': 14, 'Hour': 4, 'Minute': 10, 'Month': 1}", "display": "", "links": "<a href=\"https://www.vesselfinder.com/vessels?name=8321175\" target=\"_blank\" rel=\"noopener\">VesselFinder</a> | <a href=\"https://www.marinetraffic.com/en/ais/search/all?keyword=8321175\" target=\"_blank\" rel=\"noopener\">MarineTraffic</a>", "vf_url": "https://www.vesselfinder.com/vessels?name=8321175", "mst_url": "https://www.marinetraffic.com/en/ais/search/all?keyword=8321175", "method": "v3_2pass_track3d_fromru10d", "ru_seen_in_lookback": true, "in_monitor_on_day": true}}, {"type": "Feature", "geometry": {"type": "Point", "coordinates": [18.550315, 54.523781666666665]}, "properties": {"label": "WLA-184 HELOT", "mmsi": "261005510", "imo": "8321175", "name": "WLA-184 HELOT", "shiptype": "", "first_seen_utc": "2026-01-08T00:21:27Z", "last_seen_utc": "2026-01-17T03:27:22Z", "destination": "GDYNIA", "eta": "{'Day': 14, 'Hour': 4, 'Minute': 10, 'Month': 1}", "display": "WLA-184 HELOT (261005510)", "links": "<a href=\"https://www.vesselfinder.com/vessels?name=8321175\" target=\"_blank\" rel=\"noopener\">VesselFinder</a> | <a href=\"https://www.marinetraffic.com/en/ais/search/all?keyword=8321175\" target=\"_blank\" rel=\"noopener\">MarineTraffic</a>", "vf_url": "https://www.vesselfinder.com/vessels?name=8321175", "mst_url": "https://www.marinetraffic.com/en/ais/search/all?keyword=8321175", "method": "v3_2pass_track3d_fromru10d", "ru_seen_in_lookback": true, "in_monitor_on_day": true}}, {"type": "Feature", "geometry": {"type": "LineString", "coordinates": [[18.802970000000002, 54.60004166666667], [18.802996666666665, 54.600065], [18.802988333333335, 54.60006666666666], [18.80296, 54.60007666666667], [18.802919999999997, 54.60005666666667], [18.802983333333334, 54.600053333333335], [18.802995, 54.60010166666667], [18.80296666666667, 54.60008166666667], [18.802948333333333, 54.60008166666667], [18.80296333333333, 54.60005], [18.823933333333333, 54.59023333333334], [18.84016666666667, 54.616575], [18.832415, 54.63785], [18.81918166666667, 54.655878333333334], [18.844260000000002, 54.64964833333333], [18.852173333333333, 54.626675], [18.86229666666667, 54.61072333333333], [18.877233333333333, 54.61395666666667], [18.848176666666667, 54.59872333333333], [18.799590000000002, 54.59341333333334], [18.801728333333333, 54.600008333333335], [18.801713333333332, 54.59997], [18.802576666666667, 54.60239333333333], [18.80300833333333, 54.60004333333333], [18.80296666666667, 54.60005666666667], [18.802973333333334, 54.600071666666665], [18.802961666666665, 54.60006333333333], [18.802971666666668, 54.600078333333336], [18.802975, 54.600055], [18.802968333333336, 54.600071666666665], [18.802953333333335, 54.600080000000005], [18.802998333333335, 54.60005], [18.802983333333334, 54.60007333333333], [18.802981666666668, 54.60007666666667], [18.80300833333333, 54.600065], [18.802981666666668, 54.60007666666667], [18.802956666666667, 54.60006166666667], [18.802938333333334, 54.600080000000005], [18.802981666666668, 54.60010166666667], [18.802943333333335, 54.600071666666665], [18.802970000000002, 54.600078333333336], [18.802931666666666, 54.60009166666667], [18.802961666666665, 54.60006666666666], [18.80296, 54.60004666666667], [18.80296666666667, 54.60005833333333], [18.803, 54.60006], [18.803018333333334, 54.60006166666667], [18.80299, 54.600053333333335], [18.802970000000002, 54.60005833333333], [18.802979999999998, 54.600075], [18.802958333333333, 54.60006666666666], [18.80293, 54.600078333333336], [18.80296333333333, 54.60006833333333], [18.802971666666668, 54.600095], [18.802938333333334, 54.600093333333334], [18.802943333333335, 54.600075], [18.80295166666667, 54.60006], [18.802948333333333, 54.600051666666666], [18.802938333333334, 54.60004833333333], [18.80296333333333, 54.600033333333336], [18.802986666666666, 54.600065], [18.802955, 54.600024999999995], [18.802958333333333, 54.60005], [18.80299, 54.60005666666667], [18.803013333333336, 54.60004333333333], [18.803011666666666, 54.60004666666667], [18.802993333333333, 54.60005], [18.802996666666665, 54.60008666666667], [18.803003333333333, 54.600096666666666], [18.803001666666667, 54.600065], [18.803001666666667, 54.60006333333333], [18.80296666666667, 54.60005666666667], [18.802983333333334, 54.60004166666667], [18.802973333333334, 54.60007666666667], [18.802976666666666, 54.600069999999995], [18.803, 54.600065], [18.80296666666667, 54.600075], [18.802964999999997, 54.60007333333333], [18.803, 54.60006333333333], [18.802991666666667, 54.60008166666667], [18.803, 54.600078333333336], [18.802985, 54.600080000000005], [18.802971666666668, 54.60008166666667], [18.802955, 54.600055], [18.80295166666667, 54.600078333333336], [18.80296333333333, 54.600093333333334], [18.802943333333335, 54.600080000000005], [18.802964999999997, 54.60006666666666], [18.80293, 54.600093333333334], [18.80296, 54.600065], [18.80296333333333, 54.600053333333335], [18.802975, 54.600051666666666], [18.802986666666666, 54.60005666666667], [18.803009999999997, 54.60006], [18.802986666666666, 54.60006], [18.802958333333333, 54.60006333333333], [18.802979999999998, 54.600053333333335], [18.802964999999997, 54.600065], [18.802926666666668, 54.60006333333333], [18.802956666666667, 54.60006833333333], [18.80296, 54.600080000000005], [18.802943333333335, 54.60009166666667]]}, "properties": {"label": "LEB-18", "mmsi": "261001230", "imo": "", "name": "LEB-18", "shiptype": "", "first_seen_utc": "2026-01-08T00:21:43Z", "last_seen_utc": "2026-01-17T03:36:32Z", "destination": "HEL>-BALTIC SEA>LEBA", "eta": "{'Day': 28, 'Hour': 17, 'Minute': 0, 'Month': 12}", "display": "", "links": "<a href=\"https://www.vesselfinder.com/vessels?name=261001230\" target=\"_blank\" rel=\"noopener\">VesselFinder</a> | <a href=\"https://www.marinetraffic.com/en/ais/search/all?keyword=261001230\" target=\"_blank\" rel=\"noopener\">MarineTraffic</a>", "vf_url": "https://www.vesselfinder.com/vessels?name=261001230", "mst_url": "https://www.marinetraffic.com/en/ais/search/all?keyword=261001230", "method": "v3_2pass_track3d_fromru10d", "ru_seen_in_lookback": true, "in_monitor_on_day": true}}, {"type": "Feature", "geometry": {"type": "Point", "coordinates": [18.802943333333335, 54.60009166666667]}, "properties": {"label": "LEB-18", "mmsi": "261001230", "imo": "", "name": "LEB-18", "shiptype": "", "first_seen_utc": "2026-01-08T00:21:43Z", "last_seen_utc": "2026-01-17T03:36:32Z", "destination": "HEL>-BALTIC SEA>LEBA", "eta": "{'Day': 28, 'Hour': 17, 'Minute': 0, 'Month': 12}", "display": "LEB-18 (261001230)", "links": "<a href=\"https://www.vesselfinder.com/vessels?name=261001230\" target=\"_blank\" rel=\"noopener\">VesselFinder</a> | <a href=\"https://www.marinetraffic.com/en/ais/search/all?keyword=261001230\" target=\"_blank\" rel=\"noopener\">MarineTraffic</a>", "vf_url": "https://www.vesselfinder.com/vessels?name=261001230", "mst_url": "https://www.marinetraffic.com/en/ais/search/all?keyword=261001230", "method": "v3_2pass_track3d_fromru10d", "ru_seen_in_lookback": true, "in_monitor_on_day": true}}, {"type": "Feature", "geometry": {"type": "LineString", "coordinates": [[18.70717833333333, 54.39646333333334], [18.70718, 54.39646333333334], [18.707181666666667, 54.396460000000005], [18.707181666666667, 54.39646166666667], [18.707175, 54.39646333333334], [18.707176666666665, 54.396460000000005], [18.707171666666667, 54.39646333333334], [18.707168333333335, 54.39646833333334], [18.70717, 54.39646666666667], [18.70717833333333, 54.39646166666667], [18.707186666666665, 54.396465], [18.70717, 54.39646166666667], [18.707173333333333, 54.39646166666667], [18.707176666666665, 54.39646333333334], [18.707171666666667, 54.396458333333335], [18.707171666666667, 54.39646333333334], [18.70717833333333, 54.39645666666667], [18.707173333333333, 54.39646666666667], [18.70718, 54.39646833333334], [18.707168333333335, 54.396475], [18.70717833333333, 54.396460000000005], [18.707176666666665, 54.39646333333334], [18.70718, 54.396458333333335], [18.707183333333333, 54.39646166666667], [18.707183333333333, 54.39646833333334], [18.70718, 54.39646833333334], [18.707181666666667, 54.39646833333334], [18.707181666666667, 54.396458333333335], [18.707176666666665, 54.39646166666667], [18.70717833333333, 54.39646166666667], [18.707193333333333, 54.39646166666667], [18.707175, 54.39646166666667], [18.712413333333334, 54.39740333333334], [18.829918333333335, 54.417995], [18.979755, 54.43894], [19.065516666666667, 54.53834333333334], [19.10763166666667, 54.64293166666666], [19.05952166666667, 54.75078499999999], [18.96403666666667, 54.84265833333333], [18.826858333333334, 54.91120333333333], [18.680195, 54.98195166666667], [18.532033333333334, 55.040816666666665], [18.3769, 55.10472666666667], [15.619745, 55.839330000000004], [15.44473, 55.890835], [15.274675, 55.94072333333334], [15.106946666666666, 55.991281666666666], [14.935433333333332, 56.042860000000005], [14.846708333333334, 56.087118333333336], [14.836916666666667, 56.089925], [14.83765, 56.090105], [14.837628333333333, 56.09018666666667], [14.836756666666668, 56.089846666666666], [14.836488333333334, 56.089795], [14.836701666666666, 56.089911666666666], [14.837439999999999, 56.09006333333333], [14.83769, 56.09012], [14.837813333333335, 56.09016], [14.838006666666667, 56.09017333333334], [14.838664999999999, 56.090360000000004], [14.837941666666667, 56.090355], [14.838243333333333, 56.090235], [14.838626666666666, 56.090376666666664], [14.837651666666666, 56.090181666666666], [14.837358333333333, 56.090203333333335], [14.837355, 56.09010833333333], [14.83741, 56.090133333333334], [14.837721666666665, 56.09020833333333], [14.838294999999999, 56.09028833333333], [14.83784, 56.09028333333333], [14.838035, 56.090248333333335], [14.838249999999999, 56.090334999999996], [14.837921666666666, 56.09018666666667], [14.837819999999999, 56.087689999999995], [14.817095, 56.130671666666665], [14.82502, 56.15435], [14.826459999999999, 56.155366666666666], [14.826458333333333, 56.15536833333333], [14.826459999999999, 56.15536833333333], [14.826458333333333, 56.155366666666666], [14.826456666666667, 56.155361666666664], [14.826455000000001, 56.155366666666666], [14.826455000000001, 56.155364999999996], [14.82645, 56.155366666666666]]}, "properties": {"label": "HAPPY PEREGRINE", "mmsi": "219558000", "imo": "9553660", "name": "HAPPY PEREGRINE", "shiptype": "", "first_seen_utc": "2026-01-08T00:22:04Z", "last_seen_utc": "2026-01-17T03:34:47Z", "destination": "SEKAN", "eta": "{'Day': 16, 'Hour': 10, 'Minute': 0, 'Month': 1}", "display": "", "links": "<a href=\"https://www.vesselfinder.com/vessels?name=9553660\" target=\"_blank\" rel=\"noopener\">VesselFinder</a> | <a href=\"https://www.marinetraffic.com/en/ais/search/all?keyword=9553660\" target=\"_blank\" rel=\"noopener\">MarineTraffic</a>", "vf_url": "https://www.vesselfinder.com/vessels?name=9553660", "mst_url": "https://www.marinetraffic.com/en/ais/search/all?keyword=9553660", "method": "v3_2pass_track3d_fromru10d", "ru_seen_in_lookback": true, "in_monitor_on_day": true}}, {"type": "Feature", "geometry": {"type": "Point", "coordinates": [14.82645, 56.155366666666666]}, "properties": {"label": "HAPPY PEREGRINE", "mmsi": "219558000", "imo": "9553660", "name": "HAPPY PEREGRINE", "shiptype": "", "first_seen_utc": "2026-01-08T00:22:04Z", "last_seen_utc": "2026-01-17T03:34:47Z", "destination": "SEKAN", "eta": "{'Day': 16, 'Hour': 10, 'Minute': 0, 'Month': 1}", "display": "HAPPY PEREGRINE (219558000)", "links": "<a href=\"https://www.vesselfinder.com/vessels?name=9553660\" target=\"_blank\" rel=\"noopener\">VesselFinder</a> | <a href=\"https://www.marinetraffic.com/en/ais/search/all?keyword=9553660\" target=\"_blank\" rel=\"noopener\">MarineTraffic</a>", "vf_url": "https://www.vesselfinder.com/vessels?name=9553660", "mst_url": "https://www.marinetraffic.com/en/ais/search/all?keyword=9553660", "method": "v3_2pass_track3d_fromru10d", "ru_seen_in_lookback": true, "in_monitor_on_day": true}}, {"type": "Feature", "geometry": {"type": "LineString", "coordinates": [[18.80163333333333, 54.60231833333333], [18.801685000000003, 54.602325], [18.801648333333333, 54.60230833333333], [18.801666666666666, 54.60230333333333], [18.80168666666667, 54.60230333333333], [18.801623333333335, 54.602333333333334], [18.801626666666667, 54.60234166666667], [18.801640000000003, 54.602338333333336], [18.801621666666666, 54.60233166666667], [18.801576666666666, 54.602345], [18.801598333333335, 54.60229833333334], [18.796668333333333, 54.59312833333333], [18.88065333333333, 54.53039833333333], [18.957513333333335, 54.46476666666667], [19.00668166666667, 54.42298], [19.04770166666667, 54.42013166666666], [19.090715, 54.41578666666667], [19.132056666666664, 54.41836166666667], [19.091549999999998, 54.41381], [19.042718333333333, 54.41377], [18.997813333333333, 54.42272166666667], [18.975565, 54.42034], [19.012294999999998, 54.414433333333335], [19.053301666666666, 54.413381666666666], [19.092125, 54.41323666666666], [19.081306666666666, 54.432048333333334], [19.07853, 54.43864833333334], [19.075813333333333, 54.43913], [18.992421666666665, 54.48428], [18.887895, 54.53933166666666], [18.79927, 54.59729166666667], [18.803369999999997, 54.601245], [18.803566666666665, 54.600363333333334], [18.803549999999998, 54.60039666666667], [18.80167, 54.60235], [18.801666666666666, 54.60232833333334], [18.801653333333334, 54.602295000000005], [18.801608333333334, 54.60232833333334], [18.801611666666666, 54.602340000000005], [18.801601666666667, 54.60232666666666], [18.801608333333334, 54.602340000000005], [18.801598333333335, 54.60233166666667], [18.801546666666663, 54.60233166666667], [18.801626666666667, 54.60234166666667], [18.801640000000003, 54.602311666666665], [18.801646666666667, 54.60231], [18.801688333333335, 54.60233], [18.801665, 54.60231], [18.801656666666666, 54.60229666666667], [18.801653333333334, 54.60231833333333], [18.801673333333333, 54.602315], [18.801634999999997, 54.60232666666666], [18.801595000000002, 54.602333333333334], [18.801583333333333, 54.60236666666666], [18.80163, 54.60234333333334], [18.801623333333335, 54.60235333333333], [18.801618333333334, 54.60233], [18.80158833333333, 54.602305], [18.801605, 54.602306666666664], [18.801640000000003, 54.60228666666667], [18.801616666666668, 54.602325], [18.801631666666665, 54.60232], [18.801615, 54.602311666666665], [18.801631666666665, 54.602293333333336], [18.801665, 54.602306666666664], [18.801648333333333, 54.602313333333335], [18.80167833333333, 54.602315], [18.801681666666664, 54.602335000000004], [18.801688333333335, 54.602333333333334], [18.801666666666666, 54.60232666666666], [18.80165, 54.602311666666665], [18.801648333333333, 54.60234333333334], [18.8016, 54.602311666666665], [18.801653333333334, 54.6023], [18.801653333333334, 54.602325], [18.801648333333333, 54.60233166666667], [18.801640000000003, 54.602335000000004], [18.801656666666666, 54.60232833333334], [18.801658333333332, 54.60233166666667], [18.801663333333334, 54.602333333333334], [18.801708333333334, 54.602336666666666], [18.801675, 54.60237333333334], [18.801636666666663, 54.60234333333334], [18.80161, 54.602311666666665], [18.801603333333333, 54.602333333333334], [18.80162, 54.602335000000004], [18.80158, 54.60232166666666], [18.801608333333334, 54.602338333333336], [18.801583333333333, 54.602336666666666], [18.801616666666668, 54.60236166666667], [18.801638333333337, 54.60232666666666], [18.801645, 54.60232833333334], [18.801640000000003, 54.602311666666665], [18.80167, 54.60232], [18.801661666666668, 54.602313333333335], [18.80167, 54.602291666666666], [18.801646666666667, 54.60233166666667], [18.801661666666668, 54.602340000000005], [18.801634999999997, 54.60232333333333], [18.801645, 54.602335000000004], [18.801668333333335, 54.602338333333336], [18.801640000000003, 54.60234833333333]]}, "properties": {"label": "HEL-157", "mmsi": "261001620", "imo": "8008670", "name": "HEL-157", "shiptype": "", "first_seen_utc": "2026-01-08T00:22:38Z", "last_seen_utc": "2026-01-17T03:27:34Z", "destination": "KEEP CLEAR 0.3AFT", "eta": "{'Day': 0, 'Hour': 24, 'Minute': 60, 'Month': 0}", "display": "", "links": "<a href=\"https://www.vesselfinder.com/vessels?name=8008670\" target=\"_blank\" rel=\"noopener\">VesselFinder</a> | <a href=\"https://www.marinetraffic.com/en/ais/search/all?keyword=8008670\" target=\"_blank\" rel=\"noopener\">MarineTraffic</a>", "vf_url": "https://www.vesselfinder.com/vessels?name=8008670", "mst_url": "https://www.marinetraffic.com/en/ais/search/all?keyword=8008670", "method": "v3_2pass_track3d_fromru10d", "ru_seen_in_lookback": true, "in_monitor_on_day": true}}, {"type": "Feature", "geometry": {"type": "Point", "coordinates": [18.801640000000003, 54.60234833333333]}, "properties": {"label": "HEL-157", "mmsi": "261001620", "imo": "8008670", "name": "HEL-157", "shiptype": "", "first_seen_utc": "2026-01-08T00:22:38Z", "last_seen_utc": "2026-01-17T03:27:34Z", "destination": "KEEP CLEAR 0.3AFT", "eta": "{'Day': 0, 'Hour': 24, 'Minute': 60, 'Month': 0}", "display": "HEL-157 (261001620)", "links": "<a href=\"https://www.vesselfinder.com/vessels?name=8008670\" target=\"_blank\" rel=\"noopener\">VesselFinder</a> | <a href=\"https://www.marinetraffic.com/en/ais/search/all?keyword=8008670\" target=\"_blank\" rel=\"noopener\">MarineTraffic</a>", "vf_url": "https://www.vesselfinder.com/vessels?name=8008670", "mst_url": "https://www.marinetraffic.com/en/ais/search/all?keyword=8008670", "method": "v3_2pass_track3d_fromru10d", "ru_seen_in_lookback": true, "in_monitor_on_day": true}}, {"type": "Feature", "geometry": {"type": "LineString", "coordinates": [[12.707881666666667, 55.77490833333333], [12.732708333333333, 55.863505], [12.724291666666666, 55.94850666666667], [12.669173333333333, 56.03253666666667], [12.575716666666667, 56.10012166666667], [12.469098333333333, 56.163035], [10.447025, 57.847366666666666], [10.298398333333333, 57.84856], [10.146496666666668, 57.84926166666666], [10.002145, 57.84234], [9.860998333333333, 57.82512], [9.719816666666667, 57.80600833333333], [9.576431666666668, 57.78888333333334], [9.419593333333333, 57.77612333333333], [9.269836666666667, 57.763400000000004], [9.127931666666665, 57.74686666666666]]}, "properties": {"label": "PEAK BORDEAUX", "mmsi": "246474000", "imo": "9545039", "name": "PEAK BORDEAUX", "shiptype": "", "first_seen_utc": "2026-01-08T00:25:16Z", "last_seen_utc": "2026-01-17T03:36:28Z", "destination": "GBROY", "eta": "{'Day': 18, 'Hour': 23, 'Minute': 0, 'Month': 1}", "display": "", "links": "<a href=\"https://www.vesselfinder.com/vessels?name=9545039\" target=\"_blank\" rel=\"noopener\">VesselFinder</a> | <a href=\"https://www.marinetraffic.com/en/ais/search/all?keyword=9545039\" target=\"_blank\" rel=\"noopener\">MarineTraffic</a>", "vf_url": "https://www.vesselfinder.com/vessels?name=9545039", "mst_url": "https://www.marinetraffic.com/en/ais/search/all?keyword=9545039", "method": "v3_2pass_track3d_fromru10d", "ru_seen_in_lookback": true, "in_monitor_on_day": true}}, {"type": "Feature", "geometry": {"type": "Point", "coordinates": [9.127931666666665, 57.74686666666666]}, "properties": {"label": "PEAK BORDEAUX", "mmsi": "246474000", "imo": "9545039", "name": "PEAK BORDEAUX", "shiptype": "", "first_seen_utc": "2026-01-08T00:25:16Z", "last_seen_utc": "2026-01-17T03:36:28Z", "destination": "GBROY", "eta": "{'Day': 18, 'Hour': 23, 'Minute': 0, 'Month': 1}", "display": "PEAK BORDEAUX (246474000)", "links": "<a href=\"https://www.vesselfinder.com/vessels?name=9545039\" target=\"_blank\" rel=\"noopener\">VesselFinder</a> | <a href=\"https://www.marinetraffic.com/en/ais/search/all?keyword=9545039\" target=\"_blank\" rel=\"noopener\">MarineTraffic</a>", "vf_url": "https://www.vesselfinder.com/vessels?name=9545039", "mst_url": "https://www.marinetraffic.com/en/ais/search/all?keyword=9545039", "method": "v3_2pass_track3d_fromru10d", "ru_seen_in_lookback": true, "in_monitor_on_day": true}}, {"type": "Feature", "geometry": {"type": "LineString", "coordinates": [[16.737235000000002, 55.49205333333334], [15.417663333333333, 55.473274999999994], [15.13217, 55.49263833333334], [15.083345000000001, 55.57776666666667], [14.959066666666667, 55.557739999999995], [14.824951666666667, 55.52182333333334], [14.694888333333333, 55.481793333333336], [14.58994, 55.42425166666667], [14.493388333333334, 55.364288333333334], [14.4039, 55.300979999999996], [14.315781666666668, 55.23962166666667], [14.215093333333334, 55.17969333333333], [14.118699999999999, 55.12001166666666], [14.018028333333332, 55.0643], [13.875758333333332, 55.03510166666667], [13.737211666666667, 55.006695], [12.247620000000001, 54.6124], [12.194236666666665, 54.53955666666666], [12.168795, 54.45692333333333], [12.034995, 54.42949833333333], [11.935393333333334, 54.40220166666666], [11.938656666666667, 54.32045666666667], [11.987879999999999, 54.26029166666667], [12.004484999999999, 54.24036833333333], [12.004539999999999, 54.24023666666667], [12.004588333333334, 54.240345000000005], [12.004465000000001, 54.24053833333333], [12.004376666666667, 54.240883333333336], [12.004121666666666, 54.240741666666665], [12.004521666666667, 54.240988333333334], [12.004275, 54.24086333333333], [12.00403, 54.240696666666665], [12.004175, 54.240315], [12.00427, 54.240840000000006], [12.004345, 54.240793333333336], [12.00449, 54.240658333333336], [12.004903333333335, 54.24105333333333], [12.00507, 54.241168333333334], [12.004808333333333, 54.24133833333334], [12.004991666666665, 54.241276666666664], [12.005056666666666, 54.24122333333333], [12.005138333333333, 54.24118], [12.005115, 54.241323333333334], [12.005165, 54.241033333333334], [12.005231666666667, 54.24084833333333], [12.005198333333334, 54.24071333333333], [12.005108333333334, 54.240565], [12.00505, 54.24012833333334], [12.0049, 54.23983666666666], [12.004903333333335, 54.23984666666667], [12.004965, 54.23970333333333], [12.004958333333333, 54.239525], [12.004695, 54.23992333333333], [12.004788333333332, 54.239664999999995], [12.004766666666665, 54.23961666666666], [12.004638333333332, 54.239995], [12.004565000000001, 54.240006666666666], [12.004520000000001, 54.240008333333336], [12.00482, 54.239308333333334], [12.004615, 54.239525], [12.004823333333333, 54.239196666666665], [12.004611666666667, 54.239308333333334], [12.004461666666666, 54.23917166666667], [12.004415, 54.23917333333333], [12.004345, 54.23924833333333], [12.004316666666666, 54.23941333333333], [12.004248333333333, 54.239345], [12.004275, 54.23935166666667], [12.004225, 54.239358333333335], [12.004211666666667, 54.23933666666667], [12.004126666666668, 54.23956], [12.004066666666667, 54.239853333333336], [12.004036666666668, 54.239850000000004], [12.004, 54.239929999999994]]}, "properties": {"label": "ROSTRUM HEDONIST", "mmsi": "636093240", "imo": "9955894", "name": "ROSTRUM HEDONIST", "shiptype": "", "first_seen_utc": "2026-01-08T00:28:06Z", "last_seen_utc": "2026-01-17T03:56:35Z", "destination": "ROSTOCK", "eta": "{'Day': 16, 'Hour': 6, 'Minute': 0, 'Month': 1}", "display": "", "links": "<a href=\"https://www.vesselfinder.com/vessels?name=9955894\" target=\"_blank\" rel=\"noopener\">VesselFinder</a> | <a href=\"https://www.marinetraffic.com/en/ais/search/all?keyword=9955894\" target=\"_blank\" rel=\"noopener\">MarineTraffic</a>", "vf_url": "https://www.vesselfinder.com/vessels?name=9955894", "mst_url": "https://www.marinetraffic.com/en/ais/search/all?keyword=9955894", "method": "v3_2pass_track3d_fromru10d", "ru_seen_in_lookback": true, "in_monitor_on_day": true}}, {"type": "Feature", "geometry": {"type": "Point", "coordinates": [12.004, 54.239929999999994]}, "properties": {"label": "ROSTRUM HEDONIST", "mmsi": "636093240", "imo": "9955894", "name": "ROSTRUM HEDONIST", "shiptype": "", "first_seen_utc": "2026-01-08T00:28:06Z", "last_seen_utc": "2026-01-17T03:56:35Z", "destination": "ROSTOCK", "eta": "{'Day': 16, 'Hour': 6, 'Minute': 0, 'Month': 1}", "display": "ROSTRUM HEDONIST (636093240)", "links": "<a href=\"https://www.vesselfinder.com/vessels?name=9955894\" target=\"_blank\" rel=\"noopener\">VesselFinder</a> | <a href=\"https://www.marinetraffic.com/en/ais/search/all?keyword=9955894\" target=\"_blank\" rel=\"noopener\">MarineTraffic</a>", "vf_url": "https://www.vesselfinder.com/vessels?name=9955894", "mst_url": "https://www.marinetraffic.com/en/ais/search/all?keyword=9955894", "method": "v3_2pass_track3d_fromru10d", "ru_seen_in_lookback": true, "in_monitor_on_day": true}}, {"type": "Feature", "geometry": {"type": "LineString", "coordinates": [[5.129568333333333, 53.57552333333333], [4.992168333333334, 53.54733], [4.859645, 53.520869999999995], [4.733246666666667, 53.494263333333336], [4.5857850000000004, 53.42294833333334], [4.534823333333334, 53.35353], [4.4899933333333335, 53.284285], [4.449405, 53.21736833333333], [4.397633333333333, 53.15160166666667], [4.2925699999999996, 53.100411666666666], [4.187263333333333, 53.0473], [3.9614816666666663, 52.85152166666667], [3.8855733333333333, 52.607036666666666], [3.8582083333333332, 52.514426666666665], [3.817488333333333, 52.3765], [3.7963033333333334, 52.294774999999994], [3.783158333333333, 52.20547], [3.782078333333333, 52.12090666666666], [3.8164733333333336, 52.04210833333333], [3.9354816666666665, 52.00837166666667], [4.067001666666667, 51.98594], [4.175951666666666, 51.94828], [4.274583333333334, 51.90125666666667], [4.3541316666666665, 51.90362666666667], [4.35475, 51.90340166666667], [4.35476, 51.90342], [4.354743333333333, 51.90338666666666], [4.35475, 51.903405], [4.354753333333333, 51.90342666666666], [4.354758333333334, 51.903445000000005], [4.354768333333333, 51.903416666666665], [4.354744999999999, 51.90343166666666], [4.354753333333333, 51.903398333333335], [4.354765, 51.90341166666666], [4.35475, 51.903418333333335], [4.3547416666666665, 51.90342], [4.354743333333333, 51.903425], [4.354751666666667, 51.90341166666666], [4.354756666666666, 51.90340166666667], [4.3547633333333335, 51.903418333333335], [4.354775, 51.903416666666665], [4.354768333333333, 51.90343666666667], [4.3547633333333335, 51.903438333333334], [4.3547633333333335, 51.90340166666667], [4.354748333333333, 51.903385], [4.354748333333333, 51.90342666666666], [4.35477, 51.90342833333333], [4.354755, 51.90341], [4.354775, 51.90342833333333], [4.354778333333333, 51.90340833333333], [4.354781666666667, 51.90342666666666], [4.35482, 51.903455], [4.35476, 51.90342333333333], [4.354738333333333, 51.903441666666666], [4.354733333333333, 51.903434999999995], [4.354716666666667, 51.90340333333334], [4.354748333333333, 51.90342], [4.354775, 51.90341333333333], [4.354778333333333, 51.903418333333335], [4.354786666666667, 51.90341333333333], [4.35477, 51.903389999999995], [4.3547666666666665, 51.90342], [4.354768333333333, 51.90345166666667], [4.354756666666666, 51.90342666666666], [4.3547633333333335, 51.90340166666667], [4.354736666666667, 51.90344833333334], [4.354786666666667, 51.903443333333335], [4.354758333333334, 51.90340333333334], [4.354751666666667, 51.90340833333333], [4.3547633333333335, 51.90342166666667], [4.3547666666666665, 51.90342], [4.354761666666667, 51.903398333333335], [4.354761666666667, 51.90342], [4.35475, 51.90342], [4.354746666666667, 51.90343166666666], [4.354746666666667, 51.90344], [4.3547899999999995, 51.903400000000005], [4.354755, 51.903415], [4.3547666666666665, 51.90343166666666], [4.354755, 51.903418333333335], [4.2494483333333335, 51.912855], [4.10694, 51.979261666666666], [4.167, 51.94489166666666], [4.18693, 51.93295833333333], [4.18691, 51.93298166666667], [4.186873333333334, 51.93296], [4.186898333333334, 51.932948333333336], [4.18691, 51.932961666666664], [4.186908333333333, 51.932964999999996], [4.186873333333334, 51.932943333333334], [4.186893333333334, 51.93294], [4.186916666666667, 51.93293666666667], [4.186921666666667, 51.932919999999996], [4.186925, 51.93294166666667]]}, "properties": {"label": "BALTIC COASTER", "mmsi": "255915748", "imo": "9963009", "name": "BALTIC COASTER", "shiptype": "", "first_seen_utc": "2026-01-08T00:28:28Z", "last_seen_utc": "2026-01-17T03:55:14Z", "destination": "NLRTM", "eta": "{'Day': 16, 'Hour': 23, 'Minute': 0, 'Month': 1}", "display": "", "links": "<a href=\"https://www.vesselfinder.com/vessels?name=9963009\" target=\"_blank\" rel=\"noopener\">VesselFinder</a> | <a href=\"https://www.marinetraffic.com/en/ais/search/all?keyword=9963009\" target=\"_blank\" rel=\"noopener\">MarineTraffic</a>", "vf_url": "https://www.vesselfinder.com/vessels?name=9963009", "mst_url": "https://www.marinetraffic.com/en/ais/search/all?keyword=9963009", "method": "v3_2pass_track3d_fromru10d", "ru_seen_in_lookback": true, "in_monitor_on_day": true}}, {"type": "Feature", "geometry": {"type": "Point", "coordinates": [4.186925, 51.93294166666667]}, "properties": {"label": "BALTIC COASTER", "mmsi": "255915748", "imo": "9963009", "name": "BALTIC COASTER", "shiptype": "", "first_seen_utc": "2026-01-08T00:28:28Z", "last_seen_utc": "2026-01-17T03:55:14Z", "destination": "NLRTM", "eta": "{'Day': 16, 'Hour': 23, 'Minute': 0, 'Month': 1}", "display": "BALTIC COASTER (255915748)", "links": "<a href=\"https://www.vesselfinder.com/vessels?name=9963009\" target=\"_blank\" rel=\"noopener\">VesselFinder</a> | <a href=\"https://www.marinetraffic.com/en/ais/search/all?keyword=9963009\" target=\"_blank\" rel=\"noopener\">MarineTraffic</a>", "vf_url": "https://www.vesselfinder.com/vessels?name=9963009", "mst_url": "https://www.marinetraffic.com/en/ais/search/all?keyword=9963009", "method": "v3_2pass_track3d_fromru10d", "ru_seen_in_lookback": true, "in_monitor_on_day": true}}, {"type": "Feature", "geometry": {"type": "LineString", "coordinates": [[18.802361666666666, 54.602925], [18.802415, 54.602868333333326], [18.8024, 54.602925], [18.802374999999998, 54.60293333333333], [18.802358333333334, 54.602909999999994], [18.802376666666664, 54.60293333333333], [18.802419999999998, 54.60287833333334], [18.80235, 54.60293], [18.802378333333333, 54.602893333333334], [18.802425000000003, 54.60294333333333], [18.802356666666665, 54.602935], [18.843125, 54.55524166666667], [18.935931666666665, 54.49678166666667], [19.013154999999998, 54.43927333333333], [19.046578333333333, 54.42599833333334], [19.0872, 54.418485000000004], [19.12436166666667, 54.42176333333334], [19.078685, 54.42720666666666], [19.035023333333335, 54.431515], [18.996008333333336, 54.44438666666667], [19.007168333333333, 54.440286666666665], [19.045476666666666, 54.42959666666666], [19.078501666666668, 54.43398833333333], [19.030705, 54.433585], [18.993301666666664, 54.44654333333334], [18.963221666666666, 54.462745000000005], [18.98519, 54.44924666666667], [19.02145833333333, 54.437464999999996], [19.049941666666665, 54.433110000000006], [19.050993333333334, 54.436569999999996], [19.031763333333334, 54.453485], [18.929669999999998, 54.50705333333334], [18.835815, 54.56481333333333], [18.803291666666667, 54.601315], [18.803295, 54.60131166666667], [18.803330000000003, 54.601306666666666], [18.803553333333333, 54.600258333333336], [18.803463333333333, 54.600255], [18.803565, 54.600275], [18.802383333333335, 54.60292666666667], [18.80237, 54.602938333333334], [18.802380000000003, 54.60293], [18.80239, 54.602911666666664], [18.802388333333333, 54.602925], [18.802374999999998, 54.60293166666667], [18.802376666666664, 54.60294333333333], [18.802383333333335, 54.60293], [18.802403333333334, 54.602911666666664], [18.802415, 54.602941666666666], [18.802374999999998, 54.60294333333333], [18.802380000000003, 54.602935], [18.80235, 54.60293], [18.802380000000003, 54.60292333333334], [18.802373333333332, 54.602935], [18.80235, 54.602936666666665], [18.802391666666665, 54.60292166666667], [18.802376666666664, 54.60294], [18.802365, 54.60293333333333], [18.802373333333332, 54.60292166666667], [18.802388333333333, 54.60292333333334], [18.802373333333332, 54.602935], [18.802373333333332, 54.60294333333333], [18.802395, 54.60294], [18.802366666666668, 54.60294], [18.802365, 54.60293333333333], [18.802403333333334, 54.602935], [18.802408333333336, 54.60292666666667], [18.802374999999998, 54.60292833333333], [18.802396666666667, 54.60293333333333], [18.802401666666665, 54.60292666666667], [18.802365, 54.60292666666667], [18.802410000000002, 54.60297833333333], [18.802405, 54.60300333333333], [18.802361666666666, 54.602935], [18.802343333333333, 54.60292166666667], [18.802395, 54.602911666666664], [18.802373333333332, 54.602925], [18.802405, 54.60291666666667], [18.802374999999998, 54.60294], [18.802366666666668, 54.60294666666667], [18.802383333333335, 54.602941666666666], [18.802353333333333, 54.60293166666667], [18.80238166666667, 54.60290833333333], [18.802351666666667, 54.60293], [18.802378333333333, 54.602920000000005], [18.802403333333334, 54.602935], [18.802368333333334, 54.602920000000005], [18.802380000000003, 54.60292833333333], [18.802388333333333, 54.602936666666665], [18.802388333333333, 54.602913333333326], [18.802365, 54.60293], [18.802373333333332, 54.60293166666667], [18.802378333333333, 54.60293], [18.802376666666664, 54.602936666666665], [18.802373333333332, 54.602918333333335], [18.802398333333333, 54.602915], [18.802391666666665, 54.60292833333333], [18.802373333333332, 54.60292333333334], [18.802358333333334, 54.60292833333333], [18.802368333333334, 54.602918333333335], [18.802374999999998, 54.60292833333333], [18.802353333333333, 54.60291666666667]]}, "properties": {"label": "HEL-150", "mmsi": "261003910", "imo": "8600260", "name": "HEL-150", "shiptype": "", "first_seen_utc": "2026-01-08T00:28:55Z", "last_seen_utc": "2026-01-17T03:47:58Z", "destination": "KEEP SAFE DISTANCE", "eta": "{'Day': 14, 'Hour': 21, 'Minute': 0, 'Month': 11}", "display": "", "links": "<a href=\"https://www.vesselfinder.com/vessels?name=8600260\" target=\"_blank\" rel=\"noopener\">VesselFinder</a> | <a href=\"https://www.marinetraffic.com/en/ais/search/all?keyword=8600260\" target=\"_blank\" rel=\"noopener\">MarineTraffic</a>", "vf_url": "https://www.vesselfinder.com/vessels?name=8600260", "mst_url": "https://www.marinetraffic.com/en/ais/search/all?keyword=8600260", "method": "v3_2pass_track3d_fromru10d", "ru_seen_in_lookback": true, "in_monitor_on_day": true}}, {"type": "Feature", "geometry": {"type": "Point", "coordinates": [18.802353333333333, 54.60291666666667]}, "properties": {"label": "HEL-150", "mmsi": "261003910", "imo": "8600260", "name": "HEL-150", "shiptype": "", "first_seen_utc": "2026-01-08T00:28:55Z", "last_seen_utc": "2026-01-17T03:47:58Z", "destination": "KEEP SAFE DISTANCE", "eta": "{'Day': 14, 'Hour': 21, 'Minute': 0, 'Month': 11}", "display": "HEL-150 (261003910)", "links": "<a href=\"https://www.vesselfinder.com/vessels?name=8600260\" target=\"_blank\" rel=\"noopener\">VesselFinder</a> | <a href=\"https://www.marinetraffic.com/en/ais/search/all?keyword=8600260\" target=\"_blank\" rel=\"noopener\">MarineTraffic</a>", "vf_url": "https://www.vesselfinder.com/vessels?name=8600260", "mst_url": "https://www.marinetraffic.com/en/ais/search/all?keyword=8600260", "method": "v3_2pass_track3d_fromru10d", "ru_seen_in_lookback": true, "in_monitor_on_day": true}}, {"type": "Feature", "geometry": {"type": "LineString", "coordinates": [[7.873043333333333, 57.05206], [8.059289999999999, 57.173995], [8.261325000000001, 57.286875], [8.477478333333334, 57.393945], [8.720643333333333, 57.474705], [8.973853333333333, 57.558123333333334], [9.220353333333332, 57.648595], [9.44736, 57.753569999999996], [9.69268, 57.80927666666666], [9.962298333333333, 57.816685], [10.22982, 57.81549666666667], [10.488596666666666, 57.809099999999994], [11.148215, 56.095659999999995], [11.080166666666665, 56.03519333333334], [10.971115, 55.932813333333335], [10.823416666666667, 55.88879333333333], [10.802695, 55.75382666666667], [10.791918333333333, 55.613285], [10.991351666666667, 55.40134166666667], [11.057368333333333, 55.27865833333333], [11.01637, 55.17695666666667], [10.99412, 55.04348166666667], [10.875808333333334, 54.93136166666667], [10.832098333333333, 54.827373333333334], [10.768543333333334, 54.706875], [10.932663333333332, 54.61590666666667], [11.174108333333333, 54.57519166666667], [11.408663333333333, 54.51948333333333], [11.637798333333334, 54.456379999999996], [11.871518333333334, 54.40562833333333], [12.107765, 54.41256333333333], [12.230866666666666, 54.497225], [12.271133333333333, 54.58076166666667], [12.433593333333333, 54.65758666666667], [12.54196, 54.70095666666667], [18.340700000000002, 54.93199833333333], [18.48129, 54.94502166666667], [18.66494, 54.91960166666667], [18.777611666666665, 54.87916833333334], [18.890273333333333, 54.84164], [18.993218333333335, 54.80882999999999], [18.992913333333334, 54.804986666666665], [18.98716166666667, 54.818175], [18.98814666666667, 54.83304833333333], [18.995171666666668, 54.848173333333335], [19.00653833333333, 54.86271]]}, "properties": {"label": "MSC CALYPSO", "mmsi": "636022443", "imo": "9932036", "name": "MSC CALYPSO", "shiptype": "", "first_seen_utc": "2026-01-08T00:29:29Z", "last_seen_utc": "2026-01-17T03:28:18Z", "destination": "PLGDY", "eta": "{'Day': 17, 'Hour': 6, 'Minute': 30, 'Month': 1}", "display": "", "links": "<a href=\"https://www.vesselfinder.com/vessels?name=9932036\" target=\"_blank\" rel=\"noopener\">VesselFinder</a> | <a href=\"https://www.marinetraffic.com/en/ais/search/all?keyword=9932036\" target=\"_blank\" rel=\"noopener\">MarineTraffic</a>", "vf_url": "https://www.vesselfinder.com/vessels?name=9932036", "mst_url": "https://www.marinetraffic.com/en/ais/search/all?keyword=9932036", "method": "v3_2pass_track3d_fromru10d", "ru_seen_in_lookback": true, "in_monitor_on_day": true}}, {"type": "Feature", "geometry": {"type": "Point", "coordinates": [19.00653833333333, 54.86271]}, "properties": {"label": "MSC CALYPSO", "mmsi": "636022443", "imo": "9932036", "name": "MSC CALYPSO", "shiptype": "", "first_seen_utc": "2026-01-08T00:29:29Z", "last_seen_utc": "2026-01-17T03:28:18Z", "destination": "PLGDY", "eta": "{'Day': 17, 'Hour': 6, 'Minute': 30, 'Month': 1}", "display": "MSC CALYPSO (636022443)", "links": "<a href=\"https://www.vesselfinder.com/vessels?name=9932036\" target=\"_blank\" rel=\"noopener\">VesselFinder</a> | <a href=\"https://www.marinetraffic.com/en/ais/search/all?keyword=9932036\" target=\"_blank\" rel=\"noopener\">MarineTraffic</a>", "vf_url": "https://www.vesselfinder.com/vessels?name=9932036", "mst_url": "https://www.marinetraffic.com/en/ais/search/all?keyword=9932036", "method": "v3_2pass_track3d_fromru10d", "ru_seen_in_lookback": true, "in_monitor_on_day": true}}, {"type": "Feature", "geometry": {"type": "LineString", "coordinates": [[18.800765000000002, 54.602185], [18.800795, 54.602215], [18.800785, 54.60222], [18.80077, 54.6022], [18.800774999999998, 54.602205000000005], [18.80078, 54.60219], [18.800755, 54.602205000000005], [18.800835, 54.602185], [18.800810000000002, 54.6022], [18.800785, 54.602185], [18.82658, 54.594075], [18.838385000000002, 54.61937], [18.833525, 54.64126], [18.832505, 54.654970000000006], [18.849155, 54.632315], [18.851760000000002, 54.60803], [18.85225, 54.58497], [18.864469999999997, 54.564595000000004], [18.883505, 54.54607], [18.864945, 54.558144999999996], [18.841869999999997, 54.576915], [18.847905, 54.596715], [18.862475, 54.606855], [18.878045, 54.61509], [18.88151, 54.627224999999996], [18.88173, 54.643445], [18.84809, 54.605760000000004], [18.801105, 54.599885], [18.80167, 54.59993], [18.80076, 54.602195], [18.80079, 54.6022], [18.80077, 54.602205000000005], [18.800715, 54.60221], [18.800765000000002, 54.6022], [18.80078, 54.602195], [18.800765000000002, 54.60219], [18.800755, 54.602205000000005], [18.80077, 54.60221], [18.800785, 54.602205000000005], [18.80078, 54.60218], [18.800785, 54.602205000000005], [18.800774999999998, 54.602205000000005], [18.80076, 54.602195], [18.80076, 54.6022], [18.80078, 54.60221], [18.80077, 54.602205000000005], [18.800774999999998, 54.60221], [18.80078, 54.602205000000005], [18.800795, 54.602205000000005], [18.80078, 54.60222], [18.800795, 54.6022], [18.80077, 54.60219], [18.80079, 54.602195], [18.80077, 54.6022], [18.800785, 54.6022], [18.8008, 54.60222], [18.80079, 54.6022], [18.80079, 54.60221], [18.80078, 54.6022], [18.800765000000002, 54.602205000000005], [18.80077, 54.602205000000005], [18.800785, 54.60221], [18.800774999999998, 54.6022], [18.80076, 54.602215], [18.800774999999998, 54.602205000000005], [18.80076, 54.6022], [18.800765000000002, 54.60221], [18.80077, 54.60221], [18.80077, 54.60219], [18.800785, 54.602195], [18.80078, 54.6022], [18.800774999999998, 54.60221], [18.80077, 54.60221], [18.800774999999998, 54.60219], [18.80076, 54.602205000000005], [18.80078, 54.602205000000005], [18.80076, 54.60221], [18.800774999999998, 54.602205000000005], [18.80078, 54.602205000000005], [18.800774999999998, 54.602205000000005], [18.800755, 54.602205000000005], [18.80078, 54.6022], [18.800774999999998, 54.60221], [18.80078, 54.6022], [18.80077, 54.60219], [18.80077, 54.602205000000005], [18.80079, 54.602215], [18.80078, 54.602205000000005], [18.80078, 54.60221], [18.80077, 54.60221], [18.80077, 54.602195], [18.800774999999998, 54.602205000000005], [18.800774999999998, 54.602205000000005], [18.800774999999998, 54.60221], [18.800785, 54.6022], [18.80078, 54.602215], [18.80078, 54.60221], [18.800810000000002, 54.602195], [18.800774999999998, 54.602195], [18.800774999999998, 54.60221], [18.800774999999998, 54.6022], [18.800785, 54.602205000000005]]}, "properties": {"label": "LEB 62", "mmsi": "261013840", "imo": "", "name": "LEB 62", "shiptype": "", "first_seen_utc": "2026-01-08T00:29:40Z", "last_seen_utc": "2026-01-17T03:47:41Z", "destination": "KEEP SAFE DIST 03AFT", "eta": "{'Day': 0, 'Hour': 24, 'Minute': 60, 'Month': 0}", "display": "", "links": "<a href=\"https://www.vesselfinder.com/vessels?name=261013840\" target=\"_blank\" rel=\"noopener\">VesselFinder</a> | <a href=\"https://www.marinetraffic.com/en/ais/search/all?keyword=261013840\" target=\"_blank\" rel=\"noopener\">MarineTraffic</a>", "vf_url": "https://www.vesselfinder.com/vessels?name=261013840", "mst_url": "https://www.marinetraffic.com/en/ais/search/all?keyword=261013840", "method": "v3_2pass_track3d_fromru10d", "ru_seen_in_lookback": true, "in_monitor_on_day": true}}, {"type": "Feature", "geometry": {"type": "Point", "coordinates": [18.800785, 54.602205000000005]}, "properties": {"label": "LEB 62", "mmsi": "261013840", "imo": "", "name": "LEB 62", "shiptype": "", "first_seen_utc": "2026-01-08T00:29:40Z", "last_seen_utc": "2026-01-17T03:47:41Z", "destination": "KEEP SAFE DIST 03AFT", "eta": "{'Day': 0, 'Hour': 24, 'Minute': 60, 'Month': 0}", "display": "LEB 62 (261013840)", "links": "<a href=\"https://www.vesselfinder.com/vessels?name=261013840\" target=\"_blank\" rel=\"noopener\">VesselFinder</a> | <a href=\"https://www.marinetraffic.com/en/ais/search/all?keyword=261013840\" target=\"_blank\" rel=\"noopener\">MarineTraffic</a>", "vf_url": "https://www.vesselfinder.com/vessels?name=261013840", "mst_url": "https://www.marinetraffic.com/en/ais/search/all?keyword=261013840", "method": "v3_2pass_track3d_fromru10d", "ru_seen_in_lookback": true, "in_monitor_on_day": true}}, {"type": "Feature", "geometry": {"type": "LineString", "coordinates": [[18.554228333333334, 54.52205666666667], [18.55424, 54.522075], [18.554243333333332, 54.52204], [18.554246666666664, 54.522065], [18.55427, 54.522055], [18.554278333333333, 54.52202], [18.55423, 54.522086666666674], [18.554286666666666, 54.52208333333333], [18.554328333333334, 54.522088333333336], [18.55421833333333, 54.52207], [18.554253333333335, 54.52207666666666], [18.554246666666664, 54.52204833333334], [18.554221666666667, 54.522079999999995], [18.554215, 54.52207166666667], [18.554225, 54.52205], [18.55424, 54.522079999999995], [18.554223333333333, 54.522095], [18.55418166666667, 54.52198], [18.554205000000003, 54.52211666666667], [18.554265, 54.52207666666666], [18.554255, 54.52204666666667], [18.55423, 54.522063333333335], [18.554246666666664, 54.522058333333334], [18.554213333333333, 54.522075], [18.554190000000002, 54.52204666666667], [18.554235000000002, 54.521998333333336], [18.554236666666668, 54.522061666666666], [18.554258333333333, 54.52207333333333], [18.55424833333333, 54.52204833333334], [18.554221666666667, 54.522079999999995], [18.554236666666668, 54.522063333333335], [18.554253333333335, 54.522036666666665], [18.554243333333332, 54.522063333333335], [18.55424, 54.52207666666666], [18.554255, 54.52205], [18.55426, 54.522063333333335], [18.554235000000002, 54.52207333333333], [18.554235000000002, 54.52205333333333], [18.554241666666666, 54.52205], [18.554253333333335, 54.522055], [18.554250000000003, 54.522065], [18.554238333333334, 54.52206666666667], [18.554236666666668, 54.52205333333333], [18.554253333333335, 54.52207], [18.554256666666667, 54.522063333333335], [18.554253333333335, 54.52205333333333], [18.554225, 54.522085], [18.55421833333333, 54.522045000000006], [18.55420333333333, 54.52205666666667], [18.554228333333334, 54.522058333333334], [18.554261666666665, 54.522058333333334], [18.554243333333332, 54.522079999999995], [18.554256666666667, 54.52209666666667], [18.554276666666667, 54.522088333333336], [18.554244999999998, 54.522055], [18.554235000000002, 54.522058333333334], [18.554258333333333, 54.52205166666667], [18.591293333333333, 54.50715], [18.69079, 54.482369999999996], [18.790685, 54.45472333333333], [18.904328333333336, 54.42463166666666], [18.977331666666664, 54.39937166666667], [18.977346666666666, 54.399366666666666], [18.979831666666666, 54.401783333333334], [19.034721666666666, 54.47878166666667], [19.093686666666667, 54.55697333333333], [19.130636666666664, 54.606388333333335], [19.130640000000003, 54.60639666666667], [19.130621666666666, 54.606406666666665], [19.138915, 54.617801666666665], [19.193055, 54.699709999999996], [19.248541666666664, 54.779318333333336], [19.294118333333333, 54.834741666666666], [19.276641666666666, 54.81375166666667], [19.21128333333333, 54.762683333333335], [19.140095, 54.71364666666667], [19.066418333333335, 54.66731166666667], [18.992246666666666, 54.62244833333333], [18.915413333333333, 54.579071666666664], [18.831355, 54.53415833333334], [18.718856666666667, 54.515928333333335], [18.577476666666666, 54.51604], [18.554228333333334, 54.52207166666667], [18.554275, 54.52205666666667], [18.55423, 54.52207666666666], [18.55426333333333, 54.52207666666666], [18.55422666666667, 54.52205166666667], [18.554255, 54.522065], [18.554261666666665, 54.52208333333333], [18.55427, 54.52205166666667], [18.554233333333332, 54.52207], [18.554255, 54.52209166666667], [18.554233333333332, 54.52205166666667], [18.554228333333334, 54.522063333333335], [18.554253333333335, 54.52206], [18.55429666666667, 54.522065], [18.554256666666667, 54.522055]]}, "properties": {"label": "OCEANOGRAF", "mmsi": "261036120", "imo": "9776951", "name": "OCEANOGRAF", "shiptype": "", "first_seen_utc": "2026-01-08T00:31:01Z", "last_seen_utc": "2026-01-17T03:33:30Z", "destination": "GDYNIA", "eta": "{'Day': 16, 'Hour': 21, 'Minute': 0, 'Month': 1}", "display": "", "links": "<a href=\"https://www.vesselfinder.com/vessels?name=9776951\" target=\"_blank\" rel=\"noopener\">VesselFinder</a> | <a href=\"https://www.marinetraffic.com/en/ais/search/all?keyword=9776951\" target=\"_blank\" rel=\"noopener\">MarineTraffic</a>", "vf_url": "https://www.vesselfinder.com/vessels?name=9776951", "mst_url": "https://www.marinetraffic.com/en/ais/search/all?keyword=9776951", "method": "v3_2pass_track3d_fromru10d", "ru_seen_in_lookback": true, "in_monitor_on_day": true}}, {"type": "Feature", "geometry": {"type": "Point", "coordinates": [18.554256666666667, 54.522055]}, "properties": {"label": "OCEANOGRAF", "mmsi": "261036120", "imo": "9776951", "name": "OCEANOGRAF", "shiptype": "", "first_seen_utc": "2026-01-08T00:31:01Z", "last_seen_utc": "2026-01-17T03:33:30Z", "destination": "GDYNIA", "eta": "{'Day': 16, 'Hour': 21, 'Minute': 0, 'Month': 1}", "display": "OCEANOGRAF (261036120)", "links": "<a href=\"https://www.vesselfinder.com/vessels?name=9776951\" target=\"_blank\" rel=\"noopener\">VesselFinder</a> | <a href=\"https://www.marinetraffic.com/en/ais/search/all?keyword=9776951\" target=\"_blank\" rel=\"noopener\">MarineTraffic</a>", "vf_url": "https://www.vesselfinder.com/vessels?name=9776951", "mst_url": "https://www.marinetraffic.com/en/ais/search/all?keyword=9776951", "method": "v3_2pass_track3d_fromru10d", "ru_seen_in_lookback": true, "in_monitor_on_day": true}}, {"type": "Feature", "geometry": {"type": "LineString", "coordinates": [[18.67524166666667, 54.35687166666666], [18.67524166666667, 54.356901666666666], [18.675226666666667, 54.35691], [18.675245, 54.35689166666667], [18.675226666666667, 54.35690666666667], [18.675223333333335, 54.356896666666664], [18.675220000000003, 54.356878333333334], [18.67524166666667, 54.35689], [18.67523, 54.35688833333334], [18.675231666666665, 54.356885000000005], [18.67524, 54.35689166666667], [18.67523333333333, 54.35689166666667], [18.675220000000003, 54.356905], [18.675216666666664, 54.356885000000005], [18.675216666666664, 54.35687166666666], [18.67521, 54.35688833333334], [18.675220000000003, 54.35691166666666], [18.676161666666665, 54.356451666666665], [18.676226666666665, 54.356451666666665], [18.672245, 54.358815], [18.672253333333334, 54.35883166666667], [18.675251666666668, 54.35690666666667], [18.675214999999998, 54.35689333333333], [18.675238333333333, 54.356896666666664], [18.675213333333332, 54.356915], [18.675243333333334, 54.35689333333333], [18.675236666666667, 54.35691333333333], [18.675211666666666, 54.356881666666666], [18.675235, 54.356905], [18.67523333333333, 54.35687666666667], [18.675245, 54.35689333333333], [18.67524, 54.35689166666667], [18.675243333333334, 54.35688833333334], [18.675250000000002, 54.35688833333334], [18.675235, 54.35689333333333], [18.675206666666668, 54.356895], [18.675226666666667, 54.35690833333333], [18.675265000000003, 54.356905], [18.6752, 54.356901666666666], [18.675226666666667, 54.35689], [18.675250000000002, 54.3569], [18.675255, 54.356895], [18.675214999999998, 54.356915], [18.675226666666667, 54.356881666666666], [18.675253333333334, 54.356925000000004], [18.675231666666665, 54.356896666666664], [18.67524166666667, 54.356901666666666], [18.675258333333332, 54.356880000000004], [18.67522166666667, 54.35691666666666], [18.675223333333335, 54.35691333333333], [18.675253333333334, 54.356895], [18.675231666666665, 54.356903333333335], [18.675216666666664, 54.356883333333336], [18.675238333333333, 54.356865], [18.675223333333335, 54.356903333333335], [18.675223333333335, 54.35691166666666], [18.675228333333333, 54.356901666666666], [18.675231666666665, 54.356878333333334], [18.675220000000003, 54.35688833333334], [18.675228333333333, 54.356895], [18.675213333333332, 54.3569], [18.675228333333333, 54.35691833333333], [18.675236666666667, 54.35690833333333], [18.67522166666667, 54.35691], [18.675231666666665, 54.356903333333335], [18.675220000000003, 54.356901666666666], [18.675236666666667, 54.3569], [18.675253333333334, 54.35687333333333], [18.67524166666667, 54.35689], [18.675223333333335, 54.35689833333333], [18.67522166666667, 54.356901666666666], [18.675220000000003, 54.35691166666666], [18.675250000000002, 54.356905], [18.675236666666667, 54.356915], [18.675220000000003, 54.356895], [18.675223333333335, 54.35691], [18.671425, 54.358711666666665], [18.672555, 54.358601666666665], [18.672541666666667, 54.358605], [18.672543333333333, 54.358601666666665], [18.672541666666667, 54.35859333333334], [18.672523333333334, 54.358601666666665], [18.67255833333333, 54.35859833333333], [18.672551666666667, 54.35859333333334], [18.67254, 54.358605], [18.672546666666666, 54.35857166666666], [18.672563333333336, 54.35858833333334], [18.661156666666667, 54.382574999999996], [18.6587, 54.436695], [18.75769, 54.493426666666664], [18.85306166666667, 54.556691666666666], [18.93181333333333, 54.623376666666665], [18.785131666666665, 54.70674666666666], [18.626636666666666, 54.75023833333333], [18.436944999999998, 54.806450000000005]]}, "properties": {"label": "HENRYK", "mmsi": "261059000", "imo": "7504926", "name": "HENRYK", "shiptype": "", "first_seen_utc": "2026-01-08T00:32:31Z", "last_seen_utc": "2026-01-17T02:14:09Z", "destination": "WLADYSLAWOWO", "eta": "{'Day': 17, 'Hour': 2, 'Minute': 0, 'Month': 1}", "display": "", "links": "<a href=\"https://www.vesselfinder.com/vessels?name=7504926\" target=\"_blank\" rel=\"noopener\">VesselFinder</a> | <a href=\"https://www.marinetraffic.com/en/ais/search/all?keyword=7504926\" target=\"_blank\" rel=\"noopener\">MarineTraffic</a>", "vf_url": "https://www.vesselfinder.com/vessels?name=7504926", "mst_url": "https://www.marinetraffic.com/en/ais/search/all?keyword=7504926", "method": "v3_2pass_track3d_fromru10d", "ru_seen_in_lookback": true, "in_monitor_on_day": true}}, {"type": "Feature", "geometry": {"type": "Point", "coordinates": [18.436944999999998, 54.806450000000005]}, "properties": {"label": "HENRYK", "mmsi": "261059000", "imo": "7504926", "name": "HENRYK", "shiptype": "", "first_seen_utc": "2026-01-08T00:32:31Z", "last_seen_utc": "2026-01-17T02:14:09Z", "destination": "WLADYSLAWOWO", "eta": "{'Day': 17, 'Hour': 2, 'Minute': 0, 'Month': 1}", "display": "HENRYK (261059000)", "links": "<a href=\"https://www.vesselfinder.com/vessels?name=7504926\" target=\"_blank\" rel=\"noopener\">VesselFinder</a> | <a href=\"https://www.marinetraffic.com/en/ais/search/all?keyword=7504926\" target=\"_blank\" rel=\"noopener\">MarineTraffic</a>", "vf_url": "https://www.vesselfinder.com/vessels?name=7504926", "mst_url": "https://www.marinetraffic.com/en/ais/search/all?keyword=7504926", "method": "v3_2pass_track3d_fromru10d", "ru_seen_in_lookback": true, "in_monitor_on_day": true}}, {"type": "Feature", "geometry": {"type": "LineString", "coordinates": [[18.840465, 54.46264833333333], [18.840288333333334, 54.46291333333333], [18.84011, 54.46319833333334], [18.84009, 54.463210000000004], [18.840075000000002, 54.46311166666667], [18.840086666666664, 54.46317666666666], [18.839968333333335, 54.463370000000005], [18.839818333333334, 54.463433333333334], [18.839481666666664, 54.46359333333333], [18.839448333333333, 54.46362], [18.83909, 54.46372833333333], [18.838601666666666, 54.463845], [18.838525, 54.463816666666666], [18.837663333333335, 54.46402666666667], [18.837578333333333, 54.46405333333333], [18.837705000000003, 54.46404], [18.838295000000002, 54.463955000000006], [18.838873333333332, 54.46380166666667], [18.838043333333335, 54.46407833333333], [18.837921666666666, 54.464095], [18.83735, 54.46402666666667], [18.837228333333332, 54.464076666666664], [18.837148333333335, 54.464108333333336], [18.837653333333332, 54.46411166666667], [18.837515, 54.46409333333334], [18.837335, 54.46407833333333], [18.83715, 54.46408833333333], [18.836581666666667, 54.464016666666666], [18.836535, 54.464015], [18.836818333333333, 54.464058333333334], [18.836833333333335, 54.464063333333335], [18.836251666666666, 54.46400166666667], [18.836175, 54.46397833333333], [18.835816666666666, 54.463881666666666], [18.836065, 54.463944999999995], [18.836031666666667, 54.46393], [18.835916666666666, 54.46393666666667], [18.835816666666666, 54.46390333333333], [18.835485000000002, 54.46381333333333], [18.835716666666666, 54.46388], [18.835964999999998, 54.463928333333335], [18.836045000000002, 54.46398833333333], [18.836233333333332, 54.464005], [18.835975, 54.46396333333333], [18.835846666666665, 54.463899999999995], [18.836058333333334, 54.46396], [18.836021666666667, 54.46390833333333], [18.836081666666665, 54.46397], [18.835919999999998, 54.46390833333333], [18.835855, 54.46389666666666], [18.836126666666665, 54.46393666666667], [18.836223333333333, 54.46400333333334], [18.836371666666665, 54.46402666666667], [18.836356666666667, 54.46404333333333], [18.836301666666667, 54.46404166666667], [18.83632, 54.464034999999996], [18.836078333333333, 54.46397], [18.83625, 54.464045000000006], [18.83594833333333, 54.46400166666667], [18.836233333333332, 54.46402], [18.83628666666667, 54.46405666666667], [18.836351666666665, 54.46403333333333], [18.836368333333333, 54.46404666666667], [18.836456666666667, 54.464075], [18.836554999999997, 54.46407166666667], [18.83659, 54.46407833333333], [18.836596666666665, 54.464065], [18.836838333333333, 54.464103333333334], [18.836591666666667, 54.46408666666667], [18.83619666666667, 54.46399333333333], [18.836011666666664, 54.463973333333335], [18.83615166666667, 54.464016666666666], [18.836554999999997, 54.46405666666667], [18.83657, 54.46408666666667], [18.836476666666666, 54.46404166666667], [18.83625, 54.46400833333333], [18.836278333333333, 54.46405666666667], [18.83645166666667, 54.464079999999996], [18.836521666666666, 54.464081666666665], [18.836756666666666, 54.464124999999996], [18.83695833333333, 54.464105], [18.8369, 54.46412333333333], [18.83682, 54.46412333333333], [18.83676, 54.464075], [18.837106666666667, 54.46412], [18.837025, 54.464155], [18.837188333333334, 54.46415666666667], [18.837335, 54.46416166666667], [18.837395, 54.464150000000004], [18.837406666666666, 54.464155], [18.837328333333335, 54.464124999999996], [18.837111666666665, 54.464124999999996], [18.83666, 54.46407], [18.836416666666665, 54.46404666666667], [18.836596666666665, 54.46404166666667], [18.83650833333333, 54.464065], [18.83648833333333, 54.46405166666667], [18.83642166666667, 54.46403833333333]]}, "properties": {"label": "ISTANBUL-M", "mmsi": "352003516", "imo": "9450818", "name": "ISTANBUL-M", "shiptype": "", "first_seen_utc": "2026-01-08T00:36:57Z", "last_seen_utc": "2026-01-17T03:35:10Z", "destination": "PL GDN", "eta": "{'Day': 14, 'Hour': 11, 'Minute': 0, 'Month': 1}", "display": "", "links": "<a href=\"https://www.vesselfinder.com/vessels?name=9450818\" target=\"_blank\" rel=\"noopener\">VesselFinder</a> | <a href=\"https://www.marinetraffic.com/en/ais/search/all?keyword=9450818\" target=\"_blank\" rel=\"noopener\">MarineTraffic</a>", "vf_url": "https://www.vesselfinder.com/vessels?name=9450818", "mst_url": "https://www.marinetraffic.com/en/ais/search/all?keyword=9450818", "method": "v3_2pass_track3d_fromru10d", "ru_seen_in_lookback": true, "in_monitor_on_day": true}}, {"type": "Feature", "geometry": {"type": "Point", "coordinates": [18.83642166666667, 54.46403833333333]}, "properties": {"label": "ISTANBUL-M", "mmsi": "352003516", "imo": "9450818", "name": "ISTANBUL-M", "shiptype": "", "first_seen_utc": "2026-01-08T00:36:57Z", "last_seen_utc": "2026-01-17T03:35:10Z", "destination": "PL GDN", "eta": "{'Day': 14, 'Hour': 11, 'Minute': 0, 'Month': 1}", "display": "ISTANBUL-M (352003516)", "links": "<a href=\"https://www.vesselfinder.com/vessels?name=9450818\" target=\"_blank\" rel=\"noopener\">VesselFinder</a> | <a href=\"https://www.marinetraffic.com/en/ais/search/all?keyword=9450818\" target=\"_blank\" rel=\"noopener\">MarineTraffic</a>", "vf_url": "https://www.vesselfinder.com/vessels?name=9450818", "mst_url": "https://www.marinetraffic.com/en/ais/search/all?keyword=9450818", "method": "v3_2pass_track3d_fromru10d", "ru_seen_in_lookback": true, "in_monitor_on_day": true}}, {"type": "Feature", "geometry": {"type": "LineString", "coordinates": [[18.530636666666666, 54.536755], [18.530636666666666, 54.536746666666666], [18.530595, 54.536770000000004], [18.530616666666667, 54.536748333333335], [18.530636666666666, 54.536728333333336], [18.53062, 54.536741666666664], [18.53060833333333, 54.536725000000004], [18.53060333333333, 54.536744999999996], [18.530601666666666, 54.53671833333333], [18.530595, 54.536775], [18.530598333333334, 54.536773333333336], [18.530618333333333, 54.53677166666667], [18.530621666666665, 54.536764999999995], [18.530593333333336, 54.53677666666667], [18.530613333333335, 54.536768333333335], [18.530606666666664, 54.53673833333333], [18.530606666666664, 54.53676333333333], [18.530613333333335, 54.536735], [18.530649999999998, 54.536701666666666], [18.53060833333333, 54.53674], [18.530615, 54.53675166666667], [18.530596666666668, 54.53675833333333], [18.5306, 54.536773333333336], [18.530606666666664, 54.53676666666667], [18.530598333333334, 54.536768333333335], [18.530598333333334, 54.536764999999995], [18.530601666666666, 54.536764999999995], [18.530591666666666, 54.536743333333334], [18.530578333333334, 54.536775], [18.530598333333334, 54.53675333333333], [18.530596666666668, 54.53675333333333], [18.53060833333333, 54.536773333333336], [18.530598333333334, 54.536759999999994], [18.530618333333333, 54.536755], [18.530581666666667, 54.53676166666666], [18.53060333333333, 54.53675833333333], [18.53061166666667, 54.53673333333334], [18.530610000000003, 54.536764999999995], [18.5306, 54.53675], [18.530628333333333, 54.536759999999994], [18.530598333333334, 54.53677666666667], [18.530598333333334, 54.53676666666667], [18.530585, 54.53676666666667], [18.530601666666666, 54.53676666666667], [18.530610000000003, 54.53675333333333], [18.530615, 54.53676333333333], [18.530635, 54.53675], [18.530615, 54.53676333333333], [18.53063, 54.53673666666667], [18.530631666666668, 54.536735], [18.530610000000003, 54.536744999999996], [18.530610000000003, 54.53673166666667], [18.530586666666668, 54.53675833333333], [18.530593333333336, 54.536755], [18.53060833333333, 54.53676166666666], [18.53060333333333, 54.536764999999995], [18.53061166666667, 54.53675666666666], [18.530621666666665, 54.53675333333333], [18.530588333333334, 54.536755], [18.530598333333334, 54.53676166666666], [18.53060333333333, 54.536759999999994], [18.53061166666667, 54.53676333333333], [18.53060833333333, 54.536759999999994], [18.53062, 54.536748333333335], [18.530613333333335, 54.53675833333333], [18.530621666666665, 54.536768333333335], [18.53060333333333, 54.536764999999995], [18.530598333333334, 54.536768333333335], [18.53060833333333, 54.536764999999995], [18.53062, 54.536743333333334], [18.5306, 54.53675666666666], [18.53060333333333, 54.53675666666666], [18.53060833333333, 54.53676666666667], [18.530596666666668, 54.53678], [18.530591666666666, 54.53677833333334], [18.530616666666667, 54.536770000000004], [18.53059, 54.536770000000004], [18.530596666666668, 54.53675166666667], [18.53062333333333, 54.53673333333334], [18.530604999999998, 54.53675333333333], [18.530626666666667, 54.536755], [18.530606666666664, 54.53675666666666], [18.530604999999998, 54.536759999999994], [18.530610000000003, 54.53675833333333], [18.530598333333334, 54.53675833333333], [18.530606666666664, 54.53676333333333], [18.530598333333334, 54.536786666666664], [18.530606666666664, 54.53677166666667], [18.53060833333333, 54.53676166666666], [18.53060833333333, 54.53676333333333], [18.530610000000003, 54.536759999999994], [18.530658333333335, 54.53673333333334], [18.530610000000003, 54.53678333333333], [18.53060833333333, 54.536773333333336], [18.530613333333335, 54.53676666666667], [18.53060833333333, 54.53675833333333], [18.530613333333335, 54.536744999999996], [18.530571666666667, 54.53676666666667]]}, "properties": {"label": "LEOPARD", "mmsi": "576909000", "imo": "6819697", "name": "LEOPARD", "shiptype": "", "first_seen_utc": "2026-01-08T00:37:31Z", "last_seen_utc": "2026-01-17T03:39:04Z", "destination": "PLGDY", "eta": "{'Day': 14, 'Hour': 16, 'Minute': 0, 'Month': 1}", "display": "", "links": "<a href=\"https://www.vesselfinder.com/vessels?name=6819697\" target=\"_blank\" rel=\"noopener\">VesselFinder</a> | <a href=\"https://www.marinetraffic.com/en/ais/search/all?keyword=6819697\" target=\"_blank\" rel=\"noopener\">MarineTraffic</a>", "vf_url": "https://www.vesselfinder.com/vessels?name=6819697", "mst_url": "https://www.marinetraffic.com/en/ais/search/all?keyword=6819697", "method": "v3_2pass_track3d_fromru10d", "ru_seen_in_lookback": true, "in_monitor_on_day": true}}, {"type": "Feature", "geometry": {"type": "Point", "coordinates": [18.530571666666667, 54.53676666666667]}, "properties": {"label": "LEOPARD", "mmsi": "576909000", "imo": "6819697", "name": "LEOPARD", "shiptype": "", "first_seen_utc": "2026-01-08T00:37:31Z", "last_seen_utc": "2026-01-17T03:39:04Z", "destination": "PLGDY", "eta": "{'Day': 14, 'Hour': 16, 'Minute': 0, 'Month': 1}", "display": "LEOPARD (576909000)", "links": "<a href=\"https://www.vesselfinder.com/vessels?name=6819697\" target=\"_blank\" rel=\"noopener\">VesselFinder</a> | <a href=\"https://www.marinetraffic.com/en/ais/search/all?keyword=6819697\" target=\"_blank\" rel=\"noopener\">MarineTraffic</a>", "vf_url": "https://www.vesselfinder.com/vessels?name=6819697", "mst_url": "https://www.marinetraffic.com/en/ais/search/all?keyword=6819697", "method": "v3_2pass_track3d_fromru10d", "ru_seen_in_lookback": true, "in_monitor_on_day": true}}, {"type": "Feature", "geometry": {"type": "LineString", "coordinates": [[15.358356666666667, 55.654725], [14.857891666666665, 55.52941833333333], [14.601538333333334, 55.44488166666667], [14.427538333333333, 55.31867833333333], [14.228581666666665, 55.17458833333333], [12.513251666666667, 54.722228333333334], [12.288968333333335, 54.630341666666666]]}, "properties": {"label": "COOL ELEGANCE", "mmsi": "352005801", "imo": "9982249", "name": "COOL ELEGANCE", "shiptype": "", "first_seen_utc": "2026-01-08T00:41:00Z", "last_seen_utc": "2026-01-17T03:46:08Z", "destination": "ECGYE", "eta": "{'Day': 31, 'Hour': 4, 'Minute': 0, 'Month': 1}", "display": "", "links": "<a href=\"https://www.vesselfinder.com/vessels?name=9982249\" target=\"_blank\" rel=\"noopener\">VesselFinder</a> | <a href=\"https://www.marinetraffic.com/en/ais/search/all?keyword=9982249\" target=\"_blank\" rel=\"noopener\">MarineTraffic</a>", "vf_url": "https://www.vesselfinder.com/vessels?name=9982249", "mst_url": "https://www.marinetraffic.com/en/ais/search/all?keyword=9982249", "method": "v3_2pass_track3d_fromru10d", "ru_seen_in_lookback": true, "in_monitor_on_day": true}}, {"type": "Feature", "geometry": {"type": "Point", "coordinates": [12.288968333333335, 54.630341666666666]}, "properties": {"label": "COOL ELEGANCE", "mmsi": "352005801", "imo": "9982249", "name": "COOL ELEGANCE", "shiptype": "", "first_seen_utc": "2026-01-08T00:41:00Z", "last_seen_utc": "2026-01-17T03:46:08Z", "destination": "ECGYE", "eta": "{'Day': 31, 'Hour': 4, 'Minute': 0, 'Month': 1}", "display": "COOL ELEGANCE (352005801)", "links": "<a href=\"https://www.vesselfinder.com/vessels?name=9982249\" target=\"_blank\" rel=\"noopener\">VesselFinder</a> | <a href=\"https://www.marinetraffic.com/en/ais/search/all?keyword=9982249\" target=\"_blank\" rel=\"noopener\">MarineTraffic</a>", "vf_url": "https://www.vesselfinder.com/vessels?name=9982249", "mst_url": "https://www.marinetraffic.com/en/ais/search/all?keyword=9982249", "method": "v3_2pass_track3d_fromru10d", "ru_seen_in_lookback": true, "in_monitor_on_day": true}}, {"type": "Feature", "geometry": {"type": "LineString", "coordinates": [[18.7112, 54.38786666666667], [18.7112, 54.387883333333335], [18.711216666666665, 54.387883333333335], [18.711216666666665, 54.38786666666667], [18.7112, 54.387883333333335], [18.7112, 54.38786666666667], [18.7112, 54.38786666666667], [18.71125333333333, 54.38791666666667], [18.711216666666665, 54.387883333333335], [18.7112, 54.387883333333335], [18.711233333333332, 54.38786666666667], [18.711216666666665, 54.38786666666667], [18.7112, 54.38786666666667], [18.7112, 54.38785], [18.711183333333334, 54.38785], [18.7112, 54.387883333333335], [18.7112, 54.38786666666667], [18.711216666666665, 54.38786666666667], [18.7112, 54.38786666666667], [18.711183333333334, 54.387899999999995], [18.7112, 54.387883333333335], [18.711216666666665, 54.38786666666667], [18.711216666666665, 54.38786666666667], [18.711216666666665, 54.387883333333335], [18.711251666666666, 54.38789666666666], [18.711216666666665, 54.38786666666667], [18.711216666666665, 54.387883333333335], [18.711216666666665, 54.38786666666667], [18.7112, 54.38786666666667], [18.711216666666665, 54.38786666666667], [18.7112, 54.38786666666667], [18.7112, 54.38786666666667], [18.7112, 54.38786666666667], [18.7112, 54.38786666666667], [18.711166666666667, 54.38783333333333], [18.7112, 54.38786666666667], [18.711216666666665, 54.387883333333335], [18.711216666666665, 54.38786666666667], [18.7112, 54.38786666666667], [18.711216666666665, 54.38786666666667], [18.711216666666665, 54.38786666666667], [18.711216666666665, 54.38786666666667], [18.711216666666665, 54.387883333333335], [18.7112, 54.38786666666667], [18.7112, 54.38786666666667], [18.7112, 54.38786666666667], [18.711216666666665, 54.38786666666667], [18.711216666666665, 54.38786666666667], [18.711216666666665, 54.38786666666667], [18.7112, 54.38786666666667], [18.711216666666665, 54.38786666666667], [18.711216666666665, 54.38786666666667], [18.7112, 54.38786666666667], [18.711216666666665, 54.38786666666667], [18.7112, 54.387883333333335], [18.711216666666665, 54.38786666666667], [18.7112, 54.38786666666667], [18.7112, 54.38786666666667], [18.7112, 54.38786666666667], [18.711216666666665, 54.38786666666667], [18.7112, 54.38786666666667], [18.7112, 54.38786666666667], [18.7112, 54.38786666666667], [18.711216666666665, 54.38786666666667], [18.711216666666665, 54.38785], [18.711216666666665, 54.38786666666667], [18.7112, 54.38786666666667], [18.7112, 54.387883333333335], [18.7112, 54.38786666666667], [18.7112, 54.38786666666667], [18.711216666666665, 54.38786666666667], [18.711216666666665, 54.38786666666667], [18.7112, 54.38786666666667], [18.7112, 54.38786666666667], [18.7112, 54.38786666666667], [18.711216666666665, 54.38786666666667], [18.7112, 54.38786666666667], [18.7112, 54.38786666666667], [18.7112, 54.38786666666667], [18.7112, 54.38786666666667], [18.7112, 54.38786666666667], [18.711216666666665, 54.38786666666667], [18.711216666666665, 54.38786666666667], [18.711216666666665, 54.38786666666667], [18.711216666666665, 54.38786666666667], [18.711216666666665, 54.387883333333335], [18.711233333333332, 54.38786666666667], [18.711216666666665, 54.387883333333335], [18.7112, 54.38786666666667], [18.711216666666665, 54.38786666666667], [18.711216666666665, 54.38786666666667], [18.711216666666665, 54.38786666666667], [18.711216666666665, 54.38786666666667], [18.711216666666665, 54.38786666666667], [18.711216666666665, 54.38786666666667], [18.711216666666665, 54.38786666666667], [18.7112, 54.38786666666667], [18.711216666666665, 54.38786666666667]]}, "properties": {"label": "CMA CGM B FRANKLIN", "mmsi": "215195000", "imo": "9706891", "name": "CMA CGM B FRANKLIN", "shiptype": "", "first_seen_utc": "2026-01-08T00:48:13Z", "last_seen_utc": "2026-01-17T03:32:46Z", "destination": "GBSOU", "eta": "{'Day': 20, 'Hour': 7, 'Minute': 0, 'Month': 1}", "display": "", "links": "<a href=\"https://www.vesselfinder.com/vessels?name=9706891\" target=\"_blank\" rel=\"noopener\">VesselFinder</a> | <a href=\"https://www.marinetraffic.com/en/ais/search/all?keyword=9706891\" target=\"_blank\" rel=\"noopener\">MarineTraffic</a>", "vf_url": "https://www.vesselfinder.com/vessels?name=9706891", "mst_url": "https://www.marinetraffic.com/en/ais/search/all?keyword=9706891", "method": "v3_2pass_track3d_fromru10d", "ru_seen_in_lookback": true, "in_monitor_on_day": true}}, {"type": "Feature", "geometry": {"type": "Point", "coordinates": [18.711216666666665, 54.38786666666667]}, "properties": {"label": "CMA CGM B FRANKLIN", "mmsi": "215195000", "imo": "9706891", "name": "CMA CGM B FRANKLIN", "shiptype": "", "first_seen_utc": "2026-01-08T00:48:13Z", "last_seen_utc": "2026-01-17T03:32:46Z", "destination": "GBSOU", "eta": "{'Day': 20, 'Hour': 7, 'Minute': 0, 'Month': 1}", "display": "CMA CGM B FRANKLIN (215195000)", "links": "<a href=\"https://www.vesselfinder.com/vessels?name=9706891\" target=\"_blank\" rel=\"noopener\">VesselFinder</a> | <a href=\"https://www.marinetraffic.com/en/ais/search/all?keyword=9706891\" target=\"_blank\" rel=\"noopener\">MarineTraffic</a>", "vf_url": "https://www.vesselfinder.com/vessels?name=9706891", "mst_url": "https://www.marinetraffic.com/en/ais/search/all?keyword=9706891", "method": "v3_2pass_track3d_fromru10d", "ru_seen_in_lookback": true, "in_monitor_on_day": true}}, {"type": "Feature", "geometry": {"type": "LineString", "coordinates": [[18.71549, 54.40352166666666], [18.715511666666664, 54.403505], [18.71552, 54.40349666666667], [18.71549333333333, 54.40351666666666], [18.715528333333335, 54.40348166666667], [18.715518333333332, 54.403506666666665], [18.715508333333332, 54.403486666666666], [18.715508333333332, 54.4035], [18.715521666666667, 54.40349166666667], [18.71552, 54.403495], [18.715528333333335, 54.40347333333333], [18.722345, 54.401963333333335], [18.841846666666665, 54.41916333333334], [18.988395, 54.45324], [19.07349333333333, 54.55596833333333], [19.09866333333333, 54.66553666666667], [19.042193333333334, 54.777768333333334], [18.958851666666664, 54.87775333333333], [18.774540000000002, 54.94634333333333], [18.616786666666666, 55.006355], [15.79315, 55.425655], [15.631173333333333, 55.428225], [15.466663333333335, 55.433435], [15.30044, 55.43384833333334], [15.141373333333332, 55.40801833333333], [15.009538333333333, 55.365793333333336], [14.965446666666667, 55.362899999999996], [14.821705, 55.32976333333333], [14.668321666666666, 55.291131666666665], [14.528941666666666, 55.21713833333333], [14.376671666666665, 55.1466], [14.18024, 55.12224666666667], [14.012778333333333, 55.068815], [13.829274999999999, 55.02819], [13.422791666666665, 54.95037], [12.637701666666667, 54.746923333333335], [12.372571666666666, 54.64126833333333], [12.259686666666665, 54.59103], [12.215471666666668, 54.50262166666666], [12.096020000000001, 54.43684333333333], [11.89996, 54.439371666666666], [11.712918333333333, 54.451393333333336], [11.537676666666666, 54.497461666666666], [11.355923333333333, 54.548244999999994], [11.176711666666668, 54.60322], [11.018955, 54.65513], [10.878021666666665, 54.71976166666666], [10.875948333333334, 54.81390833333333], [10.85386, 54.89814833333333], [10.956811666666665, 54.968804999999996], [11.033573333333333, 55.04783333333333], [11.052065, 55.14483166666666], [11.103708333333334, 55.23417166666666], [11.038675000000001, 55.364628333333336], [10.854106666666667, 55.55038833333333], [10.793668333333333, 55.66581333333333], [10.820975, 55.786656666666666], [10.919711666666666, 55.89111166666667], [11.087285000000001, 56.01059], [11.094476666666667, 56.126099999999994], [10.493428333333332, 57.86113833333333], [10.288441666666667, 57.85407333333333], [10.082526666666666, 57.851115]]}, "properties": {"label": "PACIFIC EMERALD", "mmsi": "538009197", "imo": "9893022", "name": "PACIFIC EMERALD", "shiptype": "", "first_seen_utc": "2026-01-08T00:53:53Z", "last_seen_utc": "2026-01-17T03:55:38Z", "destination": "CAWHH", "eta": "{'Day': 25, 'Hour': 0, 'Minute': 1, 'Month': 1}", "display": "", "links": "<a href=\"https://www.vesselfinder.com/vessels?name=9893022\" target=\"_blank\" rel=\"noopener\">VesselFinder</a> | <a href=\"https://www.marinetraffic.com/en/ais/search/all?keyword=9893022\" target=\"_blank\" rel=\"noopener\">MarineTraffic</a>", "vf_url": "https://www.vesselfinder.com/vessels?name=9893022", "mst_url": "https://www.marinetraffic.com/en/ais/search/all?keyword=9893022", "method": "v3_2pass_track3d_fromru10d", "ru_seen_in_lookback": true, "in_monitor_on_day": true}}, {"type": "Feature", "geometry": {"type": "Point", "coordinates": [10.082526666666666, 57.851115]}, "properties": {"label": "PACIFIC EMERALD", "mmsi": "538009197", "imo": "9893022", "name": "PACIFIC EMERALD", "shiptype": "", "first_seen_utc": "2026-01-08T00:53:53Z", "last_seen_utc": "2026-01-17T03:55:38Z", "destination": "CAWHH", "eta": "{'Day': 25, 'Hour': 0, 'Minute': 1, 'Month': 1}", "display": "PACIFIC EMERALD (538009197)", "links": "<a href=\"https://www.vesselfinder.com/vessels?name=9893022\" target=\"_blank\" rel=\"noopener\">VesselFinder</a> | <a href=\"https://www.marinetraffic.com/en/ais/search/all?keyword=9893022\" target=\"_blank\" rel=\"noopener\">MarineTraffic</a>", "vf_url": "https://www.vesselfinder.com/vessels?name=9893022", "mst_url": "https://www.marinetraffic.com/en/ais/search/all?keyword=9893022", "method": "v3_2pass_track3d_fromru10d", "ru_seen_in_lookback": true, "in_monitor_on_day": true}}, {"type": "Feature", "geometry": {"type": "LineString", "coordinates": [[18.718006666666668, 54.387213333333335], [18.717993333333332, 54.387235000000004], [18.717986666666665, 54.38721833333333], [18.717986666666665, 54.387213333333335], [18.717938333333333, 54.38723166666667], [18.717981666666667, 54.387235000000004], [18.718286666666664, 54.38718166666667], [18.717955, 54.38721666666667], [18.717981666666667, 54.38722], [18.717985, 54.38722166666666], [18.718076666666665, 54.38714166666667], [18.718276666666668, 54.38709666666667], [18.718293333333335, 54.38708833333333], [18.718290000000003, 54.387085], [18.717996666666668, 54.38723166666667], [18.717948333333332, 54.38722333333333], [18.71797666666667, 54.38723666666667], [18.717958333333335, 54.387238333333336], [18.717948333333332, 54.387256666666666], [18.717978333333335, 54.387235000000004], [18.71798, 54.387191666666666], [18.717993333333332, 54.38722], [18.717941666666665, 54.387188333333334], [18.717991666666666, 54.387224999999994], [18.717963333333334, 54.387235000000004], [18.717978333333335, 54.387224999999994], [18.717973333333337, 54.38722333333333], [18.717963333333334, 54.387179999999994], [18.717969999999998, 54.38723], [18.717993333333332, 54.387213333333335], [18.717996666666668, 54.387245], [18.717958333333335, 54.387224999999994], [18.717978333333335, 54.38721666666667], [18.717963333333334, 54.38722166666666], [18.717981666666667, 54.38724833333333], [18.717969999999998, 54.38722833333334], [18.71796, 54.38722666666667], [18.717965, 54.387205], [18.717985, 54.387209999999996], [18.717953333333334, 54.387224999999994], [18.717973333333337, 54.38722333333333], [18.717965, 54.387235000000004], [18.71796833333333, 54.38723], [18.717961666666667, 54.38722833333334], [18.717981666666667, 54.387224999999994], [18.717978333333335, 54.38722333333333], [18.717978333333335, 54.387235000000004], [18.71799, 54.387235000000004], [18.717971666666664, 54.387224999999994], [18.71796833333333, 54.387213333333335], [18.717975000000003, 54.38721666666667], [18.731715, 54.401828333333334], [18.889110000000002, 54.426993333333336], [18.922528333333332, 54.50569333333333], [18.909508333333335, 54.51693], [18.911488333333335, 54.531394999999996], [18.919426666666666, 54.54717166666667], [18.926538333333333, 54.56270833333333], [18.932671666666668, 54.57816166666667], [18.915738333333334, 54.561775], [18.904303333333335, 54.501345], [18.876575, 54.500859999999996], [18.750948333333334, 54.53942666666667], [18.651214999999997, 54.537236666666665], [18.548125000000002, 54.53523333333333], [18.511216666666666, 54.543095], [18.50434, 54.544426666666666], [18.504351666666665, 54.544428333333336], [18.504360000000002, 54.544445], [18.504346666666667, 54.54443833333333], [18.504324999999998, 54.54443666666667], [18.504323333333332, 54.544419999999995], [18.504343333333335, 54.54443333333334], [18.50434, 54.544443333333334], [18.504346666666667, 54.544445], [18.50433333333333, 54.54441666666666], [18.50435, 54.544426666666666], [18.504328333333333, 54.544445], [18.504336666666667, 54.54443666666667], [18.50433333333333, 54.54445833333333], [18.50432, 54.544426666666666], [18.50435666666667, 54.544443333333334], [18.50435333333333, 54.54444], [18.50435, 54.544423333333334], [18.50434, 54.544448333333335], [18.50429, 54.54446166666666], [18.50433, 54.54445833333333], [18.504313333333336, 54.54445666666666], [18.504346666666667, 54.544455], [18.504371666666668, 54.544428333333336], [18.504321666666666, 54.54446666666667], [18.504343333333335, 54.544445], [18.504318333333334, 54.544446666666666], [18.504324999999998, 54.54443666666667], [18.504315000000002, 54.54444], [18.504328333333333, 54.54444], [18.50433, 54.54445833333333]]}, "properties": {"label": "W KLAIPEDA", "mmsi": "538009143", "imo": "9211482", "name": "W KLAIPEDA", "shiptype": "", "first_seen_utc": "2026-01-08T01:00:54Z", "last_seen_utc": "2026-01-17T03:26:10Z", "destination": "PLGDY", "eta": "{'Day': 16, 'Hour': 9, 'Minute': 30, 'Month': 1}", "display": "", "links": "<a href=\"https://www.vesselfinder.com/vessels?name=9211482\" target=\"_blank\" rel=\"noopener\">VesselFinder</a> | <a href=\"https://www.marinetraffic.com/en/ais/search/all?keyword=9211482\" target=\"_blank\" rel=\"noopener\">MarineTraffic</a>", "vf_url": "https://www.vesselfinder.com/vessels?name=9211482", "mst_url": "https://www.marinetraffic.com/en/ais/search/all?keyword=9211482", "method": "v3_2pass_track3d_fromru10d", "ru_seen_in_lookback": true, "in_monitor_on_day": true}}, {"type": "Feature", "geometry": {"type": "Point", "coordinates": [18.50433, 54.54445833333333]}, "properties": {"label": "W KLAIPEDA", "mmsi": "538009143", "imo": "9211482", "name": "W KLAIPEDA", "shiptype": "", "first_seen_utc": "2026-01-08T01:00:54Z", "last_seen_utc": "2026-01-17T03:26:10Z", "destination": "PLGDY", "eta": "{'Day': 16, 'Hour': 9, 'Minute': 30, 'Month': 1}", "display": "W KLAIPEDA (538009143)", "links": "<a href=\"https://www.vesselfinder.com/vessels?name=9211482\" target=\"_blank\" rel=\"noopener\">VesselFinder</a> | <a href=\"https://www.marinetraffic.com/en/ais/search/all?keyword=9211482\" target=\"_blank\" rel=\"noopener\">MarineTraffic</a>", "vf_url": "https://www.vesselfinder.com/vessels?name=9211482", "mst_url": "https://www.marinetraffic.com/en/ais/search/all?keyword=9211482", "method": "v3_2pass_track3d_fromru10d", "ru_seen_in_lookback": true, "in_monitor_on_day": true}}, {"type": "Feature", "geometry": {"type": "LineString", "coordinates": [[18.801963333333333, 54.60348666666666], [18.801926666666667, 54.60349833333333], [18.801983333333332, 54.603503333333336], [18.801991666666666, 54.603515], [18.801961666666667, 54.60348333333333], [18.80197666666667, 54.603500000000004], [18.802008333333333, 54.60348], [18.80196833333333, 54.60348333333333], [18.801983333333332, 54.603505000000006], [18.80198, 54.60351], [18.801973333333333, 54.603455000000004], [18.80178833333333, 54.603410000000004], [18.833360000000003, 54.58963166666667], [18.852633333333333, 54.61597166666666], [18.871411666666667, 54.63993666666667], [18.850061666666665, 54.663815], [18.856321666666666, 54.64490833333333], [18.87265, 54.622665], [18.888423333333332, 54.599315000000004], [18.911056666666664, 54.58037], [18.948015, 54.58550666666667], [18.965096666666668, 54.61078833333333], [18.978928333333332, 54.637825], [18.989263333333334, 54.64915833333334], [19.003328333333332, 54.649393333333336], [18.99031666666667, 54.63935], [18.88216, 54.602983333333334], [18.800751666666667, 54.601306666666666], [18.803476666666665, 54.600355], [18.803528333333336, 54.600335], [18.801933333333334, 54.60347333333333], [18.801973333333333, 54.603503333333336], [18.802020000000002, 54.603515], [18.80197666666667, 54.60349833333333], [18.801913333333335, 54.60347333333333], [18.801904999999998, 54.60349], [18.801993333333332, 54.603475], [18.801945, 54.60351333333333], [18.801946666666666, 54.603475], [18.801975000000002, 54.60348666666666], [18.80198, 54.60348166666667], [18.801948333333332, 54.60348333333333], [18.801981666666666, 54.60348833333333], [18.801953333333334, 54.60347333333333], [18.801933333333334, 54.60349], [18.802003333333335, 54.603496666666665], [18.801988333333334, 54.603478333333335], [18.801971666666667, 54.60349166666666], [18.801903333333332, 54.60346166666667], [18.801971666666667, 54.60348833333333], [18.802014999999997, 54.603500000000004], [18.801946666666666, 54.60349333333333], [18.801996666666664, 54.603485], [18.80196, 54.603501666666666], [18.801961666666667, 54.60348666666666], [18.80196833333333, 54.60350833333334], [18.80197666666667, 54.603465], [18.801963333333333, 54.60348166666667], [18.802025, 54.603485], [18.801996666666664, 54.60348], [18.801986666666668, 54.603458333333336], [18.801963333333333, 54.603516666666664], [18.80199, 54.60351], [18.801943333333334, 54.60347333333333], [18.801961666666667, 54.603478333333335], [18.801986666666668, 54.603501666666666], [18.802041666666664, 54.60347], [18.801983333333332, 54.60349333333333], [18.801996666666664, 54.603460000000005], [18.80197666666667, 54.603485], [18.801969999999997, 54.60349], [18.801928333333333, 54.60348333333333], [18.80198, 54.603471666666664], [18.801996666666664, 54.603539999999995], [18.801935, 54.60348666666666], [18.80192333333333, 54.603505000000006], [18.801949999999998, 54.603516666666664], [18.801998333333334, 54.60346333333334], [18.801955, 54.603505000000006], [18.801965, 54.60349166666666], [18.80192333333333, 54.603503333333336], [18.801876666666665, 54.60348666666666], [18.801945, 54.603485], [18.801971666666667, 54.603476666666666], [18.801949999999998, 54.60348666666666], [18.801928333333333, 54.60348833333333], [18.801966666666665, 54.60346666666667], [18.801935, 54.60346166666667], [18.801948333333332, 54.60348], [18.801991666666666, 54.603515], [18.80196833333333, 54.603505000000006], [18.801945, 54.60347], [18.801978333333334, 54.60349333333333], [18.801983333333332, 54.603471666666664], [18.801946666666666, 54.603500000000004], [18.801961666666667, 54.60348166666667], [18.801958333333335, 54.60348666666666], [18.802005, 54.60348666666666], [18.801983333333332, 54.60348166666667], [18.80196833333333, 54.60351], [18.80197666666667, 54.60348166666667], [18.801948333333332, 54.60348833333333], [18.80196833333333, 54.603523333333335]]}, "properties": {"label": "HEL 112", "mmsi": "261001880", "imo": "7625861", "name": "HEL 112", "shiptype": "", "first_seen_utc": "2026-01-08T01:44:50Z", "last_seen_utc": "2026-01-17T03:50:22Z", "destination": "KEEP SAFE DIST 03AFT", "eta": "{'Day': 1, 'Hour': 0, 'Minute': 0, 'Month': 1}", "display": "", "links": "<a href=\"https://www.vesselfinder.com/vessels?name=7625861\" target=\"_blank\" rel=\"noopener\">VesselFinder</a> | <a href=\"https://www.marinetraffic.com/en/ais/search/all?keyword=7625861\" target=\"_blank\" rel=\"noopener\">MarineTraffic</a>", "vf_url": "https://www.vesselfinder.com/vessels?name=7625861", "mst_url": "https://www.marinetraffic.com/en/ais/search/all?keyword=7625861", "method": "v3_2pass_track3d_fromru10d", "ru_seen_in_lookback": true, "in_monitor_on_day": true}}, {"type": "Feature", "geometry": {"type": "Point", "coordinates": [18.80196833333333, 54.603523333333335]}, "properties": {"label": "HEL 112", "mmsi": "261001880", "imo": "7625861", "name": "HEL 112", "shiptype": "", "first_seen_utc": "2026-01-08T01:44:50Z", "last_seen_utc": "2026-01-17T03:50:22Z", "destination": "KEEP SAFE DIST 03AFT", "eta": "{'Day': 1, 'Hour': 0, 'Minute': 0, 'Month': 1}", "display": "HEL 112 (261001880)", "links": "<a href=\"https://www.vesselfinder.com/vessels?name=7625861\" target=\"_blank\" rel=\"noopener\">VesselFinder</a> | <a href=\"https://www.marinetraffic.com/en/ais/search/all?keyword=7625861\" target=\"_blank\" rel=\"noopener\">MarineTraffic</a>", "vf_url": "https://www.vesselfinder.com/vessels?name=7625861", "mst_url": "https://www.marinetraffic.com/en/ais/search/all?keyword=7625861", "method": "v3_2pass_track3d_fromru10d", "ru_seen_in_lookback": true, "in_monitor_on_day": true}}, {"type": "Feature", "geometry": {"type": "LineString", "coordinates": [[10.9954, 55.95219], [10.82722, 55.889845], [10.804521666666666, 55.78796666666666], [10.76916, 55.65596166666667], [11.032035, 55.35298], [11.083716666666668, 55.24851833333333], [11.009736666666667, 55.165965], [10.997306666666667, 55.06226], [10.940775, 54.961621666666666], [10.835665, 54.87173833333333], [10.800406666666667, 54.76404], [10.7987, 54.66697], [10.951521666666668, 54.614015], [11.126128333333332, 54.584675], [11.300851666666667, 54.545764999999996], [11.466351666666666, 54.49906166666666], [11.632951666666665, 54.45203], [11.803326666666667, 54.417975], [11.989518333333333, 54.41363166666667], [12.168305, 54.425465], [13.828365, 54.700975], [14.112425, 54.645585], [18.568735, 54.973843333333335], [18.757565, 54.92756], [18.879056666666667, 54.87139666666667], [18.947418333333335, 54.841015], [19.014658333333333, 54.76179], [19.051593333333336, 54.67387333333333], [19.053311666666666, 54.58819666666667], [18.986316666666667, 54.508355], [18.908830000000002, 54.470758333333336], [18.86296666666667, 54.446616666666664], [18.857865, 54.44822666666666], [18.858201666666666, 54.448240000000006], [18.858075, 54.44826], [18.857868333333332, 54.448186666666665], [18.857766666666667, 54.44816166666667], [18.857603333333333, 54.44810833333334], [18.857835, 54.448165], [18.857813333333336, 54.44815666666667], [18.8575, 54.44799666666667], [18.857331666666667, 54.44793], [18.85732833333333, 54.447961666666664], [18.857101666666665, 54.44784833333333], [18.857063333333333, 54.44779833333334], [18.857146666666665, 54.44784666666667], [18.85708, 54.447831666666666], [18.857111666666665, 54.44783333333333], [18.85733, 54.44794666666667], [18.857263333333332, 54.44790166666667]]}, "properties": {"label": "HAFNIA TRITON", "mmsi": "563069300", "imo": "9800336", "name": "HAFNIA TRITON", "shiptype": "", "first_seen_utc": "2026-01-08T02:09:49Z", "last_seen_utc": "2026-01-17T03:50:35Z", "destination": "NOMON > PLGDN", "eta": "{'Day': 16, 'Hour': 18, 'Minute': 0, 'Month': 1}", "display": "", "links": "<a href=\"https://www.vesselfinder.com/vessels?name=9800336\" target=\"_blank\" rel=\"noopener\">VesselFinder</a> | <a href=\"https://www.marinetraffic.com/en/ais/search/all?keyword=9800336\" target=\"_blank\" rel=\"noopener\">MarineTraffic</a>", "vf_url": "https://www.vesselfinder.com/vessels?name=9800336", "mst_url": "https://www.marinetraffic.com/en/ais/search/all?keyword=9800336", "method": "v3_2pass_track3d_fromru10d", "ru_seen_in_lookback": true, "in_monitor_on_day": true}}, {"type": "Feature", "geometry": {"type": "Point", "coordinates": [18.857263333333332, 54.44790166666667]}, "properties": {"label": "HAFNIA TRITON", "mmsi": "563069300", "imo": "9800336", "name": "HAFNIA TRITON", "shiptype": "", "first_seen_utc": "2026-01-08T02:09:49Z", "last_seen_utc": "2026-01-17T03:50:35Z", "destination": "NOMON > PLGDN", "eta": "{'Day': 16, 'Hour': 18, 'Minute': 0, 'Month': 1}", "display": "HAFNIA TRITON (563069300)", "links": "<a href=\"https://www.vesselfinder.com/vessels?name=9800336\" target=\"_blank\" rel=\"noopener\">VesselFinder</a> | <a href=\"https://www.marinetraffic.com/en/ais/search/all?keyword=9800336\" target=\"_blank\" rel=\"noopener\">MarineTraffic</a>", "vf_url": "https://www.vesselfinder.com/vessels?name=9800336", "mst_url": "https://www.marinetraffic.com/en/ais/search/all?keyword=9800336", "method": "v3_2pass_track3d_fromru10d", "ru_seen_in_lookback": true, "in_monitor_on_day": true}}, {"type": "Feature", "geometry": {"type": "LineString", "coordinates": [[19.088168333333332, 54.69205], [19.001191666666667, 54.77027833333333], [18.86685333333333, 54.82548166666666], [18.735783333333334, 54.88819], [18.585385, 54.941763333333334], [18.41732, 54.96401], [14.977478333333332, 54.678403333333335], [14.229556666666667, 54.656621666666666], [14.047585, 54.68380333333334], [13.642936666666666, 54.771071666666664], [13.047648333333333, 55.21910166666667], [12.870388333333333, 55.265861666666666], [12.694436666666666, 55.30441666666666], [12.696535, 55.40000333333333], [12.717208333333334, 55.49269833333334], [12.803211666666666, 55.55855333333333], [12.890901666666668, 55.616011666666665], [12.896256666666666, 55.698438333333335], [12.800675, 55.78913333333333], [12.743515, 55.886496666666666], [12.692045, 55.990505], [12.602735, 56.086295], [12.449785, 56.17422], [10.49562, 57.84802], [10.294071666666667, 57.848075], [10.110980000000001, 57.84014], [9.865035, 57.828356666666664], [9.675386666666666, 57.81792666666667], [9.525891666666666, 57.77667333333333], [9.364438333333334, 57.731570000000005], [9.229773333333332, 57.685915], [9.095994999999998, 57.64134333333333], [8.959156666666667, 57.59167333333333], [8.82708, 57.53995], [8.695833333333333, 57.494371666666666], [8.528921666666667, 57.43889166666667], [8.396568333333333, 57.389556666666664], [8.273271666666666, 57.33025333333333], [8.155048333333333, 57.27144], [8.064741666666666, 57.19751333333333], [7.972786666666667, 57.119515], [7.884675, 57.037398333333336], [7.76989, 56.93921666666667], [7.607311666666666, 56.80448333333333], [7.320530000000001, 56.489398333333334]]}, "properties": {"label": "BENJAMIN OLDENDORFF", "mmsi": "255806325", "imo": "9853034", "name": "BENJAMIN OLDENDORFF", "shiptype": "", "first_seen_utc": "2026-01-08T02:23:50Z", "last_seen_utc": "2026-01-17T00:56:27Z", "destination": "MA JFL", "eta": "{'Day': 23, 'Hour': 14, 'Minute': 0, 'Month': 1}", "display": "", "links": "<a href=\"https://www.vesselfinder.com/vessels?name=9853034\" target=\"_blank\" rel=\"noopener\">VesselFinder</a> | <a href=\"https://www.marinetraffic.com/en/ais/search/all?keyword=9853034\" target=\"_blank\" rel=\"noopener\">MarineTraffic</a>", "vf_url": "https://www.vesselfinder.com/vessels?name=9853034", "mst_url": "https://www.marinetraffic.com/en/ais/search/all?keyword=9853034", "method": "v3_2pass_track3d_fromru10d", "ru_seen_in_lookback": true, "in_monitor_on_day": true}}, {"type": "Feature", "geometry": {"type": "Point", "coordinates": [7.320530000000001, 56.489398333333334]}, "properties": {"label": "BENJAMIN OLDENDORFF", "mmsi": "255806325", "imo": "9853034", "name": "BENJAMIN OLDENDORFF", "shiptype": "", "first_seen_utc": "2026-01-08T02:23:50Z", "last_seen_utc": "2026-01-17T00:56:27Z", "destination": "MA JFL", "eta": "{'Day': 23, 'Hour': 14, 'Minute': 0, 'Month': 1}", "display": "BENJAMIN OLDENDORFF (255806325)", "links": "<a href=\"https://www.vesselfinder.com/vessels?name=9853034\" target=\"_blank\" rel=\"noopener\">VesselFinder</a> | <a href=\"https://www.marinetraffic.com/en/ais/search/all?keyword=9853034\" target=\"_blank\" rel=\"noopener\">MarineTraffic</a>", "vf_url": "https://www.vesselfinder.com/vessels?name=9853034", "mst_url": "https://www.marinetraffic.com/en/ais/search/all?keyword=9853034", "method": "v3_2pass_track3d_fromru10d", "ru_seen_in_lookback": true, "in_monitor_on_day": true}}, {"type": "Feature", "geometry": {"type": "LineString", "coordinates": [[14.859016666666667, 56.11436333333334], [14.859253333333333, 56.11425166666667], [14.859029999999999, 56.11441333333333], [14.859138333333334, 56.114270000000005], [14.859396666666667, 56.11393333333333], [14.859371666666668, 56.113865000000004], [14.859038333333332, 56.11431166666667], [14.858929999999999, 56.11441666666666], [14.858658333333333, 56.11450166666667], [14.858266666666667, 56.114648333333335], [14.85847, 56.114585000000005], [14.858398333333334, 56.114686666666664], [14.858035, 56.114738333333335], [14.858033333333333, 56.11474166666667], [14.858223333333333, 56.114731666666664], [14.858268333333333, 56.112539999999996], [14.815281666666667, 56.12040833333333], [14.825595, 56.154626666666665], [14.826456666666667, 56.155303333333336], [14.826463333333333, 56.155295], [14.826473333333333, 56.155295], [14.826458333333333, 56.15527833333333], [14.826466666666667, 56.15526333333333], [14.826448333333333, 56.15528833333334], [14.82647, 56.15529], [14.826453333333335, 56.155271666666664], [14.82644, 56.155300000000004], [14.826459999999999, 56.15528166666666], [14.826453333333335, 56.155305], [14.826463333333333, 56.155300000000004], [14.826456666666667, 56.15527], [14.826463333333333, 56.155296666666665], [14.826466666666667, 56.155273333333334], [14.82648, 56.15528333333334], [14.826463333333333, 56.155265], [14.826468333333334, 56.15531], [14.826478333333334, 56.155276666666666], [14.826443333333334, 56.15526666666666], [14.826453333333335, 56.15529], [14.826443333333334, 56.155303333333336], [14.826466666666667, 56.155298333333334], [14.826485, 56.155298333333334], [14.826461666666667, 56.155295], [14.826459999999999, 56.15529166666667], [14.826458333333333, 56.155285000000006], [14.826448333333333, 56.155303333333336], [14.826458333333333, 56.155315], [14.826451666666665, 56.155276666666666], [14.826448333333333, 56.15526666666666], [14.82644, 56.155271666666664], [14.816363333333333, 56.12799666666667], [14.893945, 56.073859999999996], [15.037386666666666, 56.03424166666667], [15.179146666666666, 55.993493333333326], [15.320948333333332, 55.95498166666666], [15.467645000000001, 55.913419999999995], [18.809375, 54.940565], [18.950038333333335, 54.88521166666667], [18.98859333333333, 54.80202666666666], [19.025318333333335, 54.71714833333333], [19.066301666666668, 54.63514166666666], [19.027683333333336, 54.55280666666667], [18.96281, 54.473214999999996], [18.869331666666668, 54.43140833333334], [18.77371, 54.40896166666666], [18.70717, 54.396323333333335], [18.707175, 54.39633], [18.707151666666668, 54.396361666666664], [18.707156666666666, 54.39636666666667], [18.707165, 54.39633], [18.70717, 54.396303333333336], [18.70717833333333, 54.39633666666667], [18.707168333333335, 54.396355], [18.707158333333332, 54.39632666666667]]}, "properties": {"label": "DREAM TERRAX", "mmsi": "538008844", "imo": "9875719", "name": "DREAM TERRAX", "shiptype": "", "first_seen_utc": "2026-01-08T03:22:22Z", "last_seen_utc": "2026-01-17T03:42:37Z", "destination": "SE KAN>PL GDN", "eta": "{'Day': 16, 'Hour': 23, 'Minute': 0, 'Month': 1}", "display": "", "links": "<a href=\"https://www.vesselfinder.com/vessels?name=9875719\" target=\"_blank\" rel=\"noopener\">VesselFinder</a> | <a href=\"https://www.marinetraffic.com/en/ais/search/all?keyword=9875719\" target=\"_blank\" rel=\"noopener\">MarineTraffic</a>", "vf_url": "https://www.vesselfinder.com/vessels?name=9875719", "mst_url": "https://www.marinetraffic.com/en/ais/search/all?keyword=9875719", "method": "v3_2pass_track3d_fromru10d", "ru_seen_in_lookback": true, "in_monitor_on_day": true}}, {"type": "Feature", "geometry": {"type": "Point", "coordinates": [18.707158333333332, 54.39632666666667]}, "properties": {"label": "DREAM TERRAX", "mmsi": "538008844", "imo": "9875719", "name": "DREAM TERRAX", "shiptype": "", "first_seen_utc": "2026-01-08T03:22:22Z", "last_seen_utc": "2026-01-17T03:42:37Z", "destination": "SE KAN>PL GDN", "eta": "{'Day': 16, 'Hour': 23, 'Minute': 0, 'Month': 1}", "display": "DREAM TERRAX (538008844)", "links": "<a href=\"https://www.vesselfinder.com/vessels?name=9875719\" target=\"_blank\" rel=\"noopener\">VesselFinder</a> | <a href=\"https://www.marinetraffic.com/en/ais/search/all?keyword=9875719\" target=\"_blank\" rel=\"noopener\">MarineTraffic</a>", "vf_url": "https://www.vesselfinder.com/vessels?name=9875719", "mst_url": "https://www.marinetraffic.com/en/ais/search/all?keyword=9875719", "method": "v3_2pass_track3d_fromru10d", "ru_seen_in_lookback": true, "in_monitor_on_day": true}}, {"type": "Feature", "geometry": {"type": "LineString", "coordinates": [[15.762765, 55.833976666666665], [15.410451666666667, 55.72259], [15.116958333333335, 55.62579], [14.938268333333333, 55.57133666666667], [14.810274999999999, 55.53014333333333], [14.684568333333335, 55.488256666666665], [14.560241666666666, 55.44572], [14.466646666666666, 55.37977], [14.375396666666667, 55.31335333333333], [14.282615, 55.247103333333335], [14.145826666666666, 55.23364333333333], [13.995761666666668, 55.23731333333333], [13.846026666666667, 55.240786666666665], [13.702318333333332, 55.24319], [13.059048333333333, 55.25992], [12.867801666666667, 55.27091333333333], [12.727593333333335, 55.301073333333335], [12.690311666666666, 55.37470666666666], [12.704111666666668, 55.459603333333334], [12.714366666666667, 55.543189999999996], [12.69697, 55.62712333333333], [12.688241666666666, 55.71342], [12.710041666666665, 55.79391333333333], [12.735095, 55.87074333333333], [12.722036666666666, 55.94672], [12.67718, 56.02020666666667], [12.591254999999999, 56.09052666666666], [12.476181666666667, 56.1536], [12.352935, 56.18274666666667], [11.887731666666667, 56.05040666666666], [11.840213333333333, 55.97871333333333], [11.844095000000001, 55.908519999999996], [11.948478333333332, 55.94442], [11.997761666666666, 55.95376], [12.014116666666666, 55.96257333333333], [12.014126666666668, 55.96258666666667], [12.014161666666666, 55.96257333333333], [12.014145000000001, 55.96257333333333], [12.014131666666666, 55.96258666666667], [12.014125, 55.96257333333333], [12.014106666666667, 55.96258666666667], [12.01416, 55.96258], [12.014111666666668, 55.96258666666667], [12.014118333333332, 55.96258], [12.014131666666666, 55.96258666666667], [12.014131666666666, 55.96258], [12.014115, 55.96258], [12.01414, 55.96258666666667], [12.014121666666666, 55.96258666666667], [12.01414, 55.96256666666667], [12.014151666666667, 55.96256], [12.014121666666666, 55.96256], [12.014133333333332, 55.96257333333333], [12.014133333333332, 55.96258], [12.014111666666668, 55.96257333333333], [12.01416, 55.961906666666664], [11.916228333333333, 55.94358666666667], [11.834981666666666, 55.95184], [11.920835, 56.055233333333334], [12.237446666666667, 56.164633333333335], [12.408078333333332, 56.16010666666667], [12.547541666666666, 56.098706666666665], [12.635058333333335, 56.03082], [12.635665, 55.93320000000001], [12.683494999999999, 55.834936666666664], [12.678073333333334, 55.73372333333334], [12.694046666666667, 55.63295], [12.695285, 55.524480000000004], [12.667531666666667, 55.42464333333333], [12.63988, 55.32297333333334], [12.769974999999999, 55.27226666666666], [13.014706666666665, 55.24167333333333]]}, "properties": {"label": "KETLIN", "mmsi": "305445000", "imo": "9342152", "name": "KETLIN", "shiptype": "", "first_seen_utc": "2026-01-08T04:18:16Z", "last_seen_utc": "2026-01-17T01:31:48Z", "destination": "RULED", "eta": "{'Day': 19, 'Hour': 17, 'Minute': 0, 'Month': 1}", "display": "", "links": "<a href=\"https://www.vesselfinder.com/vessels?name=9342152\" target=\"_blank\" rel=\"noopener\">VesselFinder</a> | <a href=\"https://www.marinetraffic.com/en/ais/search/all?keyword=9342152\" target=\"_blank\" rel=\"noopener\">MarineTraffic</a>", "vf_url": "https://www.vesselfinder.com/vessels?name=9342152", "mst_url": "https://www.marinetraffic.com/en/ais/search/all?keyword=9342152", "method": "v3_2pass_track3d_fromru10d", "ru_seen_in_lookback": true, "in_monitor_on_day": true}}, {"type": "Feature", "geometry": {"type": "Point", "coordinates": [13.014706666666665, 55.24167333333333]}, "properties": {"label": "KETLIN", "mmsi": "305445000", "imo": "9342152", "name": "KETLIN", "shiptype": "", "first_seen_utc": "2026-01-08T04:18:16Z", "last_seen_utc": "2026-01-17T01:31:48Z", "destination": "RULED", "eta": "{'Day': 19, 'Hour': 17, 'Minute': 0, 'Month': 1}", "display": "KETLIN (305445000)", "links": "<a href=\"https://www.vesselfinder.com/vessels?name=9342152\" target=\"_blank\" rel=\"noopener\">VesselFinder</a> | <a href=\"https://www.marinetraffic.com/en/ais/search/all?keyword=9342152\" target=\"_blank\" rel=\"noopener\">MarineTraffic</a>", "vf_url": "https://www.vesselfinder.com/vessels?name=9342152", "mst_url": "https://www.marinetraffic.com/en/ais/search/all?keyword=9342152", "method": "v3_2pass_track3d_fromru10d", "ru_seen_in_lookback": true, "in_monitor_on_day": true}}, {"type": "Feature", "geometry": {"type": "LineString", "coordinates": [[18.883285, 54.45802833333333], [18.881581666666666, 54.45903833333333], [18.880468333333333, 54.45921166666667], [18.879768333333335, 54.459185000000005], [18.879231666666666, 54.459125], [18.88019166666667, 54.45912166666667], [18.879831666666668, 54.459195], [18.880043333333333, 54.45928], [18.87980333333333, 54.459145], [18.880425, 54.459140000000005], [18.879791666666666, 54.459158333333335], [18.879456666666666, 54.458909999999996], [18.872118333333333, 54.44926833333333], [18.869445, 54.42579833333333], [18.78180166666667, 54.409663333333334], [18.728263333333334, 54.40153833333333], [18.715795, 54.40351833333333], [18.71566, 54.40356833333333], [18.715648333333334, 54.40358166666667], [18.715633333333336, 54.403596666666665], [18.715686666666667, 54.40359], [18.715691666666665, 54.403545], [18.715671666666665, 54.40356333333333], [18.715698333333332, 54.40356], [18.715661666666666, 54.40361], [18.715655, 54.40354166666667], [18.715663333333335, 54.403573333333334], [18.715555, 54.40305166666667], [18.715680000000003, 54.40354833333333], [18.715708333333335, 54.40356], [18.71571, 54.403528333333334], [18.71566, 54.403575000000004], [18.715665, 54.403585], [18.71558333333333, 54.40359], [18.715686666666667, 54.40356333333333], [18.71567333333333, 54.403573333333334], [18.715700000000002, 54.403569999999995], [18.715645, 54.403546666666664], [18.715695, 54.40355666666667], [18.715671666666665, 54.40355], [18.715646666666665, 54.40359333333333], [18.715700000000002, 54.403596666666665], [18.71566, 54.403573333333334], [18.715674999999997, 54.40355666666667], [18.715695, 54.40355833333333], [18.715695, 54.40356666666666], [18.715685, 54.403565], [18.715661666666666, 54.403596666666665], [18.715643333333333, 54.40355666666667], [18.715683333333335, 54.40356166666666], [18.71566, 54.403575000000004], [18.715663333333335, 54.403565], [18.715703333333334, 54.403565], [18.71568166666667, 54.40355833333333], [18.715691666666665, 54.40353833333334], [18.71567, 54.40355], [18.715678333333337, 54.40356833333333], [18.715641666666667, 54.40359], [18.71568166666667, 54.40358166666667], [18.715668333333333, 54.40361666666667], [18.715595, 54.403596666666665], [18.715688333333333, 54.403555], [18.715671666666665, 54.40358166666667], [18.71564, 54.40356833333333], [18.715698333333332, 54.403635], [18.715590000000002, 54.403553333333335], [18.715668333333333, 54.403575000000004], [18.715683333333335, 54.40356333333333], [18.715676666666663, 54.40359], [18.715668333333333, 54.40358666666667], [18.715676666666663, 54.40360333333333], [18.715658333333334, 54.403573333333334], [18.715693333333334, 54.403565], [18.715665, 54.403553333333335], [18.715643333333333, 54.40359333333333], [18.715623333333333, 54.40363333333333], [18.715653333333332, 54.40357166666667], [18.715658333333334, 54.403565], [18.71573, 54.403553333333335], [18.71569, 54.403585], [18.715680000000003, 54.403573333333334], [18.715731666666667, 54.40359], [18.717716666666668, 54.403215], [18.810018333333336, 54.414355], [18.975313333333336, 54.43684333333333], [19.061065, 54.539498333333334], [19.112911666666665, 54.646586666666664], [19.031813333333332, 54.75179], [18.902515, 54.83814333333333], [18.773031666666668, 54.91911], [18.640743333333333, 55.00380166666666], [18.454508333333333, 55.07149166666667]]}, "properties": {"label": "DF MYSTRAS", "mmsi": "636021311", "imo": "9941702", "name": "DF MYSTRAS", "shiptype": "", "first_seen_utc": "2026-01-08T05:11:07Z", "last_seen_utc": "2026-01-17T00:29:57Z", "destination": "PL GDN > NO STU", "eta": "{'Day': 19, 'Hour': 21, 'Minute': 0, 'Month': 1}", "display": "", "links": "<a href=\"https://www.vesselfinder.com/vessels?name=9941702\" target=\"_blank\" rel=\"noopener\">VesselFinder</a> | <a href=\"https://www.marinetraffic.com/en/ais/search/all?keyword=9941702\" target=\"_blank\" rel=\"noopener\">MarineTraffic</a>", "vf_url": "https://www.vesselfinder.com/vessels?name=9941702", "mst_url": "https://www.marinetraffic.com/en/ais/search/all?keyword=9941702", "method": "v3_2pass_track3d_fromru10d", "ru_seen_in_lookback": true, "in_monitor_on_day": true}}, {"type": "Feature", "geometry": {"type": "Point", "coordinates": [18.454508333333333, 55.07149166666667]}, "properties": {"label": "DF MYSTRAS", "mmsi": "636021311", "imo": "9941702", "name": "DF MYSTRAS", "shiptype": "", "first_seen_utc": "2026-01-08T05:11:07Z", "last_seen_utc": "2026-01-17T00:29:57Z", "destination": "PL GDN > NO STU", "eta": "{'Day': 19, 'Hour': 21, 'Minute': 0, 'Month': 1}", "display": "DF MYSTRAS (636021311)", "links": "<a href=\"https://www.vesselfinder.com/vessels?name=9941702\" target=\"_blank\" rel=\"noopener\">VesselFinder</a> | <a href=\"https://www.marinetraffic.com/en/ais/search/all?keyword=9941702\" target=\"_blank\" rel=\"noopener\">MarineTraffic</a>", "vf_url": "https://www.vesselfinder.com/vessels?name=9941702", "mst_url": "https://www.marinetraffic.com/en/ais/search/all?keyword=9941702", "method": "v3_2pass_track3d_fromru10d", "ru_seen_in_lookback": true, "in_monitor_on_day": true}}, {"type": "Feature", "geometry": {"type": "LineString", "coordinates": [[15.236558333333333, 55.596318333333336], [15.00743, 55.53802333333333], [14.872896666666666, 55.49714166666667], [14.725706666666667, 55.464211666666664], [14.513973333333333, 55.37689833333333], [14.398931666666666, 55.295629999999996], [12.259588333333333, 54.583218333333335], [12.21259, 54.50282666666667], [12.142961666666668, 54.44005333333334], [12.007605000000002, 54.429435], [11.866085, 54.42737833333333], [11.734531666666667, 54.444100000000006], [11.607276666666667, 54.47873833333333], [11.469756666666665, 54.515570000000004], [11.333833333333333, 54.553628333333336], [11.196225, 54.59196], [11.056253333333332, 54.60185166666667], [10.924096666666665, 54.63032833333333], [10.821786666666666, 54.66500166666666], [10.776301666666665, 54.724885], [10.830353333333333, 54.79818], [10.845276666666667, 54.88548333333333], [10.932586666666667, 54.95665666666666], [10.994791666666666, 55.03359666666667], [10.991106666666667, 55.12383166666667], [11.077713333333332, 55.19329833333334], [11.070375, 55.27348833333333]]}, "properties": {"label": "XIN HAI TONG 807", "mmsi": "538005067", "imo": "9624122", "name": "XIN HAI TONG 807", "shiptype": "", "first_seen_utc": "2026-01-08T05:52:59Z", "last_seen_utc": "2026-01-17T02:23:11Z", "destination": "PARADIP", "eta": "{'Day': 3, 'Hour': 11, 'Minute': 5, 'Month': 3}", "display": "", "links": "<a href=\"https://www.vesselfinder.com/vessels?name=9624122\" target=\"_blank\" rel=\"noopener\">VesselFinder</a> | <a href=\"https://www.marinetraffic.com/en/ais/search/all?keyword=9624122\" target=\"_blank\" rel=\"noopener\">MarineTraffic</a>", "vf_url": "https://www.vesselfinder.com/vessels?name=9624122", "mst_url": "https://www.marinetraffic.com/en/ais/search/all?keyword=9624122", "method": "v3_2pass_track3d_fromru10d", "ru_seen_in_lookback": true, "in_monitor_on_day": true}}, {"type": "Feature", "geometry": {"type": "Point", "coordinates": [11.070375, 55.27348833333333]}, "properties": {"label": "XIN HAI TONG 807", "mmsi": "538005067", "imo": "9624122", "name": "XIN HAI TONG 807", "shiptype": "", "first_seen_utc": "2026-01-08T05:52:59Z", "last_seen_utc": "2026-01-17T02:23:11Z", "destination": "PARADIP", "eta": "{'Day': 3, 'Hour': 11, 'Minute': 5, 'Month': 3}", "display": "XIN HAI TONG 807 (538005067)", "links": "<a href=\"https://www.vesselfinder.com/vessels?name=9624122\" target=\"_blank\" rel=\"noopener\">VesselFinder</a> | <a href=\"https://www.marinetraffic.com/en/ais/search/all?keyword=9624122\" target=\"_blank\" rel=\"noopener\">MarineTraffic</a>", "vf_url": "https://www.vesselfinder.com/vessels?name=9624122", "mst_url": "https://www.marinetraffic.com/en/ais/search/all?keyword=9624122", "method": "v3_2pass_track3d_fromru10d", "ru_seen_in_lookback": true, "in_monitor_on_day": true}}, {"type": "Feature", "geometry": {"type": "LineString", "coordinates": [[15.342483333333332, 55.62334833333333], [14.750095, 55.469195], [14.650585000000001, 55.440931666666664], [14.54311, 55.398831666666666], [14.444285, 55.356375], [14.369671666666667, 55.30876166666667], [13.192276666666666, 55.25952666666667], [13.054886666666667, 55.262613333333334], [12.859604999999998, 55.27254333333334], [12.705728333333333, 55.305875], [12.682973333333333, 55.362316666666665], [12.698178333333335, 55.424245], [12.710758333333333, 55.485191666666665], [12.709951666666665, 55.54722666666667], [12.700135, 55.60207666666667], [12.694471666666667, 55.656288333333336], [12.69151, 55.714886666666665], [12.711065, 55.775951666666664], [12.739111666666668, 55.83696666666666], [12.745491666666668, 55.89951333333333], [12.71693, 55.95853], [12.678901666666667, 56.018908333333336], [12.627514999999999, 56.07257333333334], [12.55158, 56.116475], [12.476715, 56.15975666666667]]}, "properties": {"label": "RADUGA ELECTRON", "mmsi": "209657000", "imo": "8207379", "name": "RADUGA ELECTRON", "shiptype": "", "first_seen_utc": "2026-01-08T06:22:21Z", "last_seen_utc": "2026-01-17T00:20:29Z", "destination": "SEVAG", "eta": "{'Day': 17, 'Hour': 9, 'Minute': 0, 'Month': 1}", "display": "", "links": "<a href=\"https://www.vesselfinder.com/vessels?name=8207379\" target=\"_blank\" rel=\"noopener\">VesselFinder</a> | <a href=\"https://www.marinetraffic.com/en/ais/search/all?keyword=8207379\" target=\"_blank\" rel=\"noopener\">MarineTraffic</a>", "vf_url": "https://www.vesselfinder.com/vessels?name=8207379", "mst_url": "https://www.marinetraffic.com/en/ais/search/all?keyword=8207379", "method": "v3_2pass_track3d_fromru10d", "ru_seen_in_lookback": true, "in_monitor_on_day": true}}, {"type": "Feature", "geometry": {"type": "Point", "coordinates": [12.476715, 56.15975666666667]}, "properties": {"label": "RADUGA ELECTRON", "mmsi": "209657000", "imo": "8207379", "name": "RADUGA ELECTRON", "shiptype": "", "first_seen_utc": "2026-01-08T06:22:21Z", "last_seen_utc": "2026-01-17T00:20:29Z", "destination": "SEVAG", "eta": "{'Day': 17, 'Hour': 9, 'Minute': 0, 'Month': 1}", "display": "RADUGA ELECTRON (209657000)", "links": "<a href=\"https://www.vesselfinder.com/vessels?name=8207379\" target=\"_blank\" rel=\"noopener\">VesselFinder</a> | <a href=\"https://www.marinetraffic.com/en/ais/search/all?keyword=8207379\" target=\"_blank\" rel=\"noopener\">MarineTraffic</a>", "vf_url": "https://www.vesselfinder.com/vessels?name=8207379", "mst_url": "https://www.marinetraffic.com/en/ais/search/all?keyword=8207379", "method": "v3_2pass_track3d_fromru10d", "ru_seen_in_lookback": true, "in_monitor_on_day": true}}, {"type": "Feature", "geometry": {"type": "LineString", "coordinates": [[15.139773333333332, 55.595839999999995], [14.954270000000001, 55.549018333333336], [14.816471666666667, 55.508805], [14.680843333333334, 55.47191833333333]]}, "properties": {"label": "SUNNY FAITH", "mmsi": "372291000", "imo": "9354583", "name": "SUNNY FAITH", "shiptype": "", "first_seen_utc": "2026-01-08T06:40:23Z", "last_seen_utc": "2026-01-17T01:50:47Z", "destination": "MZ BEW", "eta": "{'Day': 20, 'Hour': 17, 'Minute': 0, 'Month': 2}", "display": "", "links": "<a href=\"https://www.vesselfinder.com/vessels?name=9354583\" target=\"_blank\" rel=\"noopener\">VesselFinder</a> | <a href=\"https://www.marinetraffic.com/en/ais/search/all?keyword=9354583\" target=\"_blank\" rel=\"noopener\">MarineTraffic</a>", "vf_url": "https://www.vesselfinder.com/vessels?name=9354583", "mst_url": "https://www.marinetraffic.com/en/ais/search/all?keyword=9354583", "method": "v3_2pass_track3d_fromru10d", "ru_seen_in_lookback": true, "in_monitor_on_day": true}}, {"type": "Feature", "geometry": {"type": "Point", "coordinates": [14.680843333333334, 55.47191833333333]}, "properties": {"label": "SUNNY FAITH", "mmsi": "372291000", "imo": "9354583", "name": "SUNNY FAITH", "shiptype": "", "first_seen_utc": "2026-01-08T06:40:23Z", "last_seen_utc": "2026-01-17T01:50:47Z", "destination": "MZ BEW", "eta": "{'Day': 20, 'Hour': 17, 'Minute': 0, 'Month': 2}", "display": "SUNNY FAITH (372291000)", "links": "<a href=\"https://www.vesselfinder.com/vessels?name=9354583\" target=\"_blank\" rel=\"noopener\">VesselFinder</a> | <a href=\"https://www.marinetraffic.com/en/ais/search/all?keyword=9354583\" target=\"_blank\" rel=\"noopener\">MarineTraffic</a>", "vf_url": "https://www.vesselfinder.com/vessels?name=9354583", "mst_url": "https://www.marinetraffic.com/en/ais/search/all?keyword=9354583", "method": "v3_2pass_track3d_fromru10d", "ru_seen_in_lookback": true, "in_monitor_on_day": true}}, {"type": "Feature", "geometry": {"type": "LineString", "coordinates": [[16.430901666666667, 56.04214666666667], [15.631716666666668, 55.77420333333334], [15.459386666666667, 55.71818333333333], [15.309073333333334, 55.669250000000005], [15.171501666666668, 55.621595], [15.03378, 55.57606], [14.895005, 55.533408333333334], [14.756566666666666, 55.48835666666666], [14.6148, 55.44550666666667], [14.496416666666667, 55.38424833333333], [14.399358333333334, 55.314186666666664], [14.300278333333333, 55.241883333333334], [14.194099999999999, 55.17598833333333], [14.097543333333334, 55.109085], [13.971803333333334, 55.06081666666667], [13.826281666666667, 55.02812666666667], [13.675999999999998, 54.995705], [12.241000000000001, 54.551894999999995], [12.197958333333334, 54.464169999999996], [12.06518, 54.43523833333334], [11.903913333333332, 54.429545], [11.751896666666665, 54.438425], [11.611156666666666, 54.47796], [11.465043333333334, 54.51745666666667], [11.310158333333334, 54.56041666666667], [11.154071666666665, 54.60554833333333], [11.011523333333335, 54.657428333333336], [10.931691666666667, 54.68409], [10.887773333333334, 54.70699333333334], [10.836438333333332, 54.750618333333335], [10.873226666666666, 54.83773333333333], [10.928611666666665, 54.935251666666666], [10.996756666666666, 55.028455], [11.045253333333333, 55.124588333333335], [11.098236666666667, 55.21660833333333], [11.048736666666667, 55.30785166666667], [10.860426666666665, 55.53930833333333], [10.799573333333333, 55.63323833333333], [10.803923333333334, 55.730538333333335], [10.838113333333332, 55.83108166666667], [10.496921666666667, 57.85076333333333], [10.332355, 57.84685833333333], [10.16172, 57.84115166666666]]}, "properties": {"label": "SUNLIGHT", "mmsi": "636020550", "imo": "9551351", "name": "SUNLIGHT", "shiptype": "", "first_seen_utc": "2026-01-08T06:45:25Z", "last_seen_utc": "2026-01-17T03:40:23Z", "destination": "CI ABJ", "eta": "{'Day': 31, 'Hour': 19, 'Minute': 0, 'Month': 1}", "display": "", "links": "<a href=\"https://www.vesselfinder.com/vessels?name=9551351\" target=\"_blank\" rel=\"noopener\">VesselFinder</a> | <a href=\"https://www.marinetraffic.com/en/ais/search/all?keyword=9551351\" target=\"_blank\" rel=\"noopener\">MarineTraffic</a>", "vf_url": "https://www.vesselfinder.com/vessels?name=9551351", "mst_url": "https://www.marinetraffic.com/en/ais/search/all?keyword=9551351", "method": "v3_2pass_track3d_fromru10d", "ru_seen_in_lookback": true, "in_monitor_on_day": true}}, {"type": "Feature", "geometry": {"type": "Point", "coordinates": [10.16172, 57.84115166666666]}, "properties": {"label": "SUNLIGHT", "mmsi": "636020550", "imo": "9551351", "name": "SUNLIGHT", "shiptype": "", "first_seen_utc": "2026-01-08T06:45:25Z", "last_seen_utc": "2026-01-17T03:40:23Z", "destination": "CI ABJ", "eta": "{'Day': 31, 'Hour': 19, 'Minute': 0, 'Month': 1}", "display": "SUNLIGHT (636020550)", "links": "<a href=\"https://www.vesselfinder.com/vessels?name=9551351\" target=\"_blank\" rel=\"noopener\">VesselFinder</a> | <a href=\"https://www.marinetraffic.com/en/ais/search/all?keyword=9551351\" target=\"_blank\" rel=\"noopener\">MarineTraffic</a>", "vf_url": "https://www.vesselfinder.com/vessels?name=9551351", "mst_url": "https://www.marinetraffic.com/en/ais/search/all?keyword=9551351", "method": "v3_2pass_track3d_fromru10d", "ru_seen_in_lookback": true, "in_monitor_on_day": true}}, {"type": "Feature", "geometry": {"type": "LineString", "coordinates": [[13.083763333333334, 55.26345166666667], [12.93093, 55.26963333333333], [12.78618, 55.290256666666664], [12.687625, 55.34256333333334], [12.705515, 55.43035666666666], [12.720843333333333, 55.516556666666666], [12.702871666666665, 55.582813333333334], [12.696843333333334, 55.646555], [12.693198333333333, 55.72728666666667], [12.720686666666667, 55.812995], [12.747831666666666, 55.898665], [12.733423333333333, 55.951791666666665], [12.727466666666666, 55.96045], [12.718359999999999, 55.966766666666665], [12.714793333333335, 55.99605833333333], [12.709648333333332, 56.00816], [12.709655, 56.008183333333335], [12.709660000000001, 56.008165], [12.70964, 56.00817833333333], [12.709641666666666, 56.008175], [12.709646666666666, 56.00817166666666], [12.709643333333334, 56.008155], [12.709655, 56.00816833333333], [12.70962, 56.00817], [12.709675, 56.00816333333333], [12.709633333333333, 56.008175], [12.70969, 56.00826666666667], [12.709688333333334, 56.00830166666666], [12.709683333333334, 56.008291666666665], [12.709695, 56.008293333333334], [12.709660000000001, 56.00828666666666], [12.709656666666666, 56.008296666666666], [12.709656666666666, 56.0083], [12.709673333333335, 56.008271666666666], [12.709675, 56.008273333333335], [12.70971, 56.00827], [12.709673333333335, 56.00830166666666], [12.709679999999999, 56.00826666666667], [12.709676666666667, 56.00831], [12.709703333333332, 56.00831], [12.709679999999999, 56.008296666666666], [12.709675, 56.00830333333333], [12.709698333333334, 56.008291666666665], [12.709676666666667, 56.00831166666667], [12.709693333333332, 56.008271666666666], [12.709671666666667, 56.008296666666666], [12.709688333333334, 56.008295], [12.709693333333332, 56.008251666666666], [12.709679999999999, 56.00828], [12.709701666666666, 56.008255], [12.70967, 56.00829], [12.709701666666666, 56.008271666666666], [12.709718333333333, 56.008293333333334], [12.709683333333334, 56.00830166666666], [12.709679999999999, 56.00828333333333], [12.709665, 56.00827], [12.709668333333333, 56.008275000000005], [12.709696666666668, 56.008273333333335], [12.709708333333333, 56.008293333333334], [12.709621666666667, 56.00831166666667], [12.709696666666668, 56.00831], [12.709678333333333, 56.00827833333334], [12.709655, 56.00828833333333], [12.709673333333335, 56.008285], [12.709685, 56.008295], [12.709679999999999, 56.0083], [12.709655, 56.00826333333334], [12.709696666666668, 56.00826666666667], [12.709696666666668, 56.008273333333335], [12.709681666666667, 56.00828], [12.709696666666668, 56.008295], [12.709676666666667, 56.00829], [12.709688333333334, 56.008293333333334], [12.709696666666668, 56.00829833333333], [12.70969, 56.008295], [12.709698333333334, 56.008293333333334], [12.709678333333333, 56.00828333333333], [12.709686666666666, 56.00828166666667], [12.709686666666666, 56.0083], [12.709681666666667, 56.00829833333333], [12.709706666666667, 56.00827833333334], [12.709705000000001, 56.00831], [12.70955, 56.007805], [12.709565, 56.00781], [12.70955, 56.007801666666666], [12.709553333333334, 56.007805], [12.709551666666666, 56.00780833333333], [12.709523333333333, 56.007805], [12.709553333333334, 56.00779333333333], [12.70954, 56.00780666666667], [12.709525000000001, 56.007805], [12.709560000000002, 56.00779166666667], [12.709556666666666, 56.00781]]}, "properties": {"label": "KRIS", "mmsi": "304502000", "imo": "9408889", "name": "KRIS", "shiptype": "", "first_seen_utc": "2026-01-08T07:13:33Z", "last_seen_utc": "2026-01-17T03:40:32Z", "destination": "SE HEL", "eta": "{'Day': 15, 'Hour': 11, 'Minute': 0, 'Month': 1}", "display": "", "links": "<a href=\"https://www.vesselfinder.com/vessels?name=9408889\" target=\"_blank\" rel=\"noopener\">VesselFinder</a> | <a href=\"https://www.marinetraffic.com/en/ais/search/all?keyword=9408889\" target=\"_blank\" rel=\"noopener\">MarineTraffic</a>", "vf_url": "https://www.vesselfinder.com/vessels?name=9408889", "mst_url": "https://www.marinetraffic.com/en/ais/search/all?keyword=9408889", "method": "v3_2pass_track3d_fromru10d", "ru_seen_in_lookback": true, "in_monitor_on_day": true}}, {"type": "Feature", "geometry": {"type": "Point", "coordinates": [12.709556666666666, 56.00781]}, "properties": {"label": "KRIS", "mmsi": "304502000", "imo": "9408889", "name": "KRIS", "shiptype": "", "first_seen_utc": "2026-01-08T07:13:33Z", "last_seen_utc": "2026-01-17T03:40:32Z", "destination": "SE HEL", "eta": "{'Day': 15, 'Hour': 11, 'Minute': 0, 'Month': 1}", "display": "KRIS (304502000)", "links": "<a href=\"https://www.vesselfinder.com/vessels?name=9408889\" target=\"_blank\" rel=\"noopener\">VesselFinder</a> | <a href=\"https://www.marinetraffic.com/en/ais/search/all?keyword=9408889\" target=\"_blank\" rel=\"noopener\">MarineTraffic</a>", "vf_url": "https://www.vesselfinder.com/vessels?name=9408889", "mst_url": "https://www.marinetraffic.com/en/ais/search/all?keyword=9408889", "method": "v3_2pass_track3d_fromru10d", "ru_seen_in_lookback": true, "in_monitor_on_day": true}}, {"type": "Feature", "geometry": {"type": "LineString", "coordinates": [[14.661816666666665, 55.46577833333333], [14.537556666666667, 55.40645666666667], [14.432611666666666, 55.33751333333333], [14.29844, 55.24242], [14.196781666666668, 55.169981666666665], [12.198596666666667, 54.465349999999994], [12.057905, 54.431468333333335], [11.889385, 54.43157333333333], [11.733953333333334, 54.45661166666666], [11.582208333333334, 54.495128333333334], [11.421896666666667, 54.537675], [11.26962, 54.591948333333335], [11.094271666666666, 54.62992], [10.917296666666665, 54.63308], [10.776250000000001, 54.68998166666667], [10.817856666666668, 54.780858333333335], [10.837731666666667, 54.867745], [10.893386666666666, 54.93978166666667], [10.984445, 55.00791], [10.989218333333334, 55.103245]]}, "properties": {"label": "PRAGUE", "mmsi": "636023238", "imo": "9421324", "name": "PRAGUE", "shiptype": "", "first_seen_utc": "2026-01-08T07:59:21Z", "last_seen_utc": "2026-01-17T03:46:58Z", "destination": "TRALI", "eta": "{'Day': 30, 'Hour': 12, 'Minute': 0, 'Month': 1}", "display": "", "links": "<a href=\"https://www.vesselfinder.com/vessels?name=9421324\" target=\"_blank\" rel=\"noopener\">VesselFinder</a> | <a href=\"https://www.marinetraffic.com/en/ais/search/all?keyword=9421324\" target=\"_blank\" rel=\"noopener\">MarineTraffic</a>", "vf_url": "https://www.vesselfinder.com/vessels?name=9421324", "mst_url": "https://www.marinetraffic.com/en/ais/search/all?keyword=9421324", "method": "v3_2pass_track3d_fromru10d", "ru_seen_in_lookback": true, "in_monitor_on_day": true}}, {"type": "Feature", "geometry": {"type": "Point", "coordinates": [10.989218333333334, 55.103245]}, "properties": {"label": "PRAGUE", "mmsi": "636023238", "imo": "9421324", "name": "PRAGUE", "shiptype": "", "first_seen_utc": "2026-01-08T07:59:21Z", "last_seen_utc": "2026-01-17T03:46:58Z", "destination": "TRALI", "eta": "{'Day': 30, 'Hour': 12, 'Minute': 0, 'Month': 1}", "display": "PRAGUE (636023238)", "links": "<a href=\"https://www.vesselfinder.com/vessels?name=9421324\" target=\"_blank\" rel=\"noopener\">VesselFinder</a> | <a href=\"https://www.marinetraffic.com/en/ais/search/all?keyword=9421324\" target=\"_blank\" rel=\"noopener\">MarineTraffic</a>", "vf_url": "https://www.vesselfinder.com/vessels?name=9421324", "mst_url": "https://www.marinetraffic.com/en/ais/search/all?keyword=9421324", "method": "v3_2pass_track3d_fromru10d", "ru_seen_in_lookback": true, "in_monitor_on_day": true}}, {"type": "Feature", "geometry": {"type": "LineString", "coordinates": [[18.681285, 54.39773666666667], [18.681326666666667, 54.39772], [18.681311666666666, 54.39773], [18.681316666666664, 54.39777], [18.681314999999998, 54.39773], [18.681285, 54.39777], [18.681311666666666, 54.39773666666667], [18.681386666666665, 54.397776666666665], [18.681358333333332, 54.39772], [18.681308333333334, 54.39773666666667], [18.681316666666664, 54.39774666666666], [18.681350000000002, 54.39779333333333], [18.681331666666665, 54.39779333333333], [18.681323333333335, 54.39779333333333], [18.681350000000002, 54.397706666666664], [18.681351666666668, 54.39776333333334], [18.681301666666666, 54.39776333333334], [18.65346, 54.4326], [18.749141666666667, 54.49279666666666], [18.865321666666667, 54.566543333333335], [18.948568333333334, 54.65557333333334], [19.011483333333334, 54.746833333333335], [18.96513333333333, 54.829476666666665], [18.846903333333334, 54.897706666666664], [12.185466666666667, 54.52077666666666], [12.121298333333334, 54.44837333333333], [11.966438333333334, 54.43834666666667], [11.813725, 54.43684], [11.672721666666666, 54.46731666666667], [11.535508333333333, 54.50383333333333], [11.385698333333332, 54.54607], [11.229948333333335, 54.58912], [11.079031666666667, 54.60477], [10.918586666666666, 54.59564666666667], [10.757855000000001, 54.58562], [10.593466666666666, 54.57617333333334], [10.429894999999998, 54.53493666666667], [10.288546666666667, 54.49987], [10.207876666666667, 54.41849666666667], [10.150986666666666, 54.36477], [10.130658333333335, 54.36776666666666], [10.04009, 54.360456666666664], [9.961675000000001, 54.342666666666666], [9.953208333333333, 54.341876666666664], [9.8642, 54.36175], [9.770226666666668, 54.35208333333333], [9.711431666666666, 54.30807333333333], [9.634383333333334, 54.27816666666667], [9.598068333333334, 54.22313666666666], [9.511818333333334, 54.18842666666667], [9.41493, 54.16423333333333], [9.337721666666665, 54.136963333333334], [9.307806666666666, 54.05499], [9.278146666666666, 53.98217666666667], [9.206085, 53.92937666666667], [9.150073333333333, 53.89699666666667], [9.144038333333333, 53.89350666666667], [9.076516666666667, 53.87631]]}, "properties": {"label": "NORDIC SUND", "mmsi": "258714000", "imo": "9375977", "name": "NORDIC SUND", "shiptype": "", "first_seen_utc": "2026-01-08T09:28:12Z", "last_seen_utc": "2026-01-17T03:13:11Z", "destination": "PL GDN=>NL DOR", "eta": "{'Day': 18, 'Hour': 2, 'Minute': 0, 'Month': 1}", "display": "", "links": "<a href=\"https://www.vesselfinder.com/vessels?name=9375977\" target=\"_blank\" rel=\"noopener\">VesselFinder</a> | <a href=\"https://www.marinetraffic.com/en/ais/search/all?keyword=9375977\" target=\"_blank\" rel=\"noopener\">MarineTraffic</a>", "vf_url": "https://www.vesselfinder.com/vessels?name=9375977", "mst_url": "https://www.marinetraffic.com/en/ais/search/all?keyword=9375977", "method": "v3_2pass_track3d_fromru10d", "ru_seen_in_lookback": true, "in_monitor_on_day": true}}, {"type": "Feature", "geometry": {"type": "Point", "coordinates": [9.076516666666667, 53.87631]}, "properties": {"label": "NORDIC SUND", "mmsi": "258714000", "imo": "9375977", "name": "NORDIC SUND", "shiptype": "", "first_seen_utc": "2026-01-08T09:28:12Z", "last_seen_utc": "2026-01-17T03:13:11Z", "destination": "PL GDN=>NL DOR", "eta": "{'Day': 18, 'Hour': 2, 'Minute': 0, 'Month': 1}", "display": "NORDIC SUND (258714000)", "links": "<a href=\"https://www.vesselfinder.com/vessels?name=9375977\" target=\"_blank\" rel=\"noopener\">VesselFinder</a> | <a href=\"https://www.marinetraffic.com/en/ais/search/all?keyword=9375977\" target=\"_blank\" rel=\"noopener\">MarineTraffic</a>", "vf_url": "https://www.vesselfinder.com/vessels?name=9375977", "mst_url": "https://www.marinetraffic.com/en/ais/search/all?keyword=9375977", "method": "v3_2pass_track3d_fromru10d", "ru_seen_in_lookback": true, "in_monitor_on_day": true}}, {"type": "Feature", "geometry": {"type": "LineString", "coordinates": [[9.022145, 57.67653166666666], [8.895826666666666, 57.638848333333335], [8.774935, 57.59476166666666], [8.658, 57.54631166666666], [8.538321666666667, 57.49886166666667], [8.42199, 57.45509666666667], [8.301513333333334, 57.415655], [8.198573333333334, 57.36580333333333], [8.085816666666666, 57.31639166666666], [7.966656666666666, 57.270325], [7.847583333333334, 57.22327666666667], [7.729663333333334, 57.174616666666665], [7.610873333333333, 57.115141666666666], [7.501406666666667, 57.051026666666665], [7.385689999999999, 56.98090833333333], [4.718554999999999, 53.70712], [4.672485, 53.63769333333333], [4.631971666666667, 53.56648], [4.588773333333333, 53.49292333333334], [4.547700000000001, 53.412076666666664], [4.503475, 53.32917833333333], [4.450975, 53.24606666666667], [4.381333333333333, 53.165036666666666], [4.271873333333334, 53.101365], [4.150403333333333, 53.04197], [3.7314783333333335, 52.78995166666667], [3.6367783333333334, 52.71905], [2.7152966666666667, 51.99435166666667], [2.6011200000000003, 51.908366666666666], [2.4904033333333335, 51.82554666666667], [2.38065, 51.747659999999996], [2.2566616666666666, 51.66354333333334], [2.1447683333333334, 51.589731666666665], [2.0383466666666665, 51.518118333333334], [1.9385166666666669, 51.449814999999994], [1.8719483333333333, 51.37575833333334], [1.8176083333333333, 51.30319833333333], [1.7646533333333332, 51.23419333333333], [1.6776783333333334, 51.18295166666667], [1.5810533333333334, 51.136665], [1.4855166666666666, 51.08706333333334], [1.35587, 51.02118333333333]]}, "properties": {"label": "NEW ENDEAVOR", "mmsi": "352246000", "imo": "9579638", "name": "NEW ENDEAVOR", "shiptype": "", "first_seen_utc": "2026-01-08T13:57:46Z", "last_seen_utc": "2026-01-17T01:50:27Z", "destination": "EG PSD", "eta": "{'Day': 28, 'Hour': 21, 'Minute': 0, 'Month': 1}", "display": "", "links": "<a href=\"https://www.vesselfinder.com/vessels?name=9579638\" target=\"_blank\" rel=\"noopener\">VesselFinder</a> | <a href=\"https://www.marinetraffic.com/en/ais/search/all?keyword=9579638\" target=\"_blank\" rel=\"noopener\">MarineTraffic</a>", "vf_url": "https://www.vesselfinder.com/vessels?name=9579638", "mst_url": "https://www.marinetraffic.com/en/ais/search/all?keyword=9579638", "method": "v3_2pass_track3d_fromru10d", "ru_seen_in_lookback": true, "in_monitor_on_day": true}}, {"type": "Feature", "geometry": {"type": "Point", "coordinates": [1.35587, 51.02118333333333]}, "properties": {"label": "NEW ENDEAVOR", "mmsi": "352246000", "imo": "9579638", "name": "NEW ENDEAVOR", "shiptype": "", "first_seen_utc": "2026-01-08T13:57:46Z", "last_seen_utc": "2026-01-17T01:50:27Z", "destination": "EG PSD", "eta": "{'Day': 28, 'Hour': 21, 'Minute': 0, 'Month': 1}", "display": "NEW ENDEAVOR (352246000)", "links": "<a href=\"https://www.vesselfinder.com/vessels?name=9579638\" target=\"_blank\" rel=\"noopener\">VesselFinder</a> | <a href=\"https://www.marinetraffic.com/en/ais/search/all?keyword=9579638\" target=\"_blank\" rel=\"noopener\">MarineTraffic</a>", "vf_url": "https://www.vesselfinder.com/vessels?name=9579638", "mst_url": "https://www.marinetraffic.com/en/ais/search/all?keyword=9579638", "method": "v3_2pass_track3d_fromru10d", "ru_seen_in_lookback": true, "in_monitor_on_day": true}}, {"type": "Feature", "geometry": {"type": "LineString", "coordinates": [[19.322165, 54.58415], [19.283716666666667, 54.569665], [19.24311, 54.555460000000004], [19.204195000000002, 54.542856666666665], [19.16563, 54.530445], [19.12437333333333, 54.516765], [19.136895, 54.5096], [19.179311666666667, 54.51216], [19.220431666666666, 54.522531666666666], [19.25565333333333, 54.53699166666667], [19.290068333333334, 54.55052666666666], [19.32498, 54.56263666666667], [19.352073333333333, 54.56668333333334], [19.30848, 54.55026833333333], [19.26669, 54.533181666666664], [19.22492833333333, 54.521319999999996], [19.182000000000002, 54.51334], [19.1444, 54.51464166666666], [19.184148333333333, 54.52648166666667], [19.220283333333334, 54.53479333333333], [19.256331666666664, 54.54284333333333], [19.292505000000002, 54.55017833333333], [19.326055, 54.557871666666664], [19.30031166666667, 54.572885], [19.261846666666667, 54.58547], [19.267103333333335, 54.572109999999995], [19.29431, 54.553628333333336], [19.31421, 54.54618333333334], [19.312023333333332, 54.552519999999994], [19.296983333333333, 54.540796666666665], [19.271958333333334, 54.50376000000001], [19.244376666666668, 54.49377166666667], [19.220315000000003, 54.52974666666667], [19.189663333333332, 54.564685000000004], [19.180598333333332, 54.54740833333334], [19.184528333333333, 54.511693333333334], [19.144988333333334, 54.48518333333333], [19.078500000000002, 54.47720666666667], [18.959138333333332, 54.52156166666667], [18.832578333333334, 54.567519999999995], [18.80345, 54.60064166666667], [18.80345, 54.60065], [18.803443333333334, 54.600638333333336], [18.801636666666663, 54.59996833333333], [18.801640000000003, 54.599963333333335], [18.801643333333335, 54.59997333333333], [18.801634999999997, 54.59996833333333], [18.801643333333335, 54.59996666666667], [18.801640000000003, 54.59995833333333], [18.80165, 54.599955], [18.801645, 54.599963333333335], [18.801648333333333, 54.59995833333333], [18.801651666666665, 54.599963333333335], [18.801646666666667, 54.59997], [18.801656666666666, 54.599965], [18.801646666666667, 54.59996], [18.801640000000003, 54.59995833333333], [18.801646666666667, 54.599963333333335], [18.80164166666667, 54.59997166666667], [18.801645, 54.59995833333333], [18.801638333333337, 54.59995166666667], [18.801640000000003, 54.59995666666667], [18.801643333333335, 54.59995666666667], [18.801646666666667, 54.59995333333333], [18.801643333333335, 54.59996], [18.801643333333335, 54.59997666666666], [18.801648333333333, 54.599945000000005], [18.80165, 54.59995833333333], [18.801655, 54.599963333333335], [18.801651666666665, 54.599965], [18.801645, 54.599961666666665], [18.801653333333334, 54.599965], [18.801645, 54.59995833333333], [18.801653333333334, 54.599963333333335], [18.80165, 54.599961666666665], [18.801648333333333, 54.599963333333335], [18.801640000000003, 54.59997], [18.801653333333334, 54.59997], [18.80163, 54.59996], [18.80164166666667, 54.599963333333335], [18.801658333333332, 54.599963333333335], [18.80163333333333, 54.59996833333333], [18.801643333333335, 54.59995833333333], [18.801656666666666, 54.59994833333334], [18.801651666666665, 54.599961666666665], [18.801655, 54.599961666666665], [18.801655, 54.599965], [18.801656666666666, 54.59998333333333], [18.801646666666667, 54.599961666666665], [18.801643333333335, 54.599961666666665], [18.80165, 54.59997166666667], [18.801645, 54.599965], [18.801638333333337, 54.59997], [18.801658333333332, 54.60002833333333], [18.851015, 54.61722666666667], [18.822661666666665, 54.70012166666667], [18.791896666666666, 54.78342]]}, "properties": {"label": "GDY-343 HUMBAK", "mmsi": "261054050", "imo": "8404757", "name": "GDY-343 HUMBAK", "shiptype": "", "first_seen_utc": "2026-01-08T20:52:01Z", "last_seen_utc": "2026-01-17T02:43:13Z", "destination": "BALTIC SEA", "eta": "{'Day': 25, 'Hour': 0, 'Minute': 0, 'Month': 1}", "display": "", "links": "<a href=\"https://www.vesselfinder.com/vessels?name=8404757\" target=\"_blank\" rel=\"noopener\">VesselFinder</a> | <a href=\"https://www.marinetraffic.com/en/ais/search/all?keyword=8404757\" target=\"_blank\" rel=\"noopener\">MarineTraffic</a>", "vf_url": "https://www.vesselfinder.com/vessels?name=8404757", "mst_url": "https://www.marinetraffic.com/en/ais/search/all?keyword=8404757", "method": "v3_2pass_track3d_fromru10d", "ru_seen_in_lookback": true, "in_monitor_on_day": true}}, {"type": "Feature", "geometry": {"type": "Point", "coordinates": [18.791896666666666, 54.78342]}, "properties": {"label": "GDY-343 HUMBAK", "mmsi": "261054050", "imo": "8404757", "name": "GDY-343 HUMBAK", "shiptype": "", "first_seen_utc": "2026-01-08T20:52:01Z", "last_seen_utc": "2026-01-17T02:43:13Z", "destination": "BALTIC SEA", "eta": "{'Day': 25, 'Hour': 0, 'Minute': 0, 'Month': 1}", "display": "GDY-343 HUMBAK (261054050)", "links": "<a href=\"https://www.vesselfinder.com/vessels?name=8404757\" target=\"_blank\" rel=\"noopener\">VesselFinder</a> | <a href=\"https://www.marinetraffic.com/en/ais/search/all?keyword=8404757\" target=\"_blank\" rel=\"noopener\">MarineTraffic</a>", "vf_url": "https://www.vesselfinder.com/vessels?name=8404757", "mst_url": "https://www.marinetraffic.com/en/ais/search/all?keyword=8404757", "method": "v3_2pass_track3d_fromru10d", "ru_seen_in_lookback": true, "in_monitor_on_day": true}}, {"type": "Feature", "geometry": {"type": "LineString", "coordinates": [[8.544675000000002, 53.568445], [8.544681666666666, 53.56843666666667], [8.544685, 53.56844], [8.544688333333333, 53.56843166666667], [8.544683333333333, 53.56842833333334], [8.54468, 53.568435], [8.544676666666668, 53.56843833333333], [8.544683333333333, 53.56843333333334], [8.544678333333334, 53.56843166666667], [8.544675000000002, 53.56843166666667], [8.544693333333333, 53.56843], [8.544675000000002, 53.568435], [8.544675000000002, 53.56843333333334], [8.54468, 53.56843166666667], [8.544678333333334, 53.568441666666665], [8.544673333333332, 53.56844], [8.481598333333332, 53.61789666666667], [8.34332, 53.69411], [8.202948333333334, 53.75496333333333], [8.085771666666666, 53.831755], [7.932955000000001, 53.86103333333333], [7.817235, 53.87833166666667], [7.71991, 53.931055], [7.671936666666666, 53.98129666666667], [7.6254550000000005, 54.02627], [7.5912299999999995, 53.99690666666667], [7.646694999999999, 53.948701666666665], [7.74952, 53.964643333333335], [7.817871666666666, 53.99286333333334], [7.828206666666667, 54.010353333333335], [7.854956666666666, 54.014448333333334], [9.006248333333334, 53.853445], [9.113946666666667, 53.877763333333334], [9.242768333333334, 53.87681166666667], [9.369301666666667, 53.81368833333333], [9.446903333333333, 53.73083833333333], [9.514238333333333, 53.65705333333334], [9.612626666666667, 53.58678333333333], [9.748105, 53.56073333333333], [9.859488333333333, 53.54447666666667], [9.913961666666667, 53.539735], [9.913955, 53.53971666666666], [9.913936666666666, 53.539723333333335], [9.913931666666667, 53.539715], [9.913936666666666, 53.53972], [9.913941666666666, 53.53972], [9.913943333333332, 53.539725], [9.913946666666668, 53.539721666666665], [9.913933333333334, 53.539725], [9.913938333333334, 53.539715], [9.913936666666666, 53.53972], [9.913943333333332, 53.53972666666667], [9.913936666666666, 53.539725], [9.913936666666666, 53.53973833333334], [9.913936666666666, 53.53973333333333], [9.913946666666668, 53.53973666666666], [9.913929999999999, 53.53973166666666], [9.913938333333334, 53.53973166666666], [9.913936666666666, 53.53973666666666], [9.91394, 53.539735], [9.91394, 53.539735], [9.913931666666667, 53.53973166666666], [9.929035, 53.54019666666667], [9.940141666666667, 53.50888], [9.937301666666666, 53.50915166666667], [9.937201666666665, 53.50917166666667], [9.937208333333333, 53.50916666666667], [9.937199999999999, 53.50916666666667], [9.937205, 53.509163333333326], [9.937205, 53.509163333333326], [9.937223333333332, 53.50918], [9.914196666666667, 53.54123666666667], [9.907295, 53.53266], [9.907346666666665, 53.53264333333333], [9.907346666666665, 53.53263833333333], [9.907353333333333, 53.53263166666667]]}, "properties": {"label": "CMA CGM MERMAID", "mmsi": "256708000", "imo": "9961283", "name": "CMA CGM MERMAID", "shiptype": "", "first_seen_utc": "2026-01-08T21:30:01Z", "last_seen_utc": "2026-01-17T03:28:06Z", "destination": "DEHAM", "eta": "{'Day': 16, 'Hour': 20, 'Minute': 30, 'Month': 1}", "display": "", "links": "<a href=\"https://www.vesselfinder.com/vessels?name=9961283\" target=\"_blank\" rel=\"noopener\">VesselFinder</a> | <a href=\"https://www.marinetraffic.com/en/ais/search/all?keyword=9961283\" target=\"_blank\" rel=\"noopener\">MarineTraffic</a>", "vf_url": "https://www.vesselfinder.com/vessels?name=9961283", "mst_url": "https://www.marinetraffic.com/en/ais/search/all?keyword=9961283", "method": "v3_2pass_track3d_fromru10d", "ru_seen_in_lookback": true, "in_monitor_on_day": true}}, {"type": "Feature", "geometry": {"type": "Point", "coordinates": [9.907353333333333, 53.53263166666667]}, "properties": {"label": "CMA CGM MERMAID", "mmsi": "256708000", "imo": "9961283", "name": "CMA CGM MERMAID", "shiptype": "", "first_seen_utc": "2026-01-08T21:30:01Z", "last_seen_utc": "2026-01-17T03:28:06Z", "destination": "DEHAM", "eta": "{'Day': 16, 'Hour': 20, 'Minute': 30, 'Month': 1}", "display": "CMA CGM MERMAID (256708000)", "links": "<a href=\"https://www.vesselfinder.com/vessels?name=9961283\" target=\"_blank\" rel=\"noopener\">VesselFinder</a> | <a href=\"https://www.marinetraffic.com/en/ais/search/all?keyword=9961283\" target=\"_blank\" rel=\"noopener\">MarineTraffic</a>", "vf_url": "https://www.vesselfinder.com/vessels?name=9961283", "mst_url": "https://www.marinetraffic.com/en/ais/search/all?keyword=9961283", "method": "v3_2pass_track3d_fromru10d", "ru_seen_in_lookback": true, "in_monitor_on_day": true}}, {"type": "Feature", "geometry": {"type": "LineString", "coordinates": [[14.940218333333332, 55.543261666666666], [14.794364999999999, 55.50644666666667], [14.651435, 55.46673333333333], [14.538105, 55.40569833333333], [14.432098333333332, 55.330711666666666], [14.260471666666666, 55.199425], [14.157903333333334, 55.11978], [12.230405, 54.53658], [12.190193333333333, 54.45379333333334], [12.054193333333334, 54.43940333333333], [11.903384999999998, 54.437464999999996], [11.750111666666667, 54.44690833333333], [11.59449, 54.48153333333333], [11.451441666666666, 54.520001666666666], [11.306246666666668, 54.560071666666666], [11.155461666666667, 54.59979], [10.991980000000002, 54.604058333333334], [10.848483333333332, 54.65373833333333], [10.780176666666668, 54.717708333333334], [10.824963333333333, 54.79309333333333], [10.838735000000002, 54.86864], [10.885746666666668, 54.938235], [10.984038333333332, 55.00528], [10.992320000000001, 55.097676666666665], [11.030266666666668, 55.172625000000004], [11.098351666666668, 55.237078333333336], [11.038988333333332, 55.32183166666667], [10.834386666666667, 55.57066333333333], [10.792021666666667, 55.66439666666667], [10.810703333333333, 55.76542], [10.867448333333334, 55.85944666666667], [10.980761666666666, 55.935325], [11.092853333333332, 56.13619666666667], [9.650505, 57.81757], [9.504375000000001, 57.79061333333333], [9.376631666666666, 57.74040166666667], [9.256023333333333, 57.69459833333334], [9.13713, 57.650661666666664], [9.018671666666668, 57.6092], [8.89139, 57.56590833333333], [8.770626666666667, 57.523741666666666], [8.645888333333334, 57.47931833333334], [8.526575, 57.437088333333335], [8.385718333333333, 57.39579666666667], [8.251216666666666, 57.35147], [8.130751666666667, 57.303488333333334], [7.994101666666666, 57.25066833333334], [7.868705, 57.20433333333334], [7.7374366666666665, 57.15673833333334], [7.609333333333334, 57.11004666666667], [7.47632, 57.06332666666666], [7.336061666666667, 57.013175000000004]]}, "properties": {"label": "CHORUS V", "mmsi": "352005594", "imo": "9261970", "name": "CHORUS V", "shiptype": "", "first_seen_utc": "2026-01-09T04:16:49Z", "last_seen_utc": "2026-01-17T03:53:49Z", "destination": "PORT SAID", "eta": "{'Day': 31, 'Hour': 6, 'Minute': 0, 'Month': 1}", "display": "", "links": "<a href=\"https://www.vesselfinder.com/vessels?name=9261970\" target=\"_blank\" rel=\"noopener\">VesselFinder</a> | <a href=\"https://www.marinetraffic.com/en/ais/search/all?keyword=9261970\" target=\"_blank\" rel=\"noopener\">MarineTraffic</a>", "vf_url": "https://www.vesselfinder.com/vessels?name=9261970", "mst_url": "https://www.marinetraffic.com/en/ais/search/all?keyword=9261970", "method": "v3_2pass_track3d_fromru10d", "ru_seen_in_lookback": true, "in_monitor_on_day": true}}, {"type": "Feature", "geometry": {"type": "Point", "coordinates": [7.336061666666667, 57.013175000000004]}, "properties": {"label": "CHORUS V", "mmsi": "352005594", "imo": "9261970", "name": "CHORUS V", "shiptype": "", "first_seen_utc": "2026-01-09T04:16:49Z", "last_seen_utc": "2026-01-17T03:53:49Z", "destination": "PORT SAID", "eta": "{'Day': 31, 'Hour': 6, 'Minute': 0, 'Month': 1}", "display": "CHORUS V (352005594)", "links": "<a href=\"https://www.vesselfinder.com/vessels?name=9261970\" target=\"_blank\" rel=\"noopener\">VesselFinder</a> | <a href=\"https://www.marinetraffic.com/en/ais/search/all?keyword=9261970\" target=\"_blank\" rel=\"noopener\">MarineTraffic</a>", "vf_url": "https://www.vesselfinder.com/vessels?name=9261970", "mst_url": "https://www.marinetraffic.com/en/ais/search/all?keyword=9261970", "method": "v3_2pass_track3d_fromru10d", "ru_seen_in_lookback": true, "in_monitor_on_day": true}}, {"type": "Feature", "geometry": {"type": "LineString", "coordinates": [[3.4894016666666667, 53.36128166666666], [3.2397833333333335, 52.904275], [2.152085, 51.772371666666665], [2.0339016666666665, 51.67436333333333], [1.9199916666666668, 51.585375], [1.751805, 51.536285], [1.6145316666666667, 51.48157666666667], [1.5213866666666667, 51.42108666666666], [1.4682983333333333, 51.46318833333333], [1.3060083333333334, 51.48273833333334], [1.17447, 51.48810833333334], [1.076305, 51.49443333333333], [0.919695, 51.48244], [0.74643, 51.492401666666666], [0.5917933333333333, 51.502941666666665], [0.47017666666666663, 51.49361], [0.40221999999999997, 51.44937166666667], [0.33722, 51.45105], [0.33360833333333334, 51.45852166666667], [0.33362499999999995, 51.458528333333334], [0.3336266666666667, 51.458526666666664], [0.33362166666666665, 51.458528333333334], [0.3336266666666667, 51.45853], [0.33362833333333336, 51.458526666666664], [0.3336183333333333, 51.458528333333334], [0.33362499999999995, 51.458526666666664], [0.33362499999999995, 51.458525], [0.33362166666666665, 51.458528333333334], [0.3336233333333333, 51.458528333333334], [0.3336133333333333, 51.45853666666667], [0.33362166666666665, 51.458531666666666], [0.3336183333333333, 51.458526666666664], [0.33363166666666666, 51.45852], [0.3336266666666667, 51.45852333333333], [0.33363166666666666, 51.45852], [0.33362166666666665, 51.45853], [0.33362499999999995, 51.458528333333334], [0.33362166666666665, 51.45852166666667], [0.33362833333333336, 51.45851833333334], [0.3336233333333333, 51.458513333333336], [0.33363000000000004, 51.458526666666664], [0.33363000000000004, 51.45852], [0.33362499999999995, 51.458515000000006], [0.33363000000000004, 51.458511666666666], [0.33362833333333336, 51.45852166666667], [0.3336266666666667, 51.45852333333333], [0.333615, 51.45852333333333], [0.33362499999999995, 51.45852333333333], [0.3336366666666667, 51.45852166666667], [0.333635, 51.458510000000004], [0.33363166666666666, 51.458526666666664], [0.33362833333333336, 51.45852], [0.333635, 51.45852], [0.33362499999999995, 51.45852], [0.33363333333333334, 51.45852], [0.33363000000000004, 51.45852166666667], [0.33363166666666666, 51.458525], [0.33362499999999995, 51.458531666666666], [0.33363000000000004, 51.45852333333333], [0.3336266666666667, 51.45852166666667], [0.33363000000000004, 51.45852166666667], [0.33362833333333336, 51.45852333333333], [0.33363333333333334, 51.45851666666667], [0.33960666666666667, 51.450158333333334], [0.464435, 51.488815], [0.662245, 51.500613333333334], [0.8797783333333334, 51.48801], [1.0730033333333333, 51.518355]]}, "properties": {"label": "CMA CGM RUNDALE", "mmsi": "256882000", "imo": "9961300", "name": "CMA CGM RUNDALE", "shiptype": "", "first_seen_utc": "2026-01-09T05:26:40Z", "last_seen_utc": "2026-01-17T03:27:43Z", "destination": "GBTEE", "eta": "{'Day': 17, 'Hour': 21, 'Minute': 0, 'Month': 1}", "display": "", "links": "<a href=\"https://www.vesselfinder.com/vessels?name=9961300\" target=\"_blank\" rel=\"noopener\">VesselFinder</a> | <a href=\"https://www.marinetraffic.com/en/ais/search/all?keyword=9961300\" target=\"_blank\" rel=\"noopener\">MarineTraffic</a>", "vf_url": "https://www.vesselfinder.com/vessels?name=9961300", "mst_url": "https://www.marinetraffic.com/en/ais/search/all?keyword=9961300", "method": "v3_2pass_track3d_fromru10d", "ru_seen_in_lookback": true, "in_monitor_on_day": true}}, {"type": "Feature", "geometry": {"type": "Point", "coordinates": [1.0730033333333333, 51.518355]}, "properties": {"label": "CMA CGM RUNDALE", "mmsi": "256882000", "imo": "9961300", "name": "CMA CGM RUNDALE", "shiptype": "", "first_seen_utc": "2026-01-09T05:26:40Z", "last_seen_utc": "2026-01-17T03:27:43Z", "destination": "GBTEE", "eta": "{'Day': 17, 'Hour': 21, 'Minute': 0, 'Month': 1}", "display": "CMA CGM RUNDALE (256882000)", "links": "<a href=\"https://www.vesselfinder.com/vessels?name=9961300\" target=\"_blank\" rel=\"noopener\">VesselFinder</a> | <a href=\"https://www.marinetraffic.com/en/ais/search/all?keyword=9961300\" target=\"_blank\" rel=\"noopener\">MarineTraffic</a>", "vf_url": "https://www.vesselfinder.com/vessels?name=9961300", "mst_url": "https://www.marinetraffic.com/en/ais/search/all?keyword=9961300", "method": "v3_2pass_track3d_fromru10d", "ru_seen_in_lookback": true, "in_monitor_on_day": true}}, {"type": "Feature", "geometry": {"type": "LineString", "coordinates": [[9.151796666666666, 57.71655666666666], [9.005841666666667, 57.672935], [8.867941666666667, 57.63265], [8.721354999999999, 57.59281333333333], [8.579558333333333, 57.553401666666666], [8.44115, 57.514784999999996], [8.305683333333333, 57.4739], [8.162488333333334, 57.43469666666667], [8.02187, 57.397335], [7.905748333333333, 57.34644166666667], [7.799131666666667, 57.281375000000004], [7.69142, 57.21157166666667], [7.488448333333333, 57.079256666666666], [7.3858749999999995, 57.00373166666667], [2.1078466666666666, 51.55103833333333], [2.0057616666666664, 51.48112166666667], [1.9317666666666669, 51.40929666666667], [1.8686966666666665, 51.33660166666667], [1.8128566666666666, 51.269819999999996], [1.7526316666666666, 51.20946333333333], [1.674465, 51.16025833333333], [1.5958183333333333, 51.11246333333334], [1.5117666666666667, 51.06095666666667], [1.4357716666666667, 51.01274333333333]]}, "properties": {"label": "ALBERT", "mmsi": "636019055", "imo": "9843572", "name": "ALBERT", "shiptype": "", "first_seen_utc": "2026-01-09T05:33:17Z", "last_seen_utc": "2026-01-17T01:32:01Z", "destination": "YANBU FOR ORDER", "eta": "{'Day': 31, 'Hour': 23, 'Minute': 0, 'Month': 1}", "display": "", "links": "<a href=\"https://www.vesselfinder.com/vessels?name=9843572\" target=\"_blank\" rel=\"noopener\">VesselFinder</a> | <a href=\"https://www.marinetraffic.com/en/ais/search/all?keyword=9843572\" target=\"_blank\" rel=\"noopener\">MarineTraffic</a>", "vf_url": "https://www.vesselfinder.com/vessels?name=9843572", "mst_url": "https://www.marinetraffic.com/en/ais/search/all?keyword=9843572", "method": "v3_2pass_track3d_fromru10d", "ru_seen_in_lookback": true, "in_monitor_on_day": true}}, {"type": "Feature", "geometry": {"type": "Point", "coordinates": [1.4357716666666667, 51.01274333333333]}, "properties": {"label": "ALBERT", "mmsi": "636019055", "imo": "9843572", "name": "ALBERT", "shiptype": "", "first_seen_utc": "2026-01-09T05:33:17Z", "last_seen_utc": "2026-01-17T01:32:01Z", "destination": "YANBU FOR ORDER", "eta": "{'Day': 31, 'Hour': 23, 'Minute': 0, 'Month': 1}", "display": "ALBERT (636019055)", "links": "<a href=\"https://www.vesselfinder.com/vessels?name=9843572\" target=\"_blank\" rel=\"noopener\">VesselFinder</a> | <a href=\"https://www.marinetraffic.com/en/ais/search/all?keyword=9843572\" target=\"_blank\" rel=\"noopener\">MarineTraffic</a>", "vf_url": "https://www.vesselfinder.com/vessels?name=9843572", "mst_url": "https://www.marinetraffic.com/en/ais/search/all?keyword=9843572", "method": "v3_2pass_track3d_fromru10d", "ru_seen_in_lookback": true, "in_monitor_on_day": true}}, {"type": "Feature", "geometry": {"type": "LineString", "coordinates": [[10.79991, 55.73375333333333], [10.825168333333332, 55.81335833333333], [10.496175, 57.850005], [10.236331666666667, 57.85530666666667]]}, "properties": {"label": "BUNDU", "mmsi": "352001341", "imo": "9273014", "name": "BUNDU", "shiptype": "", "first_seen_utc": "2026-01-09T15:29:07Z", "last_seen_utc": "2026-01-17T03:55:33Z", "destination": "MAJFL", "eta": "{'Day': 25, 'Hour': 18, 'Minute': 0, 'Month': 1}", "display": "", "links": "<a href=\"https://www.vesselfinder.com/vessels?name=9273014\" target=\"_blank\" rel=\"noopener\">VesselFinder</a> | <a href=\"https://www.marinetraffic.com/en/ais/search/all?keyword=9273014\" target=\"_blank\" rel=\"noopener\">MarineTraffic</a>", "vf_url": "https://www.vesselfinder.com/vessels?name=9273014", "mst_url": "https://www.marinetraffic.com/en/ais/search/all?keyword=9273014", "method": "v3_2pass_track3d_fromru10d", "ru_seen_in_lookback": true, "in_monitor_on_day": true}}, {"type": "Feature", "geometry": {"type": "Point", "coordinates": [10.236331666666667, 57.85530666666667]}, "properties": {"label": "BUNDU", "mmsi": "352001341", "imo": "9273014", "name": "BUNDU", "shiptype": "", "first_seen_utc": "2026-01-09T15:29:07Z", "last_seen_utc": "2026-01-17T03:55:33Z", "destination": "MAJFL", "eta": "{'Day': 25, 'Hour': 18, 'Minute': 0, 'Month': 1}", "display": "BUNDU (352001341)", "links": "<a href=\"https://www.vesselfinder.com/vessels?name=9273014\" target=\"_blank\" rel=\"noopener\">VesselFinder</a> | <a href=\"https://www.marinetraffic.com/en/ais/search/all?keyword=9273014\" target=\"_blank\" rel=\"noopener\">MarineTraffic</a>", "vf_url": "https://www.vesselfinder.com/vessels?name=9273014", "mst_url": "https://www.marinetraffic.com/en/ais/search/all?keyword=9273014", "method": "v3_2pass_track3d_fromru10d", "ru_seen_in_lookback": true, "in_monitor_on_day": true}}, {"type": "Feature", "geometry": {"type": "LineString", "coordinates": [[18.432421666666666, 55.047246666666666], [18.611736666666665, 54.992399999999996], [18.76698, 54.930368333333334], [18.857648333333334, 54.89087333333334], [18.956685, 54.83651666666666], [19.018711666666665, 54.74053666666667], [19.06524166666667, 54.64015333333334], [19.019503333333333, 54.545089999999995], [18.958678333333335, 54.47340833333333], [18.904135, 54.45832666666667], [18.885668333333335, 54.463388333333334], [18.884158333333335, 54.465113333333335], [18.882195000000003, 54.46542], [18.882221666666666, 54.465426666666666], [18.882118333333334, 54.465403333333335], [18.881843333333332, 54.465448333333335], [18.881961666666665, 54.465455], [18.882, 54.46539333333333], [18.881685, 54.46541], [18.881386666666668, 54.465376666666664], [18.881415, 54.46539333333333], [18.881271666666667, 54.465068333333335], [18.880511666666667, 54.46529833333333], [18.880428333333334, 54.465241666666664], [18.880456666666664, 54.4654], [18.880601666666667, 54.465349999999994], [18.880633333333332, 54.465345], [18.880475, 54.46529833333333], [18.880356666666668, 54.465259999999994], [18.88013833333333, 54.46524], [18.880243333333333, 54.46528166666667], [18.880521666666667, 54.46537166666667], [18.88063833333333, 54.465403333333335], [18.880701666666667, 54.465435], [18.880733333333335, 54.46541], [18.88071, 54.46538833333333], [18.880831666666666, 54.46543333333333], [18.880853333333334, 54.46543166666667], [18.88101, 54.465475], [18.880971666666667, 54.46544333333333], [18.881038333333333, 54.46544666666667], [18.881295, 54.465493333333335], [18.881228333333336, 54.46545666666667], [18.88102, 54.46546333333333], [18.88104, 54.465471666666666], [18.88124, 54.46552333333333], [18.88085166666667, 54.465408333333336], [18.880761666666668, 54.46541666666667], [18.88086, 54.46548666666667], [18.880873333333334, 54.46545666666667], [18.88083333333333, 54.46548], [18.880845, 54.46544666666667], [18.880679999999998, 54.46543833333333], [18.880838333333333, 54.46543666666666], [18.880705, 54.46541333333333], [18.880746666666667, 54.465439999999994], [18.88086, 54.465468333333334], [18.881108333333334, 54.46550833333333], [18.881075, 54.465465], [18.880701666666667, 54.465453333333336], [18.880898333333334, 54.465466666666664], [18.880778333333335, 54.46539333333333], [18.880938333333333, 54.46551], [18.880885, 54.465466666666664], [18.880823333333336, 54.46540666666667], [18.880753333333335, 54.46548166666666], [18.88069, 54.46546333333333], [18.880763333333334, 54.46543666666666], [18.880973333333333, 54.465484999999994], [18.881075, 54.465516666666666], [18.88104, 54.46552], [18.881243333333334, 54.465545], [18.880991666666667, 54.46547833333333], [18.880913333333336, 54.46546166666667], [18.880916666666668, 54.465468333333334], [18.880846666666667, 54.465484999999994], [18.88069, 54.46541333333333], [18.880755, 54.465439999999994], [18.880826666666668, 54.46547833333333], [18.880808333333334, 54.465426666666666], [18.88029166666667, 54.46532666666667], [18.880805000000002, 54.46545666666667], [18.880503333333333, 54.46537166666667], [18.88059666666667, 54.46545833333333], [18.880730000000003, 54.46537333333333], [18.880679999999998, 54.46538833333333], [18.880546666666664, 54.46539], [18.880848333333333, 54.465421666666664], [18.88050666666667, 54.465349999999994]]}, "properties": {"label": "SILVERWAY", "mmsi": "636017059", "imo": "9742912", "name": "SILVERWAY", "shiptype": "", "first_seen_utc": "2026-01-10T02:52:41Z", "last_seen_utc": "2026-01-17T03:56:08Z", "destination": "PL GDN", "eta": "{'Day': 15, 'Hour': 10, 'Minute': 0, 'Month': 1}", "display": "", "links": "<a href=\"https://www.vesselfinder.com/vessels?name=9742912\" target=\"_blank\" rel=\"noopener\">VesselFinder</a> | <a href=\"https://www.marinetraffic.com/en/ais/search/all?keyword=9742912\" target=\"_blank\" rel=\"noopener\">MarineTraffic</a>", "vf_url": "https://www.vesselfinder.com/vessels?name=9742912", "mst_url": "https://www.marinetraffic.com/en/ais/search/all?keyword=9742912", "method": "v3_2pass_track3d_fromru10d", "ru_seen_in_lookback": true, "in_monitor_on_day": true}}, {"type": "Feature", "geometry": {"type": "Point", "coordinates": [18.88050666666667, 54.465349999999994]}, "properties": {"label": "SILVERWAY", "mmsi": "636017059", "imo": "9742912", "name": "SILVERWAY", "shiptype": "", "first_seen_utc": "2026-01-10T02:52:41Z", "last_seen_utc": "2026-01-17T03:56:08Z", "destination": "PL GDN", "eta": "{'Day': 15, 'Hour': 10, 'Minute': 0, 'Month': 1}", "display": "SILVERWAY (636017059)", "links": "<a href=\"https://www.vesselfinder.com/vessels?name=9742912\" target=\"_blank\" rel=\"noopener\">VesselFinder</a> | <a href=\"https://www.marinetraffic.com/en/ais/search/all?keyword=9742912\" target=\"_blank\" rel=\"noopener\">MarineTraffic</a>", "vf_url": "https://www.vesselfinder.com/vessels?name=9742912", "mst_url": "https://www.marinetraffic.com/en/ais/search/all?keyword=9742912", "method": "v3_2pass_track3d_fromru10d", "ru_seen_in_lookback": true, "in_monitor_on_day": true}}, {"type": "Feature", "geometry": {"type": "LineString", "coordinates": [[11.090475, 55.195431666666664], [11.06331, 55.279955], [10.8711, 55.52064333333333], [10.799915, 55.616393333333335], [10.800450000000001, 55.71590666666667], [10.81749, 55.81837666666667], [10.876100000000001, 55.90200166666667], [11.090750000000002, 56.13509], [10.487823333333333, 57.86789666666667], [10.296426666666667, 57.856271666666665], [10.106923333333333, 57.85043666666666], [9.92175, 57.840525], [9.729555, 57.81299333333333], [9.54198, 57.782988333333336], [9.387111666666668, 57.727491666666666], [9.230841666666667, 57.670235000000005], [9.071078333333332, 57.61502666666667], [8.894151666666666, 57.57783166666666], [8.738855000000001, 57.519735], [8.585115, 57.46234833333333], [8.427816666666667, 57.403059999999996], [8.268556666666667, 57.343693333333334], [8.112385, 57.28612833333333], [7.957835, 57.22955666666667], [7.805176666666667, 57.17295166666667], [7.656718333333333, 57.11678666666667], [7.504901666666667, 57.05764833333333], [7.36558, 56.99257333333333], [7.229871666666667, 56.92495833333333], [7.074034999999999, 56.84014166666667], [3.5515583333333334, 53.48329666666667]]}, "properties": {"label": "METRO LIVAS", "mmsi": "241969000", "imo": "1017050", "name": "METRO LIVAS", "shiptype": "", "first_seen_utc": "2026-01-10T06:37:38Z", "last_seen_utc": "2026-01-17T01:11:08Z", "destination": "LAS PALMAS", "eta": "{'Day': 10, 'Hour': 5, 'Minute': 0, 'Month': 1}", "display": "", "links": "<a href=\"https://www.vesselfinder.com/vessels?name=1017050\" target=\"_blank\" rel=\"noopener\">VesselFinder</a> | <a href=\"https://www.marinetraffic.com/en/ais/search/all?keyword=1017050\" target=\"_blank\" rel=\"noopener\">MarineTraffic</a>", "vf_url": "https://www.vesselfinder.com/vessels?name=1017050", "mst_url": "https://www.marinetraffic.com/en/ais/search/all?keyword=1017050", "method": "v3_2pass_track3d_fromru10d", "ru_seen_in_lookback": true, "in_monitor_on_day": true}}, {"type": "Feature", "geometry": {"type": "Point", "coordinates": [3.5515583333333334, 53.48329666666667]}, "properties": {"label": "METRO LIVAS", "mmsi": "241969000", "imo": "1017050", "name": "METRO LIVAS", "shiptype": "", "first_seen_utc": "2026-01-10T06:37:38Z", "last_seen_utc": "2026-01-17T01:11:08Z", "destination": "LAS PALMAS", "eta": "{'Day': 10, 'Hour': 5, 'Minute': 0, 'Month': 1}", "display": "METRO LIVAS (241969000)", "links": "<a href=\"https://www.vesselfinder.com/vessels?name=1017050\" target=\"_blank\" rel=\"noopener\">VesselFinder</a> | <a href=\"https://www.marinetraffic.com/en/ais/search/all?keyword=1017050\" target=\"_blank\" rel=\"noopener\">MarineTraffic</a>", "vf_url": "https://www.vesselfinder.com/vessels?name=1017050", "mst_url": "https://www.marinetraffic.com/en/ais/search/all?keyword=1017050", "method": "v3_2pass_track3d_fromru10d", "ru_seen_in_lookback": true, "in_monitor_on_day": true}}, {"type": "Feature", "geometry": {"type": "LineString", "coordinates": [[10.498366666666668, 57.851816666666664], [10.278016666666668, 57.84635], [10.066183333333333, 57.841], [9.855833333333333, 57.838], [9.652716666666667, 57.82985], [9.471933333333334, 57.80108333333333], [9.278916666666667, 57.771166666666666], [9.10375, 57.7282], [8.92855, 57.685266666666664], [8.759883333333333, 57.6452], [8.601799999999999, 57.59755], [8.455666666666666, 57.54423333333333], [8.319483333333332, 57.483399999999996], [8.19435, 57.417633333333335], [8.069383333333333, 57.34605], [7.9352833333333335, 57.275983333333336], [7.804733333333333, 57.20686666666666], [7.676933333333333, 57.132333333333335], [7.555133333333333, 57.050916666666666], [7.420466666666667, 56.89951666666666], [2.8854166666666665, 52.45843333333333], [2.5640833333333335, 51.99248333333333], [2.3821333333333334, 51.73736666666667], [2.276116666666667, 51.66381666666667], [2.1612500000000003, 51.59748333333334], [2.0437833333333333, 51.530833333333334], [1.9347833333333333, 51.457033333333335], [1.85935, 51.37381666666667], [1.79275, 51.2769]]}, "properties": {"label": "PALERMO", "mmsi": "538008065", "imo": "9414292", "name": "PALERMO", "shiptype": "", "first_seen_utc": "2026-01-10T10:17:32Z", "last_seen_utc": "2026-01-17T03:35:57Z", "destination": "MA PTM", "eta": "{'Day': 22, 'Hour': 5, 'Minute': 0, 'Month': 1}", "display": "", "links": "<a href=\"https://www.vesselfinder.com/vessels?name=9414292\" target=\"_blank\" rel=\"noopener\">VesselFinder</a> | <a href=\"https://www.marinetraffic.com/en/ais/search/all?keyword=9414292\" target=\"_blank\" rel=\"noopener\">MarineTraffic</a>", "vf_url": "https://www.vesselfinder.com/vessels?name=9414292", "mst_url": "https://www.marinetraffic.com/en/ais/search/all?keyword=9414292", "method": "v3_2pass_track3d_fromru10d", "ru_seen_in_lookback": true, "in_monitor_on_day": true}}, {"type": "Feature", "geometry": {"type": "Point", "coordinates": [1.79275, 51.2769]}, "properties": {"label": "PALERMO", "mmsi": "538008065", "imo": "9414292", "name": "PALERMO", "shiptype": "", "first_seen_utc": "2026-01-10T10:17:32Z", "last_seen_utc": "2026-01-17T03:35:57Z", "destination": "MA PTM", "eta": "{'Day': 22, 'Hour': 5, 'Minute': 0, 'Month': 1}", "display": "PALERMO (538008065)", "links": "<a href=\"https://www.vesselfinder.com/vessels?name=9414292\" target=\"_blank\" rel=\"noopener\">VesselFinder</a> | <a href=\"https://www.marinetraffic.com/en/ais/search/all?keyword=9414292\" target=\"_blank\" rel=\"noopener\">MarineTraffic</a>", "vf_url": "https://www.vesselfinder.com/vessels?name=9414292", "mst_url": "https://www.marinetraffic.com/en/ais/search/all?keyword=9414292", "method": "v3_2pass_track3d_fromru10d", "ru_seen_in_lookback": true, "in_monitor_on_day": true}}, {"type": "Feature", "geometry": {"type": "LineString", "coordinates": [[15.63975, 55.6727], [15.300383333333334, 55.6256], [15.16665, 55.592099999999995], [14.97185, 55.54536666666667], [14.732466666666665, 55.481183333333334], [14.587216666666666, 55.433416666666666], [14.4847, 55.3625], [14.222366666666666, 55.17393333333334], [12.285733333333333, 54.606433333333335], [12.23075, 54.533750000000005], [12.175366666666667, 54.44868333333333], [12.0259, 54.439566666666664], [11.873099999999999, 54.4389], [11.726566666666667, 54.446466666666666], [11.59015, 54.48595], [11.444083333333333, 54.52701666666667], [11.299299999999999, 54.566383333333334], [11.150583333333334, 54.60066666666667], [10.99785, 54.60695], [10.85895, 54.65035], [10.775, 54.71526666666667]]}, "properties": {"label": "LUCKY GLORY 3", "mmsi": "352005350", "imo": "9464508", "name": "LUCKY GLORY 3", "shiptype": "", "first_seen_utc": "2026-01-11T02:58:31Z", "last_seen_utc": "2026-01-17T03:56:09Z", "destination": "GEDSER", "eta": "{'Day': 16, 'Hour': 23, 'Minute': 0, 'Month': 1}", "display": "", "links": "<a href=\"https://www.vesselfinder.com/vessels?name=9464508\" target=\"_blank\" rel=\"noopener\">VesselFinder</a> | <a href=\"https://www.marinetraffic.com/en/ais/search/all?keyword=9464508\" target=\"_blank\" rel=\"noopener\">MarineTraffic</a>", "vf_url": "https://www.vesselfinder.com/vessels?name=9464508", "mst_url": "https://www.marinetraffic.com/en/ais/search/all?keyword=9464508", "method": "v3_2pass_track3d_fromru10d", "ru_seen_in_lookback": true, "in_monitor_on_day": true}}, {"type": "Feature", "geometry": {"type": "Point", "coordinates": [10.775, 54.71526666666667]}, "properties": {"label": "LUCKY GLORY 3", "mmsi": "352005350", "imo": "9464508", "name": "LUCKY GLORY 3", "shiptype": "", "first_seen_utc": "2026-01-11T02:58:31Z", "last_seen_utc": "2026-01-17T03:56:09Z", "destination": "GEDSER", "eta": "{'Day': 16, 'Hour': 23, 'Minute': 0, 'Month': 1}", "display": "LUCKY GLORY 3 (352005350)", "links": "<a href=\"https://www.vesselfinder.com/vessels?name=9464508\" target=\"_blank\" rel=\"noopener\">VesselFinder</a> | <a href=\"https://www.marinetraffic.com/en/ais/search/all?keyword=9464508\" target=\"_blank\" rel=\"noopener\">MarineTraffic</a>", "vf_url": "https://www.vesselfinder.com/vessels?name=9464508", "mst_url": "https://www.marinetraffic.com/en/ais/search/all?keyword=9464508", "method": "v3_2pass_track3d_fromru10d", "ru_seen_in_lookback": true, "in_monitor_on_day": true}}, {"type": "Feature", "geometry": {"type": "LineString", "coordinates": [[7.984263333333333, 54.029070000000004], [7.731881666666666, 54.03666333333333], [7.584895, 54.01607333333333], [7.439346666666666, 53.99327], [7.29415, 53.96935333333333], [7.154463333333334, 53.949], [7.019855000000001, 53.93031333333333], [6.88944, 53.91180666666666], [6.760805, 53.89493], [6.639131666666667, 53.87809333333333], [6.51657, 53.86111666666667], [6.390726666666667, 53.844636666666666], [6.25642, 53.82339], [5.361818333333333, 53.694269999999996], [5.173019999999999, 53.61932], [5.019521666666666, 53.57334], [4.860166666666667, 53.53239666666666], [4.7001816666666665, 53.49149666666666], [4.557148333333333, 53.393433333333334], [4.490998333333334, 53.30622666666667], [4.440650000000001, 53.22715], [4.3647, 53.15327], [4.24497, 53.097836666666666], [4.127036666666666, 53.03821666666667], [3.8740266666666665, 52.58996666666667], [3.84004, 52.47875], [3.7835733333333335, 52.28338333333333], [3.766786666666667, 52.197516666666665], [3.7642583333333333, 52.11024666666666], [3.784945, 52.01332333333333], [3.9517716666666667, 52.00025333333333], [4.125256666666667, 51.97205333333333], [4.261726666666666, 51.90663333333334], [4.4008, 51.89157], [4.4164650000000005, 51.87933666666667], [4.416503333333334, 51.87941], [4.41652, 51.87942666666667], [4.416473333333333, 51.87937], [4.416463333333334, 51.87948333333333], [4.416498333333333, 51.87933666666667], [4.41646, 51.87943666666667], [4.4164449999999995, 51.87947666666666], [4.416433333333333, 51.87946], [4.416546666666666, 51.87942666666667], [4.4164666666666665, 51.879443333333334], [4.416485, 51.879403333333336], [4.416486666666667, 51.879403333333336], [4.416475, 51.87946], [4.41649, 51.87943666666667], [4.416531666666667, 51.87938666666666], [4.416506666666667, 51.87942666666667], [4.416453333333333, 51.87941], [4.41649, 51.87939333333334], [4.416399999999999, 51.879403333333336], [4.416433333333333, 51.87941], [4.416531666666667, 51.87943666666667], [4.416391666666667, 51.87936333333334], [4.416475, 51.87943666666667], [4.416433333333333, 51.87939333333334], [4.41651, 51.879419999999996], [4.416533333333334, 51.87937], [4.416526666666667, 51.87941], [4.416513333333333, 51.879419999999996], [4.4165833333333335, 51.87939333333334], [4.415286666666666, 51.879670000000004]]}, "properties": {"label": "BALTIC SHARK", "mmsi": "304932000", "imo": "9315032", "name": "BALTIC SHARK", "shiptype": "", "first_seen_utc": "2026-01-11T09:24:25Z", "last_seen_utc": "2026-01-17T03:30:34Z", "destination": "NLRTM VIA NOK", "eta": "{'Day': 16, 'Hour': 9, 'Minute': 0, 'Month': 1}", "display": "", "links": "<a href=\"https://www.vesselfinder.com/vessels?name=9315032\" target=\"_blank\" rel=\"noopener\">VesselFinder</a> | <a href=\"https://www.marinetraffic.com/en/ais/search/all?keyword=9315032\" target=\"_blank\" rel=\"noopener\">MarineTraffic</a>", "vf_url": "https://www.vesselfinder.com/vessels?name=9315032", "mst_url": "https://www.marinetraffic.com/en/ais/search/all?keyword=9315032", "method": "v3_2pass_track3d_fromru10d", "ru_seen_in_lookback": true, "in_monitor_on_day": true}}, {"type": "Feature", "geometry": {"type": "Point", "coordinates": [4.415286666666666, 51.879670000000004]}, "properties": {"label": "BALTIC SHARK", "mmsi": "304932000", "imo": "9315032", "name": "BALTIC SHARK", "shiptype": "", "first_seen_utc": "2026-01-11T09:24:25Z", "last_seen_utc": "2026-01-17T03:30:34Z", "destination": "NLRTM VIA NOK", "eta": "{'Day': 16, 'Hour': 9, 'Minute': 0, 'Month': 1}", "display": "BALTIC SHARK (304932000)", "links": "<a href=\"https://www.vesselfinder.com/vessels?name=9315032\" target=\"_blank\" rel=\"noopener\">VesselFinder</a> | <a href=\"https://www.marinetraffic.com/en/ais/search/all?keyword=9315032\" target=\"_blank\" rel=\"noopener\">MarineTraffic</a>", "vf_url": "https://www.vesselfinder.com/vessels?name=9315032", "mst_url": "https://www.marinetraffic.com/en/ais/search/all?keyword=9315032", "method": "v3_2pass_track3d_fromru10d", "ru_seen_in_lookback": true, "in_monitor_on_day": true}}, {"type": "Feature", "geometry": {"type": "LineString", "coordinates": [[18.689428333333336, 54.46614666666667], [18.689368333333334, 54.46626833333333], [18.689391666666666, 54.46626333333334], [18.689553333333333, 54.465955], [18.689371666666666, 54.46622], [18.688879999999997, 54.46665333333333], [18.689126666666667, 54.466528333333336], [18.689298333333333, 54.46635666666667], [18.68948333333333, 54.466211666666666], [18.6894, 54.46624], [18.68949, 54.466225], [18.688971666666664, 54.4666], [18.688605, 54.46677666666667], [18.689290000000003, 54.46640333333333], [18.68908, 54.466586666666664], [18.68903, 54.466564999999996], [18.689193333333332, 54.466435000000004], [18.68862, 54.466728333333336], [18.688721666666666, 54.46671166666667], [18.688955, 54.466541666666664], [18.68800333333333, 54.466915], [18.687265, 54.46695166666667], [18.686905000000003, 54.46695666666667], [18.687585000000002, 54.466993333333335], [18.687583333333336, 54.46699666666667], [18.688253333333332, 54.46694166666667], [18.687718333333333, 54.46698333333333], [18.687463333333334, 54.46701666666667], [18.687025000000002, 54.467014999999996], [18.686303333333335, 54.46692666666667], [18.686291666666666, 54.46694333333333], [18.68639166666667, 54.466973333333335], [18.68702, 54.467054999999995], [18.68687333333333, 54.467045], [18.686856666666664, 54.46702833333333], [18.686923333333333, 54.467036666666665], [18.686521666666668, 54.466995], [18.685873333333333, 54.466876666666664], [18.685995, 54.466930000000005], [18.68616666666667, 54.466945], [18.686374999999998, 54.46699833333333], [18.68616666666667, 54.46696333333333], [18.68611333333333, 54.46696], [18.686036666666666, 54.46694166666667], [18.686021666666665, 54.46695333333333], [18.685883333333333, 54.466901666666665], [18.685946666666666, 54.46693333333334], [18.685881666666667, 54.466908333333336], [18.685785, 54.46687166666666], [18.685475, 54.46675166666667], [18.685646666666667, 54.46680833333333], [18.68575666666667, 54.466874999999995], [18.685808333333334, 54.466879999999996], [18.685961666666667, 54.466946666666665], [18.686123333333335, 54.466975000000005], [18.685996666666664, 54.466903333333335], [18.686091666666666, 54.46698666666667], [18.68579833333333, 54.46688666666667], [18.686001666666666, 54.46694], [18.685765, 54.466863333333336], [18.685928333333333, 54.466955], [18.685853333333334, 54.46691833333333], [18.685846666666666, 54.46691666666666], [18.686071666666667, 54.466955], [18.686015, 54.466919999999995], [18.686548333333334, 54.467045], [18.686393333333335, 54.46702666666667], [18.686230000000002, 54.46699833333333], [18.686359999999997, 54.46700666666666], [18.686343333333333, 54.467005], [18.686146666666666, 54.466993333333335], [18.686231666666668, 54.46698], [18.686230000000002, 54.46700666666666], [18.686581666666665, 54.467054999999995], [18.686093333333336, 54.46695666666667], [18.685859999999998, 54.466923333333334], [18.685906666666664, 54.466946666666665], [18.686668333333333, 54.467085], [18.686506666666666, 54.46705166666666], [18.686638333333335, 54.46706], [18.686298333333333, 54.467005], [18.686711666666667, 54.46707833333333], [18.686835, 54.46707333333333], [18.686755, 54.467065000000005], [18.686353333333333, 54.46702666666667], [18.686316666666666, 54.467009999999995], [18.686833333333333, 54.46709166666667], [18.686983333333334, 54.467101666666665], [18.686811666666664, 54.467065000000005], [18.686711666666667, 54.46705166666666], [18.686566666666668, 54.46705166666666], [18.686429999999998, 54.46704333333333], [18.686361666666667, 54.467018333333336], [18.686348333333335, 54.46700833333333], [18.686271666666666, 54.466993333333335], [18.685928333333333, 54.466928333333335], [18.686191666666666, 54.46698], [18.686183333333336, 54.466991666666665], [18.68625666666667, 54.467005]]}, "properties": {"label": "FRIO STAR", "mmsi": "354962000", "imo": "9172947", "name": "FRIO STAR", "shiptype": "", "first_seen_utc": "2026-01-11T13:32:31Z", "last_seen_utc": "2026-01-17T03:48:17Z", "destination": "PLGDN", "eta": "{'Day': 11, 'Hour': 16, 'Minute': 0, 'Month': 0}", "display": "", "links": "<a href=\"https://www.vesselfinder.com/vessels?name=9172947\" target=\"_blank\" rel=\"noopener\">VesselFinder</a> | <a href=\"https://www.marinetraffic.com/en/ais/search/all?keyword=9172947\" target=\"_blank\" rel=\"noopener\">MarineTraffic</a>", "vf_url": "https://www.vesselfinder.com/vessels?name=9172947", "mst_url": "https://www.marinetraffic.com/en/ais/search/all?keyword=9172947", "method": "v3_2pass_track3d_fromru10d", "ru_seen_in_lookback": true, "in_monitor_on_day": true}}, {"type": "Feature", "geometry": {"type": "Point", "coordinates": [18.68625666666667, 54.467005]}, "properties": {"label": "FRIO STAR", "mmsi": "354962000", "imo": "9172947", "name": "FRIO STAR", "shiptype": "", "first_seen_utc": "2026-01-11T13:32:31Z", "last_seen_utc": "2026-01-17T03:48:17Z", "destination": "PLGDN", "eta": "{'Day': 11, 'Hour': 16, 'Minute': 0, 'Month': 0}", "display": "FRIO STAR (354962000)", "links": "<a href=\"https://www.vesselfinder.com/vessels?name=9172947\" target=\"_blank\" rel=\"noopener\">VesselFinder</a> | <a href=\"https://www.marinetraffic.com/en/ais/search/all?keyword=9172947\" target=\"_blank\" rel=\"noopener\">MarineTraffic</a>", "vf_url": "https://www.vesselfinder.com/vessels?name=9172947", "mst_url": "https://www.marinetraffic.com/en/ais/search/all?keyword=9172947", "method": "v3_2pass_track3d_fromru10d", "ru_seen_in_lookback": true, "in_monitor_on_day": true}}, {"type": "Feature", "geometry": {"type": "LineString", "coordinates": [[14.585558333333333, 53.43537833333333], [14.585533333333332, 53.43537], [14.585543333333334, 53.435363333333335], [14.585533333333332, 53.435356666666664], [14.585550000000001, 53.435359999999996], [14.585555, 53.43539166666667], [14.585538333333334, 53.435399999999994], [14.585565, 53.43538], [14.585556666666667, 53.435375], [14.585565, 53.435388333333336], [14.585563333333333, 53.435388333333336], [14.585518333333333, 53.435363333333335], [14.585553333333333, 53.435383333333334], [14.585518333333333, 53.43534833333333], [14.58553, 53.43537], [14.585543333333334, 53.435375], [14.585508333333333, 53.43539833333333], [14.585528333333334, 53.43537666666667], [14.585516666666667, 53.435385], [14.5855, 53.435410000000005], [14.585523333333333, 53.43539], [14.585533333333332, 53.435375], [14.585546666666666, 53.43535833333333], [14.585528333333334, 53.435388333333336], [14.585558333333333, 53.435410000000005], [14.585551666666667, 53.435375], [14.585526666666668, 53.435363333333335], [14.585546666666666, 53.43536666666667], [14.585575, 53.435359999999996], [14.585561666666667, 53.43537333333334], [14.585546666666666, 53.43537], [14.585565, 53.435359999999996], [14.585533333333332, 53.43539166666667], [14.585548333333332, 53.43538], [14.585521666666667, 53.43537166666667], [14.585536666666666, 53.43539666666666], [14.585513333333333, 53.435338333333334], [14.587406666666668, 53.43706666666667], [14.62017, 53.490815], [14.59609, 53.57449], [14.563681666666668, 53.640636666666666], [13.010646666666666, 55.21142], [12.898431666666665, 55.26034], [12.793173333333334, 55.28651166666667], [12.698593333333333, 55.321395], [12.698376666666666, 55.39048666666667], [12.708049999999998, 55.46206333333334], [12.719651666666666, 55.53284166666666], [12.698646666666667, 55.60460166666667], [12.689466666666668, 55.68156], [12.701328333333333, 55.75736166666666], [12.738574999999999, 55.82622833333333], [12.745733333333334, 55.898646666666664], [12.709185, 55.967335000000006], [12.667201666666667, 56.03799], [12.581196666666667, 56.095758333333336], [12.485326666666667, 56.14767], [12.379888333333334, 56.19086], [10.962213333333333, 55.92778833333333], [10.886546666666668, 55.880595]]}, "properties": {"label": "MAXIMAR", "mmsi": "210674000", "imo": "9951862", "name": "MAXIMAR", "shiptype": "", "first_seen_utc": "2026-01-12T00:12:21Z", "last_seen_utc": "2026-01-17T03:28:10Z", "destination": "DK VEJ", "eta": "{'Day': 17, 'Hour': 8, 'Minute': 0, 'Month': 1}", "display": "", "links": "<a href=\"https://www.vesselfinder.com/vessels?name=9951862\" target=\"_blank\" rel=\"noopener\">VesselFinder</a> | <a href=\"https://www.marinetraffic.com/en/ais/search/all?keyword=9951862\" target=\"_blank\" rel=\"noopener\">MarineTraffic</a>", "vf_url": "https://www.vesselfinder.com/vessels?name=9951862", "mst_url": "https://www.marinetraffic.com/en/ais/search/all?keyword=9951862", "method": "v3_2pass_track3d_fromru10d", "ru_seen_in_lookback": true, "in_monitor_on_day": true}}, {"type": "Feature", "geometry": {"type": "Point", "coordinates": [10.886546666666668, 55.880595]}, "properties": {"label": "MAXIMAR", "mmsi": "210674000", "imo": "9951862", "name": "MAXIMAR", "shiptype": "", "first_seen_utc": "2026-01-12T00:12:21Z", "last_seen_utc": "2026-01-17T03:28:10Z", "destination": "DK VEJ", "eta": "{'Day': 17, 'Hour': 8, 'Minute': 0, 'Month': 1}", "display": "MAXIMAR (210674000)", "links": "<a href=\"https://www.vesselfinder.com/vessels?name=9951862\" target=\"_blank\" rel=\"noopener\">VesselFinder</a> | <a href=\"https://www.marinetraffic.com/en/ais/search/all?keyword=9951862\" target=\"_blank\" rel=\"noopener\">MarineTraffic</a>", "vf_url": "https://www.vesselfinder.com/vessels?name=9951862", "mst_url": "https://www.marinetraffic.com/en/ais/search/all?keyword=9951862", "method": "v3_2pass_track3d_fromru10d", "ru_seen_in_lookback": true, "in_monitor_on_day": true}}, {"type": "Feature", "geometry": {"type": "LineString", "coordinates": [[4.024365, 61.99966833333334], [4.02652, 61.90488833333333], [4.032301666666666, 61.81004], [4.03861, 61.71291833333333], [4.030233333333333, 61.61788833333333], [4.033591666666667, 61.523003333333335], [4.0312383333333335, 61.431556666666665], [4.0110399999999995, 61.337925000000006], [4.02046, 61.24402833333333], [4.027011666666667, 61.15821833333334], [4.028186666666667, 61.06491666666667], [4.037071666666667, 60.968828333333335], [4.032725, 60.87413333333333], [4.030153333333334, 60.77946], [4.031698333333334, 60.68442833333334], [4.026095, 60.58982666666667], [4.033518333333333, 60.49467833333333], [4.032313333333333, 60.413336666666666], [4.024156666666666, 60.32821833333333], [4.022428333333333, 60.24140666666666], [4.025343333333334, 60.15255833333333], [4.028513333333334, 60.06530166666666]]}, "properties": {"label": "POLLUX", "mmsi": "636019890", "imo": "9379648", "name": "POLLUX", "shiptype": "", "first_seen_utc": "2026-01-12T04:55:39Z", "last_seen_utc": "2026-01-17T03:28:15Z", "destination": "CISPY", "eta": "{'Day': 2, 'Hour': 12, 'Minute': 0, 'Month': 2}", "display": "", "links": "<a href=\"https://www.vesselfinder.com/vessels?name=9379648\" target=\"_blank\" rel=\"noopener\">VesselFinder</a> | <a href=\"https://www.marinetraffic.com/en/ais/search/all?keyword=9379648\" target=\"_blank\" rel=\"noopener\">MarineTraffic</a>", "vf_url": "https://www.vesselfinder.com/vessels?name=9379648", "mst_url": "https://www.marinetraffic.com/en/ais/search/all?keyword=9379648", "method": "v3_2pass_track3d_fromru10d", "ru_seen_in_lookback": true, "in_monitor_on_day": true}}, {"type": "Feature", "geometry": {"type": "Point", "coordinates": [4.028513333333334, 60.06530166666666]}, "properties": {"label": "POLLUX", "mmsi": "636019890", "imo": "9379648", "name": "POLLUX", "shiptype": "", "first_seen_utc": "2026-01-12T04:55:39Z", "last_seen_utc": "2026-01-17T03:28:15Z", "destination": "CISPY", "eta": "{'Day': 2, 'Hour': 12, 'Minute': 0, 'Month': 2}", "display": "POLLUX (636019890)", "links": "<a href=\"https://www.vesselfinder.com/vessels?name=9379648\" target=\"_blank\" rel=\"noopener\">VesselFinder</a> | <a href=\"https://www.marinetraffic.com/en/ais/search/all?keyword=9379648\" target=\"_blank\" rel=\"noopener\">MarineTraffic</a>", "vf_url": "https://www.vesselfinder.com/vessels?name=9379648", "mst_url": "https://www.marinetraffic.com/en/ais/search/all?keyword=9379648", "method": "v3_2pass_track3d_fromru10d", "ru_seen_in_lookback": true, "in_monitor_on_day": true}}, {"type": "Feature", "geometry": {"type": "LineString", "coordinates": [[18.437841666666667, 55.051426666666664], [18.52168, 54.95146333333333], [18.5064, 54.87607166666667], [18.497628333333335, 54.82938166666667], [18.620465000000003, 54.78480833333333], [18.754993333333335, 54.722995], [18.861848333333334, 54.660864999999994], [18.867768333333334, 54.65414333333333], [18.877611666666667, 54.625009999999996], [18.86895666666667, 54.621096666666666], [18.87147333333333, 54.612093333333334], [18.893379999999997, 54.57347], [18.928766666666668, 54.56585166666667], [18.902021666666666, 54.58374166666667], [18.792785, 54.591555], [18.793613333333333, 54.59438166666666], [18.88538833333333, 54.567525], [18.96146, 54.64275666666666], [19.027585, 54.722123333333336], [19.00729, 54.78879666666667], [18.89378333333333, 54.844883333333335], [18.7801, 54.896209999999996], [18.642205, 54.939845], [18.491225, 54.96989166666666], [18.410565000000002, 54.83128833333333], [18.419928333333335, 54.82159333333333], [18.400618333333334, 54.83828833333334], [19.229881666666664, 54.82000666666667], [19.269546666666667, 54.753355000000006], [19.297248333333336, 54.68589], [19.513316666666665, 54.44563], [19.476473333333335, 54.4927]]}, "properties": {"label": "SG-301 G. J. HALLER", "mmsi": "261355001", "imo": "4765567", "name": "SG-301 G. J. HALLER", "shiptype": "", "first_seen_utc": "2026-01-12T13:08:29Z", "last_seen_utc": "2026-01-17T03:26:58Z", "destination": "BALTIC SEA", "eta": "{'Day': 0, 'Hour': 24, 'Minute': 60, 'Month': 0}", "display": "", "links": "<a href=\"https://www.vesselfinder.com/vessels?name=4765567\" target=\"_blank\" rel=\"noopener\">VesselFinder</a> | <a href=\"https://www.marinetraffic.com/en/ais/search/all?keyword=4765567\" target=\"_blank\" rel=\"noopener\">MarineTraffic</a>", "vf_url": "https://www.vesselfinder.com/vessels?name=4765567", "mst_url": "https://www.marinetraffic.com/en/ais/search/all?keyword=4765567", "method": "v3_2pass_track3d_fromru10d", "ru_seen_in_lookback": true, "in_monitor_on_day": true}}, {"type": "Feature", "geometry": {"type": "Point", "coordinates": [19.476473333333335, 54.4927]}, "properties": {"label": "SG-301 G. J. HALLER", "mmsi": "261355001", "imo": "4765567", "name": "SG-301 G. J. HALLER", "shiptype": "", "first_seen_utc": "2026-01-12T13:08:29Z", "last_seen_utc": "2026-01-17T03:26:58Z", "destination": "BALTIC SEA", "eta": "{'Day': 0, 'Hour': 24, 'Minute': 60, 'Month': 0}", "display": "SG-301 G. J. HALLER (261355001)", "links": "<a href=\"https://www.vesselfinder.com/vessels?name=4765567\" target=\"_blank\" rel=\"noopener\">VesselFinder</a> | <a href=\"https://www.marinetraffic.com/en/ais/search/all?keyword=4765567\" target=\"_blank\" rel=\"noopener\">MarineTraffic</a>", "vf_url": "https://www.vesselfinder.com/vessels?name=4765567", "mst_url": "https://www.marinetraffic.com/en/ais/search/all?keyword=4765567", "method": "v3_2pass_track3d_fromru10d", "ru_seen_in_lookback": true, "in_monitor_on_day": true}}, {"type": "Feature", "geometry": {"type": "LineString", "coordinates": [[0.18333333333333332, 57.191406666666666], [11.034266666666667, 55.98952666666666], [10.942896666666666, 55.916896666666666], [10.845833333333333, 55.853539999999995], [10.805013333333333, 55.78342333333333], [10.785151666666668, 55.70752], [10.780541666666666, 55.62908], [11.030611666666665, 55.35054], [11.079475, 55.2549], [11.059785, 55.176579999999994], [11.038466666666666, 55.09541], [11.021376666666667, 55.01508], [10.9432, 54.94918], [10.879366666666666, 54.87969], [10.858365, 54.798700000000004], [10.859928333333333, 54.71244333333333], [10.967346666666666, 54.65623666666667], [11.097785, 54.60733333333334], [11.243688333333333, 54.56339], [11.386866666666666, 54.52263333333334], [11.537955, 54.47923333333333], [11.696401666666667, 54.43825666666667], [11.856155, 54.41124666666666], [12.031225000000001, 54.406616666666665], [12.234155, 54.44976666666666], [18.259143333333334, 54.93586666666667], [18.407288333333334, 54.94327], [18.550328333333333, 54.94372], [18.685773333333334, 54.92666], [18.831165, 54.90305333333333], [18.974816666666666, 54.88337666666666], [19.11695, 54.85751333333334], [19.262348333333332, 54.83091666666667], [19.401443333333336, 54.798966666666665], [19.552680000000002, 54.75517], [19.647646666666667, 54.721340000000005], [19.978213333333333, 54.75804333333333], [19.776358333333334, 54.658213333333336]]}, "properties": {"label": "VIRA1", "mmsi": "620999953", "imo": "9088524", "name": "VIRA1", "shiptype": "", "first_seen_utc": "2026-01-12T15:11:25Z", "last_seen_utc": "2026-01-17T03:49:30Z", "destination": "RU BLT", "eta": "{'Day': 17, 'Hour': 4, 'Minute': 0, 'Month': 1}", "display": "", "links": "<a href=\"https://www.vesselfinder.com/vessels?name=9088524\" target=\"_blank\" rel=\"noopener\">VesselFinder</a> | <a href=\"https://www.marinetraffic.com/en/ais/search/all?keyword=9088524\" target=\"_blank\" rel=\"noopener\">MarineTraffic</a>", "vf_url": "https://www.vesselfinder.com/vessels?name=9088524", "mst_url": "https://www.marinetraffic.com/en/ais/search/all?keyword=9088524", "method": "v3_2pass_track3d_fromru10d", "ru_seen_in_lookback": true, "in_monitor_on_day": true}}, {"type": "Feature", "geometry": {"type": "Point", "coordinates": [19.776358333333334, 54.658213333333336]}, "properties": {"label": "VIRA1", "mmsi": "620999953", "imo": "9088524", "name": "VIRA1", "shiptype": "", "first_seen_utc": "2026-01-12T15:11:25Z", "last_seen_utc": "2026-01-17T03:49:30Z", "destination": "RU BLT", "eta": "{'Day': 17, 'Hour': 4, 'Minute': 0, 'Month': 1}", "display": "VIRA1 (620999953)", "links": "<a href=\"https://www.vesselfinder.com/vessels?name=9088524\" target=\"_blank\" rel=\"noopener\">VesselFinder</a> | <a href=\"https://www.marinetraffic.com/en/ais/search/all?keyword=9088524\" target=\"_blank\" rel=\"noopener\">MarineTraffic</a>", "vf_url": "https://www.vesselfinder.com/vessels?name=9088524", "mst_url": "https://www.marinetraffic.com/en/ais/search/all?keyword=9088524", "method": "v3_2pass_track3d_fromru10d", "ru_seen_in_lookback": true, "in_monitor_on_day": true}}, {"type": "Feature", "geometry": {"type": "LineString", "coordinates": [[8.588661666666667, 53.966225], [8.411793333333334, 53.98811666666666], [8.165308333333334, 53.774528333333336], [8.240878333333333, 53.7314], [8.340214999999999, 53.69157166666666], [8.42168, 53.64189666666667], [8.512166666666667, 53.593725], [8.562826666666666, 53.526984999999996], [8.491576666666667, 53.46336833333333], [8.49741, 53.377923333333335], [8.488949999999999, 53.33177333333333], [8.488811666666667, 53.33184333333334], [8.488809999999999, 53.33183666666666], [8.488793333333334, 53.331826666666664], [8.488796666666667, 53.33179833333334], [8.488808333333333, 53.33184333333334], [8.488813333333333, 53.33184833333333], [8.488825, 53.331871666666665], [8.488781666666666, 53.331825], [8.488786666666666, 53.331808333333335], [8.48878, 53.33183666666666], [8.48878, 53.33184666666667], [8.488795, 53.33183833333333], [8.48878, 53.331826666666664], [8.488801666666667, 53.33185], [8.488785, 53.331845], [8.488791666666666, 53.33184166666667], [8.488786666666666, 53.33183333333333], [8.488795, 53.33183666666666], [8.48879, 53.33184833333333], [8.488783333333334, 53.33182], [8.488783333333334, 53.331845], [8.488793333333334, 53.33184833333333], [8.4888, 53.331855000000004], [8.488801666666667, 53.33183333333333], [8.488818333333333, 53.331855000000004], [8.488805000000001, 53.33183666666666], [8.488793333333334, 53.33184000000001], [8.488776666666666, 53.33184166666667], [8.488778333333334, 53.331845], [8.488796666666667, 53.331828333333334], [8.488773333333333, 53.33184666666667], [8.488805000000001, 53.331853333333335], [8.488795, 53.331853333333335], [8.488795, 53.33184333333334], [8.488785, 53.33183333333333], [8.488801666666667, 53.331853333333335], [8.497488333333333, 53.39351166666667], [8.509758333333334, 53.498345], [8.530863333333334, 53.58049333333334], [8.403338333333334, 53.653225], [8.274753333333333, 53.725185], [9.023866666666667, 53.85657166666667], [9.110018333333333, 53.88531], [9.145128333333334, 53.89409333333333], [9.145473333333333, 53.894286666666666], [9.256638333333333, 53.96582333333333], [9.317636666666667, 54.077056666666664], [9.334331666666666, 54.1331], [9.415750000000001, 54.16443], [9.506418333333333, 54.18703333333334], [9.589004999999998, 54.21631333333333], [9.628295000000001, 54.26901]]}, "properties": {"label": "ROSEBURG", "mmsi": "305184000", "imo": "8817370", "name": "ROSEBURG", "shiptype": "", "first_seen_utc": "2026-01-12T21:59:13Z", "last_seen_utc": "2026-01-17T03:27:48Z", "destination": "ELLEHOLM", "eta": "{'Day': 18, 'Hour': 17, 'Minute': 0, 'Month': 1}", "display": "", "links": "<a href=\"https://www.vesselfinder.com/vessels?name=8817370\" target=\"_blank\" rel=\"noopener\">VesselFinder</a> | <a href=\"https://www.marinetraffic.com/en/ais/search/all?keyword=8817370\" target=\"_blank\" rel=\"noopener\">MarineTraffic</a>", "vf_url": "https://www.vesselfinder.com/vessels?name=8817370", "mst_url": "https://www.marinetraffic.com/en/ais/search/all?keyword=8817370", "method": "v3_2pass_track3d_fromru10d", "ru_seen_in_lookback": true, "in_monitor_on_day": true}}, {"type": "Feature", "geometry": {"type": "Point", "coordinates": [9.628295000000001, 54.26901]}, "properties": {"label": "ROSEBURG", "mmsi": "305184000", "imo": "8817370", "name": "ROSEBURG", "shiptype": "", "first_seen_utc": "2026-01-12T21:59:13Z", "last_seen_utc": "2026-01-17T03:27:48Z", "destination": "ELLEHOLM", "eta": "{'Day': 18, 'Hour': 17, 'Minute': 0, 'Month': 1}", "display": "ROSEBURG (305184000)", "links": "<a href=\"https://www.vesselfinder.com/vessels?name=8817370\" target=\"_blank\" rel=\"noopener\">VesselFinder</a> | <a href=\"https://www.marinetraffic.com/en/ais/search/all?keyword=8817370\" target=\"_blank\" rel=\"noopener\">MarineTraffic</a>", "vf_url": "https://www.vesselfinder.com/vessels?name=8817370", "mst_url": "https://www.marinetraffic.com/en/ais/search/all?keyword=8817370", "method": "v3_2pass_track3d_fromru10d", "ru_seen_in_lookback": true, "in_monitor_on_day": true}}, {"type": "Feature", "geometry": {"type": "LineString", "coordinates": [[14.573071666666667, 53.633515], [14.633585, 53.51540166666667], [14.595535, 53.447615000000006], [14.604563333333335, 53.406576666666666], [14.604001666666667, 53.40625], [14.604003333333333, 53.406256666666664], [14.603993333333333, 53.40623666666667], [14.603978333333334, 53.406241666666666], [14.603996666666665, 53.406238333333334], [14.603975, 53.40622666666666], [14.604006666666667, 53.40623166666667], [14.603966666666668, 53.406243333333336], [14.603996666666665, 53.40625], [14.603990000000001, 53.406245], [14.603996666666665, 53.406240000000004], [14.603978333333334, 53.406238333333334], [14.603971666666666, 53.406245], [14.603988333333332, 53.40626333333333], [14.604001666666667, 53.406243333333336], [14.603988333333332, 53.406256666666664], [14.603995, 53.406259999999996], [14.60397, 53.40626666666667], [14.603996666666665, 53.40627166666666], [14.603990000000001, 53.4063], [14.603988333333332, 53.406259999999996], [14.603993333333333, 53.40628166666667], [14.603990000000001, 53.40625333333333], [14.604005, 53.40624833333333], [14.603996666666665, 53.406205], [14.603986666666666, 53.40622833333334], [14.603981666666666, 53.40623], [14.603986666666666, 53.406243333333336], [14.604000000000001, 53.40623333333333], [14.603961666666667, 53.40626666666667], [14.60397, 53.40625166666667], [14.603963333333333, 53.406245], [14.60393, 53.406245], [14.603945000000001, 53.406241666666666], [14.603928333333332, 53.40623333333333], [14.603986666666666, 53.40622333333333], [14.603981666666666, 53.40622333333333], [14.603983333333334, 53.406238333333334], [14.60397, 53.406256666666664], [14.60398, 53.406259999999996], [14.603985, 53.40626333333333], [14.603983333333334, 53.406256666666664], [14.604001666666667, 53.406261666666666], [14.603981666666666, 53.406256666666664], [14.60396, 53.40625], [14.603988333333332, 53.40624833333333], [14.604001666666667, 53.40623], [14.604018333333332, 53.406245], [14.603993333333333, 53.406259999999996], [14.603988333333332, 53.406255], [14.603964999999999, 53.40625], [14.603963333333333, 53.40626333333333], [14.603971666666666, 53.40625]]}, "properties": {"label": "LUCA", "mmsi": "304408000", "imo": "9286712", "name": "LUCA", "shiptype": "", "first_seen_utc": "2026-01-12T23:45:03Z", "last_seen_utc": "2026-01-17T03:47:57Z", "destination": "RUVYG", "eta": "{'Day': 20, 'Hour': 12, 'Minute': 0, 'Month': 1}", "display": "", "links": "<a href=\"https://www.vesselfinder.com/vessels?name=9286712\" target=\"_blank\" rel=\"noopener\">VesselFinder</a> | <a href=\"https://www.marinetraffic.com/en/ais/search/all?keyword=9286712\" target=\"_blank\" rel=\"noopener\">MarineTraffic</a>", "vf_url": "https://www.vesselfinder.com/vessels?name=9286712", "mst_url": "https://www.marinetraffic.com/en/ais/search/all?keyword=9286712", "method": "v3_2pass_track3d_fromru10d", "ru_seen_in_lookback": true, "in_monitor_on_day": true}}, {"type": "Feature", "geometry": {"type": "Point", "coordinates": [14.603971666666666, 53.40625]}, "properties": {"label": "LUCA", "mmsi": "304408000", "imo": "9286712", "name": "LUCA", "shiptype": "", "first_seen_utc": "2026-01-12T23:45:03Z", "last_seen_utc": "2026-01-17T03:47:57Z", "destination": "RUVYG", "eta": "{'Day': 20, 'Hour': 12, 'Minute': 0, 'Month': 1}", "display": "LUCA (304408000)", "links": "<a href=\"https://www.vesselfinder.com/vessels?name=9286712\" target=\"_blank\" rel=\"noopener\">VesselFinder</a> | <a href=\"https://www.marinetraffic.com/en/ais/search/all?keyword=9286712\" target=\"_blank\" rel=\"noopener\">MarineTraffic</a>", "vf_url": "https://www.vesselfinder.com/vessels?name=9286712", "mst_url": "https://www.marinetraffic.com/en/ais/search/all?keyword=9286712", "method": "v3_2pass_track3d_fromru10d", "ru_seen_in_lookback": true, "in_monitor_on_day": true}}, {"type": "Feature", "geometry": {"type": "LineString", "coordinates": [[16.121728333333333, 55.92138166666667], [15.946869999999999, 55.849648333333334], [15.726116666666666, 55.77113], [15.412218333333334, 55.681255], [15.239371666666667, 55.62755166666667], [15.06991, 55.578415], [14.904676666666667, 55.533635], [14.740135, 55.48713166666666], [14.577371666666666, 55.437326666666664], [14.457590000000001, 55.35493666666667], [14.347285, 55.271164999999996], [14.239956666666666, 55.18793333333333], [14.125951666666667, 55.10709666666666], [13.980224999999999, 55.050380000000004], [13.808558333333334, 55.01451], [13.631165000000001, 54.97817666666666], [12.236256666666666, 54.568885], [12.171903333333335, 54.469121666666666], [11.993731666666667, 54.44732166666667], [11.80931, 54.443758333333335], [11.643045, 54.47653833333333], [11.473418333333333, 54.51652], [11.293385, 54.56757], [11.114228333333333, 54.606705000000005], [10.919535, 54.60048666666667], [10.735863333333333, 54.5848], [10.549645, 54.56287], [10.379506666666666, 54.51859666666667], [10.277673333333333, 54.489450000000005], [10.201626666666668, 54.401515], [10.169331666666666, 54.37303166666666], [10.153873333333333, 54.364913333333334], [10.14208, 54.366015], [10.102328333333332, 54.371790000000004], [10.012281666666667, 54.357495], [9.920868333333335, 54.344141666666665], [9.87042, 54.36002166666666], [9.772458333333333, 54.35330833333333], [9.711796666666666, 54.308435], [9.634041666666667, 54.277523333333335], [9.600113333333333, 54.224905], [9.553853333333333, 54.20011833333333], [9.479231666666667, 54.18145666666667], [9.39362, 54.159045], [9.333771666666667, 54.132565], [9.315036666666666, 54.07214], [9.296241666666667, 54.012148333333336], [9.248898333333333, 53.96053166666666], [9.175261666666668, 53.91030666666666], [9.145243333333333, 53.893411666666665], [9.145223333333332, 53.89342], [9.111685, 53.88080166666667], [8.945458333333333, 53.848798333333335], [7.97807, 54.01861333333333], [7.781318333333333, 54.02472], [7.584441666666667, 54.013400000000004], [7.395576666666667, 53.985081666666666], [7.206143333333333, 53.959804999999996], [7.017858333333334, 53.932715], [6.830985, 53.90311]]}, "properties": {"label": "ARNE", "mmsi": "305681000", "imo": "9142564", "name": "ARNE", "shiptype": "", "first_seen_utc": "2026-01-13T08:33:44Z", "last_seen_utc": "2026-01-17T03:46:46Z", "destination": "ESBIO", "eta": "{'Day': 20, 'Hour': 16, 'Minute': 0, 'Month': 1}", "display": "", "links": "<a href=\"https://www.vesselfinder.com/vessels?name=9142564\" target=\"_blank\" rel=\"noopener\">VesselFinder</a> | <a href=\"https://www.marinetraffic.com/en/ais/search/all?keyword=9142564\" target=\"_blank\" rel=\"noopener\">MarineTraffic</a>", "vf_url": "https://www.vesselfinder.com/vessels?name=9142564", "mst_url": "https://www.marinetraffic.com/en/ais/search/all?keyword=9142564", "method": "v3_2pass_track3d_fromru10d", "ru_seen_in_lookback": true, "in_monitor_on_day": true}}, {"type": "Feature", "geometry": {"type": "Point", "coordinates": [6.830985, 53.90311]}, "properties": {"label": "ARNE", "mmsi": "305681000", "imo": "9142564", "name": "ARNE", "shiptype": "", "first_seen_utc": "2026-01-13T08:33:44Z", "last_seen_utc": "2026-01-17T03:46:46Z", "destination": "ESBIO", "eta": "{'Day': 20, 'Hour': 16, 'Minute': 0, 'Month': 1}", "display": "ARNE (305681000)", "links": "<a href=\"https://www.vesselfinder.com/vessels?name=9142564\" target=\"_blank\" rel=\"noopener\">VesselFinder</a> | <a href=\"https://www.marinetraffic.com/en/ais/search/all?keyword=9142564\" target=\"_blank\" rel=\"noopener\">MarineTraffic</a>", "vf_url": "https://www.vesselfinder.com/vessels?name=9142564", "mst_url": "https://www.marinetraffic.com/en/ais/search/all?keyword=9142564", "method": "v3_2pass_track3d_fromru10d", "ru_seen_in_lookback": true, "in_monitor_on_day": true}}, {"type": "Feature", "geometry": {"type": "LineString", "coordinates": [[19.048266666666667, 54.95061666666666], [19.032883333333334, 54.86091666666667], [19.007916666666667, 54.771116666666664], [18.957216666666667, 54.69076666666667], [18.897133333333333, 54.613216666666666], [18.806500000000003, 54.54436666666666], [18.657416666666666, 54.53713333333334], [18.549166666666668, 54.53471666666667], [18.548816666666667, 54.533566666666665], [18.548816666666667, 54.533566666666665], [18.548816666666667, 54.53358333333333], [18.548816666666667, 54.53358333333333], [18.548816666666667, 54.533566666666665], [18.548816666666667, 54.533566666666665], [18.548816666666667, 54.533566666666665], [18.548816666666667, 54.53358333333333], [18.548816666666667, 54.53358333333333], [18.548816666666667, 54.53358333333333], [18.548816666666667, 54.533566666666665], [18.548816666666667, 54.533566666666665], [18.548833333333334, 54.533566666666665], [18.548816666666667, 54.533566666666665], [18.548816666666667, 54.53358333333333], [18.548816666666667, 54.533566666666665], [18.548816666666667, 54.533566666666665], [18.548816666666667, 54.53358333333333], [18.548816666666667, 54.53358333333333], [18.548816666666667, 54.53358333333333], [18.548816666666667, 54.533566666666665], [18.548816666666667, 54.533566666666665], [18.548816666666667, 54.533566666666665], [18.548816666666667, 54.533566666666665], [18.548816666666667, 54.53358333333333], [18.548816666666667, 54.53358333333333], [18.548816666666667, 54.53358333333333], [18.548816666666667, 54.53358333333333], [18.548816666666667, 54.533566666666665], [18.548816666666667, 54.533566666666665], [18.548816666666667, 54.533566666666665], [18.548816666666667, 54.533566666666665], [18.548816666666667, 54.533566666666665], [18.548816666666667, 54.533566666666665], [18.548816666666667, 54.533566666666665], [18.548816666666667, 54.533566666666665], [18.548833333333334, 54.533566666666665], [18.548833333333334, 54.53358333333333], [18.548816666666667, 54.53358333333333], [18.548816666666667, 54.533566666666665], [18.548816666666667, 54.533566666666665], [18.548816666666667, 54.533566666666665], [18.548816666666667, 54.533566666666665], [18.548816666666667, 54.533566666666665], [18.548816666666667, 54.533566666666665], [18.548816666666667, 54.53358333333333], [18.548816666666667, 54.533566666666665], [18.548816666666667, 54.533566666666665], [18.548816666666667, 54.53358333333333], [18.548816666666667, 54.53358333333333], [18.548816666666667, 54.533566666666665], [18.548816666666667, 54.533566666666665], [18.548833333333334, 54.533566666666665], [18.548816666666667, 54.53358333333333], [18.548816666666667, 54.53358333333333], [18.548816666666667, 54.533566666666665], [18.548816666666667, 54.533566666666665], [18.548816666666667, 54.533566666666665], [18.548833333333334, 54.53358333333333], [18.548816666666667, 54.53358333333333], [18.548816666666667, 54.53358333333333], [18.548816666666667, 54.53358333333333], [18.548816666666667, 54.53358333333333], [18.548816666666667, 54.53358333333333], [18.548816666666667, 54.53358333333333], [18.548816666666667, 54.533566666666665], [18.548816666666667, 54.533566666666665], [18.548833333333334, 54.533566666666665], [18.548816666666667, 54.53358333333333], [18.548816666666667, 54.53358333333333], [18.548816666666667, 54.53358333333333]]}, "properties": {"label": "FWN SEA", "mmsi": "244770273", "imo": "9721657", "name": "FWN SEA", "shiptype": "", "first_seen_utc": "2026-01-15T10:39:01Z", "last_seen_utc": "2026-01-17T03:53:50Z", "destination": "PLGDY", "eta": "{'Day': 15, 'Hour': 14, 'Minute': 0, 'Month': 1}", "display": "", "links": "<a href=\"https://www.vesselfinder.com/vessels?name=9721657\" target=\"_blank\" rel=\"noopener\">VesselFinder</a> | <a href=\"https://www.marinetraffic.com/en/ais/search/all?keyword=9721657\" target=\"_blank\" rel=\"noopener\">MarineTraffic</a>", "vf_url": "https://www.vesselfinder.com/vessels?name=9721657", "mst_url": "https://www.marinetraffic.com/en/ais/search/all?keyword=9721657", "method": "v3_2pass_track3d_fromru10d", "ru_seen_in_lookback": true, "in_monitor_on_day": true}}, {"type": "Feature", "geometry": {"type": "Point", "coordinates": [18.548816666666667, 54.53358333333333]}, "properties": {"label": "FWN SEA", "mmsi": "244770273", "imo": "9721657", "name": "FWN SEA", "shiptype": "", "first_seen_utc": "2026-01-15T10:39:01Z", "last_seen_utc": "2026-01-17T03:53:50Z", "destination": "PLGDY", "eta": "{'Day': 15, 'Hour': 14, 'Minute': 0, 'Month': 1}", "display": "FWN SEA (244770273)", "links": "<a href=\"https://www.vesselfinder.com/vessels?name=9721657\" target=\"_blank\" rel=\"noopener\">VesselFinder</a> | <a href=\"https://www.marinetraffic.com/en/ais/search/all?keyword=9721657\" target=\"_blank\" rel=\"noopener\">MarineTraffic</a>", "vf_url": "https://www.vesselfinder.com/vessels?name=9721657", "mst_url": "https://www.marinetraffic.com/en/ais/search/all?keyword=9721657", "method": "v3_2pass_track3d_fromru10d", "ru_seen_in_lookback": true, "in_monitor_on_day": true}}, {"type": "Feature", "geometry": {"type": "LineString", "coordinates": [[18.912621666666666, 55.10521666666667], [18.959791666666668, 54.95733333333333], [18.991913333333333, 54.86784166666666], [19.01868, 54.774465], [19.044901666666664, 54.68110333333333], [19.060871666666667, 54.598634999999994], [19.008111666666665, 54.528710000000004], [18.956456666666668, 54.47669], [18.921924999999998, 54.47676333333333], [18.92159, 54.48392166666667], [18.922081666666667, 54.4941], [18.923278333333332, 54.50438], [18.925061666666668, 54.515094999999995], [18.931506666666667, 54.52567333333333], [18.93697166666667, 54.49072833333333], [18.903483333333334, 54.437533333333334], [18.814255, 54.41548], [18.72485, 54.400153333333336], [18.715993333333333, 54.40221], [18.716, 54.402208333333334], [18.715989999999998, 54.40221], [18.715988333333332, 54.402208333333334], [18.715985, 54.402206666666665], [18.715983333333334, 54.40221333333333]]}, "properties": {"label": "SALACGRIVA", "mmsi": "538002778", "imo": "9323390", "name": "SALACGRIVA", "shiptype": "", "first_seen_utc": "2026-01-16T15:15:28Z", "last_seen_utc": "2026-01-17T03:27:28Z", "destination": "PLGDN", "eta": "{'Day': 16, 'Hour': 20, 'Minute': 0, 'Month': 1}", "display": "", "links": "<a href=\"https://www.vesselfinder.com/vessels?name=9323390\" target=\"_blank\" rel=\"noopener\">VesselFinder</a> | <a href=\"https://www.marinetraffic.com/en/ais/search/all?keyword=9323390\" target=\"_blank\" rel=\"noopener\">MarineTraffic</a>", "vf_url": "https://www.vesselfinder.com/vessels?name=9323390", "mst_url": "https://www.marinetraffic.com/en/ais/search/all?keyword=9323390", "method": "v3_2pass_track3d_fromru10d", "ru_seen_in_lookback": true, "in_monitor_on_day": true}}, {"type": "Feature", "geometry": {"type": "Point", "coordinates": [18.715983333333334, 54.40221333333333]}, "properties": {"label": "SALACGRIVA", "mmsi": "538002778", "imo": "9323390", "name": "SALACGRIVA", "shiptype": "", "first_seen_utc": "2026-01-16T15:15:28Z", "last_seen_utc": "2026-01-17T03:27:28Z", "destination": "PLGDN", "eta": "{'Day': 16, 'Hour': 20, 'Minute': 0, 'Month': 1}", "display": "SALACGRIVA (538002778)", "links": "<a href=\"https://www.vesselfinder.com/vessels?name=9323390\" target=\"_blank\" rel=\"noopener\">VesselFinder</a> | <a href=\"https://www.marinetraffic.com/en/ais/search/all?keyword=9323390\" target=\"_blank\" rel=\"noopener\">MarineTraffic</a>", "vf_url": "https://www.vesselfinder.com/vessels?name=9323390", "mst_url": "https://www.marinetraffic.com/en/ais/search/all?keyword=9323390", "method": "v3_2pass_track3d_fromru10d", "ru_seen_in_lookback": true, "in_monitor_on_day": true}}]}