{"type": "FeatureCollection", "features": [{"type": "Feature", "geometry": {"type": "LineString", "coordinates": [[11.098381666666667, 55.236853333333336], [11.039501666666666, 55.36211], [10.854886666666665, 55.53979666666667], [10.788478333333334, 55.65124], [10.806756666666667, 55.768654999999995], [10.894264999999999, 55.87804333333334], [11.089925, 56.021305], [11.198084999999999, 56.127655], [4.145758333333333, 60.731385]]}, "properties": {"label": "DF MYSTRAS", "mmsi": "636021311", "imo": "9941702", "name": "DF MYSTRAS", "shiptype": "", "first_seen_utc": "2026-01-11T00:01:27Z", "last_seen_utc": "2026-01-20T07:34:02Z", "destination": "PL GDN > NO STU", "eta": "{'Day': 19, 'Hour': 21, 'Minute': 0, 'Month': 1}", "display": "", "links": "<a href=\"https://www.vesselfinder.com/vessels?name=9941702\" target=\"_blank\" rel=\"noopener\">VesselFinder</a> | <a href=\"https://www.marinetraffic.com/en/ais/search/all?keyword=9941702\" target=\"_blank\" rel=\"noopener\">MarineTraffic</a>", "vf_url": "https://www.vesselfinder.com/vessels?name=9941702", "mst_url": "https://www.marinetraffic.com/en/ais/search/all?keyword=9941702", "method": "v3_2pass_track3d_fromru10d", "ru_seen_in_lookback": true, "in_monitor_on_day": true}}, {"type": "Feature", "geometry": {"type": "Point", "coordinates": [4.145758333333333, 60.731385]}, "properties": {"label": "DF MYSTRAS", "mmsi": "636021311", "imo": "9941702", "name": "DF MYSTRAS", "shiptype": "", "first_seen_utc": "2026-01-11T00:01:27Z", "last_seen_utc": "2026-01-20T07:34:02Z", "destination": "PL GDN > NO STU", "eta": "{'Day': 19, 'Hour': 21, 'Minute': 0, 'Month': 1}", "display": "DF MYSTRAS (636021311)", "links": "<a href=\"https://www.vesselfinder.com/vessels?name=9941702\" target=\"_blank\" rel=\"noopener\">VesselFinder</a> | <a href=\"https://www.marinetraffic.com/en/ais/search/all?keyword=9941702\" target=\"_blank\" rel=\"noopener\">MarineTraffic</a>", "vf_url": "https://www.vesselfinder.com/vessels?name=9941702", "mst_url": "https://www.marinetraffic.com/en/ais/search/all?keyword=9941702", "method": "v3_2pass_track3d_fromru10d", "ru_seen_in_lookback": true, "in_monitor_on_day": true}}, {"type": "Feature", "geometry": {"type": "LineString", "coordinates": [[18.674845, 54.696275], [18.674828333333334, 54.696283333333334], [18.674813333333336, 54.69629333333333], [18.67480833333333, 54.69627333333334], [18.674826666666668, 54.69627666666667], [18.674813333333336, 54.696281666666664], [18.674815000000002, 54.69627666666667], [18.674813333333336, 54.69625666666666], [18.674805, 54.69625833333334], [18.674818333333334, 54.69627], [18.674803333333333, 54.696286666666666], [18.67479666666667, 54.696283333333334], [18.674806666666665, 54.69629666666666], [18.674815000000002, 54.696299999999994], [18.674806666666665, 54.69628], [18.674818333333334, 54.696275], [18.674813333333336, 54.69625666666666], [18.674828333333334, 54.69626], [18.674836666666668, 54.69625666666666], [18.674838333333334, 54.696263333333334], [18.674860000000002, 54.69627], [18.674838333333334, 54.696275], [18.67484, 54.696268333333336], [18.674856666666667, 54.69629333333333], [18.849331666666668, 54.614225000000005]]}, "properties": {"label": "JAS-57 MAGDALENA", "mmsi": "261004280", "imo": "", "name": "JAS-57 MAGDALENA", "shiptype": "", "first_seen_utc": "2026-01-11T00:01:59Z", "last_seen_utc": "2026-01-20T07:32:22Z", "destination": "JASTARNIA", "eta": "{'Day': 23, 'Hour': 12, 'Minute': 44, 'Month': 9}", "display": "", "links": "<a href=\"https://www.vesselfinder.com/vessels?name=261004280\" target=\"_blank\" rel=\"noopener\">VesselFinder</a> | <a href=\"https://www.marinetraffic.com/en/ais/search/all?keyword=261004280\" target=\"_blank\" rel=\"noopener\">MarineTraffic</a>", "vf_url": "https://www.vesselfinder.com/vessels?name=261004280", "mst_url": "https://www.marinetraffic.com/en/ais/search/all?keyword=261004280", "method": "v3_2pass_track3d_fromru10d", "ru_seen_in_lookback": true, "in_monitor_on_day": true}}, {"type": "Feature", "geometry": {"type": "Point", "coordinates": [18.849331666666668, 54.614225000000005]}, "properties": {"label": "JAS-57 MAGDALENA", "mmsi": "261004280", "imo": "", "name": "JAS-57 MAGDALENA", "shiptype": "", "first_seen_utc": "2026-01-11T00:01:59Z", "last_seen_utc": "2026-01-20T07:32:22Z", "destination": "JASTARNIA", "eta": "{'Day': 23, 'Hour': 12, 'Minute': 44, 'Month': 9}", "display": "JAS-57 MAGDALENA (261004280)", "links": "<a href=\"https://www.vesselfinder.com/vessels?name=261004280\" target=\"_blank\" rel=\"noopener\">VesselFinder</a> | <a href=\"https://www.marinetraffic.com/en/ais/search/all?keyword=261004280\" target=\"_blank\" rel=\"noopener\">MarineTraffic</a>", "vf_url": "https://www.vesselfinder.com/vessels?name=261004280", "mst_url": "https://www.marinetraffic.com/en/ais/search/all?keyword=261004280", "method": "v3_2pass_track3d_fromru10d", "ru_seen_in_lookback": true, "in_monitor_on_day": true}}, {"type": "Feature", "geometry": {"type": "LineString", "coordinates": [[14.585666666666667, 53.42883333333334], [14.585666666666667, 53.42883333333334], [14.585666666666667, 53.42883333333334], [14.585666666666667, 53.42883333333334], [14.585666666666667, 53.42883333333334], [14.585666666666667, 53.42883333333334], [14.585666666666667, 53.42883333333334], [14.585666666666667, 53.42883333333334], [14.585666666666667, 53.42883333333334], [14.585666666666667, 53.42883333333334], [14.585666666666667, 53.42883333333334], [14.585666666666667, 53.42883333333334], [14.585666666666667, 53.42883333333334], [14.585666666666667, 53.42883333333334], [14.585666666666667, 53.42883333333334], [14.585666666666667, 53.42883333333334], [14.585666666666667, 53.42883333333334], [14.585666666666667, 53.42883333333334], [14.585666666666667, 53.42883333333334], [14.585666666666667, 53.42883333333334], [14.585666666666667, 53.42883333333334], [14.585666666666667, 53.42883333333334], [14.585666666666667, 53.42883333333334], [14.585666666666667, 53.42883333333334], [18.817666666666664, 54.44166666666667]]}, "properties": {"label": "RAGNA", "mmsi": "211265530", "imo": "9173329", "name": "RAGNA", "shiptype": "", "first_seen_utc": "2026-01-11T00:02:30Z", "last_seen_utc": "2026-01-20T07:34:38Z", "destination": "PLGDK", "eta": "{'Day': 19, 'Hour': 18, 'Minute': 0, 'Month': 1}", "display": "", "links": "<a href=\"https://www.vesselfinder.com/vessels?name=9173329\" target=\"_blank\" rel=\"noopener\">VesselFinder</a> | <a href=\"https://www.marinetraffic.com/en/ais/search/all?keyword=9173329\" target=\"_blank\" rel=\"noopener\">MarineTraffic</a>", "vf_url": "https://www.vesselfinder.com/vessels?name=9173329", "mst_url": "https://www.marinetraffic.com/en/ais/search/all?keyword=9173329", "method": "v3_2pass_track3d_fromru10d", "ru_seen_in_lookback": true, "in_monitor_on_day": true}}, {"type": "Feature", "geometry": {"type": "Point", "coordinates": [18.817666666666664, 54.44166666666667]}, "properties": {"label": "RAGNA", "mmsi": "211265530", "imo": "9173329", "name": "RAGNA", "shiptype": "", "first_seen_utc": "2026-01-11T00:02:30Z", "last_seen_utc": "2026-01-20T07:34:38Z", "destination": "PLGDK", "eta": "{'Day': 19, 'Hour': 18, 'Minute': 0, 'Month': 1}", "display": "RAGNA (211265530)", "links": "<a href=\"https://www.vesselfinder.com/vessels?name=9173329\" target=\"_blank\" rel=\"noopener\">VesselFinder</a> | <a href=\"https://www.marinetraffic.com/en/ais/search/all?keyword=9173329\" target=\"_blank\" rel=\"noopener\">MarineTraffic</a>", "vf_url": "https://www.vesselfinder.com/vessels?name=9173329", "mst_url": "https://www.marinetraffic.com/en/ais/search/all?keyword=9173329", "method": "v3_2pass_track3d_fromru10d", "ru_seen_in_lookback": true, "in_monitor_on_day": true}}, {"type": "Feature", "geometry": {"type": "Point", "coordinates": [11.331275, 54.55820666666667]}, "properties": {"label": "ELBSPRING", "mmsi": "255916486", "imo": "9462794", "name": "ELBSPRING", "shiptype": "", "first_seen_utc": "2026-01-11T00:03:10Z", "last_seen_utc": "2026-01-20T07:32:22Z", "destination": "LTKLJ", "eta": "{'Day': 15, 'Hour': 10, 'Minute': 30, 'Month': 1}", "display": "ELBSPRING (255916486)", "links": "<a href=\"https://www.vesselfinder.com/vessels?name=9462794\" target=\"_blank\" rel=\"noopener\">VesselFinder</a> | <a href=\"https://www.marinetraffic.com/en/ais/search/all?keyword=9462794\" target=\"_blank\" rel=\"noopener\">MarineTraffic</a>", "vf_url": "https://www.vesselfinder.com/vessels?name=9462794", "mst_url": "https://www.marinetraffic.com/en/ais/search/all?keyword=9462794", "method": "v3_2pass_track3d_fromru10d", "ru_seen_in_lookback": true, "in_monitor_on_day": true}}, {"type": "Feature", "geometry": {"type": "LineString", "coordinates": [[19.109233333333336, 54.76321666666667], [19.111449999999998, 54.814], [19.097283333333333, 54.779016666666664], [19.098766666666666, 54.74711666666667], [19.1003, 54.71566666666667], [19.1019, 54.683033333333334], [19.111516666666667, 54.689816666666665], [19.110116666666666, 54.722833333333334], [19.10685, 54.78893333333333], [19.096466666666668, 54.80655], [19.096549999999997, 54.771899999999995], [19.097933333333334, 54.73696666666667], [19.099749999999997, 54.703700000000005], [19.10145, 54.671033333333334], [19.110733333333332, 54.683483333333335], [19.10911666666667, 54.7181], [19.1075, 54.7551], [19.105583333333335, 54.794066666666666], [19.095483333333334, 54.76958333333334], [19.097050000000003, 54.73505], [19.098566666666667, 54.70335], [19.103916666666667, 54.67061666666667], [19.10873333333333, 54.70166666666667], [19.12888333333333, 54.7573]]}, "properties": {"label": "AMBER AGATHA", "mmsi": "261004058", "imo": "8516885", "name": "AMBER AGATHA", "shiptype": "", "first_seen_utc": "2026-01-11T00:03:49Z", "last_seen_utc": "2026-01-20T07:32:12Z", "destination": "SURVEY OPS CPA 1 NM", "eta": "{'Day': 17, 'Hour': 12, 'Minute': 0, 'Month': 1}", "display": "", "links": "<a href=\"https://www.vesselfinder.com/vessels?name=8516885\" target=\"_blank\" rel=\"noopener\">VesselFinder</a> | <a href=\"https://www.marinetraffic.com/en/ais/search/all?keyword=8516885\" target=\"_blank\" rel=\"noopener\">MarineTraffic</a>", "vf_url": "https://www.vesselfinder.com/vessels?name=8516885", "mst_url": "https://www.marinetraffic.com/en/ais/search/all?keyword=8516885", "method": "v3_2pass_track3d_fromru10d", "ru_seen_in_lookback": true, "in_monitor_on_day": true}}, {"type": "Feature", "geometry": {"type": "Point", "coordinates": [19.12888333333333, 54.7573]}, "properties": {"label": "AMBER AGATHA", "mmsi": "261004058", "imo": "8516885", "name": "AMBER AGATHA", "shiptype": "", "first_seen_utc": "2026-01-11T00:03:49Z", "last_seen_utc": "2026-01-20T07:32:12Z", "destination": "SURVEY OPS CPA 1 NM", "eta": "{'Day': 17, 'Hour': 12, 'Minute': 0, 'Month': 1}", "display": "AMBER AGATHA (261004058)", "links": "<a href=\"https://www.vesselfinder.com/vessels?name=8516885\" target=\"_blank\" rel=\"noopener\">VesselFinder</a> | <a href=\"https://www.marinetraffic.com/en/ais/search/all?keyword=8516885\" target=\"_blank\" rel=\"noopener\">MarineTraffic</a>", "vf_url": "https://www.vesselfinder.com/vessels?name=8516885", "mst_url": "https://www.marinetraffic.com/en/ais/search/all?keyword=8516885", "method": "v3_2pass_track3d_fromru10d", "ru_seen_in_lookback": true, "in_monitor_on_day": true}}, {"type": "Feature", "geometry": {"type": "LineString", "coordinates": [[18.554253333333335, 54.52207666666666], [18.554235000000002, 54.52205333333333], [18.554221666666667, 54.52210166666667], [18.554233333333332, 54.52207666666666], [18.554201666666664, 54.52204833333334], [18.554236666666668, 54.522063333333335], [18.554235000000002, 54.52205166666667], [18.554246666666664, 54.52207333333333], [18.554246666666664, 54.522081666666665], [18.554246666666664, 54.52207], [18.55424, 54.52204833333334], [18.554235000000002, 54.52207], [18.554246666666664, 54.522065], [18.55426333333333, 54.52207], [18.554246666666664, 54.522055], [18.554238333333334, 54.522041666666674], [18.55424, 54.52205166666667], [18.554261666666665, 54.522045000000006], [18.554231666666666, 54.52207833333333], [18.554250000000003, 54.522045000000006], [18.55424, 54.522090000000006], [18.554246666666664, 54.52207], [18.554211666666667, 54.52207], [18.554221666666667, 54.52205166666667], [18.554228333333334, 54.522079999999995], [18.554231666666666, 54.52207833333333], [18.728636666666667, 54.556958333333334]]}, "properties": {"label": "OCEANOGRAF", "mmsi": "261036120", "imo": "9776951", "name": "OCEANOGRAF", "shiptype": "", "first_seen_utc": "2026-01-11T00:04:31Z", "last_seen_utc": "2026-01-20T07:32:19Z", "destination": "GDYNIA", "eta": "{'Day': 17, 'Hour': 16, 'Minute': 0, 'Month': 1}", "display": "", "links": "<a href=\"https://www.vesselfinder.com/vessels?name=9776951\" target=\"_blank\" rel=\"noopener\">VesselFinder</a> | <a href=\"https://www.marinetraffic.com/en/ais/search/all?keyword=9776951\" target=\"_blank\" rel=\"noopener\">MarineTraffic</a>", "vf_url": "https://www.vesselfinder.com/vessels?name=9776951", "mst_url": "https://www.marinetraffic.com/en/ais/search/all?keyword=9776951", "method": "v3_2pass_track3d_fromru10d", "ru_seen_in_lookback": true, "in_monitor_on_day": true}}, {"type": "Feature", "geometry": {"type": "Point", "coordinates": [18.728636666666667, 54.556958333333334]}, "properties": {"label": "OCEANOGRAF", "mmsi": "261036120", "imo": "9776951", "name": "OCEANOGRAF", "shiptype": "", "first_seen_utc": "2026-01-11T00:04:31Z", "last_seen_utc": "2026-01-20T07:32:19Z", "destination": "GDYNIA", "eta": "{'Day': 17, 'Hour': 16, 'Minute': 0, 'Month': 1}", "display": "OCEANOGRAF (261036120)", "links": "<a href=\"https://www.vesselfinder.com/vessels?name=9776951\" target=\"_blank\" rel=\"noopener\">VesselFinder</a> | <a href=\"https://www.marinetraffic.com/en/ais/search/all?keyword=9776951\" target=\"_blank\" rel=\"noopener\">MarineTraffic</a>", "vf_url": "https://www.vesselfinder.com/vessels?name=9776951", "mst_url": "https://www.marinetraffic.com/en/ais/search/all?keyword=9776951", "method": "v3_2pass_track3d_fromru10d", "ru_seen_in_lookback": true, "in_monitor_on_day": true}}, {"type": "Feature", "geometry": {"type": "LineString", "coordinates": [[12.372166666666667, 54.64921666666667], [12.268365, 54.59903833333333], [12.207915000000002, 54.488731666666666], [11.996615, 54.435671666666664], [11.73457, 54.451013333333336], [11.489685, 54.50839166666666], [11.245766666666666, 54.577083333333334], [10.984811666666667, 54.60997333333333], [10.772735, 54.69947833333333], [10.836875, 54.852491666666666], [10.977028333333333, 54.98711166666667], [10.993021666666667, 55.144985], [11.074853333333333, 55.27248833333333], [10.986731666666666, 55.41674666666667], [8.516978333333334, 53.59719]]}, "properties": {"label": "W KLAIPEDA", "mmsi": "538009143", "imo": "9211482", "name": "W KLAIPEDA", "shiptype": "", "first_seen_utc": "2026-01-11T00:04:31Z", "last_seen_utc": "2026-01-20T07:32:33Z", "destination": "DEBRV", "eta": "{'Day': 20, 'Hour': 1, 'Minute': 30, 'Month': 1}", "display": "", "links": "<a href=\"https://www.vesselfinder.com/vessels?name=9211482\" target=\"_blank\" rel=\"noopener\">VesselFinder</a> | <a href=\"https://www.marinetraffic.com/en/ais/search/all?keyword=9211482\" target=\"_blank\" rel=\"noopener\">MarineTraffic</a>", "vf_url": "https://www.vesselfinder.com/vessels?name=9211482", "mst_url": "https://www.marinetraffic.com/en/ais/search/all?keyword=9211482", "method": "v3_2pass_track3d_fromru10d", "ru_seen_in_lookback": true, "in_monitor_on_day": true}}, {"type": "Feature", "geometry": {"type": "Point", "coordinates": [8.516978333333334, 53.59719]}, "properties": {"label": "W KLAIPEDA", "mmsi": "538009143", "imo": "9211482", "name": "W KLAIPEDA", "shiptype": "", "first_seen_utc": "2026-01-11T00:04:31Z", "last_seen_utc": "2026-01-20T07:32:33Z", "destination": "DEBRV", "eta": "{'Day': 20, 'Hour': 1, 'Minute': 30, 'Month': 1}", "display": "W KLAIPEDA (538009143)", "links": "<a href=\"https://www.vesselfinder.com/vessels?name=9211482\" target=\"_blank\" rel=\"noopener\">VesselFinder</a> | <a href=\"https://www.marinetraffic.com/en/ais/search/all?keyword=9211482\" target=\"_blank\" rel=\"noopener\">MarineTraffic</a>", "vf_url": "https://www.vesselfinder.com/vessels?name=9211482", "mst_url": "https://www.marinetraffic.com/en/ais/search/all?keyword=9211482", "method": "v3_2pass_track3d_fromru10d", "ru_seen_in_lookback": true, "in_monitor_on_day": true}}, {"type": "Feature", "geometry": {"type": "LineString", "coordinates": [[16.351208333333332, 55.78861833333334], [9.697758333333333, 59.062455]]}, "properties": {"label": "MSC MIA SUMMER II", "mmsi": "636018326", "imo": "9169067", "name": "MSC MIA SUMMER II", "shiptype": "", "first_seen_utc": "2026-01-11T00:04:35Z", "last_seen_utc": "2026-01-20T07:33:33Z", "destination": "NOBVK", "eta": "{'Day': 20, 'Hour': 7, 'Minute': 0, 'Month': 1}", "display": "", "links": "<a href=\"https://www.vesselfinder.com/vessels?name=9169067\" target=\"_blank\" rel=\"noopener\">VesselFinder</a> | <a href=\"https://www.marinetraffic.com/en/ais/search/all?keyword=9169067\" target=\"_blank\" rel=\"noopener\">MarineTraffic</a>", "vf_url": "https://www.vesselfinder.com/vessels?name=9169067", "mst_url": "https://www.marinetraffic.com/en/ais/search/all?keyword=9169067", "method": "v3_2pass_track3d_fromru10d", "ru_seen_in_lookback": true, "in_monitor_on_day": true}}, {"type": "Feature", "geometry": {"type": "Point", "coordinates": [9.697758333333333, 59.062455]}, "properties": {"label": "MSC MIA SUMMER II", "mmsi": "636018326", "imo": "9169067", "name": "MSC MIA SUMMER II", "shiptype": "", "first_seen_utc": "2026-01-11T00:04:35Z", "last_seen_utc": "2026-01-20T07:33:33Z", "destination": "NOBVK", "eta": "{'Day': 20, 'Hour': 7, 'Minute': 0, 'Month': 1}", "display": "MSC MIA SUMMER II (636018326)", "links": "<a href=\"https://www.vesselfinder.com/vessels?name=9169067\" target=\"_blank\" rel=\"noopener\">VesselFinder</a> | <a href=\"https://www.marinetraffic.com/en/ais/search/all?keyword=9169067\" target=\"_blank\" rel=\"noopener\">MarineTraffic</a>", "vf_url": "https://www.vesselfinder.com/vessels?name=9169067", "mst_url": "https://www.marinetraffic.com/en/ais/search/all?keyword=9169067", "method": "v3_2pass_track3d_fromru10d", "ru_seen_in_lookback": true, "in_monitor_on_day": true}}, {"type": "Feature", "geometry": {"type": "LineString", "coordinates": [[18.715473333333332, 54.40345333333333], [18.715435, 54.403475], [18.715449999999997, 54.40341333333333], [18.721745, 54.40274], [18.82849666666667, 54.416255], [18.97291166666667, 54.43342833333334], [19.055008333333333, 54.52941833333333], [19.116623333333333, 54.63516166666667], [19.039823333333334, 54.744283333333335], [18.90472, 54.828761666666665], [18.639443333333336, 54.97747833333334], [18.424665, 54.99975833333333], [18.221336666666666, 54.997655], [6.357923333333333, 57.919576666666664]]}, "properties": {"label": "ATLANTIC JADE", "mmsi": "636021135", "imo": "9892987", "name": "ATLANTIC JADE", "shiptype": "", "first_seen_utc": "2026-01-11T00:04:56Z", "last_seen_utc": "2026-01-20T07:33:08Z", "destination": "NOKAR", "eta": "{'Day': 20, 'Hour': 20, 'Minute': 0, 'Month': 1}", "display": "", "links": "<a href=\"https://www.vesselfinder.com/vessels?name=9892987\" target=\"_blank\" rel=\"noopener\">VesselFinder</a> | <a href=\"https://www.marinetraffic.com/en/ais/search/all?keyword=9892987\" target=\"_blank\" rel=\"noopener\">MarineTraffic</a>", "vf_url": "https://www.vesselfinder.com/vessels?name=9892987", "mst_url": "https://www.marinetraffic.com/en/ais/search/all?keyword=9892987", "method": "v3_2pass_track3d_fromru10d", "ru_seen_in_lookback": true, "in_monitor_on_day": true}}, {"type": "Feature", "geometry": {"type": "Point", "coordinates": [6.357923333333333, 57.919576666666664]}, "properties": {"label": "ATLANTIC JADE", "mmsi": "636021135", "imo": "9892987", "name": "ATLANTIC JADE", "shiptype": "", "first_seen_utc": "2026-01-11T00:04:56Z", "last_seen_utc": "2026-01-20T07:33:08Z", "destination": "NOKAR", "eta": "{'Day': 20, 'Hour': 20, 'Minute': 0, 'Month': 1}", "display": "ATLANTIC JADE (636021135)", "links": "<a href=\"https://www.vesselfinder.com/vessels?name=9892987\" target=\"_blank\" rel=\"noopener\">VesselFinder</a> | <a href=\"https://www.marinetraffic.com/en/ais/search/all?keyword=9892987\" target=\"_blank\" rel=\"noopener\">MarineTraffic</a>", "vf_url": "https://www.vesselfinder.com/vessels?name=9892987", "mst_url": "https://www.marinetraffic.com/en/ais/search/all?keyword=9892987", "method": "v3_2pass_track3d_fromru10d", "ru_seen_in_lookback": true, "in_monitor_on_day": true}}, {"type": "Feature", "geometry": {"type": "LineString", "coordinates": [[14.826451666666665, 56.155363333333334], [14.826455000000001, 56.155363333333334], [14.826451666666665, 56.155364999999996], [14.826446666666667, 56.155366666666666], [14.826446666666667, 56.155363333333334], [14.826443333333334, 56.155363333333334], [14.826443333333334, 56.155366666666666], [14.82644, 56.155366666666666], [14.826438333333334, 56.155364999999996], [14.82644, 56.155363333333334], [14.826445, 56.155363333333334], [14.826446666666667, 56.155363333333334], [14.82645, 56.155361666666664], [14.826448333333333, 56.155361666666664], [14.826441666666666, 56.15536], [14.82645, 56.155366666666666], [14.826448333333333, 56.155361666666664], [14.826451666666665, 56.15536], [14.826453333333335, 56.155364999999996], [14.826451666666665, 56.155361666666664], [14.826445, 56.155361666666664], [14.826448333333333, 56.155363333333334], [14.826453333333335, 56.15536833333333], [14.826455000000001, 56.155364999999996], [14.826453333333335, 56.155364999999996], [18.387898333333332, 55.10487833333333]]}, "properties": {"label": "HAPPY PEREGRINE", "mmsi": "219558000", "imo": "9553660", "name": "HAPPY PEREGRINE", "shiptype": "", "first_seen_utc": "2026-01-11T00:05:06Z", "last_seen_utc": "2026-01-20T07:32:44Z", "destination": "SEKAN", "eta": "{'Day': 16, 'Hour': 10, 'Minute': 0, 'Month': 1}", "display": "", "links": "<a href=\"https://www.vesselfinder.com/vessels?name=9553660\" target=\"_blank\" rel=\"noopener\">VesselFinder</a> | <a href=\"https://www.marinetraffic.com/en/ais/search/all?keyword=9553660\" target=\"_blank\" rel=\"noopener\">MarineTraffic</a>", "vf_url": "https://www.vesselfinder.com/vessels?name=9553660", "mst_url": "https://www.marinetraffic.com/en/ais/search/all?keyword=9553660", "method": "v3_2pass_track3d_fromru10d", "ru_seen_in_lookback": true, "in_monitor_on_day": true}}, {"type": "Feature", "geometry": {"type": "Point", "coordinates": [18.387898333333332, 55.10487833333333]}, "properties": {"label": "HAPPY PEREGRINE", "mmsi": "219558000", "imo": "9553660", "name": "HAPPY PEREGRINE", "shiptype": "", "first_seen_utc": "2026-01-11T00:05:06Z", "last_seen_utc": "2026-01-20T07:32:44Z", "destination": "SEKAN", "eta": "{'Day': 16, 'Hour': 10, 'Minute': 0, 'Month': 1}", "display": "HAPPY PEREGRINE (219558000)", "links": "<a href=\"https://www.vesselfinder.com/vessels?name=9553660\" target=\"_blank\" rel=\"noopener\">VesselFinder</a> | <a href=\"https://www.marinetraffic.com/en/ais/search/all?keyword=9553660\" target=\"_blank\" rel=\"noopener\">MarineTraffic</a>", "vf_url": "https://www.vesselfinder.com/vessels?name=9553660", "mst_url": "https://www.marinetraffic.com/en/ais/search/all?keyword=9553660", "method": "v3_2pass_track3d_fromru10d", "ru_seen_in_lookback": true, "in_monitor_on_day": true}}, {"type": "Feature", "geometry": {"type": "LineString", "coordinates": [[18.802968333333336, 54.600055], [18.802971666666668, 54.60004833333333], [18.80299, 54.600065], [18.80291, 54.600055], [18.802943333333335, 54.60008666666667], [18.80296, 54.600096666666666], [18.80296666666667, 54.600105], [18.802943333333335, 54.600078333333336], [18.802964999999997, 54.60006666666666], [18.802978333333332, 54.60004], [18.802961666666665, 54.60004333333333], [18.802936666666668, 54.600051666666666], [18.802970000000002, 54.600045], [18.80296, 54.60003666666667], [18.802981666666668, 54.60006666666666], [18.802968333333336, 54.60005], [18.803005, 54.60003833333334], [18.803035, 54.60004666666667], [18.803005, 54.60004833333333], [18.803026666666664, 54.60007666666667], [18.803024999999998, 54.6001], [18.802998333333335, 54.600078333333336], [18.803016666666668, 54.60005833333333], [18.802983333333334, 54.60006833333333], [18.802981666666668, 54.60002333333333], [18.803001666666667, 54.60006166666667], [18.872076666666665, 54.54056666666667]]}, "properties": {"label": "LEB-18", "mmsi": "261001230", "imo": "", "name": "LEB-18", "shiptype": "", "first_seen_utc": "2026-01-11T00:07:12Z", "last_seen_utc": "2026-01-20T07:32:06Z", "destination": "HEL>-BALTIC SEA>LEBA", "eta": "{'Day': 28, 'Hour': 17, 'Minute': 0, 'Month': 12}", "display": "", "links": "<a href=\"https://www.vesselfinder.com/vessels?name=261001230\" target=\"_blank\" rel=\"noopener\">VesselFinder</a> | <a href=\"https://www.marinetraffic.com/en/ais/search/all?keyword=261001230\" target=\"_blank\" rel=\"noopener\">MarineTraffic</a>", "vf_url": "https://www.vesselfinder.com/vessels?name=261001230", "mst_url": "https://www.marinetraffic.com/en/ais/search/all?keyword=261001230", "method": "v3_2pass_track3d_fromru10d", "ru_seen_in_lookback": true, "in_monitor_on_day": true}}, {"type": "Feature", "geometry": {"type": "Point", "coordinates": [18.872076666666665, 54.54056666666667]}, "properties": {"label": "LEB-18", "mmsi": "261001230", "imo": "", "name": "LEB-18", "shiptype": "", "first_seen_utc": "2026-01-11T00:07:12Z", "last_seen_utc": "2026-01-20T07:32:06Z", "destination": "HEL>-BALTIC SEA>LEBA", "eta": "{'Day': 28, 'Hour': 17, 'Minute': 0, 'Month': 12}", "display": "LEB-18 (261001230)", "links": "<a href=\"https://www.vesselfinder.com/vessels?name=261001230\" target=\"_blank\" rel=\"noopener\">VesselFinder</a> | <a href=\"https://www.marinetraffic.com/en/ais/search/all?keyword=261001230\" target=\"_blank\" rel=\"noopener\">MarineTraffic</a>", "vf_url": "https://www.vesselfinder.com/vessels?name=261001230", "mst_url": "https://www.marinetraffic.com/en/ais/search/all?keyword=261001230", "method": "v3_2pass_track3d_fromru10d", "ru_seen_in_lookback": true, "in_monitor_on_day": true}}, {"type": "Feature", "geometry": {"type": "LineString", "coordinates": [[10.49211, 57.850375], [10.300978333333335, 57.84451166666667], [10.085558333333333, 57.837995], [9.870353333333332, 57.83298333333333], [9.683155, 57.82570333333333], [9.495566666666667, 57.821236666666664], [9.312505, 57.81923166666666], [9.126133333333334, 57.81194833333333], [8.932739999999999, 57.80928666666667], [8.738296666666667, 57.802985], [8.552508333333332, 57.798565], [8.372835, 57.79430166666667], [8.193251666666667, 57.79117166666666], [6.047445, 59.37827666666667]]}, "properties": {"label": "FJORDNES", "mmsi": "304829000", "imo": "9880855", "name": "FJORDNES", "shiptype": "", "first_seen_utc": "2026-01-11T00:08:36Z", "last_seen_utc": "2026-01-20T07:33:01Z", "destination": "NOJEL", "eta": "{'Day': 19, 'Hour': 11, 'Minute': 30, 'Month': 1}", "display": "", "links": "<a href=\"https://www.vesselfinder.com/vessels?name=9880855\" target=\"_blank\" rel=\"noopener\">VesselFinder</a> | <a href=\"https://www.marinetraffic.com/en/ais/search/all?keyword=9880855\" target=\"_blank\" rel=\"noopener\">MarineTraffic</a>", "vf_url": "https://www.vesselfinder.com/vessels?name=9880855", "mst_url": "https://www.marinetraffic.com/en/ais/search/all?keyword=9880855", "method": "v3_2pass_track3d_fromru10d", "ru_seen_in_lookback": true, "in_monitor_on_day": true}}, {"type": "Feature", "geometry": {"type": "Point", "coordinates": [6.047445, 59.37827666666667]}, "properties": {"label": "FJORDNES", "mmsi": "304829000", "imo": "9880855", "name": "FJORDNES", "shiptype": "", "first_seen_utc": "2026-01-11T00:08:36Z", "last_seen_utc": "2026-01-20T07:33:01Z", "destination": "NOJEL", "eta": "{'Day': 19, 'Hour': 11, 'Minute': 30, 'Month': 1}", "display": "FJORDNES (304829000)", "links": "<a href=\"https://www.vesselfinder.com/vessels?name=9880855\" target=\"_blank\" rel=\"noopener\">VesselFinder</a> | <a href=\"https://www.marinetraffic.com/en/ais/search/all?keyword=9880855\" target=\"_blank\" rel=\"noopener\">MarineTraffic</a>", "vf_url": "https://www.vesselfinder.com/vessels?name=9880855", "mst_url": "https://www.marinetraffic.com/en/ais/search/all?keyword=9880855", "method": "v3_2pass_track3d_fromru10d", "ru_seen_in_lookback": true, "in_monitor_on_day": true}}, {"type": "Feature", "geometry": {"type": "LineString", "coordinates": [[18.879815, 54.465133333333334], [18.879706666666667, 54.465045], [18.879836666666666, 54.46510166666667], [18.879916666666666, 54.46512], [18.879955, 54.465154999999996], [18.87976666666667, 54.46507166666667], [18.879768333333335, 54.465064999999996], [18.87989333333333, 54.465158333333335], [18.880115, 54.465270000000004], [18.880263333333335, 54.46528], [18.880280000000003, 54.465315000000004], [18.880353333333336, 54.46530166666666], [18.8802, 54.465313333333334], [18.880364999999998, 54.465345], [18.880375, 54.46530333333333], [18.880176666666667, 54.465241666666664], [18.880406666666666, 54.46529666666667], [18.880701666666667, 54.46541333333333], [18.880873333333334, 54.465349999999994], [18.880805000000002, 54.46541666666667], [18.880708333333335, 54.46539166666666], [18.88085166666667, 54.46544666666667], [18.881003333333336, 54.46544166666667], [18.88103166666667, 54.465505], [18.881206666666667, 54.46548833333333], [18.71876166666667, 54.405995]]}, "properties": {"label": "SILVERWAY", "mmsi": "636017059", "imo": "9742912", "name": "SILVERWAY", "shiptype": "", "first_seen_utc": "2026-01-11T00:08:59Z", "last_seen_utc": "2026-01-20T07:32:20Z", "destination": "PL GDN", "eta": "{'Day': 15, 'Hour': 10, 'Minute': 0, 'Month': 1}", "display": "", "links": "<a href=\"https://www.vesselfinder.com/vessels?name=9742912\" target=\"_blank\" rel=\"noopener\">VesselFinder</a> | <a href=\"https://www.marinetraffic.com/en/ais/search/all?keyword=9742912\" target=\"_blank\" rel=\"noopener\">MarineTraffic</a>", "vf_url": "https://www.vesselfinder.com/vessels?name=9742912", "mst_url": "https://www.marinetraffic.com/en/ais/search/all?keyword=9742912", "method": "v3_2pass_track3d_fromru10d", "ru_seen_in_lookback": true, "in_monitor_on_day": true}}, {"type": "Feature", "geometry": {"type": "Point", "coordinates": [18.71876166666667, 54.405995]}, "properties": {"label": "SILVERWAY", "mmsi": "636017059", "imo": "9742912", "name": "SILVERWAY", "shiptype": "", "first_seen_utc": "2026-01-11T00:08:59Z", "last_seen_utc": "2026-01-20T07:32:20Z", "destination": "PL GDN", "eta": "{'Day': 15, 'Hour': 10, 'Minute': 0, 'Month': 1}", "display": "SILVERWAY (636017059)", "links": "<a href=\"https://www.vesselfinder.com/vessels?name=9742912\" target=\"_blank\" rel=\"noopener\">VesselFinder</a> | <a href=\"https://www.marinetraffic.com/en/ais/search/all?keyword=9742912\" target=\"_blank\" rel=\"noopener\">MarineTraffic</a>", "vf_url": "https://www.vesselfinder.com/vessels?name=9742912", "mst_url": "https://www.marinetraffic.com/en/ais/search/all?keyword=9742912", "method": "v3_2pass_track3d_fromru10d", "ru_seen_in_lookback": true, "in_monitor_on_day": true}}, {"type": "Feature", "geometry": {"type": "LineString", "coordinates": [[18.80197666666667, 54.60348], [18.801965, 54.60347333333333], [18.80195666666667, 54.60350833333334], [18.801971666666667, 54.603500000000004], [18.801971666666667, 54.60349166666666], [18.802020000000002, 54.60348333333333], [18.801955, 54.60348833333333], [18.80199, 54.603494999999995], [18.801940000000002, 54.60352833333333], [18.801945, 54.60349166666666], [18.801935, 54.603471666666664], [18.801985, 54.60347], [18.802003333333335, 54.60348666666666], [18.80196, 54.60349333333333], [18.802003333333335, 54.603523333333335], [18.801948333333332, 54.60345333333333], [18.802, 54.603485], [18.801986666666668, 54.60349166666666], [18.801961666666667, 54.603485], [18.80197666666667, 54.60346666666667], [18.80195666666667, 54.603521666666666], [18.801981666666666, 54.60343666666667], [18.801916666666667, 54.603505000000006], [18.801966666666665, 54.603478333333335], [18.801993333333332, 54.60346833333333], [18.801971666666667, 54.60349333333333], [18.849503333333335, 54.63171]]}, "properties": {"label": "HEL 112", "mmsi": "261001880", "imo": "7625861", "name": "HEL 112", "shiptype": "", "first_seen_utc": "2026-01-11T00:09:22Z", "last_seen_utc": "2026-01-20T07:32:45Z", "destination": "KEEP SAFE DIST 03AFT", "eta": "{'Day': 1, 'Hour': 0, 'Minute': 0, 'Month': 1}", "display": "", "links": "<a href=\"https://www.vesselfinder.com/vessels?name=7625861\" target=\"_blank\" rel=\"noopener\">VesselFinder</a> | <a href=\"https://www.marinetraffic.com/en/ais/search/all?keyword=7625861\" target=\"_blank\" rel=\"noopener\">MarineTraffic</a>", "vf_url": "https://www.vesselfinder.com/vessels?name=7625861", "mst_url": "https://www.marinetraffic.com/en/ais/search/all?keyword=7625861", "method": "v3_2pass_track3d_fromru10d", "ru_seen_in_lookback": true, "in_monitor_on_day": true}}, {"type": "Feature", "geometry": {"type": "Point", "coordinates": [18.849503333333335, 54.63171]}, "properties": {"label": "HEL 112", "mmsi": "261001880", "imo": "7625861", "name": "HEL 112", "shiptype": "", "first_seen_utc": "2026-01-11T00:09:22Z", "last_seen_utc": "2026-01-20T07:32:45Z", "destination": "KEEP SAFE DIST 03AFT", "eta": "{'Day': 1, 'Hour': 0, 'Minute': 0, 'Month': 1}", "display": "HEL 112 (261001880)", "links": "<a href=\"https://www.vesselfinder.com/vessels?name=7625861\" target=\"_blank\" rel=\"noopener\">VesselFinder</a> | <a href=\"https://www.marinetraffic.com/en/ais/search/all?keyword=7625861\" target=\"_blank\" rel=\"noopener\">MarineTraffic</a>", "vf_url": "https://www.vesselfinder.com/vessels?name=7625861", "mst_url": "https://www.marinetraffic.com/en/ais/search/all?keyword=7625861", "method": "v3_2pass_track3d_fromru10d", "ru_seen_in_lookback": true, "in_monitor_on_day": true}}, {"type": "Feature", "geometry": {"type": "Point", "coordinates": [12.682173333333333, 55.70448333333333]}, "properties": {"label": "RADUGA ELECTRON", "mmsi": "209657000", "imo": "8207379", "name": "RADUGA ELECTRON", "shiptype": "", "first_seen_utc": "2026-01-11T00:09:32Z", "last_seen_utc": "2026-01-20T07:32:46Z", "destination": "SEVAG", "eta": "{'Day': 17, 'Hour': 9, 'Minute': 0, 'Month': 1}", "display": "RADUGA ELECTRON (209657000)", "links": "<a href=\"https://www.vesselfinder.com/vessels?name=8207379\" target=\"_blank\" rel=\"noopener\">VesselFinder</a> | <a href=\"https://www.marinetraffic.com/en/ais/search/all?keyword=8207379\" target=\"_blank\" rel=\"noopener\">MarineTraffic</a>", "vf_url": "https://www.vesselfinder.com/vessels?name=8207379", "mst_url": "https://www.marinetraffic.com/en/ais/search/all?keyword=8207379", "method": "v3_2pass_track3d_fromru10d", "ru_seen_in_lookback": true, "in_monitor_on_day": true}}, {"type": "Feature", "geometry": {"type": "LineString", "coordinates": [[18.730678333333334, 54.382945], [18.730253333333334, 54.382306666666665], [18.73075, 54.383045], [18.730633333333333, 54.38306166666667], [18.7306, 54.38295333333333], [18.730566666666668, 54.38305666666667], [18.730653333333333, 54.38305666666667], [18.730661666666666, 54.38286666666667], [18.730616666666666, 54.383111666666665], [18.730703333333334, 54.38308666666667], [18.73057, 54.38298333333333], [18.730353333333333, 54.383225], [18.730958333333334, 54.38315], [18.730566666666668, 54.383021666666664], [18.730486666666664, 54.382795], [18.73066, 54.38299], [18.730735, 54.38308333333334], [18.730371666666667, 54.38312166666666], [18.730778333333333, 54.38306333333333], [18.730765, 54.383255], [18.730731666666667, 54.38308333333334], [18.730771666666666, 54.38310833333333], [18.73062666666667, 54.383026666666666], [18.730726666666666, 54.38308333333334], [18.730853333333336, 54.383158333333334], [8.85772, 57.587761666666665]]}, "properties": {"label": "MSC FLAVIA", "mmsi": "373004000", "imo": "9467433", "name": "MSC FLAVIA", "shiptype": "", "first_seen_utc": "2026-01-11T00:09:42Z", "last_seen_utc": "2026-01-20T07:32:45Z", "destination": "PLGDN", "eta": "{'Day': 16, 'Hour': 21, 'Minute': 30, 'Month': 1}", "display": "", "links": "<a href=\"https://www.vesselfinder.com/vessels?name=9467433\" target=\"_blank\" rel=\"noopener\">VesselFinder</a> | <a href=\"https://www.marinetraffic.com/en/ais/search/all?keyword=9467433\" target=\"_blank\" rel=\"noopener\">MarineTraffic</a>", "vf_url": "https://www.vesselfinder.com/vessels?name=9467433", "mst_url": "https://www.marinetraffic.com/en/ais/search/all?keyword=9467433", "method": "v3_2pass_track3d_fromru10d", "ru_seen_in_lookback": true, "in_monitor_on_day": true}}, {"type": "Feature", "geometry": {"type": "Point", "coordinates": [8.85772, 57.587761666666665]}, "properties": {"label": "MSC FLAVIA", "mmsi": "373004000", "imo": "9467433", "name": "MSC FLAVIA", "shiptype": "", "first_seen_utc": "2026-01-11T00:09:42Z", "last_seen_utc": "2026-01-20T07:32:45Z", "destination": "PLGDN", "eta": "{'Day': 16, 'Hour': 21, 'Minute': 30, 'Month': 1}", "display": "MSC FLAVIA (373004000)", "links": "<a href=\"https://www.vesselfinder.com/vessels?name=9467433\" target=\"_blank\" rel=\"noopener\">VesselFinder</a> | <a href=\"https://www.marinetraffic.com/en/ais/search/all?keyword=9467433\" target=\"_blank\" rel=\"noopener\">MarineTraffic</a>", "vf_url": "https://www.vesselfinder.com/vessels?name=9467433", "mst_url": "https://www.marinetraffic.com/en/ais/search/all?keyword=9467433", "method": "v3_2pass_track3d_fromru10d", "ru_seen_in_lookback": true, "in_monitor_on_day": true}}, {"type": "Feature", "geometry": {"type": "LineString", "coordinates": [[12.26869, 54.62221], [12.22541, 54.542296666666665], [12.168311666666666, 54.446704999999994], [11.983096666666667, 54.44644666666667], [11.801459999999999, 54.45512166666666], [11.626001666666667, 54.485643333333336], [11.45298, 54.52818833333333], [11.271258333333332, 54.57498], [11.094473333333333, 54.63184833333333], [10.923319999999999, 54.68911666666667], [10.87485, 54.79098333333333], [10.903623333333334, 54.903425], [11.00348, 54.97631], [11.045918333333333, 55.0801], [11.086136666666667, 55.19097], [11.058513333333334, 55.292426666666664], [6.49127, 57.865795000000006]]}, "properties": {"label": "FRONT ALTAIR", "mmsi": "538007007", "imo": "9745902", "name": "FRONT ALTAIR", "shiptype": "", "first_seen_utc": "2026-01-11T00:12:31Z", "last_seen_utc": "2026-01-20T07:33:26Z", "destination": "SEGOT", "eta": "{'Day': 19, 'Hour': 2, 'Minute': 0, 'Month': 1}", "display": "", "links": "<a href=\"https://www.vesselfinder.com/vessels?name=9745902\" target=\"_blank\" rel=\"noopener\">VesselFinder</a> | <a href=\"https://www.marinetraffic.com/en/ais/search/all?keyword=9745902\" target=\"_blank\" rel=\"noopener\">MarineTraffic</a>", "vf_url": "https://www.vesselfinder.com/vessels?name=9745902", "mst_url": "https://www.marinetraffic.com/en/ais/search/all?keyword=9745902", "method": "v3_2pass_track3d_fromru10d", "ru_seen_in_lookback": true, "in_monitor_on_day": true}}, {"type": "Feature", "geometry": {"type": "Point", "coordinates": [6.49127, 57.865795000000006]}, "properties": {"label": "FRONT ALTAIR", "mmsi": "538007007", "imo": "9745902", "name": "FRONT ALTAIR", "shiptype": "", "first_seen_utc": "2026-01-11T00:12:31Z", "last_seen_utc": "2026-01-20T07:33:26Z", "destination": "SEGOT", "eta": "{'Day': 19, 'Hour': 2, 'Minute': 0, 'Month': 1}", "display": "FRONT ALTAIR (538007007)", "links": "<a href=\"https://www.vesselfinder.com/vessels?name=9745902\" target=\"_blank\" rel=\"noopener\">VesselFinder</a> | <a href=\"https://www.marinetraffic.com/en/ais/search/all?keyword=9745902\" target=\"_blank\" rel=\"noopener\">MarineTraffic</a>", "vf_url": "https://www.vesselfinder.com/vessels?name=9745902", "mst_url": "https://www.marinetraffic.com/en/ais/search/all?keyword=9745902", "method": "v3_2pass_track3d_fromru10d", "ru_seen_in_lookback": true, "in_monitor_on_day": true}}, {"type": "Feature", "geometry": {"type": "Point", "coordinates": [9.188466666666667, 57.7169]}, "properties": {"label": "ARAGONITH", "mmsi": "209672000", "imo": "9164081", "name": "ARAGONITH", "shiptype": "", "first_seen_utc": "2026-01-11T00:13:26Z", "last_seen_utc": "2026-01-20T07:34:01Z", "destination": "DE LBM", "eta": "{'Day': 15, 'Hour': 21, 'Minute': 0, 'Month': 1}", "display": "ARAGONITH (209672000)", "links": "<a href=\"https://www.vesselfinder.com/vessels?name=9164081\" target=\"_blank\" rel=\"noopener\">VesselFinder</a> | <a href=\"https://www.marinetraffic.com/en/ais/search/all?keyword=9164081\" target=\"_blank\" rel=\"noopener\">MarineTraffic</a>", "vf_url": "https://www.vesselfinder.com/vessels?name=9164081", "mst_url": "https://www.marinetraffic.com/en/ais/search/all?keyword=9164081", "method": "v3_2pass_track3d_fromru10d", "ru_seen_in_lookback": true, "in_monitor_on_day": true}}, {"type": "Feature", "geometry": {"type": "LineString", "coordinates": [[18.80079, 54.60221], [18.80078, 54.6022], [18.800765000000002, 54.6022], [18.80079, 54.6022], [18.80077, 54.602215], [18.80078, 54.602215], [18.800795, 54.6022], [18.800774999999998, 54.602195], [18.800795, 54.602205000000005], [18.800774999999998, 54.602205000000005], [18.80077, 54.602205000000005], [18.80076, 54.60221], [18.800755, 54.602215], [18.80076, 54.6022], [18.800785, 54.60222], [18.800785, 54.602205000000005], [18.800765000000002, 54.60221], [18.800765000000002, 54.602195], [18.80077, 54.602205000000005], [18.80077, 54.602205000000005], [18.800795, 54.602185], [18.80076, 54.602215], [18.80077, 54.6022], [18.800785, 54.602195], [18.800774999999998, 54.602205000000005], [18.80076, 54.6022], [18.93957, 54.489525]]}, "properties": {"label": "LEB 62", "mmsi": "261013840", "imo": "", "name": "LEB 62", "shiptype": "", "first_seen_utc": "2026-01-11T00:16:20Z", "last_seen_utc": "2026-01-20T07:32:16Z", "destination": "KEEP SAFE DIST 03AFT", "eta": "{'Day': 0, 'Hour': 24, 'Minute': 60, 'Month': 0}", "display": "", "links": "<a href=\"https://www.vesselfinder.com/vessels?name=261013840\" target=\"_blank\" rel=\"noopener\">VesselFinder</a> | <a href=\"https://www.marinetraffic.com/en/ais/search/all?keyword=261013840\" target=\"_blank\" rel=\"noopener\">MarineTraffic</a>", "vf_url": "https://www.vesselfinder.com/vessels?name=261013840", "mst_url": "https://www.marinetraffic.com/en/ais/search/all?keyword=261013840", "method": "v3_2pass_track3d_fromru10d", "ru_seen_in_lookback": true, "in_monitor_on_day": true}}, {"type": "Feature", "geometry": {"type": "Point", "coordinates": [18.93957, 54.489525]}, "properties": {"label": "LEB 62", "mmsi": "261013840", "imo": "", "name": "LEB 62", "shiptype": "", "first_seen_utc": "2026-01-11T00:16:20Z", "last_seen_utc": "2026-01-20T07:32:16Z", "destination": "KEEP SAFE DIST 03AFT", "eta": "{'Day': 0, 'Hour': 24, 'Minute': 60, 'Month': 0}", "display": "LEB 62 (261013840)", "links": "<a href=\"https://www.vesselfinder.com/vessels?name=261013840\" target=\"_blank\" rel=\"noopener\">VesselFinder</a> | <a href=\"https://www.marinetraffic.com/en/ais/search/all?keyword=261013840\" target=\"_blank\" rel=\"noopener\">MarineTraffic</a>", "vf_url": "https://www.vesselfinder.com/vessels?name=261013840", "mst_url": "https://www.marinetraffic.com/en/ais/search/all?keyword=261013840", "method": "v3_2pass_track3d_fromru10d", "ru_seen_in_lookback": true, "in_monitor_on_day": true}}, {"type": "Feature", "geometry": {"type": "LineString", "coordinates": [[18.802226666666666, 54.60227833333333], [18.80222, 54.60227833333333], [18.802239999999998, 54.602293333333336], [18.80223, 54.602275], [18.80221, 54.60228333333334], [18.802226666666666, 54.602265], [18.80223, 54.60228166666666], [18.802218333333332, 54.60228333333334], [18.802205, 54.602268333333335], [18.802231666666668, 54.60228333333334], [18.802233333333334, 54.60228333333334], [18.802225, 54.60227166666667], [18.802223333333334, 54.60228], [18.802228333333336, 54.60228333333334], [18.802231666666668, 54.60228], [18.802231666666668, 54.60227], [18.80224666666667, 54.60228333333334], [18.802253333333333, 54.60228333333334], [18.802216666666666, 54.602275], [18.802223333333334, 54.60228333333334], [18.802228333333336, 54.60228], [18.802221666666664, 54.602275], [18.802225, 54.60227333333333], [18.802226666666666, 54.602255], [18.80223, 54.602266666666665], [18.802231666666668, 54.60227333333333], [18.793478333333333, 54.69144666666667]]}, "properties": {"label": "JAS-76", "mmsi": "261007950", "imo": "", "name": "JAS-76", "shiptype": "", "first_seen_utc": "2026-01-11T00:16:24Z", "last_seen_utc": "2026-01-20T07:32:04Z", "destination": "HEL", "eta": "{'Day': 15, 'Hour': 13, 'Minute': 40, 'Month': 1}", "display": "", "links": "<a href=\"https://www.vesselfinder.com/vessels?name=261007950\" target=\"_blank\" rel=\"noopener\">VesselFinder</a> | <a href=\"https://www.marinetraffic.com/en/ais/search/all?keyword=261007950\" target=\"_blank\" rel=\"noopener\">MarineTraffic</a>", "vf_url": "https://www.vesselfinder.com/vessels?name=261007950", "mst_url": "https://www.marinetraffic.com/en/ais/search/all?keyword=261007950", "method": "v3_2pass_track3d_fromru10d", "ru_seen_in_lookback": true, "in_monitor_on_day": true}}, {"type": "Feature", "geometry": {"type": "Point", "coordinates": [18.793478333333333, 54.69144666666667]}, "properties": {"label": "JAS-76", "mmsi": "261007950", "imo": "", "name": "JAS-76", "shiptype": "", "first_seen_utc": "2026-01-11T00:16:24Z", "last_seen_utc": "2026-01-20T07:32:04Z", "destination": "HEL", "eta": "{'Day': 15, 'Hour': 13, 'Minute': 40, 'Month': 1}", "display": "JAS-76 (261007950)", "links": "<a href=\"https://www.vesselfinder.com/vessels?name=261007950\" target=\"_blank\" rel=\"noopener\">VesselFinder</a> | <a href=\"https://www.marinetraffic.com/en/ais/search/all?keyword=261007950\" target=\"_blank\" rel=\"noopener\">MarineTraffic</a>", "vf_url": "https://www.vesselfinder.com/vessels?name=261007950", "mst_url": "https://www.marinetraffic.com/en/ais/search/all?keyword=261007950", "method": "v3_2pass_track3d_fromru10d", "ru_seen_in_lookback": true, "in_monitor_on_day": true}}, {"type": "Feature", "geometry": {"type": "LineString", "coordinates": [[9.914285, 53.529788333333336], [9.91431, 53.52978333333333], [9.914296666666667, 53.529781666666665], [9.914285, 53.5298], [9.914285, 53.52979166666667], [9.914298333333333, 53.52978333333333], [9.914288333333333, 53.52978333333333], [9.914281666666666, 53.529790000000006], [9.914285, 53.529790000000006], [9.904518333333334, 53.53675], [9.95037, 53.535351666666664], [9.950366666666667, 53.535351666666664], [9.95038, 53.53536333333333], [9.950363333333334, 53.53534833333333], [9.950371666666666, 53.535358333333335], [9.950373333333333, 53.535345], [9.950368333333333, 53.53534166666667], [9.950365, 53.53534833333333], [9.950351666666668, 53.53536666666666], [9.95037, 53.535345], [9.950366666666667, 53.535345], [9.950376666666667, 53.53535], [9.950378333333333, 53.535351666666664], [9.95038, 53.53534333333334], [9.950376666666667, 53.53534666666667], [9.937503333333332, 53.50582833333333]]}, "properties": {"label": "ELBWAVE", "mmsi": "209276000", "imo": "9504035", "name": "ELBWAVE", "shiptype": "", "first_seen_utc": "2026-01-11T00:17:08Z", "last_seen_utc": "2026-01-20T07:34:33Z", "destination": "DEHAM", "eta": "{'Day': 20, 'Hour': 1, 'Minute': 0, 'Month': 1}", "display": "", "links": "<a href=\"https://www.vesselfinder.com/vessels?name=9504035\" target=\"_blank\" rel=\"noopener\">VesselFinder</a> | <a href=\"https://www.marinetraffic.com/en/ais/search/all?keyword=9504035\" target=\"_blank\" rel=\"noopener\">MarineTraffic</a>", "vf_url": "https://www.vesselfinder.com/vessels?name=9504035", "mst_url": "https://www.marinetraffic.com/en/ais/search/all?keyword=9504035", "method": "v3_2pass_track3d_fromru10d", "ru_seen_in_lookback": true, "in_monitor_on_day": true}}, {"type": "Feature", "geometry": {"type": "Point", "coordinates": [9.937503333333332, 53.50582833333333]}, "properties": {"label": "ELBWAVE", "mmsi": "209276000", "imo": "9504035", "name": "ELBWAVE", "shiptype": "", "first_seen_utc": "2026-01-11T00:17:08Z", "last_seen_utc": "2026-01-20T07:34:33Z", "destination": "DEHAM", "eta": "{'Day': 20, 'Hour': 1, 'Minute': 0, 'Month': 1}", "display": "ELBWAVE (209276000)", "links": "<a href=\"https://www.vesselfinder.com/vessels?name=9504035\" target=\"_blank\" rel=\"noopener\">VesselFinder</a> | <a href=\"https://www.marinetraffic.com/en/ais/search/all?keyword=9504035\" target=\"_blank\" rel=\"noopener\">MarineTraffic</a>", "vf_url": "https://www.vesselfinder.com/vessels?name=9504035", "mst_url": "https://www.marinetraffic.com/en/ais/search/all?keyword=9504035", "method": "v3_2pass_track3d_fromru10d", "ru_seen_in_lookback": true, "in_monitor_on_day": true}}, {"type": "Feature", "geometry": {"type": "LineString", "coordinates": [[18.558100000000003, 54.52706], [18.55807666666667, 54.527065], [18.558046666666666, 54.52703666666666], [18.558073333333333, 54.527051666666665], [18.558075, 54.52704166666667], [18.558049999999998, 54.52703833333333], [18.55809, 54.52706833333333], [18.558085000000002, 54.527058333333336], [18.55810166666667, 54.52705], [18.558061666666667, 54.527065], [18.558043333333334, 54.52703833333333], [18.558049999999998, 54.527008333333335], [18.558096666666664, 54.52703833333333], [18.55806833333333, 54.52703666666666], [18.55805333333333, 54.52702], [18.55806833333333, 54.52704166666667], [18.558081666666666, 54.52701666666667], [18.55806833333333, 54.52706333333333], [18.55809, 54.52704333333334], [18.558051666666664, 54.52704166666667], [18.558111666666665, 54.52704166666667], [18.558078333333334, 54.52704333333334], [18.558058333333335, 54.527045], [18.558048333333332, 54.52705666666667], [14.857940000000001, 56.10766]]}, "properties": {"label": "DREAM SYRAX", "mmsi": "255915968", "imo": "9719513", "name": "DREAM SYRAX", "shiptype": "", "first_seen_utc": "2026-01-11T00:17:49Z", "last_seen_utc": "2026-01-20T07:32:59Z", "destination": "SE KAN", "eta": "{'Day': 19, 'Hour': 8, 'Minute': 0, 'Month': 1}", "display": "", "links": "<a href=\"https://www.vesselfinder.com/vessels?name=9719513\" target=\"_blank\" rel=\"noopener\">VesselFinder</a> | <a href=\"https://www.marinetraffic.com/en/ais/search/all?keyword=9719513\" target=\"_blank\" rel=\"noopener\">MarineTraffic</a>", "vf_url": "https://www.vesselfinder.com/vessels?name=9719513", "mst_url": "https://www.marinetraffic.com/en/ais/search/all?keyword=9719513", "method": "v3_2pass_track3d_fromru10d", "ru_seen_in_lookback": true, "in_monitor_on_day": true}}, {"type": "Feature", "geometry": {"type": "Point", "coordinates": [14.857940000000001, 56.10766]}, "properties": {"label": "DREAM SYRAX", "mmsi": "255915968", "imo": "9719513", "name": "DREAM SYRAX", "shiptype": "", "first_seen_utc": "2026-01-11T00:17:49Z", "last_seen_utc": "2026-01-20T07:32:59Z", "destination": "SE KAN", "eta": "{'Day': 19, 'Hour': 8, 'Minute': 0, 'Month': 1}", "display": "DREAM SYRAX (255915968)", "links": "<a href=\"https://www.vesselfinder.com/vessels?name=9719513\" target=\"_blank\" rel=\"noopener\">VesselFinder</a> | <a href=\"https://www.marinetraffic.com/en/ais/search/all?keyword=9719513\" target=\"_blank\" rel=\"noopener\">MarineTraffic</a>", "vf_url": "https://www.vesselfinder.com/vessels?name=9719513", "mst_url": "https://www.marinetraffic.com/en/ais/search/all?keyword=9719513", "method": "v3_2pass_track3d_fromru10d", "ru_seen_in_lookback": true, "in_monitor_on_day": true}}, {"type": "Feature", "geometry": {"type": "Point", "coordinates": [-0.9903416666666666, 54.81071166666666]}, "properties": {"label": "LUZON SPIRIT", "mmsi": "311000467", "imo": "9572276", "name": "LUZON SPIRIT", "shiptype": "", "first_seen_utc": "2026-01-11T00:18:03Z", "last_seen_utc": "2026-01-20T07:32:14Z", "destination": "GBTEE", "eta": "{'Day': 19, 'Hour': 19, 'Minute': 0, 'Month': 1}", "display": "LUZON SPIRIT (311000467)", "links": "<a href=\"https://www.vesselfinder.com/vessels?name=9572276\" target=\"_blank\" rel=\"noopener\">VesselFinder</a> | <a href=\"https://www.marinetraffic.com/en/ais/search/all?keyword=9572276\" target=\"_blank\" rel=\"noopener\">MarineTraffic</a>", "vf_url": "https://www.vesselfinder.com/vessels?name=9572276", "mst_url": "https://www.marinetraffic.com/en/ais/search/all?keyword=9572276", "method": "v3_2pass_track3d_fromru10d", "ru_seen_in_lookback": true, "in_monitor_on_day": true}}, {"type": "Feature", "geometry": {"type": "Point", "coordinates": [18.664938333333335, 54.37105833333333]}, "properties": {"label": "KAMILLA", "mmsi": "305108000", "imo": "9427081", "name": "KAMILLA", "shiptype": "", "first_seen_utc": "2026-01-11T00:18:18Z", "last_seen_utc": "2026-01-20T07:33:46Z", "destination": "RUVYG", "eta": "{'Day': 13, 'Hour': 14, 'Minute': 0, 'Month': 1}", "display": "KAMILLA (305108000)", "links": "<a href=\"https://www.vesselfinder.com/vessels?name=9427081\" target=\"_blank\" rel=\"noopener\">VesselFinder</a> | <a href=\"https://www.marinetraffic.com/en/ais/search/all?keyword=9427081\" target=\"_blank\" rel=\"noopener\">MarineTraffic</a>", "vf_url": "https://www.vesselfinder.com/vessels?name=9427081", "mst_url": "https://www.marinetraffic.com/en/ais/search/all?keyword=9427081", "method": "v3_2pass_track3d_fromru10d", "ru_seen_in_lookback": true, "in_monitor_on_day": true}}, {"type": "Feature", "geometry": {"type": "LineString", "coordinates": [[18.803391666666666, 54.601081666666666], [18.803411666666666, 54.60107333333334], [18.803406666666667, 54.60109], [18.803405, 54.601085], [18.803406666666667, 54.601081666666666], [18.803403333333332, 54.60108], [18.803396666666668, 54.601081666666666], [18.803398333333334, 54.601085], [18.803396666666668, 54.601081666666666], [18.8034, 54.601083333333335], [18.803396666666668, 54.60108], [18.803395000000002, 54.60108], [18.803406666666667, 54.60108], [18.803403333333332, 54.601083333333335], [18.803405, 54.60109166666667], [18.803398333333334, 54.60109], [18.803396666666668, 54.60108666666667], [18.803411666666666, 54.60108], [18.803423333333335, 54.60108666666667], [18.803425, 54.60108666666667], [18.803416666666667, 54.601081666666666], [18.803426666666667, 54.60109166666667], [18.80341333333333, 54.60109], [18.803411666666666, 54.601081666666666], [18.803406666666667, 54.601085], [18.803416666666667, 54.601105], [18.849246666666666, 54.653505]]}, "properties": {"label": "WLA-220", "mmsi": "261002913", "imo": "", "name": "WLA-220", "shiptype": "", "first_seen_utc": "2026-01-11T00:19:34Z", "last_seen_utc": "2026-01-20T07:32:42Z", "destination": "WLADYSLAWOWO", "eta": "{'Day': 27, 'Hour': 9, 'Minute': 20, 'Month': 8}", "display": "", "links": "<a href=\"https://www.vesselfinder.com/vessels?name=261002913\" target=\"_blank\" rel=\"noopener\">VesselFinder</a> | <a href=\"https://www.marinetraffic.com/en/ais/search/all?keyword=261002913\" target=\"_blank\" rel=\"noopener\">MarineTraffic</a>", "vf_url": "https://www.vesselfinder.com/vessels?name=261002913", "mst_url": "https://www.marinetraffic.com/en/ais/search/all?keyword=261002913", "method": "v3_2pass_track3d_fromru10d", "ru_seen_in_lookback": true, "in_monitor_on_day": true}}, {"type": "Feature", "geometry": {"type": "Point", "coordinates": [18.849246666666666, 54.653505]}, "properties": {"label": "WLA-220", "mmsi": "261002913", "imo": "", "name": "WLA-220", "shiptype": "", "first_seen_utc": "2026-01-11T00:19:34Z", "last_seen_utc": "2026-01-20T07:32:42Z", "destination": "WLADYSLAWOWO", "eta": "{'Day': 27, 'Hour': 9, 'Minute': 20, 'Month': 8}", "display": "WLA-220 (261002913)", "links": "<a href=\"https://www.vesselfinder.com/vessels?name=261002913\" target=\"_blank\" rel=\"noopener\">VesselFinder</a> | <a href=\"https://www.marinetraffic.com/en/ais/search/all?keyword=261002913\" target=\"_blank\" rel=\"noopener\">MarineTraffic</a>", "vf_url": "https://www.vesselfinder.com/vessels?name=261002913", "mst_url": "https://www.marinetraffic.com/en/ais/search/all?keyword=261002913", "method": "v3_2pass_track3d_fromru10d", "ru_seen_in_lookback": true, "in_monitor_on_day": true}}, {"type": "Feature", "geometry": {"type": "LineString", "coordinates": [[20.408906666666667, 55.719028333333334], [18.986266666666666, 55.09372333333333], [18.988463333333335, 54.963595000000005], [19.003053333333334, 54.83409166666667], [14.518871666666666, 55.377658333333336]]}, "properties": {"label": "CMA CGM ERMITAGE", "mmsi": "256800000", "imo": "9961295", "name": "CMA CGM ERMITAGE", "shiptype": "", "first_seen_utc": "2026-01-11T00:19:46Z", "last_seen_utc": "2026-01-20T07:34:00Z", "destination": "PLGDN", "eta": "{'Day': 18, 'Hour': 14, 'Minute': 0, 'Month': 1}", "display": "", "links": "<a href=\"https://www.vesselfinder.com/vessels?name=9961295\" target=\"_blank\" rel=\"noopener\">VesselFinder</a> | <a href=\"https://www.marinetraffic.com/en/ais/search/all?keyword=9961295\" target=\"_blank\" rel=\"noopener\">MarineTraffic</a>", "vf_url": "https://www.vesselfinder.com/vessels?name=9961295", "mst_url": "https://www.marinetraffic.com/en/ais/search/all?keyword=9961295", "method": "v3_2pass_track3d_fromru10d", "ru_seen_in_lookback": true, "in_monitor_on_day": true}}, {"type": "Feature", "geometry": {"type": "Point", "coordinates": [14.518871666666666, 55.377658333333336]}, "properties": {"label": "CMA CGM ERMITAGE", "mmsi": "256800000", "imo": "9961295", "name": "CMA CGM ERMITAGE", "shiptype": "", "first_seen_utc": "2026-01-11T00:19:46Z", "last_seen_utc": "2026-01-20T07:34:00Z", "destination": "PLGDN", "eta": "{'Day': 18, 'Hour': 14, 'Minute': 0, 'Month': 1}", "display": "CMA CGM ERMITAGE (256800000)", "links": "<a href=\"https://www.vesselfinder.com/vessels?name=9961295\" target=\"_blank\" rel=\"noopener\">VesselFinder</a> | <a href=\"https://www.marinetraffic.com/en/ais/search/all?keyword=9961295\" target=\"_blank\" rel=\"noopener\">MarineTraffic</a>", "vf_url": "https://www.vesselfinder.com/vessels?name=9961295", "mst_url": "https://www.marinetraffic.com/en/ais/search/all?keyword=9961295", "method": "v3_2pass_track3d_fromru10d", "ru_seen_in_lookback": true, "in_monitor_on_day": true}}, {"type": "Feature", "geometry": {"type": "LineString", "coordinates": [[18.802371666666666, 54.602938333333334], [18.802380000000003, 54.602935], [18.80239, 54.602941666666666], [18.802358333333334, 54.60293166666667], [18.80236, 54.602925], [18.802385, 54.60293], [18.802374999999998, 54.60293166666667], [18.802371666666666, 54.602941666666666], [18.802374999999998, 54.602918333333335], [18.802423333333333, 54.60294833333333], [18.802363333333336, 54.60289833333333], [18.802366666666668, 54.602935], [18.8024, 54.60289833333333], [18.802366666666668, 54.60295166666666], [18.802408333333336, 54.602935], [18.802363333333336, 54.602909999999994], [18.80237, 54.602938333333334], [18.802383333333335, 54.60293333333333], [18.8024, 54.602936666666665], [18.80238166666667, 54.60293333333333], [18.802374999999998, 54.602941666666666], [18.802406666666666, 54.6029], [18.802383333333335, 54.60295166666666], [18.802385, 54.602936666666665], [18.802363333333336, 54.60294666666667], [18.80238166666667, 54.60295333333333], [18.858713333333334, 54.594633333333334]]}, "properties": {"label": "HEL-150", "mmsi": "261003910", "imo": "8600260", "name": "HEL-150", "shiptype": "", "first_seen_utc": "2026-01-11T00:20:17Z", "last_seen_utc": "2026-01-20T07:32:52Z", "destination": "KEEP SAFE DISTANCE", "eta": "{'Day': 14, 'Hour': 21, 'Minute': 0, 'Month': 11}", "display": "", "links": "<a href=\"https://www.vesselfinder.com/vessels?name=8600260\" target=\"_blank\" rel=\"noopener\">VesselFinder</a> | <a href=\"https://www.marinetraffic.com/en/ais/search/all?keyword=8600260\" target=\"_blank\" rel=\"noopener\">MarineTraffic</a>", "vf_url": "https://www.vesselfinder.com/vessels?name=8600260", "mst_url": "https://www.marinetraffic.com/en/ais/search/all?keyword=8600260", "method": "v3_2pass_track3d_fromru10d", "ru_seen_in_lookback": true, "in_monitor_on_day": true}}, {"type": "Feature", "geometry": {"type": "Point", "coordinates": [18.858713333333334, 54.594633333333334]}, "properties": {"label": "HEL-150", "mmsi": "261003910", "imo": "8600260", "name": "HEL-150", "shiptype": "", "first_seen_utc": "2026-01-11T00:20:17Z", "last_seen_utc": "2026-01-20T07:32:52Z", "destination": "KEEP SAFE DISTANCE", "eta": "{'Day': 14, 'Hour': 21, 'Minute': 0, 'Month': 11}", "display": "HEL-150 (261003910)", "links": "<a href=\"https://www.vesselfinder.com/vessels?name=8600260\" target=\"_blank\" rel=\"noopener\">VesselFinder</a> | <a href=\"https://www.marinetraffic.com/en/ais/search/all?keyword=8600260\" target=\"_blank\" rel=\"noopener\">MarineTraffic</a>", "vf_url": "https://www.vesselfinder.com/vessels?name=8600260", "mst_url": "https://www.marinetraffic.com/en/ais/search/all?keyword=8600260", "method": "v3_2pass_track3d_fromru10d", "ru_seen_in_lookback": true, "in_monitor_on_day": true}}, {"type": "Feature", "geometry": {"type": "LineString", "coordinates": [[19.04721, 55.60847833333333], [18.980103333333332, 55.487766666666666], [18.990560000000002, 55.363791666666664], [10.92564, 54.59491]]}, "properties": {"label": "ESPERANCE", "mmsi": "244265000", "imo": "9491484", "name": "ESPERANCE", "shiptype": "", "first_seen_utc": "2026-01-11T00:22:37Z", "last_seen_utc": "2026-01-20T07:32:32Z", "destination": "PL GDN", "eta": "{'Day': 18, 'Hour': 17, 'Minute': 0, 'Month': 1}", "display": "", "links": "<a href=\"https://www.vesselfinder.com/vessels?name=9491484\" target=\"_blank\" rel=\"noopener\">VesselFinder</a> | <a href=\"https://www.marinetraffic.com/en/ais/search/all?keyword=9491484\" target=\"_blank\" rel=\"noopener\">MarineTraffic</a>", "vf_url": "https://www.vesselfinder.com/vessels?name=9491484", "mst_url": "https://www.marinetraffic.com/en/ais/search/all?keyword=9491484", "method": "v3_2pass_track3d_fromru10d", "ru_seen_in_lookback": true, "in_monitor_on_day": true}}, {"type": "Feature", "geometry": {"type": "Point", "coordinates": [10.92564, 54.59491]}, "properties": {"label": "ESPERANCE", "mmsi": "244265000", "imo": "9491484", "name": "ESPERANCE", "shiptype": "", "first_seen_utc": "2026-01-11T00:22:37Z", "last_seen_utc": "2026-01-20T07:32:32Z", "destination": "PL GDN", "eta": "{'Day': 18, 'Hour': 17, 'Minute': 0, 'Month': 1}", "display": "ESPERANCE (244265000)", "links": "<a href=\"https://www.vesselfinder.com/vessels?name=9491484\" target=\"_blank\" rel=\"noopener\">VesselFinder</a> | <a href=\"https://www.marinetraffic.com/en/ais/search/all?keyword=9491484\" target=\"_blank\" rel=\"noopener\">MarineTraffic</a>", "vf_url": "https://www.vesselfinder.com/vessels?name=9491484", "mst_url": "https://www.marinetraffic.com/en/ais/search/all?keyword=9491484", "method": "v3_2pass_track3d_fromru10d", "ru_seen_in_lookback": true, "in_monitor_on_day": true}}, {"type": "Feature", "geometry": {"type": "LineString", "coordinates": [[19.01873, 54.81271666666667], [19.02615666666667, 54.82517], [19.039656666666666, 54.836735], [19.055143333333334, 54.84742166666667], [19.066738333333333, 54.85711666666667], [19.07689, 54.86705833333333], [19.895005, 54.88032166666667], [19.06374333333333, 54.85115], [19.038875, 54.81369666666667], [19.032676666666667, 54.77363166666667], [19.024701666666665, 54.771229999999996], [19.016118333333335, 54.778893333333336], [19.011073333333332, 54.789155], [19.01153, 54.802119999999995], [19.018398333333334, 54.815565], [19.03148, 54.830056666666664], [19.04512, 54.84198666666667], [19.057268333333333, 54.85304833333333], [19.070648333333335, 54.86465833333333], [19.084936666666668, 54.876675], [19.102255, 54.88859333333333], [19.12530333333333, 54.90103833333333], [19.146606666666667, 54.911206666666665], [19.16865, 54.91961], [19.187568333333335, 54.92653333333333], [18.53817666666667, 54.536728333333336]]}, "properties": {"label": "MSC CALYPSO", "mmsi": "636022443", "imo": "9932036", "name": "MSC CALYPSO", "shiptype": "", "first_seen_utc": "2026-01-11T00:22:56Z", "last_seen_utc": "2026-01-20T07:32:40Z", "destination": "PLGDY", "eta": "{'Day': 17, 'Hour': 6, 'Minute': 30, 'Month': 1}", "display": "", "links": "<a href=\"https://www.vesselfinder.com/vessels?name=9932036\" target=\"_blank\" rel=\"noopener\">VesselFinder</a> | <a href=\"https://www.marinetraffic.com/en/ais/search/all?keyword=9932036\" target=\"_blank\" rel=\"noopener\">MarineTraffic</a>", "vf_url": "https://www.vesselfinder.com/vessels?name=9932036", "mst_url": "https://www.marinetraffic.com/en/ais/search/all?keyword=9932036", "method": "v3_2pass_track3d_fromru10d", "ru_seen_in_lookback": true, "in_monitor_on_day": true}}, {"type": "Feature", "geometry": {"type": "Point", "coordinates": [18.53817666666667, 54.536728333333336]}, "properties": {"label": "MSC CALYPSO", "mmsi": "636022443", "imo": "9932036", "name": "MSC CALYPSO", "shiptype": "", "first_seen_utc": "2026-01-11T00:22:56Z", "last_seen_utc": "2026-01-20T07:32:40Z", "destination": "PLGDY", "eta": "{'Day': 17, 'Hour': 6, 'Minute': 30, 'Month': 1}", "display": "MSC CALYPSO (636022443)", "links": "<a href=\"https://www.vesselfinder.com/vessels?name=9932036\" target=\"_blank\" rel=\"noopener\">VesselFinder</a> | <a href=\"https://www.marinetraffic.com/en/ais/search/all?keyword=9932036\" target=\"_blank\" rel=\"noopener\">MarineTraffic</a>", "vf_url": "https://www.vesselfinder.com/vessels?name=9932036", "mst_url": "https://www.marinetraffic.com/en/ais/search/all?keyword=9932036", "method": "v3_2pass_track3d_fromru10d", "ru_seen_in_lookback": true, "in_monitor_on_day": true}}, {"type": "Feature", "geometry": {"type": "LineString", "coordinates": [[18.530618333333333, 54.536748333333335], [18.530638333333332, 54.53673833333333], [18.530613333333335, 54.53676333333333], [18.53061166666667, 54.53675], [18.5306, 54.53675333333333], [18.5306, 54.536755], [18.530628333333333, 54.536748333333335], [18.530578333333334, 54.53675166666667], [18.530585, 54.536728333333336], [18.530595, 54.536759999999994], [18.530598333333334, 54.53675666666666], [18.53061166666667, 54.53676666666667], [18.530598333333334, 54.53675], [18.530610000000003, 54.536764999999995], [18.530626666666667, 54.53675666666666], [18.530604999999998, 54.53675], [18.530618333333333, 54.536755], [18.530626666666667, 54.536743333333334], [18.53062, 54.53675166666667], [18.530613333333335, 54.536744999999996], [18.53061166666667, 54.536741666666664], [18.530598333333334, 54.536759999999994], [18.530576666666665, 54.536755], [18.530613333333335, 54.53675666666666], [18.53060833333333, 54.53675666666666], [18.53062333333333, 54.536743333333334]]}, "properties": {"label": "LEOPARD", "mmsi": "576909000", "imo": "6819697", "name": "LEOPARD", "shiptype": "", "first_seen_utc": "2026-01-11T00:24:45Z", "last_seen_utc": "2026-01-20T07:33:15Z", "destination": "PLGDY", "eta": "{'Day': 14, 'Hour': 16, 'Minute': 0, 'Month': 1}", "display": "", "links": "<a href=\"https://www.vesselfinder.com/vessels?name=6819697\" target=\"_blank\" rel=\"noopener\">VesselFinder</a> | <a href=\"https://www.marinetraffic.com/en/ais/search/all?keyword=6819697\" target=\"_blank\" rel=\"noopener\">MarineTraffic</a>", "vf_url": "https://www.vesselfinder.com/vessels?name=6819697", "mst_url": "https://www.marinetraffic.com/en/ais/search/all?keyword=6819697", "method": "v3_2pass_track3d_fromru10d", "ru_seen_in_lookback": true, "in_monitor_on_day": true}}, {"type": "Feature", "geometry": {"type": "Point", "coordinates": [18.53062333333333, 54.536743333333334]}, "properties": {"label": "LEOPARD", "mmsi": "576909000", "imo": "6819697", "name": "LEOPARD", "shiptype": "", "first_seen_utc": "2026-01-11T00:24:45Z", "last_seen_utc": "2026-01-20T07:33:15Z", "destination": "PLGDY", "eta": "{'Day': 14, 'Hour': 16, 'Minute': 0, 'Month': 1}", "display": "LEOPARD (576909000)", "links": "<a href=\"https://www.vesselfinder.com/vessels?name=6819697\" target=\"_blank\" rel=\"noopener\">VesselFinder</a> | <a href=\"https://www.marinetraffic.com/en/ais/search/all?keyword=6819697\" target=\"_blank\" rel=\"noopener\">MarineTraffic</a>", "vf_url": "https://www.vesselfinder.com/vessels?name=6819697", "mst_url": "https://www.marinetraffic.com/en/ais/search/all?keyword=6819697", "method": "v3_2pass_track3d_fromru10d", "ru_seen_in_lookback": true, "in_monitor_on_day": true}}, {"type": "Feature", "geometry": {"type": "LineString", "coordinates": [[18.801660000000002, 54.60229], [18.801666666666666, 54.602325], [18.801668333333335, 54.60231833333333], [18.801638333333337, 54.60230166666667], [18.80165, 54.602335000000004], [18.801631666666665, 54.602340000000005], [18.80163333333333, 54.60235], [18.80162, 54.60236166666667], [18.801606666666665, 54.60234833333333], [18.8016, 54.60228333333334], [18.80161, 54.602305], [18.801628333333333, 54.60232666666666], [18.801623333333335, 54.602315], [18.801646666666667, 54.602315], [18.801634999999997, 54.60232], [18.80169833333333, 54.60234333333334], [18.80167833333333, 54.60230166666667], [18.801665, 54.602313333333335], [18.801663333333334, 54.60231], [18.801663333333334, 54.60232666666666], [18.801695, 54.602338333333336], [18.801666666666666, 54.602336666666666], [18.801679999999998, 54.602335000000004], [18.80167, 54.60229666666667], [18.801636666666663, 54.60233166666667], [18.801656666666666, 54.602315], [18.843658333333334, 54.63070833333334]]}, "properties": {"label": "HEL-157", "mmsi": "261001620", "imo": "8008670", "name": "HEL-157", "shiptype": "", "first_seen_utc": "2026-01-11T00:24:56Z", "last_seen_utc": "2026-01-20T07:32:08Z", "destination": "KEEP CLEAR 0.3AFT", "eta": "{'Day': 0, 'Hour': 24, 'Minute': 60, 'Month': 0}", "display": "", "links": "<a href=\"https://www.vesselfinder.com/vessels?name=8008670\" target=\"_blank\" rel=\"noopener\">VesselFinder</a> | <a href=\"https://www.marinetraffic.com/en/ais/search/all?keyword=8008670\" target=\"_blank\" rel=\"noopener\">MarineTraffic</a>", "vf_url": "https://www.vesselfinder.com/vessels?name=8008670", "mst_url": "https://www.marinetraffic.com/en/ais/search/all?keyword=8008670", "method": "v3_2pass_track3d_fromru10d", "ru_seen_in_lookback": true, "in_monitor_on_day": true}}, {"type": "Feature", "geometry": {"type": "Point", "coordinates": [18.843658333333334, 54.63070833333334]}, "properties": {"label": "HEL-157", "mmsi": "261001620", "imo": "8008670", "name": "HEL-157", "shiptype": "", "first_seen_utc": "2026-01-11T00:24:56Z", "last_seen_utc": "2026-01-20T07:32:08Z", "destination": "KEEP CLEAR 0.3AFT", "eta": "{'Day': 0, 'Hour': 24, 'Minute': 60, 'Month': 0}", "display": "HEL-157 (261001620)", "links": "<a href=\"https://www.vesselfinder.com/vessels?name=8008670\" target=\"_blank\" rel=\"noopener\">VesselFinder</a> | <a href=\"https://www.marinetraffic.com/en/ais/search/all?keyword=8008670\" target=\"_blank\" rel=\"noopener\">MarineTraffic</a>", "vf_url": "https://www.vesselfinder.com/vessels?name=8008670", "mst_url": "https://www.marinetraffic.com/en/ais/search/all?keyword=8008670", "method": "v3_2pass_track3d_fromru10d", "ru_seen_in_lookback": true, "in_monitor_on_day": true}}, {"type": "Feature", "geometry": {"type": "LineString", "coordinates": [[15.734645, 55.834475], [15.549336666666667, 55.88860666666667], [15.384321666666667, 55.93488166666667], [15.218216666666667, 55.98185333333333], [15.053595, 56.02811833333333], [14.897425, 56.085906666666666], [14.845345, 56.11429333333333], [14.844246666666667, 56.11347], [14.844349999999999, 56.11361], [14.844325, 56.113445], [14.844303333333333, 56.11344166666667], [14.844339999999999, 56.113569999999996], [14.844326666666666, 56.11361333333333], [14.84443, 56.11362999999999], [14.844678333333333, 56.113929999999996], [14.844763333333333, 56.11407], [14.845025, 56.11412], [14.82645, 56.155273333333334]]}, "properties": {"label": "DREAM TERRAX", "mmsi": "538008844", "imo": "9875719", "name": "DREAM TERRAX", "shiptype": "", "first_seen_utc": "2026-01-11T00:25:20Z", "last_seen_utc": "2026-01-20T07:34:01Z", "destination": "PL GDN>SE KAN", "eta": "{'Day': 18, 'Hour': 9, 'Minute': 0, 'Month': 1}", "display": "", "links": "<a href=\"https://www.vesselfinder.com/vessels?name=9875719\" target=\"_blank\" rel=\"noopener\">VesselFinder</a> | <a href=\"https://www.marinetraffic.com/en/ais/search/all?keyword=9875719\" target=\"_blank\" rel=\"noopener\">MarineTraffic</a>", "vf_url": "https://www.vesselfinder.com/vessels?name=9875719", "mst_url": "https://www.marinetraffic.com/en/ais/search/all?keyword=9875719", "method": "v3_2pass_track3d_fromru10d", "ru_seen_in_lookback": true, "in_monitor_on_day": true}}, {"type": "Feature", "geometry": {"type": "Point", "coordinates": [14.82645, 56.155273333333334]}, "properties": {"label": "DREAM TERRAX", "mmsi": "538008844", "imo": "9875719", "name": "DREAM TERRAX", "shiptype": "", "first_seen_utc": "2026-01-11T00:25:20Z", "last_seen_utc": "2026-01-20T07:34:01Z", "destination": "PL GDN>SE KAN", "eta": "{'Day': 18, 'Hour': 9, 'Minute': 0, 'Month': 1}", "display": "DREAM TERRAX (538008844)", "links": "<a href=\"https://www.vesselfinder.com/vessels?name=9875719\" target=\"_blank\" rel=\"noopener\">VesselFinder</a> | <a href=\"https://www.marinetraffic.com/en/ais/search/all?keyword=9875719\" target=\"_blank\" rel=\"noopener\">MarineTraffic</a>", "vf_url": "https://www.vesselfinder.com/vessels?name=9875719", "mst_url": "https://www.marinetraffic.com/en/ais/search/all?keyword=9875719", "method": "v3_2pass_track3d_fromru10d", "ru_seen_in_lookback": true, "in_monitor_on_day": true}}, {"type": "Feature", "geometry": {"type": "LineString", "coordinates": [[18.34326666666667, 54.92596666666667], [18.559883333333335, 54.943416666666664], [18.817633333333333, 54.8519], [18.978099999999998, 54.780366666666666], [19.0487, 54.67433333333334], [19.039783333333332, 54.56858333333333], [18.974766666666667, 54.494566666666664], [18.872583333333335, 54.426833333333335], [18.734383333333334, 54.40148333333333], [18.720333333333333, 54.388299999999994], [18.720333333333333, 54.38831666666667], [18.720333333333333, 54.388299999999994], [18.720366666666667, 54.388349999999996], [18.720333333333333, 54.38831666666667], [18.72031666666667, 54.388299999999994]]}, "properties": {"label": "MAERSK NUBA", "mmsi": "477552100", "imo": "9356115", "name": "MAERSK NUBA", "shiptype": "", "first_seen_utc": "2026-01-11T00:25:54Z", "last_seen_utc": "2026-01-20T07:32:54Z", "destination": "DEWVN>>PLGDN", "eta": "{'Day': 18, 'Hour': 10, 'Minute': 0, 'Month': 1}", "display": "", "links": "<a href=\"https://www.vesselfinder.com/vessels?name=9356115\" target=\"_blank\" rel=\"noopener\">VesselFinder</a> | <a href=\"https://www.marinetraffic.com/en/ais/search/all?keyword=9356115\" target=\"_blank\" rel=\"noopener\">MarineTraffic</a>", "vf_url": "https://www.vesselfinder.com/vessels?name=9356115", "mst_url": "https://www.marinetraffic.com/en/ais/search/all?keyword=9356115", "method": "v3_2pass_track3d_fromru10d", "ru_seen_in_lookback": true, "in_monitor_on_day": true}}, {"type": "Feature", "geometry": {"type": "Point", "coordinates": [18.72031666666667, 54.388299999999994]}, "properties": {"label": "MAERSK NUBA", "mmsi": "477552100", "imo": "9356115", "name": "MAERSK NUBA", "shiptype": "", "first_seen_utc": "2026-01-11T00:25:54Z", "last_seen_utc": "2026-01-20T07:32:54Z", "destination": "DEWVN>>PLGDN", "eta": "{'Day': 18, 'Hour': 10, 'Minute': 0, 'Month': 1}", "display": "MAERSK NUBA (477552100)", "links": "<a href=\"https://www.vesselfinder.com/vessels?name=9356115\" target=\"_blank\" rel=\"noopener\">VesselFinder</a> | <a href=\"https://www.marinetraffic.com/en/ais/search/all?keyword=9356115\" target=\"_blank\" rel=\"noopener\">MarineTraffic</a>", "vf_url": "https://www.vesselfinder.com/vessels?name=9356115", "mst_url": "https://www.marinetraffic.com/en/ais/search/all?keyword=9356115", "method": "v3_2pass_track3d_fromru10d", "ru_seen_in_lookback": true, "in_monitor_on_day": true}}, {"type": "Feature", "geometry": {"type": "LineString", "coordinates": [[8.533643333333334, 53.58002833333333], [8.533683333333332, 53.580045000000005], [8.533651666666666, 53.58025333333333], [8.533753333333333, 53.57992], [8.533449999999998, 53.580015], [8.533751666666666, 53.57991333333334], [8.533813333333335, 53.579901666666665], [8.533893333333333, 53.579735], [8.53367, 53.580018333333335], [8.533588333333334, 53.58005333333333], [8.53374, 53.579935], [8.533753333333333, 53.579901666666665], [8.533700000000001, 53.57992], [8.533818333333333, 53.57988666666667], [8.53366, 53.57998666666666], [8.533643333333334, 53.58001333333333], [8.533631666666668, 53.580040000000004], [8.533758333333333, 53.58000666666667], [8.533608333333332, 53.580130000000004], [8.533565000000001, 53.57990333333333], [8.533635, 53.58002833333333], [8.533606666666666, 53.580016666666666], [8.533655000000001, 53.58004666666667], [8.533766666666667, 53.579971666666665], [8.533701666666667, 53.58007833333333], [4.254546666666666, 51.28870166666666]]}, "properties": {"label": "MSC TOPAZ", "mmsi": "636017916", "imo": "9502908", "name": "MSC TOPAZ", "shiptype": "", "first_seen_utc": "2026-01-11T00:26:29Z", "last_seen_utc": "2026-01-20T07:34:52Z", "destination": "BEANR", "eta": "{'Day': 19, 'Hour': 21, 'Minute': 0, 'Month': 1}", "display": "", "links": "<a href=\"https://www.vesselfinder.com/vessels?name=9502908\" target=\"_blank\" rel=\"noopener\">VesselFinder</a> | <a href=\"https://www.marinetraffic.com/en/ais/search/all?keyword=9502908\" target=\"_blank\" rel=\"noopener\">MarineTraffic</a>", "vf_url": "https://www.vesselfinder.com/vessels?name=9502908", "mst_url": "https://www.marinetraffic.com/en/ais/search/all?keyword=9502908", "method": "v3_2pass_track3d_fromru10d", "ru_seen_in_lookback": true, "in_monitor_on_day": true}}, {"type": "Feature", "geometry": {"type": "Point", "coordinates": [4.254546666666666, 51.28870166666666]}, "properties": {"label": "MSC TOPAZ", "mmsi": "636017916", "imo": "9502908", "name": "MSC TOPAZ", "shiptype": "", "first_seen_utc": "2026-01-11T00:26:29Z", "last_seen_utc": "2026-01-20T07:34:52Z", "destination": "BEANR", "eta": "{'Day': 19, 'Hour': 21, 'Minute': 0, 'Month': 1}", "display": "MSC TOPAZ (636017916)", "links": "<a href=\"https://www.vesselfinder.com/vessels?name=9502908\" target=\"_blank\" rel=\"noopener\">VesselFinder</a> | <a href=\"https://www.marinetraffic.com/en/ais/search/all?keyword=9502908\" target=\"_blank\" rel=\"noopener\">MarineTraffic</a>", "vf_url": "https://www.vesselfinder.com/vessels?name=9502908", "mst_url": "https://www.marinetraffic.com/en/ais/search/all?keyword=9502908", "method": "v3_2pass_track3d_fromru10d", "ru_seen_in_lookback": true, "in_monitor_on_day": true}}, {"type": "Feature", "geometry": {"type": "LineString", "coordinates": [[12.003873333333333, 54.23968166666667], [12.003911666666665, 54.23968166666667], [12.003865, 54.23970166666666], [12.00394, 54.239605], [12.00394, 54.23956333333333], [12.003938333333334, 54.239630000000005], [12.003925, 54.23965666666666], [12.00398, 54.23963166666667], [12.003968333333335, 54.239605], [12.003971666666667, 54.23956666666666], [12.003951666666667, 54.239596666666664], [12.003966666666667, 54.23960666666667], [12.003993333333334, 54.239619999999995], [12.0039, 54.239601666666665], [12.003946666666668, 54.239529999999995], [12.003941666666666, 54.23952833333333], [12.00394, 54.23948333333333], [12.004045, 54.239394999999995], [12.004146666666665, 54.23912333333333], [12.004121666666666, 54.23917166666667], [12.004133333333334, 54.239111666666666], [12.004096666666667, 54.23908333333333], [12.003938333333334, 54.23936666666667], [12.003901666666668, 54.239270000000005], [12.004221666666666, 54.23936666666667]]}, "properties": {"label": "ROSTRUM HEDONIST", "mmsi": "636093240", "imo": "9955894", "name": "ROSTRUM HEDONIST", "shiptype": "", "first_seen_utc": "2026-01-11T00:26:51Z", "last_seen_utc": "2026-01-20T07:32:59Z", "destination": "ROSTOCK", "eta": "{'Day': 16, 'Hour': 6, 'Minute': 0, 'Month': 1}", "display": "", "links": "<a href=\"https://www.vesselfinder.com/vessels?name=9955894\" target=\"_blank\" rel=\"noopener\">VesselFinder</a> | <a href=\"https://www.marinetraffic.com/en/ais/search/all?keyword=9955894\" target=\"_blank\" rel=\"noopener\">MarineTraffic</a>", "vf_url": "https://www.vesselfinder.com/vessels?name=9955894", "mst_url": "https://www.marinetraffic.com/en/ais/search/all?keyword=9955894", "method": "v3_2pass_track3d_fromru10d", "ru_seen_in_lookback": true, "in_monitor_on_day": true}}, {"type": "Feature", "geometry": {"type": "Point", "coordinates": [12.004221666666666, 54.23936666666667]}, "properties": {"label": "ROSTRUM HEDONIST", "mmsi": "636093240", "imo": "9955894", "name": "ROSTRUM HEDONIST", "shiptype": "", "first_seen_utc": "2026-01-11T00:26:51Z", "last_seen_utc": "2026-01-20T07:32:59Z", "destination": "ROSTOCK", "eta": "{'Day': 16, 'Hour': 6, 'Minute': 0, 'Month': 1}", "display": "ROSTRUM HEDONIST (636093240)", "links": "<a href=\"https://www.vesselfinder.com/vessels?name=9955894\" target=\"_blank\" rel=\"noopener\">VesselFinder</a> | <a href=\"https://www.marinetraffic.com/en/ais/search/all?keyword=9955894\" target=\"_blank\" rel=\"noopener\">MarineTraffic</a>", "vf_url": "https://www.vesselfinder.com/vessels?name=9955894", "mst_url": "https://www.marinetraffic.com/en/ais/search/all?keyword=9955894", "method": "v3_2pass_track3d_fromru10d", "ru_seen_in_lookback": true, "in_monitor_on_day": true}}, {"type": "Feature", "geometry": {"type": "LineString", "coordinates": [[18.801873333333333, 54.60375833333333], [18.80188, 54.603761666666664], [18.801876666666665, 54.603770000000004], [18.801891666666666, 54.60375333333333], [18.80186666666667, 54.603761666666664], [18.801893333333332, 54.60375666666666], [18.801893333333332, 54.603761666666664], [18.801896666666668, 54.60377166666667], [18.80187, 54.603746666666666], [18.801865000000003, 54.603773333333336], [18.801865000000003, 54.603748333333336], [18.80188, 54.603761666666664], [18.801885000000002, 54.60375666666666], [18.80187833333333, 54.603775000000006], [18.801888333333334, 54.603770000000004], [18.801893333333332, 54.60377666666667], [18.801910000000003, 54.603775000000006], [18.801903333333332, 54.60376833333333], [18.80189, 54.60377666666667], [18.80189, 54.60377833333334], [18.801904999999998, 54.603743333333334], [18.80191166666667, 54.60375833333333], [18.801896666666668, 54.603770000000004], [18.80189, 54.603766666666665], [18.80189, 54.603766666666665], [18.801896666666668, 54.603761666666664], [18.842345, 54.64007166666667]]}, "properties": {"label": "HEL-102", "mmsi": "261007210", "imo": "7625847", "name": "HEL-102", "shiptype": "", "first_seen_utc": "2026-01-11T00:29:25Z", "last_seen_utc": "2026-01-20T07:32:43Z", "destination": "", "eta": "{'Day': 0, 'Hour': 24, 'Minute': 60, 'Month': 0}", "display": "", "links": "<a href=\"https://www.vesselfinder.com/vessels?name=7625847\" target=\"_blank\" rel=\"noopener\">VesselFinder</a> | <a href=\"https://www.marinetraffic.com/en/ais/search/all?keyword=7625847\" target=\"_blank\" rel=\"noopener\">MarineTraffic</a>", "vf_url": "https://www.vesselfinder.com/vessels?name=7625847", "mst_url": "https://www.marinetraffic.com/en/ais/search/all?keyword=7625847", "method": "v3_2pass_track3d_fromru10d", "ru_seen_in_lookback": true, "in_monitor_on_day": true}}, {"type": "Feature", "geometry": {"type": "Point", "coordinates": [18.842345, 54.64007166666667]}, "properties": {"label": "HEL-102", "mmsi": "261007210", "imo": "7625847", "name": "HEL-102", "shiptype": "", "first_seen_utc": "2026-01-11T00:29:25Z", "last_seen_utc": "2026-01-20T07:32:43Z", "destination": "", "eta": "{'Day': 0, 'Hour': 24, 'Minute': 60, 'Month': 0}", "display": "HEL-102 (261007210)", "links": "<a href=\"https://www.vesselfinder.com/vessels?name=7625847\" target=\"_blank\" rel=\"noopener\">VesselFinder</a> | <a href=\"https://www.marinetraffic.com/en/ais/search/all?keyword=7625847\" target=\"_blank\" rel=\"noopener\">MarineTraffic</a>", "vf_url": "https://www.vesselfinder.com/vessels?name=7625847", "mst_url": "https://www.marinetraffic.com/en/ais/search/all?keyword=7625847", "method": "v3_2pass_track3d_fromru10d", "ru_seen_in_lookback": true, "in_monitor_on_day": true}}, {"type": "Feature", "geometry": {"type": "Point", "coordinates": [9.69365, 59.06195]}, "properties": {"label": "IRELAND", "mmsi": "244140388", "imo": "9771456", "name": "IRELAND", "shiptype": "", "first_seen_utc": "2026-01-11T00:30:01Z", "last_seen_utc": "2026-01-20T07:33:59Z", "destination": "SEGOT ANCH (RIVOFJOR", "eta": "{'Day': 16, 'Hour': 8, 'Minute': 0, 'Month': 1}", "display": "IRELAND (244140388)", "links": "<a href=\"https://www.vesselfinder.com/vessels?name=9771456\" target=\"_blank\" rel=\"noopener\">VesselFinder</a> | <a href=\"https://www.marinetraffic.com/en/ais/search/all?keyword=9771456\" target=\"_blank\" rel=\"noopener\">MarineTraffic</a>", "vf_url": "https://www.vesselfinder.com/vessels?name=9771456", "mst_url": "https://www.marinetraffic.com/en/ais/search/all?keyword=9771456", "method": "v3_2pass_track3d_fromru10d", "ru_seen_in_lookback": true, "in_monitor_on_day": true}}, {"type": "Feature", "geometry": {"type": "LineString", "coordinates": [[-1.1517449999999998, 54.60142833333334], [-1.1517333333333333, 54.60142666666666], [-1.1517316666666666, 54.601425], [-1.1517366666666669, 54.60142666666666], [-1.1517366666666669, 54.60143166666667], [-1.15174, 54.60142833333334], [-1.151735, 54.60143166666667], [-1.1517433333333333, 54.601425], [-1.1517383333333333, 54.60142333333333], [-1.1517316666666666, 54.60142333333333], [-1.1517366666666669, 54.60142666666666], [-1.15174, 54.60142333333333], [-1.1517416666666667, 54.60142333333333], [-1.1517366666666669, 54.60142666666666], [-1.15174, 54.60143], [-1.1517366666666669, 54.60142666666666], [-1.1517416666666667, 54.60142333333333], [-1.1517383333333333, 54.601425], [-1.1517433333333333, 54.60142333333333], [-1.1517433333333333, 54.601425], [-1.15174, 54.60142166666667], [-1.1517433333333333, 54.60142333333333], [-1.1517416666666667, 54.60142166666667], [-1.1517466666666667, 54.60142666666666], [-1.15174, 54.60142166666667], [-1.1517333333333333, 54.60142833333334], [3.3618566666666667, 51.919255]]}, "properties": {"label": "CMA CGM RUNDALE", "mmsi": "256882000", "imo": "9961300", "name": "CMA CGM RUNDALE", "shiptype": "", "first_seen_utc": "2026-01-11T00:31:55Z", "last_seen_utc": "2026-01-20T07:32:18Z", "destination": "GBTEE", "eta": "{'Day': 17, 'Hour': 21, 'Minute': 0, 'Month': 1}", "display": "", "links": "<a href=\"https://www.vesselfinder.com/vessels?name=9961300\" target=\"_blank\" rel=\"noopener\">VesselFinder</a> | <a href=\"https://www.marinetraffic.com/en/ais/search/all?keyword=9961300\" target=\"_blank\" rel=\"noopener\">MarineTraffic</a>", "vf_url": "https://www.vesselfinder.com/vessels?name=9961300", "mst_url": "https://www.marinetraffic.com/en/ais/search/all?keyword=9961300", "method": "v3_2pass_track3d_fromru10d", "ru_seen_in_lookback": true, "in_monitor_on_day": true}}, {"type": "Feature", "geometry": {"type": "Point", "coordinates": [3.3618566666666667, 51.919255]}, "properties": {"label": "CMA CGM RUNDALE", "mmsi": "256882000", "imo": "9961300", "name": "CMA CGM RUNDALE", "shiptype": "", "first_seen_utc": "2026-01-11T00:31:55Z", "last_seen_utc": "2026-01-20T07:32:18Z", "destination": "GBTEE", "eta": "{'Day': 17, 'Hour': 21, 'Minute': 0, 'Month': 1}", "display": "CMA CGM RUNDALE (256882000)", "links": "<a href=\"https://www.vesselfinder.com/vessels?name=9961300\" target=\"_blank\" rel=\"noopener\">VesselFinder</a> | <a href=\"https://www.marinetraffic.com/en/ais/search/all?keyword=9961300\" target=\"_blank\" rel=\"noopener\">MarineTraffic</a>", "vf_url": "https://www.vesselfinder.com/vessels?name=9961300", "mst_url": "https://www.marinetraffic.com/en/ais/search/all?keyword=9961300", "method": "v3_2pass_track3d_fromru10d", "ru_seen_in_lookback": true, "in_monitor_on_day": true}}, {"type": "Feature", "geometry": {"type": "LineString", "coordinates": [[10.492401666666666, 57.952085000000004], [10.251193333333333, 57.923655000000004], [9.999973333333333, 57.888796666666664], [9.759273333333335, 57.85513666666667], [9.53738, 57.79690666666667], [9.331225, 57.723055], [9.118075000000001, 57.65689833333333], [8.906838333333333, 57.58280166666667], [8.692820000000001, 57.512705], [8.481085, 57.44484666666666], [8.253953333333333, 57.38523166666666], [8.051476666666666, 57.300286666666665], [7.853795000000001, 57.21668833333333], [7.663125, 57.130675], [7.4713, 56.92341], [7.350921666666666, 56.79488166666667], [6.674365, 56.04573666666667], [6.545205, 55.927505], [1.3048766666666665, 51.48021000000001]]}, "properties": {"label": "FINNECO 1", "mmsi": "230694000", "imo": "9856830", "name": "FINNECO 1", "shiptype": "", "first_seen_utc": "2026-01-11T03:07:26Z", "last_seen_utc": "2026-01-20T07:32:55Z", "destination": "GBSHS", "eta": "{'Day': 20, 'Hour': 9, 'Minute': 0, 'Month': 1}", "display": "", "links": "<a href=\"https://www.vesselfinder.com/vessels?name=9856830\" target=\"_blank\" rel=\"noopener\">VesselFinder</a> | <a href=\"https://www.marinetraffic.com/en/ais/search/all?keyword=9856830\" target=\"_blank\" rel=\"noopener\">MarineTraffic</a>", "vf_url": "https://www.vesselfinder.com/vessels?name=9856830", "mst_url": "https://www.marinetraffic.com/en/ais/search/all?keyword=9856830", "method": "v3_2pass_track3d_fromru10d", "ru_seen_in_lookback": true, "in_monitor_on_day": true}}, {"type": "Feature", "geometry": {"type": "Point", "coordinates": [1.3048766666666665, 51.48021000000001]}, "properties": {"label": "FINNECO 1", "mmsi": "230694000", "imo": "9856830", "name": "FINNECO 1", "shiptype": "", "first_seen_utc": "2026-01-11T03:07:26Z", "last_seen_utc": "2026-01-20T07:32:55Z", "destination": "GBSHS", "eta": "{'Day': 20, 'Hour': 9, 'Minute': 0, 'Month': 1}", "display": "FINNECO 1 (230694000)", "links": "<a href=\"https://www.vesselfinder.com/vessels?name=9856830\" target=\"_blank\" rel=\"noopener\">VesselFinder</a> | <a href=\"https://www.marinetraffic.com/en/ais/search/all?keyword=9856830\" target=\"_blank\" rel=\"noopener\">MarineTraffic</a>", "vf_url": "https://www.vesselfinder.com/vessels?name=9856830", "mst_url": "https://www.marinetraffic.com/en/ais/search/all?keyword=9856830", "method": "v3_2pass_track3d_fromru10d", "ru_seen_in_lookback": true, "in_monitor_on_day": true}}, {"type": "Feature", "geometry": {"type": "LineString", "coordinates": [[14.465283333333334, 54.899300000000004], [14.180133333333334, 54.94048333333333], [13.028816666666668, 55.228116666666665], [12.859116666666667, 55.26818333333333], [6.0661000000000005, 56.59435]]}, "properties": {"label": "CGAS TIGER", "mmsi": "249224000", "imo": "9577991", "name": "CGAS TIGER", "shiptype": "", "first_seen_utc": "2026-01-11T04:06:27Z", "last_seen_utc": "2026-01-20T07:33:57Z", "destination": "GB TEE", "eta": "{'Day': 21, 'Hour': 8, 'Minute': 0, 'Month': 1}", "display": "", "links": "<a href=\"https://www.vesselfinder.com/vessels?name=9577991\" target=\"_blank\" rel=\"noopener\">VesselFinder</a> | <a href=\"https://www.marinetraffic.com/en/ais/search/all?keyword=9577991\" target=\"_blank\" rel=\"noopener\">MarineTraffic</a>", "vf_url": "https://www.vesselfinder.com/vessels?name=9577991", "mst_url": "https://www.marinetraffic.com/en/ais/search/all?keyword=9577991", "method": "v3_2pass_track3d_fromru10d", "ru_seen_in_lookback": true, "in_monitor_on_day": true}}, {"type": "Feature", "geometry": {"type": "Point", "coordinates": [6.0661000000000005, 56.59435]}, "properties": {"label": "CGAS TIGER", "mmsi": "249224000", "imo": "9577991", "name": "CGAS TIGER", "shiptype": "", "first_seen_utc": "2026-01-11T04:06:27Z", "last_seen_utc": "2026-01-20T07:33:57Z", "destination": "GB TEE", "eta": "{'Day': 21, 'Hour': 8, 'Minute': 0, 'Month': 1}", "display": "CGAS TIGER (249224000)", "links": "<a href=\"https://www.vesselfinder.com/vessels?name=9577991\" target=\"_blank\" rel=\"noopener\">VesselFinder</a> | <a href=\"https://www.marinetraffic.com/en/ais/search/all?keyword=9577991\" target=\"_blank\" rel=\"noopener\">MarineTraffic</a>", "vf_url": "https://www.vesselfinder.com/vessels?name=9577991", "mst_url": "https://www.marinetraffic.com/en/ais/search/all?keyword=9577991", "method": "v3_2pass_track3d_fromru10d", "ru_seen_in_lookback": true, "in_monitor_on_day": true}}, {"type": "Feature", "geometry": {"type": "LineString", "coordinates": [[9.552343333333333, 54.19954666666667], [9.476963333333334, 54.18100166666667], [9.38936, 54.158141666666666], [9.318381666666665, 54.078335], [9.303175000000001, 54.040726666666664], [9.199285, 53.9243], [9.146858333333334, 53.89505], [9.146103333333334, 53.894615], [9.102316666666667, 53.88042166666666], [8.147268333333333, 53.785441666666664], [8.272275, 53.72013166666667], [8.370358333333334, 53.67297333333333], [8.453854999999999, 53.628395], [8.49626, 53.404041666666664]]}, "properties": {"label": "RUBYN", "mmsi": "341852000", "imo": "8511885", "name": "RUBYN", "shiptype": "", "first_seen_utc": "2026-01-11T05:08:21Z", "last_seen_utc": "2026-01-20T07:32:52Z", "destination": "BRAKE", "eta": "{'Day': 18, 'Hour': 17, 'Minute': 0, 'Month': 1}", "display": "", "links": "<a href=\"https://www.vesselfinder.com/vessels?name=8511885\" target=\"_blank\" rel=\"noopener\">VesselFinder</a> | <a href=\"https://www.marinetraffic.com/en/ais/search/all?keyword=8511885\" target=\"_blank\" rel=\"noopener\">MarineTraffic</a>", "vf_url": "https://www.vesselfinder.com/vessels?name=8511885", "mst_url": "https://www.marinetraffic.com/en/ais/search/all?keyword=8511885", "method": "v3_2pass_track3d_fromru10d", "ru_seen_in_lookback": true, "in_monitor_on_day": true}}, {"type": "Feature", "geometry": {"type": "Point", "coordinates": [8.49626, 53.404041666666664]}, "properties": {"label": "RUBYN", "mmsi": "341852000", "imo": "8511885", "name": "RUBYN", "shiptype": "", "first_seen_utc": "2026-01-11T05:08:21Z", "last_seen_utc": "2026-01-20T07:32:52Z", "destination": "BRAKE", "eta": "{'Day': 18, 'Hour': 17, 'Minute': 0, 'Month': 1}", "display": "RUBYN (341852000)", "links": "<a href=\"https://www.vesselfinder.com/vessels?name=8511885\" target=\"_blank\" rel=\"noopener\">VesselFinder</a> | <a href=\"https://www.marinetraffic.com/en/ais/search/all?keyword=8511885\" target=\"_blank\" rel=\"noopener\">MarineTraffic</a>", "vf_url": "https://www.vesselfinder.com/vessels?name=8511885", "mst_url": "https://www.marinetraffic.com/en/ais/search/all?keyword=8511885", "method": "v3_2pass_track3d_fromru10d", "ru_seen_in_lookback": true, "in_monitor_on_day": true}}, {"type": "Feature", "geometry": {"type": "Point", "coordinates": [10.976543333333332, 54.9786]}, "properties": {"label": "CAPTAIN NIKOS", "mmsi": "538011722", "imo": "9828144", "name": "CAPTAIN NIKOS", "shiptype": "", "first_seen_utc": "2026-01-11T05:45:26Z", "last_seen_utc": "2026-01-20T07:32:18Z", "destination": "RU PRI", "eta": "{'Day': 14, 'Hour': 13, 'Minute': 30, 'Month': 1}", "display": "CAPTAIN NIKOS (538011722)", "links": "<a href=\"https://www.vesselfinder.com/vessels?name=9828144\" target=\"_blank\" rel=\"noopener\">VesselFinder</a> | <a href=\"https://www.marinetraffic.com/en/ais/search/all?keyword=9828144\" target=\"_blank\" rel=\"noopener\">MarineTraffic</a>", "vf_url": "https://www.vesselfinder.com/vessels?name=9828144", "mst_url": "https://www.marinetraffic.com/en/ais/search/all?keyword=9828144", "method": "v3_2pass_track3d_fromru10d", "ru_seen_in_lookback": true, "in_monitor_on_day": true}}, {"type": "Feature", "geometry": {"type": "LineString", "coordinates": [[3.789356666666667, 52.312826666666666], [3.77377, 52.22059], [3.7704783333333336, 52.130453333333335], [3.807565, 52.046013333333335], [3.952048333333333, 52.011179999999996], [4.099808333333333, 51.97964], [4.226153333333333, 51.92449666666666], [4.329766666666667, 51.872573333333335], [4.455968333333333, 51.83216], [4.581095, 51.807813333333335], [4.638093333333333, 51.788509999999995], [4.640136666666667, 51.78639333333333], [4.64015, 51.786343333333335], [4.640093333333334, 51.78635333333333], [4.640146666666666, 51.786370000000005], [4.640143333333333, 51.78639333333333], [4.640133333333334, 51.786359999999995], [4.37718, 51.887190000000004]]}, "properties": {"label": "NORDIC SUND", "mmsi": "258714000", "imo": "9375977", "name": "NORDIC SUND", "shiptype": "", "first_seen_utc": "2026-01-11T12:14:56Z", "last_seen_utc": "2026-01-20T07:35:25Z", "destination": "PL GDN=>NL DOR", "eta": "{'Day': 18, 'Hour': 2, 'Minute': 0, 'Month': 1}", "display": "", "links": "<a href=\"https://www.vesselfinder.com/vessels?name=9375977\" target=\"_blank\" rel=\"noopener\">VesselFinder</a> | <a href=\"https://www.marinetraffic.com/en/ais/search/all?keyword=9375977\" target=\"_blank\" rel=\"noopener\">MarineTraffic</a>", "vf_url": "https://www.vesselfinder.com/vessels?name=9375977", "mst_url": "https://www.marinetraffic.com/en/ais/search/all?keyword=9375977", "method": "v3_2pass_track3d_fromru10d", "ru_seen_in_lookback": true, "in_monitor_on_day": true}}, {"type": "Feature", "geometry": {"type": "Point", "coordinates": [4.37718, 51.887190000000004]}, "properties": {"label": "NORDIC SUND", "mmsi": "258714000", "imo": "9375977", "name": "NORDIC SUND", "shiptype": "", "first_seen_utc": "2026-01-11T12:14:56Z", "last_seen_utc": "2026-01-20T07:35:25Z", "destination": "PL GDN=>NL DOR", "eta": "{'Day': 18, 'Hour': 2, 'Minute': 0, 'Month': 1}", "display": "NORDIC SUND (258714000)", "links": "<a href=\"https://www.vesselfinder.com/vessels?name=9375977\" target=\"_blank\" rel=\"noopener\">VesselFinder</a> | <a href=\"https://www.marinetraffic.com/en/ais/search/all?keyword=9375977\" target=\"_blank\" rel=\"noopener\">MarineTraffic</a>", "vf_url": "https://www.vesselfinder.com/vessels?name=9375977", "mst_url": "https://www.marinetraffic.com/en/ais/search/all?keyword=9375977", "method": "v3_2pass_track3d_fromru10d", "ru_seen_in_lookback": true, "in_monitor_on_day": true}}, {"type": "Feature", "geometry": {"type": "LineString", "coordinates": [[18.686038333333332, 54.46693166666667], [18.68635, 54.467], [18.686488333333333, 54.46699666666667], [18.68608833333333, 54.46694166666667], [18.68629333333333, 54.46699], [18.685851666666668, 54.466876666666664], [18.685868333333335, 54.46686833333333], [18.685695, 54.466829999999995], [18.685988333333334, 54.46693166666667], [18.686055, 54.46695333333333], [18.685788333333335, 54.46686166666667], [18.685971666666667, 54.466915], [18.685995, 54.466935], [18.68598666666667, 54.466915], [18.685701666666667, 54.466865], [18.685955, 54.46691166666667], [18.68658, 54.46704166666667], [18.68656, 54.467038333333335], [18.686525, 54.46703], [18.686418333333332, 54.46702833333333], [18.686746666666668, 54.467065000000005], [18.686468333333334, 54.467056666666664], [18.686671666666665, 54.467038333333335], [18.686805, 54.46708], [18.686815000000003, 54.467065000000005], [18.687153333333335, 54.467054999999995]]}, "properties": {"label": "FRIO STAR", "mmsi": "354962000", "imo": "9172947", "name": "FRIO STAR", "shiptype": "", "first_seen_utc": "2026-01-11T13:32:31Z", "last_seen_utc": "2026-01-20T07:34:18Z", "destination": "PLGDN", "eta": "{'Day': 11, 'Hour': 16, 'Minute': 0, 'Month': 0}", "display": "", "links": "<a href=\"https://www.vesselfinder.com/vessels?name=9172947\" target=\"_blank\" rel=\"noopener\">VesselFinder</a> | <a href=\"https://www.marinetraffic.com/en/ais/search/all?keyword=9172947\" target=\"_blank\" rel=\"noopener\">MarineTraffic</a>", "vf_url": "https://www.vesselfinder.com/vessels?name=9172947", "mst_url": "https://www.marinetraffic.com/en/ais/search/all?keyword=9172947", "method": "v3_2pass_track3d_fromru10d", "ru_seen_in_lookback": true, "in_monitor_on_day": true}}, {"type": "Feature", "geometry": {"type": "Point", "coordinates": [18.687153333333335, 54.467054999999995]}, "properties": {"label": "FRIO STAR", "mmsi": "354962000", "imo": "9172947", "name": "FRIO STAR", "shiptype": "", "first_seen_utc": "2026-01-11T13:32:31Z", "last_seen_utc": "2026-01-20T07:34:18Z", "destination": "PLGDN", "eta": "{'Day': 11, 'Hour': 16, 'Minute': 0, 'Month': 0}", "display": "FRIO STAR (354962000)", "links": "<a href=\"https://www.vesselfinder.com/vessels?name=9172947\" target=\"_blank\" rel=\"noopener\">VesselFinder</a> | <a href=\"https://www.marinetraffic.com/en/ais/search/all?keyword=9172947\" target=\"_blank\" rel=\"noopener\">MarineTraffic</a>", "vf_url": "https://www.vesselfinder.com/vessels?name=9172947", "mst_url": "https://www.marinetraffic.com/en/ais/search/all?keyword=9172947", "method": "v3_2pass_track3d_fromru10d", "ru_seen_in_lookback": true, "in_monitor_on_day": true}}, {"type": "Feature", "geometry": {"type": "Point", "coordinates": [18.92634, 54.47537]}, "properties": {"label": "LEB-7", "mmsi": "261000830", "imo": "8799877", "name": "LEB-7", "shiptype": "", "first_seen_utc": "2026-01-11T16:31:39Z", "last_seen_utc": "2026-01-20T07:32:50Z", "destination": "HEL", "eta": "{'Day': 0, 'Hour': 24, 'Minute': 60, 'Month': 0}", "display": "LEB-7 (261000830)", "links": "<a href=\"https://www.vesselfinder.com/vessels?name=8799877\" target=\"_blank\" rel=\"noopener\">VesselFinder</a> | <a href=\"https://www.marinetraffic.com/en/ais/search/all?keyword=8799877\" target=\"_blank\" rel=\"noopener\">MarineTraffic</a>", "vf_url": "https://www.vesselfinder.com/vessels?name=8799877", "mst_url": "https://www.marinetraffic.com/en/ais/search/all?keyword=8799877", "method": "v3_2pass_track3d_fromru10d", "ru_seen_in_lookback": true, "in_monitor_on_day": true}}, {"type": "Feature", "geometry": {"type": "Point", "coordinates": [18.854806666666665, 54.613415]}, "properties": {"label": "HEL-152", "mmsi": "261006110", "imo": "8600284", "name": "HEL-152", "shiptype": "", "first_seen_utc": "2026-01-12T04:54:28Z", "last_seen_utc": "2026-01-20T07:32:51Z", "destination": "", "eta": "{'Day': 10, 'Hour': 0, 'Minute': 30, 'Month': 2}", "display": "HEL-152 (261006110)", "links": "<a href=\"https://www.vesselfinder.com/vessels?name=8600284\" target=\"_blank\" rel=\"noopener\">VesselFinder</a> | <a href=\"https://www.marinetraffic.com/en/ais/search/all?keyword=8600284\" target=\"_blank\" rel=\"noopener\">MarineTraffic</a>", "vf_url": "https://www.vesselfinder.com/vessels?name=8600284", "mst_url": "https://www.marinetraffic.com/en/ais/search/all?keyword=8600284", "method": "v3_2pass_track3d_fromru10d", "ru_seen_in_lookback": true, "in_monitor_on_day": true}}, {"type": "Feature", "geometry": {"type": "Point", "coordinates": [18.82387, 54.65490166666667]}, "properties": {"label": "HEL-111", "mmsi": "261001870", "imo": "7906021", "name": "HEL-111", "shiptype": "", "first_seen_utc": "2026-01-12T05:35:53Z", "last_seen_utc": "2026-01-20T07:33:20Z", "destination": "HEL", "eta": "{'Day': 15, 'Hour': 16, 'Minute': 0, 'Month': 1}", "display": "HEL-111 (261001870)", "links": "<a href=\"https://www.vesselfinder.com/vessels?name=7906021\" target=\"_blank\" rel=\"noopener\">VesselFinder</a> | <a href=\"https://www.marinetraffic.com/en/ais/search/all?keyword=7906021\" target=\"_blank\" rel=\"noopener\">MarineTraffic</a>", "vf_url": "https://www.vesselfinder.com/vessels?name=7906021", "mst_url": "https://www.marinetraffic.com/en/ais/search/all?keyword=7906021", "method": "v3_2pass_track3d_fromru10d", "ru_seen_in_lookback": true, "in_monitor_on_day": true}}, {"type": "Feature", "geometry": {"type": "LineString", "coordinates": [[15.791263333333335, 55.71662], [15.462073333333333, 55.66882333333333], [15.305076666666668, 55.64567833333333], [15.1553, 55.606970000000004], [14.99142, 55.55761666666667], [14.626023333333334, 55.44107666666666], [14.487306666666665, 55.359655], [5.49531, 57.94512333333333]]}, "properties": {"label": "JINMING 69", "mmsi": "314001112", "imo": "9287974", "name": "JINMING 69", "shiptype": "", "first_seen_utc": "2026-01-12T11:17:35Z", "last_seen_utc": "2026-01-20T07:32:44Z", "destination": "PORTSAID", "eta": "{'Day': 3, 'Hour': 10, 'Minute': 0, 'Month': 2}", "display": "", "links": "<a href=\"https://www.vesselfinder.com/vessels?name=9287974\" target=\"_blank\" rel=\"noopener\">VesselFinder</a> | <a href=\"https://www.marinetraffic.com/en/ais/search/all?keyword=9287974\" target=\"_blank\" rel=\"noopener\">MarineTraffic</a>", "vf_url": "https://www.vesselfinder.com/vessels?name=9287974", "mst_url": "https://www.marinetraffic.com/en/ais/search/all?keyword=9287974", "method": "v3_2pass_track3d_fromru10d", "ru_seen_in_lookback": true, "in_monitor_on_day": true}}, {"type": "Feature", "geometry": {"type": "Point", "coordinates": [5.49531, 57.94512333333333]}, "properties": {"label": "JINMING 69", "mmsi": "314001112", "imo": "9287974", "name": "JINMING 69", "shiptype": "", "first_seen_utc": "2026-01-12T11:17:35Z", "last_seen_utc": "2026-01-20T07:32:44Z", "destination": "PORTSAID", "eta": "{'Day': 3, 'Hour': 10, 'Minute': 0, 'Month': 2}", "display": "JINMING 69 (314001112)", "links": "<a href=\"https://www.vesselfinder.com/vessels?name=9287974\" target=\"_blank\" rel=\"noopener\">VesselFinder</a> | <a href=\"https://www.marinetraffic.com/en/ais/search/all?keyword=9287974\" target=\"_blank\" rel=\"noopener\">MarineTraffic</a>", "vf_url": "https://www.vesselfinder.com/vessels?name=9287974", "mst_url": "https://www.marinetraffic.com/en/ais/search/all?keyword=9287974", "method": "v3_2pass_track3d_fromru10d", "ru_seen_in_lookback": true, "in_monitor_on_day": true}}, {"type": "Feature", "geometry": {"type": "LineString", "coordinates": [[12.383666666666667, 56.1982], [12.488066666666667, 56.129466666666666], [12.602333333333332, 56.07216666666667], [12.626666666666667, 55.99568333333333], [12.643533333333332, 55.896766666666664], [12.694366666666667, 55.802216666666666], [12.680533333333333, 55.7096], [18.716283333333333, 54.40213333333334]]}, "properties": {"label": "RUBIKON 202", "mmsi": "255806519", "imo": "9344423", "name": "RUBIKON 202", "shiptype": "", "first_seen_utc": "2026-01-12T15:29:07Z", "last_seen_utc": "2026-01-20T07:32:25Z", "destination": "PL GDN", "eta": "{'Day': 19, 'Hour': 23, 'Minute': 0, 'Month': 1}", "display": "", "links": "<a href=\"https://www.vesselfinder.com/vessels?name=9344423\" target=\"_blank\" rel=\"noopener\">VesselFinder</a> | <a href=\"https://www.marinetraffic.com/en/ais/search/all?keyword=9344423\" target=\"_blank\" rel=\"noopener\">MarineTraffic</a>", "vf_url": "https://www.vesselfinder.com/vessels?name=9344423", "mst_url": "https://www.marinetraffic.com/en/ais/search/all?keyword=9344423", "method": "v3_2pass_track3d_fromru10d", "ru_seen_in_lookback": true, "in_monitor_on_day": true}}, {"type": "Feature", "geometry": {"type": "Point", "coordinates": [18.716283333333333, 54.40213333333334]}, "properties": {"label": "RUBIKON 202", "mmsi": "255806519", "imo": "9344423", "name": "RUBIKON 202", "shiptype": "", "first_seen_utc": "2026-01-12T15:29:07Z", "last_seen_utc": "2026-01-20T07:32:25Z", "destination": "PL GDN", "eta": "{'Day': 19, 'Hour': 23, 'Minute': 0, 'Month': 1}", "display": "RUBIKON 202 (255806519)", "links": "<a href=\"https://www.vesselfinder.com/vessels?name=9344423\" target=\"_blank\" rel=\"noopener\">VesselFinder</a> | <a href=\"https://www.marinetraffic.com/en/ais/search/all?keyword=9344423\" target=\"_blank\" rel=\"noopener\">MarineTraffic</a>", "vf_url": "https://www.vesselfinder.com/vessels?name=9344423", "mst_url": "https://www.marinetraffic.com/en/ais/search/all?keyword=9344423", "method": "v3_2pass_track3d_fromru10d", "ru_seen_in_lookback": true, "in_monitor_on_day": true}}, {"type": "Feature", "geometry": {"type": "Point", "coordinates": [18.857674999999997, 54.58625333333334]}, "properties": {"label": "HEL-95", "mmsi": "261006830", "imo": "", "name": "HEL-95", "shiptype": "", "first_seen_utc": "2026-01-13T04:48:43Z", "last_seen_utc": "2026-01-20T07:32:44Z", "destination": "", "eta": "{'Day': 0, 'Hour': 24, 'Minute': 60, 'Month': 0}", "display": "HEL-95 (261006830)", "links": "<a href=\"https://www.vesselfinder.com/vessels?name=261006830\" target=\"_blank\" rel=\"noopener\">VesselFinder</a> | <a href=\"https://www.marinetraffic.com/en/ais/search/all?keyword=261006830\" target=\"_blank\" rel=\"noopener\">MarineTraffic</a>", "vf_url": "https://www.vesselfinder.com/vessels?name=261006830", "mst_url": "https://www.marinetraffic.com/en/ais/search/all?keyword=261006830", "method": "v3_2pass_track3d_fromru10d", "ru_seen_in_lookback": true, "in_monitor_on_day": true}}, {"type": "Feature", "geometry": {"type": "Point", "coordinates": [18.85177, 54.60943666666667]}, "properties": {"label": "WLA-196", "mmsi": "261010020", "imo": "", "name": "WLA-196", "shiptype": "", "first_seen_utc": "2026-01-13T05:40:01Z", "last_seen_utc": "2026-01-20T07:32:52Z", "destination": "WLADYSLAWOWO", "eta": "{'Day': 0, 'Hour': 24, 'Minute': 60, 'Month': 0}", "display": "WLA-196 (261010020)", "links": "<a href=\"https://www.vesselfinder.com/vessels?name=261010020\" target=\"_blank\" rel=\"noopener\">VesselFinder</a> | <a href=\"https://www.marinetraffic.com/en/ais/search/all?keyword=261010020\" target=\"_blank\" rel=\"noopener\">MarineTraffic</a>", "vf_url": "https://www.vesselfinder.com/vessels?name=261010020", "mst_url": "https://www.marinetraffic.com/en/ais/search/all?keyword=261010020", "method": "v3_2pass_track3d_fromru10d", "ru_seen_in_lookback": true, "in_monitor_on_day": true}}, {"type": "Feature", "geometry": {"type": "Point", "coordinates": [10.110721666666667, 57.835100000000004]}, "properties": {"label": "ANGELS SPIRIT", "mmsi": "636025844", "imo": "9502740", "name": "ANGELS SPIRIT", "shiptype": "", "first_seen_utc": "2026-01-13T05:40:14Z", "last_seen_utc": "2026-01-20T07:35:48Z", "destination": "AO LAD", "eta": "{'Day': 9, 'Hour': 6, 'Minute': 30, 'Month': 2}", "display": "ANGELS SPIRIT (636025844)", "links": "<a href=\"https://www.vesselfinder.com/vessels?name=9502740\" target=\"_blank\" rel=\"noopener\">VesselFinder</a> | <a href=\"https://www.marinetraffic.com/en/ais/search/all?keyword=9502740\" target=\"_blank\" rel=\"noopener\">MarineTraffic</a>", "vf_url": "https://www.vesselfinder.com/vessels?name=9502740", "mst_url": "https://www.marinetraffic.com/en/ais/search/all?keyword=9502740", "method": "v3_2pass_track3d_fromru10d", "ru_seen_in_lookback": true, "in_monitor_on_day": true}}, {"type": "Feature", "geometry": {"type": "Point", "coordinates": [12.205771666666667, 54.48131166666667]}, "properties": {"label": "TRANSNORDIC", "mmsi": "636023850", "imo": "9602174", "name": "TRANSNORDIC", "shiptype": "", "first_seen_utc": "2026-01-13T10:53:20Z", "last_seen_utc": "2026-01-20T07:34:50Z", "destination": "GIBRALTAR", "eta": "{'Day': 27, 'Hour': 17, 'Minute': 0, 'Month': 1}", "display": "TRANSNORDIC (636023850)", "links": "<a href=\"https://www.vesselfinder.com/vessels?name=9602174\" target=\"_blank\" rel=\"noopener\">VesselFinder</a> | <a href=\"https://www.marinetraffic.com/en/ais/search/all?keyword=9602174\" target=\"_blank\" rel=\"noopener\">MarineTraffic</a>", "vf_url": "https://www.vesselfinder.com/vessels?name=9602174", "mst_url": "https://www.marinetraffic.com/en/ais/search/all?keyword=9602174", "method": "v3_2pass_track3d_fromru10d", "ru_seen_in_lookback": true, "in_monitor_on_day": true}}, {"type": "Feature", "geometry": {"type": "Point", "coordinates": [11.067794999999998, 54.60224166666667]}, "properties": {"label": "KIRAN ISTANBUL", "mmsi": "229603000", "imo": "9576973", "name": "KIRAN ISTANBUL", "shiptype": "", "first_seen_utc": "2026-01-13T15:24:13Z", "last_seen_utc": "2026-01-20T07:32:37Z", "destination": "RU LED", "eta": "{'Day': 5, 'Hour': 5, 'Minute': 0, 'Month': 1}", "display": "KIRAN ISTANBUL (229603000)", "links": "<a href=\"https://www.vesselfinder.com/vessels?name=9576973\" target=\"_blank\" rel=\"noopener\">VesselFinder</a> | <a href=\"https://www.marinetraffic.com/en/ais/search/all?keyword=9576973\" target=\"_blank\" rel=\"noopener\">MarineTraffic</a>", "vf_url": "https://www.vesselfinder.com/vessels?name=9576973", "mst_url": "https://www.marinetraffic.com/en/ais/search/all?keyword=9576973", "method": "v3_2pass_track3d_fromru10d", "ru_seen_in_lookback": true, "in_monitor_on_day": true}}, {"type": "Feature", "geometry": {"type": "LineString", "coordinates": [[18.835575, 54.46387666666667], [18.835613333333335, 54.463865000000006], [18.83563666666667, 54.46391666666667], [18.835586666666664, 54.463875], [18.835530000000002, 54.46386333333333], [18.835376666666665, 54.46381833333333], [18.835285, 54.46375333333334], [18.835508333333333, 54.46387666666667], [18.835478333333334, 54.463865000000006], [18.835586666666664, 54.46391833333333], [18.83569333333333, 54.463973333333335], [18.835975, 54.46401], [18.8362, 54.464095], [18.836231666666666, 54.46410166666667], [18.83599, 54.46405333333333], [18.836270000000003, 54.46411833333333], [18.836434999999998, 54.464106666666666], [18.836491666666667, 54.464145], [18.836528333333334, 54.46414], [18.836848333333332, 54.46416], [18.836928333333333, 54.464185], [18.837145, 54.464193333333334], [18.83724833333333, 54.46420833333333], [18.837221666666668, 54.4642], [18.665298333333332, 54.385421666666666]]}, "properties": {"label": "ISTANBUL-M", "mmsi": "352003516", "imo": "9450818", "name": "ISTANBUL-M", "shiptype": "", "first_seen_utc": "2026-01-14T05:22:44Z", "last_seen_utc": "2026-01-20T07:32:35Z", "destination": "PL GDN", "eta": "{'Day': 14, 'Hour': 11, 'Minute': 0, 'Month': 1}", "display": "", "links": "<a href=\"https://www.vesselfinder.com/vessels?name=9450818\" target=\"_blank\" rel=\"noopener\">VesselFinder</a> | <a href=\"https://www.marinetraffic.com/en/ais/search/all?keyword=9450818\" target=\"_blank\" rel=\"noopener\">MarineTraffic</a>", "vf_url": "https://www.vesselfinder.com/vessels?name=9450818", "mst_url": "https://www.marinetraffic.com/en/ais/search/all?keyword=9450818", "method": "v3_2pass_track3d_fromru10d", "ru_seen_in_lookback": true, "in_monitor_on_day": true}}, {"type": "Feature", "geometry": {"type": "Point", "coordinates": [18.665298333333332, 54.385421666666666]}, "properties": {"label": "ISTANBUL-M", "mmsi": "352003516", "imo": "9450818", "name": "ISTANBUL-M", "shiptype": "", "first_seen_utc": "2026-01-14T05:22:44Z", "last_seen_utc": "2026-01-20T07:32:35Z", "destination": "PL GDN", "eta": "{'Day': 14, 'Hour': 11, 'Minute': 0, 'Month': 1}", "display": "ISTANBUL-M (352003516)", "links": "<a href=\"https://www.vesselfinder.com/vessels?name=9450818\" target=\"_blank\" rel=\"noopener\">VesselFinder</a> | <a href=\"https://www.marinetraffic.com/en/ais/search/all?keyword=9450818\" target=\"_blank\" rel=\"noopener\">MarineTraffic</a>", "vf_url": "https://www.vesselfinder.com/vessels?name=9450818", "mst_url": "https://www.marinetraffic.com/en/ais/search/all?keyword=9450818", "method": "v3_2pass_track3d_fromru10d", "ru_seen_in_lookback": true, "in_monitor_on_day": true}}, {"type": "Feature", "geometry": {"type": "Point", "coordinates": [12.38917, 54.649045]}, "properties": {"label": "SERAPHIM", "mmsi": "636022653", "imo": "9598323", "name": "SERAPHIM", "shiptype": "", "first_seen_utc": "2026-01-14T15:53:33Z", "last_seen_utc": "2026-01-20T07:33:04Z", "destination": "ROSTERMINALUGOL", "eta": "{'Day': 14, 'Hour': 18, 'Minute': 0, 'Month': 1}", "display": "SERAPHIM (636022653)", "links": "<a href=\"https://www.vesselfinder.com/vessels?name=9598323\" target=\"_blank\" rel=\"noopener\">VesselFinder</a> | <a href=\"https://www.marinetraffic.com/en/ais/search/all?keyword=9598323\" target=\"_blank\" rel=\"noopener\">MarineTraffic</a>", "vf_url": "https://www.vesselfinder.com/vessels?name=9598323", "mst_url": "https://www.marinetraffic.com/en/ais/search/all?keyword=9598323", "method": "v3_2pass_track3d_fromru10d", "ru_seen_in_lookback": true, "in_monitor_on_day": true}}, {"type": "Feature", "geometry": {"type": "LineString", "coordinates": [[18.548816666666667, 54.53358333333333], [18.548816666666667, 54.533566666666665], [18.548833333333334, 54.533566666666665], [18.548816666666667, 54.533566666666665], [18.548816666666667, 54.533566666666665], [18.548816666666667, 54.53358333333333], [18.548816666666667, 54.53358333333333], [18.548833333333334, 54.53358333333333], [18.548816666666667, 54.533566666666665], [18.548816666666667, 54.533566666666665], [18.548816666666667, 54.533566666666665], [18.548816666666667, 54.533566666666665], [18.548816666666667, 54.533566666666665], [18.548816666666667, 54.533566666666665], [18.548816666666667, 54.53358333333333], [18.548816666666667, 54.533566666666665], [18.548816666666667, 54.53358333333333], [18.548816666666667, 54.533566666666665], [18.548816666666667, 54.533566666666665], [18.548833333333334, 54.53358333333333], [18.548816666666667, 54.533566666666665], [18.548816666666667, 54.533566666666665], [18.548816666666667, 54.533566666666665], [18.548816666666667, 54.533566666666665], [9.957616666666667, 54.342200000000005]]}, "properties": {"label": "FWN SEA", "mmsi": "244770273", "imo": "9721657", "name": "FWN SEA", "shiptype": "", "first_seen_utc": "2026-01-15T10:39:01Z", "last_seen_utc": "2026-01-20T07:32:49Z", "destination": "ITGIT", "eta": "{'Day': 31, 'Hour': 6, 'Minute': 0, 'Month': 1}", "display": "", "links": "<a href=\"https://www.vesselfinder.com/vessels?name=9721657\" target=\"_blank\" rel=\"noopener\">VesselFinder</a> | <a href=\"https://www.marinetraffic.com/en/ais/search/all?keyword=9721657\" target=\"_blank\" rel=\"noopener\">MarineTraffic</a>", "vf_url": "https://www.vesselfinder.com/vessels?name=9721657", "mst_url": "https://www.marinetraffic.com/en/ais/search/all?keyword=9721657", "method": "v3_2pass_track3d_fromru10d", "ru_seen_in_lookback": true, "in_monitor_on_day": true}}, {"type": "Feature", "geometry": {"type": "Point", "coordinates": [9.957616666666667, 54.342200000000005]}, "properties": {"label": "FWN SEA", "mmsi": "244770273", "imo": "9721657", "name": "FWN SEA", "shiptype": "", "first_seen_utc": "2026-01-15T10:39:01Z", "last_seen_utc": "2026-01-20T07:32:49Z", "destination": "ITGIT", "eta": "{'Day': 31, 'Hour': 6, 'Minute': 0, 'Month': 1}", "display": "FWN SEA (244770273)", "links": "<a href=\"https://www.vesselfinder.com/vessels?name=9721657\" target=\"_blank\" rel=\"noopener\">VesselFinder</a> | <a href=\"https://www.marinetraffic.com/en/ais/search/all?keyword=9721657\" target=\"_blank\" rel=\"noopener\">MarineTraffic</a>", "vf_url": "https://www.vesselfinder.com/vessels?name=9721657", "mst_url": "https://www.marinetraffic.com/en/ais/search/all?keyword=9721657", "method": "v3_2pass_track3d_fromru10d", "ru_seen_in_lookback": true, "in_monitor_on_day": true}}, {"type": "Feature", "geometry": {"type": "Point", "coordinates": [11.316665, 54.56671666666667]}, "properties": {"label": "OSOGOVO", "mmsi": "215400000", "imo": "9498250", "name": "OSOGOVO", "shiptype": "", "first_seen_utc": "2026-01-16T00:33:13Z", "last_seen_utc": "2026-01-20T07:32:50Z", "destination": "SKAGEN", "eta": "{'Day': 6, 'Hour': 10, 'Minute': 0, 'Month': 1}", "display": "OSOGOVO (215400000)", "links": "<a href=\"https://www.vesselfinder.com/vessels?name=9498250\" target=\"_blank\" rel=\"noopener\">VesselFinder</a> | <a href=\"https://www.marinetraffic.com/en/ais/search/all?keyword=9498250\" target=\"_blank\" rel=\"noopener\">MarineTraffic</a>", "vf_url": "https://www.vesselfinder.com/vessels?name=9498250", "mst_url": "https://www.marinetraffic.com/en/ais/search/all?keyword=9498250", "method": "v3_2pass_track3d_fromru10d", "ru_seen_in_lookback": true, "in_monitor_on_day": true}}, {"type": "Feature", "geometry": {"type": "LineString", "coordinates": [[18.715991666666664, 54.402215], [18.715993333333333, 54.40221666666666], [18.715988333333332, 54.402215], [18.715985, 54.402208333333334], [18.715991666666664, 54.402208333333334], [18.715986666666666, 54.402211666666666], [18.715981666666668, 54.40221], [18.715988333333332, 54.40220166666666], [18.715989999999998, 54.402205], [18.715983333333334, 54.402215], [18.715985, 54.402211666666666], [18.715986666666666, 54.40221], [18.715973333333334, 54.40222000000001], [18.715981666666668, 54.402206666666665], [18.715986666666666, 54.402211666666666], [18.715985, 54.402205], [18.71597166666667, 54.40221666666666], [18.715983333333334, 54.40221], [18.715995000000003, 54.40220333333333], [18.715993333333333, 54.402206666666665], [18.715989999999998, 54.40221], [18.715995000000003, 54.402206666666665], [18.715978333333332, 54.40222000000001], [18.715989999999998, 54.402205], [18.854756666666667, 54.449475]]}, "properties": {"label": "SALACGRIVA", "mmsi": "538002778", "imo": "9323390", "name": "SALACGRIVA", "shiptype": "", "first_seen_utc": "2026-01-16T15:15:28Z", "last_seen_utc": "2026-01-20T07:34:52Z", "destination": "PLGDN", "eta": "{'Day': 16, 'Hour': 20, 'Minute': 0, 'Month': 1}", "display": "", "links": "<a href=\"https://www.vesselfinder.com/vessels?name=9323390\" target=\"_blank\" rel=\"noopener\">VesselFinder</a> | <a href=\"https://www.marinetraffic.com/en/ais/search/all?keyword=9323390\" target=\"_blank\" rel=\"noopener\">MarineTraffic</a>", "vf_url": "https://www.vesselfinder.com/vessels?name=9323390", "mst_url": "https://www.marinetraffic.com/en/ais/search/all?keyword=9323390", "method": "v3_2pass_track3d_fromru10d", "ru_seen_in_lookback": true, "in_monitor_on_day": true}}, {"type": "Feature", "geometry": {"type": "Point", "coordinates": [18.854756666666667, 54.449475]}, "properties": {"label": "SALACGRIVA", "mmsi": "538002778", "imo": "9323390", "name": "SALACGRIVA", "shiptype": "", "first_seen_utc": "2026-01-16T15:15:28Z", "last_seen_utc": "2026-01-20T07:34:52Z", "destination": "PLGDN", "eta": "{'Day': 16, 'Hour': 20, 'Minute': 0, 'Month': 1}", "display": "SALACGRIVA (538002778)", "links": "<a href=\"https://www.vesselfinder.com/vessels?name=9323390\" target=\"_blank\" rel=\"noopener\">VesselFinder</a> | <a href=\"https://www.marinetraffic.com/en/ais/search/all?keyword=9323390\" target=\"_blank\" rel=\"noopener\">MarineTraffic</a>", "vf_url": "https://www.vesselfinder.com/vessels?name=9323390", "mst_url": "https://www.marinetraffic.com/en/ais/search/all?keyword=9323390", "method": "v3_2pass_track3d_fromru10d", "ru_seen_in_lookback": true, "in_monitor_on_day": true}}, {"type": "Feature", "geometry": {"type": "LineString", "coordinates": [[19.39554, 54.768215000000005], [19.23725166666667, 54.803415], [19.09800166666667, 54.83909333333334], [18.961225000000002, 54.86887166666667], [18.82103, 54.895194999999994], [18.677866666666667, 54.92290833333333], [18.529965, 54.94032333333334], [18.379743333333334, 54.943758333333335], [8.49217, 53.60930666666666]]}, "properties": {"label": "KARIN", "mmsi": "305175000", "imo": "9376464", "name": "KARIN", "shiptype": "", "first_seen_utc": "2026-01-17T23:45:03Z", "last_seen_utc": "2026-01-20T07:32:35Z", "destination": "DEBKE", "eta": "{'Day': 20, 'Hour': 8, 'Minute': 0, 'Month': 1}", "display": "", "links": "<a href=\"https://www.vesselfinder.com/vessels?name=9376464\" target=\"_blank\" rel=\"noopener\">VesselFinder</a> | <a href=\"https://www.marinetraffic.com/en/ais/search/all?keyword=9376464\" target=\"_blank\" rel=\"noopener\">MarineTraffic</a>", "vf_url": "https://www.vesselfinder.com/vessels?name=9376464", "mst_url": "https://www.marinetraffic.com/en/ais/search/all?keyword=9376464", "method": "v3_2pass_track3d_fromru10d", "ru_seen_in_lookback": true, "in_monitor_on_day": true}}, {"type": "Feature", "geometry": {"type": "Point", "coordinates": [8.49217, 53.60930666666666]}, "properties": {"label": "KARIN", "mmsi": "305175000", "imo": "9376464", "name": "KARIN", "shiptype": "", "first_seen_utc": "2026-01-17T23:45:03Z", "last_seen_utc": "2026-01-20T07:32:35Z", "destination": "DEBKE", "eta": "{'Day': 20, 'Hour': 8, 'Minute': 0, 'Month': 1}", "display": "KARIN (305175000)", "links": "<a href=\"https://www.vesselfinder.com/vessels?name=9376464\" target=\"_blank\" rel=\"noopener\">VesselFinder</a> | <a href=\"https://www.marinetraffic.com/en/ais/search/all?keyword=9376464\" target=\"_blank\" rel=\"noopener\">MarineTraffic</a>", "vf_url": "https://www.vesselfinder.com/vessels?name=9376464", "mst_url": "https://www.marinetraffic.com/en/ais/search/all?keyword=9376464", "method": "v3_2pass_track3d_fromru10d", "ru_seen_in_lookback": true, "in_monitor_on_day": true}}]}