{"type": "FeatureCollection", "features": [{"type": "Feature", "geometry": {"type": "LineString", "coordinates": [[18.716666666666665, 54.385999999999996], [18.716666666666665, 54.38616666666667], [18.747166666666665, 54.402], [18.9125, 54.42883333333334], [19.029999999999998, 54.507], [19.117666666666665, 54.61066666666667], [19.021833333333333, 54.7275], [14.525, 53.6695], [14.596666666666666, 53.570166666666665], [14.6205, 53.49183333333334], [14.587, 53.436166666666665], [14.586500000000001, 53.4305], [14.586333333333332, 53.4305], [14.586333333333332, 53.43066666666667], [14.586333333333332, 53.4305], [14.586333333333332, 53.4305], [14.586333333333332, 53.4305], [14.586333333333332, 53.43066666666667], [14.586500000000001, 53.4305], [14.586500000000001, 53.43066666666667], [14.586500000000001, 53.4305], [14.586333333333332, 53.4305], [14.586333333333332, 53.4305], [14.586333333333332, 53.4305], [14.586333333333332, 53.4305], [14.586333333333332, 53.4305], [14.586333333333332, 53.4305], [14.586500000000001, 53.4305], [14.586500000000001, 53.4305], [14.586333333333332, 53.4305], [14.586333333333332, 53.4305], [14.586333333333332, 53.43066666666667], [14.586333333333332, 53.4305], [14.586333333333332, 53.4305], [14.586333333333332, 53.4305], [14.586333333333332, 53.43066666666667], [14.586333333333332, 53.4305], [14.586333333333332, 53.4305], [14.586500000000001, 53.4305], [14.586500000000001, 53.43066666666667], [14.586333333333332, 53.43066666666667], [14.586333333333332, 53.43066666666667], [14.586500000000001, 53.4305], [14.586333333333332, 53.4305], [14.586500000000001, 53.4305], [14.586500000000001, 53.4305], [14.586500000000001, 53.4305], [14.586500000000001, 53.4305], [14.586500000000001, 53.43066666666667], [14.586500000000001, 53.4305], [14.586500000000001, 53.43066666666667], [14.586500000000001, 53.43066666666667], [14.586333333333332, 53.43066666666667], [14.586500000000001, 53.4305], [14.586500000000001, 53.4305], [14.586500000000001, 53.43066666666667], [14.586500000000001, 53.4305], [14.586500000000001, 53.4305], [14.586333333333332, 53.4305], [14.586333333333332, 53.4305], [14.586500000000001, 53.4305], [14.586333333333332, 53.4305], [14.586500000000001, 53.4305], [14.586333333333332, 53.4305], [14.586333333333332, 53.4305], [14.586333333333332, 53.43066666666667], [14.586333333333332, 53.4305], [14.586333333333332, 53.4305], [14.586333333333332, 53.4305], [14.586333333333332, 53.4305], [14.586333333333332, 53.4305], [14.586333333333332, 53.4305], [14.586333333333332, 53.43066666666667], [14.586333333333332, 53.43066666666667], [14.586500000000001, 53.4305], [14.602833333333333, 53.467], [14.5995, 53.559666666666665], [14.277333333333333, 54.893166666666666], [14.311666666666667, 55.0045]]}, "properties": {"label": "RAGNA", "mmsi": "211265530", "imo": "9173329", "name": "RAGNA", "shiptype": "", "first_seen_utc": "2026-01-02T00:00:30Z", "last_seen_utc": "2026-01-11T15:35:40Z", "destination": "FIKTK", "eta": "{'Day': 13, 'Hour': 7, 'Minute': 0, 'Month': 1}", "display": "", "links": "<a href=\"https://www.vesselfinder.com/vessels?name=9173329\" target=\"_blank\" rel=\"noopener\">VesselFinder</a> | <a href=\"https://www.marinetraffic.com/en/ais/search/all?keyword=9173329\" target=\"_blank\" rel=\"noopener\">MarineTraffic</a>", "vf_url": "https://www.vesselfinder.com/vessels?name=9173329", "mst_url": "https://www.marinetraffic.com/en/ais/search/all?keyword=9173329", "method": "v3_2pass_track3d_fromru10d", "ru_seen_in_lookback": true, "in_monitor_on_day": true}}, {"type": "Feature", "geometry": {"type": "Point", "coordinates": [14.311666666666667, 55.0045]}, "properties": {"label": "RAGNA", "mmsi": "211265530", "imo": "9173329", "name": "RAGNA", "shiptype": "", "first_seen_utc": "2026-01-02T00:00:30Z", "last_seen_utc": "2026-01-11T15:35:40Z", "destination": "FIKTK", "eta": "{'Day': 13, 'Hour': 7, 'Minute': 0, 'Month': 1}", "display": "RAGNA (211265530)", "links": "<a href=\"https://www.vesselfinder.com/vessels?name=9173329\" target=\"_blank\" rel=\"noopener\">VesselFinder</a> | <a href=\"https://www.marinetraffic.com/en/ais/search/all?keyword=9173329\" target=\"_blank\" rel=\"noopener\">MarineTraffic</a>", "vf_url": "https://www.vesselfinder.com/vessels?name=9173329", "mst_url": "https://www.marinetraffic.com/en/ais/search/all?keyword=9173329", "method": "v3_2pass_track3d_fromru10d", "ru_seen_in_lookback": true, "in_monitor_on_day": true}}, {"type": "Feature", "geometry": {"type": "LineString", "coordinates": [[18.977266666666665, 54.942006666666664], [18.994618333333335, 54.84715833333333], [19.01406666666667, 54.75242166666667], [19.054579999999998, 54.662998333333334], [19.043965, 54.57528333333333], [18.97338166666667, 54.4886], [18.86277833333333, 54.430596666666666], [18.835005000000002, 54.437585], [18.835596666666667, 54.43745333333333], [18.83459, 54.43809666666667], [18.835396666666668, 54.437490000000004], [18.834378333333333, 54.438001666666665], [18.834870000000002, 54.437778333333334], [18.834453333333332, 54.43797333333334], [18.834934999999998, 54.43766333333333], [18.835198333333334, 54.43751333333333], [18.834169999999997, 54.43851666666667], [18.835065, 54.43762666666667], [18.834531666666667, 54.43783833333334], [18.8342, 54.43840333333333], [18.834656666666667, 54.437795], [18.83443, 54.437936666666666], [18.834226666666666, 54.43837833333334], [18.835140000000003, 54.437565], [18.83427, 54.43828499999999], [18.834355000000002, 54.43810666666666], [18.835685, 54.43742666666667], [18.834319999999998, 54.438255000000005], [18.834476666666667, 54.43812333333334], [18.836035, 54.43734833333333], [18.834903333333333, 54.437623333333335], [18.834426666666666, 54.43800833333333], [18.834400000000002, 54.438085], [18.834576666666667, 54.437868333333334], [18.835578333333334, 54.437353333333334], [18.835596666666667, 54.43730166666667], [18.83614833333333, 54.43713], [18.835248333333332, 54.43734333333334], [18.834558333333334, 54.43779666666667], [18.834931666666666, 54.437545], [18.835488333333334, 54.437295], [18.836644999999997, 54.437063333333334], [18.83645, 54.43703166666667], [18.835998333333336, 54.43713833333334], [18.836434999999998, 54.43704], [18.836176666666667, 54.43703666666667], [18.836445, 54.437016666666665], [18.83653, 54.43698166666666], [18.835706666666667, 54.43711333333333], [18.83485166666667, 54.43744], [18.834883333333334, 54.43741166666667], [18.83503, 54.437385], [18.836338333333334, 54.437], [18.836728333333333, 54.43701166666666], [18.83729, 54.43698], [18.837183333333332, 54.43694166666667], [18.83738333333333, 54.43696666666666], [18.837308333333333, 54.436926666666665], [18.838115000000002, 54.43708166666667], [18.836560000000002, 54.436908333333335], [18.83621, 54.43692166666666], [18.835891666666665, 54.437045], [18.83608, 54.43689], [18.835755, 54.43701166666666], [18.83728166666667, 54.43693666666666], [18.837263333333333, 54.43686833333334], [18.837390000000003, 54.43687833333333], [18.83576, 54.43696833333333], [18.838236666666667, 54.43689833333334], [18.837108333333333, 54.43676], [18.836731666666665, 54.43675833333334], [18.837136666666666, 54.436755], [18.836133333333333, 54.43676], [18.836216666666665, 54.436749999999996], [18.835500000000003, 54.436865], [18.83580166666667, 54.436706666666666], [18.836903333333332, 54.436575], [18.837055000000003, 54.43654], [18.835975, 54.436569999999996], [18.83673333333333, 54.43652], [18.83771833333333, 54.43653333333334], [18.835893333333335, 54.43662500000001], [18.836473333333334, 54.436506666666666], [18.83594, 54.43655833333333], [18.836058333333334, 54.43657833333334], [18.836726666666667, 54.436411666666665], [18.836236666666665, 54.436568333333334], [18.83762, 54.436481666666666], [18.83642166666667, 54.436503333333334], [18.836821666666665, 54.436501666666665], [18.836216666666665, 54.43642333333333], [18.835910000000002, 54.43660333333333], [18.83776, 54.43654333333333], [18.83545333333333, 54.436765], [18.836306666666665, 54.43653666666667], [18.836456666666667, 54.43649333333334], [18.835796666666667, 54.436683333333335], [18.837233333333334, 54.436575], [18.837448333333334, 54.43652833333333], [18.835829999999998, 54.43671666666667], [18.838145, 54.43670833333333], [18.83654, 54.436524999999996], [18.837861666666665, 54.43659666666667], [18.836438333333334, 54.436553333333336], [18.837306666666667, 54.43652833333333], [18.838621666666665, 54.43721166666667], [18.837486666666667, 54.43885833333333], [18.886141666666667, 54.426966666666665], [18.78262, 54.40992833333333], [18.718193333333332, 54.391081666666665], [18.715648333333334, 54.38527833333333], [18.71563666666667, 54.38527833333333]]}, "properties": {"label": "CMA CGM RUNDALE", "mmsi": "256882000", "imo": "9961300", "name": "CMA CGM RUNDALE", "shiptype": "", "first_seen_utc": "2026-01-02T00:00:56Z", "last_seen_utc": "2026-01-11T15:47:44Z", "destination": "PLGDN", "eta": "{'Day': 9, 'Hour': 8, 'Minute': 0, 'Month': 1}", "display": "", "links": "<a href=\"https://www.vesselfinder.com/vessels?name=9961300\" target=\"_blank\" rel=\"noopener\">VesselFinder</a> | <a href=\"https://www.marinetraffic.com/en/ais/search/all?keyword=9961300\" target=\"_blank\" rel=\"noopener\">MarineTraffic</a>", "vf_url": "https://www.vesselfinder.com/vessels?name=9961300", "mst_url": "https://www.marinetraffic.com/en/ais/search/all?keyword=9961300", "method": "v3_2pass_track3d_fromru10d", "ru_seen_in_lookback": true, "in_monitor_on_day": true}}, {"type": "Feature", "geometry": {"type": "Point", "coordinates": [18.71563666666667, 54.38527833333333]}, "properties": {"label": "CMA CGM RUNDALE", "mmsi": "256882000", "imo": "9961300", "name": "CMA CGM RUNDALE", "shiptype": "", "first_seen_utc": "2026-01-02T00:00:56Z", "last_seen_utc": "2026-01-11T15:47:44Z", "destination": "PLGDN", "eta": "{'Day': 9, 'Hour': 8, 'Minute': 0, 'Month': 1}", "display": "CMA CGM RUNDALE (256882000)", "links": "<a href=\"https://www.vesselfinder.com/vessels?name=9961300\" target=\"_blank\" rel=\"noopener\">VesselFinder</a> | <a href=\"https://www.marinetraffic.com/en/ais/search/all?keyword=9961300\" target=\"_blank\" rel=\"noopener\">MarineTraffic</a>", "vf_url": "https://www.vesselfinder.com/vessels?name=9961300", "mst_url": "https://www.marinetraffic.com/en/ais/search/all?keyword=9961300", "method": "v3_2pass_track3d_fromru10d", "ru_seen_in_lookback": true, "in_monitor_on_day": true}}, {"type": "Feature", "geometry": {"type": "LineString", "coordinates": [[18.70718, 54.39647], [18.70718, 54.396465], [18.707181666666667, 54.396460000000005], [18.707175, 54.396460000000005], [18.707168333333335, 54.39646833333334], [18.707161666666664, 54.396465], [18.707165, 54.39646166666667], [18.707171666666667, 54.39646666666667], [18.707165, 54.39647333333333], [18.70716666666667, 54.39646833333334], [18.70716666666667, 54.396465], [18.707171666666667, 54.39646333333334], [18.707168333333335, 54.39646666666667], [18.707175, 54.39646166666667], [18.707171666666667, 54.39647166666667], [18.70716666666667, 54.39644166666667], [18.707168333333335, 54.396465], [18.707173333333333, 54.396454999999996], [18.70717, 54.39646166666667], [18.707171666666667, 54.396465], [18.707175, 54.39646166666667], [18.707156666666666, 54.396483333333336], [18.70717, 54.39646666666667], [18.707173333333333, 54.39647], [18.707176666666665, 54.39646833333334], [18.707171666666667, 54.39646666666667], [18.707186666666665, 54.39646333333334], [18.71293166666667, 54.396953333333336], [18.817153333333334, 54.41534], [18.961225000000002, 54.43407333333334], [19.04162, 54.509744999999995], [19.108261666666667, 54.595839999999995], [19.089961666666667, 54.685320000000004], [19.054826666666667, 54.77567833333333], [18.956011666666665, 54.845371666666665], [18.821048333333334, 54.90383833333333], [18.676925, 54.97167], [15.661453333333332, 55.80383833333334], [15.499936666666667, 55.855673333333336], [15.352186666666666, 55.908318333333334], [15.247561666666666, 55.93982666666667], [15.144185, 55.97215666666667], [15.041106666666668, 56.003591666666665], [14.942925, 56.03879166666666], [14.88601, 56.06346666666666], [14.846251666666666, 56.094115], [14.819988333333333, 56.141735000000004], [14.825468333333333, 56.15452333333334], [14.826459999999999, 56.15536], [14.826465, 56.155366666666666], [14.826463333333333, 56.155363333333334], [14.826468333333334, 56.155364999999996], [14.82647, 56.155366666666666], [14.826471666666666, 56.155363333333334], [14.82647, 56.155366666666666], [14.826473333333333, 56.155363333333334], [14.82647, 56.155363333333334], [14.826473333333333, 56.155361666666664], [14.826473333333333, 56.155363333333334], [14.82647, 56.155366666666666], [14.826476666666668, 56.155364999999996], [14.826474999999999, 56.155363333333334], [14.826473333333333, 56.155363333333334], [14.826476666666668, 56.155363333333334], [14.826478333333334, 56.155364999999996], [14.826478333333334, 56.15536833333333], [14.82647, 56.155364999999996], [14.826481666666666, 56.155361666666664], [14.826471666666666, 56.155361666666664], [14.826478333333334, 56.155363333333334], [14.826474999999999, 56.155361666666664], [14.826473333333333, 56.155363333333334], [14.826463333333333, 56.15537666666667], [14.826471666666666, 56.15537333333334], [14.82647, 56.15537166666666], [14.826476666666668, 56.155366666666666], [14.82648, 56.155363333333334], [14.826474999999999, 56.155366666666666], [14.82648, 56.155364999999996], [14.826476666666668, 56.155366666666666], [14.82647, 56.155364999999996], [14.826466666666667, 56.155366666666666], [14.826466666666667, 56.155366666666666], [14.82647, 56.155364999999996], [14.826465, 56.155364999999996], [14.826466666666667, 56.155364999999996], [14.82647, 56.155363333333334], [14.826468333333334, 56.155366666666666], [14.826465, 56.155366666666666], [14.826459999999999, 56.155364999999996], [14.826465, 56.155363333333334], [14.82647, 56.155361666666664], [14.826465, 56.155363333333334], [14.826465, 56.15536833333333], [14.826468333333334, 56.155364999999996], [14.826471666666666, 56.155364999999996], [14.82647, 56.155364999999996], [14.82647, 56.155366666666666], [14.826466666666667, 56.155363333333334], [14.826471666666666, 56.15536833333333], [14.826471666666666, 56.15537333333334], [14.826463333333333, 56.15536833333333], [14.826465, 56.155366666666666], [14.826461666666667, 56.155366666666666]]}, "properties": {"label": "HAPPY PEREGRINE", "mmsi": "219558000", "imo": "9553660", "name": "HAPPY PEREGRINE", "shiptype": "", "first_seen_utc": "2026-01-02T00:00:57Z", "last_seen_utc": "2026-01-11T15:38:07Z", "destination": "SEKAN", "eta": "{'Day': 10, 'Hour': 7, 'Minute': 0, 'Month': 1}", "display": "", "links": "<a href=\"https://www.vesselfinder.com/vessels?name=9553660\" target=\"_blank\" rel=\"noopener\">VesselFinder</a> | <a href=\"https://www.marinetraffic.com/en/ais/search/all?keyword=9553660\" target=\"_blank\" rel=\"noopener\">MarineTraffic</a>", "vf_url": "https://www.vesselfinder.com/vessels?name=9553660", "mst_url": "https://www.marinetraffic.com/en/ais/search/all?keyword=9553660", "method": "v3_2pass_track3d_fromru10d", "ru_seen_in_lookback": true, "in_monitor_on_day": true}}, {"type": "Feature", "geometry": {"type": "Point", "coordinates": [14.826461666666667, 56.155366666666666]}, "properties": {"label": "HAPPY PEREGRINE", "mmsi": "219558000", "imo": "9553660", "name": "HAPPY PEREGRINE", "shiptype": "", "first_seen_utc": "2026-01-02T00:00:57Z", "last_seen_utc": "2026-01-11T15:38:07Z", "destination": "SEKAN", "eta": "{'Day': 10, 'Hour': 7, 'Minute': 0, 'Month': 1}", "display": "HAPPY PEREGRINE (219558000)", "links": "<a href=\"https://www.vesselfinder.com/vessels?name=9553660\" target=\"_blank\" rel=\"noopener\">VesselFinder</a> | <a href=\"https://www.marinetraffic.com/en/ais/search/all?keyword=9553660\" target=\"_blank\" rel=\"noopener\">MarineTraffic</a>", "vf_url": "https://www.vesselfinder.com/vessels?name=9553660", "mst_url": "https://www.marinetraffic.com/en/ais/search/all?keyword=9553660", "method": "v3_2pass_track3d_fromru10d", "ru_seen_in_lookback": true, "in_monitor_on_day": true}}, {"type": "Feature", "geometry": {"type": "LineString", "coordinates": [[14.464288333333334, 54.90169166666667], [14.464293333333334, 54.901671666666665], [14.464266666666667, 54.90166833333333], [14.464256666666667, 54.901648333333334], [14.464151666666668, 54.90164666666667], [14.464178333333333, 54.90164666666667], [14.464178333333333, 54.901655], [14.464188333333334, 54.901626666666665], [14.464175000000001, 54.901653333333336], [14.464186666666667, 54.90166], [14.464143333333334, 54.90164333333333], [14.464161666666666, 54.901645], [14.4642, 54.901669999999996], [14.464171666666665, 54.901680000000006], [14.46415, 54.901669999999996], [14.464158333333334, 54.90169], [14.464226666666667, 54.90167333333333], [14.464184999999999, 54.90166333333333], [14.464158333333334, 54.90167833333333], [14.464225, 54.901669999999996], [14.464113333333334, 54.901669999999996], [14.464096666666668, 54.90169], [14.464094999999999, 54.901680000000006], [14.46413, 54.90165666666667]]}, "properties": {"label": "PROVIDER", "mmsi": "257232000", "imo": "9399155", "name": "PROVIDER", "shiptype": "", "first_seen_utc": "2026-01-02T00:02:08Z", "last_seen_utc": "2026-01-11T15:47:25Z", "destination": "WEATHER STANDBY", "eta": "{'Day': 10, 'Hour': 6, 'Minute': 0, 'Month': 1}", "display": "", "links": "<a href=\"https://www.vesselfinder.com/vessels?name=9399155\" target=\"_blank\" rel=\"noopener\">VesselFinder</a> | <a href=\"https://www.marinetraffic.com/en/ais/search/all?keyword=9399155\" target=\"_blank\" rel=\"noopener\">MarineTraffic</a>", "vf_url": "https://www.vesselfinder.com/vessels?name=9399155", "mst_url": "https://www.marinetraffic.com/en/ais/search/all?keyword=9399155", "method": "v3_2pass_track3d_fromru10d", "ru_seen_in_lookback": true, "in_monitor_on_day": true}}, {"type": "Feature", "geometry": {"type": "Point", "coordinates": [14.46413, 54.90165666666667]}, "properties": {"label": "PROVIDER", "mmsi": "257232000", "imo": "9399155", "name": "PROVIDER", "shiptype": "", "first_seen_utc": "2026-01-02T00:02:08Z", "last_seen_utc": "2026-01-11T15:47:25Z", "destination": "WEATHER STANDBY", "eta": "{'Day': 10, 'Hour': 6, 'Minute': 0, 'Month': 1}", "display": "PROVIDER (257232000)", "links": "<a href=\"https://www.vesselfinder.com/vessels?name=9399155\" target=\"_blank\" rel=\"noopener\">VesselFinder</a> | <a href=\"https://www.marinetraffic.com/en/ais/search/all?keyword=9399155\" target=\"_blank\" rel=\"noopener\">MarineTraffic</a>", "vf_url": "https://www.vesselfinder.com/vessels?name=9399155", "mst_url": "https://www.marinetraffic.com/en/ais/search/all?keyword=9399155", "method": "v3_2pass_track3d_fromru10d", "ru_seen_in_lookback": true, "in_monitor_on_day": true}}, {"type": "Feature", "geometry": {"type": "LineString", "coordinates": [[18.611116666666664, 54.521883333333335], [18.611033333333335, 54.52203333333333], [18.61095, 54.522166666666664], [18.61105, 54.52183333333333], [18.611266666666666, 54.52165], [18.61116666666667, 54.521683333333335], [18.610766666666667, 54.52205], [18.610833333333336, 54.52205], [18.610850000000003, 54.52178333333333], [18.610616666666665, 54.52218333333334], [18.610633333333332, 54.52205], [18.61075, 54.521883333333335], [18.615033333333333, 54.521899999999995], [18.541150000000002, 54.533766666666665], [18.5272, 54.52871666666667], [18.5272, 54.52871666666667], [18.5272, 54.52871666666667], [18.5272, 54.52871666666667], [18.5272, 54.52871666666667], [18.5272, 54.52871666666667], [18.5272, 54.52871666666667], [18.5272, 54.52871666666667], [18.5272, 54.52871666666667], [18.527216666666668, 54.52871666666667], [18.5272, 54.52871666666667], [18.5272, 54.52871666666667], [18.5272, 54.52871666666667], [18.5272, 54.52871666666667], [18.5272, 54.52871666666667], [18.5272, 54.52871666666667], [18.527216666666668, 54.52871666666667], [18.5272, 54.52871666666667], [18.5272, 54.52871666666667], [18.5272, 54.52871666666667], [18.5272, 54.52871666666667], [18.5272, 54.52871666666667], [18.5272, 54.52871666666667], [18.527216666666668, 54.52871666666667], [18.527216666666668, 54.52871666666667], [18.5272, 54.52871666666667], [18.5272, 54.52871666666667], [18.5272, 54.528733333333335], [18.5272, 54.52871666666667], [18.5272, 54.52871666666667], [18.5272, 54.52871666666667], [18.5272, 54.52871666666667], [18.5272, 54.52871666666667], [18.5272, 54.52871666666667], [18.5272, 54.52871666666667], [18.5272, 54.52871666666667], [18.5272, 54.52871666666667], [18.5272, 54.52871666666667], [18.5272, 54.52871666666667], [18.5272, 54.528733333333335], [18.5272, 54.52871666666667], [18.5272, 54.52871666666667], [18.527216666666668, 54.52871666666667], [18.5272, 54.52871666666667], [18.5272, 54.52871666666667], [18.527183333333333, 54.52871666666667], [18.5272, 54.52871666666667], [18.5272, 54.52871666666667], [18.5272, 54.52871666666667], [18.5272, 54.52871666666667], [18.5272, 54.52871666666667], [18.5272, 54.52871666666667], [18.5272, 54.52871666666667], [18.527216666666668, 54.52871666666667], [18.527216666666668, 54.52871666666667], [18.5272, 54.52871666666667], [18.5272, 54.528733333333335], [18.5272, 54.528733333333335], [18.5272, 54.52871666666667], [18.5272, 54.52871666666667], [18.5272, 54.52871666666667], [18.527216666666668, 54.52871666666667], [18.5272, 54.52871666666667], [18.5272, 54.52871666666667], [18.5272, 54.52871666666667], [18.5272, 54.52871666666667], [18.5272, 54.52871666666667], [18.5272, 54.52871666666667], [18.5272, 54.52871666666667], [18.5272, 54.52871666666667], [18.5272, 54.52871666666667], [18.5272, 54.52871666666667], [18.5272, 54.52871666666667], [18.5272, 54.52871666666667], [18.5272, 54.52871666666667], [18.5272, 54.528733333333335], [18.527216666666668, 54.52871666666667], [18.5272, 54.52871666666667], [18.5272, 54.52871666666667], [18.527216666666668, 54.52876666666667], [18.60193333333333, 54.53510000000001], [18.748933333333333, 54.52956666666667], [18.8581, 54.56471666666666], [18.9216, 54.6181], [18.972033333333332, 54.676399999999994], [19.0206, 54.733050000000006], [19.069833333333335, 54.79], [19.13015, 54.85015], [19.184483333333333, 54.914033333333336]]}, "properties": {"label": "IRELAND", "mmsi": "244140388", "imo": "9771456", "name": "IRELAND", "shiptype": "", "first_seen_utc": "2026-01-02T00:02:23Z", "last_seen_utc": "2026-01-11T06:05:21Z", "destination": "SE SLI", "eta": "{'Day': 12, 'Hour': 6, 'Minute': 0, 'Month': 1}", "display": "", "links": "<a href=\"https://www.vesselfinder.com/vessels?name=9771456\" target=\"_blank\" rel=\"noopener\">VesselFinder</a> | <a href=\"https://www.marinetraffic.com/en/ais/search/all?keyword=9771456\" target=\"_blank\" rel=\"noopener\">MarineTraffic</a>", "vf_url": "https://www.vesselfinder.com/vessels?name=9771456", "mst_url": "https://www.marinetraffic.com/en/ais/search/all?keyword=9771456", "method": "v3_2pass_track3d_fromru10d", "ru_seen_in_lookback": true, "in_monitor_on_day": true}}, {"type": "Feature", "geometry": {"type": "Point", "coordinates": [19.184483333333333, 54.914033333333336]}, "properties": {"label": "IRELAND", "mmsi": "244140388", "imo": "9771456", "name": "IRELAND", "shiptype": "", "first_seen_utc": "2026-01-02T00:02:23Z", "last_seen_utc": "2026-01-11T06:05:21Z", "destination": "SE SLI", "eta": "{'Day': 12, 'Hour': 6, 'Minute': 0, 'Month': 1}", "display": "IRELAND (244140388)", "links": "<a href=\"https://www.vesselfinder.com/vessels?name=9771456\" target=\"_blank\" rel=\"noopener\">VesselFinder</a> | <a href=\"https://www.marinetraffic.com/en/ais/search/all?keyword=9771456\" target=\"_blank\" rel=\"noopener\">MarineTraffic</a>", "vf_url": "https://www.vesselfinder.com/vessels?name=9771456", "mst_url": "https://www.marinetraffic.com/en/ais/search/all?keyword=9771456", "method": "v3_2pass_track3d_fromru10d", "ru_seen_in_lookback": true, "in_monitor_on_day": true}}, {"type": "Feature", "geometry": {"type": "LineString", "coordinates": [[18.675735, 54.35680833333333], [18.675755, 54.356806666666664], [18.675718333333336, 54.356815], [18.675753333333333, 54.356815], [18.675783333333335, 54.3568], [18.675733333333334, 54.356805], [18.675748333333335, 54.356795000000005], [18.67574, 54.356815], [18.675774999999998, 54.356805], [18.675715, 54.35682166666666], [18.675738333333335, 54.35680166666667], [18.675763333333336, 54.356815], [18.67577, 54.356815], [18.675771666666666, 54.35680166666667], [18.675763333333336, 54.356813333333335], [18.675738333333335, 54.356829999999995], [18.675756666666665, 54.35682666666666], [18.675735, 54.356806666666664], [18.675728333333332, 54.3568], [18.675729999999998, 54.356825], [18.675731666666664, 54.35680833333333], [18.67574, 54.356815], [18.675728333333332, 54.35681], [18.675720000000002, 54.3568], [18.67575833333333, 54.35680166666667], [18.675768333333334, 54.35681833333333], [18.675728333333332, 54.35680333333333], [18.675729999999998, 54.35680333333333], [18.675761666666666, 54.35680166666667], [18.675716666666666, 54.35683166666667], [18.67573666666667, 54.356813333333335], [18.675756666666665, 54.356788333333334], [18.675743333333333, 54.35679833333334], [18.675753333333333, 54.35680333333333], [18.675753333333333, 54.356811666666665], [18.675755, 54.356806666666664], [18.675735, 54.35680833333333], [18.675735, 54.35680833333333], [18.675751666666667, 54.35683166666667], [18.675735, 54.35682], [18.675729999999998, 54.356829999999995], [18.675745, 54.356835000000004], [18.675745, 54.35682166666666], [18.675733333333334, 54.35682166666666], [18.67573666666667, 54.356806666666664], [18.675738333333335, 54.35681833333333], [18.675735, 54.35681833333333], [18.67575833333333, 54.35682], [18.67578, 54.356806666666664], [18.675745, 54.35680833333333], [18.675756666666665, 54.356811666666665], [18.67578166666667, 54.356813333333335], [18.675755, 54.35682166666666], [18.675735, 54.35682833333333], [18.675745, 54.356806666666664], [18.675715, 54.35682333333333], [18.675748333333335, 54.35680333333333], [18.675726666666666, 54.356813333333335], [18.67577, 54.35682166666666], [18.67574, 54.356833333333334], [18.675729999999998, 54.356833333333334], [18.67574, 54.356806666666664], [18.67573666666667, 54.35680833333333], [18.675735, 54.3568], [18.675731666666664, 54.35680833333333], [18.675726666666666, 54.35682], [18.675746666666665, 54.356815], [18.675743333333333, 54.35681833333333], [18.67575, 54.35680333333333], [18.67575, 54.3568], [18.675728333333332, 54.35680833333333], [18.675733333333334, 54.35682], [18.675735, 54.35680833333333], [18.675738333333335, 54.35681833333333], [18.67576, 54.35681], [18.675755, 54.356790000000004], [18.675731666666664, 54.35680166666667], [18.675745, 54.356811666666665], [18.675733333333334, 54.35681833333333], [18.675746666666665, 54.356813333333335], [18.675698333333333, 54.35682666666666], [18.675731666666664, 54.356815], [18.675766666666668, 54.356856666666665], [18.675751666666667, 54.3568], [18.675721666666668, 54.35679666666667], [18.675755, 54.35680166666667], [18.675743333333333, 54.35680333333333], [18.675776666666664, 54.356813333333335], [18.67575833333333, 54.356806666666664], [18.67576, 54.3568], [18.675763333333336, 54.35681833333333], [18.675748333333335, 54.356813333333335], [18.675751666666667, 54.356813333333335], [18.675733333333334, 54.35681833333333], [18.675763333333336, 54.35682166666666], [18.675735, 54.35681833333333], [18.675738333333335, 54.35680833333333], [18.675761666666666, 54.35681666666667], [18.675720000000002, 54.356790000000004], [18.675746666666665, 54.35680333333333], [18.675741666666667, 54.356811666666665], [18.67573666666667, 54.356813333333335], [18.675751666666667, 54.35679666666667], [18.675725, 54.35679666666667], [18.675743333333333, 54.35681], [18.675753333333333, 54.35677666666666], [18.675745, 54.35680166666667], [18.67576, 54.356791666666666], [18.675741666666667, 54.356811666666665], [18.675741666666667, 54.356806666666664], [18.675748333333335, 54.35682333333333], [18.675751666666667, 54.35681], [18.675751666666667, 54.3568], [18.675763333333336, 54.356813333333335], [18.675753333333333, 54.356811666666665], [18.675729999999998, 54.35680833333333], [18.675766666666668, 54.356806666666664], [18.675741666666667, 54.356806666666664], [18.675766666666668, 54.356791666666666], [18.67575, 54.356815]]}, "properties": {"label": "SM-PRC-101", "mmsi": "261011140", "imo": "8899081", "name": "SM-PRC-101", "shiptype": "", "first_seen_utc": "2026-01-02T00:02:33Z", "last_seen_utc": "2026-01-11T15:35:44Z", "destination": "NOWY_SWIAT", "eta": "{'Day': 17, 'Hour': 3, 'Minute': 0, 'Month': 10}", "display": "", "links": "<a href=\"https://www.vesselfinder.com/vessels?name=8899081\" target=\"_blank\" rel=\"noopener\">VesselFinder</a> | <a href=\"https://www.marinetraffic.com/en/ais/search/all?keyword=8899081\" target=\"_blank\" rel=\"noopener\">MarineTraffic</a>", "vf_url": "https://www.vesselfinder.com/vessels?name=8899081", "mst_url": "https://www.marinetraffic.com/en/ais/search/all?keyword=8899081", "method": "v3_2pass_track3d_fromru10d", "ru_seen_in_lookback": true, "in_monitor_on_day": true}}, {"type": "Feature", "geometry": {"type": "Point", "coordinates": [18.67575, 54.356815]}, "properties": {"label": "SM-PRC-101", "mmsi": "261011140", "imo": "8899081", "name": "SM-PRC-101", "shiptype": "", "first_seen_utc": "2026-01-02T00:02:33Z", "last_seen_utc": "2026-01-11T15:35:44Z", "destination": "NOWY_SWIAT", "eta": "{'Day': 17, 'Hour': 3, 'Minute': 0, 'Month': 10}", "display": "SM-PRC-101 (261011140)", "links": "<a href=\"https://www.vesselfinder.com/vessels?name=8899081\" target=\"_blank\" rel=\"noopener\">VesselFinder</a> | <a href=\"https://www.marinetraffic.com/en/ais/search/all?keyword=8899081\" target=\"_blank\" rel=\"noopener\">MarineTraffic</a>", "vf_url": "https://www.vesselfinder.com/vessels?name=8899081", "mst_url": "https://www.marinetraffic.com/en/ais/search/all?keyword=8899081", "method": "v3_2pass_track3d_fromru10d", "ru_seen_in_lookback": true, "in_monitor_on_day": true}}, {"type": "Feature", "geometry": {"type": "LineString", "coordinates": [[19.111749999999997, 54.683033333333334], [19.116266666666668, 54.7089], [19.116083333333332, 54.739850000000004], [19.118850000000002, 54.75716666666666], [19.116466666666668, 54.72425], [19.089850000000002, 54.69545], [18.954166666666666, 54.6711], [18.880366666666664, 54.60333333333333], [18.795233333333332, 54.540733333333336], [18.69605, 54.513866666666665], [18.60376666666667, 54.5146], [18.560783333333333, 54.51798333333333], [18.553583333333332, 54.52158333333333], [18.553583333333332, 54.52158333333333], [18.553566666666665, 54.52158333333333], [18.553566666666665, 54.52158333333333], [18.553566666666665, 54.52158333333333], [18.553566666666665, 54.52158333333333], [18.553566666666665, 54.52158333333333], [18.553566666666665, 54.52158333333333], [18.553583333333332, 54.52158333333333], [18.553583333333332, 54.52158333333333], [18.5536, 54.521566666666665], [18.5536, 54.521566666666665], [18.5536, 54.52158333333333], [18.5536, 54.52158333333333], [18.5536, 54.521566666666665], [18.553616666666667, 54.521566666666665], [18.5536, 54.521566666666665], [18.553616666666667, 54.52158333333333], [18.553633333333334, 54.5216], [18.553616666666667, 54.521566666666665], [18.5536, 54.521566666666665], [18.553616666666667, 54.521566666666665], [18.553616666666667, 54.52158333333333], [18.553616666666667, 54.52158333333333], [18.5536, 54.52158333333333], [18.5536, 54.521566666666665], [18.5536, 54.521566666666665], [18.553616666666667, 54.521566666666665], [18.5536, 54.521566666666665], [18.553583333333332, 54.521566666666665], [18.5536, 54.521566666666665], [18.553583333333332, 54.521566666666665], [18.553583333333332, 54.521566666666665], [18.5536, 54.52158333333333], [18.5536, 54.52158333333333], [18.553583333333332, 54.52158333333333], [18.5536, 54.52158333333333], [18.553583333333332, 54.521566666666665], [18.5536, 54.52158333333333], [18.5536, 54.521566666666665], [18.553583333333332, 54.52158333333333], [18.553583333333332, 54.521566666666665], [18.5536, 54.521566666666665], [18.5536, 54.521566666666665], [18.5536, 54.521550000000005], [18.5536, 54.521566666666665], [18.553583333333332, 54.52158333333333], [18.553566666666665, 54.52158333333333], [18.553566666666665, 54.521566666666665], [18.553583333333332, 54.521566666666665], [18.553566666666665, 54.521566666666665], [18.553566666666665, 54.52158333333333], [18.553583333333332, 54.521566666666665], [18.5536, 54.521566666666665], [18.553583333333332, 54.52158333333333], [18.5536, 54.52158333333333], [18.553616666666667, 54.52158333333333], [18.553616666666667, 54.521566666666665], [18.5536, 54.52158333333333], [18.5536, 54.52158333333333], [18.5536, 54.521566666666665], [18.5536, 54.521566666666665], [18.553616666666667, 54.52158333333333], [18.553616666666667, 54.52158333333333], [18.553616666666667, 54.521566666666665], [18.553616666666667, 54.521566666666665], [18.5536, 54.521566666666665], [18.5536, 54.521566666666665], [18.5536, 54.52158333333333], [18.5536, 54.52158333333333], [18.5536, 54.52158333333333], [18.5536, 54.521566666666665], [18.553616666666667, 54.521566666666665], [18.5536, 54.521566666666665], [18.5536, 54.521566666666665], [18.5536, 54.521566666666665], [18.553583333333332, 54.521550000000005], [18.553583333333332, 54.52153333333333], [18.5536, 54.52153333333333], [18.5536, 54.521550000000005], [18.553616666666667, 54.521550000000005], [18.553616666666667, 54.521550000000005], [18.5536, 54.521550000000005], [18.5536, 54.521550000000005], [18.553616666666667, 54.521550000000005], [18.5536, 54.521566666666665], [18.5536, 54.52158333333333], [18.5536, 54.521566666666665], [18.5536, 54.521550000000005], [18.5536, 54.521550000000005], [18.5536, 54.521550000000005], [18.5536, 54.521566666666665], [18.553583333333332, 54.52158333333333], [18.553566666666665, 54.52158333333333], [18.553566666666665, 54.521566666666665], [18.553583333333332, 54.52158333333333], [18.553583333333332, 54.52158333333333], [18.553566666666665, 54.52158333333333], [18.553583333333332, 54.52158333333333], [18.5536, 54.52158333333333], [18.5536, 54.521566666666665], [18.5536, 54.521566666666665], [18.5536, 54.52158333333333], [18.5536, 54.52158333333333], [18.553616666666667, 54.521566666666665], [18.5536, 54.521566666666665], [18.5536, 54.521566666666665], [18.553616666666667, 54.521566666666665], [18.553616666666667, 54.52158333333333], [18.553616666666667, 54.521566666666665]]}, "properties": {"label": "AMBER AGATHA", "mmsi": "261004058", "imo": "8516885", "name": "AMBER AGATHA", "shiptype": "", "first_seen_utc": "2026-01-02T00:03:18Z", "last_seen_utc": "2026-01-11T16:00:57Z", "destination": "GDYNIA", "eta": "{'Day': 9, 'Hour': 6, 'Minute': 0, 'Month': 1}", "display": "", "links": "<a href=\"https://www.vesselfinder.com/vessels?name=8516885\" target=\"_blank\" rel=\"noopener\">VesselFinder</a> | <a href=\"https://www.marinetraffic.com/en/ais/search/all?keyword=8516885\" target=\"_blank\" rel=\"noopener\">MarineTraffic</a>", "vf_url": "https://www.vesselfinder.com/vessels?name=8516885", "mst_url": "https://www.marinetraffic.com/en/ais/search/all?keyword=8516885", "method": "v3_2pass_track3d_fromru10d", "ru_seen_in_lookback": true, "in_monitor_on_day": true}}, {"type": "Feature", "geometry": {"type": "Point", "coordinates": [18.553616666666667, 54.521566666666665]}, "properties": {"label": "AMBER AGATHA", "mmsi": "261004058", "imo": "8516885", "name": "AMBER AGATHA", "shiptype": "", "first_seen_utc": "2026-01-02T00:03:18Z", "last_seen_utc": "2026-01-11T16:00:57Z", "destination": "GDYNIA", "eta": "{'Day': 9, 'Hour': 6, 'Minute': 0, 'Month': 1}", "display": "AMBER AGATHA (261004058)", "links": "<a href=\"https://www.vesselfinder.com/vessels?name=8516885\" target=\"_blank\" rel=\"noopener\">VesselFinder</a> | <a href=\"https://www.marinetraffic.com/en/ais/search/all?keyword=8516885\" target=\"_blank\" rel=\"noopener\">MarineTraffic</a>", "vf_url": "https://www.vesselfinder.com/vessels?name=8516885", "mst_url": "https://www.marinetraffic.com/en/ais/search/all?keyword=8516885", "method": "v3_2pass_track3d_fromru10d", "ru_seen_in_lookback": true, "in_monitor_on_day": true}}, {"type": "Feature", "geometry": {"type": "LineString", "coordinates": [[12.045323333333332, 54.429941666666664], [11.852116666666666, 54.433195], [11.676651666666666, 54.46031166666667], [11.488541666666666, 54.51222333333333], [11.32841, 54.55684], [11.173151666666666, 54.60003], [11.023815, 54.65374333333333], [10.887625000000002, 54.71002], [10.871065, 54.809871666666666], [10.902636666666666, 54.914465], [11.025605, 54.99309], [11.042993333333333, 55.09497666666667], [11.081933333333334, 55.1892], [11.071230000000002, 55.28059], [10.801153333333334, 55.62284833333333], [10.801818333333333, 55.716739999999994], [10.819626666666666, 55.82017666666666]]}, "properties": {"label": "STEN NORDIC", "mmsi": "257667000", "imo": "9351567", "name": "STEN NORDIC", "shiptype": "", "first_seen_utc": "2026-01-02T00:03:35Z", "last_seen_utc": "2026-01-11T03:26:49Z", "destination": "FR ROU", "eta": "{'Day': 14, 'Hour': 14, 'Minute': 0, 'Month': 1}", "display": "", "links": "<a href=\"https://www.vesselfinder.com/vessels?name=9351567\" target=\"_blank\" rel=\"noopener\">VesselFinder</a> | <a href=\"https://www.marinetraffic.com/en/ais/search/all?keyword=9351567\" target=\"_blank\" rel=\"noopener\">MarineTraffic</a>", "vf_url": "https://www.vesselfinder.com/vessels?name=9351567", "mst_url": "https://www.marinetraffic.com/en/ais/search/all?keyword=9351567", "method": "v3_2pass_track3d_fromru10d", "ru_seen_in_lookback": true, "in_monitor_on_day": true}}, {"type": "Feature", "geometry": {"type": "Point", "coordinates": [10.819626666666666, 55.82017666666666]}, "properties": {"label": "STEN NORDIC", "mmsi": "257667000", "imo": "9351567", "name": "STEN NORDIC", "shiptype": "", "first_seen_utc": "2026-01-02T00:03:35Z", "last_seen_utc": "2026-01-11T03:26:49Z", "destination": "FR ROU", "eta": "{'Day': 14, 'Hour': 14, 'Minute': 0, 'Month': 1}", "display": "STEN NORDIC (257667000)", "links": "<a href=\"https://www.vesselfinder.com/vessels?name=9351567\" target=\"_blank\" rel=\"noopener\">VesselFinder</a> | <a href=\"https://www.marinetraffic.com/en/ais/search/all?keyword=9351567\" target=\"_blank\" rel=\"noopener\">MarineTraffic</a>", "vf_url": "https://www.vesselfinder.com/vessels?name=9351567", "mst_url": "https://www.marinetraffic.com/en/ais/search/all?keyword=9351567", "method": "v3_2pass_track3d_fromru10d", "ru_seen_in_lookback": true, "in_monitor_on_day": true}}, {"type": "Feature", "geometry": {"type": "LineString", "coordinates": [[18.535921666666663, 54.53292333333333], [18.535925000000002, 54.53293166666666], [18.535876666666663, 54.53294166666667], [18.535898333333332, 54.53296], [18.535921666666663, 54.53292666666667], [18.535888333333332, 54.532925], [18.535925000000002, 54.53292], [18.535923333333336, 54.53292333333333], [18.535921666666663, 54.532955], [18.53591, 54.532925], [18.535905, 54.532936666666664], [18.535901666666668, 54.53293], [18.535911666666667, 54.53292833333333], [18.535905, 54.532945000000005], [18.535878333333336, 54.532936666666664], [18.53591, 54.53292833333333], [18.535891666666664, 54.532934999999995], [18.53589, 54.53293333333333], [18.535903333333334, 54.53295666666667], [18.535898333333332, 54.53290833333333], [18.535919999999997, 54.53293333333333], [18.535906666666666, 54.53294833333334], [18.535921666666663, 54.53293833333333], [18.535908333333335, 54.53292333333333], [18.535928333333334, 54.53293333333333], [18.535928333333334, 54.53292833333333], [18.535928333333334, 54.53292], [18.5359, 54.53294], [18.535916666666665, 54.53292666666667], [18.535883333333334, 54.53293], [18.535916666666665, 54.532915], [18.535905, 54.53291166666667], [18.535916666666665, 54.53295], [18.535905, 54.532934999999995], [18.535896666666666, 54.53292], [18.535919999999997, 54.532925], [18.535898333333332, 54.53294166666667], [18.535906666666666, 54.532934999999995], [18.535903333333334, 54.53290666666667], [18.535903333333334, 54.53294], [18.535891666666664, 54.53295333333333], [18.535919999999997, 54.532925], [18.535905, 54.532934999999995], [18.535898333333332, 54.532934999999995], [18.535928333333334, 54.532936666666664], [18.535915, 54.53294166666667], [18.53591, 54.53294833333334], [18.535916666666665, 54.53292666666667], [18.53591833333333, 54.53293333333333], [18.535898333333332, 54.53293], [18.535913333333333, 54.532934999999995], [18.535921666666663, 54.53292666666667], [18.53591, 54.53292166666667], [18.535891666666664, 54.532945000000005], [18.535903333333334, 54.53293833333333], [18.535905, 54.53294], [18.53589, 54.53295666666667], [18.53589, 54.53292833333333], [18.535901666666668, 54.53294], [18.535868333333333, 54.532915], [18.535908333333335, 54.53293166666666], [18.535905, 54.53293166666666], [18.535915, 54.532916666666665], [18.53591, 54.53293], [18.535901666666668, 54.53294], [18.535925000000002, 54.53290833333333], [18.535888333333332, 54.53294], [18.53591, 54.532925], [18.535933333333332, 54.53292833333333], [18.535923333333336, 54.53292833333333], [18.535933333333332, 54.532961666666665], [18.535908333333335, 54.53294], [18.535906666666666, 54.53294666666667], [18.535919999999997, 54.53296], [18.535919999999997, 54.532925], [18.535915, 54.53294833333334], [18.535921666666663, 54.53293], [18.535913333333333, 54.532936666666664], [18.535906666666666, 54.53295], [18.535886666666666, 54.532934999999995], [18.535908333333335, 54.53295166666667], [18.535936666666665, 54.53293166666666], [18.535905, 54.53294166666667], [18.535893333333334, 54.532918333333335], [18.535905, 54.532915], [18.535888333333332, 54.53295], [18.535915, 54.53291333333333], [18.535901666666668, 54.53293], [18.535916666666665, 54.53290333333334], [18.535931666666666, 54.53292], [18.53591, 54.53291166666667], [18.535901666666668, 54.53292666666667], [18.535925000000002, 54.53292], [18.53591, 54.53294], [18.535880000000002, 54.53292333333333], [18.535908333333335, 54.53292333333333], [18.53592666666667, 54.53292333333333], [18.535919999999997, 54.53292333333333], [18.53589, 54.532936666666664], [18.5359, 54.532925], [18.535916666666665, 54.532936666666664], [18.53591, 54.53293333333333], [18.535893333333334, 54.53292], [18.535913333333333, 54.53295333333333], [18.535886666666666, 54.53295333333333], [18.535901666666668, 54.53295166666667], [18.535895, 54.532936666666664], [18.535898333333332, 54.532936666666664], [18.535895, 54.53295833333333], [18.535908333333335, 54.53293166666666], [18.535928333333334, 54.53291166666667], [18.535935, 54.53294166666667], [18.535919999999997, 54.53294], [18.535921666666663, 54.532916666666665], [18.535903333333334, 54.53296833333333], [18.535931666666666, 54.53295166666667], [18.535921666666663, 54.53295333333333], [18.535908333333335, 54.532943333333336], [18.535923333333336, 54.53295166666667], [18.535915, 54.532936666666664], [18.53592666666667, 54.532955]]}, "properties": {"label": "BOKA FALCON", "mmsi": "205787000", "imo": "9448401", "name": "BOKA FALCON", "shiptype": "", "first_seen_utc": "2026-01-02T00:04:06Z", "last_seen_utc": "2026-01-11T16:00:02Z", "destination": "PLGDY", "eta": "{'Day': 8, 'Hour': 14, 'Minute': 0, 'Month': 1}", "display": "", "links": "<a href=\"https://www.vesselfinder.com/vessels?name=9448401\" target=\"_blank\" rel=\"noopener\">VesselFinder</a> | <a href=\"https://www.marinetraffic.com/en/ais/search/all?keyword=9448401\" target=\"_blank\" rel=\"noopener\">MarineTraffic</a>", "vf_url": "https://www.vesselfinder.com/vessels?name=9448401", "mst_url": "https://www.marinetraffic.com/en/ais/search/all?keyword=9448401", "method": "v3_2pass_track3d_fromru10d", "ru_seen_in_lookback": true, "in_monitor_on_day": true}}, {"type": "Feature", "geometry": {"type": "Point", "coordinates": [18.53592666666667, 54.532955]}, "properties": {"label": "BOKA FALCON", "mmsi": "205787000", "imo": "9448401", "name": "BOKA FALCON", "shiptype": "", "first_seen_utc": "2026-01-02T00:04:06Z", "last_seen_utc": "2026-01-11T16:00:02Z", "destination": "PLGDY", "eta": "{'Day': 8, 'Hour': 14, 'Minute': 0, 'Month': 1}", "display": "BOKA FALCON (205787000)", "links": "<a href=\"https://www.vesselfinder.com/vessels?name=9448401\" target=\"_blank\" rel=\"noopener\">VesselFinder</a> | <a href=\"https://www.marinetraffic.com/en/ais/search/all?keyword=9448401\" target=\"_blank\" rel=\"noopener\">MarineTraffic</a>", "vf_url": "https://www.vesselfinder.com/vessels?name=9448401", "mst_url": "https://www.marinetraffic.com/en/ais/search/all?keyword=9448401", "method": "v3_2pass_track3d_fromru10d", "ru_seen_in_lookback": true, "in_monitor_on_day": true}}, {"type": "Feature", "geometry": {"type": "LineString", "coordinates": [[18.71121, 54.388108333333335], [18.711261666666665, 54.388095], [18.711281666666665, 54.38806666666667], [18.71125, 54.388065], [18.711251666666666, 54.388106666666665], [18.711251666666666, 54.38808166666667], [18.711231666666666, 54.388088333333336], [18.711251666666666, 54.38808166666667], [18.711233333333332, 54.38807833333333], [18.711255, 54.388056666666664], [18.711243333333336, 54.3881], [18.71125, 54.38806833333333], [18.711206666666666, 54.388105], [18.71125, 54.38809333333334], [18.711191666666664, 54.388088333333336], [18.711236666666665, 54.388086666666666], [18.71125, 54.3881], [18.711246666666668, 54.388105], [18.711235, 54.38807666666666], [18.711265, 54.38807666666666], [18.711235, 54.388079999999995], [18.711243333333336, 54.3881], [18.71122666666667, 54.38811666666666], [18.711243333333336, 54.388124999999995], [18.711215, 54.3881], [18.711205, 54.38803666666667], [18.711251666666666, 54.388090000000005], [18.711225000000002, 54.387993333333334], [18.711261666666665, 54.38807833333333], [18.711206666666666, 54.388133333333336], [18.711215, 54.388086666666666], [18.711265, 54.388090000000005], [18.711221666666667, 54.388075], [18.711233333333332, 54.38805833333333], [18.71124166666667, 54.388075], [18.711273333333335, 54.38806833333333], [18.71125, 54.388079999999995], [18.71124, 54.388065], [18.711255, 54.38809666666667], [18.71128333333333, 54.388095], [18.7112, 54.388108333333335], [18.711261666666665, 54.388108333333335], [18.71124166666667, 54.388095], [18.711251666666666, 54.388083333333334], [18.711251666666666, 54.38809166666667], [18.711268333333333, 54.388086666666666], [18.711245, 54.388083333333334], [18.711251666666666, 54.388090000000005], [18.711258333333333, 54.388086666666666], [18.711246666666668, 54.388090000000005], [18.71125, 54.388088333333336], [18.71128666666667, 54.38806], [18.711261666666665, 54.388095], [18.71124166666667, 54.388086666666666], [18.71122666666667, 54.38806833333333], [18.711248333333334, 54.388079999999995], [18.711211666666667, 54.388079999999995], [18.71123, 54.38810333333333], [18.71124, 54.388095], [18.711198333333336, 54.38810333333333], [18.711273333333335, 54.38811833333333], [18.71122666666667, 54.388115], [18.71123, 54.388086666666666], [18.711231666666666, 54.388085000000004], [18.71125333333333, 54.388065], [18.711268333333333, 54.38806], [18.71125, 54.38807833333333], [18.711258333333333, 54.38807833333333], [18.711251666666666, 54.388083333333334], [18.711276666666667, 54.38810333333333], [18.711276666666667, 54.388088333333336], [18.711265, 54.38809833333333], [18.711281666666665, 54.38805166666667], [18.711258333333333, 54.38811166666667], [18.711270000000003, 54.38808166666667], [18.71124, 54.3881], [18.71123833333333, 54.388075], [18.711245, 54.388063333333335], [18.71122666666667, 54.388086666666666], [18.711211666666667, 54.388083333333334], [18.711216666666665, 54.38806833333333], [18.71123, 54.388085000000004], [18.711236666666665, 54.38806666666667], [18.71122666666667, 54.388086666666666], [18.711223333333333, 54.388090000000005], [18.71126333333333, 54.388055], [18.711270000000003, 54.38806833333333], [18.711235, 54.388061666666665], [18.711233333333332, 54.388085000000004], [18.71125, 54.388061666666665], [18.71126, 54.388090000000005], [18.711251666666666, 54.38806666666667], [18.711251666666666, 54.388090000000005], [18.711243333333336, 54.388086666666666], [18.711265, 54.388088333333336], [18.711235, 54.388083333333334], [18.711255, 54.388075], [18.711243333333336, 54.388088333333336], [18.711265, 54.388079999999995], [18.71124, 54.388083333333334], [18.71125, 54.38807333333333], [18.711236666666665, 54.38807666666666], [18.711268333333333, 54.388090000000005], [18.711255, 54.38806833333333], [18.711236666666665, 54.388101666666664], [18.711236666666665, 54.38811833333333], [18.711261666666665, 54.38810333333333], [18.71122666666667, 54.388065], [18.71124166666667, 54.388083333333334], [18.711278333333333, 54.388083333333334], [18.71126333333333, 54.38807666666666], [18.71127166666667, 54.3881], [18.711276666666667, 54.38811333333333], [18.71128666666667, 54.38809333333334], [18.711251666666666, 54.388090000000005], [18.711246666666668, 54.388105], [18.711268333333333, 54.388086666666666], [18.711251666666666, 54.388083333333334], [18.711225000000002, 54.388075], [18.711243333333336, 54.388075], [18.711233333333332, 54.388101666666664], [18.711251666666666, 54.388101666666664]]}, "properties": {"label": "OOCL SWEDEN", "mmsi": "477949300", "imo": "9922603", "name": "OOCL SWEDEN", "shiptype": "", "first_seen_utc": "2026-01-02T00:04:59Z", "last_seen_utc": "2026-01-11T16:00:09Z", "destination": "GBFXT>PLGDN", "eta": "{'Day': 6, 'Hour': 21, 'Minute': 0, 'Month': 1}", "display": "", "links": "<a href=\"https://www.vesselfinder.com/vessels?name=9922603\" target=\"_blank\" rel=\"noopener\">VesselFinder</a> | <a href=\"https://www.marinetraffic.com/en/ais/search/all?keyword=9922603\" target=\"_blank\" rel=\"noopener\">MarineTraffic</a>", "vf_url": "https://www.vesselfinder.com/vessels?name=9922603", "mst_url": "https://www.marinetraffic.com/en/ais/search/all?keyword=9922603", "method": "v3_2pass_track3d_fromru10d", "ru_seen_in_lookback": true, "in_monitor_on_day": true}}, {"type": "Feature", "geometry": {"type": "Point", "coordinates": [18.711251666666666, 54.388101666666664]}, "properties": {"label": "OOCL SWEDEN", "mmsi": "477949300", "imo": "9922603", "name": "OOCL SWEDEN", "shiptype": "", "first_seen_utc": "2026-01-02T00:04:59Z", "last_seen_utc": "2026-01-11T16:00:09Z", "destination": "GBFXT>PLGDN", "eta": "{'Day': 6, 'Hour': 21, 'Minute': 0, 'Month': 1}", "display": "OOCL SWEDEN (477949300)", "links": "<a href=\"https://www.vesselfinder.com/vessels?name=9922603\" target=\"_blank\" rel=\"noopener\">VesselFinder</a> | <a href=\"https://www.marinetraffic.com/en/ais/search/all?keyword=9922603\" target=\"_blank\" rel=\"noopener\">MarineTraffic</a>", "vf_url": "https://www.vesselfinder.com/vessels?name=9922603", "mst_url": "https://www.marinetraffic.com/en/ais/search/all?keyword=9922603", "method": "v3_2pass_track3d_fromru10d", "ru_seen_in_lookback": true, "in_monitor_on_day": true}}, {"type": "Feature", "geometry": {"type": "LineString", "coordinates": [[14.79957, 55.508206666666666], [12.188358333333333, 54.507888333333334], [12.084823333333333, 54.446025], [11.915303333333332, 54.445565], [11.745586666666666, 54.44748666666667], [11.589928333333335, 54.48354], [11.437791666666667, 54.53184], [11.276975, 54.579539999999994], [11.097898333333335, 54.61728], [10.932193333333334, 54.5937], [10.76176, 54.58309833333333], [10.467153333333332, 54.54347833333334], [10.330643333333335, 54.50951], [10.243943333333334, 54.454269999999994], [10.18618, 54.38246166666667], [10.175343333333332, 54.38005], [10.148113333333333, 54.365228333333334], [10.144098333333334, 54.36568833333333], [10.125668333333333, 54.368381666666664], [10.03892, 54.360598333333336], [9.954466666666667, 54.341775], [9.874878333333333, 54.3586], [9.782735, 54.35836], [9.724588333333333, 54.32913666666666], [9.706748333333334, 54.30164666666667], [9.629248333333333, 54.270833333333336], [9.59047, 54.21742666666667], [9.502845, 54.18644333333334], [9.409296666666668, 54.162850000000006], [9.330708333333332, 54.127950000000006], [9.313778333333333, 54.06990333333333], [9.29505, 54.008003333333335], [9.239416666666667, 53.953628333333334], [9.170086666666666, 53.90770166666667], [9.144638333333335, 53.893440000000005], [9.144635, 53.89345], [9.125751666666668, 53.884098333333334], [9.001495, 53.854670000000006], [8.865583333333332, 53.84155166666667], [8.724558333333333, 53.87254333333333], [8.619131666666668, 53.957165], [8.080128333333333, 54.0149], [7.898783333333333, 54.019755], [7.739990000000001, 54.024861666666666], [7.588826666666667, 54.00621666666667], [7.436186666666667, 53.9827], [7.294098333333333, 53.96103166666667], [7.153326666666667, 53.94477333333334], [7.0171366666666675, 53.92080166666666], [6.878675, 53.89825666666666], [6.6548766666666666, 53.863974999999996], [6.504143333333333, 53.84107166666667], [6.132458333333333, 53.77724166666667], [5.979071666666667, 53.748913333333334], [5.786791666666667, 53.71229666666667], [5.618218333333333, 53.67795], [5.458576666666667, 53.645345], [5.295590000000001, 53.614435], [5.140746666666667, 53.578095], [4.99068, 53.54193833333333], [4.844363333333334, 53.51162], [4.7038, 53.48069666666667], [4.594006666666667, 53.43611666666666], [4.5392166666666665, 53.36403833333333], [4.4823949999999995, 53.291446666666666], [4.426786666666667, 53.22327166666666], [4.357776666666667, 53.16153], [4.259078333333333, 53.10599666666667], [4.15308, 53.048111666666664], [4.038336666666667, 52.98594166666667], [3.8813833333333334, 52.895365], [3.769143333333333, 52.813175], [3.6513066666666663, 52.72153333333333], [3.4710650000000003, 52.49726], [3.43964, 52.389876666666666], [3.406826666666667, 52.271319999999996], [3.358075, 52.106415], [3.3313766666666664, 51.99879833333333], [3.3102066666666667, 51.919828333333335], [3.289911666666667, 51.84058166666667], [3.267541666666667, 51.76709833333334], [3.2960483333333332, 51.68759166666667], [3.357813333333333, 51.61781], [3.4173416666666667, 51.552805], [3.482615, 51.491461666666666], [3.5659183333333333, 51.43896666666667], [3.670055, 51.444745], [3.6916716666666667, 51.46290666666666], [3.6916683333333333, 51.462920000000004], [3.6917066666666667, 51.46293166666667], [3.6916966666666666, 51.46291333333333], [3.691708333333333, 51.462891666666664], [3.691648333333333, 51.462923333333336], [3.69169, 51.46292833333334], [3.691695, 51.46292166666667]]}, "properties": {"label": "CORA JO", "mmsi": "246993000", "imo": "9268875", "name": "CORA JO", "shiptype": "", "first_seen_utc": "2026-01-02T00:05:00Z", "last_seen_utc": "2026-01-11T15:54:37Z", "destination": "NLVLI", "eta": "{'Day': 11, 'Hour': 11, 'Minute': 0, 'Month': 1}", "display": "", "links": "<a href=\"https://www.vesselfinder.com/vessels?name=9268875\" target=\"_blank\" rel=\"noopener\">VesselFinder</a> | <a href=\"https://www.marinetraffic.com/en/ais/search/all?keyword=9268875\" target=\"_blank\" rel=\"noopener\">MarineTraffic</a>", "vf_url": "https://www.vesselfinder.com/vessels?name=9268875", "mst_url": "https://www.marinetraffic.com/en/ais/search/all?keyword=9268875", "method": "v3_2pass_track3d_fromru10d", "ru_seen_in_lookback": true, "in_monitor_on_day": true}}, {"type": "Feature", "geometry": {"type": "Point", "coordinates": [3.691695, 51.46292166666667]}, "properties": {"label": "CORA JO", "mmsi": "246993000", "imo": "9268875", "name": "CORA JO", "shiptype": "", "first_seen_utc": "2026-01-02T00:05:00Z", "last_seen_utc": "2026-01-11T15:54:37Z", "destination": "NLVLI", "eta": "{'Day': 11, 'Hour': 11, 'Minute': 0, 'Month': 1}", "display": "CORA JO (246993000)", "links": "<a href=\"https://www.vesselfinder.com/vessels?name=9268875\" target=\"_blank\" rel=\"noopener\">VesselFinder</a> | <a href=\"https://www.marinetraffic.com/en/ais/search/all?keyword=9268875\" target=\"_blank\" rel=\"noopener\">MarineTraffic</a>", "vf_url": "https://www.vesselfinder.com/vessels?name=9268875", "mst_url": "https://www.marinetraffic.com/en/ais/search/all?keyword=9268875", "method": "v3_2pass_track3d_fromru10d", "ru_seen_in_lookback": true, "in_monitor_on_day": true}}, {"type": "Feature", "geometry": {"type": "LineString", "coordinates": [[18.720633333333335, 54.388416666666664], [18.720633333333335, 54.388416666666664], [18.720633333333335, 54.388416666666664], [18.720633333333335, 54.388416666666664], [18.720633333333335, 54.388416666666664], [18.720633333333335, 54.38843333333333], [18.720633333333335, 54.388416666666664], [18.720633333333335, 54.38843333333333], [18.720633333333335, 54.38843333333333], [18.720633333333335, 54.388416666666664], [18.72065, 54.388416666666664], [18.72065, 54.388416666666664], [18.72065, 54.388416666666664], [18.72065, 54.388416666666664], [18.720666666666666, 54.38843333333333], [18.720633333333335, 54.388416666666664], [18.72065, 54.388416666666664], [18.72065, 54.388416666666664], [18.720633333333335, 54.388416666666664], [18.72065, 54.388416666666664], [18.72065, 54.388416666666664], [18.72065, 54.388416666666664], [18.72065, 54.388416666666664], [18.720633333333335, 54.388416666666664], [18.720785, 54.38859333333333], [18.72065, 54.38843333333333], [18.720665, 54.38834833333333], [18.72065, 54.38843333333333], [18.720570000000002, 54.38812], [18.72065, 54.38843333333333], [18.720695, 54.388529999999996], [18.720633333333335, 54.38843333333333], [18.72065, 54.388416666666664], [18.72065, 54.388416666666664], [18.72065, 54.388416666666664], [18.72065, 54.38845], [18.72065, 54.388416666666664], [18.72065, 54.388416666666664], [18.719733333333334, 54.38855], [18.77488333333333, 54.407333333333334], [18.927266666666664, 54.42803333333333], [19.033883333333332, 54.50116666666667], [19.10905, 54.59505], [19.073566666666668, 54.697433333333336], [18.99805, 54.79245], [18.814433333333334, 54.84418333333333], [18.641833333333334, 54.90631666666666], [18.446433333333335, 54.95028333333333], [18.22185, 54.9532], [12.334116666666667, 54.6427], [12.236500000000001, 54.54188333333333], [12.155066666666666, 54.437583333333336], [11.96315, 54.42153333333333], [11.766783333333333, 54.4337], [11.589766666666666, 54.48793333333333], [11.411249999999999, 54.54718333333334], [11.225183333333332, 54.59903333333333], [11.040266666666668, 54.650483333333334], [10.876066666666667, 54.70735], [10.865216666666667, 54.807966666666665], [10.930433333333333, 54.933883333333334], [11.032516666666668, 55.05045], [11.070466666666666, 55.182233333333336], [11.044633333333334, 55.30676666666667], [10.865633333333333, 55.52328333333333], [10.776116666666667, 55.65136666666667], [10.599933333333333, 55.73448333333333], [10.496, 55.825900000000004], [10.5039, 55.93535], [10.408216666666668, 56.03445], [10.323983333333333, 56.12403333333334], [10.24455, 56.15931666666667], [10.234066666666667, 56.15038333333334], [10.234083333333333, 56.15038333333334], [10.234100000000002, 56.1504], [10.234683333333333, 56.1508], [10.234683333333333, 56.150816666666664], [10.234683333333333, 56.150816666666664], [10.234666666666667, 56.150816666666664], [10.234666666666667, 56.150816666666664], [10.234666666666667, 56.150816666666664], [10.234649999999998, 56.150816666666664], [10.234649999999998, 56.150816666666664], [10.234649999999998, 56.1508], [10.234649999999998, 56.1508], [10.234666666666667, 56.150816666666664], [10.234666666666667, 56.150816666666664], [10.234683333333333, 56.150816666666664], [10.234666666666667, 56.1508], [10.234666666666667, 56.150816666666664], [10.234666666666667, 56.150816666666664], [10.234649999999998, 56.1508], [10.234666666666667, 56.1508], [10.234666666666667, 56.1508]]}, "properties": {"label": "LAURA MAERSK", "mmsi": "219543000", "imo": "9944546", "name": "LAURA MAERSK", "shiptype": "", "first_seen_utc": "2026-01-02T00:05:20Z", "last_seen_utc": "2026-01-11T15:32:57Z", "destination": "DKAAR", "eta": "{'Day': 11, 'Hour': 3, 'Minute': 30, 'Month': 1}", "display": "", "links": "<a href=\"https://www.vesselfinder.com/vessels?name=9944546\" target=\"_blank\" rel=\"noopener\">VesselFinder</a> | <a href=\"https://www.marinetraffic.com/en/ais/search/all?keyword=9944546\" target=\"_blank\" rel=\"noopener\">MarineTraffic</a>", "vf_url": "https://www.vesselfinder.com/vessels?name=9944546", "mst_url": "https://www.marinetraffic.com/en/ais/search/all?keyword=9944546", "method": "v3_2pass_track3d_fromru10d", "ru_seen_in_lookback": true, "in_monitor_on_day": true}}, {"type": "Feature", "geometry": {"type": "Point", "coordinates": [10.234666666666667, 56.1508]}, "properties": {"label": "LAURA MAERSK", "mmsi": "219543000", "imo": "9944546", "name": "LAURA MAERSK", "shiptype": "", "first_seen_utc": "2026-01-02T00:05:20Z", "last_seen_utc": "2026-01-11T15:32:57Z", "destination": "DKAAR", "eta": "{'Day': 11, 'Hour': 3, 'Minute': 30, 'Month': 1}", "display": "LAURA MAERSK (219543000)", "links": "<a href=\"https://www.vesselfinder.com/vessels?name=9944546\" target=\"_blank\" rel=\"noopener\">VesselFinder</a> | <a href=\"https://www.marinetraffic.com/en/ais/search/all?keyword=9944546\" target=\"_blank\" rel=\"noopener\">MarineTraffic</a>", "vf_url": "https://www.vesselfinder.com/vessels?name=9944546", "mst_url": "https://www.marinetraffic.com/en/ais/search/all?keyword=9944546", "method": "v3_2pass_track3d_fromru10d", "ru_seen_in_lookback": true, "in_monitor_on_day": true}}, {"type": "Feature", "geometry": {"type": "LineString", "coordinates": [[10.695453333333335, 53.89227], [10.695493333333333, 53.892285]]}, "properties": {"label": "YASA OSAKA", "mmsi": "538010620", "imo": "9948279", "name": "YASA OSAKA", "shiptype": "", "first_seen_utc": "2026-01-02T00:07:25Z", "last_seen_utc": "2026-01-11T03:30:53Z", "destination": "DE LBC", "eta": "{'Day': 3, 'Hour': 20, 'Minute': 0, 'Month': 1}", "display": "", "links": "<a href=\"https://www.vesselfinder.com/vessels?name=9948279\" target=\"_blank\" rel=\"noopener\">VesselFinder</a> | <a href=\"https://www.marinetraffic.com/en/ais/search/all?keyword=9948279\" target=\"_blank\" rel=\"noopener\">MarineTraffic</a>", "vf_url": "https://www.vesselfinder.com/vessels?name=9948279", "mst_url": "https://www.marinetraffic.com/en/ais/search/all?keyword=9948279", "method": "v3_2pass_track3d_fromru10d", "ru_seen_in_lookback": true, "in_monitor_on_day": true}}, {"type": "Feature", "geometry": {"type": "Point", "coordinates": [10.695493333333333, 53.892285]}, "properties": {"label": "YASA OSAKA", "mmsi": "538010620", "imo": "9948279", "name": "YASA OSAKA", "shiptype": "", "first_seen_utc": "2026-01-02T00:07:25Z", "last_seen_utc": "2026-01-11T03:30:53Z", "destination": "DE LBC", "eta": "{'Day': 3, 'Hour': 20, 'Minute': 0, 'Month': 1}", "display": "YASA OSAKA (538010620)", "links": "<a href=\"https://www.vesselfinder.com/vessels?name=9948279\" target=\"_blank\" rel=\"noopener\">VesselFinder</a> | <a href=\"https://www.marinetraffic.com/en/ais/search/all?keyword=9948279\" target=\"_blank\" rel=\"noopener\">MarineTraffic</a>", "vf_url": "https://www.vesselfinder.com/vessels?name=9948279", "mst_url": "https://www.marinetraffic.com/en/ais/search/all?keyword=9948279", "method": "v3_2pass_track3d_fromru10d", "ru_seen_in_lookback": true, "in_monitor_on_day": true}}, {"type": "Feature", "geometry": {"type": "LineString", "coordinates": [[18.959291666666665, 55.00348666666666], [18.96681, 54.90387833333333], [18.973209999999998, 54.805825], [18.967933333333335, 54.70679333333333], [18.895033333333334, 54.612629999999996], [18.77785, 54.53693], [18.619288333333333, 54.534196666666666], [18.522491666666667, 54.54087166666667], [18.50862, 54.54273166666667], [18.50861666666667, 54.542735], [18.508606666666665, 54.54271166666667], [18.508613333333336, 54.542715], [18.508611666666663, 54.54271833333333], [18.50862, 54.542728333333336], [18.508609999999997, 54.54272666666667], [18.508625, 54.542721666666665], [18.508623333333333, 54.542723333333335], [18.50861666666667, 54.542723333333335], [18.50862, 54.542723333333335], [18.508613333333336, 54.542728333333336], [18.508605, 54.54273333333333], [18.508613333333336, 54.542725000000004], [18.508615000000002, 54.54271666666667], [18.508611666666663, 54.54272666666667], [18.50847333333333, 54.54270833333333], [18.5086, 54.54271666666667], [18.508615000000002, 54.542723333333335], [18.508606666666665, 54.542723333333335], [18.508615000000002, 54.54271833333333], [18.508621666666667, 54.54272666666667]]}, "properties": {"label": "X-PRESS ELBE", "mmsi": "212018000", "imo": "9483669", "name": "X-PRESS ELBE", "shiptype": "", "first_seen_utc": "2026-01-02T00:08:33Z", "last_seen_utc": "2026-01-11T15:34:30Z", "destination": "BEANR VIA NOK", "eta": "{'Day': 14, 'Hour': 3, 'Minute': 0, 'Month': 1}", "display": "", "links": "<a href=\"https://www.vesselfinder.com/vessels?name=9483669\" target=\"_blank\" rel=\"noopener\">VesselFinder</a> | <a href=\"https://www.marinetraffic.com/en/ais/search/all?keyword=9483669\" target=\"_blank\" rel=\"noopener\">MarineTraffic</a>", "vf_url": "https://www.vesselfinder.com/vessels?name=9483669", "mst_url": "https://www.marinetraffic.com/en/ais/search/all?keyword=9483669", "method": "v3_2pass_track3d_fromru10d", "ru_seen_in_lookback": true, "in_monitor_on_day": true}}, {"type": "Feature", "geometry": {"type": "Point", "coordinates": [18.508621666666667, 54.54272666666667]}, "properties": {"label": "X-PRESS ELBE", "mmsi": "212018000", "imo": "9483669", "name": "X-PRESS ELBE", "shiptype": "", "first_seen_utc": "2026-01-02T00:08:33Z", "last_seen_utc": "2026-01-11T15:34:30Z", "destination": "BEANR VIA NOK", "eta": "{'Day': 14, 'Hour': 3, 'Minute': 0, 'Month': 1}", "display": "X-PRESS ELBE (212018000)", "links": "<a href=\"https://www.vesselfinder.com/vessels?name=9483669\" target=\"_blank\" rel=\"noopener\">VesselFinder</a> | <a href=\"https://www.marinetraffic.com/en/ais/search/all?keyword=9483669\" target=\"_blank\" rel=\"noopener\">MarineTraffic</a>", "vf_url": "https://www.vesselfinder.com/vessels?name=9483669", "mst_url": "https://www.marinetraffic.com/en/ais/search/all?keyword=9483669", "method": "v3_2pass_track3d_fromru10d", "ru_seen_in_lookback": true, "in_monitor_on_day": true}}, {"type": "Feature", "geometry": {"type": "LineString", "coordinates": [[11.821371666666666, 54.435476666666666], [11.610588333333334, 54.48079333333333], [11.403871666666667, 54.536388333333335], [11.207528333333332, 54.599255], [10.992296666666666, 54.59742666666667], [10.782256666666665, 54.59054833333333], [10.469788333333334, 54.542114999999995], [10.272553333333333, 54.490845], [10.20336, 54.40639833333333], [10.145153333333333, 54.365703333333336], [10.138253333333333, 54.36676333333333], [10.048634999999999, 54.35982166666667], [9.967600000000001, 54.34303166666667], [9.883748333333333, 54.35609], [9.790108333333334, 54.36093166666667], [9.726588333333332, 54.33012166666666], [9.673488333333333, 54.292085], [9.616875, 54.25078666666666], [9.561891666666666, 54.20327833333333], [9.469701666666667, 54.17962166666667], [9.379633333333334, 54.15549166666666], [9.32907, 54.10888666666666], [9.305786666666668, 54.048555], [9.286918333333334, 53.990935], [9.221628333333333, 53.940796666666664], [9.15583, 53.899514999999994], [9.146675, 53.89456666666667], [9.131346666666667, 53.88572166666667], [8.799915, 53.84079], [8.148109999999999, 54.007828333333336], [7.90026, 53.88314666666667], [8.049325, 53.83924833333333], [8.139011666666667, 53.78293], [8.27161, 53.72194666666667], [8.403543333333333, 53.649323333333335], [8.509085, 53.59811833333333], [8.521541666666668, 53.592729999999996], [8.521571666666667, 53.592729999999996], [8.521508333333333, 53.59271833333333], [8.521501666666667, 53.59267], [8.521565, 53.592745], [8.521555, 53.592729999999996], [8.521556666666667, 53.592713333333336], [8.521553333333333, 53.59271833333333], [8.521516666666667, 53.59273666666666], [8.52153, 53.59274833333333], [8.521556666666667, 53.59273333333333], [8.521573333333333, 53.592711666666666], [8.521575, 53.592711666666666], [8.521571666666667, 53.59269333333334], [8.521561666666667, 53.59276166666667], [8.521571666666667, 53.59267333333333], [8.521558333333333, 53.59278333333334], [8.521595, 53.59271833333333], [8.521560000000001, 53.5927], [8.521561666666667, 53.59270333333333], [8.521528333333332, 53.592705], [8.521565, 53.59273666666666], [8.521595, 53.592663333333334], [8.521561666666667, 53.592710000000004], [8.521561666666667, 53.5927], [8.521556666666667, 53.592715], [8.521575, 53.59272], [8.521561666666667, 53.592715], [8.521573333333333, 53.59272333333333], [8.521561666666667, 53.592715], [8.521568333333333, 53.59272166666666], [8.52158, 53.59271833333333], [8.521546666666667, 53.59267], [8.521648333333333, 53.5927], [8.521575, 53.592729999999996], [8.521568333333333, 53.59273833333334], [8.521501666666667, 53.59279], [8.521546666666667, 53.592684999999996], [8.521548333333334, 53.592713333333336], [8.52152, 53.592705], [8.521458333333333, 53.5927], [8.521513333333333, 53.592729999999996], [8.521543333333334, 53.59276], [8.521508333333333, 53.592681666666664], [8.521571666666667, 53.592686666666665], [8.521583333333334, 53.59272333333333], [8.521556666666667, 53.592715], [8.521543333333334, 53.592711666666666], [8.521536666666666, 53.592711666666666], [8.530683333333334, 53.58304833333333], [8.530648333333334, 53.58304166666667], [8.530678333333334, 53.583045], [8.530708333333333, 53.58306], [8.530713333333333, 53.58311333333334], [8.530671666666667, 53.583075], [8.530615000000001, 53.58307166666667], [8.530678333333334, 53.58304666666667], [8.53069, 53.58303333333333], [8.530708333333333, 53.58309333333333], [8.530623333333333, 53.58306666666667], [8.530641666666666, 53.583], [8.53045, 53.583265], [8.530683333333334, 53.58310166666667], [8.530723333333333, 53.58307666666666], [8.530703333333333, 53.58306], [8.53069, 53.58306166666667], [8.505656666666667, 53.602015], [8.325741666666667, 53.70395166666666], [8.110931666666666, 53.82350666666667], [7.898126666666667, 53.882565], [8.15784, 53.99402166666666], [8.363101666666667, 53.98657333333333], [8.557418333333334, 53.96543666666666], [8.690655, 53.898205], [8.824446666666667, 53.83873333333334], [8.998408333333334, 53.851645], [9.14222, 53.87896], [9.301675, 53.858619999999995], [9.393045, 53.77184166666667], [9.493333333333334, 53.70013333333333], [9.563553333333335, 53.612494999999996]]}, "properties": {"label": "ELBSUMMER", "mmsi": "255805884", "imo": "9386718", "name": "ELBSUMMER", "shiptype": "", "first_seen_utc": "2026-01-02T00:08:34Z", "last_seen_utc": "2026-01-11T15:42:22Z", "destination": "DEHAM", "eta": "{'Day': 11, 'Hour': 11, 'Minute': 0, 'Month': 1}", "display": "", "links": "<a href=\"https://www.vesselfinder.com/vessels?name=9386718\" target=\"_blank\" rel=\"noopener\">VesselFinder</a> | <a href=\"https://www.marinetraffic.com/en/ais/search/all?keyword=9386718\" target=\"_blank\" rel=\"noopener\">MarineTraffic</a>", "vf_url": "https://www.vesselfinder.com/vessels?name=9386718", "mst_url": "https://www.marinetraffic.com/en/ais/search/all?keyword=9386718", "method": "v3_2pass_track3d_fromru10d", "ru_seen_in_lookback": true, "in_monitor_on_day": true}}, {"type": "Feature", "geometry": {"type": "Point", "coordinates": [9.563553333333335, 53.612494999999996]}, "properties": {"label": "ELBSUMMER", "mmsi": "255805884", "imo": "9386718", "name": "ELBSUMMER", "shiptype": "", "first_seen_utc": "2026-01-02T00:08:34Z", "last_seen_utc": "2026-01-11T15:42:22Z", "destination": "DEHAM", "eta": "{'Day': 11, 'Hour': 11, 'Minute': 0, 'Month': 1}", "display": "ELBSUMMER (255805884)", "links": "<a href=\"https://www.vesselfinder.com/vessels?name=9386718\" target=\"_blank\" rel=\"noopener\">VesselFinder</a> | <a href=\"https://www.marinetraffic.com/en/ais/search/all?keyword=9386718\" target=\"_blank\" rel=\"noopener\">MarineTraffic</a>", "vf_url": "https://www.vesselfinder.com/vessels?name=9386718", "mst_url": "https://www.marinetraffic.com/en/ais/search/all?keyword=9386718", "method": "v3_2pass_track3d_fromru10d", "ru_seen_in_lookback": true, "in_monitor_on_day": true}}, {"type": "Feature", "geometry": {"type": "LineString", "coordinates": [[2.6409933333333333, 51.98466], [2.67902, 51.837943333333335], [2.8183616666666667, 51.825755], [2.9763183333333334, 51.85398166666666], [3.1364633333333334, 51.88530333333333], [3.3409, 51.92362166666667], [3.5060533333333335, 51.94936666666667], [3.590726666666667, 51.966073333333334], [3.7053583333333333, 51.98524], [3.8445066666666667, 51.99348833333333], [4.0080849999999995, 51.99910333333333], [4.138343333333333, 51.95850666666667], [4.19671, 51.93036666666667], [4.205573333333333, 51.917856666666665], [4.20614, 51.91727], [4.206105, 51.91731333333333], [4.206121666666666, 51.917201666666664], [4.206171666666666, 51.917285], [4.206113333333334, 51.917246666666664], [4.20613, 51.91723666666667], [4.206123333333333, 51.91725666666667], [4.206125, 51.917249999999996], [4.20615, 51.917235], [4.206175, 51.91728666666667], [4.20615, 51.91726333333334], [4.206153333333334, 51.91725666666667], [4.20615, 51.91724833333333], [4.206146666666666, 51.91728833333333], [4.206121666666666, 51.917245], [4.206136666666667, 51.91729333333333], [4.206145, 51.91725833333333], [4.206095, 51.91722666666667], [4.206111666666667, 51.91721666666667], [4.2061383333333335, 51.917195], [4.206121666666666, 51.91722], [4.206108333333334, 51.91723666666667], [4.206143333333333, 51.91720833333333], [4.206148333333333, 51.91725833333333], [4.206125, 51.917225], [4.206123333333333, 51.91726166666667], [4.2061866666666665, 51.91721], [4.206115, 51.917273333333334], [4.206133333333333, 51.917246666666664], [4.2060933333333335, 51.91718166666667], [4.206146666666666, 51.91721], [4.206121666666666, 51.91722333333333], [4.20615, 51.91726833333333], [4.20611, 51.917251666666665], [4.206118333333333, 51.917249999999996], [4.20611, 51.917320000000004], [4.206268333333333, 51.917093333333334], [4.206146666666666, 51.9172], [4.206135, 51.917249999999996], [4.206168333333333, 51.91726333333334], [4.206165, 51.91728166666667], [4.206098333333333, 51.917245], [4.206148333333333, 51.917246666666664], [4.20617, 51.91725833333333], [4.206133333333333, 51.917235], [4.206111666666667, 51.91721166666667], [4.206158333333333, 51.917275000000004], [4.206146666666666, 51.91725333333333], [4.206136666666667, 51.91725833333333], [4.206118333333333, 51.917249999999996], [4.206106666666667, 51.917225], [4.20609, 51.91725333333333], [4.20611, 51.917246666666664], [4.20611, 51.917273333333334], [4.206153333333334, 51.917278333333336], [4.206128333333334, 51.91724166666667], [4.206103333333333, 51.917245], [4.206128333333334, 51.917185], [4.206135, 51.91722166666667], [4.206121666666666, 51.91736166666667], [4.2061866666666665, 51.917141666666666], [4.206156666666667, 51.917225], [4.206121666666666, 51.91724166666667], [4.206135, 51.917228333333334], [4.206123333333333, 51.917294999999996], [4.2061633333333335, 51.91723833333333], [4.20614, 51.91724833333333], [4.20614, 51.917275000000004], [4.206156666666667, 51.917231666666666], [4.206165, 51.917249999999996], [4.206166666666666, 51.917185], [4.206155, 51.917228333333334], [4.206143333333333, 51.917246666666664], [4.20613, 51.91727166666667], [4.206146666666666, 51.917318333333334], [4.20615, 51.917228333333334], [4.206151666666667, 51.91729], [4.206171666666666, 51.91723666666667], [4.206125, 51.91723666666667], [4.206175, 51.917228333333334]]}, "properties": {"label": "STI GLADIATOR", "mmsi": "538005826", "imo": "9722170", "name": "STI GLADIATOR", "shiptype": "", "first_seen_utc": "2026-01-02T00:08:43Z", "last_seen_utc": "2026-01-11T15:58:27Z", "destination": "NLRTM", "eta": "{'Day': 9, 'Hour': 18, 'Minute': 0, 'Month': 1}", "display": "", "links": "<a href=\"https://www.vesselfinder.com/vessels?name=9722170\" target=\"_blank\" rel=\"noopener\">VesselFinder</a> | <a href=\"https://www.marinetraffic.com/en/ais/search/all?keyword=9722170\" target=\"_blank\" rel=\"noopener\">MarineTraffic</a>", "vf_url": "https://www.vesselfinder.com/vessels?name=9722170", "mst_url": "https://www.marinetraffic.com/en/ais/search/all?keyword=9722170", "method": "v3_2pass_track3d_fromru10d", "ru_seen_in_lookback": true, "in_monitor_on_day": true}}, {"type": "Feature", "geometry": {"type": "Point", "coordinates": [4.206175, 51.917228333333334]}, "properties": {"label": "STI GLADIATOR", "mmsi": "538005826", "imo": "9722170", "name": "STI GLADIATOR", "shiptype": "", "first_seen_utc": "2026-01-02T00:08:43Z", "last_seen_utc": "2026-01-11T15:58:27Z", "destination": "NLRTM", "eta": "{'Day': 9, 'Hour': 18, 'Minute': 0, 'Month': 1}", "display": "STI GLADIATOR (538005826)", "links": "<a href=\"https://www.vesselfinder.com/vessels?name=9722170\" target=\"_blank\" rel=\"noopener\">VesselFinder</a> | <a href=\"https://www.marinetraffic.com/en/ais/search/all?keyword=9722170\" target=\"_blank\" rel=\"noopener\">MarineTraffic</a>", "vf_url": "https://www.vesselfinder.com/vessels?name=9722170", "mst_url": "https://www.marinetraffic.com/en/ais/search/all?keyword=9722170", "method": "v3_2pass_track3d_fromru10d", "ru_seen_in_lookback": true, "in_monitor_on_day": true}}, {"type": "Feature", "geometry": {"type": "LineString", "coordinates": [[18.665845, 54.362338333333334], [18.66582833333333, 54.362335], [18.665813333333332, 54.36235666666666], [18.665856666666667, 54.36239666666667], [18.665833333333335, 54.36234], [18.665821666666666, 54.36232333333333], [18.66584, 54.36233166666667], [18.665838333333333, 54.36235166666667], [18.665845, 54.36232333333333], [18.665830000000003, 54.36232333333333], [18.66585, 54.362355], [18.665851666666665, 54.36233], [18.665826666666664, 54.36234666666667], [18.66588, 54.362383333333334], [18.665841666666665, 54.36232333333333], [18.665845, 54.362314999999995], [18.665878333333335, 54.362515], [18.665861666666668, 54.362535], [18.665891666666667, 54.362505000000006], [18.665903333333333, 54.36248], [18.66587666666667, 54.362550000000006], [18.66587333333333, 54.36250166666667], [18.665866666666666, 54.36251666666667], [18.66587333333333, 54.36255666666667], [18.665845, 54.36253], [18.665856666666667, 54.362536666666664], [18.665885, 54.36251333333333], [18.665868333333332, 54.36250166666667], [18.665891666666667, 54.36252], [18.665861666666668, 54.36251666666667], [18.665950000000002, 54.362539999999996], [18.66584, 54.36251333333333], [18.665903333333333, 54.362525], [18.66587666666667, 54.36249333333333], [18.665885, 54.36252], [18.665901666666667, 54.362521666666666], [18.663126666666667, 54.373646666666666], [18.676873333333333, 54.403438333333334], [18.666, 54.44273166666667], [18.72067, 54.475245], [18.817018333333333, 54.540910000000004], [18.914575, 54.60689833333333], [18.97523, 54.680081666666666], [19.02283333333333, 54.75432166666667], [18.964253333333332, 54.82349166666667], [18.844725, 54.88246166666667], [18.74035, 54.931855000000006], [12.274825, 54.59389], [12.2327, 54.527076666666666], [12.193538333333333, 54.45800166666667], [12.084470000000001, 54.434255], [11.962225, 54.43375833333334], [11.83806, 54.43548666666666], [11.722673333333335, 54.44971666666667], [11.614535, 54.47825833333333], [11.503876666666667, 54.50975666666667], [11.389546666666666, 54.541185000000006], [11.269578333333333, 54.57405333333334], [11.149746666666665, 54.60550166666667], [11.019363333333333, 54.596941666666666], [10.905903333333333, 54.63091], [10.805863333333333, 54.66539833333333], [10.781533333333334, 54.741528333333335], [10.836183333333334, 54.828089999999996], [10.887795, 54.93885833333333], [10.99337, 55.022081666666665], [10.990711666666666, 55.128155], [11.100211666666667, 55.20737999999999], [11.037101666666667, 55.33116833333334], [10.864211666666668, 55.52146833333334], [10.790793333333333, 55.62640666666667], [10.801413333333333, 55.73690833333333], [10.847233333333332, 55.84212166666667]]}, "properties": {"label": "FEDERAL BARENTS", "mmsi": "538006419", "imo": "9697820", "name": "FEDERAL BARENTS", "shiptype": "", "first_seen_utc": "2026-01-02T00:09:15Z", "last_seen_utc": "2026-01-11T11:49:01Z", "destination": "BEGNE", "eta": "{'Day': 13, 'Hour': 12, 'Minute': 10, 'Month': 1}", "display": "", "links": "<a href=\"https://www.vesselfinder.com/vessels?name=9697820\" target=\"_blank\" rel=\"noopener\">VesselFinder</a> | <a href=\"https://www.marinetraffic.com/en/ais/search/all?keyword=9697820\" target=\"_blank\" rel=\"noopener\">MarineTraffic</a>", "vf_url": "https://www.vesselfinder.com/vessels?name=9697820", "mst_url": "https://www.marinetraffic.com/en/ais/search/all?keyword=9697820", "method": "v3_2pass_track3d_fromru10d", "ru_seen_in_lookback": true, "in_monitor_on_day": true}}, {"type": "Feature", "geometry": {"type": "Point", "coordinates": [10.847233333333332, 55.84212166666667]}, "properties": {"label": "FEDERAL BARENTS", "mmsi": "538006419", "imo": "9697820", "name": "FEDERAL BARENTS", "shiptype": "", "first_seen_utc": "2026-01-02T00:09:15Z", "last_seen_utc": "2026-01-11T11:49:01Z", "destination": "BEGNE", "eta": "{'Day': 13, 'Hour': 12, 'Minute': 10, 'Month': 1}", "display": "FEDERAL BARENTS (538006419)", "links": "<a href=\"https://www.vesselfinder.com/vessels?name=9697820\" target=\"_blank\" rel=\"noopener\">VesselFinder</a> | <a href=\"https://www.marinetraffic.com/en/ais/search/all?keyword=9697820\" target=\"_blank\" rel=\"noopener\">MarineTraffic</a>", "vf_url": "https://www.vesselfinder.com/vessels?name=9697820", "mst_url": "https://www.marinetraffic.com/en/ais/search/all?keyword=9697820", "method": "v3_2pass_track3d_fromru10d", "ru_seen_in_lookback": true, "in_monitor_on_day": true}}, {"type": "Feature", "geometry": {"type": "LineString", "coordinates": [[18.798585, 54.97477333333333], [18.911931666666664, 54.93196833333333], [18.95276833333333, 54.84283833333333], [18.993175, 54.755968333333335], [18.938409999999998, 54.668525], [18.863083333333336, 54.583083333333335], [18.749585000000003, 54.53842833333333], [18.667908333333333, 54.539811666666665], [18.56651, 54.53572166666667], [18.55808, 54.52704166666667], [18.55805666666667, 54.527065], [18.55809833333333, 54.527053333333335], [18.558093333333332, 54.52706833333333], [18.558126666666666, 54.527074999999996], [18.558105, 54.52706], [18.558071666666667, 54.52699833333334], [18.558086666666668, 54.527058333333336], [18.558116666666667, 54.527071666666664], [18.558123333333334, 54.52706], [18.55811, 54.527071666666664], [18.55809833333333, 54.52706333333333], [18.55807, 54.52707], [18.558085000000002, 54.52706], [18.558103333333335, 54.527035], [18.55812, 54.527053333333335], [18.55807, 54.527074999999996], [18.55810166666667, 54.527065], [18.558081666666666, 54.527028333333334], [18.558130000000002, 54.527045], [18.55812, 54.52705666666667], [18.558105, 54.527053333333335], [18.558093333333332, 54.527035], [18.55806833333333, 54.52707], [18.558105, 54.527051666666665], [18.55809833333333, 54.527045], [18.558123333333334, 54.52705666666667], [18.558091666666666, 54.52708333333333], [18.558103333333335, 54.52707], [18.558078333333334, 54.52706], [18.558106666666667, 54.527053333333335], [18.558063333333333, 54.52705666666667], [18.558116666666667, 54.527028333333334], [18.558061666666667, 54.527053333333335], [18.558078333333334, 54.52707833333333], [18.55806833333333, 54.52704666666667], [18.558065, 54.52704166666667], [18.558081666666666, 54.527031666666666], [18.558123333333334, 54.52704333333334], [18.558105, 54.527065], [18.558116666666667, 54.52708833333334], [18.558061666666667, 54.527028333333334], [18.558096666666664, 54.52704666666667], [18.558108333333333, 54.52704833333333], [18.558116666666667, 54.52704833333333], [18.558131666666668, 54.527045], [18.55807, 54.527031666666666], [18.558093333333332, 54.52707833333333], [18.55811, 54.52704166666667], [18.558155, 54.52706], [18.558125, 54.52704166666667], [18.558071666666667, 54.527025], [18.558078333333334, 54.527071666666664], [18.55807, 54.52706333333333], [18.55812166666667, 54.52705666666667], [18.558096666666664, 54.52708333333333], [18.55814666666667, 54.527065], [18.558061666666667, 54.527058333333336], [18.558046666666666, 54.52704166666667], [18.558083333333332, 54.52704666666667], [18.558086666666668, 54.52704166666667], [18.558123333333334, 54.527065], [18.558075, 54.527073333333334], [18.56075333333333, 54.52115], [18.646031666666666, 54.51997666666667], [18.77086166666667, 54.526113333333335], [18.85647833333333, 54.559920000000005], [18.901318333333332, 54.59674833333334], [18.937836666666666, 54.641576666666666], [18.976589999999998, 54.689661666666666], [19.014691666666668, 54.73984166666666], [19.033186666666666, 54.792746666666666], [18.980304999999998, 54.84379], [18.909375, 54.904109999999996], [18.81409, 54.951145], [15.495706666666667, 55.467265]]}, "properties": {"label": "RHOGAS", "mmsi": "305793000", "imo": "9618848", "name": "RHOGAS", "shiptype": "", "first_seen_utc": "2026-01-02T00:09:42Z", "last_seen_utc": "2026-01-11T15:15:30Z", "destination": "PLGDY > SEGOT", "eta": "{'Day': 12, 'Hour': 15, 'Minute': 0, 'Month': 1}", "display": "", "links": "<a href=\"https://www.vesselfinder.com/vessels?name=9618848\" target=\"_blank\" rel=\"noopener\">VesselFinder</a> | <a href=\"https://www.marinetraffic.com/en/ais/search/all?keyword=9618848\" target=\"_blank\" rel=\"noopener\">MarineTraffic</a>", "vf_url": "https://www.vesselfinder.com/vessels?name=9618848", "mst_url": "https://www.marinetraffic.com/en/ais/search/all?keyword=9618848", "method": "v3_2pass_track3d_fromru10d", "ru_seen_in_lookback": true, "in_monitor_on_day": true}}, {"type": "Feature", "geometry": {"type": "Point", "coordinates": [15.495706666666667, 55.467265]}, "properties": {"label": "RHOGAS", "mmsi": "305793000", "imo": "9618848", "name": "RHOGAS", "shiptype": "", "first_seen_utc": "2026-01-02T00:09:42Z", "last_seen_utc": "2026-01-11T15:15:30Z", "destination": "PLGDY > SEGOT", "eta": "{'Day': 12, 'Hour': 15, 'Minute': 0, 'Month': 1}", "display": "RHOGAS (305793000)", "links": "<a href=\"https://www.vesselfinder.com/vessels?name=9618848\" target=\"_blank\" rel=\"noopener\">VesselFinder</a> | <a href=\"https://www.marinetraffic.com/en/ais/search/all?keyword=9618848\" target=\"_blank\" rel=\"noopener\">MarineTraffic</a>", "vf_url": "https://www.vesselfinder.com/vessels?name=9618848", "mst_url": "https://www.marinetraffic.com/en/ais/search/all?keyword=9618848", "method": "v3_2pass_track3d_fromru10d", "ru_seen_in_lookback": true, "in_monitor_on_day": true}}, {"type": "Feature", "geometry": {"type": "LineString", "coordinates": [[3.772491666666667, 51.92445166666666], [3.7724583333333332, 51.924425], [3.7723716666666665, 51.924705], [3.7723083333333336, 51.92499333333333], [3.77279, 51.925875], [3.7743116666666667, 51.926785], [3.7781683333333334, 51.92674833333333], [3.778505, 51.926695], [3.7787566666666668, 51.92638], [3.7786833333333334, 51.926291666666664], [3.77833, 51.92636166666667], [3.7759216666666666, 51.926093333333334], [3.774508333333333, 51.92424666666667], [3.7753583333333336, 51.923424999999995], [3.775516666666667, 51.923334999999994], [3.7752166666666667, 51.92337333333333], [3.7753, 51.92335], [3.774016666666667, 51.92333833333333], [3.7745733333333336, 51.92305666666667], [3.775085, 51.92294666666667], [3.7777883333333335, 51.92293333333334], [3.77886, 51.92616833333333], [3.7761050000000003, 51.92328333333333], [3.775516666666667, 51.923265], [3.7755, 51.922940000000004], [3.7753633333333334, 51.922905], [3.774585, 51.92290166666667], [3.7749716666666666, 51.922673333333336], [3.773823333333333, 51.92311333333334], [3.7735316666666665, 51.92337166666667], [3.7736949999999996, 51.92319333333333], [3.774021666666667, 51.923006666666666], [3.7742533333333332, 51.92292333333333], [3.7739833333333332, 51.92308333333334], [3.7763666666666666, 51.92254666666667], [3.779071666666667, 51.92534], [3.7793616666666665, 51.92450833333333], [3.7757583333333335, 51.92287833333333], [3.775001666666667, 51.922821666666664], [3.774808333333333, 51.92275666666667], [3.7742033333333334, 51.923006666666666], [3.7747183333333334, 51.92274], [3.7744033333333333, 51.92289], [3.774453333333333, 51.92285833333334], [3.7743583333333333, 51.92292], [3.77422, 51.92302166666666], [3.773905, 51.923201666666664], [3.773636666666667, 51.923406666666665], [3.7736566666666667, 51.92342333333333], [3.7734816666666666, 51.92353333333333], [3.77337, 51.924025], [3.7738183333333333, 51.925225], [3.7792833333333333, 51.926], [3.7789516666666665, 51.92610833333333], [3.779305, 51.92583166666667], [3.778383333333333, 51.926246666666664], [3.77753, 51.926410000000004], [3.774331666666667, 51.92526], [3.774245, 51.92472333333333], [3.7741716666666667, 51.924845], [3.7742416666666667, 51.924485], [3.774308333333333, 51.92440833333333], [3.774376666666667, 51.924276666666664], [3.7745183333333334, 51.924125000000004], [3.7744966666666664, 51.92426666666667], [3.7746333333333335, 51.924240000000005], [3.7744783333333336, 51.92443333333333], [3.7743183333333334, 51.924708333333335], [3.7745216666666668, 51.92572666666667], [3.775795, 51.92658666666667], [3.7777083333333334, 51.92666666666666], [3.7782633333333333, 51.92668166666667], [3.7784566666666666, 51.926695], [3.77823, 51.92675666666666], [3.777911666666667, 51.92682], [3.777446666666667, 51.9269], [3.776861666666667, 51.926966666666665], [3.7769633333333332, 51.926975], [3.7768566666666668, 51.927051666666664], [3.776476666666667, 51.927125000000004], [3.7758866666666666, 51.92718333333333], [3.7754, 51.927146666666665], [3.7749433333333333, 51.92715666666666], [3.7745683333333333, 51.92709], [3.7745699999999998, 51.927135]]}, "properties": {"label": "SVENDBORG", "mmsi": "255805594", "imo": "9454230", "name": "SVENDBORG", "shiptype": "", "first_seen_utc": "2026-01-02T00:10:27Z", "last_seen_utc": "2026-01-11T15:36:40Z", "destination": "NL RTM VIA NOK", "eta": "{'Day': 12, 'Hour': 6, 'Minute': 0, 'Month': 12}", "display": "", "links": "<a href=\"https://www.vesselfinder.com/vessels?name=9454230\" target=\"_blank\" rel=\"noopener\">VesselFinder</a> | <a href=\"https://www.marinetraffic.com/en/ais/search/all?keyword=9454230\" target=\"_blank\" rel=\"noopener\">MarineTraffic</a>", "vf_url": "https://www.vesselfinder.com/vessels?name=9454230", "mst_url": "https://www.marinetraffic.com/en/ais/search/all?keyword=9454230", "method": "v3_2pass_track3d_fromru10d", "ru_seen_in_lookback": true, "in_monitor_on_day": true}}, {"type": "Feature", "geometry": {"type": "Point", "coordinates": [3.7745699999999998, 51.927135]}, "properties": {"label": "SVENDBORG", "mmsi": "255805594", "imo": "9454230", "name": "SVENDBORG", "shiptype": "", "first_seen_utc": "2026-01-02T00:10:27Z", "last_seen_utc": "2026-01-11T15:36:40Z", "destination": "NL RTM VIA NOK", "eta": "{'Day': 12, 'Hour': 6, 'Minute': 0, 'Month': 12}", "display": "SVENDBORG (255805594)", "links": "<a href=\"https://www.vesselfinder.com/vessels?name=9454230\" target=\"_blank\" rel=\"noopener\">VesselFinder</a> | <a href=\"https://www.marinetraffic.com/en/ais/search/all?keyword=9454230\" target=\"_blank\" rel=\"noopener\">MarineTraffic</a>", "vf_url": "https://www.vesselfinder.com/vessels?name=9454230", "mst_url": "https://www.marinetraffic.com/en/ais/search/all?keyword=9454230", "method": "v3_2pass_track3d_fromru10d", "ru_seen_in_lookback": true, "in_monitor_on_day": true}}, {"type": "Feature", "geometry": {"type": "LineString", "coordinates": [[13.29875, 55.252050000000004], [13.059949999999999, 55.2605], [12.89615, 55.26521666666667], [12.769016666666666, 55.28888333333334], [12.681716666666667, 55.33025], [12.693533333333333, 55.40156666666667], [12.711383333333334, 55.484566666666666], [12.7048, 55.56608333333334], [12.694016666666666, 55.647616666666664], [12.702383333333334, 55.76248333333333], [12.675816666666666, 55.8722], [12.692933333333334, 55.973949999999995], [12.6082, 56.081649999999996], [12.46525, 56.1594], [10.496616666666666, 57.854216666666666], [10.271916666666668, 57.85481666666667], [10.042750000000002, 57.84081666666667], [9.821616666666667, 57.833200000000005], [9.6065, 57.82458333333333], [9.419266666666665, 57.762283333333336], [9.22875, 57.698049999999995], [9.040566666666667, 57.63255], [8.851650000000001, 57.56831666666667], [8.662016666666666, 57.50318333333333], [8.466266666666666, 57.43593333333333], [8.299900000000001, 57.42426666666667], [8.16105, 57.32201666666666], [8.0437, 57.21276666666667], [3.42115, 53.21263333333333], [3.245033333333333, 52.898450000000004], [2.972933333333333, 52.564049999999995], [3.00515, 52.4065], [3.0984333333333334, 52.308], [3.28715, 52.14025], [3.33785, 52.02503333333333], [3.308783333333333, 51.929716666666664], [3.278833333333333, 51.83535], [3.27155, 51.747416666666666], [3.3201166666666664, 51.65636666666667], [3.4008666666666665, 51.57306666666667], [3.4726, 51.496316666666665], [3.565816666666667, 51.439], [3.6683833333333333, 51.43766666666667], [3.7361999999999997, 51.372166666666665], [3.85835, 51.34738333333333], [3.9575, 51.40028333333333], [4.0334666666666665, 51.40771666666667], [4.129566666666666, 51.37031666666667], [4.22215, 51.36496666666667], [4.287066666666666, 51.34623333333333], [4.287233333333333, 51.346250000000005], [4.287216666666667, 51.34623333333333], [4.287183333333333, 51.34623333333333], [4.311766666666667, 51.319766666666666]]}, "properties": {"label": "ESSEX STAR", "mmsi": "256809000", "imo": "9348297", "name": "ESSEX STAR", "shiptype": "", "first_seen_utc": "2026-01-02T00:11:21Z", "last_seen_utc": "2026-01-11T16:01:33Z", "destination": "PLGDN > BEANR", "eta": "{'Day': 1, 'Hour': 9, 'Minute': 0, 'Month': 11}", "display": "", "links": "<a href=\"https://www.vesselfinder.com/vessels?name=9348297\" target=\"_blank\" rel=\"noopener\">VesselFinder</a> | <a href=\"https://www.marinetraffic.com/en/ais/search/all?keyword=9348297\" target=\"_blank\" rel=\"noopener\">MarineTraffic</a>", "vf_url": "https://www.vesselfinder.com/vessels?name=9348297", "mst_url": "https://www.marinetraffic.com/en/ais/search/all?keyword=9348297", "method": "v3_2pass_track3d_fromru10d", "ru_seen_in_lookback": true, "in_monitor_on_day": true}}, {"type": "Feature", "geometry": {"type": "Point", "coordinates": [4.311766666666667, 51.319766666666666]}, "properties": {"label": "ESSEX STAR", "mmsi": "256809000", "imo": "9348297", "name": "ESSEX STAR", "shiptype": "", "first_seen_utc": "2026-01-02T00:11:21Z", "last_seen_utc": "2026-01-11T16:01:33Z", "destination": "PLGDN > BEANR", "eta": "{'Day': 1, 'Hour': 9, 'Minute': 0, 'Month': 11}", "display": "ESSEX STAR (256809000)", "links": "<a href=\"https://www.vesselfinder.com/vessels?name=9348297\" target=\"_blank\" rel=\"noopener\">VesselFinder</a> | <a href=\"https://www.marinetraffic.com/en/ais/search/all?keyword=9348297\" target=\"_blank\" rel=\"noopener\">MarineTraffic</a>", "vf_url": "https://www.vesselfinder.com/vessels?name=9348297", "mst_url": "https://www.marinetraffic.com/en/ais/search/all?keyword=9348297", "method": "v3_2pass_track3d_fromru10d", "ru_seen_in_lookback": true, "in_monitor_on_day": true}}, {"type": "Feature", "geometry": {"type": "LineString", "coordinates": [[15.447133333333333, 55.66961833333333], [15.323485, 55.62662833333333], [15.245421666666665, 55.549859999999995], [12.277980000000001, 54.592303333333334], [12.218011666666666, 54.502541666666666], [12.108603333333333, 54.441765000000004], [11.927776666666666, 54.443513333333335], [11.749915, 54.44507], [11.580051666666666, 54.48318833333334], [11.408191666666665, 54.530166666666666], [11.232023333333332, 54.580295], [11.035338333333334, 54.59892], [10.861411666666667, 54.648485], [10.778295000000002, 54.72900666666667], [10.833926666666667, 54.809803333333335], [10.841331666666667, 54.882781666666666], [10.937098333333333, 54.960415], [10.997643333333334, 55.05422], [11.000835, 55.156931666666665], [11.102015, 55.227605000000004], [11.038101666666668, 55.3241], [10.853143333333332, 55.541255], [10.784324999999999, 55.645496666666666], [10.806586666666668, 55.749361666666665], [10.814175, 55.866771666666665], [10.955533333333333, 55.925165], [10.494908333333333, 57.851715], [10.283503333333334, 57.84724666666667], [10.083506666666667, 57.842578333333336], [9.876916666666666, 57.836911666666666], [9.691968333333334, 57.835875], [9.520636666666666, 57.82281], [9.360933333333332, 57.787850000000006], [9.190531666666667, 57.74342], [9.020183333333334, 57.70184], [8.842438333333332, 57.660441666666664], [8.671441666666668, 57.612878333333335], [8.50855, 57.56767333333333], [8.341751666666667, 57.52179666666667], [8.16665, 57.47424], [7.98407, 57.42480333333333], [7.79924, 57.37654166666667], [7.625235, 57.329725], [7.498515, 57.258158333333334], [7.41041, 57.169383333333336], [7.32206, 57.080385]]}, "properties": {"label": "OLYMPIC FIGHTER", "mmsi": "538007511", "imo": "9745263", "name": "OLYMPIC FIGHTER", "shiptype": "", "first_seen_utc": "2026-01-02T00:11:37Z", "last_seen_utc": "2026-01-11T06:40:37Z", "destination": "EGPSD", "eta": "{'Day': 24, 'Hour': 5, 'Minute': 0, 'Month': 1}", "display": "", "links": "<a href=\"https://www.vesselfinder.com/vessels?name=9745263\" target=\"_blank\" rel=\"noopener\">VesselFinder</a> | <a href=\"https://www.marinetraffic.com/en/ais/search/all?keyword=9745263\" target=\"_blank\" rel=\"noopener\">MarineTraffic</a>", "vf_url": "https://www.vesselfinder.com/vessels?name=9745263", "mst_url": "https://www.marinetraffic.com/en/ais/search/all?keyword=9745263", "method": "v3_2pass_track3d_fromru10d", "ru_seen_in_lookback": true, "in_monitor_on_day": true}}, {"type": "Feature", "geometry": {"type": "Point", "coordinates": [7.32206, 57.080385]}, "properties": {"label": "OLYMPIC FIGHTER", "mmsi": "538007511", "imo": "9745263", "name": "OLYMPIC FIGHTER", "shiptype": "", "first_seen_utc": "2026-01-02T00:11:37Z", "last_seen_utc": "2026-01-11T06:40:37Z", "destination": "EGPSD", "eta": "{'Day': 24, 'Hour': 5, 'Minute': 0, 'Month': 1}", "display": "OLYMPIC FIGHTER (538007511)", "links": "<a href=\"https://www.vesselfinder.com/vessels?name=9745263\" target=\"_blank\" rel=\"noopener\">VesselFinder</a> | <a href=\"https://www.marinetraffic.com/en/ais/search/all?keyword=9745263\" target=\"_blank\" rel=\"noopener\">MarineTraffic</a>", "vf_url": "https://www.vesselfinder.com/vessels?name=9745263", "mst_url": "https://www.marinetraffic.com/en/ais/search/all?keyword=9745263", "method": "v3_2pass_track3d_fromru10d", "ru_seen_in_lookback": true, "in_monitor_on_day": true}}, {"type": "Feature", "geometry": {"type": "LineString", "coordinates": [[20.150421666666666, 55.53104], [20.184435, 55.52520333333334], [20.18575333333333, 55.52850333333333], [20.156074999999998, 55.52447333333334], [20.154420000000002, 55.53202], [20.154608333333332, 55.53295666666667], [20.272861666666664, 55.56622166666667], [20.159100000000002, 55.522191666666664], [20.154756666666668, 55.52684333333333], [20.162354999999998, 55.520885], [20.18558, 55.529893333333334], [20.17381, 55.520878333333336], [20.188703333333333, 55.53315166666666], [20.154324999999996, 55.53138833333333], [20.173296666666666, 55.51998666666667], [20.154504999999997, 55.532648333333334], [20.194968333333335, 55.522455], [20.15467, 55.526513333333334], [20.187605, 55.52880833333334], [20.184453333333334, 55.532331666666664], [20.153875000000003, 55.528205], [20.1221, 55.35455], [20.295725, 55.747568333333334], [20.29402333333333, 55.747508333333336], [20.298113333333333, 55.74758833333333], [20.267960000000002, 55.56607833333333], [20.165658333333333, 55.51526]]}, "properties": {"label": "JENS OLDENDORFF", "mmsi": "636022830", "imo": "9852028", "name": "JENS OLDENDORFF", "shiptype": "", "first_seen_utc": "2026-01-02T00:12:44Z", "last_seen_utc": "2026-01-11T04:45:05Z", "destination": "LTKLJ", "eta": "{'Day': 7, 'Hour': 4, 'Minute': 0, 'Month': 1}", "display": "", "links": "<a href=\"https://www.vesselfinder.com/vessels?name=9852028\" target=\"_blank\" rel=\"noopener\">VesselFinder</a> | <a href=\"https://www.marinetraffic.com/en/ais/search/all?keyword=9852028\" target=\"_blank\" rel=\"noopener\">MarineTraffic</a>", "vf_url": "https://www.vesselfinder.com/vessels?name=9852028", "mst_url": "https://www.marinetraffic.com/en/ais/search/all?keyword=9852028", "method": "v3_2pass_track3d_fromru10d", "ru_seen_in_lookback": true, "in_monitor_on_day": true}}, {"type": "Feature", "geometry": {"type": "Point", "coordinates": [20.165658333333333, 55.51526]}, "properties": {"label": "JENS OLDENDORFF", "mmsi": "636022830", "imo": "9852028", "name": "JENS OLDENDORFF", "shiptype": "", "first_seen_utc": "2026-01-02T00:12:44Z", "last_seen_utc": "2026-01-11T04:45:05Z", "destination": "LTKLJ", "eta": "{'Day': 7, 'Hour': 4, 'Minute': 0, 'Month': 1}", "display": "JENS OLDENDORFF (636022830)", "links": "<a href=\"https://www.vesselfinder.com/vessels?name=9852028\" target=\"_blank\" rel=\"noopener\">VesselFinder</a> | <a href=\"https://www.marinetraffic.com/en/ais/search/all?keyword=9852028\" target=\"_blank\" rel=\"noopener\">MarineTraffic</a>", "vf_url": "https://www.vesselfinder.com/vessels?name=9852028", "mst_url": "https://www.marinetraffic.com/en/ais/search/all?keyword=9852028", "method": "v3_2pass_track3d_fromru10d", "ru_seen_in_lookback": true, "in_monitor_on_day": true}}, {"type": "Feature", "geometry": {"type": "LineString", "coordinates": [[10.499718333333334, 57.925844999999995], [10.452416666666666, 57.91796333333333], [10.390911666666666, 57.914563333333334], [10.459136666666666, 57.85150833333333], [11.198026666666667, 56.13818166666667], [11.033671666666667, 55.99238666666667], [10.901209999999999, 55.88679666666667], [10.80338, 55.76247166666667], [10.784131666666667, 55.62554333333333], [10.911063333333335, 55.469875], [11.032865, 55.344965], [11.097935, 55.21170333333334], [10.990803333333334, 55.09193666666667], [10.931073333333334, 54.958295], [10.836078333333335, 54.845285], [10.768935, 54.71498833333333], [10.911838333333332, 54.61976666666667], [11.133691666666666, 54.581495000000004], [11.364139999999999, 54.530743333333334], [11.601471666666667, 54.46413666666667], [11.807501666666667, 54.4165], [12.064033333333333, 54.412175000000005], [12.219850000000001, 54.472265], [12.276083333333334, 54.537220000000005], [12.346041666666668, 54.62529666666667], [18.070618333333336, 54.92354], [18.243691666666667, 54.947763333333334], [18.424971666666668, 54.96282833333333], [18.614111666666666, 54.93240166666667], [18.785455000000002, 54.86255666666667], [18.949383333333333, 54.794203333333336], [19.05097333333333, 54.70603166666667], [19.052718333333335, 54.74189], [19.027358333333332, 54.7994]]}, "properties": {"label": "CMA CGM KERGUELEN", "mmsi": "215207000", "imo": "9702132", "name": "CMA CGM KERGUELEN", "shiptype": "", "first_seen_utc": "2026-01-02T00:13:26Z", "last_seen_utc": "2026-01-11T15:47:08Z", "destination": "PLGDN", "eta": "{'Day': 11, 'Hour': 17, 'Minute': 0, 'Month': 1}", "display": "", "links": "<a href=\"https://www.vesselfinder.com/vessels?name=9702132\" target=\"_blank\" rel=\"noopener\">VesselFinder</a> | <a href=\"https://www.marinetraffic.com/en/ais/search/all?keyword=9702132\" target=\"_blank\" rel=\"noopener\">MarineTraffic</a>", "vf_url": "https://www.vesselfinder.com/vessels?name=9702132", "mst_url": "https://www.marinetraffic.com/en/ais/search/all?keyword=9702132", "method": "v3_2pass_track3d_fromru10d", "ru_seen_in_lookback": true, "in_monitor_on_day": true}}, {"type": "Feature", "geometry": {"type": "Point", "coordinates": [19.027358333333332, 54.7994]}, "properties": {"label": "CMA CGM KERGUELEN", "mmsi": "215207000", "imo": "9702132", "name": "CMA CGM KERGUELEN", "shiptype": "", "first_seen_utc": "2026-01-02T00:13:26Z", "last_seen_utc": "2026-01-11T15:47:08Z", "destination": "PLGDN", "eta": "{'Day': 11, 'Hour': 17, 'Minute': 0, 'Month': 1}", "display": "CMA CGM KERGUELEN (215207000)", "links": "<a href=\"https://www.vesselfinder.com/vessels?name=9702132\" target=\"_blank\" rel=\"noopener\">VesselFinder</a> | <a href=\"https://www.marinetraffic.com/en/ais/search/all?keyword=9702132\" target=\"_blank\" rel=\"noopener\">MarineTraffic</a>", "vf_url": "https://www.vesselfinder.com/vessels?name=9702132", "mst_url": "https://www.marinetraffic.com/en/ais/search/all?keyword=9702132", "method": "v3_2pass_track3d_fromru10d", "ru_seen_in_lookback": true, "in_monitor_on_day": true}}, {"type": "Feature", "geometry": {"type": "LineString", "coordinates": [[14.915483333333333, 55.53644], [14.452961666666665, 55.315441666666665]]}, "properties": {"label": "AMADEUS SAFFIER", "mmsi": "245918000", "imo": "9996903", "name": "AMADEUS SAFFIER", "shiptype": "", "first_seen_utc": "2026-01-02T00:14:31Z", "last_seen_utc": "2026-01-11T15:53:38Z", "destination": "GENK", "eta": "{'Day': 15, 'Hour': 8, 'Minute': 0, 'Month': 1}", "display": "", "links": "<a href=\"https://www.vesselfinder.com/vessels?name=9996903\" target=\"_blank\" rel=\"noopener\">VesselFinder</a> | <a href=\"https://www.marinetraffic.com/en/ais/search/all?keyword=9996903\" target=\"_blank\" rel=\"noopener\">MarineTraffic</a>", "vf_url": "https://www.vesselfinder.com/vessels?name=9996903", "mst_url": "https://www.marinetraffic.com/en/ais/search/all?keyword=9996903", "method": "v3_2pass_track3d_fromru10d", "ru_seen_in_lookback": true, "in_monitor_on_day": true}}, {"type": "Feature", "geometry": {"type": "Point", "coordinates": [14.452961666666665, 55.315441666666665]}, "properties": {"label": "AMADEUS SAFFIER", "mmsi": "245918000", "imo": "9996903", "name": "AMADEUS SAFFIER", "shiptype": "", "first_seen_utc": "2026-01-02T00:14:31Z", "last_seen_utc": "2026-01-11T15:53:38Z", "destination": "GENK", "eta": "{'Day': 15, 'Hour': 8, 'Minute': 0, 'Month': 1}", "display": "AMADEUS SAFFIER (245918000)", "links": "<a href=\"https://www.vesselfinder.com/vessels?name=9996903\" target=\"_blank\" rel=\"noopener\">VesselFinder</a> | <a href=\"https://www.marinetraffic.com/en/ais/search/all?keyword=9996903\" target=\"_blank\" rel=\"noopener\">MarineTraffic</a>", "vf_url": "https://www.vesselfinder.com/vessels?name=9996903", "mst_url": "https://www.marinetraffic.com/en/ais/search/all?keyword=9996903", "method": "v3_2pass_track3d_fromru10d", "ru_seen_in_lookback": true, "in_monitor_on_day": true}}, {"type": "Feature", "geometry": {"type": "LineString", "coordinates": [[18.681773333333336, 54.40231666666667], [18.681773333333336, 54.40231666666667], [18.681783333333332, 54.40231166666667], [18.681784999999998, 54.40231666666667], [18.681775000000002, 54.40231666666667], [18.681765, 54.40232], [18.681778333333334, 54.40231166666667], [18.681778333333334, 54.40232], [18.681781666666666, 54.40231166666667], [18.681788333333333, 54.40230833333333], [18.681788333333333, 54.40231666666667], [18.681776666666668, 54.40231666666667], [18.681773333333336, 54.40231666666667], [18.681769999999997, 54.40231666666667], [18.681763333333333, 54.40231666666667], [18.68020166666667, 54.402015], [18.653426666666668, 54.475768333333335], [18.64787, 54.56587833333333], [18.62143166666667, 54.65450666666666], [18.621896666666665, 54.68347833333333], [18.673189999999998, 54.66019666666667], [18.673566666666666, 54.66012166666667], [18.701696666666667, 54.65657], [18.689398333333333, 54.60363666666667], [18.668063333333336, 54.511298333333336], [18.648374999999998, 54.423651666666665], [18.681784999999998, 54.40232833333334], [18.681738333333332, 54.402318333333334], [18.6818, 54.402323333333335], [18.681769999999997, 54.40231166666667], [18.681778333333334, 54.40232], [18.681778333333334, 54.40232], [18.681775000000002, 54.40231166666667], [18.681769999999997, 54.40231666666667], [18.681784999999998, 54.40231166666667], [18.681776666666668, 54.40231166666667], [18.681788333333333, 54.40231166666667], [18.681783333333332, 54.40231166666667], [18.681778333333334, 54.40231166666667], [18.681781666666666, 54.40231666666667], [18.681776666666668, 54.40231166666667], [18.681784999999998, 54.40231666666667], [18.681773333333336, 54.40230833333333], [18.681778333333334, 54.40231166666667], [18.681784999999998, 54.40232], [18.681778333333334, 54.40231666666667], [18.681783333333332, 54.40231166666667], [18.681784999999998, 54.40230833333333], [18.681783333333332, 54.40231166666667], [18.681781666666666, 54.40231166666667], [18.681775000000002, 54.40231166666667], [18.681769999999997, 54.40231166666667], [18.681781666666666, 54.402305], [18.681783333333332, 54.40230833333333], [18.681781666666666, 54.40230833333333], [18.681786666666667, 54.40230833333333], [18.681783333333332, 54.40231166666667], [18.681775000000002, 54.40231666666667], [18.681773333333336, 54.40231166666667], [18.681773333333336, 54.40232], [18.681776666666668, 54.40230833333333], [18.681773333333336, 54.40231166666667], [18.681775000000002, 54.40231666666667], [18.681778333333334, 54.40231166666667], [18.681783333333332, 54.40231166666667], [18.681778333333334, 54.40230833333333], [18.681778333333334, 54.40232], [18.681788333333333, 54.40231166666667], [18.68179, 54.40231166666667], [18.681739999999998, 54.40231333333334], [18.681778333333334, 54.40231166666667], [18.681788333333333, 54.402296666666665], [18.681783333333332, 54.40231666666667], [18.681788333333333, 54.40232], [18.681776666666668, 54.40231166666667], [18.681778333333334, 54.40231666666667], [18.681783333333332, 54.40231166666667], [18.681778333333334, 54.40231666666667], [18.681769999999997, 54.40231666666667], [18.681778333333334, 54.40231166666667], [18.681781666666666, 54.40231666666667], [18.68179, 54.40231166666667], [18.681791666666665, 54.40231166666667], [18.681788333333333, 54.40231666666667], [18.681786666666667, 54.40231666666667], [18.681783333333332, 54.40231666666667], [18.681788333333333, 54.40231166666667], [18.681788333333333, 54.40230833333333], [18.68177166666667, 54.40231166666667], [18.68179, 54.40231666666667], [18.681783333333332, 54.40231166666667], [18.681788333333333, 54.40230833333333], [18.681781666666666, 54.402305], [18.681781666666666, 54.40231166666667], [18.681783333333332, 54.402305], [18.681775000000002, 54.40231166666667], [18.681781666666666, 54.40231166666667], [18.681786666666667, 54.402305], [18.681784999999998, 54.40230833333333], [18.681778333333334, 54.40231166666667], [18.681784999999998, 54.40230833333333], [18.681783333333332, 54.40231666666667], [18.681776666666668, 54.40231166666667], [18.681784999999998, 54.40230833333333], [18.681776666666668, 54.40230833333333], [18.681769999999997, 54.40231666666667], [18.681776666666668, 54.40231166666667], [18.681775000000002, 54.40231666666667], [18.681781666666666, 54.402305], [18.681778333333334, 54.40231666666667], [18.681784999999998, 54.40231166666667], [18.68179, 54.40230833333333], [18.681791666666665, 54.402305], [18.681786666666667, 54.40230833333333], [18.681778333333334, 54.40231166666667], [18.681786666666667, 54.402305], [18.681784999999998, 54.40231166666667], [18.681781666666666, 54.40231166666667], [18.681784999999998, 54.40231166666667], [18.681783333333332, 54.40230833333333], [18.681776666666668, 54.40231166666667]]}, "properties": {"label": "ZODIAK II", "mmsi": "261059070", "imo": "9851866", "name": "ZODIAK II", "shiptype": "", "first_seen_utc": "2026-01-02T00:15:14Z", "last_seen_utc": "2026-01-11T15:45:38Z", "destination": "GDANSK", "eta": "{'Day': 9, 'Hour': 13, 'Minute': 51, 'Month': 1}", "display": "", "links": "<a href=\"https://www.vesselfinder.com/vessels?name=9851866\" target=\"_blank\" rel=\"noopener\">VesselFinder</a> | <a href=\"https://www.marinetraffic.com/en/ais/search/all?keyword=9851866\" target=\"_blank\" rel=\"noopener\">MarineTraffic</a>", "vf_url": "https://www.vesselfinder.com/vessels?name=9851866", "mst_url": "https://www.marinetraffic.com/en/ais/search/all?keyword=9851866", "method": "v3_2pass_track3d_fromru10d", "ru_seen_in_lookback": true, "in_monitor_on_day": true}}, {"type": "Feature", "geometry": {"type": "Point", "coordinates": [18.681776666666668, 54.40231166666667]}, "properties": {"label": "ZODIAK II", "mmsi": "261059070", "imo": "9851866", "name": "ZODIAK II", "shiptype": "", "first_seen_utc": "2026-01-02T00:15:14Z", "last_seen_utc": "2026-01-11T15:45:38Z", "destination": "GDANSK", "eta": "{'Day': 9, 'Hour': 13, 'Minute': 51, 'Month': 1}", "display": "ZODIAK II (261059070)", "links": "<a href=\"https://www.vesselfinder.com/vessels?name=9851866\" target=\"_blank\" rel=\"noopener\">VesselFinder</a> | <a href=\"https://www.marinetraffic.com/en/ais/search/all?keyword=9851866\" target=\"_blank\" rel=\"noopener\">MarineTraffic</a>", "vf_url": "https://www.vesselfinder.com/vessels?name=9851866", "mst_url": "https://www.marinetraffic.com/en/ais/search/all?keyword=9851866", "method": "v3_2pass_track3d_fromru10d", "ru_seen_in_lookback": true, "in_monitor_on_day": true}}, {"type": "Feature", "geometry": {"type": "LineString", "coordinates": [[18.674506666666666, 54.696173333333334], [18.674519999999998, 54.69616499999999], [18.674533333333333, 54.69614833333333], [18.674523333333333, 54.69617], [18.674516666666666, 54.696176666666666], [18.674503333333334, 54.69618], [18.674513333333334, 54.69617166666667], [18.67454, 54.69618166666667], [18.674523333333333, 54.69616666666666], [18.67451, 54.69618], [18.674515, 54.696178333333336], [18.674513333333334, 54.69616666666666], [18.674516666666666, 54.69614], [18.674521666666667, 54.69616333333333], [18.674511666666668, 54.69618333333334], [18.674515, 54.69619333333333], [18.674488333333333, 54.696155], [18.674491666666665, 54.696145], [18.674466666666667, 54.696135], [18.674488333333333, 54.696108333333335], [18.6748, 54.69625166666666], [18.674795, 54.696265000000004], [18.674791666666668, 54.69627], [18.674789999999998, 54.69626166666667], [18.674811666666667, 54.69627], [18.674793333333334, 54.69626], [18.674811666666667, 54.69626166666667], [18.674813333333336, 54.696275], [18.674791666666668, 54.69627666666667], [18.674785, 54.696263333333334], [18.674791666666668, 54.69625], [18.674778333333332, 54.69626166666667], [18.674821666666666, 54.696245], [18.674809999999997, 54.69625166666666], [18.674813333333336, 54.69625], [18.674809999999997, 54.69626166666667], [18.674818333333334, 54.69629], [18.674823333333332, 54.696305], [18.674795, 54.69629833333333], [18.674818333333334, 54.69629333333333], [18.6748, 54.696305], [18.6748, 54.69628], [18.6748, 54.69626], [18.674783333333334, 54.696265000000004], [18.674788333333332, 54.69627333333334], [18.674803333333333, 54.69627166666667], [18.674833333333332, 54.69627166666667], [18.67484, 54.696275], [18.67479666666667, 54.69627166666667], [18.674811666666667, 54.696283333333334], [18.674809999999997, 54.696288333333335], [18.674809999999997, 54.69627666666667], [18.6748, 54.69627166666667], [18.674821666666666, 54.696268333333336], [18.674798333333335, 54.69625166666666], [18.674786666666666, 54.69625333333333], [18.6748, 54.69627166666667], [18.674791666666668, 54.696283333333334], [18.674793333333334, 54.69629666666666], [18.67479666666667, 54.69631833333334], [18.674798333333335, 54.696283333333334], [18.674791666666668, 54.696284999999996], [18.674801666666667, 54.69625666666666], [18.674781666666668, 54.69624666666667], [18.67479666666667, 54.696241666666666], [18.674805, 54.696239999999996], [18.674836666666668, 54.69626], [18.674828333333334, 54.696263333333334], [18.67483, 54.696268333333336], [18.674825, 54.69627833333333], [18.67483, 54.69629], [18.674818333333334, 54.696284999999996], [18.674811666666667, 54.696288333333335], [18.674821666666666, 54.69627833333333], [18.674813333333336, 54.696263333333334], [18.67480833333333, 54.69624666666667], [18.674811666666667, 54.696263333333334], [18.674793333333334, 54.69627], [18.674805, 54.69627333333334], [18.674806666666665, 54.696275], [18.674789999999998, 54.696295], [18.674791666666668, 54.69629833333333], [18.674801666666667, 54.696284999999996], [18.674795, 54.69625166666666], [18.67483, 54.69626166666667], [18.67480833333333, 54.69624833333333], [18.674801666666667, 54.69625166666666], [18.6748, 54.696243333333335], [18.674826666666668, 54.69624833333333], [18.67482, 54.69625], [18.67481666666667, 54.69627333333334], [18.674811666666667, 54.69627333333334], [18.674803333333333, 54.69627333333334], [18.674811666666667, 54.69627333333334], [18.674795, 54.696263333333334], [18.674828333333334, 54.69626], [18.674811666666667, 54.69624833333333], [18.674795, 54.69625166666666], [18.674773333333334, 54.69626], [18.67479666666667, 54.696263333333334], [18.674778333333332, 54.696283333333334], [18.674773333333334, 54.69628], [18.674770000000002, 54.696286666666666], [18.67478, 54.69627166666667], [18.674809999999997, 54.69627], [18.67479666666667, 54.696266666666666], [18.674805, 54.69625833333334], [18.674821666666666, 54.69626], [18.674815000000002, 54.69625833333334], [18.674834999999998, 54.696268333333336], [18.67484, 54.696295], [18.674834999999998, 54.696283333333334], [18.674836666666668, 54.696288333333335], [18.67483, 54.696286666666666], [18.674843333333335, 54.696283333333334], [18.674828333333334, 54.696275], [18.674809999999997, 54.69626166666667], [18.674826666666668, 54.696268333333336], [18.674805, 54.696268333333336]]}, "properties": {"label": "JAS-57 MAGDALENA", "mmsi": "261004280", "imo": "", "name": "JAS-57 MAGDALENA", "shiptype": "", "first_seen_utc": "2026-01-02T00:15:21Z", "last_seen_utc": "2026-01-11T15:34:57Z", "destination": "JASTARNIA", "eta": "{'Day': 23, 'Hour': 12, 'Minute': 44, 'Month': 9}", "display": "", "links": "<a href=\"https://www.vesselfinder.com/vessels?name=261004280\" target=\"_blank\" rel=\"noopener\">VesselFinder</a> | <a href=\"https://www.marinetraffic.com/en/ais/search/all?keyword=261004280\" target=\"_blank\" rel=\"noopener\">MarineTraffic</a>", "vf_url": "https://www.vesselfinder.com/vessels?name=261004280", "mst_url": "https://www.marinetraffic.com/en/ais/search/all?keyword=261004280", "method": "v3_2pass_track3d_fromru10d", "ru_seen_in_lookback": true, "in_monitor_on_day": true}}, {"type": "Feature", "geometry": {"type": "Point", "coordinates": [18.674805, 54.696268333333336]}, "properties": {"label": "JAS-57 MAGDALENA", "mmsi": "261004280", "imo": "", "name": "JAS-57 MAGDALENA", "shiptype": "", "first_seen_utc": "2026-01-02T00:15:21Z", "last_seen_utc": "2026-01-11T15:34:57Z", "destination": "JASTARNIA", "eta": "{'Day': 23, 'Hour': 12, 'Minute': 44, 'Month': 9}", "display": "JAS-57 MAGDALENA (261004280)", "links": "<a href=\"https://www.vesselfinder.com/vessels?name=261004280\" target=\"_blank\" rel=\"noopener\">VesselFinder</a> | <a href=\"https://www.marinetraffic.com/en/ais/search/all?keyword=261004280\" target=\"_blank\" rel=\"noopener\">MarineTraffic</a>", "vf_url": "https://www.vesselfinder.com/vessels?name=261004280", "mst_url": "https://www.marinetraffic.com/en/ais/search/all?keyword=261004280", "method": "v3_2pass_track3d_fromru10d", "ru_seen_in_lookback": true, "in_monitor_on_day": true}}, {"type": "Feature", "geometry": {"type": "LineString", "coordinates": [[18.529125, 54.53491666666666], [18.52912, 54.534911666666666], [18.52914666666667, 54.53491666666666], [18.529094999999998, 54.53494166666667], [18.529125, 54.534909999999996], [18.529103333333335, 54.53491333333333], [18.529136666666666, 54.534911666666666], [18.529086666666668, 54.53492833333333], [18.529094999999998, 54.53489833333333], [18.52920333333333, 54.534953333333334], [18.52911, 54.534915], [18.529100000000003, 54.534886666666665], [18.529123333333335, 54.534935000000004], [18.529103333333335, 54.53492000000001], [18.529094999999998, 54.53490166666666], [18.52910166666667, 54.53494166666667], [18.529148333333335, 54.5349], [18.529155, 54.53492833333333], [18.529201666666665, 54.534935000000004], [18.52911, 54.534911666666666], [18.529118333333333, 54.534908333333334], [18.52909833333333, 54.53494166666667], [18.529139999999998, 54.53491666666666], [18.529173333333333, 54.534935000000004], [18.52911333333333, 54.53494], [18.529088333333334, 54.5349], [18.529103333333335, 54.534911666666666], [18.52911, 54.534911666666666], [18.529181666666666, 54.53492333333334], [18.52911333333333, 54.53491333333333], [18.529136666666666, 54.53492333333334], [18.529081666666666, 54.534933333333335], [18.529093333333332, 54.53492000000001], [18.529066666666665, 54.53489833333333], [18.52911, 54.534893333333336], [18.529155, 54.53491666666666], [18.529185, 54.534905], [18.529136666666666, 54.53492000000001], [18.52911333333333, 54.534905], [18.529133333333334, 54.53490166666666], [18.529118333333333, 54.534908333333334], [18.529138333333332, 54.534938333333336], [18.52911, 54.534905], [18.529106666666667, 54.53492666666667], [18.529093333333332, 54.53491666666666], [18.529105, 54.53491333333333], [18.529125, 54.534905], [18.529125, 54.53492666666667], [18.529125, 54.534906666666664], [18.529153333333333, 54.53491666666666], [18.529111666666665, 54.53492333333334], [18.52909, 54.534890000000004], [18.529111666666665, 54.534931666666665], [18.529128333333333, 54.534908333333334], [18.529081666666666, 54.534909999999996], [18.529118333333333, 54.53492833333333], [18.529161666666667, 54.53492833333333], [18.529046666666666, 54.534911666666666], [18.529106666666667, 54.534893333333336], [18.529094999999998, 54.534911666666666], [18.529121666666665, 54.534935000000004], [18.52914333333333, 54.53492333333334], [18.529111666666665, 54.53491666666666], [18.529115, 54.534893333333336], [18.529088333333334, 54.534911666666666], [18.529094999999998, 54.534905], [18.529128333333333, 54.534905], [18.529138333333332, 54.53489833333333], [18.529136666666666, 54.534905], [18.529096666666664, 54.534905], [18.52914333333333, 54.53492833333333], [18.529094999999998, 54.53492666666667], [18.529130000000002, 54.53492333333334], [18.529178333333334, 54.53493666666667], [18.529128333333333, 54.53492333333334], [18.529126666666667, 54.53491333333333], [18.529125, 54.53492666666667], [18.52908, 54.534905], [18.529094999999998, 54.534911666666666], [18.529076666666665, 54.53492000000001], [18.529108333333333, 54.534935000000004], [18.529096666666664, 54.534925], [18.52916, 54.53491833333333], [18.52920333333333, 54.534935000000004], [18.529121666666665, 54.5349], [18.529088333333334, 54.534911666666666], [18.52910166666667, 54.534908333333334], [18.52908, 54.534886666666665], [18.529156666666665, 54.534915], [18.529106666666667, 54.53491666666666], [18.52914666666667, 54.534915], [18.52917, 54.534911666666666], [18.529128333333333, 54.53491666666666], [18.529130000000002, 54.534893333333336], [18.529166666666665, 54.53494], [18.52909833333333, 54.534885], [18.529118333333333, 54.53492166666667], [18.529115, 54.53491666666666], [18.529130000000002, 54.53491666666666], [18.52911333333333, 54.534911666666666], [18.529118333333333, 54.534911666666666], [18.52911, 54.534911666666666], [18.52914333333333, 54.534909999999996], [18.529126666666667, 54.53492833333333], [18.52907, 54.53492000000001], [18.529106666666667, 54.534911666666666], [18.52912, 54.53493666666667], [18.529111666666665, 54.53494], [18.529103333333335, 54.53492000000001], [18.529118333333333, 54.53492333333334], [18.52911333333333, 54.53491666666666], [18.529235000000003, 54.53502], [18.52915833333333, 54.534911666666666], [18.529106666666667, 54.53492166666667], [18.529094999999998, 54.53492333333334], [18.52912, 54.53492833333333], [18.52911, 54.53491666666666], [18.529103333333335, 54.53491666666666], [18.529108333333333, 54.53492000000001], [18.529100000000003, 54.53491666666666], [18.52908, 54.53492333333334], [18.529116666666667, 54.53492833333333]]}, "properties": {"label": "ACER ARROW", "mmsi": "565440000", "imo": "9720043", "name": "ACER ARROW", "shiptype": "", "first_seen_utc": "2026-01-02T00:17:45Z", "last_seen_utc": "2026-01-11T15:55:32Z", "destination": "PL GDY", "eta": "{'Day': 2, 'Hour': 20, 'Minute': 30, 'Month': 1}", "display": "", "links": "<a href=\"https://www.vesselfinder.com/vessels?name=9720043\" target=\"_blank\" rel=\"noopener\">VesselFinder</a> | <a href=\"https://www.marinetraffic.com/en/ais/search/all?keyword=9720043\" target=\"_blank\" rel=\"noopener\">MarineTraffic</a>", "vf_url": "https://www.vesselfinder.com/vessels?name=9720043", "mst_url": "https://www.marinetraffic.com/en/ais/search/all?keyword=9720043", "method": "v3_2pass_track3d_fromru10d", "ru_seen_in_lookback": true, "in_monitor_on_day": true}}, {"type": "Feature", "geometry": {"type": "Point", "coordinates": [18.529116666666667, 54.53492833333333]}, "properties": {"label": "ACER ARROW", "mmsi": "565440000", "imo": "9720043", "name": "ACER ARROW", "shiptype": "", "first_seen_utc": "2026-01-02T00:17:45Z", "last_seen_utc": "2026-01-11T15:55:32Z", "destination": "PL GDY", "eta": "{'Day': 2, 'Hour': 20, 'Minute': 30, 'Month': 1}", "display": "ACER ARROW (565440000)", "links": "<a href=\"https://www.vesselfinder.com/vessels?name=9720043\" target=\"_blank\" rel=\"noopener\">VesselFinder</a> | <a href=\"https://www.marinetraffic.com/en/ais/search/all?keyword=9720043\" target=\"_blank\" rel=\"noopener\">MarineTraffic</a>", "vf_url": "https://www.vesselfinder.com/vessels?name=9720043", "mst_url": "https://www.marinetraffic.com/en/ais/search/all?keyword=9720043", "method": "v3_2pass_track3d_fromru10d", "ru_seen_in_lookback": true, "in_monitor_on_day": true}}, {"type": "Feature", "geometry": {"type": "LineString", "coordinates": [[18.504043333333335, 54.54425333333334], [18.504028333333334, 54.544255], [18.504023333333336, 54.544245000000004], [18.50404, 54.54425166666667], [18.504026666666668, 54.544246666666666], [18.504026666666668, 54.544246666666666], [18.504028333333334, 54.544246666666666], [18.504028333333334, 54.544245000000004], [18.504015, 54.544250000000005], [18.504026666666668, 54.54423666666666], [18.50403, 54.54423166666666], [18.504033333333332, 54.544243333333334], [18.504031666666666, 54.54425166666667], [18.504033333333332, 54.54425833333333], [18.50403, 54.544246666666666], [18.504028333333334, 54.544250000000005], [18.50403, 54.54425166666667], [18.504023333333336, 54.54425166666667], [18.504026666666668, 54.544250000000005], [18.50401833333333, 54.54423666666666], [18.504028333333334, 54.54424166666667], [18.504025000000002, 54.54424166666667], [18.50402, 54.544245000000004], [18.50403, 54.54425166666667], [18.504026666666668, 54.54425166666667], [18.504028333333334, 54.54424166666667], [18.504025000000002, 54.54424166666667], [18.50403, 54.544248333333336], [18.503985, 54.544275], [18.576528333333332, 54.535354999999996], [18.694278333333333, 54.52928333333333], [18.86261, 54.56476333333333], [18.957569999999997, 54.668800000000005], [18.964793333333333, 54.776786666666666], [18.77404166666667, 54.881193333333336], [12.280436666666667, 54.59865166666667], [12.216571666666665, 54.50910833333333], [12.07625, 54.44012], [11.850393333333333, 54.44451], [11.635656666666668, 54.46745166666666], [11.439646666666667, 54.523955], [11.24243, 54.5797], [11.061125, 54.59442333333333], [10.889101666666667, 54.63976666666667], [10.776366666666666, 54.714301666666664], [10.835263333333334, 54.817795000000004], [10.886993333333333, 54.934221666666666], [10.99427, 55.02797333333333], [10.990508333333334, 55.13665], [11.101671666666666, 55.213555], [11.039205, 55.333846666666666], [10.860404999999998, 55.532295], [10.792181666666666, 55.63595333333333], [10.809968333333334, 55.744796666666666], [10.85233, 55.84802666666667], [11.121096666666666, 56.054055]]}, "properties": {"label": "MAERSK GIRONDE", "mmsi": "563076300", "imo": "9235555", "name": "MAERSK GIRONDE", "shiptype": "", "first_seen_utc": "2026-01-02T00:18:20Z", "last_seen_utc": "2026-01-11T02:28:22Z", "destination": "SEGOT", "eta": "{'Day': 11, 'Hour': 11, 'Minute': 0, 'Month': 1}", "display": "", "links": "<a href=\"https://www.vesselfinder.com/vessels?name=9235555\" target=\"_blank\" rel=\"noopener\">VesselFinder</a> | <a href=\"https://www.marinetraffic.com/en/ais/search/all?keyword=9235555\" target=\"_blank\" rel=\"noopener\">MarineTraffic</a>", "vf_url": "https://www.vesselfinder.com/vessels?name=9235555", "mst_url": "https://www.marinetraffic.com/en/ais/search/all?keyword=9235555", "method": "v3_2pass_track3d_fromru10d", "ru_seen_in_lookback": true, "in_monitor_on_day": true}}, {"type": "Feature", "geometry": {"type": "Point", "coordinates": [11.121096666666666, 56.054055]}, "properties": {"label": "MAERSK GIRONDE", "mmsi": "563076300", "imo": "9235555", "name": "MAERSK GIRONDE", "shiptype": "", "first_seen_utc": "2026-01-02T00:18:20Z", "last_seen_utc": "2026-01-11T02:28:22Z", "destination": "SEGOT", "eta": "{'Day': 11, 'Hour': 11, 'Minute': 0, 'Month': 1}", "display": "MAERSK GIRONDE (563076300)", "links": "<a href=\"https://www.vesselfinder.com/vessels?name=9235555\" target=\"_blank\" rel=\"noopener\">VesselFinder</a> | <a href=\"https://www.marinetraffic.com/en/ais/search/all?keyword=9235555\" target=\"_blank\" rel=\"noopener\">MarineTraffic</a>", "vf_url": "https://www.vesselfinder.com/vessels?name=9235555", "mst_url": "https://www.marinetraffic.com/en/ais/search/all?keyword=9235555", "method": "v3_2pass_track3d_fromru10d", "ru_seen_in_lookback": true, "in_monitor_on_day": true}}, {"type": "Feature", "geometry": {"type": "LineString", "coordinates": [[18.71878333333333, 54.40591666666667], [18.71875, 54.40593333333334], [18.71875, 54.40591666666667], [18.718799999999998, 54.405899999999995], [18.71878333333333, 54.40593333333334], [18.718816666666665, 54.405899999999995], [18.71875, 54.405899999999995], [18.71871666666667, 54.40598333333333], [18.718799999999998, 54.40591666666667], [18.71875, 54.40593333333334], [18.718766666666667, 54.40586666666666], [18.718799999999998, 54.40593333333334], [18.71875, 54.405883333333335], [18.71875, 54.40595], [18.71878333333333, 54.40593333333334], [18.718781666666665, 54.40589833333333], [18.718823333333333, 54.405878333333334], [18.718768333333333, 54.40590666666667], [18.718773333333335, 54.405944999999996], [18.718768333333333, 54.40591666666667], [18.71881, 54.40590666666667], [18.718733333333333, 54.40586666666666], [18.71871666666667, 54.405883333333335], [18.718790000000002, 54.40584333333334], [18.718799999999998, 54.405833333333334], [18.718703333333334, 54.40589166666667], [18.71866, 54.405885], [18.718771666666665, 54.405885], [18.718835000000002, 54.405895], [18.718825, 54.40594], [18.71882833333333, 54.40589], [18.718799999999998, 54.40589], [18.718795, 54.405878333333334], [18.718799999999998, 54.40588833333334], [18.71882, 54.40589833333333], [18.718793333333334, 54.405878333333334], [18.718821666666667, 54.40586333333333], [18.718844999999998, 54.40591833333334], [18.718808333333335, 54.40587], [18.71880666666667, 54.40587333333334], [18.718805, 54.405865], [18.718773333333335, 54.405903333333335], [18.718785, 54.405878333333334], [18.718833333333336, 54.405895], [18.718815, 54.405901666666665], [18.718815, 54.405895], [18.71869, 54.405948333333335], [18.718798333333332, 54.405895], [18.718848333333334, 54.405881666666666], [18.71881, 54.405885], [18.718826666666665, 54.40588833333334], [18.71886, 54.40588666666667], [18.718826666666665, 54.405883333333335], [18.71887, 54.40592166666667], [18.718855, 54.405928333333335], [18.718818333333335, 54.40589], [18.718815, 54.405878333333334], [18.718815, 54.405878333333334], [18.718848333333334, 54.40591], [18.71878333333333, 54.40585], [18.718766666666667, 54.405899999999995], [18.794833333333333, 54.411116666666665], [18.896616666666667, 54.424033333333334], [18.99615, 54.45958333333333], [19.04866666666667, 54.52043333333334], [19.10165, 54.582033333333335], [19.105700000000002, 54.643566666666665], [19.062866666666665, 54.71051166666667], [19.00642333333333, 54.773376666666664], [18.965305, 54.82802166666667], [18.91721, 54.884078333333335], [18.847885, 54.935651666666665], [15.426166666666667, 55.447959999999995], [15.159588333333334, 55.447285], [14.917591666666668, 55.39046833333334], [14.746251666666666, 55.33877333333333], [14.676828333333333, 55.26918666666666], [14.536046666666666, 55.208623333333335], [14.380136666666667, 55.14591333333333], [12.475353333333334, 54.68308666666667], [12.357583333333334, 54.638823333333335], [12.279458333333334, 54.60091833333333]]}, "properties": {"label": "ARETEA", "mmsi": "241348000", "imo": "9711456", "name": "ARETEA", "shiptype": "", "first_seen_utc": "2026-01-02T00:18:59Z", "last_seen_utc": "2026-01-11T15:34:39Z", "destination": "PL GDN => DK FRC", "eta": "{'Day': 12, 'Hour': 3, 'Minute': 0, 'Month': 1}", "display": "", "links": "<a href=\"https://www.vesselfinder.com/vessels?name=9711456\" target=\"_blank\" rel=\"noopener\">VesselFinder</a> | <a href=\"https://www.marinetraffic.com/en/ais/search/all?keyword=9711456\" target=\"_blank\" rel=\"noopener\">MarineTraffic</a>", "vf_url": "https://www.vesselfinder.com/vessels?name=9711456", "mst_url": "https://www.marinetraffic.com/en/ais/search/all?keyword=9711456", "method": "v3_2pass_track3d_fromru10d", "ru_seen_in_lookback": true, "in_monitor_on_day": true}}, {"type": "Feature", "geometry": {"type": "Point", "coordinates": [12.279458333333334, 54.60091833333333]}, "properties": {"label": "ARETEA", "mmsi": "241348000", "imo": "9711456", "name": "ARETEA", "shiptype": "", "first_seen_utc": "2026-01-02T00:18:59Z", "last_seen_utc": "2026-01-11T15:34:39Z", "destination": "PL GDN => DK FRC", "eta": "{'Day': 12, 'Hour': 3, 'Minute': 0, 'Month': 1}", "display": "ARETEA (241348000)", "links": "<a href=\"https://www.vesselfinder.com/vessels?name=9711456\" target=\"_blank\" rel=\"noopener\">VesselFinder</a> | <a href=\"https://www.marinetraffic.com/en/ais/search/all?keyword=9711456\" target=\"_blank\" rel=\"noopener\">MarineTraffic</a>", "vf_url": "https://www.vesselfinder.com/vessels?name=9711456", "mst_url": "https://www.marinetraffic.com/en/ais/search/all?keyword=9711456", "method": "v3_2pass_track3d_fromru10d", "ru_seen_in_lookback": true, "in_monitor_on_day": true}}, {"type": "Feature", "geometry": {"type": "LineString", "coordinates": [[-1.0572816666666667, 55.87455333333333], [-1.22258, 55.905499999999996], [-1.38685, 55.937286666666665], [-1.5514683333333332, 55.969206666666665], [-1.7169283333333332, 56.000593333333335], [-1.8859983333333332, 56.030120000000004], [-2.0557566666666665, 56.060680000000005], [-2.6101900000000002, 56.149233333333335], [-2.7810149999999996, 56.13672666666666], [-2.9519083333333334, 56.10944666666667], [-3.072146666666667, 56.08208], [-3.0944483333333332, 56.07895333333333], [-3.0947016666666665, 56.07912666666667], [-3.0952616666666666, 56.07917333333333], [-3.0955716666666664, 56.07942666666667], [-3.0955749999999997, 56.0794], [-3.09552, 56.07932666666667], [-3.0953950000000003, 56.079359999999994], [-3.095566666666667, 56.079413333333335], [-3.0956716666666666, 56.07951333333333], [-3.095336666666667, 56.07932], [-3.095365, 56.07932666666667], [-3.095343333333333, 56.079359999999994], [-3.0953516666666667, 56.07927333333334], [-3.095273333333333, 56.07926666666666], [-3.0942916666666664, 56.07894666666667], [-3.09286, 56.07948666666667], [-3.0926433333333336, 56.08081333333334], [-3.0919683333333334, 56.08032], [-3.0922616666666665, 56.08049333333334], [-3.0929016666666667, 56.080580000000005], [-3.094845, 56.08064], [-3.09529, 56.08022666666667], [-3.095135, 56.080133333333336], [-3.0953216666666665, 56.079613333333334], [-3.095298333333333, 56.07968], [-3.0954849999999996, 56.08001333333333], [-3.0953933333333334, 56.07965333333333], [-3.095415, 56.079640000000005], [-3.0953516666666667, 56.079539999999994], [-3.0954416666666664, 56.079640000000005], [-3.095466666666667, 56.07966], [-3.0953333333333335, 56.07960666666667], [-3.0954699999999997, 56.07978666666667], [-3.095545, 56.07980666666666], [-3.0954716666666666, 56.08002666666666], [-3.09522, 56.08040666666667], [-3.0949716666666665, 56.080693333333336], [-3.094596666666667, 56.08090666666667], [-3.09372, 56.08105333333333], [-3.09305, 56.08092666666666], [-3.0928633333333333, 56.08092666666666], [-3.0925283333333335, 56.08081333333334], [-3.092595, 56.080940000000005], [-3.093058333333333, 56.081019999999995], [-3.0930933333333335, 56.08098666666667], [-3.0941816666666666, 56.08105333333333], [-3.0944133333333337, 56.08098666666667], [-3.0942966666666667, 56.08101333333333], [-3.094911666666667, 56.08064666666667], [-3.0947566666666666, 56.080839999999995], [-3.095045, 56.08071333333333], [-3.095003333333333, 56.08071333333333], [-3.094936666666667, 56.08076666666667], [-3.0950783333333334, 56.08067333333334], [-3.095051666666667, 56.080706666666664], [-3.0948800000000003, 56.080799999999996], [-3.094918333333333, 56.08078], [-3.0944316666666665, 56.081], [-3.094778333333333, 56.0809], [-3.0941833333333335, 56.08104], [-3.0938466666666664, 56.08106], [-3.0934316666666666, 56.081046666666666], [-3.092635, 56.08085333333334], [-3.0924383333333334, 56.08081333333334], [-3.0924850000000004, 56.08083333333333], [-3.09254, 56.08081333333334], [-3.093573333333333, 56.081093333333335], [-3.094126666666667, 56.081046666666666], [-3.0945483333333335, 56.08096], [-3.0941716666666665, 56.08108], [-3.0944066666666665, 56.08101333333333], [-3.0943766666666668, 56.081046666666666], [-3.094425, 56.08105333333333], [-3.094533333333333, 56.08105333333333], [-3.094803333333333, 56.08094666666667], [-3.0948849999999997, 56.080913333333335], [-3.0949166666666668, 56.0809], [-3.094891666666667, 56.080913333333335], [-3.094955, 56.080886666666665], [-3.09484, 56.08087333333334], [-3.0943316666666667, 56.08111333333333], [-3.09408, 56.08118666666667], [-3.094133333333333, 56.08115333333333], [-3.09398, 56.08116], [-3.09337, 56.08118666666667], [-3.093393333333333, 56.08119333333333], [-3.0927316666666664, 56.08104], [-3.09286, 56.08108666666667], [-3.093566666666667, 56.08119333333333], [-3.094641666666667, 56.08098], [-3.0946700000000003, 56.08097333333333], [-3.0950783333333334, 56.08074666666666], [-3.095273333333333, 56.08056], [-3.095403333333333, 56.08035333333333], [-3.09541, 56.08035333333333], [-3.0952183333333334, 56.08061333333333], [-3.09543, 56.08002666666666]]}, "properties": {"label": "KEY SOUTH", "mmsi": "248221000", "imo": "9479802", "name": "KEY SOUTH", "shiptype": "", "first_seen_utc": "2026-01-02T00:19:42Z", "last_seen_utc": "2026-01-11T15:59:41Z", "destination": "GBGRG", "eta": "{'Day': 9, 'Hour': 12, 'Minute': 0, 'Month': 1}", "display": "", "links": "<a href=\"https://www.vesselfinder.com/vessels?name=9479802\" target=\"_blank\" rel=\"noopener\">VesselFinder</a> | <a href=\"https://www.marinetraffic.com/en/ais/search/all?keyword=9479802\" target=\"_blank\" rel=\"noopener\">MarineTraffic</a>", "vf_url": "https://www.vesselfinder.com/vessels?name=9479802", "mst_url": "https://www.marinetraffic.com/en/ais/search/all?keyword=9479802", "method": "v3_2pass_track3d_fromru10d", "ru_seen_in_lookback": true, "in_monitor_on_day": true}}, {"type": "Feature", "geometry": {"type": "Point", "coordinates": [-3.09543, 56.08002666666666]}, "properties": {"label": "KEY SOUTH", "mmsi": "248221000", "imo": "9479802", "name": "KEY SOUTH", "shiptype": "", "first_seen_utc": "2026-01-02T00:19:42Z", "last_seen_utc": "2026-01-11T15:59:41Z", "destination": "GBGRG", "eta": "{'Day': 9, 'Hour': 12, 'Minute': 0, 'Month': 1}", "display": "KEY SOUTH (248221000)", "links": "<a href=\"https://www.vesselfinder.com/vessels?name=9479802\" target=\"_blank\" rel=\"noopener\">VesselFinder</a> | <a href=\"https://www.marinetraffic.com/en/ais/search/all?keyword=9479802\" target=\"_blank\" rel=\"noopener\">MarineTraffic</a>", "vf_url": "https://www.vesselfinder.com/vessels?name=9479802", "mst_url": "https://www.marinetraffic.com/en/ais/search/all?keyword=9479802", "method": "v3_2pass_track3d_fromru10d", "ru_seen_in_lookback": true, "in_monitor_on_day": true}}, {"type": "Feature", "geometry": {"type": "LineString", "coordinates": [[-1.4482116666666667, 54.99124333333334], [-1.3108333333333335, 54.986125], [-1.1038616666666667, 54.90012333333333], [-0.93716, 54.804205], [-0.81091, 54.71405333333333], [-0.6804566666666666, 54.62995333333333], [-0.5429383333333334, 54.54602833333333], [-0.4092366666666667, 54.462196666666664], [-0.040510000000000004, 54.23045166666667], [0.08685166666666667, 54.14931833333333], [0.21893166666666666, 54.072093333333335], [0.34824, 53.99256666666667], [1.329235, 53.175311666666666], [1.4142783333333333, 53.076545], [1.5134783333333333, 52.98217833333333], [1.64831, 52.89866833333333], [1.7985383333333333, 52.82507333333333], [3.872786666666667, 52.44271333333334], [4.016136666666666, 52.46299333333333], [4.1552299999999995, 52.48126166666667], [4.294106666666667, 52.475521666666666], [4.430536666666667, 52.47379333333333], [4.551961666666667, 52.46494], [4.6099033333333335, 52.466635], [4.612476666666667, 52.46655], [4.663461666666667, 52.460635], [4.758376666666666, 52.42865333333334], [4.816426666666667, 52.407555], [4.81632, 52.4074], [4.816301666666666, 52.40741666666667], [4.816326666666667, 52.407435], [4.816328333333333, 52.40741166666667], [4.8163116666666665, 52.407415], [4.816313333333333, 52.40744666666667], [4.816351666666667, 52.40741166666667], [4.816336666666667, 52.40742], [4.816323333333333, 52.40741166666667], [4.816325, 52.40740666666667], [4.816318333333333, 52.407408333333336], [4.816336666666667, 52.40741], [4.816333333333334, 52.40741]]}, "properties": {"label": "CITY OF ROTTERDAM", "mmsi": "372002000", "imo": "9473468", "name": "CITY OF ROTTERDAM", "shiptype": "", "first_seen_utc": "2026-01-02T00:20:20Z", "last_seen_utc": "2026-01-11T16:03:56Z", "destination": "NL AMS", "eta": "{'Day': 11, 'Hour': 6, 'Minute': 0, 'Month': 1}", "display": "", "links": "<a href=\"https://www.vesselfinder.com/vessels?name=9473468\" target=\"_blank\" rel=\"noopener\">VesselFinder</a> | <a href=\"https://www.marinetraffic.com/en/ais/search/all?keyword=9473468\" target=\"_blank\" rel=\"noopener\">MarineTraffic</a>", "vf_url": "https://www.vesselfinder.com/vessels?name=9473468", "mst_url": "https://www.marinetraffic.com/en/ais/search/all?keyword=9473468", "method": "v3_2pass_track3d_fromru10d", "ru_seen_in_lookback": true, "in_monitor_on_day": true}}, {"type": "Feature", "geometry": {"type": "Point", "coordinates": [4.816333333333334, 52.40741]}, "properties": {"label": "CITY OF ROTTERDAM", "mmsi": "372002000", "imo": "9473468", "name": "CITY OF ROTTERDAM", "shiptype": "", "first_seen_utc": "2026-01-02T00:20:20Z", "last_seen_utc": "2026-01-11T16:03:56Z", "destination": "NL AMS", "eta": "{'Day': 11, 'Hour': 6, 'Minute': 0, 'Month': 1}", "display": "CITY OF ROTTERDAM (372002000)", "links": "<a href=\"https://www.vesselfinder.com/vessels?name=9473468\" target=\"_blank\" rel=\"noopener\">VesselFinder</a> | <a href=\"https://www.marinetraffic.com/en/ais/search/all?keyword=9473468\" target=\"_blank\" rel=\"noopener\">MarineTraffic</a>", "vf_url": "https://www.vesselfinder.com/vessels?name=9473468", "mst_url": "https://www.marinetraffic.com/en/ais/search/all?keyword=9473468", "method": "v3_2pass_track3d_fromru10d", "ru_seen_in_lookback": true, "in_monitor_on_day": true}}, {"type": "Feature", "geometry": {"type": "LineString", "coordinates": [[18.550618333333333, 54.520448333333334], [18.550615, 54.520446666666665], [18.550613333333335, 54.520445], [18.550616666666667, 54.52044], [18.55061166666667, 54.52044333333333], [18.550608333333333, 54.520448333333334], [18.55061166666667, 54.52045], [18.55061166666667, 54.520451666666666], [18.550615, 54.52044333333333], [18.55062, 54.520445], [18.550621666666665, 54.52044166666667], [18.55062, 54.52044166666667], [18.550615, 54.520446666666665], [18.550615, 54.520445], [18.55062, 54.52045], [18.550616666666667, 54.52043833333333], [18.550615, 54.52044166666667], [18.550613333333335, 54.52044166666667], [18.550615, 54.52044166666667], [18.55061166666667, 54.52044], [18.550613333333335, 54.52044166666667], [18.550615, 54.52043833333333], [18.550615, 54.52044], [18.550615, 54.520446666666665], [18.550615, 54.52044], [18.550621666666665, 54.52044], [18.550613333333335, 54.52043833333333], [18.55061, 54.52043833333333], [18.550613333333335, 54.52044333333333], [18.55061166666667, 54.520445], [18.550615, 54.520445], [18.550615, 54.52044166666667], [18.55062, 54.52044166666667], [18.55062, 54.520445], [18.550616666666667, 54.52044333333333], [18.550618333333333, 54.520448333333334], [18.550616666666667, 54.520446666666665], [18.55062, 54.52043833333333], [18.550618333333333, 54.52044333333333], [18.55061166666667, 54.52044], [18.550615, 54.520446666666665], [18.550615, 54.520448333333334], [18.550613333333335, 54.52044333333333], [18.550616666666667, 54.520445], [18.550615, 54.520446666666665], [18.55061166666667, 54.520448333333334], [18.550616666666667, 54.520448333333334], [18.550613333333335, 54.520446666666665], [18.550615, 54.52043833333333], [18.550616666666667, 54.52044333333333], [18.550605, 54.520445], [18.550606666666667, 54.520445], [18.55061166666667, 54.520446666666665], [18.55061166666667, 54.52043833333333], [18.550616666666667, 54.52044], [18.550615, 54.52044166666667], [18.550621666666665, 54.520445], [18.550615, 54.52044333333333], [18.55061, 54.52044333333333], [18.55061166666667, 54.520446666666665], [18.550618333333333, 54.52044333333333], [18.550615, 54.520445], [18.55061, 54.520445], [18.55061, 54.520445], [18.550603333333335, 54.520448333333334], [18.55061166666667, 54.520445], [18.550608333333333, 54.52044166666667], [18.55061166666667, 54.520445], [18.550615, 54.520445], [18.550615, 54.52044166666667], [18.550621666666665, 54.520446666666665], [18.55061166666667, 54.52044166666667], [18.550613333333335, 54.52044], [18.550608333333333, 54.520445], [18.550613333333335, 54.52044333333333], [18.550615, 54.52044333333333], [18.550618333333333, 54.52044166666667], [18.550618333333333, 54.520446666666665], [18.550613333333335, 54.520445], [18.550615, 54.520446666666665], [18.550618333333333, 54.520446666666665], [18.550618333333333, 54.520445], [18.55062, 54.520446666666665], [18.55062, 54.52044333333333], [18.550615, 54.52044166666667], [18.550615, 54.52044333333333], [18.550616666666667, 54.52044166666667], [18.550603333333335, 54.520435], [18.550615, 54.52043666666667], [18.550618333333333, 54.520446666666665], [18.55062333333333, 54.52043833333333], [18.550615, 54.52043666666667], [18.550618333333333, 54.52043833333333], [18.550616666666667, 54.520435], [18.550615, 54.52044166666667], [18.550608333333333, 54.520446666666665], [18.55061166666667, 54.520448333333334], [18.550613333333335, 54.520445], [18.550615, 54.52043833333333], [18.550618333333333, 54.52044], [18.550618333333333, 54.52044333333333], [18.550615, 54.52044333333333], [18.550613333333335, 54.52044333333333], [18.550613333333335, 54.520445], [18.550615, 54.520445], [18.550613333333335, 54.52044166666667], [18.55061166666667, 54.520446666666665], [18.55061, 54.52044333333333], [18.550606666666667, 54.520446666666665], [18.550608333333333, 54.520446666666665], [18.550613333333335, 54.52044333333333], [18.55061166666667, 54.52043666666667], [18.55061166666667, 54.52044], [18.550616666666667, 54.52044166666667], [18.550615, 54.52043833333333], [18.55062, 54.520445], [18.550613333333335, 54.520435], [18.55061166666667, 54.52044], [18.550613333333335, 54.52044], [18.55062, 54.52044166666667], [18.550616666666667, 54.52043666666667]]}, "properties": {"label": "KONSTELACJA", "mmsi": "261092010", "imo": "", "name": "KONSTELACJA", "shiptype": "", "first_seen_utc": "2026-01-02T00:20:22Z", "last_seen_utc": "2026-01-11T16:03:58Z", "destination": "GDYNIA", "eta": "{'Day': 1, 'Hour': 16, 'Minute': 15, 'Month': 8}", "display": "", "links": "<a href=\"https://www.vesselfinder.com/vessels?name=261092010\" target=\"_blank\" rel=\"noopener\">VesselFinder</a> | <a href=\"https://www.marinetraffic.com/en/ais/search/all?keyword=261092010\" target=\"_blank\" rel=\"noopener\">MarineTraffic</a>", "vf_url": "https://www.vesselfinder.com/vessels?name=261092010", "mst_url": "https://www.marinetraffic.com/en/ais/search/all?keyword=261092010", "method": "v3_2pass_track3d_fromru10d", "ru_seen_in_lookback": true, "in_monitor_on_day": true}}, {"type": "Feature", "geometry": {"type": "Point", "coordinates": [18.550616666666667, 54.52043666666667]}, "properties": {"label": "KONSTELACJA", "mmsi": "261092010", "imo": "", "name": "KONSTELACJA", "shiptype": "", "first_seen_utc": "2026-01-02T00:20:22Z", "last_seen_utc": "2026-01-11T16:03:58Z", "destination": "GDYNIA", "eta": "{'Day': 1, 'Hour': 16, 'Minute': 15, 'Month': 8}", "display": "KONSTELACJA (261092010)", "links": "<a href=\"https://www.vesselfinder.com/vessels?name=261092010\" target=\"_blank\" rel=\"noopener\">VesselFinder</a> | <a href=\"https://www.marinetraffic.com/en/ais/search/all?keyword=261092010\" target=\"_blank\" rel=\"noopener\">MarineTraffic</a>", "vf_url": "https://www.vesselfinder.com/vessels?name=261092010", "mst_url": "https://www.marinetraffic.com/en/ais/search/all?keyword=261092010", "method": "v3_2pass_track3d_fromru10d", "ru_seen_in_lookback": true, "in_monitor_on_day": true}}, {"type": "Feature", "geometry": {"type": "LineString", "coordinates": [[7.751826666666667, 53.85629333333333], [7.697091666666666, 53.86257], [7.687473333333333, 53.8666], [7.678706666666667, 53.87781333333333], [7.759605, 53.875843333333336], [7.782443333333333, 53.883201666666665], [7.675413333333334, 53.87024666666667], [7.641225, 53.877806666666665], [7.602908333333334, 53.88921666666667], [7.656528333333333, 53.863235], [7.669786666666667, 53.84806666666667], [7.622686666666667, 53.85177833333333], [7.573083333333333, 53.857605], [7.521791666666667, 53.86425], [7.4737833333333334, 53.8625], [7.594133333333334, 53.86251], [7.680698333333334, 53.854033333333334], [7.6442499999999995, 53.85502666666666], [7.601471666666667, 53.86162], [7.559965, 53.868473333333334], [7.523138333333334, 53.873855000000006], [7.576388333333333, 53.86400666666667], [7.695681666666667, 53.84841166666667], [7.638086666666666, 53.83950333333333], [7.607213333333333, 53.837125], [7.576040000000001, 53.831045], [7.543525, 53.825919999999996], [7.508501666666667, 53.821239999999996], [7.473906666666666, 53.81453333333333], [7.439413333333333, 53.811218333333336], [7.501388333333334, 53.84090166666667], [7.643246666666667, 53.86741333333334], [7.607383333333333, 53.86222166666666], [7.551640000000001, 53.86402333333333], [7.532956666666666, 53.85160333333333], [7.650496666666667, 53.85122833333333], [7.642126666666667, 53.846995], [7.585588333333333, 53.84790666666667], [7.529621666666667, 53.849203333333335], [7.473561666666667, 53.851350000000004], [7.418536666666666, 53.85311], [7.3649233333333335, 53.85182], [7.316163333333334, 53.848036666666665], [7.2720199999999995, 53.84524666666667], [7.312141666666666, 53.83817666666666], [7.457415, 53.84112833333334], [7.584945, 53.84700833333333], [7.6421866666666665, 53.855941666666666], [7.678296666666666, 53.86009333333333], [7.653843333333333, 53.85478166666667], [7.62566, 53.848843333333335], [7.59572, 53.84208666666667], [7.562871666666666, 53.83591166666667], [7.5280716666666665, 53.82812166666667], [7.488036666666667, 53.82246833333333], [7.453286666666667, 53.82579666666666], [7.51825, 53.836125], [7.579714999999999, 53.845681666666664], [7.639568333333333, 53.85620666666667], [7.615466666666666, 53.85775], [7.567966666666666, 53.85176666666667], [7.520086666666667, 53.84865166666667], [7.472738333333334, 53.846520000000005], [7.428976666666667, 53.84294833333333], [7.37425, 53.839235], [7.3380133333333335, 53.8371], [7.272374999999999, 53.83324666666667], [7.25477, 53.82961833333333], [7.240880000000001, 53.827618333333334], [7.2317149999999994, 53.82661333333333], [7.225156666666667, 53.82558166666667], [7.21981, 53.82424], [7.215581666666667, 53.82319333333333], [7.21167, 53.821976666666664], [7.203041666666667, 53.82042666666667], [7.330265, 53.83148833333333], [7.5537, 53.852828333333335], [7.658973333333334, 53.865543333333335], [7.645131666666667, 53.86921333333333], [7.625978333333333, 53.867275], [7.604815, 53.86340166666666], [7.580378333333333, 53.85969333333333], [7.554726666666666, 53.856678333333335], [7.527853333333334, 53.853316666666665], [7.500941666666667, 53.850273333333334], [7.4752, 53.84760833333333], [7.451383333333334, 53.844723333333334], [7.430258333333333, 53.841739999999994], [7.410749999999999, 53.839875], [7.393858333333333, 53.837775], [7.382573333333334, 53.836215], [7.378656666666667, 53.835501666666666], [7.38039, 53.837149999999994], [7.389538333333333, 53.84232], [7.401741666666666, 53.843174999999995], [7.4146350000000005, 53.84375], [7.428106666666666, 53.84484666666666], [7.4398833333333325, 53.845145], [7.449776666666667, 53.844516666666664], [7.456816666666667, 53.84455], [7.460955, 53.84498166666666], [7.462003333333333, 53.84610166666666], [7.459303333333334, 53.847049999999996], [7.453516666666667, 53.849015], [7.443501666666666, 53.85241499999999], [7.428358333333334, 53.856895], [7.41557, 53.86255666666667], [7.536818333333333, 53.85827], [7.626011666666667, 53.85196833333334], [7.620915, 53.84831833333333], [7.608936666666667, 53.85004166666667], [7.593646666666667, 53.85380833333333], [7.577105, 53.856653333333334], [7.563876666666667, 53.86059], [7.55602, 53.86474833333333], [7.551641666666667, 53.852428333333336], [7.53299, 53.833333333333336], [7.535541666666666, 53.835164999999996], [7.546218333333333, 53.84110666666666], [7.562871666666666, 53.84825166666667], [7.583176666666666, 53.855884999999994], [7.602408333333333, 53.863258333333334], [7.618811666666667, 53.87156166666667], [7.6285783333333335, 53.880601666666664]]}, "properties": {"label": "API BHUM", "mmsi": "563167500", "imo": "9292149", "name": "API BHUM", "shiptype": "", "first_seen_utc": "2026-01-02T00:21:27Z", "last_seen_utc": "2026-01-11T15:49:41Z", "destination": "DEWVN", "eta": "{'Day': 11, 'Hour': 20, 'Minute': 0, 'Month': 1}", "display": "", "links": "<a href=\"https://www.vesselfinder.com/vessels?name=9292149\" target=\"_blank\" rel=\"noopener\">VesselFinder</a> | <a href=\"https://www.marinetraffic.com/en/ais/search/all?keyword=9292149\" target=\"_blank\" rel=\"noopener\">MarineTraffic</a>", "vf_url": "https://www.vesselfinder.com/vessels?name=9292149", "mst_url": "https://www.marinetraffic.com/en/ais/search/all?keyword=9292149", "method": "v3_2pass_track3d_fromru10d", "ru_seen_in_lookback": true, "in_monitor_on_day": true}}, {"type": "Feature", "geometry": {"type": "Point", "coordinates": [7.6285783333333335, 53.880601666666664]}, "properties": {"label": "API BHUM", "mmsi": "563167500", "imo": "9292149", "name": "API BHUM", "shiptype": "", "first_seen_utc": "2026-01-02T00:21:27Z", "last_seen_utc": "2026-01-11T15:49:41Z", "destination": "DEWVN", "eta": "{'Day': 11, 'Hour': 20, 'Minute': 0, 'Month': 1}", "display": "API BHUM (563167500)", "links": "<a href=\"https://www.vesselfinder.com/vessels?name=9292149\" target=\"_blank\" rel=\"noopener\">VesselFinder</a> | <a href=\"https://www.marinetraffic.com/en/ais/search/all?keyword=9292149\" target=\"_blank\" rel=\"noopener\">MarineTraffic</a>", "vf_url": "https://www.vesselfinder.com/vessels?name=9292149", "mst_url": "https://www.marinetraffic.com/en/ais/search/all?keyword=9292149", "method": "v3_2pass_track3d_fromru10d", "ru_seen_in_lookback": true, "in_monitor_on_day": true}}, {"type": "Feature", "geometry": {"type": "LineString", "coordinates": [[14.901241666666666, 55.430895], [14.712576666666667, 55.44523], [13.205113333333333, 55.23336], [13.036840000000002, 55.236293333333336], [12.871018333333334, 55.26728833333333], [12.707763333333332, 55.30327166666667], [12.685438333333334, 55.376535], [12.707866666666666, 55.47098666666667], [12.782673333333333, 55.5455], [12.915384999999999, 55.63101666666667], [12.871255, 55.71966166666667], [12.781828333333333, 55.804341666666666], [12.740820000000001, 55.89209166666667], [12.70183, 55.97770333333334], [12.641173333333334, 56.06715333333333], [12.515791666666667, 56.13803666666667], [10.497095, 57.85264333333334], [10.28328, 57.852758333333334], [10.072113333333334, 57.85173833333333], [9.86129, 57.84850166666667], [9.646295, 57.85534666666667], [9.440651666666668, 57.86071666666667], [9.230255, 57.84509833333333], [9.017235, 57.82953833333333], [8.799328333333333, 57.826728333333335], [8.596824999999999, 57.82647333333333], [8.399849999999999, 57.81577333333333], [8.203773333333334, 57.806736666666666], [8.017536666666667, 57.80094833333333]]}, "properties": {"label": "DRINA S", "mmsi": "373240000", "imo": "9635743", "name": "DRINA S", "shiptype": "", "first_seen_utc": "2026-01-02T00:21:29Z", "last_seen_utc": "2026-01-11T15:35:16Z", "destination": "RUMMK", "eta": "{'Day': 16, 'Hour': 3, 'Minute': 0, 'Month': 1}", "display": "", "links": "<a href=\"https://www.vesselfinder.com/vessels?name=9635743\" target=\"_blank\" rel=\"noopener\">VesselFinder</a> | <a href=\"https://www.marinetraffic.com/en/ais/search/all?keyword=9635743\" target=\"_blank\" rel=\"noopener\">MarineTraffic</a>", "vf_url": "https://www.vesselfinder.com/vessels?name=9635743", "mst_url": "https://www.marinetraffic.com/en/ais/search/all?keyword=9635743", "method": "v3_2pass_track3d_fromru10d", "ru_seen_in_lookback": true, "in_monitor_on_day": true}}, {"type": "Feature", "geometry": {"type": "Point", "coordinates": [8.017536666666667, 57.80094833333333]}, "properties": {"label": "DRINA S", "mmsi": "373240000", "imo": "9635743", "name": "DRINA S", "shiptype": "", "first_seen_utc": "2026-01-02T00:21:29Z", "last_seen_utc": "2026-01-11T15:35:16Z", "destination": "RUMMK", "eta": "{'Day': 16, 'Hour': 3, 'Minute': 0, 'Month': 1}", "display": "DRINA S (373240000)", "links": "<a href=\"https://www.vesselfinder.com/vessels?name=9635743\" target=\"_blank\" rel=\"noopener\">VesselFinder</a> | <a href=\"https://www.marinetraffic.com/en/ais/search/all?keyword=9635743\" target=\"_blank\" rel=\"noopener\">MarineTraffic</a>", "vf_url": "https://www.vesselfinder.com/vessels?name=9635743", "mst_url": "https://www.marinetraffic.com/en/ais/search/all?keyword=9635743", "method": "v3_2pass_track3d_fromru10d", "ru_seen_in_lookback": true, "in_monitor_on_day": true}}, {"type": "Feature", "geometry": {"type": "LineString", "coordinates": [[19.064380000000003, 54.838726666666666], [19.0104, 54.758556666666664], [18.950713333333333, 54.67945666666667], [18.892813333333333, 54.60258666666667], [18.799155, 54.537655], [18.7009, 54.47268833333333], [18.656948333333332, 54.416025], [18.668406666666666, 54.39004333333333], [18.668408333333332, 54.390049999999995], [18.668398333333336, 54.39003833333334], [18.668378333333333, 54.39002], [18.668416666666666, 54.39003833333334], [18.668421666666667, 54.390033333333335], [18.668416666666666, 54.39003666666667], [18.66842666666667, 54.39004], [18.66839333333333, 54.39004666666666], [18.66841833333333, 54.390049999999995], [18.668445000000002, 54.390045], [18.668421666666667, 54.39004333333333], [18.668401666666668, 54.39004166666667], [18.668409999999998, 54.39004833333333], [18.668423333333333, 54.39003666666667], [18.66843833333333, 54.39004833333333], [18.66842, 54.39004666666666], [18.668423333333333, 54.39004333333333], [18.66841833333333, 54.390056666666666], [18.668421666666667, 54.39003666666667], [18.66841833333333, 54.39003666666667], [18.66842666666667, 54.390049999999995], [18.66839, 54.39004833333333], [18.668435, 54.39006], [18.668413333333334, 54.39004833333333], [18.668413333333334, 54.390051666666665], [18.668401666666668, 54.390045], [18.66841833333333, 54.390045], [18.668435, 54.39004833333333], [18.668413333333334, 54.390049999999995], [18.668421666666667, 54.39004666666666], [18.668439999999997, 54.39006], [18.668406666666666, 54.390045], [18.668403333333334, 54.39003], [18.668411666666668, 54.39004333333333], [18.668413333333334, 54.39005833333333], [18.668401666666668, 54.39004833333333], [18.66843833333333, 54.39002166666667], [18.668411666666668, 54.39004166666667], [18.668416666666666, 54.390049999999995], [18.66842, 54.39003833333334], [18.668403333333334, 54.39001833333334], [18.668423333333333, 54.39004166666667], [18.668405, 54.390031666666665], [18.668405, 54.39003833333334], [18.668431666666667, 54.39004666666666], [18.668428333333335, 54.390049999999995], [18.668400000000002, 54.39004833333333], [18.668435, 54.39004333333333], [18.66842666666667, 54.39004833333333], [18.668439999999997, 54.39003], [18.66839333333333, 54.39006333333334], [18.66841833333333, 54.39004166666667], [18.668391666666665, 54.39006166666666], [18.668413333333334, 54.39004833333333], [18.66846, 54.39003], [18.668431666666667, 54.39004666666666], [18.66842, 54.39003666666667], [18.668416666666666, 54.39002666666667], [18.66842, 54.390033333333335], [18.668456666666668, 54.39006166666666], [18.668421666666667, 54.39004166666667], [18.66841833333333, 54.39003833333334], [18.668413333333334, 54.390049999999995], [18.668413333333334, 54.390045], [18.668428333333335, 54.39002833333333], [18.66842, 54.39004166666667], [18.668423333333333, 54.390045], [18.668413333333334, 54.39004333333333], [18.66843833333333, 54.39003666666667], [18.668398333333336, 54.39004833333333], [18.668411666666668, 54.390053333333334], [18.668416666666666, 54.39004666666666], [18.668423333333333, 54.39004333333333], [18.66839666666667, 54.39004333333333], [18.668406666666666, 54.390056666666666], [18.668406666666666, 54.39004], [18.668421666666667, 54.39004333333333], [18.66842, 54.39003833333334], [18.676195, 54.395610000000005], [18.671221666666668, 54.442515], [18.764386666666667, 54.501045], [18.856569999999998, 54.560629999999996], [18.921403333333334, 54.61103], [18.964716666666668, 54.65813833333333], [19.012723333333334, 54.703026666666666], [19.055143333333334, 54.73905666666667], [19.092985, 54.778038333333335], [19.138571666666667, 54.818038333333334]]}, "properties": {"label": "KAMILLA", "mmsi": "305108000", "imo": "9427081", "name": "KAMILLA", "shiptype": "", "first_seen_utc": "2026-01-02T00:21:40Z", "last_seen_utc": "2026-01-11T13:53:02Z", "destination": "RUVYG", "eta": "{'Day': 13, 'Hour': 14, 'Minute': 0, 'Month': 12}", "display": "", "links": "<a href=\"https://www.vesselfinder.com/vessels?name=9427081\" target=\"_blank\" rel=\"noopener\">VesselFinder</a> | <a href=\"https://www.marinetraffic.com/en/ais/search/all?keyword=9427081\" target=\"_blank\" rel=\"noopener\">MarineTraffic</a>", "vf_url": "https://www.vesselfinder.com/vessels?name=9427081", "mst_url": "https://www.marinetraffic.com/en/ais/search/all?keyword=9427081", "method": "v3_2pass_track3d_fromru10d", "ru_seen_in_lookback": true, "in_monitor_on_day": true}}, {"type": "Feature", "geometry": {"type": "Point", "coordinates": [19.138571666666667, 54.818038333333334]}, "properties": {"label": "KAMILLA", "mmsi": "305108000", "imo": "9427081", "name": "KAMILLA", "shiptype": "", "first_seen_utc": "2026-01-02T00:21:40Z", "last_seen_utc": "2026-01-11T13:53:02Z", "destination": "RUVYG", "eta": "{'Day': 13, 'Hour': 14, 'Minute': 0, 'Month': 12}", "display": "KAMILLA (305108000)", "links": "<a href=\"https://www.vesselfinder.com/vessels?name=9427081\" target=\"_blank\" rel=\"noopener\">VesselFinder</a> | <a href=\"https://www.marinetraffic.com/en/ais/search/all?keyword=9427081\" target=\"_blank\" rel=\"noopener\">MarineTraffic</a>", "vf_url": "https://www.vesselfinder.com/vessels?name=9427081", "mst_url": "https://www.marinetraffic.com/en/ais/search/all?keyword=9427081", "method": "v3_2pass_track3d_fromru10d", "ru_seen_in_lookback": true, "in_monitor_on_day": true}}, {"type": "Feature", "geometry": {"type": "LineString", "coordinates": [[19.02632, 54.66945333333333], [18.96110333333333, 54.61716666666667], [18.896819999999998, 54.56270333333334], [18.82477833333333, 54.515155], [18.714103333333334, 54.50861999999999], [18.600558333333332, 54.51061333333334], [18.55033, 54.52379333333333], [18.550349999999998, 54.523765000000004], [18.550363333333333, 54.52380166666667], [18.550306666666664, 54.523853333333335], [18.550363333333333, 54.523808333333335], [18.550321666666665, 54.523795], [18.550333333333334, 54.523795], [18.550349999999998, 54.52380166666667], [18.550318333333333, 54.52378833333333], [18.550343333333334, 54.523806666666665], [18.55032333333333, 54.523786666666666], [18.550310000000003, 54.523808333333335], [18.550318333333333, 54.523785], [18.550318333333333, 54.52378833333333], [18.550340000000002, 54.523785], [18.550340000000002, 54.52378833333333], [18.55033166666667, 54.52377833333333], [18.550335, 54.52379333333333], [18.550326666666667, 54.523786666666666], [18.550351666666664, 54.52380333333333], [18.550343333333334, 54.5238], [18.550313333333335, 54.523785], [18.550326666666667, 54.523783333333334], [18.550325, 54.52379333333333], [18.550326666666667, 54.52380166666667], [18.550326666666667, 54.52380333333333], [18.55032333333333, 54.52378833333333], [18.55033, 54.5238], [18.550303333333332, 54.52377833333333], [18.550313333333335, 54.52378833333333], [18.550325, 54.52378833333333], [18.55033, 54.52379], [18.550321666666665, 54.52383], [18.550304999999998, 54.52381333333334], [18.550326666666667, 54.52379], [18.55036, 54.523795], [18.550341666666668, 54.52379333333333], [18.550321666666665, 54.52379], [18.55033166666667, 54.523810000000005], [18.55032333333333, 54.52379], [18.550333333333334, 54.52379666666666], [18.55032333333333, 54.5238], [18.550304999999998, 54.523826666666665], [18.550346666666666, 54.523795], [18.55032333333333, 54.523785], [18.550325, 54.52379333333333], [18.5503, 54.523805], [18.550335, 54.52379], [18.550321666666665, 54.523783333333334], [18.550325, 54.52379333333333], [18.550328333333333, 54.52381333333334], [18.550303333333332, 54.523785], [18.550315, 54.52378833333333], [18.550313333333335, 54.52379166666666], [18.550310000000003, 54.52378833333333], [18.55033, 54.52379666666666], [18.550318333333333, 54.523795], [18.550316666666667, 54.523785], [18.55032333333333, 54.52379], [18.550333333333334, 54.52379666666666], [18.550325, 54.523781666666665], [18.550335, 54.52377333333333], [18.550325, 54.523786666666666], [18.550313333333335, 54.523783333333334], [18.550341666666668, 54.52379166666666], [18.550340000000002, 54.52379], [18.550333333333334, 54.52380166666667], [18.550355000000003, 54.52381333333334], [18.550335, 54.52381833333333], [18.550343333333334, 54.52380166666667], [18.550336666666666, 54.523808333333335], [18.550338333333332, 54.523805], [18.550321666666665, 54.52380333333333], [18.550328333333333, 54.523781666666665], [18.550341666666668, 54.523806666666665], [18.550313333333335, 54.523785], [18.55032333333333, 54.52379], [18.550325, 54.52379], [18.550355000000003, 54.5238], [18.550346666666666, 54.52379666666666], [18.55029, 54.52382166666666], [18.55032333333333, 54.52377666666666], [18.550326666666667, 54.52377], [18.55032333333333, 54.523785], [18.550340000000002, 54.52377833333333], [18.55033166666667, 54.52377], [18.550351666666664, 54.52377333333333], [18.550333333333334, 54.52377166666667], [18.550338333333332, 54.52377833333333], [18.55035666666667, 54.523785], [18.55033, 54.52378], [18.550348333333332, 54.52378], [18.550343333333334, 54.523775], [18.55033, 54.52377833333333], [18.550326666666667, 54.52377833333333], [18.550333333333334, 54.52379166666666], [18.550375, 54.52380166666667], [18.550343333333334, 54.52380333333333], [18.55033, 54.523785], [18.55033, 54.52377666666666], [18.55032333333333, 54.52379166666666], [18.550326666666667, 54.52379666666666], [18.550336666666666, 54.523808333333335], [18.550318333333333, 54.52379333333333], [18.55033, 54.52379333333333], [18.550328333333333, 54.523786666666666], [18.550343333333334, 54.52380166666667], [18.55035333333333, 54.52379333333333], [18.55033166666667, 54.523775], [18.55033, 54.523785], [18.55036, 54.52379333333333], [18.550341666666668, 54.523785], [18.550325, 54.523810000000005], [18.550325, 54.52376666666667], [18.550340000000002, 54.52379333333333], [18.550345, 54.523806666666665], [18.550336666666666, 54.52380166666667], [18.550345, 54.5238]]}, "properties": {"label": "WLA-184 HELOT", "mmsi": "261005510", "imo": "8321175", "name": "WLA-184 HELOT", "shiptype": "", "first_seen_utc": "2026-01-02T00:22:10Z", "last_seen_utc": "2026-01-11T15:46:59Z", "destination": "GDYNIA", "eta": "{'Day': 9, 'Hour': 3, 'Minute': 10, 'Month': 1}", "display": "", "links": "<a href=\"https://www.vesselfinder.com/vessels?name=8321175\" target=\"_blank\" rel=\"noopener\">VesselFinder</a> | <a href=\"https://www.marinetraffic.com/en/ais/search/all?keyword=8321175\" target=\"_blank\" rel=\"noopener\">MarineTraffic</a>", "vf_url": "https://www.vesselfinder.com/vessels?name=8321175", "mst_url": "https://www.marinetraffic.com/en/ais/search/all?keyword=8321175", "method": "v3_2pass_track3d_fromru10d", "ru_seen_in_lookback": true, "in_monitor_on_day": true}}, {"type": "Feature", "geometry": {"type": "Point", "coordinates": [18.550345, 54.5238]}, "properties": {"label": "WLA-184 HELOT", "mmsi": "261005510", "imo": "8321175", "name": "WLA-184 HELOT", "shiptype": "", "first_seen_utc": "2026-01-02T00:22:10Z", "last_seen_utc": "2026-01-11T15:46:59Z", "destination": "GDYNIA", "eta": "{'Day': 9, 'Hour': 3, 'Minute': 10, 'Month': 1}", "display": "WLA-184 HELOT (261005510)", "links": "<a href=\"https://www.vesselfinder.com/vessels?name=8321175\" target=\"_blank\" rel=\"noopener\">VesselFinder</a> | <a href=\"https://www.marinetraffic.com/en/ais/search/all?keyword=8321175\" target=\"_blank\" rel=\"noopener\">MarineTraffic</a>", "vf_url": "https://www.vesselfinder.com/vessels?name=8321175", "mst_url": "https://www.marinetraffic.com/en/ais/search/all?keyword=8321175", "method": "v3_2pass_track3d_fromru10d", "ru_seen_in_lookback": true, "in_monitor_on_day": true}}, {"type": "Feature", "geometry": {"type": "LineString", "coordinates": [[10.499556666666667, 57.85825666666666], [10.270648333333332, 57.860365], [10.043205, 57.860978333333335], [9.829408333333333, 57.840720000000005], [9.615396666666667, 57.814721666666664], [9.417069999999999, 57.76752666666666], [9.21865, 57.710723333333334], [9.035996666666668, 57.645610000000005], [8.863503333333334, 57.57250166666667], [8.710068333333334, 57.486035], [8.57404, 57.388151666666666], [8.429088333333333, 57.28736166666667], [8.251231666666666, 57.20245166666667], [8.076375, 57.12466333333334], [7.888485, 57.046461666666666], [7.6947849999999995, 56.97158], [2.559206666666667, 51.916896666666666], [2.4537466666666665, 51.81000166666667], [2.3036933333333334, 51.69990833333333], [2.195126666666667, 51.62102166666667], [2.095553333333333, 51.54897666666667], [1.9946383333333333, 51.476596666666666], [1.8970616666666666, 51.40603833333333], [1.8290966666666668, 51.32061833333333], [1.7601316666666666, 51.23387], [1.643055, 51.165571666666665], [1.5136716666666667, 51.105331666666665], [1.3789633333333333, 51.039435000000005]]}, "properties": {"label": "HOMERIC", "mmsi": "241649000", "imo": "9819844", "name": "HOMERIC", "shiptype": "", "first_seen_utc": "2026-01-02T00:22:13Z", "last_seen_utc": "2026-01-11T12:10:28Z", "destination": "USCRP", "eta": "{'Day': 28, 'Hour': 3, 'Minute': 0, 'Month': 1}", "display": "", "links": "<a href=\"https://www.vesselfinder.com/vessels?name=9819844\" target=\"_blank\" rel=\"noopener\">VesselFinder</a> | <a href=\"https://www.marinetraffic.com/en/ais/search/all?keyword=9819844\" target=\"_blank\" rel=\"noopener\">MarineTraffic</a>", "vf_url": "https://www.vesselfinder.com/vessels?name=9819844", "mst_url": "https://www.marinetraffic.com/en/ais/search/all?keyword=9819844", "method": "v3_2pass_track3d_fromru10d", "ru_seen_in_lookback": true, "in_monitor_on_day": true}}, {"type": "Feature", "geometry": {"type": "Point", "coordinates": [1.3789633333333333, 51.039435000000005]}, "properties": {"label": "HOMERIC", "mmsi": "241649000", "imo": "9819844", "name": "HOMERIC", "shiptype": "", "first_seen_utc": "2026-01-02T00:22:13Z", "last_seen_utc": "2026-01-11T12:10:28Z", "destination": "USCRP", "eta": "{'Day': 28, 'Hour': 3, 'Minute': 0, 'Month': 1}", "display": "HOMERIC (241649000)", "links": "<a href=\"https://www.vesselfinder.com/vessels?name=9819844\" target=\"_blank\" rel=\"noopener\">VesselFinder</a> | <a href=\"https://www.marinetraffic.com/en/ais/search/all?keyword=9819844\" target=\"_blank\" rel=\"noopener\">MarineTraffic</a>", "vf_url": "https://www.vesselfinder.com/vessels?name=9819844", "mst_url": "https://www.marinetraffic.com/en/ais/search/all?keyword=9819844", "method": "v3_2pass_track3d_fromru10d", "ru_seen_in_lookback": true, "in_monitor_on_day": true}}, {"type": "Feature", "geometry": {"type": "LineString", "coordinates": [[20.1622, 55.5205], [20.18412, 55.52482833333333], [20.15441666666667, 55.53183333333333], [20.189799999999998, 55.531866666666666], [12.243323333333333, 54.603683333333336], [12.191438333333334, 54.50929166666666], [12.089003333333332, 54.44610333333333], [11.923734999999999, 54.442775], [11.75993, 54.44514166666667], [11.603981666666666, 54.47700833333333], [11.445695, 54.51925666666667], [11.296865, 54.57084833333333], [11.145211666666667, 54.61318833333333], [10.999636666666667, 54.66439166666667], [10.882254999999999, 54.72436666666667], [10.873458333333334, 54.805809999999994], [10.904023333333333, 54.89712], [11.010345000000001, 54.97537833333333], [11.045661666666666, 55.072406666666666], [11.0646, 55.173988333333334], [11.075786666666666, 55.26728], [10.856466666666668, 55.56144833333334], [10.793239999999999, 55.65855666666666], [10.810831666666667, 55.763288333333335], [10.868464999999999, 55.858801666666665]]}, "properties": {"label": "MENTOR", "mmsi": "305030300", "imo": "9340374", "name": "MENTOR", "shiptype": "", "first_seen_utc": "2026-01-02T00:22:42Z", "last_seen_utc": "2026-01-11T11:58:45Z", "destination": "ORAN", "eta": "{'Day': 19, 'Hour': 15, 'Minute': 0, 'Month': 1}", "display": "", "links": "<a href=\"https://www.vesselfinder.com/vessels?name=9340374\" target=\"_blank\" rel=\"noopener\">VesselFinder</a> | <a href=\"https://www.marinetraffic.com/en/ais/search/all?keyword=9340374\" target=\"_blank\" rel=\"noopener\">MarineTraffic</a>", "vf_url": "https://www.vesselfinder.com/vessels?name=9340374", "mst_url": "https://www.marinetraffic.com/en/ais/search/all?keyword=9340374", "method": "v3_2pass_track3d_fromru10d", "ru_seen_in_lookback": true, "in_monitor_on_day": true}}, {"type": "Feature", "geometry": {"type": "Point", "coordinates": [10.868464999999999, 55.858801666666665]}, "properties": {"label": "MENTOR", "mmsi": "305030300", "imo": "9340374", "name": "MENTOR", "shiptype": "", "first_seen_utc": "2026-01-02T00:22:42Z", "last_seen_utc": "2026-01-11T11:58:45Z", "destination": "ORAN", "eta": "{'Day': 19, 'Hour': 15, 'Minute': 0, 'Month': 1}", "display": "MENTOR (305030300)", "links": "<a href=\"https://www.vesselfinder.com/vessels?name=9340374\" target=\"_blank\" rel=\"noopener\">VesselFinder</a> | <a href=\"https://www.marinetraffic.com/en/ais/search/all?keyword=9340374\" target=\"_blank\" rel=\"noopener\">MarineTraffic</a>", "vf_url": "https://www.vesselfinder.com/vessels?name=9340374", "mst_url": "https://www.marinetraffic.com/en/ais/search/all?keyword=9340374", "method": "v3_2pass_track3d_fromru10d", "ru_seen_in_lookback": true, "in_monitor_on_day": true}}, {"type": "Feature", "geometry": {"type": "LineString", "coordinates": [[18.801611666666666, 54.599963333333335], [18.80161, 54.59996833333333], [18.80161, 54.59995666666667], [18.801605, 54.59994166666667], [18.80161, 54.59995], [18.8021, 54.600496666666665], [18.707535, 54.54836], [18.575924999999998, 54.51524333333334], [18.550745, 54.523741666666666], [18.550726666666666, 54.52373166666666], [18.550746666666665, 54.52372833333333], [18.550741666666667, 54.523738333333334], [18.55074, 54.52373333333333], [18.55074, 54.523735], [18.550735, 54.52373], [18.550723333333334, 54.52370833333334], [18.550729999999998, 54.52373], [18.550731666666664, 54.523735], [18.550731666666664, 54.52373], [18.550735, 54.523723333333336], [18.550753333333333, 54.52373], [18.550745, 54.52372833333333], [18.55074, 54.52373333333333], [18.550726666666666, 54.52373166666666], [18.550735, 54.52374], [18.550741666666667, 54.523745], [18.550729999999998, 54.52373], [18.550733333333334, 54.52372666666667], [18.55074, 54.523735], [18.550726666666666, 54.523738333333334], [18.55073666666667, 54.523741666666666], [18.550735, 54.523741666666666], [18.550735, 54.52374], [18.550731666666664, 54.523735], [18.550733333333334, 54.523736666666665], [18.550738333333335, 54.523736666666665], [18.55073666666667, 54.52374], [18.550741666666667, 54.52373], [18.550738333333335, 54.52373166666666], [18.55073666666667, 54.52372833333333], [18.550741666666667, 54.52373166666666], [18.550746666666665, 54.523736666666665], [18.550741666666667, 54.523738333333334], [18.550735, 54.523738333333334], [18.550733333333334, 54.52373166666666], [18.550743333333333, 54.523735], [18.550728333333332, 54.523736666666665], [18.550728333333332, 54.523738333333334], [18.550735, 54.52374], [18.550728333333332, 54.523738333333334], [18.550731666666664, 54.52373166666666], [18.55073666666667, 54.52373166666666], [18.550731666666664, 54.523735], [18.550733333333334, 54.523725], [18.550738333333335, 54.52374333333333], [18.550741666666667, 54.52375], [18.550733333333334, 54.523738333333334], [18.550745, 54.523736666666665], [18.55075833333333, 54.523745], [18.550735, 54.52374], [18.550735, 54.523741666666666], [18.550741666666667, 54.523735], [18.550731666666664, 54.523723333333336], [18.550729999999998, 54.52372833333333], [18.55073666666667, 54.52373333333333], [18.550745, 54.52373333333333], [18.550751666666667, 54.52373], [18.550729999999998, 54.52377666666666], [18.550748333333335, 54.52373166666666], [18.550746666666665, 54.523735], [18.550743333333333, 54.523735], [18.550735, 54.523735], [18.550748333333335, 54.523738333333334], [18.55074, 54.523741666666666], [18.550726666666666, 54.52372833333333], [18.550733333333334, 54.52373166666666], [18.550731666666664, 54.523741666666666], [18.550735, 54.523738333333334], [18.550738333333335, 54.52374333333333], [18.550733333333334, 54.523741666666666], [18.550735, 54.523736666666665], [18.550725, 54.52373166666666], [18.550743333333333, 54.523738333333334], [18.550746666666665, 54.52374333333333], [18.550755, 54.523725], [18.550743333333333, 54.52373166666666], [18.550755, 54.523738333333334], [18.550735, 54.52373], [18.55076, 54.52373333333333], [18.55075833333333, 54.523738333333334], [18.550741666666667, 54.523735], [18.550741666666667, 54.523715], [18.550743333333333, 54.523738333333334], [18.550755, 54.52373166666666], [18.550746666666665, 54.52373333333333], [18.550731666666664, 54.52374], [18.550746666666665, 54.523738333333334], [18.550743333333333, 54.52373166666666], [18.550743333333333, 54.523735], [18.550756666666665, 54.523738333333334], [18.550751666666667, 54.52373333333333], [18.550743333333333, 54.52373166666666], [18.550743333333333, 54.52375166666666], [18.550748333333335, 54.523735], [18.550751666666667, 54.52374333333333], [18.550761666666666, 54.52374666666666], [18.550753333333333, 54.52374], [18.550735, 54.52374666666666], [18.55074, 54.52375166666666], [18.550711666666665, 54.523725], [18.550733333333334, 54.52372666666667], [18.550745, 54.52373166666666], [18.550741666666667, 54.523735], [18.550753333333333, 54.52374], [18.550751666666667, 54.52379166666666], [18.550751666666667, 54.523725], [18.550753333333333, 54.52373166666666], [18.550748333333335, 54.523745], [18.550741666666667, 54.52373333333333], [18.550746666666665, 54.523735], [18.550735, 54.523741666666666], [18.550733333333334, 54.52373166666666], [18.55075, 54.523735], [18.55075, 54.52373166666666], [18.550728333333332, 54.523735], [18.55073666666667, 54.523741666666666]]}, "properties": {"label": "GDY-343 HUMBAK", "mmsi": "261054050", "imo": "8404757", "name": "GDY-343 HUMBAK", "shiptype": "", "first_seen_utc": "2026-01-02T00:22:57Z", "last_seen_utc": "2026-01-11T15:58:12Z", "destination": "GDYNIA", "eta": "{'Day': 25, 'Hour': 0, 'Minute': 0, 'Month': 1}", "display": "", "links": "<a href=\"https://www.vesselfinder.com/vessels?name=8404757\" target=\"_blank\" rel=\"noopener\">VesselFinder</a> | <a href=\"https://www.marinetraffic.com/en/ais/search/all?keyword=8404757\" target=\"_blank\" rel=\"noopener\">MarineTraffic</a>", "vf_url": "https://www.vesselfinder.com/vessels?name=8404757", "mst_url": "https://www.marinetraffic.com/en/ais/search/all?keyword=8404757", "method": "v3_2pass_track3d_fromru10d", "ru_seen_in_lookback": true, "in_monitor_on_day": true}}, {"type": "Feature", "geometry": {"type": "Point", "coordinates": [18.55073666666667, 54.523741666666666]}, "properties": {"label": "GDY-343 HUMBAK", "mmsi": "261054050", "imo": "8404757", "name": "GDY-343 HUMBAK", "shiptype": "", "first_seen_utc": "2026-01-02T00:22:57Z", "last_seen_utc": "2026-01-11T15:58:12Z", "destination": "GDYNIA", "eta": "{'Day': 25, 'Hour': 0, 'Minute': 0, 'Month': 1}", "display": "GDY-343 HUMBAK (261054050)", "links": "<a href=\"https://www.vesselfinder.com/vessels?name=8404757\" target=\"_blank\" rel=\"noopener\">VesselFinder</a> | <a href=\"https://www.marinetraffic.com/en/ais/search/all?keyword=8404757\" target=\"_blank\" rel=\"noopener\">MarineTraffic</a>", "vf_url": "https://www.vesselfinder.com/vessels?name=8404757", "mst_url": "https://www.marinetraffic.com/en/ais/search/all?keyword=8404757", "method": "v3_2pass_track3d_fromru10d", "ru_seen_in_lookback": true, "in_monitor_on_day": true}}, {"type": "Feature", "geometry": {"type": "LineString", "coordinates": [[19.059696666666664, 54.648305], [19.038976666666667, 54.56841333333333], [18.975731666666665, 54.492215], [18.861418333333333, 54.425293333333336], [18.724666666666668, 54.40005166666666], [18.71593, 54.38548166666667], [18.715923333333333, 54.38547666666667], [18.715931666666666, 54.385486666666665], [18.715923333333333, 54.38548333333333], [18.715935, 54.38547833333334], [18.715935, 54.38548166666667], [18.71593, 54.38547333333334], [18.715928333333334, 54.38547666666667], [18.71591833333333, 54.385475], [18.715935, 54.38547166666667], [18.715928333333334, 54.38547166666667], [18.715928333333334, 54.38547666666667], [18.71594, 54.38548], [18.715933333333332, 54.385470000000005], [18.715931666666666, 54.38547333333334], [18.715933333333332, 54.385470000000005], [18.715935, 54.38547666666667], [18.715928333333334, 54.38547833333334], [18.71593, 54.38548333333333], [18.715926666666668, 54.38547333333334], [18.715936666666668, 54.385470000000005], [18.71593, 54.38545], [18.715933333333332, 54.38547166666667], [18.715925000000002, 54.38545333333333], [18.715931666666666, 54.38547166666667], [18.715933333333332, 54.385486666666665], [18.71593, 54.38547333333334], [18.715926666666668, 54.38547333333334], [18.715938333333334, 54.38547333333334], [18.71593, 54.38547666666667], [18.715935, 54.385470000000005], [18.715931666666666, 54.38547166666667], [18.715938333333334, 54.38547333333334], [18.71593, 54.38547333333334], [18.71591833333333, 54.38547333333334], [18.715931666666666, 54.385470000000005], [18.715921666666667, 54.38548166666667], [18.715926666666668, 54.385475], [18.715925000000002, 54.38547333333334], [18.715928333333334, 54.38548166666667], [18.71591833333333, 54.38547333333334], [18.715925000000002, 54.385470000000005], [18.715925000000002, 54.38546833333333], [18.715925000000002, 54.38546833333333], [18.71591833333333, 54.385470000000005], [18.715915, 54.385463333333334], [18.715911666666667, 54.38546833333333], [18.715908333333335, 54.385459999999995], [18.71591833333333, 54.38546833333333], [18.715921666666667, 54.385470000000005], [18.715911666666667, 54.385459999999995], [18.715926666666668, 54.385461666666664], [18.723976666666665, 54.399696666666664], [18.868295, 54.42327833333333], [18.987605, 54.445636666666665], [19.048918333333333, 54.51984166666667], [19.114053333333334, 54.60185], [19.081043333333334, 54.684575], [18.993341666666666, 54.759026666666664], [18.862256666666667, 54.81840666666667], [18.731661666666664, 54.879205], [18.60244, 54.940083333333334], [18.420215, 54.95994833333334], [12.28643, 54.59871], [12.212233333333334, 54.49674], [12.091016666666667, 54.432048333333334], [11.91341, 54.42975666666667], [11.74431, 54.440978333333334], [11.585321666666665, 54.48486666666667], [11.42026, 54.53109166666666], [11.251065, 54.577205000000006], [11.078125, 54.59849333333333], [10.910393333333333, 54.63227], [10.776648333333332, 54.70036666666667], [10.833691666666665, 54.807114999999996], [10.874316666666665, 54.91942166666667], [10.987965, 55.012245], [10.990821666666667, 55.12079833333333], [11.101176666666667, 55.206300000000006], [11.043088333333333, 55.315145], [10.849486666666667, 55.550105], [10.784151666666666, 55.65326833333334]]}, "properties": {"label": "CMA CGM MERMAID", "mmsi": "256708000", "imo": "9961283", "name": "CMA CGM MERMAID", "shiptype": "", "first_seen_utc": "2026-01-02T00:23:43Z", "last_seen_utc": "2026-01-11T15:38:07Z", "destination": "DEBRV", "eta": "{'Day': 13, 'Hour': 1, 'Minute': 30, 'Month': 1}", "display": "", "links": "<a href=\"https://www.vesselfinder.com/vessels?name=9961283\" target=\"_blank\" rel=\"noopener\">VesselFinder</a> | <a href=\"https://www.marinetraffic.com/en/ais/search/all?keyword=9961283\" target=\"_blank\" rel=\"noopener\">MarineTraffic</a>", "vf_url": "https://www.vesselfinder.com/vessels?name=9961283", "mst_url": "https://www.marinetraffic.com/en/ais/search/all?keyword=9961283", "method": "v3_2pass_track3d_fromru10d", "ru_seen_in_lookback": true, "in_monitor_on_day": true}}, {"type": "Feature", "geometry": {"type": "Point", "coordinates": [10.784151666666666, 55.65326833333334]}, "properties": {"label": "CMA CGM MERMAID", "mmsi": "256708000", "imo": "9961283", "name": "CMA CGM MERMAID", "shiptype": "", "first_seen_utc": "2026-01-02T00:23:43Z", "last_seen_utc": "2026-01-11T15:38:07Z", "destination": "DEBRV", "eta": "{'Day': 13, 'Hour': 1, 'Minute': 30, 'Month': 1}", "display": "CMA CGM MERMAID (256708000)", "links": "<a href=\"https://www.vesselfinder.com/vessels?name=9961283\" target=\"_blank\" rel=\"noopener\">VesselFinder</a> | <a href=\"https://www.marinetraffic.com/en/ais/search/all?keyword=9961283\" target=\"_blank\" rel=\"noopener\">MarineTraffic</a>", "vf_url": "https://www.vesselfinder.com/vessels?name=9961283", "mst_url": "https://www.marinetraffic.com/en/ais/search/all?keyword=9961283", "method": "v3_2pass_track3d_fromru10d", "ru_seen_in_lookback": true, "in_monitor_on_day": true}}, {"type": "Feature", "geometry": {"type": "LineString", "coordinates": [[18.82683666666667, 54.86159166666666], [18.948393333333335, 54.822961666666664], [18.96941, 54.75589166666667], [18.938451666666666, 54.67389], [18.879943333333333, 54.59578333333333], [18.784364999999998, 54.537731666666666], [18.641126666666665, 54.535131666666665], [18.53737, 54.536208333333335], [18.524423333333335, 54.53787333333333], [18.52441, 54.53789166666666], [18.524428333333333, 54.537816666666664], [18.524510000000003, 54.53787], [18.524416666666664, 54.53789666666667], [18.524355, 54.53791833333333], [18.524355, 54.537875], [18.524498333333334, 54.537839999999996], [18.524398333333334, 54.53788833333333], [18.524398333333334, 54.537881666666664], [18.524451666666668, 54.53788833333333], [18.52441333333333, 54.53788833333333], [18.524420000000003, 54.53788], [18.524403333333332, 54.53792833333333], [18.524408333333334, 54.537925], [18.52439, 54.537911666666666], [18.52438, 54.53792833333333], [18.52441, 54.5379], [18.52443333333333, 54.53789166666666], [18.524420000000003, 54.53784666666666], [18.524416666666664, 54.537906666666665], [18.524451666666668, 54.53785833333333], [18.524405, 54.53785833333333], [18.524396666666668, 54.53790333333333], [18.52441333333333, 54.537906666666665], [18.524411666666666, 54.53787], [18.524416666666664, 54.53789166666666], [18.524438333333332, 54.53787666666666], [18.524416666666664, 54.53788], [18.52442166666667, 54.537906666666665], [18.524386666666665, 54.537908333333334], [18.52445, 54.537868333333336], [18.524436666666666, 54.53787333333333], [18.524414999999998, 54.53785333333334], [18.524391666666666, 54.53784666666666], [18.524396666666668, 54.53789166666666], [18.524403333333332, 54.537865000000004], [18.52443333333333, 54.537865000000004], [18.524446666666666, 54.537868333333336], [18.524391666666666, 54.537911666666666], [18.52445833333333, 54.537861666666664], [18.52446666666667, 54.537865000000004], [18.524446666666666, 54.53791833333333], [18.524416666666664, 54.53785333333334], [18.524416666666664, 54.53787666666666], [18.524476666666665, 54.53785333333334], [18.524455, 54.5379], [18.52447, 54.53788333333333], [18.524506666666664, 54.537881666666664], [18.524506666666664, 54.537863333333334], [18.524453333333334, 54.537895000000006], [18.52442166666667, 54.53785166666667], [18.524426666666667, 54.53787], [18.524443333333334, 54.53785166666667], [18.524440000000002, 54.53787666666666], [18.524461666666664, 54.537911666666666], [18.524463333333333, 54.537865000000004], [18.524525, 54.537845], [18.524548333333332, 54.53790333333333], [18.524416666666664, 54.537863333333334], [18.524398333333334, 54.53787666666666], [18.52442166666667, 54.53787], [18.524403333333332, 54.537911666666666], [18.524468333333335, 54.53785333333334], [18.524473333333333, 54.537868333333336], [18.524398333333334, 54.53788833333333], [18.52445833333333, 54.537855], [18.524403333333332, 54.53791833333333], [18.524440000000002, 54.537861666666664], [18.524443333333334, 54.53784666666666], [18.524428333333333, 54.53788833333333], [18.524431666666665, 54.53787], [18.524443333333334, 54.53787], [18.524425, 54.53788833333333], [18.52443333333333, 54.53787666666666], [18.524416666666664, 54.53787666666666], [18.524446666666666, 54.53787], [18.52442166666667, 54.53787666666666], [18.52442166666667, 54.53787333333333], [18.524435, 54.537875], [18.52436833333333, 54.53792166666666], [18.524386666666665, 54.537791666666664], [18.524443333333334, 54.537925], [18.52441333333333, 54.53787], [18.524465000000003, 54.537911666666666], [18.524405, 54.53787666666666], [18.524395000000002, 54.53793833333334], [18.524518333333333, 54.53785833333333], [18.52447833333333, 54.53785666666667], [18.52442166666667, 54.53782833333333], [18.524355, 54.537863333333334], [18.524438333333332, 54.53788833333333], [18.52443333333333, 54.53789666666667], [18.524440000000002, 54.53787666666666], [18.524391666666666, 54.53789166666666], [18.524443333333334, 54.537929999999996], [18.524428333333333, 54.537911666666666], [18.524398333333334, 54.5379]]}, "properties": {"label": "REM TRADER", "mmsi": "209645000", "imo": "9529932", "name": "REM TRADER", "shiptype": "", "first_seen_utc": "2026-01-02T00:23:54Z", "last_seen_utc": "2026-01-11T16:02:59Z", "destination": "PLGDY", "eta": "{'Day': 9, 'Hour': 12, 'Minute': 0, 'Month': 1}", "display": "", "links": "<a href=\"https://www.vesselfinder.com/vessels?name=9529932\" target=\"_blank\" rel=\"noopener\">VesselFinder</a> | <a href=\"https://www.marinetraffic.com/en/ais/search/all?keyword=9529932\" target=\"_blank\" rel=\"noopener\">MarineTraffic</a>", "vf_url": "https://www.vesselfinder.com/vessels?name=9529932", "mst_url": "https://www.marinetraffic.com/en/ais/search/all?keyword=9529932", "method": "v3_2pass_track3d_fromru10d", "ru_seen_in_lookback": true, "in_monitor_on_day": true}}, {"type": "Feature", "geometry": {"type": "Point", "coordinates": [18.524398333333334, 54.5379]}, "properties": {"label": "REM TRADER", "mmsi": "209645000", "imo": "9529932", "name": "REM TRADER", "shiptype": "", "first_seen_utc": "2026-01-02T00:23:54Z", "last_seen_utc": "2026-01-11T16:02:59Z", "destination": "PLGDY", "eta": "{'Day': 9, 'Hour': 12, 'Minute': 0, 'Month': 1}", "display": "REM TRADER (209645000)", "links": "<a href=\"https://www.vesselfinder.com/vessels?name=9529932\" target=\"_blank\" rel=\"noopener\">VesselFinder</a> | <a href=\"https://www.marinetraffic.com/en/ais/search/all?keyword=9529932\" target=\"_blank\" rel=\"noopener\">MarineTraffic</a>", "vf_url": "https://www.vesselfinder.com/vessels?name=9529932", "mst_url": "https://www.marinetraffic.com/en/ais/search/all?keyword=9529932", "method": "v3_2pass_track3d_fromru10d", "ru_seen_in_lookback": true, "in_monitor_on_day": true}}, {"type": "Feature", "geometry": {"type": "LineString", "coordinates": [[11.03587, 55.98260833333333], [11.169970000000001, 56.10030666666667], [10.494713333333333, 57.85219166666666], [10.279816666666667, 57.847073333333334], [9.940865, 57.83599666666667], [9.722185, 57.833825000000004], [9.515686666666666, 57.82579333333333], [9.309651666666667, 57.814096666666664], [9.100515, 57.807008333333336], [8.893646666666665, 57.80069], [8.692058333333334, 57.794684999999994], [8.491948333333333, 57.78593333333333], [8.290205, 57.77961333333334], [8.090071666666667, 57.770786666666666], [7.8886449999999995, 57.764694999999996], [7.681378333333333, 57.77085666666667], [7.466595, 57.779228333333336], [7.2638283333333336, 57.78146666666667], [7.046148333333333, 57.78746666666667], [6.84495, 57.80985], [6.656035, 57.85296], [6.464025, 57.892601666666664], [6.288531666666667, 57.947805], [6.123130000000001, 58.02745166666667], [5.9564, 58.10317333333333], [5.797741666666667, 58.172135000000004], [5.625299999999999, 58.246136666666665], [5.45822, 58.31964166666667], [5.294138333333334, 58.40240166666667], [5.145268333333333, 58.487361666666665], [4.9907916666666665, 58.56746333333333], [4.8460616666666665, 58.65351833333333], [4.699656666666667, 58.737698333333334], [4.557235, 58.81224333333333], [4.422713333333333, 58.89190166666666], [4.282981666666667, 58.967315], [4.180893333333334, 59.05351666666666], [4.1827016666666665, 59.159411666666664], [4.185723333333334, 59.26730166666667], [4.184458333333334, 59.37711], [4.187086666666667, 59.49078833333333], [4.185315, 59.601985], [4.185708333333333, 59.70979666666666], [4.185593333333333, 59.81407333333333], [4.1855183333333335, 59.915435], [4.186343333333333, 60.02133], [4.1860800000000005, 60.12885166666667], [4.185248333333333, 60.23898833333333], [4.187363333333334, 60.34985666666667], [4.18744, 60.46161666666667], [4.1828666666666665, 60.56954833333334], [4.157585, 60.614848333333335], [4.134683333333333, 60.63201333333333], [4.115176666666667, 60.65031], [4.096046666666667, 60.66782666666666], [4.0750649999999995, 60.684351666666664], [4.049235, 60.701836666666665], [4.020675, 60.719635000000004], [3.991718333333333, 60.737883333333336], [3.9633016666666667, 60.7558], [3.9263266666666667, 60.771265], [3.9356783333333336, 60.758766666666666], [3.9678183333333332, 60.73785833333333], [4.000435, 60.716145], [4.036416666666667, 60.696616666666664], [4.072758333333334, 60.67941833333334], [4.106206666666667, 60.662145], [4.137011666666667, 60.649274999999996], [4.147898333333333, 60.63762333333333], [4.15191, 60.624555], [4.15618, 60.61202333333333], [4.1605083333333335, 60.60330166666667], [4.166156666666667, 60.595868333333335], [4.1661, 60.58643666666667], [4.165453333333334, 60.576715], [4.166345000000001, 60.566271666666665], [4.166541666666666, 60.55528833333334], [4.16978, 60.54179], [4.205191666666667, 60.58088166666666], [4.2391966666666665, 60.63825833333333], [4.287555, 60.69497166666667], [4.339286666666666, 60.749545], [4.3938516666666665, 60.80202333333333], [4.461115, 60.82541166666667], [4.590228333333333, 60.856055], [4.763675, 60.857148333333335], [4.940306666666667, 60.84327666666666], [5.0316399999999994, 60.82389833333333], [5.019711666666667, 60.822091666666665], [5.019716666666667, 60.82209833333333], [5.01973, 60.822095], [5.019783333333334, 60.82208833333333], [5.019826666666666, 60.82211333333333], [5.019761666666667, 60.82205833333333], [5.019758333333333, 60.822070000000004], [5.01975, 60.82210166666667], [5.019761666666667, 60.82208], [5.019716666666667, 60.82210333333333], [5.01973, 60.82210166666667], [5.019736666666666, 60.822161666666666], [5.019753333333333, 60.82207666666667], [5.019793333333333, 60.82208333333333], [5.019761666666667, 60.822095], [5.019723333333333, 60.82211333333333]]}, "properties": {"label": "BERGEN TS", "mmsi": "248024000", "imo": "9737400", "name": "BERGEN TS", "shiptype": "", "first_seen_utc": "2026-01-02T00:24:08Z", "last_seen_utc": "2026-01-11T15:46:29Z", "destination": "PLGDN>NOMON", "eta": "{'Day': 10, 'Hour': 17, 'Minute': 0, 'Month': 1}", "display": "", "links": "<a href=\"https://www.vesselfinder.com/vessels?name=9737400\" target=\"_blank\" rel=\"noopener\">VesselFinder</a> | <a href=\"https://www.marinetraffic.com/en/ais/search/all?keyword=9737400\" target=\"_blank\" rel=\"noopener\">MarineTraffic</a>", "vf_url": "https://www.vesselfinder.com/vessels?name=9737400", "mst_url": "https://www.marinetraffic.com/en/ais/search/all?keyword=9737400", "method": "v3_2pass_track3d_fromru10d", "ru_seen_in_lookback": true, "in_monitor_on_day": true}}, {"type": "Feature", "geometry": {"type": "Point", "coordinates": [5.019723333333333, 60.82211333333333]}, "properties": {"label": "BERGEN TS", "mmsi": "248024000", "imo": "9737400", "name": "BERGEN TS", "shiptype": "", "first_seen_utc": "2026-01-02T00:24:08Z", "last_seen_utc": "2026-01-11T15:46:29Z", "destination": "PLGDN>NOMON", "eta": "{'Day': 10, 'Hour': 17, 'Minute': 0, 'Month': 1}", "display": "BERGEN TS (248024000)", "links": "<a href=\"https://www.vesselfinder.com/vessels?name=9737400\" target=\"_blank\" rel=\"noopener\">VesselFinder</a> | <a href=\"https://www.marinetraffic.com/en/ais/search/all?keyword=9737400\" target=\"_blank\" rel=\"noopener\">MarineTraffic</a>", "vf_url": "https://www.vesselfinder.com/vessels?name=9737400", "mst_url": "https://www.marinetraffic.com/en/ais/search/all?keyword=9737400", "method": "v3_2pass_track3d_fromru10d", "ru_seen_in_lookback": true, "in_monitor_on_day": true}}, {"type": "Feature", "geometry": {"type": "LineString", "coordinates": [[18.676726666666664, 54.35624166666666], [18.676716666666668, 54.35622166666667], [18.676711666666666, 54.356215], [18.67667833333333, 54.356228333333334], [18.67672333333333, 54.356228333333334], [18.676706666666668, 54.356231666666666], [18.676726666666664, 54.35622], [18.6767, 54.35622], [18.676730000000003, 54.356215], [18.67673166666667, 54.356208333333335], [18.67674, 54.356210000000004], [18.67667833333333, 54.35622166666667], [18.676685000000003, 54.35621666666667], [18.67672, 54.356225], [18.676730000000003, 54.35621833333333], [18.676703333333332, 54.35621666666667], [18.664825, 54.37027833333333], [18.662843333333335, 54.40766333333333], [18.659071666666666, 54.412079999999996], [18.663223333333335, 54.37329833333333], [18.67277, 54.35752], [18.676726666666664, 54.356213333333336], [18.676695, 54.356226666666664], [18.676728333333333, 54.35623666666667], [18.676716666666668, 54.356210000000004], [18.6767, 54.356235], [18.6767, 54.35619666666666], [18.676711666666666, 54.356231666666666], [18.67672, 54.356225], [18.67671, 54.35621666666667], [18.67674, 54.35620333333333], [18.676721666666666, 54.35621166666667], [18.676706666666668, 54.35621666666667], [18.67672333333333, 54.356226666666664], [18.676711666666666, 54.35622], [18.676728333333333, 54.35622333333333], [18.676736666666667, 54.35621833333333], [18.676715, 54.35619666666666], [18.67672333333333, 54.356225], [18.676718333333334, 54.35621833333333], [18.676713333333332, 54.35623], [18.676711666666666, 54.35623], [18.676708333333334, 54.356213333333336], [18.676703333333332, 54.35623833333333], [18.676736666666667, 54.356235], [18.67674333333333, 54.35621166666667], [18.676691666666667, 54.356231666666666], [18.676718333333334, 54.356226666666664], [18.676716666666668, 54.35621833333333], [18.67672333333333, 54.35621833333333], [18.676713333333332, 54.356228333333334], [18.676705000000002, 54.35621166666667], [18.676735, 54.35621666666667], [18.676711666666666, 54.356225], [18.676726666666664, 54.35620666666667], [18.67669, 54.35622], [18.676715, 54.35623666666667], [18.67673166666667, 54.35622], [18.67669833333333, 54.35622166666667], [18.676718333333334, 54.35622166666667], [18.676708333333334, 54.356225], [18.67671, 54.35621666666667], [18.676713333333332, 54.356215], [18.676716666666668, 54.356208333333335], [18.676715, 54.35621833333333], [18.67673166666667, 54.35622333333333], [18.676726666666664, 54.35621666666667], [18.676738333333333, 54.356228333333334], [18.676724999999998, 54.35625], [18.67671, 54.35624166666666], [18.676705000000002, 54.35623833333333], [18.676708333333334, 54.35622166666667], [18.67671, 54.35622333333333], [18.67672, 54.356215], [18.676688333333335, 54.35622166666667], [18.676716666666668, 54.35623333333333], [18.6767, 54.356231666666666], [18.676706666666668, 54.356210000000004], [18.676721666666666, 54.356228333333334], [18.676738333333333, 54.35622166666667], [18.67674, 54.35622166666667], [18.67672333333333, 54.356213333333336], [18.676721666666666, 54.35622166666667], [18.676724999999998, 54.356210000000004], [18.676730000000003, 54.35622166666667], [18.67674, 54.356231666666666], [18.67674333333333, 54.35621833333333], [18.676705000000002, 54.35620666666667], [18.676721666666666, 54.35622], [18.676716666666668, 54.35623], [18.676675, 54.35622166666667], [18.676715, 54.356210000000004], [18.676708333333334, 54.35621833333333], [18.676746666666666, 54.35624], [18.676701666666666, 54.35623333333333], [18.676713333333332, 54.35622166666667], [18.676741666666665, 54.356210000000004], [18.676715, 54.35621166666667], [18.676711666666666, 54.35622333333333], [18.676701666666666, 54.356228333333334], [18.676728333333333, 54.356235], [18.676696666666665, 54.356231666666666], [18.67671, 54.35623333333333], [18.67671, 54.356231666666666], [18.676718333333334, 54.356228333333334], [18.676705000000002, 54.356231666666666], [18.676706666666668, 54.356228333333334], [18.67672, 54.35621166666667], [18.676721666666666, 54.356228333333334], [18.67673166666667, 54.356235], [18.67672333333333, 54.356235], [18.676741666666665, 54.356226666666664], [18.676695, 54.35622166666667], [18.676713333333332, 54.35622333333333], [18.676746666666666, 54.35622333333333], [18.676730000000003, 54.35623666666667]]}, "properties": {"label": "HENRYK", "mmsi": "261059000", "imo": "7504926", "name": "HENRYK", "shiptype": "", "first_seen_utc": "2026-01-02T00:24:44Z", "last_seen_utc": "2026-01-11T15:35:00Z", "destination": "GDANSK", "eta": "{'Day': 8, 'Hour': 0, 'Minute': 0, 'Month': 1}", "display": "", "links": "<a href=\"https://www.vesselfinder.com/vessels?name=7504926\" target=\"_blank\" rel=\"noopener\">VesselFinder</a> | <a href=\"https://www.marinetraffic.com/en/ais/search/all?keyword=7504926\" target=\"_blank\" rel=\"noopener\">MarineTraffic</a>", "vf_url": "https://www.vesselfinder.com/vessels?name=7504926", "mst_url": "https://www.marinetraffic.com/en/ais/search/all?keyword=7504926", "method": "v3_2pass_track3d_fromru10d", "ru_seen_in_lookback": true, "in_monitor_on_day": true}}, {"type": "Feature", "geometry": {"type": "Point", "coordinates": [18.676730000000003, 54.35623666666667]}, "properties": {"label": "HENRYK", "mmsi": "261059000", "imo": "7504926", "name": "HENRYK", "shiptype": "", "first_seen_utc": "2026-01-02T00:24:44Z", "last_seen_utc": "2026-01-11T15:35:00Z", "destination": "GDANSK", "eta": "{'Day': 8, 'Hour': 0, 'Minute': 0, 'Month': 1}", "display": "HENRYK (261059000)", "links": "<a href=\"https://www.vesselfinder.com/vessels?name=7504926\" target=\"_blank\" rel=\"noopener\">VesselFinder</a> | <a href=\"https://www.marinetraffic.com/en/ais/search/all?keyword=7504926\" target=\"_blank\" rel=\"noopener\">MarineTraffic</a>", "vf_url": "https://www.vesselfinder.com/vessels?name=7504926", "mst_url": "https://www.marinetraffic.com/en/ais/search/all?keyword=7504926", "method": "v3_2pass_track3d_fromru10d", "ru_seen_in_lookback": true, "in_monitor_on_day": true}}, {"type": "Feature", "geometry": {"type": "LineString", "coordinates": [[18.802371666666666, 54.60292833333333], [18.80239, 54.60293333333333], [18.8024, 54.602938333333334], [18.802398333333333, 54.60294333333333], [18.802346666666665, 54.602920000000005], [18.802378333333333, 54.602935], [18.802386666666667, 54.602925], [18.802385, 54.602920000000005], [18.802366666666668, 54.602925], [18.80239, 54.602935], [18.802325, 54.602913333333326], [18.802366666666668, 54.60289833333333], [18.80236, 54.60293], [18.80238166666667, 54.602893333333334], [18.802388333333333, 54.60294333333333], [18.802371666666666, 54.602945], [18.802361666666666, 54.60292666666667], [18.802366666666668, 54.602925], [18.802395, 54.60292333333334], [18.802388333333333, 54.602918333333335], [18.802373333333332, 54.602920000000005], [18.802351666666667, 54.60295166666666], [18.802380000000003, 54.60292833333333], [18.802371666666666, 54.60293], [18.802383333333335, 54.602925], [18.802383333333335, 54.602936666666665], [18.802380000000003, 54.60295], [18.802376666666664, 54.602938333333334], [18.802366666666668, 54.60292333333334], [18.802406666666666, 54.60292833333333], [18.802388333333333, 54.60293166666667], [18.802371666666666, 54.60292333333334], [18.802371666666666, 54.60293], [18.802365, 54.6029], [18.802386666666667, 54.60290833333333], [18.802361666666666, 54.60292666666667], [18.802365, 54.60293333333333], [18.802374999999998, 54.602915], [18.80237, 54.60292666666667], [18.802386666666667, 54.602938333333334], [18.802353333333333, 54.60292166666667], [18.802385, 54.60293], [18.802378333333333, 54.602941666666666], [18.802385, 54.60292333333334], [18.802380000000003, 54.602945], [18.802385, 54.602925], [18.802383333333335, 54.60293166666667], [18.802374999999998, 54.60293166666667], [18.802383333333335, 54.60292666666667], [18.802385, 54.602936666666665], [18.80239, 54.602941666666666], [18.802403333333334, 54.60292333333334], [18.80238166666667, 54.602915], [18.802371666666666, 54.60292333333334], [18.802391666666665, 54.602918333333335], [18.802341666666667, 54.60292833333333], [18.802368333333334, 54.60292166666667], [18.802373333333332, 54.602941666666666], [18.802365, 54.602925], [18.802355, 54.60293333333333], [18.802376666666664, 54.60292666666667], [18.802378333333333, 54.60293333333333], [18.802376666666664, 54.602938333333334], [18.802365, 54.602918333333335], [18.80237, 54.602935], [18.802365, 54.602925], [18.802366666666668, 54.60292666666667], [18.802385, 54.602925], [18.802374999999998, 54.602920000000005], [18.802378333333333, 54.602918333333335], [18.802413333333334, 54.602891666666665], [18.802383333333335, 54.60294], [18.8024, 54.60293166666667], [18.802378333333333, 54.60297333333333], [18.802378333333333, 54.602936666666665], [18.802353333333333, 54.60293166666667], [18.80238166666667, 54.602941666666666], [18.80237, 54.60294], [18.802373333333332, 54.60294333333333], [18.802393333333335, 54.60291666666667], [18.802366666666668, 54.60293333333333], [18.802343333333333, 54.602915], [18.802378333333333, 54.60293166666667], [18.802374999999998, 54.60293], [18.802363333333336, 54.602938333333334], [18.802358333333334, 54.602936666666665], [18.802396666666667, 54.602925], [18.802363333333336, 54.602918333333335], [18.802380000000003, 54.60292333333334], [18.802391666666665, 54.60291666666667], [18.802366666666668, 54.602911666666664], [18.802374999999998, 54.60290666666666], [18.802385, 54.60290666666666], [18.802383333333335, 54.602911666666664], [18.80239, 54.602913333333326], [18.802366666666668, 54.602911666666664], [18.802358333333334, 54.60293333333333], [18.8024, 54.60294333333333], [18.802398333333333, 54.60293], [18.802386666666667, 54.602911666666664], [18.802366666666668, 54.602915], [18.802393333333335, 54.602905], [18.802373333333332, 54.60292333333334], [18.802373333333332, 54.602920000000005], [18.802373333333332, 54.602918333333335], [18.802361666666666, 54.60290833333333], [18.802368333333334, 54.60292666666667], [18.802365, 54.60292666666667], [18.80236, 54.602918333333335], [18.802374999999998, 54.60294], [18.802385, 54.602963333333335], [18.802368333333334, 54.602935], [18.802371666666666, 54.60292666666667], [18.802361666666666, 54.60293333333333], [18.802383333333335, 54.60293], [18.802380000000003, 54.602915], [18.802368333333334, 54.60292333333334], [18.802386666666667, 54.602911666666664], [18.80237, 54.60292833333333], [18.802388333333333, 54.602925], [18.802371666666666, 54.60293333333333], [18.802374999999998, 54.602941666666666], [18.802380000000003, 54.602920000000005], [18.802373333333332, 54.60292666666667], [18.802396666666667, 54.60293333333333], [18.80237, 54.60292833333333]]}, "properties": {"label": "HEL-150", "mmsi": "261003910", "imo": "8600260", "name": "HEL-150", "shiptype": "", "first_seen_utc": "2026-01-02T00:24:45Z", "last_seen_utc": "2026-01-11T15:34:49Z", "destination": "KEEP SAFE DISTANCE", "eta": "{'Day': 14, 'Hour': 21, 'Minute': 0, 'Month': 11}", "display": "", "links": "<a href=\"https://www.vesselfinder.com/vessels?name=8600260\" target=\"_blank\" rel=\"noopener\">VesselFinder</a> | <a href=\"https://www.marinetraffic.com/en/ais/search/all?keyword=8600260\" target=\"_blank\" rel=\"noopener\">MarineTraffic</a>", "vf_url": "https://www.vesselfinder.com/vessels?name=8600260", "mst_url": "https://www.marinetraffic.com/en/ais/search/all?keyword=8600260", "method": "v3_2pass_track3d_fromru10d", "ru_seen_in_lookback": true, "in_monitor_on_day": true}}, {"type": "Feature", "geometry": {"type": "Point", "coordinates": [18.80237, 54.60292833333333]}, "properties": {"label": "HEL-150", "mmsi": "261003910", "imo": "8600260", "name": "HEL-150", "shiptype": "", "first_seen_utc": "2026-01-02T00:24:45Z", "last_seen_utc": "2026-01-11T15:34:49Z", "destination": "KEEP SAFE DISTANCE", "eta": "{'Day': 14, 'Hour': 21, 'Minute': 0, 'Month': 11}", "display": "HEL-150 (261003910)", "links": "<a href=\"https://www.vesselfinder.com/vessels?name=8600260\" target=\"_blank\" rel=\"noopener\">VesselFinder</a> | <a href=\"https://www.marinetraffic.com/en/ais/search/all?keyword=8600260\" target=\"_blank\" rel=\"noopener\">MarineTraffic</a>", "vf_url": "https://www.vesselfinder.com/vessels?name=8600260", "mst_url": "https://www.marinetraffic.com/en/ais/search/all?keyword=8600260", "method": "v3_2pass_track3d_fromru10d", "ru_seen_in_lookback": true, "in_monitor_on_day": true}}, {"type": "Feature", "geometry": {"type": "LineString", "coordinates": [[4.05118, 60.83336166666666], [4.115823333333333, 60.77513666666667], [4.155365, 60.730734999999996], [4.133871666666667, 60.748780000000004], [4.136361666666667, 60.76527333333333], [4.131061666666667, 60.78052], [4.12343, 60.794358333333335], [4.108356666666666, 60.80837333333333], [4.091326666666666, 60.823478333333334], [4.076815, 60.83882833333333], [4.072658333333333, 60.85654833333333], [4.072938333333333, 60.87527333333333], [4.070578333333334, 60.89425833333333], [4.068311666666667, 60.913545], [4.076468333333334, 60.937655], [4.024921666666667, 60.90729666666667], [4.029935, 60.852594999999994], [4.0350866666666665, 60.81274666666666], [4.006141666666667, 60.82345], [3.968165, 60.838655], [3.934206666666667, 60.85461], [3.902581666666667, 60.87092500000001], [3.87029, 60.88835166666667], [3.8699500000000002, 60.90943166666667], [3.99164, 60.853271666666664], [4.1034, 60.79108], [4.153551666666667, 60.76114666666667], [4.179396666666666, 60.77973166666666], [4.157103333333334, 60.79705666666667], [4.1357, 60.812643333333334], [4.13369, 60.83760666666667], [4.32913, 60.845241666666666], [4.511653333333333, 60.845175000000005], [4.709276666666667, 60.857305], [4.895598333333334, 60.84638833333334], [5.04068, 60.829166666666666], [5.021773333333333, 60.82219666666666], [5.02002, 60.822175], [5.019973333333334, 60.82218666666667], [5.01998, 60.82216833333334], [5.020205000000001, 60.822138333333335], [5.019933333333333, 60.82208333333333], [5.020038333333333, 60.822070000000004], [5.02002, 60.822111666666665], [5.019936666666666, 60.822066666666665], [5.019966666666666, 60.822046666666665], [5.019935, 60.82211333333333], [5.0199783333333325, 60.822111666666665], [5.020046666666667, 60.82206333333333], [5.020091666666667, 60.82208], [5.020021666666667, 60.822136666666665], [5.020015, 60.822195], [5.019923333333334, 60.822185], [5.020001666666667, 60.822135], [5.020015, 60.82219333333333], [5.020061666666667, 60.82220333333333], [5.019965, 60.82224], [5.019985, 60.822201666666665], [5.0200716666666665, 60.822271666666666], [5.02001, 60.82217833333333], [5.0199533333333335, 60.822161666666666], [5.019956666666667, 60.82219666666666], [5.020011666666666, 60.82215833333333], [5.019895, 60.82218666666667], [5.020023333333333, 60.82215833333333], [5.019909999999999, 60.82215], [5.019988333333333, 60.822181666666665], [5.020005, 60.822165000000005], [5.020053333333333, 60.822165000000005], [5.02002, 60.822154999999995], [5.020006666666666, 60.822161666666666], [5.019961666666666, 60.822154999999995], [5.019991666666667, 60.822226666666666], [5.019958333333333, 60.82219166666666], [5.020016666666667, 60.822210000000005], [5.019941666666667, 60.82220333333333], [5.0199283333333335, 60.822175], [5.01997, 60.82219833333333], [5.019961666666666, 60.822176666666664], [5.02003, 60.822210000000005], [5.01994, 60.822195], [5.0199783333333325, 60.82215], [5.020098333333333, 60.822154999999995], [5.018321666666667, 60.824511666666666], [4.868166666666666, 60.849293333333335], [4.661255, 60.85919666666667], [4.456601666666667, 60.85463333333333], [4.419175, 60.80103666666666], [4.264708333333333, 60.756433333333334], [4.12073, 60.71182666666667], [4.072798333333333, 60.64756166666667], [4.0621133333333335, 60.573478333333334], [4.044073333333333, 60.500505], [4.032561666666667, 60.427791666666664], [4.020146666666666, 60.353375], [4.016603333333333, 60.27713833333333], [4.014505, 60.20044666666667], [4.016181666666666, 60.124698333333335], [4.021298333333333, 60.05034333333333], [4.0186866666666665, 59.977795], [4.013498333333334, 59.90524666666667], [4.011791666666666, 59.82980666666666], [4.01293, 59.75255], [4.0161, 59.675], [4.014615, 59.599095000000005], [4.010598333333333, 59.52252], [4.01345, 59.449125], [4.020721666666667, 59.375348333333335], [4.021468333333333, 59.30219666666667], [4.017665, 59.233466666666665], [4.012906666666667, 59.16314833333333], [4.008365, 59.09345166666667], [4.007123333333333, 59.02594], [4.006143333333333, 58.96174666666666], [4.0177716666666665, 58.90201666666667], [4.067518333333333, 58.85453833333334], [4.153116666666667, 58.820613333333334], [4.239906666666666, 58.78807166666666], [4.322913333333333, 58.755091666666665], [4.3896516666666665, 58.72455], [4.4396716666666665, 58.692568333333334], [4.469458333333334, 58.656843333333335]]}, "properties": {"label": "FRONT ALTAIR", "mmsi": "538007007", "imo": "9745902", "name": "FRONT ALTAIR", "shiptype": "", "first_seen_utc": "2026-01-02T00:25:06Z", "last_seen_utc": "2026-01-11T15:50:42Z", "destination": "PLGDN", "eta": "{'Day': 13, 'Hour': 21, 'Minute': 0, 'Month': 1}", "display": "", "links": "<a href=\"https://www.vesselfinder.com/vessels?name=9745902\" target=\"_blank\" rel=\"noopener\">VesselFinder</a> | <a href=\"https://www.marinetraffic.com/en/ais/search/all?keyword=9745902\" target=\"_blank\" rel=\"noopener\">MarineTraffic</a>", "vf_url": "https://www.vesselfinder.com/vessels?name=9745902", "mst_url": "https://www.marinetraffic.com/en/ais/search/all?keyword=9745902", "method": "v3_2pass_track3d_fromru10d", "ru_seen_in_lookback": true, "in_monitor_on_day": true}}, {"type": "Feature", "geometry": {"type": "Point", "coordinates": [4.469458333333334, 58.656843333333335]}, "properties": {"label": "FRONT ALTAIR", "mmsi": "538007007", "imo": "9745902", "name": "FRONT ALTAIR", "shiptype": "", "first_seen_utc": "2026-01-02T00:25:06Z", "last_seen_utc": "2026-01-11T15:50:42Z", "destination": "PLGDN", "eta": "{'Day': 13, 'Hour': 21, 'Minute': 0, 'Month': 1}", "display": "FRONT ALTAIR (538007007)", "links": "<a href=\"https://www.vesselfinder.com/vessels?name=9745902\" target=\"_blank\" rel=\"noopener\">VesselFinder</a> | <a href=\"https://www.marinetraffic.com/en/ais/search/all?keyword=9745902\" target=\"_blank\" rel=\"noopener\">MarineTraffic</a>", "vf_url": "https://www.vesselfinder.com/vessels?name=9745902", "mst_url": "https://www.marinetraffic.com/en/ais/search/all?keyword=9745902", "method": "v3_2pass_track3d_fromru10d", "ru_seen_in_lookback": true, "in_monitor_on_day": true}}, {"type": "Feature", "geometry": {"type": "LineString", "coordinates": [[18.801661666666668, 54.602288333333334], [18.80167833333333, 54.602315], [18.801640000000003, 54.602313333333335], [18.80164166666667, 54.602335000000004], [18.801636666666663, 54.602313333333335], [18.801636666666663, 54.60233], [18.80163333333333, 54.602333333333334], [18.80161, 54.60233166666667], [18.801636666666663, 54.60233], [18.801653333333334, 54.602313333333335], [18.80159666666667, 54.602338333333336], [18.801625, 54.60230833333333], [18.801608333333334, 54.602305], [18.801575, 54.60232166666666], [18.801598333333335, 54.60231833333333], [18.801605, 54.60227333333333], [18.801648333333333, 54.60232], [18.80165, 54.60231666666667], [18.80162, 54.60228333333334], [18.801651666666665, 54.60228666666667], [18.801658333333332, 54.602315], [18.801626666666667, 54.60235], [18.801653333333334, 54.602335000000004], [18.801658333333332, 54.602325], [18.801645, 54.60231666666667], [18.80162, 54.60232333333333], [18.801586666666665, 54.602306666666664], [18.801661666666668, 54.602336666666666], [18.801651666666665, 54.60230333333333], [18.801636666666663, 54.60233], [18.801631666666665, 54.60231833333333], [18.801634999999997, 54.60233], [18.801666666666666, 54.60230833333333], [18.801656666666666, 54.602336666666666], [18.801646666666667, 54.602333333333334], [18.801663333333334, 54.60234333333334], [18.80165, 54.60232333333333], [18.80162, 54.60229833333334], [18.80158833333333, 54.60231833333333], [18.80159666666667, 54.60233166666667], [18.801603333333333, 54.60233], [18.801546666666663, 54.60231666666667], [18.801601666666667, 54.60233166666667], [18.801601666666667, 54.60232], [18.801623333333335, 54.60232333333333], [18.80167, 54.602305], [18.801626666666667, 54.6023], [18.801655, 54.60231], [18.80167, 54.60229833333334], [18.80162, 54.602305], [18.80162, 54.60232666666666], [18.801631666666665, 54.60232333333333], [18.801643333333335, 54.60232333333333], [18.8016, 54.60232], [18.80161, 54.60232666666666], [18.801615, 54.602345], [18.801616666666668, 54.60233], [18.801618333333334, 54.60233166666667], [18.80163333333333, 54.602311666666665], [18.80158833333333, 54.602288333333334], [18.801611666666666, 54.60230166666667], [18.801616666666668, 54.602305], [18.801634999999997, 54.6023], [18.801643333333335, 54.6023], [18.801665, 54.60230333333333], [18.801648333333333, 54.60228], [18.801605, 54.602293333333336], [18.801665, 54.60229833333334], [18.801634999999997, 54.602291666666666], [18.801679999999998, 54.60234333333334], [18.801638333333337, 54.602311666666665], [18.801643333333335, 54.602293333333336], [18.80163, 54.60231666666667], [18.801615, 54.602338333333336], [18.801631666666665, 54.60232], [18.801661666666668, 54.602325], [18.801634999999997, 54.60232666666666], [18.801634999999997, 54.60232666666666], [18.801634999999997, 54.60232666666666], [18.801666666666666, 54.602313333333335], [18.801636666666663, 54.602336666666666], [18.801638333333337, 54.60232833333334], [18.801613333333332, 54.60233166666667], [18.801648333333333, 54.60233], [18.801616666666668, 54.602288333333334], [18.801573333333334, 54.60232], [18.801605, 54.60233166666667], [18.8016, 54.60233166666667], [18.801581666666667, 54.60232333333333], [18.801565, 54.60231666666667], [18.801618333333334, 54.60230833333333], [18.801621666666666, 54.60232166666666], [18.80163333333333, 54.60228], [18.801660000000002, 54.60228], [18.80167833333333, 54.60228666666667], [18.80164166666667, 54.60229], [18.801626666666667, 54.60227], [18.801628333333333, 54.602295000000005], [18.80163, 54.60228666666667], [18.801621666666666, 54.60229666666667], [18.801628333333333, 54.60232], [18.801640000000003, 54.602325], [18.801621666666666, 54.60232166666666], [18.80162, 54.60231666666667], [18.80162, 54.60232], [18.801621666666666, 54.60230166666667], [18.801598333333335, 54.60230833333333], [18.80161, 54.602285], [18.801581666666667, 54.6023], [18.801636666666663, 54.60231833333333], [18.80165, 54.60233], [18.801618333333334, 54.602288333333334], [18.801631666666665, 54.602306666666664], [18.801673333333333, 54.60231], [18.801658333333332, 54.60231833333333], [18.801663333333334, 54.60232666666666], [18.801631666666665, 54.602336666666666], [18.801640000000003, 54.602325], [18.80167, 54.60231833333333], [18.801646666666667, 54.60230833333333], [18.801634999999997, 54.602325], [18.801645, 54.602325], [18.801631666666665, 54.60232333333333], [18.801663333333334, 54.602340000000005], [18.801636666666663, 54.60234666666667], [18.801625, 54.60233]]}, "properties": {"label": "HEL-157", "mmsi": "261001620", "imo": "8008670", "name": "HEL-157", "shiptype": "", "first_seen_utc": "2026-01-02T00:25:27Z", "last_seen_utc": "2026-01-11T15:37:17Z", "destination": "KEEP CLEAR 0.3AFT", "eta": "{'Day': 0, 'Hour': 24, 'Minute': 60, 'Month': 0}", "display": "", "links": "<a href=\"https://www.vesselfinder.com/vessels?name=8008670\" target=\"_blank\" rel=\"noopener\">VesselFinder</a> | <a href=\"https://www.marinetraffic.com/en/ais/search/all?keyword=8008670\" target=\"_blank\" rel=\"noopener\">MarineTraffic</a>", "vf_url": "https://www.vesselfinder.com/vessels?name=8008670", "mst_url": "https://www.marinetraffic.com/en/ais/search/all?keyword=8008670", "method": "v3_2pass_track3d_fromru10d", "ru_seen_in_lookback": true, "in_monitor_on_day": true}}, {"type": "Feature", "geometry": {"type": "Point", "coordinates": [18.801625, 54.60233]}, "properties": {"label": "HEL-157", "mmsi": "261001620", "imo": "8008670", "name": "HEL-157", "shiptype": "", "first_seen_utc": "2026-01-02T00:25:27Z", "last_seen_utc": "2026-01-11T15:37:17Z", "destination": "KEEP CLEAR 0.3AFT", "eta": "{'Day': 0, 'Hour': 24, 'Minute': 60, 'Month': 0}", "display": "HEL-157 (261001620)", "links": "<a href=\"https://www.vesselfinder.com/vessels?name=8008670\" target=\"_blank\" rel=\"noopener\">VesselFinder</a> | <a href=\"https://www.marinetraffic.com/en/ais/search/all?keyword=8008670\" target=\"_blank\" rel=\"noopener\">MarineTraffic</a>", "vf_url": "https://www.vesselfinder.com/vessels?name=8008670", "mst_url": "https://www.marinetraffic.com/en/ais/search/all?keyword=8008670", "method": "v3_2pass_track3d_fromru10d", "ru_seen_in_lookback": true, "in_monitor_on_day": true}}, {"type": "Feature", "geometry": {"type": "LineString", "coordinates": [[18.802241666666664, 54.602285], [18.802226666666666, 54.60228166666666], [18.802231666666668, 54.602293333333336], [18.80221166666667, 54.602268333333335], [18.802216666666666, 54.60229], [18.80221166666667, 54.60228666666667], [18.80221, 54.60228], [18.802215, 54.60227666666666], [18.802225, 54.602288333333334], [18.80222, 54.60228666666667], [18.802213333333334, 54.60228], [18.802206666666667, 54.60228], [18.802226666666666, 54.602288333333334], [18.802226666666666, 54.60228166666666], [18.802213333333334, 54.60227333333333], [18.802221666666664, 54.60228166666666], [18.80220166666667, 54.60227166666667], [18.802223333333334, 54.60227333333333], [18.80223833333333, 54.60227833333333], [18.802215, 54.60229], [18.802223333333334, 54.602266666666665], [18.802221666666664, 54.60229], [18.802213333333334, 54.60225833333333], [18.80221166666667, 54.60228166666666], [18.802205, 54.60228666666667], [18.802216666666666, 54.60228], [18.802218333333332, 54.602275], [18.802228333333336, 54.60227], [18.802223333333334, 54.60228], [18.802233333333334, 54.60227166666667], [18.802216666666666, 54.602275], [18.802218333333332, 54.602288333333334], [18.802235, 54.602265], [18.802231666666668, 54.60227666666666], [18.802223333333334, 54.60228166666666], [18.802218333333332, 54.602275], [18.802216666666666, 54.60225833333333], [18.802216666666666, 54.60227166666667], [18.802215, 54.602268333333335], [18.802231666666668, 54.602266666666665], [18.802218333333332, 54.60228], [18.802225, 54.60228333333334], [18.802235, 54.60227333333333], [18.802239999999998, 54.602275], [18.802223333333334, 54.60228333333334], [18.802223333333334, 54.60228166666666], [18.802226666666666, 54.602291666666666], [18.802228333333336, 54.60227333333333], [18.802225, 54.602285], [18.802221666666664, 54.60228333333334], [18.802218333333332, 54.60227666666666], [18.802231666666668, 54.60227666666666], [18.802221666666664, 54.60227], [18.802218333333332, 54.60228166666666], [18.802221666666664, 54.60225833333333], [18.802225, 54.60228333333334], [18.80222, 54.60227833333333], [18.802218333333332, 54.60227166666667], [18.802216666666666, 54.60227333333333], [18.802236666666666, 54.602275], [18.802221666666664, 54.60227666666666], [18.80222, 54.60227333333333], [18.802225, 54.602288333333334], [18.80221166666667, 54.60227333333333], [18.802226666666666, 54.60228], [18.80223, 54.60227], [18.802225, 54.60227833333333], [18.802215, 54.60227], [18.80221166666667, 54.60228], [18.80223833333333, 54.60227666666666], [18.802226666666666, 54.60228], [18.802215, 54.60227666666666], [18.802221666666664, 54.602275], [18.802216666666666, 54.60227833333333], [18.80223, 54.60229], [18.80222, 54.60227666666666], [18.802235, 54.602275], [18.802216666666666, 54.60227166666667], [18.802228333333336, 54.60228], [18.802243333333333, 54.602261666666664], [18.802226666666666, 54.60228666666667], [18.80221, 54.60228166666666], [18.802225, 54.60227333333333], [18.80223833333333, 54.60228166666666], [18.80221, 54.60227166666667], [18.802223333333334, 54.60227], [18.802226666666666, 54.602266666666665], [18.80221166666667, 54.602285], [18.802215, 54.60227833333333], [18.802233333333334, 54.60227], [18.802225, 54.60227666666666], [18.802213333333334, 54.60227666666666], [18.802226666666666, 54.60227333333333], [18.802243333333333, 54.6023], [18.802228333333336, 54.60227666666666], [18.802225, 54.60227333333333], [18.802213333333334, 54.60227833333333], [18.802228333333336, 54.60227166666667], [18.80222, 54.60228333333334], [18.802215, 54.60227333333333], [18.802223333333334, 54.602275], [18.802233333333334, 54.60227333333333], [18.802233333333334, 54.60227333333333], [18.80222, 54.602265], [18.80221166666667, 54.602268333333335], [18.802223333333334, 54.60227333333333], [18.80223, 54.60227166666667], [18.802233333333334, 54.60227166666667], [18.802226666666666, 54.602275], [18.802225, 54.60228333333334], [18.802205, 54.60227], [18.802216666666666, 54.602275], [18.80222, 54.602275], [18.802225, 54.60227666666666], [18.802215, 54.602275], [18.802203333333335, 54.602288333333334], [18.80221, 54.60224166666667], [18.802223333333334, 54.60227833333333], [18.802213333333334, 54.60227666666666], [18.80223833333333, 54.60225833333333], [18.80223, 54.60227], [18.802231666666668, 54.602288333333334], [18.802221666666664, 54.602261666666664], [18.802226666666666, 54.602268333333335], [18.802223333333334, 54.60227333333333], [18.802226666666666, 54.602275], [18.802226666666666, 54.60226]]}, "properties": {"label": "JAS-76", "mmsi": "261007950", "imo": "", "name": "JAS-76", "shiptype": "", "first_seen_utc": "2026-01-02T00:25:44Z", "last_seen_utc": "2026-01-11T16:00:14Z", "destination": "HEL", "eta": "{'Day': 8, 'Hour': 14, 'Minute': 10, 'Month': 1}", "display": "", "links": "<a href=\"https://www.vesselfinder.com/vessels?name=261007950\" target=\"_blank\" rel=\"noopener\">VesselFinder</a> | <a href=\"https://www.marinetraffic.com/en/ais/search/all?keyword=261007950\" target=\"_blank\" rel=\"noopener\">MarineTraffic</a>", "vf_url": "https://www.vesselfinder.com/vessels?name=261007950", "mst_url": "https://www.marinetraffic.com/en/ais/search/all?keyword=261007950", "method": "v3_2pass_track3d_fromru10d", "ru_seen_in_lookback": true, "in_monitor_on_day": true}}, {"type": "Feature", "geometry": {"type": "Point", "coordinates": [18.802226666666666, 54.60226]}, "properties": {"label": "JAS-76", "mmsi": "261007950", "imo": "", "name": "JAS-76", "shiptype": "", "first_seen_utc": "2026-01-02T00:25:44Z", "last_seen_utc": "2026-01-11T16:00:14Z", "destination": "HEL", "eta": "{'Day': 8, 'Hour': 14, 'Minute': 10, 'Month': 1}", "display": "JAS-76 (261007950)", "links": "<a href=\"https://www.vesselfinder.com/vessels?name=261007950\" target=\"_blank\" rel=\"noopener\">VesselFinder</a> | <a href=\"https://www.marinetraffic.com/en/ais/search/all?keyword=261007950\" target=\"_blank\" rel=\"noopener\">MarineTraffic</a>", "vf_url": "https://www.vesselfinder.com/vessels?name=261007950", "mst_url": "https://www.marinetraffic.com/en/ais/search/all?keyword=261007950", "method": "v3_2pass_track3d_fromru10d", "ru_seen_in_lookback": true, "in_monitor_on_day": true}}, {"type": "Feature", "geometry": {"type": "LineString", "coordinates": [[18.802983333333334, 54.600055], [18.802961666666665, 54.600053333333335], [18.802973333333334, 54.60003166666667], [18.802971666666668, 54.60004333333333], [18.802973333333334, 54.60006666666666], [18.802933333333332, 54.600071666666665], [18.802955, 54.60011], [18.80296333333333, 54.60008666666667], [18.80295166666667, 54.60008333333334], [18.802934999999998, 54.600071666666665], [18.802931666666666, 54.600035000000005], [18.80293, 54.60004333333333], [18.80291833333333, 54.60005833333333], [18.80292166666667, 54.600045], [18.80295166666667, 54.60003666666667], [18.802955, 54.60004166666667], [18.802956666666667, 54.60004166666667], [18.802981666666668, 54.600055], [18.803003333333333, 54.60001833333333], [18.80296666666667, 54.60004], [18.802991666666667, 54.600055], [18.80300833333333, 54.60008833333333], [18.802975, 54.600078333333336], [18.802983333333334, 54.60006666666666], [18.802988333333335, 54.60006833333333], [18.80295, 54.60003833333334], [18.802964999999997, 54.60006166666667], [18.802948333333333, 54.600053333333335], [18.802956666666667, 54.60005833333333], [18.802964999999997, 54.60006833333333], [18.80295166666667, 54.600069999999995], [18.802983333333334, 54.600051666666666], [18.802979999999998, 54.600051666666666], [18.802991666666667, 54.600071666666665], [18.80299, 54.600065], [18.802986666666666, 54.600071666666665], [18.80295166666667, 54.60005833333333], [18.802970000000002, 54.600045], [18.802928333333334, 54.600071666666665], [18.802934999999998, 54.600071666666665], [18.802943333333335, 54.600075], [18.802941666666666, 54.60007333333333], [18.802931666666666, 54.600080000000005], [18.80295166666667, 54.600055], [18.802936666666668, 54.600069999999995], [18.80295166666667, 54.600051666666666], [18.80296666666667, 54.60006166666667], [18.802978333333332, 54.60006333333333], [18.802981666666668, 54.600045], [18.802948333333333, 54.600045], [18.80296666666667, 54.60006333333333], [18.802928333333334, 54.600055], [18.802925000000002, 54.60006], [18.802945, 54.60009166666667], [18.802948333333333, 54.60009166666667], [18.802964999999997, 54.60007333333333], [18.802945, 54.60007333333333], [18.802938333333334, 54.600026666666665], [18.802931666666666, 54.60004666666667], [18.80292166666667, 54.60004833333333], [18.802926666666668, 54.600045], [18.802958333333333, 54.60003833333334], [18.802946666666667, 54.600015], [18.802973333333334, 54.600045], [18.802993333333333, 54.600045], [18.803005, 54.600026666666665], [18.802970000000002, 54.60004333333333], [18.802988333333335, 54.60004166666667], [18.802983333333334, 54.60008666666667], [18.802956666666667, 54.600075], [18.802991666666667, 54.60005833333333], [18.803006666666665, 54.60006333333333], [18.80296333333333, 54.60005], [18.802970000000002, 54.60005666666667], [18.802961666666665, 54.60008166666667], [18.802970000000002, 54.600069999999995], [18.802964999999997, 54.600078333333336], [18.802945, 54.60008333333334], [18.802981666666668, 54.60006166666667], [18.802986666666666, 54.60004833333333], [18.802968333333336, 54.600069999999995], [18.802964999999997, 54.600078333333336], [18.802986666666666, 54.60007666666667], [18.80296, 54.60006833333333], [18.80296, 54.60004166666667], [18.80293, 54.600055], [18.802955, 54.60009], [18.802946666666667, 54.600065], [18.80295166666667, 54.60006666666666], [18.802934999999998, 54.60006833333333], [18.802945, 54.60004333333333], [18.802973333333334, 54.600033333333336], [18.802964999999997, 54.60002833333333], [18.802976666666666, 54.600026666666665], [18.803001666666667, 54.60002833333333], [18.802956666666667, 54.60003166666667], [18.802948333333333, 54.60003666666667], [18.802971666666668, 54.600035000000005], [18.80295, 54.600051666666666], [18.802913333333333, 54.600055], [18.802945, 54.60006833333333], [18.802946666666667, 54.60008666666667], [18.802946666666667, 54.60005833333333], [18.80292166666667, 54.60007333333333], [18.802943333333335, 54.60003666666667], [18.802931666666666, 54.600051666666666], [18.80292166666667, 54.600035000000005], [18.802903333333333, 54.60005], [18.802938333333334, 54.600051666666666], [18.802948333333333, 54.600045], [18.802945, 54.600035000000005], [18.802986666666666, 54.60004833333333], [18.802991666666667, 54.600024999999995], [18.802976666666666, 54.60004666666667], [18.802976666666666, 54.60005833333333], [18.802998333333335, 54.600085], [18.802983333333334, 54.600080000000005], [18.802988333333335, 54.60006333333333], [18.803006666666665, 54.60006333333333], [18.802979999999998, 54.60006333333333], [18.80296, 54.60003], [18.80295, 54.60007333333333], [18.802953333333335, 54.60006333333333], [18.80295, 54.60008166666667], [18.802961666666665, 54.60007333333333], [18.80296333333333, 54.600069999999995]]}, "properties": {"label": "LEB-18", "mmsi": "261001230", "imo": "", "name": "LEB-18", "shiptype": "", "first_seen_utc": "2026-01-02T00:26:22Z", "last_seen_utc": "2026-01-11T15:53:24Z", "destination": "HEL>-BALTIC SEA>LEBA", "eta": "{'Day': 28, 'Hour': 17, 'Minute': 0, 'Month': 12}", "display": "", "links": "<a href=\"https://www.vesselfinder.com/vessels?name=261001230\" target=\"_blank\" rel=\"noopener\">VesselFinder</a> | <a href=\"https://www.marinetraffic.com/en/ais/search/all?keyword=261001230\" target=\"_blank\" rel=\"noopener\">MarineTraffic</a>", "vf_url": "https://www.vesselfinder.com/vessels?name=261001230", "mst_url": "https://www.marinetraffic.com/en/ais/search/all?keyword=261001230", "method": "v3_2pass_track3d_fromru10d", "ru_seen_in_lookback": true, "in_monitor_on_day": true}}, {"type": "Feature", "geometry": {"type": "Point", "coordinates": [18.80296333333333, 54.600069999999995]}, "properties": {"label": "LEB-18", "mmsi": "261001230", "imo": "", "name": "LEB-18", "shiptype": "", "first_seen_utc": "2026-01-02T00:26:22Z", "last_seen_utc": "2026-01-11T15:53:24Z", "destination": "HEL>-BALTIC SEA>LEBA", "eta": "{'Day': 28, 'Hour': 17, 'Minute': 0, 'Month': 12}", "display": "LEB-18 (261001230)", "links": "<a href=\"https://www.vesselfinder.com/vessels?name=261001230\" target=\"_blank\" rel=\"noopener\">VesselFinder</a> | <a href=\"https://www.marinetraffic.com/en/ais/search/all?keyword=261001230\" target=\"_blank\" rel=\"noopener\">MarineTraffic</a>", "vf_url": "https://www.vesselfinder.com/vessels?name=261001230", "mst_url": "https://www.marinetraffic.com/en/ais/search/all?keyword=261001230", "method": "v3_2pass_track3d_fromru10d", "ru_seen_in_lookback": true, "in_monitor_on_day": true}}, {"type": "Feature", "geometry": {"type": "LineString", "coordinates": [[10.887981666666667, 55.27601], [11.019326666666666, 55.27384333333334]]}, "properties": {"label": "UNITAR", "mmsi": "257364000", "imo": "9505687", "name": "UNITAR", "shiptype": "", "first_seen_utc": "2026-01-02T00:26:37Z", "last_seen_utc": "2026-01-11T15:37:23Z", "destination": "DKNBG", "eta": "{'Day': 8, 'Hour': 18, 'Minute': 0, 'Month': 1}", "display": "", "links": "<a href=\"https://www.vesselfinder.com/vessels?name=9505687\" target=\"_blank\" rel=\"noopener\">VesselFinder</a> | <a href=\"https://www.marinetraffic.com/en/ais/search/all?keyword=9505687\" target=\"_blank\" rel=\"noopener\">MarineTraffic</a>", "vf_url": "https://www.vesselfinder.com/vessels?name=9505687", "mst_url": "https://www.marinetraffic.com/en/ais/search/all?keyword=9505687", "method": "v3_2pass_track3d_fromru10d", "ru_seen_in_lookback": true, "in_monitor_on_day": true}}, {"type": "Feature", "geometry": {"type": "Point", "coordinates": [11.019326666666666, 55.27384333333334]}, "properties": {"label": "UNITAR", "mmsi": "257364000", "imo": "9505687", "name": "UNITAR", "shiptype": "", "first_seen_utc": "2026-01-02T00:26:37Z", "last_seen_utc": "2026-01-11T15:37:23Z", "destination": "DKNBG", "eta": "{'Day': 8, 'Hour': 18, 'Minute': 0, 'Month': 1}", "display": "UNITAR (257364000)", "links": "<a href=\"https://www.vesselfinder.com/vessels?name=9505687\" target=\"_blank\" rel=\"noopener\">VesselFinder</a> | <a href=\"https://www.marinetraffic.com/en/ais/search/all?keyword=9505687\" target=\"_blank\" rel=\"noopener\">MarineTraffic</a>", "vf_url": "https://www.vesselfinder.com/vessels?name=9505687", "mst_url": "https://www.marinetraffic.com/en/ais/search/all?keyword=9505687", "method": "v3_2pass_track3d_fromru10d", "ru_seen_in_lookback": true, "in_monitor_on_day": true}}, {"type": "Feature", "geometry": {"type": "LineString", "coordinates": [[18.657548333333335, 54.46178166666667], [18.65706, 54.46203833333333], [18.657238333333332, 54.461765], [18.65709, 54.46208166666667], [18.65727, 54.462183333333336], [18.657285, 54.461798333333334], [18.657221666666665, 54.461890000000004], [18.656993333333332, 54.46211], [18.65708, 54.46199], [18.656678333333332, 54.46262333333333], [18.656886666666665, 54.462493333333335], [18.65692, 54.462245], [18.656581666666668, 54.46291166666666], [18.65693, 54.46208333333333], [18.659045, 54.46252666666667], [18.665098333333333, 54.452655], [18.67816, 54.40324833333333], [18.653581666666664, 54.38179], [18.653698333333335, 54.38173], [18.653673333333334, 54.3818], [18.653689999999997, 54.381685], [18.653689999999997, 54.381825000000006], [18.653656666666667, 54.381836666666665], [18.653715, 54.381645000000006], [18.65375, 54.381753333333336], [18.65359, 54.38175833333333], [18.65361, 54.38178333333334], [18.653653333333335, 54.381715], [18.653705, 54.381753333333336], [18.65373, 54.38176166666666], [18.653650000000003, 54.381750000000004], [18.653653333333335, 54.38171], [18.653669999999998, 54.38172833333333], [18.65364333333333, 54.381661666666666], [18.653665, 54.38167833333333], [18.653666666666666, 54.38171166666667], [18.65372166666667, 54.381755], [18.653673333333334, 54.381721666666664], [18.65346333333333, 54.38171666666666], [18.653703333333333, 54.38174], [18.65363, 54.38173], [18.653701666666667, 54.38164666666667], [18.653703333333333, 54.381750000000004], [18.653681666666667, 54.381676666666664], [18.653628333333334, 54.38167166666666], [18.653698333333335, 54.38177833333334], [18.653731666666665, 54.38176833333333], [18.653736666666667, 54.381681666666665], [18.653624999999998, 54.381685], [18.653515000000002, 54.38174333333333], [18.653628333333334, 54.381721666666664], [18.65366, 54.38172833333333], [18.653658333333333, 54.38167833333333], [18.653686666666665, 54.38176333333333], [18.65375166666667, 54.381793333333334], [18.653728333333333, 54.38183], [18.653663333333334, 54.38178333333334], [18.653656666666667, 54.381746666666665], [18.65372166666667, 54.38173166666666], [18.653611666666666, 54.381735000000006], [18.65356166666667, 54.38174166666667], [18.653656666666667, 54.38176166666666], [18.653693333333333, 54.38175666666667], [18.653686666666665, 54.38169666666667], [18.653668333333332, 54.381771666666666], [18.65360666666667, 54.38162833333333], [18.653603333333333, 54.38166833333333], [18.653551666666665, 54.381613333333334], [18.653703333333333, 54.38182666666667], [18.653646666666667, 54.38167333333333], [18.653678333333335, 54.38171166666667], [18.653599999999997, 54.381690000000006], [18.653656666666667, 54.38175833333333], [18.653683333333333, 54.38168833333334], [18.653581666666664, 54.38178833333333], [18.653678333333335, 54.3817], [18.653393333333334, 54.38146833333334], [18.653656666666667, 54.38174], [18.653673333333334, 54.38171166666667], [18.65360666666667, 54.38180333333333], [18.65376, 54.38174333333333], [18.653665, 54.38176333333333], [18.653675, 54.38167], [18.65368, 54.38162833333333], [18.653765, 54.3818], [18.653578333333332, 54.38178666666667], [18.653661666666668, 54.38172833333333], [18.65364, 54.381703333333334], [18.653768333333336, 54.38174], [18.65382333333333, 54.38180833333333], [18.653615, 54.38174], [18.653653333333335, 54.38173333333334], [18.653705, 54.381746666666665], [18.653740000000003, 54.381836666666665], [18.65368833333333, 54.38176833333333], [18.653578333333332, 54.38179], [18.653746666666667, 54.38168833333334], [18.65364, 54.381811666666664], [18.653678333333335, 54.38171166666667], [18.653685, 54.38173166666666], [18.653653333333335, 54.38180333333333], [18.65368, 54.381726666666665], [18.65359833333333, 54.38173333333334], [18.653650000000003, 54.38171666666666], [18.65367666666667, 54.38167833333333], [18.653666666666666, 54.38175666666667], [18.65368, 54.38171833333333], [18.65364, 54.381750000000004], [18.653613333333332, 54.38177833333334], [18.653806666666664, 54.381585], [18.653648333333333, 54.38165333333333], [18.653793333333333, 54.38213833333334], [18.65372166666667, 54.38178166666667], [18.653633333333335, 54.38177333333333], [18.653771666666668, 54.38171166666667], [18.653608333333334, 54.381705000000004], [18.653705, 54.38165166666667], [18.653633333333335, 54.381661666666666], [18.65358666666667, 54.38173833333334], [18.653603333333333, 54.381721666666664], [18.653481666666668, 54.381811666666664]]}, "properties": {"label": "JIA RUN", "mmsi": "477925700", "imo": "9533361", "name": "JIA RUN", "shiptype": "", "first_seen_utc": "2026-01-02T00:27:22Z", "last_seen_utc": "2026-01-11T15:39:46Z", "destination": "GDANSK", "eta": "{'Day': 23, 'Hour': 12, 'Minute': 0, 'Month': 12}", "display": "", "links": "<a href=\"https://www.vesselfinder.com/vessels?name=9533361\" target=\"_blank\" rel=\"noopener\">VesselFinder</a> | <a href=\"https://www.marinetraffic.com/en/ais/search/all?keyword=9533361\" target=\"_blank\" rel=\"noopener\">MarineTraffic</a>", "vf_url": "https://www.vesselfinder.com/vessels?name=9533361", "mst_url": "https://www.marinetraffic.com/en/ais/search/all?keyword=9533361", "method": "v3_2pass_track3d_fromru10d", "ru_seen_in_lookback": true, "in_monitor_on_day": true}}, {"type": "Feature", "geometry": {"type": "Point", "coordinates": [18.653481666666668, 54.381811666666664]}, "properties": {"label": "JIA RUN", "mmsi": "477925700", "imo": "9533361", "name": "JIA RUN", "shiptype": "", "first_seen_utc": "2026-01-02T00:27:22Z", "last_seen_utc": "2026-01-11T15:39:46Z", "destination": "GDANSK", "eta": "{'Day': 23, 'Hour': 12, 'Minute': 0, 'Month': 12}", "display": "JIA RUN (477925700)", "links": "<a href=\"https://www.vesselfinder.com/vessels?name=9533361\" target=\"_blank\" rel=\"noopener\">VesselFinder</a> | <a href=\"https://www.marinetraffic.com/en/ais/search/all?keyword=9533361\" target=\"_blank\" rel=\"noopener\">MarineTraffic</a>", "vf_url": "https://www.vesselfinder.com/vessels?name=9533361", "mst_url": "https://www.marinetraffic.com/en/ais/search/all?keyword=9533361", "method": "v3_2pass_track3d_fromru10d", "ru_seen_in_lookback": true, "in_monitor_on_day": true}}, {"type": "Feature", "geometry": {"type": "LineString", "coordinates": [[18.803493333333332, 54.600335], [18.802146666666665, 54.603224999999995], [18.802165, 54.6032], [18.802145, 54.60327666666667], [18.802186666666667, 54.603215], [18.802138333333335, 54.603245], [18.802151666666667, 54.60321], [18.802141666666667, 54.60322333333333], [18.80210333333333, 54.60323666666667], [18.802125, 54.60325], [18.802098333333333, 54.60326], [18.802131666666664, 54.603233333333336], [18.80212, 54.60320333333333], [18.802176666666664, 54.60321], [18.802135, 54.603235000000005], [18.802138333333335, 54.60323666666667], [18.802126666666666, 54.60322], [18.802158333333335, 54.603235000000005], [18.802161666666667, 54.603224999999995], [18.80216666666667, 54.60321333333333], [18.80209166666667, 54.60321333333333], [18.802203333333335, 54.603224999999995], [18.802151666666667, 54.60322833333333], [18.802126666666666, 54.60321833333333], [18.80214833333333, 54.60323], [18.802143333333333, 54.60321], [18.802143333333333, 54.60321], [18.802146666666665, 54.60321833333333], [18.802188333333334, 54.60319166666667], [18.80213666666667, 54.60322], [18.802146666666665, 54.603195], [18.802145, 54.60324], [18.802141666666667, 54.60323], [18.802155000000003, 54.60323166666667], [18.802121666666668, 54.60325833333333], [18.802121666666668, 54.60321166666667], [18.802146666666665, 54.60322166666666], [18.802153333333333, 54.603235000000005], [18.802143333333333, 54.603208333333335], [18.80214833333333, 54.60316833333333], [18.802161666666667, 54.60321666666667], [18.802131666666664, 54.60323166666667], [18.802138333333335, 54.603226666666664], [18.802165, 54.60323666666667], [18.801969999999997, 54.60315166666667], [18.802110000000003, 54.60321666666667], [18.802141666666667, 54.60321166666667], [18.802123333333334, 54.603233333333336], [18.802146666666665, 54.603224999999995], [18.802145, 54.60322833333333], [18.802135, 54.603253333333335], [18.802158333333335, 54.603224999999995], [18.802138333333335, 54.60323], [18.80212, 54.60321166666667], [18.802145, 54.603208333333335], [18.802153333333333, 54.60321833333333], [18.80214, 54.603235000000005], [18.80211166666667, 54.60324833333333], [18.802131666666664, 54.60324166666667], [18.802101666666665, 54.60321166666667], [18.80214833333333, 54.603226666666664], [18.802088333333334, 54.60322333333333], [18.80216666666667, 54.60327333333333], [18.802143333333333, 54.6032], [18.80213666666667, 54.60321333333333], [18.802141666666667, 54.603206666666665], [18.802146666666665, 54.60321], [18.80212, 54.603208333333335], [18.80214, 54.603208333333335], [18.80216, 54.60321], [18.80213666666667, 54.60321333333333], [18.80214833333333, 54.60321333333333], [18.802128333333332, 54.603175], [18.802143333333333, 54.60323833333334], [18.802161666666667, 54.60321333333333], [18.80215666666667, 54.60322], [18.80215666666667, 54.60323], [18.802131666666664, 54.60319833333333], [18.80213, 54.60323166666667], [18.802153333333333, 54.60321333333333], [18.802149999999997, 54.60322333333333], [18.802113333333335, 54.60323666666667], [18.802104999999997, 54.60321333333333], [18.802123333333334, 54.603226666666664], [18.802098333333333, 54.603233333333336], [18.802121666666668, 54.603208333333335], [18.80216, 54.603190000000005], [18.802146666666665, 54.603205], [18.802135, 54.60321833333333], [18.80213, 54.603235000000005], [18.802171666666666, 54.603235000000005], [18.802093333333335, 54.60319666666667], [18.802128333333332, 54.60319666666667], [18.802165, 54.60319333333334], [18.802128333333332, 54.603215], [18.802106666666667, 54.60319166666667], [18.802141666666667, 54.60321833333333], [18.802106666666667, 54.603251666666665], [18.802196666666667, 54.603206666666665], [18.802126666666666, 54.603215], [18.802158333333335, 54.60321], [18.802101666666665, 54.60322], [18.802128333333332, 54.603226666666664], [18.80209, 54.603255], [18.802125, 54.603235000000005], [18.802126666666666, 54.60324166666667], [18.802125, 54.603215], [18.802141666666667, 54.60321833333333], [18.80213, 54.603251666666665], [18.80212, 54.603255], [18.802135, 54.603165], [18.802128333333332, 54.60321666666667], [18.802149999999997, 54.603233333333336], [18.802194999999998, 54.603185], [18.802088333333334, 54.603253333333335], [18.802135, 54.603206666666665], [18.80216, 54.60323666666667], [18.802138333333335, 54.60321666666667], [18.80213666666667, 54.60323166666667], [18.80213666666667, 54.60321333333333], [18.802158333333335, 54.60324666666667], [18.802151666666667, 54.603224999999995], [18.802126666666666, 54.603226666666664], [18.802171666666666, 54.603224999999995], [18.802158333333335, 54.60321], [18.802133333333334, 54.603251666666665]]}, "properties": {"label": "HEL 112", "mmsi": "261001880", "imo": "7625861", "name": "HEL 112", "shiptype": "", "first_seen_utc": "2026-01-02T00:27:23Z", "last_seen_utc": "2026-01-11T15:53:54Z", "destination": "KEEP SAFE DIST 03AFT", "eta": "{'Day': 1, 'Hour': 0, 'Minute': 0, 'Month': 1}", "display": "", "links": "<a href=\"https://www.vesselfinder.com/vessels?name=7625861\" target=\"_blank\" rel=\"noopener\">VesselFinder</a> | <a href=\"https://www.marinetraffic.com/en/ais/search/all?keyword=7625861\" target=\"_blank\" rel=\"noopener\">MarineTraffic</a>", "vf_url": "https://www.vesselfinder.com/vessels?name=7625861", "mst_url": "https://www.marinetraffic.com/en/ais/search/all?keyword=7625861", "method": "v3_2pass_track3d_fromru10d", "ru_seen_in_lookback": true, "in_monitor_on_day": true}}, {"type": "Feature", "geometry": {"type": "Point", "coordinates": [18.802133333333334, 54.603251666666665]}, "properties": {"label": "HEL 112", "mmsi": "261001880", "imo": "7625861", "name": "HEL 112", "shiptype": "", "first_seen_utc": "2026-01-02T00:27:23Z", "last_seen_utc": "2026-01-11T15:53:54Z", "destination": "KEEP SAFE DIST 03AFT", "eta": "{'Day': 1, 'Hour': 0, 'Minute': 0, 'Month': 1}", "display": "HEL 112 (261001880)", "links": "<a href=\"https://www.vesselfinder.com/vessels?name=7625861\" target=\"_blank\" rel=\"noopener\">VesselFinder</a> | <a href=\"https://www.marinetraffic.com/en/ais/search/all?keyword=7625861\" target=\"_blank\" rel=\"noopener\">MarineTraffic</a>", "vf_url": "https://www.vesselfinder.com/vessels?name=7625861", "mst_url": "https://www.marinetraffic.com/en/ais/search/all?keyword=7625861", "method": "v3_2pass_track3d_fromru10d", "ru_seen_in_lookback": true, "in_monitor_on_day": true}}, {"type": "Feature", "geometry": {"type": "LineString", "coordinates": [[7.180001666666667, 54.86238], [7.212836666666666, 54.78438833333333], [7.239796666666667, 54.70802166666667], [7.2679116666666665, 54.62631], [7.296425, 54.54589166666666], [7.326395000000001, 54.459828333333334], [7.554421666666667, 54.04280000000001], [7.6139600000000005, 53.983961666666666], [7.668346666666666, 53.927216666666666], [7.758568333333333, 53.88241666666667], [7.865648333333334, 53.870115000000006], [8.011316666666666, 53.850256666666674], [8.116431666666667, 53.814335], [8.19848, 53.75401166666666], [8.31484, 53.70651333333333], [8.42041, 53.64318333333333], [8.508273333333333, 53.60105333333333], [8.512651666666667, 53.59999833333333], [8.512643333333333, 53.59997], [8.512648333333333, 53.59999833333333], [8.512635, 53.599985], [8.512625, 53.599981666666665], [8.512655, 53.59997], [8.512716666666666, 53.599955], [8.512628333333334, 53.59997], [8.512648333333333, 53.59995], [8.512591666666667, 53.59998333333333], [8.512673333333334, 53.59996666666667], [8.51256, 53.60001333333333], [8.512656666666667, 53.59992166666667], [8.512706666666666, 53.600005], [8.512616666666666, 53.59995666666667], [8.51266, 53.59994], [8.512615, 53.599975], [8.512533333333334, 53.59997666666666], [8.512595, 53.59996666666667], [8.512633333333333, 53.59999666666667], [8.512658333333333, 53.599985], [8.512671666666666, 53.59995166666667], [8.512666666666666, 53.59995166666667], [8.512616666666666, 53.59986666666667], [8.512703333333333, 53.599925], [8.512656666666667, 53.59997], [8.512635, 53.59995166666667], [8.512696666666667, 53.599943333333336], [8.512625, 53.600024999999995], [8.512618333333332, 53.59997833333333], [8.512598333333333, 53.59997833333333], [8.512716666666666, 53.599981666666665], [8.512643333333333, 53.59997666666666], [8.51263, 53.59997166666667], [8.512686666666665, 53.599988333333336], [8.512653333333335, 53.599995], [8.512641666666667, 53.59997], [8.512643333333333, 53.599961666666665], [8.51262, 53.599955], [8.512655, 53.59999666666667], [8.512668333333334, 53.59997666666666], [8.512668333333334, 53.599995], [8.512695, 53.59995666666667], [8.512696666666667, 53.59993333333333], [8.512661666666666, 53.59996833333333], [8.512636666666667, 53.599975], [8.512666666666666, 53.59994833333334], [8.51264, 53.60004166666667], [8.512703333333333, 53.59995833333333], [8.512668333333334, 53.59994], [8.512645, 53.59994666666667], [8.51263, 53.599965], [8.512581666666668, 53.59993], [8.512646666666667, 53.59996833333333], [8.51266, 53.59995166666667], [8.512641666666667, 53.59996666666667], [8.512718333333334, 53.59995833333333], [8.512621666666666, 53.59987833333333], [8.512695, 53.599965], [8.512741666666667, 53.600006666666665], [8.51265, 53.59995833333333], [8.512678333333334, 53.599943333333336], [8.512653333333335, 53.599936666666665], [8.512756666666666, 53.59985833333334], [8.512623333333334, 53.59994], [8.512705, 53.60003], [8.512816666666668, 53.599981666666665], [8.51266, 53.59995666666667], [8.51251, 53.599891666666664], [8.51283, 53.59988166666667], [8.512685, 53.59995666666667], [8.512533333333334, 53.600055], [8.512653333333335, 53.59997166666667], [8.512663333333332, 53.60002], [8.51262, 53.600024999999995], [8.512615, 53.599873333333335], [8.512718333333334, 53.60001666666667], [8.512648333333333, 53.59990333333334], [8.512695, 53.60000333333333]]}, "properties": {"label": "JPO GEMINI", "mmsi": "636091995", "imo": "9294020", "name": "JPO GEMINI", "shiptype": "", "first_seen_utc": "2026-01-02T00:27:40Z", "last_seen_utc": "2026-01-11T15:34:46Z", "destination": "DEWVN", "eta": "{'Day': 15, 'Hour': 1, 'Minute': 30, 'Month': 1}", "display": "", "links": "<a href=\"https://www.vesselfinder.com/vessels?name=9294020\" target=\"_blank\" rel=\"noopener\">VesselFinder</a> | <a href=\"https://www.marinetraffic.com/en/ais/search/all?keyword=9294020\" target=\"_blank\" rel=\"noopener\">MarineTraffic</a>", "vf_url": "https://www.vesselfinder.com/vessels?name=9294020", "mst_url": "https://www.marinetraffic.com/en/ais/search/all?keyword=9294020", "method": "v3_2pass_track3d_fromru10d", "ru_seen_in_lookback": true, "in_monitor_on_day": true}}, {"type": "Feature", "geometry": {"type": "Point", "coordinates": [8.512695, 53.60000333333333]}, "properties": {"label": "JPO GEMINI", "mmsi": "636091995", "imo": "9294020", "name": "JPO GEMINI", "shiptype": "", "first_seen_utc": "2026-01-02T00:27:40Z", "last_seen_utc": "2026-01-11T15:34:46Z", "destination": "DEWVN", "eta": "{'Day': 15, 'Hour': 1, 'Minute': 30, 'Month': 1}", "display": "JPO GEMINI (636091995)", "links": "<a href=\"https://www.vesselfinder.com/vessels?name=9294020\" target=\"_blank\" rel=\"noopener\">VesselFinder</a> | <a href=\"https://www.marinetraffic.com/en/ais/search/all?keyword=9294020\" target=\"_blank\" rel=\"noopener\">MarineTraffic</a>", "vf_url": "https://www.vesselfinder.com/vessels?name=9294020", "mst_url": "https://www.marinetraffic.com/en/ais/search/all?keyword=9294020", "method": "v3_2pass_track3d_fromru10d", "ru_seen_in_lookback": true, "in_monitor_on_day": true}}, {"type": "Feature", "geometry": {"type": "LineString", "coordinates": [[18.80078, 54.602195], [18.800765000000002, 54.60218], [18.800774999999998, 54.6022], [18.800735, 54.6022], [18.80074, 54.60221], [18.80077, 54.60221], [18.800785, 54.6022], [18.800765000000002, 54.60221], [18.800795, 54.602185], [18.80079, 54.602185], [18.800805, 54.602205000000005], [18.80078, 54.602205000000005], [18.800774999999998, 54.602195], [18.80078, 54.602185], [18.80079, 54.602195], [18.800765000000002, 54.60219], [18.80076, 54.602185], [18.80077, 54.60221], [18.800774999999998, 54.602195], [18.80075, 54.6022], [18.80076, 54.60221], [18.800774999999998, 54.6022], [18.800785, 54.6022], [18.800785, 54.6022], [18.80077, 54.602195], [18.80078, 54.6022], [18.800765000000002, 54.602195], [18.800774999999998, 54.60221], [18.800774999999998, 54.60221], [18.800765000000002, 54.602185], [18.80078, 54.602185], [18.800785, 54.60219], [18.800774999999998, 54.6022], [18.80077, 54.602205000000005], [18.80077, 54.6022], [18.80076, 54.60221], [18.80077, 54.60219], [18.800765000000002, 54.602195], [18.800774999999998, 54.602205000000005], [18.800774999999998, 54.60221], [18.80077, 54.6022], [18.80079, 54.60219], [18.80077, 54.602195], [18.800765000000002, 54.602205000000005], [18.80077, 54.602185], [18.80076, 54.6022], [18.800774999999998, 54.60219], [18.80076, 54.60221], [18.80077, 54.60219], [18.80077, 54.60221], [18.800765000000002, 54.60221], [18.80077, 54.602195], [18.800765000000002, 54.602205000000005], [18.800785, 54.602185], [18.800765000000002, 54.602195], [18.80078, 54.60219], [18.80078, 54.602195], [18.800785, 54.602195], [18.800774999999998, 54.6022], [18.80075, 54.602205000000005], [18.800765000000002, 54.602195], [18.80078, 54.60219], [18.80079, 54.60219], [18.800765000000002, 54.602195], [18.80077, 54.602205000000005], [18.80078, 54.60219], [18.80078, 54.602195], [18.800765000000002, 54.60221], [18.80077, 54.602195], [18.800765000000002, 54.602205000000005], [18.800774999999998, 54.602195], [18.800765000000002, 54.602205000000005], [18.80076, 54.602205000000005], [18.80076, 54.602195], [18.80078, 54.60221], [18.800774999999998, 54.602205000000005], [18.800785, 54.6022], [18.80077, 54.60219], [18.80078, 54.602195], [18.80078, 54.6022], [18.80077, 54.60221], [18.800774999999998, 54.60219], [18.800755, 54.602205000000005], [18.800755, 54.6022], [18.800774999999998, 54.60219], [18.80078, 54.602205000000005], [18.800785, 54.60221], [18.80077, 54.602195], [18.80079, 54.60219], [18.80077, 54.60218], [18.80078, 54.602195], [18.80079, 54.6022], [18.800755, 54.602195], [18.800785, 54.602185], [18.80077, 54.602205000000005], [18.800765000000002, 54.602195], [18.800774999999998, 54.6022], [18.80077, 54.602205000000005], [18.800774999999998, 54.6022], [18.800765000000002, 54.602195], [18.800774999999998, 54.60219], [18.800765000000002, 54.6022], [18.800774999999998, 54.602205000000005], [18.800795, 54.6022], [18.800785, 54.602195], [18.800774999999998, 54.602205000000005], [18.800745, 54.602195], [18.800795, 54.60219], [18.800774999999998, 54.60219], [18.800774999999998, 54.60219], [18.800765000000002, 54.6022], [18.80078, 54.602205000000005], [18.80078, 54.60219], [18.80077, 54.602195], [18.800755, 54.60221], [18.800774999999998, 54.602215], [18.800774999999998, 54.602205000000005], [18.80078, 54.602195], [18.8008, 54.60219], [18.800785, 54.602235], [18.800774999999998, 54.6022], [18.800774999999998, 54.60219], [18.80078, 54.6022], [18.800774999999998, 54.60219], [18.80077, 54.6022]]}, "properties": {"label": "LEB 62", "mmsi": "261013840", "imo": "", "name": "LEB 62", "shiptype": "", "first_seen_utc": "2026-01-02T00:28:04Z", "last_seen_utc": "2026-01-11T15:34:10Z", "destination": "KEEP SAFE DIST 03AFT", "eta": "{'Day': 0, 'Hour': 24, 'Minute': 60, 'Month': 0}", "display": "", "links": "<a href=\"https://www.vesselfinder.com/vessels?name=261013840\" target=\"_blank\" rel=\"noopener\">VesselFinder</a> | <a href=\"https://www.marinetraffic.com/en/ais/search/all?keyword=261013840\" target=\"_blank\" rel=\"noopener\">MarineTraffic</a>", "vf_url": "https://www.vesselfinder.com/vessels?name=261013840", "mst_url": "https://www.marinetraffic.com/en/ais/search/all?keyword=261013840", "method": "v3_2pass_track3d_fromru10d", "ru_seen_in_lookback": true, "in_monitor_on_day": true}}, {"type": "Feature", "geometry": {"type": "Point", "coordinates": [18.80077, 54.6022]}, "properties": {"label": "LEB 62", "mmsi": "261013840", "imo": "", "name": "LEB 62", "shiptype": "", "first_seen_utc": "2026-01-02T00:28:04Z", "last_seen_utc": "2026-01-11T15:34:10Z", "destination": "KEEP SAFE DIST 03AFT", "eta": "{'Day': 0, 'Hour': 24, 'Minute': 60, 'Month': 0}", "display": "LEB 62 (261013840)", "links": "<a href=\"https://www.vesselfinder.com/vessels?name=261013840\" target=\"_blank\" rel=\"noopener\">VesselFinder</a> | <a href=\"https://www.marinetraffic.com/en/ais/search/all?keyword=261013840\" target=\"_blank\" rel=\"noopener\">MarineTraffic</a>", "vf_url": "https://www.vesselfinder.com/vessels?name=261013840", "mst_url": "https://www.marinetraffic.com/en/ais/search/all?keyword=261013840", "method": "v3_2pass_track3d_fromru10d", "ru_seen_in_lookback": true, "in_monitor_on_day": true}}, {"type": "Feature", "geometry": {"type": "LineString", "coordinates": [[18.67057833333333, 54.35954], [18.67059833333333, 54.359495], [18.670651666666668, 54.35948666666666], [18.670630000000003, 54.359505], [18.670605000000002, 54.359548333333336], [18.670685, 54.35947], [18.670523333333332, 54.35946833333333], [18.670678333333335, 54.35941833333333], [18.670618333333334, 54.359473333333334], [18.670538333333333, 54.35949333333333], [18.670515, 54.35955166666667], [18.670583333333333, 54.359500000000004], [18.670521666666666, 54.359503333333336], [18.670571666666667, 54.359455000000004], [18.670646666666666, 54.35948666666666], [18.670630000000003, 54.35949166666667], [18.67062, 54.35950666666667], [18.670646666666666, 54.359453333333335], [18.670560000000002, 54.359495], [18.670826666666667, 54.359345], [18.67066833333333, 54.35942166666667], [18.670636666666667, 54.35946], [18.670636666666667, 54.35948], [18.670605000000002, 54.359495], [18.670655, 54.359495], [18.670611666666666, 54.35948], [18.670608333333334, 54.35946166666667], [18.670571666666667, 54.35949333333333], [18.670601666666666, 54.359515], [18.670638333333333, 54.359458333333336], [18.67059833333333, 54.35950666666667], [18.67057833333333, 54.359503333333336], [18.670650000000002, 54.359495], [18.670551666666665, 54.35946666666667], [18.670575, 54.359518333333334], [18.670565, 54.35949], [18.670571666666667, 54.35950166666667], [18.670626666666667, 54.35944166666666], [18.670645, 54.35946666666667], [18.670585000000003, 54.35948], [18.67057833333333, 54.35943666666667], [18.670618333333334, 54.359498333333335], [18.67064333333333, 54.359458333333336], [18.670626666666667, 54.35949166666667], [18.670608333333334, 54.35948666666666], [18.670543333333335, 54.35948833333334], [18.670585000000003, 54.35948], [18.670545, 54.35952833333333], [18.670648333333336, 54.359503333333336], [18.67063166666667, 54.359476666666666], [18.670573333333333, 54.359516666666664], [18.670596666666665, 54.35950666666667], [18.670595, 54.359563333333334], [18.670583333333333, 54.35948166666667], [18.670653333333334, 54.359474999999996], [18.670611666666666, 54.35948333333333], [18.670518333333334, 54.35951166666667], [18.670566666666666, 54.35950166666667], [18.670526666666667, 54.35948166666667], [18.670608333333334, 54.359485], [18.670561666666668, 54.35949333333333], [18.670573333333333, 54.359471666666664], [18.670573333333333, 54.35945], [18.670605000000002, 54.359500000000004], [18.670583333333333, 54.35947833333333], [18.670596666666665, 54.359498333333335], [18.670596666666665, 54.359485], [18.670669999999998, 54.35944166666666], [18.67063166666667, 54.35948833333334], [18.670646666666666, 54.35949666666667], [18.670615, 54.35947], [18.670606666666668, 54.359498333333335], [18.67061, 54.359500000000004], [18.670588333333335, 54.359519999999996], [18.67062, 54.35951166666667], [18.670635, 54.359515], [18.670665, 54.359474999999996], [18.67064, 54.35950833333333], [18.67057833333333, 54.359521666666666], [18.670630000000003, 54.35951], [18.670563333333334, 54.35948166666667], [18.670571666666667, 54.35953333333334], [18.670555, 54.35950666666667], [18.670618333333334, 54.359485], [18.670651666666668, 54.35946], [18.670611666666666, 54.35948666666666], [18.670565, 54.35944833333333], [18.67058666666667, 54.35946166666667], [18.670548333333333, 54.359500000000004], [18.670521666666666, 54.359521666666666], [18.67063166666667, 54.35946333333333], [18.67059, 54.35949166666667], [18.67059, 54.359455000000004], [18.670645, 54.359453333333335], [18.670560000000002, 54.35948], [18.67062, 54.35949166666667], [18.670624999999998, 54.35949166666667], [18.670565, 54.359500000000004], [18.67059833333333, 54.359458333333336], [18.67059833333333, 54.35955333333333], [18.67062, 54.35948833333334], [18.670648333333336, 54.35946666666667], [18.670603333333336, 54.359476666666666], [18.670540000000003, 54.35953166666666], [18.670585000000003, 54.35947], [18.670566666666666, 54.35949666666667], [18.67057833333333, 54.35948833333334], [18.670561666666668, 54.35946833333333], [18.670531666666665, 54.35950833333333], [18.670591666666667, 54.359485], [18.67064, 54.35951333333333], [18.670565, 54.35952666666667], [18.670579999999998, 54.35951166666667], [18.670618333333334, 54.35949166666667], [18.6706, 54.359503333333336], [18.670628333333333, 54.359505], [18.67061, 54.35949333333333], [18.670618333333334, 54.35948166666667], [18.67066833333333, 54.35951166666667], [18.670611666666666, 54.35952333333333], [18.67055333333333, 54.35951166666667], [18.670591666666667, 54.359505], [18.670606666666668, 54.35947833333333], [18.670661666666668, 54.359498333333335], [18.670593333333333, 54.35949166666667], [18.670546666666667, 54.359516666666664]]}, "properties": {"label": "SM-PRC-107", "mmsi": "261011150", "imo": "8899108", "name": "SM-PRC-107", "shiptype": "", "first_seen_utc": "2026-01-02T00:28:42Z", "last_seen_utc": "2026-01-11T15:47:11Z", "destination": "GDANSK", "eta": "{'Day': 10, 'Hour': 22, 'Minute': 0, 'Month': 12}", "display": "", "links": "<a href=\"https://www.vesselfinder.com/vessels?name=8899108\" target=\"_blank\" rel=\"noopener\">VesselFinder</a> | <a href=\"https://www.marinetraffic.com/en/ais/search/all?keyword=8899108\" target=\"_blank\" rel=\"noopener\">MarineTraffic</a>", "vf_url": "https://www.vesselfinder.com/vessels?name=8899108", "mst_url": "https://www.marinetraffic.com/en/ais/search/all?keyword=8899108", "method": "v3_2pass_track3d_fromru10d", "ru_seen_in_lookback": true, "in_monitor_on_day": true}}, {"type": "Feature", "geometry": {"type": "Point", "coordinates": [18.670546666666667, 54.359516666666664]}, "properties": {"label": "SM-PRC-107", "mmsi": "261011150", "imo": "8899108", "name": "SM-PRC-107", "shiptype": "", "first_seen_utc": "2026-01-02T00:28:42Z", "last_seen_utc": "2026-01-11T15:47:11Z", "destination": "GDANSK", "eta": "{'Day': 10, 'Hour': 22, 'Minute': 0, 'Month': 12}", "display": "SM-PRC-107 (261011150)", "links": "<a href=\"https://www.vesselfinder.com/vessels?name=8899108\" target=\"_blank\" rel=\"noopener\">VesselFinder</a> | <a href=\"https://www.marinetraffic.com/en/ais/search/all?keyword=8899108\" target=\"_blank\" rel=\"noopener\">MarineTraffic</a>", "vf_url": "https://www.vesselfinder.com/vessels?name=8899108", "mst_url": "https://www.marinetraffic.com/en/ais/search/all?keyword=8899108", "method": "v3_2pass_track3d_fromru10d", "ru_seen_in_lookback": true, "in_monitor_on_day": true}}, {"type": "Feature", "geometry": {"type": "LineString", "coordinates": [[18.67389166666667, 54.394868333333335], [18.67385833333333, 54.394843333333334], [18.67387, 54.39486], [18.673923333333335, 54.394845000000004], [18.673868333333335, 54.39485166666667], [18.673856666666666, 54.39485], [18.673856666666666, 54.39487833333333], [18.673878333333334, 54.394815], [18.673916666666667, 54.394868333333335], [18.673893333333336, 54.394890000000004], [18.673853333333334, 54.39483499999999], [18.673859999999998, 54.39485166666667], [18.673889999999997, 54.394846666666666], [18.673853333333334, 54.39487333333333], [18.67390333333333, 54.394821666666665], [18.673883333333333, 54.39484], [18.673875, 54.39483499999999], [18.673861666666667, 54.39485333333334], [18.67389166666667, 54.394843333333334], [18.673883333333333, 54.394848333333336], [18.673878333333334, 54.39485833333333], [18.673871666666667, 54.394845000000004], [18.673855, 54.39485666666667], [18.673901666666666, 54.394861666666664], [18.6739, 54.39486333333333], [18.673861666666667, 54.394845000000004], [18.673866666666665, 54.39485333333334], [18.673868333333335, 54.394855], [18.673844999999996, 54.394868333333335], [18.67385, 54.394855], [18.673841666666664, 54.39484166666667], [18.67387666666667, 54.39488666666667], [18.673848333333336, 54.39485], [18.673868333333335, 54.39485333333334], [18.673886666666665, 54.39486], [18.673856666666666, 54.394848333333336], [18.67387, 54.394868333333335], [18.673868333333335, 54.39483166666666], [18.673844999999996, 54.394825], [18.673873333333333, 54.39485666666667], [18.673883333333333, 54.394848333333336], [18.673895, 54.39485666666667], [18.673881666666666, 54.394868333333335], [18.673871666666667, 54.39485333333334], [18.673865, 54.39485333333334], [18.673889999999997, 54.39485333333334], [18.673881666666666, 54.394866666666665], [18.673878333333334, 54.394861666666664], [18.673853333333334, 54.39485833333333], [18.67385833333333, 54.39485833333333], [18.673859999999998, 54.394843333333334], [18.673886666666665, 54.39485166666667], [18.673863333333333, 54.394866666666665], [18.673878333333334, 54.394846666666666], [18.673908333333333, 54.394855], [18.673893333333336, 54.39485166666667], [18.67387666666667, 54.39486], [18.673883333333333, 54.39485833333333], [18.673866666666665, 54.394848333333336], [18.67388833333333, 54.39483666666667], [18.673856666666666, 54.394848333333336], [18.673866666666665, 54.39484], [18.673863333333333, 54.394843333333334], [18.673861666666667, 54.39485333333334], [18.673875, 54.394843333333334], [18.673861666666667, 54.394864999999996], [18.673861666666667, 54.394843333333334], [18.673868333333335, 54.394861666666664], [18.673861666666667, 54.39485], [18.673861666666667, 54.39485166666667], [18.67389166666667, 54.394855], [18.67387666666667, 54.394843333333334], [18.67387666666667, 54.394861666666664], [18.673873333333333, 54.39485166666667], [18.673881666666666, 54.394855], [18.67387, 54.39485833333333], [18.673863333333333, 54.394861666666664], [18.67388, 54.394866666666665], [18.673868333333335, 54.394861666666664], [18.673878333333334, 54.39485666666667], [18.673883333333333, 54.39485333333334], [18.673866666666665, 54.39484], [18.673871666666667, 54.39483833333334], [18.67388833333333, 54.39485166666667], [18.673875, 54.394855], [18.673881666666666, 54.394848333333336], [18.673868333333335, 54.39485166666667], [18.673873333333333, 54.39483499999999], [18.67388833333333, 54.394855], [18.673871666666667, 54.394848333333336], [18.673871666666667, 54.394845000000004], [18.673883333333333, 54.39484], [18.673868333333335, 54.39484], [18.673855, 54.39485166666667], [18.673875, 54.394845000000004], [18.67388833333333, 54.394846666666666], [18.67388, 54.39483833333334], [18.673875, 54.394866666666665], [18.67387666666667, 54.39483666666667], [18.67384333333333, 54.39485333333334], [18.673853333333334, 54.39484], [18.673859999999998, 54.39485], [18.673861666666667, 54.39485833333333], [18.673878333333334, 54.394864999999996], [18.673859999999998, 54.39485166666667], [18.673881666666666, 54.39484166666667], [18.673886666666665, 54.394846666666666], [18.673863333333333, 54.39483333333333], [18.673886666666665, 54.39482666666667], [18.67383166666667, 54.394846666666666], [18.673873333333333, 54.394848333333336], [18.67384333333333, 54.39483], [18.673855, 54.394845000000004], [18.673871666666667, 54.39485], [18.67389166666667, 54.39486], [18.673828333333333, 54.39487166666667], [18.673881666666666, 54.394855], [18.673893333333336, 54.394868333333335], [18.673883333333333, 54.39485166666667], [18.673875, 54.39487666666666], [18.673886666666665, 54.39485833333333]]}, "properties": {"label": "OCEANIA", "mmsi": "261000150", "imo": "8304854", "name": "OCEANIA", "shiptype": "", "first_seen_utc": "2026-01-02T00:29:32Z", "last_seen_utc": "2026-01-11T15:33:18Z", "destination": "GDANSK", "eta": "{'Day': 9, 'Hour': 7, 'Minute': 0, 'Month': 1}", "display": "", "links": "<a href=\"https://www.vesselfinder.com/vessels?name=8304854\" target=\"_blank\" rel=\"noopener\">VesselFinder</a> | <a href=\"https://www.marinetraffic.com/en/ais/search/all?keyword=8304854\" target=\"_blank\" rel=\"noopener\">MarineTraffic</a>", "vf_url": "https://www.vesselfinder.com/vessels?name=8304854", "mst_url": "https://www.marinetraffic.com/en/ais/search/all?keyword=8304854", "method": "v3_2pass_track3d_fromru10d", "ru_seen_in_lookback": true, "in_monitor_on_day": true}}, {"type": "Feature", "geometry": {"type": "Point", "coordinates": [18.673886666666665, 54.39485833333333]}, "properties": {"label": "OCEANIA", "mmsi": "261000150", "imo": "8304854", "name": "OCEANIA", "shiptype": "", "first_seen_utc": "2026-01-02T00:29:32Z", "last_seen_utc": "2026-01-11T15:33:18Z", "destination": "GDANSK", "eta": "{'Day': 9, 'Hour': 7, 'Minute': 0, 'Month': 1}", "display": "OCEANIA (261000150)", "links": "<a href=\"https://www.vesselfinder.com/vessels?name=8304854\" target=\"_blank\" rel=\"noopener\">VesselFinder</a> | <a href=\"https://www.marinetraffic.com/en/ais/search/all?keyword=8304854\" target=\"_blank\" rel=\"noopener\">MarineTraffic</a>", "vf_url": "https://www.vesselfinder.com/vessels?name=8304854", "mst_url": "https://www.marinetraffic.com/en/ais/search/all?keyword=8304854", "method": "v3_2pass_track3d_fromru10d", "ru_seen_in_lookback": true, "in_monitor_on_day": true}}, {"type": "Feature", "geometry": {"type": "LineString", "coordinates": [[15.213316666666666, 55.61275], [15.069899999999999, 55.57516666666667], [14.9327, 55.530483333333336], [14.796, 55.4904], [14.660866666666667, 55.45113333333334], [14.544616666666666, 55.398199999999996], [14.410016666666667, 55.306333333333335], [14.22305, 55.174]]}, "properties": {"label": "AEOLIAN VICTORY", "mmsi": "538010993", "imo": "9433602", "name": "AEOLIAN VICTORY", "shiptype": "", "first_seen_utc": "2026-01-02T00:36:31Z", "last_seen_utc": "2026-01-11T14:18:10Z", "destination": "CNLYG", "eta": "{'Day': 10, 'Hour': 12, 'Minute': 0, 'Month': 3}", "display": "", "links": "<a href=\"https://www.vesselfinder.com/vessels?name=9433602\" target=\"_blank\" rel=\"noopener\">VesselFinder</a> | <a href=\"https://www.marinetraffic.com/en/ais/search/all?keyword=9433602\" target=\"_blank\" rel=\"noopener\">MarineTraffic</a>", "vf_url": "https://www.vesselfinder.com/vessels?name=9433602", "mst_url": "https://www.marinetraffic.com/en/ais/search/all?keyword=9433602", "method": "v3_2pass_track3d_fromru10d", "ru_seen_in_lookback": true, "in_monitor_on_day": true}}, {"type": "Feature", "geometry": {"type": "Point", "coordinates": [14.22305, 55.174]}, "properties": {"label": "AEOLIAN VICTORY", "mmsi": "538010993", "imo": "9433602", "name": "AEOLIAN VICTORY", "shiptype": "", "first_seen_utc": "2026-01-02T00:36:31Z", "last_seen_utc": "2026-01-11T14:18:10Z", "destination": "CNLYG", "eta": "{'Day': 10, 'Hour': 12, 'Minute': 0, 'Month': 3}", "display": "AEOLIAN VICTORY (538010993)", "links": "<a href=\"https://www.vesselfinder.com/vessels?name=9433602\" target=\"_blank\" rel=\"noopener\">VesselFinder</a> | <a href=\"https://www.marinetraffic.com/en/ais/search/all?keyword=9433602\" target=\"_blank\" rel=\"noopener\">MarineTraffic</a>", "vf_url": "https://www.vesselfinder.com/vessels?name=9433602", "mst_url": "https://www.marinetraffic.com/en/ais/search/all?keyword=9433602", "method": "v3_2pass_track3d_fromru10d", "ru_seen_in_lookback": true, "in_monitor_on_day": true}}, {"type": "Feature", "geometry": {"type": "LineString", "coordinates": [[14.816166666666668, 55.50751666666667], [14.636983333333335, 55.45811666666667], [12.270283333333333, 54.593833333333336], [12.21115, 54.49856666666667], [12.102633333333333, 54.435633333333335], [11.9273, 54.4335], [11.753416666666668, 54.44401666666667], [11.59585, 54.485683333333334], [11.446499999999999, 54.52663333333333], [11.332766666666666, 54.55946666666667], [11.206983333333334, 54.59518333333333], [11.078533333333333, 54.606883333333336], [10.964116666666666, 54.617383333333336], [10.883783333333334, 54.65101666666667], [10.785233333333334, 54.67851666666666], [10.78485, 54.744416666666666], [10.8377, 54.84855], [10.929466666666666, 54.95548333333333], [10.99865, 55.05786666666667], [11.023816666666667, 55.16698333333333], [11.082716666666666, 55.25731666666666], [10.831083333333334, 55.575], [10.795233333333334, 55.690083333333334], [10.823183333333333, 55.80651666666667], [10.928233333333333, 55.89833333333333], [11.094616666666667, 56.06661666666666], [10.4984, 57.852133333333335], [10.234983333333334, 57.849000000000004], [9.998600000000001, 57.85378333333333], [9.7715, 57.82616666666667], [9.559083333333332, 57.7944], [9.345516666666667, 57.75363333333333], [9.147699999999999, 57.69465], [8.952683333333333, 57.6342], [8.760416666666666, 57.5724], [8.566836666666667, 57.50912], [8.363199999999999, 57.4445], [8.1591, 57.381766666666664], [7.9575499999999995, 57.318200000000004], [7.765683333333333, 57.254599999999996], [7.578516666666667, 57.19081666666667], [7.438416666666667, 57.0965], [4.284433333333333, 53.9916]]}, "properties": {"label": "MT DUMBLEDORE", "mmsi": "311001104", "imo": "9325611", "name": "MT DUMBLEDORE", "shiptype": "", "first_seen_utc": "2026-01-02T01:24:21Z", "last_seen_utc": "2026-01-11T08:48:00Z", "destination": "FOR ORDERS", "eta": "{'Day': 21, 'Hour': 12, 'Minute': 0, 'Month': 1}", "display": "", "links": "<a href=\"https://www.vesselfinder.com/vessels?name=9325611\" target=\"_blank\" rel=\"noopener\">VesselFinder</a> | <a href=\"https://www.marinetraffic.com/en/ais/search/all?keyword=9325611\" target=\"_blank\" rel=\"noopener\">MarineTraffic</a>", "vf_url": "https://www.vesselfinder.com/vessels?name=9325611", "mst_url": "https://www.marinetraffic.com/en/ais/search/all?keyword=9325611", "method": "v3_2pass_track3d_fromru10d", "ru_seen_in_lookback": true, "in_monitor_on_day": true}}, {"type": "Feature", "geometry": {"type": "Point", "coordinates": [4.284433333333333, 53.9916]}, "properties": {"label": "MT DUMBLEDORE", "mmsi": "311001104", "imo": "9325611", "name": "MT DUMBLEDORE", "shiptype": "", "first_seen_utc": "2026-01-02T01:24:21Z", "last_seen_utc": "2026-01-11T08:48:00Z", "destination": "FOR ORDERS", "eta": "{'Day': 21, 'Hour': 12, 'Minute': 0, 'Month': 1}", "display": "MT DUMBLEDORE (311001104)", "links": "<a href=\"https://www.vesselfinder.com/vessels?name=9325611\" target=\"_blank\" rel=\"noopener\">VesselFinder</a> | <a href=\"https://www.marinetraffic.com/en/ais/search/all?keyword=9325611\" target=\"_blank\" rel=\"noopener\">MarineTraffic</a>", "vf_url": "https://www.vesselfinder.com/vessels?name=9325611", "mst_url": "https://www.marinetraffic.com/en/ais/search/all?keyword=9325611", "method": "v3_2pass_track3d_fromru10d", "ru_seen_in_lookback": true, "in_monitor_on_day": true}}, {"type": "Feature", "geometry": {"type": "LineString", "coordinates": [[18.373033333333336, 54.947], [18.524416666666664, 54.95656666666666], [18.65328333333333, 54.91175], [18.775399999999998, 54.858333333333334], [18.899933333333333, 54.8058], [18.988383333333335, 54.741683333333334], [18.928416666666667, 54.65578333333334], [18.85488333333333, 54.5756], [18.731933333333334, 54.53518333333333], [18.707533333333334, 54.516600000000004], [18.70761666666667, 54.51658333333333], [18.70755, 54.51648333333333], [18.70746666666667, 54.516600000000004], [18.70735, 54.51668333333334], [18.707449999999998, 54.516600000000004], [18.707416666666667, 54.51663333333333], [18.707483333333336, 54.51656666666667], [18.70841666666667, 54.51703333333333], [18.65216666666667, 54.538983333333334], [18.555233333333334, 54.52615], [18.55278333333333, 54.526716666666665], [18.55278333333333, 54.526716666666665], [18.55275, 54.5267], [18.552766666666667, 54.526716666666665], [18.55278333333333, 54.526716666666665], [18.552799999999998, 54.52673333333333], [18.552766666666667, 54.526716666666665], [18.552799999999998, 54.526716666666665], [18.552733333333332, 54.526716666666665], [18.552766666666667, 54.5267], [18.55278333333333, 54.526716666666665], [18.55278333333333, 54.5267], [18.55278333333333, 54.5267], [18.55278333333333, 54.5267], [18.552799999999998, 54.5267], [18.552799999999998, 54.526716666666665], [18.552766666666667, 54.5267], [18.552766666666667, 54.5267], [18.55278333333333, 54.526716666666665], [18.552766666666667, 54.5267], [18.55278333333333, 54.526716666666665], [18.552766666666667, 54.52673333333333], [18.55278333333333, 54.5267], [18.55278333333333, 54.526716666666665], [18.552799999999998, 54.526716666666665], [18.552799999999998, 54.526716666666665], [18.552766666666667, 54.52668333333334], [18.55278333333333, 54.526716666666665], [18.55278333333333, 54.526716666666665], [18.552766666666667, 54.5267], [18.55278333333333, 54.5267], [18.552766666666667, 54.52673333333333], [18.552766666666667, 54.526716666666665], [18.552799999999998, 54.526716666666665], [18.552799999999998, 54.526716666666665], [18.55278333333333, 54.526716666666665], [18.55278333333333, 54.5267], [18.55278333333333, 54.526716666666665], [18.55278333333333, 54.5267], [18.552766666666667, 54.52673333333333], [18.552766666666667, 54.526716666666665], [18.55278333333333, 54.5267], [18.55278333333333, 54.526716666666665], [18.55278333333333, 54.526716666666665], [18.55278333333333, 54.5267], [18.5546, 54.52643333333333], [18.639733333333332, 54.51128333333334], [18.660716666666666, 54.51918333333333], [18.660500000000003, 54.5192], [18.66095, 54.51923333333333], [18.660816666666665, 54.5192], [18.66087333333333, 54.519308333333335], [18.661083333333334, 54.51923333333333], [18.660916666666665, 54.5192], [18.66085, 54.5192], [18.66095, 54.5192], [18.66055, 54.5192], [18.660716666666666, 54.519216666666665], [18.660883333333334, 54.51916666666667], [18.661066666666667, 54.51918333333333], [18.661116666666665, 54.5192], [18.661166666666666, 54.5192], [18.66145, 54.51923333333333], [18.661350000000002, 54.51926666666667], [18.660683333333335, 54.51925000000001], [18.660916666666665, 54.51926666666667], [18.66058333333333, 54.51923333333333], [18.661366666666666, 54.51925000000001], [18.661066666666667, 54.51923333333333], [18.66051666666667, 54.51923333333333], [18.66051666666667, 54.51925000000001], [18.66025, 54.51926666666667], [18.66055, 54.51925000000001], [18.660616666666666, 54.51923333333333], [18.66125, 54.51925000000001], [18.661266666666666, 54.51925000000001], [18.660683333333335, 54.51918333333333], [18.660966666666663, 54.51925000000001], [18.660433333333334, 54.51923333333333], [18.660416666666666, 54.5193], [18.660683333333335, 54.519216666666665], [18.660683333333335, 54.51923333333333], [18.6612, 54.51925000000001], [18.661733333333334, 54.51936666666666], [18.661350000000002, 54.51925000000001], [18.660766666666667, 54.5196], [18.673466666666666, 54.52741666666667], [18.824666666666666, 54.540216666666666], [18.912133333333333, 54.601533333333336], [18.967783333333333, 54.665016666666666], [19.01695, 54.735416666666666], [19.0098, 54.79038333333333], [18.922866666666668, 54.83383333333334]]}, "properties": {"label": "ARAGONITH", "mmsi": "209672000", "imo": "9164081", "name": "ARAGONITH", "shiptype": "", "first_seen_utc": "2026-01-02T02:00:25Z", "last_seen_utc": "2026-01-11T15:58:45Z", "destination": "SE KLR", "eta": "{'Day': 12, 'Hour': 8, 'Minute': 0, 'Month': 1}", "display": "", "links": "<a href=\"https://www.vesselfinder.com/vessels?name=9164081\" target=\"_blank\" rel=\"noopener\">VesselFinder</a> | <a href=\"https://www.marinetraffic.com/en/ais/search/all?keyword=9164081\" target=\"_blank\" rel=\"noopener\">MarineTraffic</a>", "vf_url": "https://www.vesselfinder.com/vessels?name=9164081", "mst_url": "https://www.marinetraffic.com/en/ais/search/all?keyword=9164081", "method": "v3_2pass_track3d_fromru10d", "ru_seen_in_lookback": true, "in_monitor_on_day": true}}, {"type": "Feature", "geometry": {"type": "Point", "coordinates": [18.922866666666668, 54.83383333333334]}, "properties": {"label": "ARAGONITH", "mmsi": "209672000", "imo": "9164081", "name": "ARAGONITH", "shiptype": "", "first_seen_utc": "2026-01-02T02:00:25Z", "last_seen_utc": "2026-01-11T15:58:45Z", "destination": "SE KLR", "eta": "{'Day': 12, 'Hour': 8, 'Minute': 0, 'Month': 1}", "display": "ARAGONITH (209672000)", "links": "<a href=\"https://www.vesselfinder.com/vessels?name=9164081\" target=\"_blank\" rel=\"noopener\">VesselFinder</a> | <a href=\"https://www.marinetraffic.com/en/ais/search/all?keyword=9164081\" target=\"_blank\" rel=\"noopener\">MarineTraffic</a>", "vf_url": "https://www.vesselfinder.com/vessels?name=9164081", "mst_url": "https://www.marinetraffic.com/en/ais/search/all?keyword=9164081", "method": "v3_2pass_track3d_fromru10d", "ru_seen_in_lookback": true, "in_monitor_on_day": true}}, {"type": "Feature", "geometry": {"type": "LineString", "coordinates": [[4.074581666666666, 51.957586666666664], [4.07458, 51.957570000000004], [4.074598333333333, 51.957586666666664], [4.074596666666666, 51.957586666666664], [4.074576666666667, 51.957570000000004], [4.074565, 51.95755333333333], [4.074565, 51.957570000000004], [4.074576666666667, 51.957570000000004], [4.074581666666666, 51.957586666666664], [4.074478333333333, 51.95753666666667], [4.07458, 51.95755333333333], [4.074548333333333, 51.95755333333333], [4.074565, 51.957570000000004], [4.074563333333334, 51.957570000000004], [4.074553333333333, 51.957555], [4.074566666666667, 51.95755333333333], [4.07461, 51.95760333333333], [4.074606666666667, 51.957568333333334], [4.07459, 51.957568333333334], [4.0745933333333335, 51.95755333333333], [4.074613333333334, 51.957570000000004], [4.074625, 51.957568333333334], [4.074608333333333, 51.957568333333334], [4.07458, 51.957570000000004], [4.074603333333333, 51.957585], [4.074576666666667, 51.957570000000004], [4.074591666666667, 51.957568333333334], [4.074591666666667, 51.957568333333334], [4.07462, 51.957585], [4.074608333333333, 51.957585], [4.0745933333333335, 51.957586666666664], [4.074598333333333, 51.957570000000004], [4.074565, 51.957570000000004], [18.810335000000002, 55.599655], [4.074596666666666, 51.957570000000004], [4.07458, 51.957570000000004], [4.07461, 51.957570000000004], [4.074608333333333, 51.957568333333334], [4.074575, 51.95755166666667], [4.074613333333334, 51.957570000000004], [4.074611666666667, 51.957586666666664], [4.074623333333333, 51.957585], [4.07461, 51.957586666666664], [4.074591666666667, 51.957568333333334], [4.074608333333333, 51.957585], [4.07461, 51.957586666666664], [4.0745933333333335, 51.957586666666664], [4.07458, 51.957586666666664], [4.0745933333333335, 51.957570000000004], [4.074591666666667, 51.957568333333334], [4.074606666666667, 51.957568333333334], [4.074591666666667, 51.957568333333334], [4.074591666666667, 51.957585], [4.07461, 51.957586666666664], [4.0745933333333335, 51.957570000000004], [4.074576666666667, 51.95755333333333], [4.0745933333333335, 51.957570000000004], [4.074596666666666, 51.957586666666664], [4.074613333333334, 51.957570000000004], [4.0745933333333335, 51.957570000000004], [4.074576666666667, 51.95755333333333], [4.074563333333334, 51.95755333333333], [4.074575, 51.957568333333334], [4.074576666666667, 51.95755333333333], [4.074598333333333, 51.957570000000004], [4.07461, 51.957570000000004], [4.077518333333334, 51.95357166666667], [4.068863333333334, 51.95009], [4.06872, 51.95021], [4.068723333333334, 51.95019833333333], [4.068736666666667, 51.95027833333334], [4.068721666666667, 51.950201666666665], [4.068721666666667, 51.95018833333334], [4.068736666666667, 51.95019166666667], [4.068738333333333, 51.950203333333334], [4.068721666666667, 51.950219999999995], [4.068703333333334, 51.950225], [4.075338333333333, 51.950185000000005], [4.075278333333333, 51.956358333333334], [4.075285, 51.95634333333333], [4.075278333333333, 51.956358333333334], [4.075306666666667, 51.95634], [4.075295, 51.956358333333334], [4.07528, 51.956358333333334], [4.07567, 51.955641666666665], [4.025868333333333, 51.974113333333335], [3.9962783333333336, 51.95848], [3.996043333333333, 51.95727], [3.9960483333333334, 51.95727], [3.9960333333333335, 51.95727], [3.996043333333333, 51.95727], [3.9960333333333335, 51.95727], [3.9960316666666666, 51.95727], [3.9960333333333335, 51.95727], [3.996106666666667, 51.95727], [3.9960316666666666, 51.95727], [3.99602, 51.95726833333333], [3.9960166666666668, 51.95727], [3.996096666666667, 51.95723666666667], [3.99982, 51.97237166666666], [4.080525, 51.97692166666666], [4.197635, 51.939326666666666], [4.340621666666666, 51.895275], [4.410288333333333, 51.88126166666667], [4.419566666666666, 51.87874333333333], [4.41955, 51.87876000000001], [4.4195633333333335, 51.87875333333333], [4.419568333333333, 51.87876166666667], [4.419548333333334, 51.878773333333335], [4.419545, 51.87876833333333], [4.419648333333333, 51.87872333333333], [4.41955, 51.87874166666666], [4.41955, 51.87876000000001], [4.4035866666666665, 51.88852833333333], [4.260433333333333, 51.90776833333334], [4.095658333333334, 51.98207166666667], [3.909473333333333, 52.027879999999996], [3.9072416666666667, 52.144708333333334], [3.863875, 52.285975], [3.89619, 52.42272666666667], [3.9549283333333336, 52.56304], [4.072233333333333, 52.68240166666667]]}, "properties": {"label": "SKALAR", "mmsi": "255806476", "imo": "9458975", "name": "SKALAR", "shiptype": "", "first_seen_utc": "2026-01-02T02:01:24Z", "last_seen_utc": "2026-01-11T15:55:38Z", "destination": "DEHAM", "eta": "{'Day': 12, 'Hour': 8, 'Minute': 0, 'Month': 1}", "display": "", "links": "<a href=\"https://www.vesselfinder.com/vessels?name=9458975\" target=\"_blank\" rel=\"noopener\">VesselFinder</a> | <a href=\"https://www.marinetraffic.com/en/ais/search/all?keyword=9458975\" target=\"_blank\" rel=\"noopener\">MarineTraffic</a>", "vf_url": "https://www.vesselfinder.com/vessels?name=9458975", "mst_url": "https://www.marinetraffic.com/en/ais/search/all?keyword=9458975", "method": "v3_2pass_track3d_fromru10d", "ru_seen_in_lookback": true, "in_monitor_on_day": true}}, {"type": "Feature", "geometry": {"type": "Point", "coordinates": [4.072233333333333, 52.68240166666667]}, "properties": {"label": "SKALAR", "mmsi": "255806476", "imo": "9458975", "name": "SKALAR", "shiptype": "", "first_seen_utc": "2026-01-02T02:01:24Z", "last_seen_utc": "2026-01-11T15:55:38Z", "destination": "DEHAM", "eta": "{'Day': 12, 'Hour': 8, 'Minute': 0, 'Month': 1}", "display": "SKALAR (255806476)", "links": "<a href=\"https://www.vesselfinder.com/vessels?name=9458975\" target=\"_blank\" rel=\"noopener\">VesselFinder</a> | <a href=\"https://www.marinetraffic.com/en/ais/search/all?keyword=9458975\" target=\"_blank\" rel=\"noopener\">MarineTraffic</a>", "vf_url": "https://www.vesselfinder.com/vessels?name=9458975", "mst_url": "https://www.marinetraffic.com/en/ais/search/all?keyword=9458975", "method": "v3_2pass_track3d_fromru10d", "ru_seen_in_lookback": true, "in_monitor_on_day": true}}, {"type": "Feature", "geometry": {"type": "LineString", "coordinates": [[5.232946666666667, 53.86562666666667], [5.177944999999999, 53.831990000000005], [5.107091666666666, 53.78239], [5.0092300000000005, 53.74144], [4.989631666666667, 53.692056666666666], [4.6423033333333334, 53.580526666666664], [4.584816666666667, 53.48473333333333], [4.5365866666666665, 53.40101], [4.4903233333333334, 53.322493333333334], [4.4478583333333335, 53.24429666666666], [4.3850999999999996, 53.16911666666667], [4.233793333333334, 53.07766], [4.117093333333333, 53.01709666666667], [3.4789066666666666, 52.31930333333333], [3.497646666666667, 52.395149999999994], [3.306895, 51.947453333333335], [3.2764983333333335, 51.88462666666667], [3.23368, 51.84260333333334], [3.235725, 51.844863333333336], [3.2417483333333332, 51.85644666666667], [3.2332433333333332, 51.83797333333334], [3.2290566666666667, 51.82579], [3.238468333333333, 51.84075666666667], [3.25248, 51.84139666666667], [3.2547183333333334, 51.78413], [3.2595866666666664, 51.71528333333333], [3.1781966666666666, 51.63650666666667], [3.0972283333333333, 51.532293333333335], [2.9992, 51.430899999999994], [3.1708633333333336, 51.40083], [3.3567916666666666, 51.405206666666665], [3.5331416666666664, 51.42016666666667], [3.672366666666667, 51.43799666666666], [3.7849933333333334, 51.354670000000006], [3.9533433333333337, 51.39078666666667], [4.038286666666667, 51.386280000000006], [4.208106666666667, 51.39472], [4.272026666666666, 51.308006666666664]]}, "properties": {"label": "MSC ELKE F", "mmsi": "210731000", "imo": "9318773", "name": "MSC ELKE F", "shiptype": "", "first_seen_utc": "2026-01-02T02:36:10Z", "last_seen_utc": "2026-01-11T16:04:14Z", "destination": "BEANR", "eta": "{'Day': 11, 'Hour': 6, 'Minute': 10, 'Month': 1}", "display": "", "links": "<a href=\"https://www.vesselfinder.com/vessels?name=9318773\" target=\"_blank\" rel=\"noopener\">VesselFinder</a> | <a href=\"https://www.marinetraffic.com/en/ais/search/all?keyword=9318773\" target=\"_blank\" rel=\"noopener\">MarineTraffic</a>", "vf_url": "https://www.vesselfinder.com/vessels?name=9318773", "mst_url": "https://www.marinetraffic.com/en/ais/search/all?keyword=9318773", "method": "v3_2pass_track3d_fromru10d", "ru_seen_in_lookback": true, "in_monitor_on_day": true}}, {"type": "Feature", "geometry": {"type": "Point", "coordinates": [4.272026666666666, 51.308006666666664]}, "properties": {"label": "MSC ELKE F", "mmsi": "210731000", "imo": "9318773", "name": "MSC ELKE F", "shiptype": "", "first_seen_utc": "2026-01-02T02:36:10Z", "last_seen_utc": "2026-01-11T16:04:14Z", "destination": "BEANR", "eta": "{'Day': 11, 'Hour': 6, 'Minute': 10, 'Month': 1}", "display": "MSC ELKE F (210731000)", "links": "<a href=\"https://www.vesselfinder.com/vessels?name=9318773\" target=\"_blank\" rel=\"noopener\">VesselFinder</a> | <a href=\"https://www.marinetraffic.com/en/ais/search/all?keyword=9318773\" target=\"_blank\" rel=\"noopener\">MarineTraffic</a>", "vf_url": "https://www.vesselfinder.com/vessels?name=9318773", "mst_url": "https://www.marinetraffic.com/en/ais/search/all?keyword=9318773", "method": "v3_2pass_track3d_fromru10d", "ru_seen_in_lookback": true, "in_monitor_on_day": true}}, {"type": "Feature", "geometry": {"type": "LineString", "coordinates": [[4.7605916666666666, 53.778195], [4.7326999999999995, 53.73732333333333], [4.6965683333333335, 53.679314999999995], [4.6393949999999995, 53.59908166666666], [4.58713, 53.51919833333333], [4.545165, 53.435813333333336], [4.5017249999999995, 53.35655166666666], [4.471335, 53.270085], [4.420273333333333, 53.18423833333333], [4.313071666666667, 53.12058666666667], [4.229273333333333, 53.08372833333333], [4.156381666666666, 53.046733333333336], [4.03653, 52.97573833333333], [3.3432466666666665, 52.134055], [3.34194, 52.039698333333334], [3.314495, 51.94000833333334], [3.29262, 51.858945], [3.2812466666666666, 51.822183333333335], [3.2749633333333334, 51.79723666666666], [3.243465, 51.75013833333333], [3.2554083333333335, 51.685115], [3.164665, 51.59066166666666], [3.054578333333333, 51.49681833333333], [3.03662, 51.41115833333333], [3.2329866666666667, 51.40714833333333], [3.4270583333333335, 51.40916166666667], [3.5611966666666666, 51.423388333333335], [3.6808233333333336, 51.43155], [3.780711666666667, 51.35469333333333], [3.915133333333333, 51.36600833333333], [3.9937866666666664, 51.436465], [4.0639199999999995, 51.371856666666666], [4.18599, 51.39702833333333], [4.263558333333333, 51.34556166666667], [4.271991666666667, 51.305794999999996], [4.264428333333333, 51.29845666666667], [4.264541666666667, 51.298853333333334], [4.26449, 51.29888833333334], [4.264555, 51.298838333333336], [4.26445, 51.29884333333334], [4.264483333333334, 51.29886166666667], [4.264601666666667, 51.29887333333333], [4.2646, 51.298948333333335], [4.264433333333334, 51.298955], [4.264515, 51.29885], [4.264586666666667, 51.29889166666667], [4.264545, 51.29893666666667], [4.264553333333334, 51.29888666666667], [4.264526666666667, 51.29886166666667], [4.264545, 51.29889333333333], [4.264466666666666, 51.29886], [4.2645566666666666, 51.29890666666667], [4.2645116666666665, 51.298903333333335], [4.26447, 51.298836666666666], [4.26453, 51.29882666666666], [4.264633333333333, 51.298973333333336], [4.264561666666667, 51.29887333333333], [4.264561666666667, 51.29888833333334], [4.264508333333334, 51.298941666666664], [4.2645349999999995, 51.29888833333334], [4.2645349999999995, 51.29885], [4.264513333333333, 51.298903333333335], [4.264538333333333, 51.29886166666667], [4.264488333333333, 51.29891666666666], [4.264495, 51.298903333333335], [4.264508333333334, 51.298874999999995], [4.2645333333333335, 51.29887166666666], [4.264548333333333, 51.29889166666667], [4.264626666666667, 51.29886], [4.264501666666667, 51.29886], [4.264536666666666, 51.298919999999995], [4.264515, 51.298856666666666], [4.26452, 51.298896666666664], [4.264508333333334, 51.29889166666667], [4.264525, 51.298896666666664], [4.264496666666667, 51.29897666666667], [4.26453, 51.298935], [4.2645816666666665, 51.29885], [4.264523333333333, 51.298856666666666], [4.26458, 51.29884166666667], [4.273385, 51.308416666666666], [4.204488333333333, 51.39692166666667], [4.037275, 51.39452166666667], [3.94826, 51.388686666666665], [3.776675, 51.35935], [3.6578833333333334, 51.4416], [3.53777, 51.427321666666664]]}, "properties": {"label": "MSC GIADA III", "mmsi": "636018204", "imo": "9232773", "name": "MSC GIADA III", "shiptype": "", "first_seen_utc": "2026-01-02T03:01:20Z", "last_seen_utc": "2026-01-11T15:59:53Z", "destination": "ES BIO", "eta": "{'Day': 13, 'Hour': 13, 'Minute': 0, 'Month': 1}", "display": "", "links": "<a href=\"https://www.vesselfinder.com/vessels?name=9232773\" target=\"_blank\" rel=\"noopener\">VesselFinder</a> | <a href=\"https://www.marinetraffic.com/en/ais/search/all?keyword=9232773\" target=\"_blank\" rel=\"noopener\">MarineTraffic</a>", "vf_url": "https://www.vesselfinder.com/vessels?name=9232773", "mst_url": "https://www.marinetraffic.com/en/ais/search/all?keyword=9232773", "method": "v3_2pass_track3d_fromru10d", "ru_seen_in_lookback": true, "in_monitor_on_day": true}}, {"type": "Feature", "geometry": {"type": "Point", "coordinates": [3.53777, 51.427321666666664]}, "properties": {"label": "MSC GIADA III", "mmsi": "636018204", "imo": "9232773", "name": "MSC GIADA III", "shiptype": "", "first_seen_utc": "2026-01-02T03:01:20Z", "last_seen_utc": "2026-01-11T15:59:53Z", "destination": "ES BIO", "eta": "{'Day': 13, 'Hour': 13, 'Minute': 0, 'Month': 1}", "display": "MSC GIADA III (636018204)", "links": "<a href=\"https://www.vesselfinder.com/vessels?name=9232773\" target=\"_blank\" rel=\"noopener\">VesselFinder</a> | <a href=\"https://www.marinetraffic.com/en/ais/search/all?keyword=9232773\" target=\"_blank\" rel=\"noopener\">MarineTraffic</a>", "vf_url": "https://www.vesselfinder.com/vessels?name=9232773", "mst_url": "https://www.marinetraffic.com/en/ais/search/all?keyword=9232773", "method": "v3_2pass_track3d_fromru10d", "ru_seen_in_lookback": true, "in_monitor_on_day": true}}, {"type": "Feature", "geometry": {"type": "LineString", "coordinates": [[12.353605, 54.649813333333334], [12.253431666666668, 54.612100000000005], [12.207228333333335, 54.54111833333333], [12.171185000000001, 54.442838333333334], [11.971333333333332, 54.44189666666667], [11.773838333333334, 54.44692], [11.585601666666667, 54.48377666666667], [11.401639999999999, 54.535675], [11.215676666666667, 54.598355], [11.028381666666666, 54.650255], [10.88674, 54.72024333333333], [10.872881666666666, 54.82456333333334], [10.883471666666667, 54.91862833333333], [10.962856666666665, 54.972145], [11.044216666666667, 55.06964333333334], [11.074548333333333, 55.182628333333334], [11.061945, 55.28594], [10.997386666666667, 55.411388333333335], [10.860755000000001, 55.53662], [10.790028333333334, 55.640605], [10.808703333333334, 55.74604], [10.846481666666667, 55.844728333333336], [10.960161666666666, 55.920179999999995], [11.126615, 56.018495], [11.151829999999999, 56.10192166666666], [10.498600000000001, 57.856004999999996], [10.276711666666667, 57.85592833333333], [10.059521666666665, 57.854931666666666], [9.84337, 57.84597], [9.644038333333333, 57.83002333333333], [9.463636666666668, 57.78079666666667], [9.28831, 57.721318333333336], [9.10405, 57.664955], [8.922036666666665, 57.599270000000004], [8.750443333333333, 57.52645166666667], [8.568403333333332, 57.46572666666667], [8.380183333333333, 57.40428], [8.209968333333332, 57.339445], [8.090628333333333, 57.243273333333335], [7.983393333333334, 57.14740333333334], [7.854821666666667, 57.028995]]}, "properties": {"label": "PLATANOS", "mmsi": "311000915", "imo": "9825477", "name": "PLATANOS", "shiptype": "", "first_seen_utc": "2026-01-02T03:36:49Z", "last_seen_utc": "2026-01-11T07:36:27Z", "destination": "SEGOT > USHOU", "eta": "{'Day': 29, 'Hour': 20, 'Minute': 0, 'Month': 1}", "display": "", "links": "<a href=\"https://www.vesselfinder.com/vessels?name=9825477\" target=\"_blank\" rel=\"noopener\">VesselFinder</a> | <a href=\"https://www.marinetraffic.com/en/ais/search/all?keyword=9825477\" target=\"_blank\" rel=\"noopener\">MarineTraffic</a>", "vf_url": "https://www.vesselfinder.com/vessels?name=9825477", "mst_url": "https://www.marinetraffic.com/en/ais/search/all?keyword=9825477", "method": "v3_2pass_track3d_fromru10d", "ru_seen_in_lookback": true, "in_monitor_on_day": true}}, {"type": "Feature", "geometry": {"type": "Point", "coordinates": [7.854821666666667, 57.028995]}, "properties": {"label": "PLATANOS", "mmsi": "311000915", "imo": "9825477", "name": "PLATANOS", "shiptype": "", "first_seen_utc": "2026-01-02T03:36:49Z", "last_seen_utc": "2026-01-11T07:36:27Z", "destination": "SEGOT > USHOU", "eta": "{'Day': 29, 'Hour': 20, 'Minute': 0, 'Month': 1}", "display": "PLATANOS (311000915)", "links": "<a href=\"https://www.vesselfinder.com/vessels?name=9825477\" target=\"_blank\" rel=\"noopener\">VesselFinder</a> | <a href=\"https://www.marinetraffic.com/en/ais/search/all?keyword=9825477\" target=\"_blank\" rel=\"noopener\">MarineTraffic</a>", "vf_url": "https://www.vesselfinder.com/vessels?name=9825477", "mst_url": "https://www.marinetraffic.com/en/ais/search/all?keyword=9825477", "method": "v3_2pass_track3d_fromru10d", "ru_seen_in_lookback": true, "in_monitor_on_day": true}}, {"type": "Feature", "geometry": {"type": "LineString", "coordinates": [[15.650558333333333, 55.710683333333336], [15.452755, 55.67158833333334], [15.278235, 55.64575833333333], [15.120088333333333, 55.60525500000001], [14.962446666666667, 55.556873333333336], [14.812615, 55.511223333333334], [14.661833333333334, 55.46701333333333], [14.534606666666667, 55.4142], [12.352698333333333, 54.62996333333333], [12.251456666666666, 54.55815], [12.202655, 54.47208], [12.082763333333332, 54.43463833333333], [11.925938333333333, 54.43225666666667], [11.774336666666667, 54.43425833333333], [11.631018333333333, 54.47396333333334], [11.488268333333334, 54.512854999999995], [11.342856666666668, 54.553338333333336], [11.19748, 54.59433333333333], [11.036823333333333, 54.60156166666666], [10.889073333333332, 54.64317333333334], [10.775541666666667, 54.68366], [10.799498333333334, 54.761245], [10.837855, 54.86651833333334], [10.93341, 54.95887833333334], [11.013603333333332, 55.050666666666665], [11.050715, 55.15226333333333], [11.084511666666666, 55.24966833333334], [11.041015, 55.35097333333333], [10.866693333333334, 55.529273333333336], [10.795765, 55.627205000000004], [10.80572, 55.726615], [10.831143333333333, 55.82500833333334], [10.940433333333335, 55.90620833333333]]}, "properties": {"label": "CHIBA", "mmsi": "352002692", "imo": "9349631", "name": "CHIBA", "shiptype": "", "first_seen_utc": "2026-01-02T04:26:33Z", "last_seen_utc": "2026-01-11T03:33:35Z", "destination": "ALIAGA FOR ORDERS", "eta": "{'Day': 27, 'Hour': 23, 'Minute': 0, 'Month': 1}", "display": "", "links": "<a href=\"https://www.vesselfinder.com/vessels?name=9349631\" target=\"_blank\" rel=\"noopener\">VesselFinder</a> | <a href=\"https://www.marinetraffic.com/en/ais/search/all?keyword=9349631\" target=\"_blank\" rel=\"noopener\">MarineTraffic</a>", "vf_url": "https://www.vesselfinder.com/vessels?name=9349631", "mst_url": "https://www.marinetraffic.com/en/ais/search/all?keyword=9349631", "method": "v3_2pass_track3d_fromru10d", "ru_seen_in_lookback": true, "in_monitor_on_day": true}}, {"type": "Feature", "geometry": {"type": "Point", "coordinates": [10.940433333333335, 55.90620833333333]}, "properties": {"label": "CHIBA", "mmsi": "352002692", "imo": "9349631", "name": "CHIBA", "shiptype": "", "first_seen_utc": "2026-01-02T04:26:33Z", "last_seen_utc": "2026-01-11T03:33:35Z", "destination": "ALIAGA FOR ORDERS", "eta": "{'Day': 27, 'Hour': 23, 'Minute': 0, 'Month': 1}", "display": "CHIBA (352002692)", "links": "<a href=\"https://www.vesselfinder.com/vessels?name=9349631\" target=\"_blank\" rel=\"noopener\">VesselFinder</a> | <a href=\"https://www.marinetraffic.com/en/ais/search/all?keyword=9349631\" target=\"_blank\" rel=\"noopener\">MarineTraffic</a>", "vf_url": "https://www.vesselfinder.com/vessels?name=9349631", "mst_url": "https://www.marinetraffic.com/en/ais/search/all?keyword=9349631", "method": "v3_2pass_track3d_fromru10d", "ru_seen_in_lookback": true, "in_monitor_on_day": true}}, {"type": "Feature", "geometry": {"type": "LineString", "coordinates": [[18.84746, 54.435575], [18.847323333333335, 54.435658333333336], [18.847303333333333, 54.435653333333335], [18.847428333333333, 54.435428333333334], [18.84735, 54.43553], [18.847385, 54.43548], [18.84734, 54.435525], [18.847313333333332, 54.435583333333334], [18.84727666666667, 54.435565], [18.847356666666666, 54.43552666666667], [18.847383333333333, 54.43539166666667], [18.847428333333333, 54.43540333333333], [18.84732166666667, 54.435248333333334], [18.847313333333332, 54.43525833333333], [18.84738666666667, 54.435118333333335], [18.847395, 54.434828333333336], [18.847203333333333, 54.434635], [18.847131666666666, 54.434558333333335], [18.847158333333333, 54.43474333333334], [18.847111666666667, 54.434401666666666], [18.846886666666666, 54.43452166666667], [18.846995, 54.43436833333333], [18.846815, 54.43447333333334], [18.846648333333334, 54.434405], [18.846666666666668, 54.43454333333333], [18.846606666666666, 54.43452166666667], [18.846721666666667, 54.43438833333333], [18.84686333333333, 54.4343], [18.846345, 54.434263333333334], [18.846418333333336, 54.434203333333336], [18.846405, 54.434205], [18.846416666666666, 54.43418833333333], [18.84649, 54.43414166666666], [18.846455, 54.43416833333333], [18.84671666666667, 54.43398166666667], [18.846566666666668, 54.434023333333336], [18.846645000000002, 54.433976666666666], [18.846709999999998, 54.433946666666664], [18.84685, 54.43389166666667], [18.846806666666666, 54.433855], [18.847128333333334, 54.433665], [18.846963333333335, 54.43379], [18.847001666666664, 54.43363333333333], [18.847286666666665, 54.433525], [18.847083333333334, 54.4336], [18.846983333333334, 54.433683333333335], [18.847171666666668, 54.43351333333333], [18.847241666666665, 54.43348666666667], [18.847205, 54.43349666666666], [18.847271666666664, 54.43343166666667], [18.84735166666667, 54.43340666666666], [18.847483333333333, 54.43333166666666], [18.847421666666666, 54.433275], [18.847103333333333, 54.43345333333333], [18.847523333333335, 54.43325333333333], [18.84727333333333, 54.43329833333333], [18.847518333333333, 54.433236666666666], [18.847728333333336, 54.43313], [18.847555, 54.433165], [18.847591666666666, 54.43313333333333], [18.847725, 54.43314], [18.847649999999998, 54.433144999999996], [18.847583333333333, 54.433143333333334], [18.847843333333334, 54.43305], [18.84787, 54.433054999999996], [18.847998333333333, 54.43294], [18.848475, 54.43280666666667], [18.849351666666667, 54.432426666666665], [18.84892166666667, 54.43536166666667], [18.854210000000002, 54.43980333333333], [18.854213333333334, 54.439656666666664], [18.854225, 54.43946666666667], [18.854598333333335, 54.43929333333333], [18.85403, 54.439274999999995], [18.854748333333337, 54.439058333333335], [18.854415, 54.43885833333333], [18.85445, 54.43841833333333], [18.854211666666668, 54.43827666666667], [18.854486666666666, 54.438071666666666], [18.853571666666667, 54.43781333333333], [18.853851666666667, 54.437598333333334], [18.854218333333332, 54.437641666666664], [18.857368333333334, 54.444285], [18.866531666666667, 54.45679833333334], [18.87433, 54.46646666666666], [18.874155, 54.46821666666666], [18.87535666666667, 54.471430000000005], [18.877506666666665, 54.472213333333336], [18.87931166666667, 54.476], [18.870805, 54.47521], [18.86930166666667, 54.47242333333334], [18.874498333333335, 54.48297166666667], [18.876910000000002, 54.490625], [18.886464999999998, 54.497971666666665], [18.870075, 54.47725333333334], [18.860625000000002, 54.46845666666666], [18.869365000000002, 54.47741], [18.87793, 54.48566666666667], [18.886341666666667, 54.49314833333334], [18.891923333333335, 54.497515], [18.89408166666667, 54.49027], [18.888903333333335, 54.480043333333334], [18.88356, 54.46938], [18.88282, 54.4718], [18.887558333333335, 54.48469166666666], [18.885848333333335, 54.494375], [18.87942333333333, 54.47154166666667], [18.881089999999997, 54.47311666666667], [18.859331666666666, 54.43715666666667], [18.851613333333333, 54.441691666666664], [18.851696666666665, 54.44168166666667], [18.851671666666668, 54.44171166666667], [18.85183333333333, 54.44157166666666], [18.85199833333333, 54.441541666666666], [18.852256666666666, 54.441538333333334], [18.85198666666667, 54.44146], [18.852173333333333, 54.44142333333333], [18.851943333333335, 54.441408333333335], [18.852005000000002, 54.44130166666666], [18.85217, 54.441275000000005], [18.85235833333333, 54.44127833333334]]}, "properties": {"label": "DREAM TERRAX", "mmsi": "538008844", "imo": "9875719", "name": "DREAM TERRAX", "shiptype": "", "first_seen_utc": "2026-01-02T05:08:01Z", "last_seen_utc": "2026-01-11T15:55:48Z", "destination": "SE KAN>PL GDN", "eta": "{'Day': 7, 'Hour': 8, 'Minute': 0, 'Month': 1}", "display": "", "links": "<a href=\"https://www.vesselfinder.com/vessels?name=9875719\" target=\"_blank\" rel=\"noopener\">VesselFinder</a> | <a href=\"https://www.marinetraffic.com/en/ais/search/all?keyword=9875719\" target=\"_blank\" rel=\"noopener\">MarineTraffic</a>", "vf_url": "https://www.vesselfinder.com/vessels?name=9875719", "mst_url": "https://www.marinetraffic.com/en/ais/search/all?keyword=9875719", "method": "v3_2pass_track3d_fromru10d", "ru_seen_in_lookback": true, "in_monitor_on_day": true}}, {"type": "Feature", "geometry": {"type": "Point", "coordinates": [18.85235833333333, 54.44127833333334]}, "properties": {"label": "DREAM TERRAX", "mmsi": "538008844", "imo": "9875719", "name": "DREAM TERRAX", "shiptype": "", "first_seen_utc": "2026-01-02T05:08:01Z", "last_seen_utc": "2026-01-11T15:55:48Z", "destination": "SE KAN>PL GDN", "eta": "{'Day': 7, 'Hour': 8, 'Minute': 0, 'Month': 1}", "display": "DREAM TERRAX (538008844)", "links": "<a href=\"https://www.vesselfinder.com/vessels?name=9875719\" target=\"_blank\" rel=\"noopener\">VesselFinder</a> | <a href=\"https://www.marinetraffic.com/en/ais/search/all?keyword=9875719\" target=\"_blank\" rel=\"noopener\">MarineTraffic</a>", "vf_url": "https://www.vesselfinder.com/vessels?name=9875719", "mst_url": "https://www.marinetraffic.com/en/ais/search/all?keyword=9875719", "method": "v3_2pass_track3d_fromru10d", "ru_seen_in_lookback": true, "in_monitor_on_day": true}}, {"type": "Feature", "geometry": {"type": "LineString", "coordinates": [[18.688930000000003, 54.519800000000004], [18.688936666666667, 54.519800000000004], [18.688953333333334, 54.51963833333333], [18.688789999999997, 54.51985333333334], [18.688955, 54.51963333333333], [18.68902166666667, 54.519551666666665], [18.688868333333335, 54.51974499999999], [18.688755, 54.51976333333334], [18.688933333333335, 54.51987666666666], [18.688733333333335, 54.51983499999999], [18.688773333333334, 54.519845000000004], [18.68875166666667, 54.519945], [18.688795000000002, 54.51984166666667], [18.688786666666665, 54.51979666666667], [18.688823333333335, 54.51963833333333], [18.688991666666666, 54.519405], [18.688988333333334, 54.51926], [18.688276666666663, 54.51916333333334], [18.687076666666666, 54.51824833333333], [18.687305, 54.518114999999995], [18.68709833333333, 54.51833333333333], [18.687026666666668, 54.51847166666666], [18.68712, 54.51827], [18.686936666666668, 54.51844166666667], [18.68719666666667, 54.51829166666666], [18.686925, 54.51824166666667], [18.68703833333333, 54.51824833333333], [18.68692666666667, 54.51834833333333], [18.686826666666665, 54.51840333333334], [18.686851666666666, 54.51834833333333], [18.686748333333334, 54.51855], [18.686981666666668, 54.51828166666667], [18.68685333333333, 54.518285], [18.686766666666664, 54.518388333333334], [18.686941666666666, 54.51834833333333], [18.686823333333333, 54.518431666666665], [18.686935000000002, 54.51837333333334], [18.686725000000003, 54.518305000000005], [18.686795, 54.518435], [18.686876666666667, 54.51833], [18.68684, 54.51839333333333], [18.686991666666664, 54.518305000000005], [18.687001666666667, 54.51818], [18.68713, 54.51799666666667], [18.68699666666667, 54.51820166666666], [18.687178333333335, 54.51801], [18.687236666666667, 54.51792833333333], [18.687478333333335, 54.51775333333333], [18.687191666666667, 54.51781666666667], [18.687501666666666, 54.51766333333333], [18.687428333333333, 54.517741666666666], [18.68735, 54.51763833333334], [18.687549999999998, 54.51750333333334], [18.687253333333334, 54.51783833333333], [18.687231666666666, 54.51773], [18.687501666666666, 54.51757], [18.687763333333333, 54.517450000000004], [18.687561666666667, 54.51757666666666], [18.687369999999998, 54.517646666666664], [18.6877, 54.51753333333333], [18.68765, 54.51750166666667], [18.687608333333333, 54.51757666666666], [18.68856, 54.51712166666667], [18.687798333333333, 54.517428333333335], [18.688193333333334, 54.517285], [18.68842833333333, 54.51718166666667], [18.689011666666666, 54.51703666666666], [18.688561666666665, 54.51727], [18.689581666666665, 54.516935], [18.688985, 54.51707666666667], [18.689225, 54.51697333333333], [18.689573333333332, 54.516886666666664], [18.689725, 54.51688333333333], [18.689498333333333, 54.516886666666664], [18.689843333333332, 54.51678166666667], [18.690316666666668, 54.51677333333334], [18.69104666666667, 54.51667833333333], [18.689915, 54.51664666666667], [18.690578333333335, 54.51668166666666], [18.690170000000002, 54.516618333333334], [18.690451666666668, 54.51658833333333], [18.690368333333332, 54.516574999999996], [18.690111666666667, 54.51658666666666], [18.690346666666667, 54.51651666666667], [18.690246666666667, 54.51647166666667], [18.69095, 54.51643333333333], [18.690216666666668, 54.516396666666665], [18.69067, 54.516378333333336], [18.69073, 54.516391666666664], [18.69124, 54.5163], [18.69033166666667, 54.516333333333336], [18.690265, 54.51636666666666], [18.69117, 54.51631833333333], [18.689835000000002, 54.516398333333335], [18.690605, 54.516526666666664], [18.690144999999998, 54.51640333333333], [18.690371666666667, 54.51640333333333], [18.690678333333334, 54.51628166666667], [18.689958333333333, 54.516395], [18.69033166666667, 54.516378333333336], [18.690065, 54.516405], [18.690258333333336, 54.51635], [18.690553333333334, 54.516378333333336], [18.691088333333333, 54.51647166666667], [18.690535, 54.51640166666667], [18.690815, 54.516405], [18.689555, 54.516445], [18.68968166666667, 54.516556666666666], [18.690026666666665, 54.51645499999999], [18.689641666666667, 54.516475], [18.691198333333332, 54.516355], [18.690830000000002, 54.516346666666664], [18.691211666666668, 54.516398333333335], [18.692011666666666, 54.51647666666667], [18.691765, 54.516391666666664], [18.691998333333334, 54.516441666666665], [18.691193333333334, 54.51638333333334], [18.69268333333333, 54.51656333333334], [18.691398333333332, 54.51632333333334], [18.692600000000002, 54.516475], [18.69268333333333, 54.516505]]}, "properties": {"label": "GERDT OLDENDORFF", "mmsi": "255805620", "imo": "9681950", "name": "GERDT OLDENDORFF", "shiptype": "", "first_seen_utc": "2026-01-02T05:22:13Z", "last_seen_utc": "2026-01-11T15:53:29Z", "destination": "PLGDY", "eta": "{'Day': 2, 'Hour': 10, 'Minute': 15, 'Month': 1}", "display": "", "links": "<a href=\"https://www.vesselfinder.com/vessels?name=9681950\" target=\"_blank\" rel=\"noopener\">VesselFinder</a> | <a href=\"https://www.marinetraffic.com/en/ais/search/all?keyword=9681950\" target=\"_blank\" rel=\"noopener\">MarineTraffic</a>", "vf_url": "https://www.vesselfinder.com/vessels?name=9681950", "mst_url": "https://www.marinetraffic.com/en/ais/search/all?keyword=9681950", "method": "v3_2pass_track3d_fromru10d", "ru_seen_in_lookback": true, "in_monitor_on_day": true}}, {"type": "Feature", "geometry": {"type": "Point", "coordinates": [18.69268333333333, 54.516505]}, "properties": {"label": "GERDT OLDENDORFF", "mmsi": "255805620", "imo": "9681950", "name": "GERDT OLDENDORFF", "shiptype": "", "first_seen_utc": "2026-01-02T05:22:13Z", "last_seen_utc": "2026-01-11T15:53:29Z", "destination": "PLGDY", "eta": "{'Day': 2, 'Hour': 10, 'Minute': 15, 'Month': 1}", "display": "GERDT OLDENDORFF (255805620)", "links": "<a href=\"https://www.vesselfinder.com/vessels?name=9681950\" target=\"_blank\" rel=\"noopener\">VesselFinder</a> | <a href=\"https://www.marinetraffic.com/en/ais/search/all?keyword=9681950\" target=\"_blank\" rel=\"noopener\">MarineTraffic</a>", "vf_url": "https://www.vesselfinder.com/vessels?name=9681950", "mst_url": "https://www.marinetraffic.com/en/ais/search/all?keyword=9681950", "method": "v3_2pass_track3d_fromru10d", "ru_seen_in_lookback": true, "in_monitor_on_day": true}}, {"type": "Feature", "geometry": {"type": "LineString", "coordinates": [[11.950606666666665, 54.43934], [11.766266666666667, 54.44524666666667], [11.589358333333333, 54.48366], [11.416095, 54.53096666666667], [11.245971666666666, 54.58027333333334], [11.049561666666667, 54.60202666666667], [10.876081666666666, 54.644596666666665], [10.779943333333334, 54.722989999999996], [10.834873333333332, 54.82578], [10.864136666666667, 54.919156666666666], [10.976208333333334, 54.98877], [10.989759999999999, 55.09835666666667], [11.058188333333334, 55.18588], [11.065348333333333, 55.279403333333335], [10.857216666666666, 55.53834666666667], [10.787806666666667, 55.635466666666666], [10.803515, 55.730940000000004], [10.831548333333334, 55.82863666666666], [10.951815, 55.91566666666667], [10.17548, 57.84036666666667], [9.945218333333335, 57.83452666666667], [9.736478333333334, 57.82917333333333], [9.528561666666667, 57.80980666666667], [9.344051666666667, 57.753886666666666], [9.164878333333332, 57.69804], [8.980178333333333, 57.63912666666667], [8.750986666666668, 57.567993333333334], [8.56386, 57.512640000000005], [8.377065, 57.456633333333336], [8.186770000000001, 57.400639999999996], [7.986251666666666, 57.33938], [7.813566666666667, 57.267320000000005], [7.643831666666667, 57.198499999999996], [7.473198333333333, 57.12888], [2.552655, 51.85207666666667]]}, "properties": {"label": "PANTHERLIGHT", "mmsi": "249744000", "imo": "9724673", "name": "PANTHERLIGHT", "shiptype": "", "first_seen_utc": "2026-01-02T05:48:33Z", "last_seen_utc": "2026-01-11T15:56:22Z", "destination": "FOR ORDERS", "eta": "{'Day': 16, 'Hour': 12, 'Minute': 0, 'Month': 1}", "display": "", "links": "<a href=\"https://www.vesselfinder.com/vessels?name=9724673\" target=\"_blank\" rel=\"noopener\">VesselFinder</a> | <a href=\"https://www.marinetraffic.com/en/ais/search/all?keyword=9724673\" target=\"_blank\" rel=\"noopener\">MarineTraffic</a>", "vf_url": "https://www.vesselfinder.com/vessels?name=9724673", "mst_url": "https://www.marinetraffic.com/en/ais/search/all?keyword=9724673", "method": "v3_2pass_track3d_fromru10d", "ru_seen_in_lookback": true, "in_monitor_on_day": true}}, {"type": "Feature", "geometry": {"type": "Point", "coordinates": [2.552655, 51.85207666666667]}, "properties": {"label": "PANTHERLIGHT", "mmsi": "249744000", "imo": "9724673", "name": "PANTHERLIGHT", "shiptype": "", "first_seen_utc": "2026-01-02T05:48:33Z", "last_seen_utc": "2026-01-11T15:56:22Z", "destination": "FOR ORDERS", "eta": "{'Day': 16, 'Hour': 12, 'Minute': 0, 'Month': 1}", "display": "PANTHERLIGHT (249744000)", "links": "<a href=\"https://www.vesselfinder.com/vessels?name=9724673\" target=\"_blank\" rel=\"noopener\">VesselFinder</a> | <a href=\"https://www.marinetraffic.com/en/ais/search/all?keyword=9724673\" target=\"_blank\" rel=\"noopener\">MarineTraffic</a>", "vf_url": "https://www.vesselfinder.com/vessels?name=9724673", "mst_url": "https://www.marinetraffic.com/en/ais/search/all?keyword=9724673", "method": "v3_2pass_track3d_fromru10d", "ru_seen_in_lookback": true, "in_monitor_on_day": true}}, {"type": "Feature", "geometry": {"type": "LineString", "coordinates": [[30.213438333333333, 59.890535], [15.820388333333334, 55.843041666666664], [15.672811666666666, 55.79501833333334], [15.524851666666667, 55.746805], [15.373786666666666, 55.69859833333333], [15.220758333333333, 55.650803333333336], [15.066155, 55.60234333333334], [14.91271, 55.549265], [14.760205000000001, 55.50212666666666], [14.608076666666667, 55.464931666666665], [14.482664999999999, 55.39245666666667], [14.372528333333333, 55.311278333333334], [14.256151666666666, 55.226800000000004], [13.330356666666667, 55.254445000000004], [13.130803333333334, 55.255805], [12.982703333333335, 55.255221666666664], [12.840353333333333, 55.27397333333333]]}, "properties": {"label": "ALTO", "mmsi": "304616000", "imo": "9277333", "name": "ALTO", "shiptype": "", "first_seen_utc": "2026-01-02T05:49:34Z", "last_seen_utc": "2026-01-11T16:03:32Z", "destination": "DKSKA", "eta": "{'Day': 12, 'Hour': 7, 'Minute': 0, 'Month': 1}", "display": "", "links": "<a href=\"https://www.vesselfinder.com/vessels?name=9277333\" target=\"_blank\" rel=\"noopener\">VesselFinder</a> | <a href=\"https://www.marinetraffic.com/en/ais/search/all?keyword=9277333\" target=\"_blank\" rel=\"noopener\">MarineTraffic</a>", "vf_url": "https://www.vesselfinder.com/vessels?name=9277333", "mst_url": "https://www.marinetraffic.com/en/ais/search/all?keyword=9277333", "method": "v3_2pass_track3d_fromru10d", "ru_seen_in_lookback": true, "in_monitor_on_day": true}}, {"type": "Feature", "geometry": {"type": "Point", "coordinates": [12.840353333333333, 55.27397333333333]}, "properties": {"label": "ALTO", "mmsi": "304616000", "imo": "9277333", "name": "ALTO", "shiptype": "", "first_seen_utc": "2026-01-02T05:49:34Z", "last_seen_utc": "2026-01-11T16:03:32Z", "destination": "DKSKA", "eta": "{'Day': 12, 'Hour': 7, 'Minute': 0, 'Month': 1}", "display": "ALTO (304616000)", "links": "<a href=\"https://www.vesselfinder.com/vessels?name=9277333\" target=\"_blank\" rel=\"noopener\">VesselFinder</a> | <a href=\"https://www.marinetraffic.com/en/ais/search/all?keyword=9277333\" target=\"_blank\" rel=\"noopener\">MarineTraffic</a>", "vf_url": "https://www.vesselfinder.com/vessels?name=9277333", "mst_url": "https://www.marinetraffic.com/en/ais/search/all?keyword=9277333", "method": "v3_2pass_track3d_fromru10d", "ru_seen_in_lookback": true, "in_monitor_on_day": true}}, {"type": "Feature", "geometry": {"type": "LineString", "coordinates": [[15.279685, 55.534501666666664], [15.082548333333333, 55.529673333333335], [14.936903333333333, 55.52312833333334], [14.787648333333333, 55.49892], [13.359426666666668, 55.236016666666664], [13.166961666666667, 55.24391666666667], [12.972908333333333, 55.24724333333334], [12.820723333333332, 55.271319999999996], [12.728919999999999, 55.29218166666667], [12.667526666666667, 55.32890666666666], [12.676916666666667, 55.382625], [12.701556666666667, 55.4415], [12.71257, 55.504725], [12.703765, 55.57281], [12.694606666666665, 55.64530333333333], [12.692943333333334, 55.74738166666667], [12.685730000000001, 55.854706666666665], [12.680598333333334, 55.953563333333335], [12.642573333333333, 56.062985000000005], [12.503948333333334, 56.13968833333333], [10.499595, 57.858333333333334], [10.246845, 57.85043833333334], [9.984591666666667, 57.84538333333333], [9.741093333333334, 57.833785], [9.510531666666667, 57.79551166666667], [9.305103333333333, 57.73305833333333], [9.102515, 57.660041666666665], [8.899656666666667, 57.58408], [8.6937, 57.50550666666666], [8.490563333333334, 57.427148333333335], [8.276326666666668, 57.34781666666667], [8.097453333333332, 57.25570333333334], [4.3949066666666665, 54.03405333333333], [4.227101666666667, 53.96744], [3.9486033333333332, 53.84520833333333], [3.7615866666666666, 53.7625], [3.20832, 52.859991666666666]]}, "properties": {"label": "IONIC ALTHEA", "mmsi": "538007953", "imo": "9728435", "name": "IONIC ALTHEA", "shiptype": "", "first_seen_utc": "2026-01-02T06:32:02Z", "last_seen_utc": "2026-01-11T14:12:14Z", "destination": "PLGDN-USCRP", "eta": "{'Day': 29, 'Hour': 14, 'Minute': 0, 'Month': 1}", "display": "", "links": "<a href=\"https://www.vesselfinder.com/vessels?name=9728435\" target=\"_blank\" rel=\"noopener\">VesselFinder</a> | <a href=\"https://www.marinetraffic.com/en/ais/search/all?keyword=9728435\" target=\"_blank\" rel=\"noopener\">MarineTraffic</a>", "vf_url": "https://www.vesselfinder.com/vessels?name=9728435", "mst_url": "https://www.marinetraffic.com/en/ais/search/all?keyword=9728435", "method": "v3_2pass_track3d_fromru10d", "ru_seen_in_lookback": true, "in_monitor_on_day": true}}, {"type": "Feature", "geometry": {"type": "Point", "coordinates": [3.20832, 52.859991666666666]}, "properties": {"label": "IONIC ALTHEA", "mmsi": "538007953", "imo": "9728435", "name": "IONIC ALTHEA", "shiptype": "", "first_seen_utc": "2026-01-02T06:32:02Z", "last_seen_utc": "2026-01-11T14:12:14Z", "destination": "PLGDN-USCRP", "eta": "{'Day': 29, 'Hour': 14, 'Minute': 0, 'Month': 1}", "display": "IONIC ALTHEA (538007953)", "links": "<a href=\"https://www.vesselfinder.com/vessels?name=9728435\" target=\"_blank\" rel=\"noopener\">VesselFinder</a> | <a href=\"https://www.marinetraffic.com/en/ais/search/all?keyword=9728435\" target=\"_blank\" rel=\"noopener\">MarineTraffic</a>", "vf_url": "https://www.vesselfinder.com/vessels?name=9728435", "mst_url": "https://www.marinetraffic.com/en/ais/search/all?keyword=9728435", "method": "v3_2pass_track3d_fromru10d", "ru_seen_in_lookback": true, "in_monitor_on_day": true}}, {"type": "Feature", "geometry": {"type": "LineString", "coordinates": [[15.225448333333333, 55.62290666666667], [15.08765, 55.58175166666667], [14.947605000000001, 55.54265833333333], [14.802531666666665, 55.50179166666667], [14.681026666666666, 55.45737166666667], [14.562341666666667, 55.40316333333333], [12.259688333333335, 54.57904833333334], [12.215323333333334, 54.49789833333333], [12.134958333333334, 54.432975000000006], [11.990901666666668, 54.43151666666667], [11.845458333333333, 54.43394333333333], [11.707933333333333, 54.44966333333333], [11.577463333333332, 54.48645833333333], [11.443446666666667, 54.523535], [11.306833333333334, 54.560786666666665], [11.174533333333333, 54.605266666666665], [11.020715, 54.602705], [10.881818333333333, 54.64040833333333], [10.776148333333333, 54.69535333333333], [10.808494999999999, 54.763169999999995], [10.83788, 54.855115], [10.900361666666667, 54.945463333333336], [10.990778333333333, 55.01189166666666], [10.991533333333333, 55.09310833333333], [11.022708333333332, 55.17053], [11.104753333333333, 55.225541666666665], [11.045696666666666, 55.30404166666666], [10.83913, 55.563026666666666], [10.78958, 55.64092166666667], [10.802876666666666, 55.71859666666667], [10.818135000000002, 55.79709666666667], [10.817101666666668, 55.88034833333334], [10.945905, 55.920566666666666]]}, "properties": {"label": "LAKER", "mmsi": "352003741", "imo": "9581368", "name": "LAKER", "shiptype": "", "first_seen_utc": "2026-01-02T06:51:18Z", "last_seen_utc": "2026-01-11T07:27:45Z", "destination": "SN DKR", "eta": "{'Day': 22, 'Hour': 12, 'Minute': 10, 'Month': 1}", "display": "", "links": "<a href=\"https://www.vesselfinder.com/vessels?name=9581368\" target=\"_blank\" rel=\"noopener\">VesselFinder</a> | <a href=\"https://www.marinetraffic.com/en/ais/search/all?keyword=9581368\" target=\"_blank\" rel=\"noopener\">MarineTraffic</a>", "vf_url": "https://www.vesselfinder.com/vessels?name=9581368", "mst_url": "https://www.marinetraffic.com/en/ais/search/all?keyword=9581368", "method": "v3_2pass_track3d_fromru10d", "ru_seen_in_lookback": true, "in_monitor_on_day": true}}, {"type": "Feature", "geometry": {"type": "Point", "coordinates": [10.945905, 55.920566666666666]}, "properties": {"label": "LAKER", "mmsi": "352003741", "imo": "9581368", "name": "LAKER", "shiptype": "", "first_seen_utc": "2026-01-02T06:51:18Z", "last_seen_utc": "2026-01-11T07:27:45Z", "destination": "SN DKR", "eta": "{'Day': 22, 'Hour': 12, 'Minute': 10, 'Month': 1}", "display": "LAKER (352003741)", "links": "<a href=\"https://www.vesselfinder.com/vessels?name=9581368\" target=\"_blank\" rel=\"noopener\">VesselFinder</a> | <a href=\"https://www.marinetraffic.com/en/ais/search/all?keyword=9581368\" target=\"_blank\" rel=\"noopener\">MarineTraffic</a>", "vf_url": "https://www.vesselfinder.com/vessels?name=9581368", "mst_url": "https://www.marinetraffic.com/en/ais/search/all?keyword=9581368", "method": "v3_2pass_track3d_fromru10d", "ru_seen_in_lookback": true, "in_monitor_on_day": true}}, {"type": "Feature", "geometry": {"type": "LineString", "coordinates": [[15.629809999999999, 55.682916666666664], [15.415698333333333, 55.650798333333334], [15.241988333333333, 55.62627], [15.023121666666666, 55.56594833333334], [14.829244999999998, 55.51494], [14.661669999999999, 55.47074166666666], [12.293873333333332, 54.60592], [12.220475, 54.512616666666666], [12.124310000000001, 54.435835], [11.956743333333332, 54.431841666666664], [11.785395, 54.43004833333334], [11.628504999999999, 54.47165], [11.474066666666666, 54.516976666666665], [11.311933333333334, 54.56250166666667], [11.142375, 54.606840000000005], [10.958195, 54.59768999999999], [10.774976666666667, 54.584936666666664], [10.411735, 54.52691166666667], [10.308911666666667, 54.52497833333334], [10.296416666666666, 54.528655], [10.29757, 54.53000333333333], [10.297495, 54.53019], [10.29758, 54.53022833333333], [10.297455000000001, 54.53031166666666], [10.297188333333334, 54.53073666666667], [10.297296666666666, 54.53060166666667], [10.297336666666666, 54.530591666666666], [10.297173333333335, 54.530701666666666], [10.297151666666668, 54.53066333333334], [10.296435, 54.53114], [10.296001666666665, 54.531258333333334]]}, "properties": {"label": "BC ARMONIA", "mmsi": "352003881", "imo": "9706334", "name": "BC ARMONIA", "shiptype": "", "first_seen_utc": "2026-01-02T06:57:07Z", "last_seen_utc": "2026-01-11T15:47:55Z", "destination": "ES LPA", "eta": "{'Day': 19, 'Hour': 10, 'Minute': 0, 'Month': 1}", "display": "", "links": "<a href=\"https://www.vesselfinder.com/vessels?name=9706334\" target=\"_blank\" rel=\"noopener\">VesselFinder</a> | <a href=\"https://www.marinetraffic.com/en/ais/search/all?keyword=9706334\" target=\"_blank\" rel=\"noopener\">MarineTraffic</a>", "vf_url": "https://www.vesselfinder.com/vessels?name=9706334", "mst_url": "https://www.marinetraffic.com/en/ais/search/all?keyword=9706334", "method": "v3_2pass_track3d_fromru10d", "ru_seen_in_lookback": true, "in_monitor_on_day": true}}, {"type": "Feature", "geometry": {"type": "Point", "coordinates": [10.296001666666665, 54.531258333333334]}, "properties": {"label": "BC ARMONIA", "mmsi": "352003881", "imo": "9706334", "name": "BC ARMONIA", "shiptype": "", "first_seen_utc": "2026-01-02T06:57:07Z", "last_seen_utc": "2026-01-11T15:47:55Z", "destination": "ES LPA", "eta": "{'Day': 19, 'Hour': 10, 'Minute': 0, 'Month': 1}", "display": "BC ARMONIA (352003881)", "links": "<a href=\"https://www.vesselfinder.com/vessels?name=9706334\" target=\"_blank\" rel=\"noopener\">VesselFinder</a> | <a href=\"https://www.marinetraffic.com/en/ais/search/all?keyword=9706334\" target=\"_blank\" rel=\"noopener\">MarineTraffic</a>", "vf_url": "https://www.vesselfinder.com/vessels?name=9706334", "mst_url": "https://www.marinetraffic.com/en/ais/search/all?keyword=9706334", "method": "v3_2pass_track3d_fromru10d", "ru_seen_in_lookback": true, "in_monitor_on_day": true}}, {"type": "Feature", "geometry": {"type": "LineString", "coordinates": [[15.396258333333332, 55.595315], [15.166615, 55.59217666666667], [14.947978333333333, 55.52894666666667], [14.722738333333332, 55.46366], [14.502013333333334, 55.38371166666666], [14.330578333333333, 55.277768333333334], [14.162808333333334, 55.17413], [12.270846666666667, 54.59617333333333], [12.182656666666666, 54.472096666666665], [11.985848333333333, 54.43776166666667], [11.765278333333333, 54.43715666666667], [11.567748333333332, 54.490154999999994], [11.368500000000001, 54.54925], [11.162421666666667, 54.604940000000006], [10.970573333333334, 54.67226166666667], [10.875933333333334, 54.783168333333336], [10.916868333333333, 54.921976666666666], [11.037301666666668, 55.025391666666664], [11.05675, 55.156165], [11.074043333333332, 55.274458333333335], [10.993208333333333, 55.418258333333334], [10.868716666666668, 55.53288], [10.783013333333335, 55.654988333333336], [10.820333333333334, 55.78241166666667], [10.926826666666667, 55.894996666666664], [11.153941666666666, 56.08961333333333], [10.497761666666666, 57.85589], [10.240783333333333, 57.84845166666666]]}, "properties": {"label": "MYD TIANJIN", "mmsi": "357787000", "imo": "9202168", "name": "MYD TIANJIN", "shiptype": "", "first_seen_utc": "2026-01-02T07:01:54Z", "last_seen_utc": "2026-01-11T15:37:37Z", "destination": "MACAS", "eta": "{'Day': 16, 'Hour': 22, 'Minute': 0, 'Month': 1}", "display": "", "links": "<a href=\"https://www.vesselfinder.com/vessels?name=9202168\" target=\"_blank\" rel=\"noopener\">VesselFinder</a> | <a href=\"https://www.marinetraffic.com/en/ais/search/all?keyword=9202168\" target=\"_blank\" rel=\"noopener\">MarineTraffic</a>", "vf_url": "https://www.vesselfinder.com/vessels?name=9202168", "mst_url": "https://www.marinetraffic.com/en/ais/search/all?keyword=9202168", "method": "v3_2pass_track3d_fromru10d", "ru_seen_in_lookback": true, "in_monitor_on_day": true}}, {"type": "Feature", "geometry": {"type": "Point", "coordinates": [10.240783333333333, 57.84845166666666]}, "properties": {"label": "MYD TIANJIN", "mmsi": "357787000", "imo": "9202168", "name": "MYD TIANJIN", "shiptype": "", "first_seen_utc": "2026-01-02T07:01:54Z", "last_seen_utc": "2026-01-11T15:37:37Z", "destination": "MACAS", "eta": "{'Day': 16, 'Hour': 22, 'Minute': 0, 'Month': 1}", "display": "MYD TIANJIN (357787000)", "links": "<a href=\"https://www.vesselfinder.com/vessels?name=9202168\" target=\"_blank\" rel=\"noopener\">VesselFinder</a> | <a href=\"https://www.marinetraffic.com/en/ais/search/all?keyword=9202168\" target=\"_blank\" rel=\"noopener\">MarineTraffic</a>", "vf_url": "https://www.vesselfinder.com/vessels?name=9202168", "mst_url": "https://www.marinetraffic.com/en/ais/search/all?keyword=9202168", "method": "v3_2pass_track3d_fromru10d", "ru_seen_in_lookback": true, "in_monitor_on_day": true}}, {"type": "Feature", "geometry": {"type": "LineString", "coordinates": [[18.41652, 54.79671], [18.41652, 54.7967], [18.416485, 54.796704999999996], [18.416525, 54.796704999999996], [18.41652, 54.7967], [18.416475, 54.79671], [18.416504999999997, 54.7967], [18.416504999999997, 54.7967], [18.416510000000002, 54.796704999999996], [18.416525, 54.796695], [18.41648, 54.796685000000004], [18.416485, 54.79671], [18.416504999999997, 54.79669], [18.41649, 54.79669], [18.416504999999997, 54.796685000000004], [18.4165, 54.796695], [18.416510000000002, 54.79669], [18.41653, 54.796695], [18.41652, 54.7967], [18.416510000000002, 54.7967], [18.416515, 54.7967], [18.41652, 54.79671], [18.416504999999997, 54.7967], [18.416510000000002, 54.796695], [18.416485, 54.796695], [18.4165, 54.79669], [18.416504999999997, 54.796695], [18.416515, 54.796685000000004], [18.4165, 54.7967], [18.416465000000002, 54.796685000000004], [18.41652, 54.796695], [18.41649, 54.79669], [18.4165, 54.796685000000004], [18.41652, 54.79669], [18.416515, 54.796704999999996], [18.41653, 54.796685000000004], [18.41652, 54.796685000000004], [18.416515, 54.79668], [18.416504999999997, 54.7967], [18.416485, 54.796695], [18.416485, 54.796685000000004], [18.416515, 54.796695], [18.416504999999997, 54.796695], [18.416515, 54.796695], [18.416535, 54.796695], [18.416495, 54.796695], [18.416485, 54.7967], [18.4165, 54.796695], [18.41648, 54.796685000000004], [18.4165, 54.796695], [18.41649, 54.796695], [18.416504999999997, 54.7967], [18.41652, 54.796695], [18.41648, 54.796685000000004], [18.41652, 54.796685000000004], [18.4165, 54.796685000000004], [18.416510000000002, 54.796695], [18.416485, 54.796685000000004], [18.4165, 54.7967], [18.416495, 54.796695]]}, "properties": {"label": "WLA 253", "mmsi": "261003970", "imo": "", "name": "WLA 253", "shiptype": "", "first_seen_utc": "2026-01-02T07:21:20Z", "last_seen_utc": "2026-01-11T08:28:17Z", "destination": "", "eta": "{'Day': 0, 'Hour': 24, 'Minute': 60, 'Month': 0}", "display": "", "links": "<a href=\"https://www.vesselfinder.com/vessels?name=261003970\" target=\"_blank\" rel=\"noopener\">VesselFinder</a> | <a href=\"https://www.marinetraffic.com/en/ais/search/all?keyword=261003970\" target=\"_blank\" rel=\"noopener\">MarineTraffic</a>", "vf_url": "https://www.vesselfinder.com/vessels?name=261003970", "mst_url": "https://www.marinetraffic.com/en/ais/search/all?keyword=261003970", "method": "v3_2pass_track3d_fromru10d", "ru_seen_in_lookback": true, "in_monitor_on_day": true}}, {"type": "Feature", "geometry": {"type": "Point", "coordinates": [18.416495, 54.796695]}, "properties": {"label": "WLA 253", "mmsi": "261003970", "imo": "", "name": "WLA 253", "shiptype": "", "first_seen_utc": "2026-01-02T07:21:20Z", "last_seen_utc": "2026-01-11T08:28:17Z", "destination": "", "eta": "{'Day': 0, 'Hour': 24, 'Minute': 60, 'Month': 0}", "display": "WLA 253 (261003970)", "links": "<a href=\"https://www.vesselfinder.com/vessels?name=261003970\" target=\"_blank\" rel=\"noopener\">VesselFinder</a> | <a href=\"https://www.marinetraffic.com/en/ais/search/all?keyword=261003970\" target=\"_blank\" rel=\"noopener\">MarineTraffic</a>", "vf_url": "https://www.vesselfinder.com/vessels?name=261003970", "mst_url": "https://www.marinetraffic.com/en/ais/search/all?keyword=261003970", "method": "v3_2pass_track3d_fromru10d", "ru_seen_in_lookback": true, "in_monitor_on_day": true}}, {"type": "Feature", "geometry": {"type": "LineString", "coordinates": [[19.175941666666667, 54.85135666666667], [19.101999999999997, 54.814906666666666], [19.013186666666666, 54.77553], [18.965253333333333, 54.72481666666667], [18.937336666666667, 54.66930166666667], [18.907146666666666, 54.622793333333334], [18.880625000000002, 54.594275], [18.84640166666667, 54.56851833333334], [18.813660000000002, 54.535804999999996], [18.785943333333332, 54.501035], [18.787973333333333, 54.50087666666666], [18.806455000000003, 54.50932], [18.825960000000002, 54.518011666666666], [18.842846666666667, 54.52379], [18.861518333333333, 54.53258666666667], [18.844706666666664, 54.51887], [18.807125, 54.49641166666667], [18.77295666666667, 54.47529833333333], [18.742076666666666, 54.454571666666666], [18.730351666666664, 54.455295], [18.73633166666667, 54.461515], [18.753466666666668, 54.466300000000004], [18.76105, 54.470805000000006], [18.762276666666665, 54.47146333333333], [18.766465, 54.476565], [18.772436666666668, 54.483176666666665], [18.779971666666665, 54.490381666666664], [18.78744, 54.497319999999995], [18.796466666666667, 54.50394666666667], [18.805690000000002, 54.50846333333333], [18.81531, 54.513335], [18.820518333333332, 54.516041666666666], [18.802284999999998, 54.48949], [18.77981833333333, 54.46933], [18.762965, 54.463100000000004], [18.779986666666666, 54.46741166666666], [18.786191666666664, 54.47162], [18.789673333333333, 54.475698333333334], [18.792513333333332, 54.480425], [18.79615, 54.48640833333333], [18.798646666666667, 54.49390166666667], [18.803091666666667, 54.49969333333333], [18.790393333333334, 54.47889166666666], [18.76192166666667, 54.45406666666667], [18.758393333333334, 54.43834833333334], [18.760988333333334, 54.44146833333333], [18.765476666666665, 54.441905], [18.774393333333332, 54.44827333333333], [18.78410166666667, 54.45274833333334], [18.793176666666668, 54.45787166666666], [18.800133333333335, 54.46614], [18.803945, 54.46955833333333], [18.80574, 54.47517333333334], [18.806230000000003, 54.478631666666665], [18.806466666666665, 54.48224166666667], [18.806378333333335, 54.48659], [18.806085, 54.48951666666667], [18.807378333333336, 54.49270166666667], [18.807955, 54.49531666666667], [18.807453333333335, 54.49748666666667], [18.80784, 54.49840166666667], [18.808216666666667, 54.49916833333334], [18.806866666666668, 54.50069166666666], [18.804151666666666, 54.50033], [18.80111833333333, 54.50077666666667], [18.801783333333333, 54.50241333333334], [18.805108333333333, 54.50438], [18.807325, 54.508135], [18.810371666666665, 54.51162166666666], [18.813961666666668, 54.513286666666666], [18.818733333333334, 54.51047666666667], [18.824088333333336, 54.50893166666666], [18.802636666666668, 54.491369999999996], [18.783158333333333, 54.46984333333333], [18.76625166666667, 54.44991666666667], [18.760135, 54.44889333333333], [18.772231666666666, 54.45254], [18.771735, 54.456403333333334], [18.774935000000003, 54.464785], [18.790675, 54.51109666666667], [18.731735, 54.49169333333334], [18.752866666666666, 54.44156666666667]]}, "properties": {"label": "RADUGA LYON", "mmsi": "210149000", "imo": "8518168", "name": "RADUGA LYON", "shiptype": "", "first_seen_utc": "2026-01-02T07:22:19Z", "last_seen_utc": "2026-01-11T15:54:58Z", "destination": "PL GDN", "eta": "{'Day': 10, 'Hour': 1, 'Minute': 0, 'Month': 1}", "display": "", "links": "<a href=\"https://www.vesselfinder.com/vessels?name=8518168\" target=\"_blank\" rel=\"noopener\">VesselFinder</a> | <a href=\"https://www.marinetraffic.com/en/ais/search/all?keyword=8518168\" target=\"_blank\" rel=\"noopener\">MarineTraffic</a>", "vf_url": "https://www.vesselfinder.com/vessels?name=8518168", "mst_url": "https://www.marinetraffic.com/en/ais/search/all?keyword=8518168", "method": "v3_2pass_track3d_fromru10d", "ru_seen_in_lookback": true, "in_monitor_on_day": true}}, {"type": "Feature", "geometry": {"type": "Point", "coordinates": [18.752866666666666, 54.44156666666667]}, "properties": {"label": "RADUGA LYON", "mmsi": "210149000", "imo": "8518168", "name": "RADUGA LYON", "shiptype": "", "first_seen_utc": "2026-01-02T07:22:19Z", "last_seen_utc": "2026-01-11T15:54:58Z", "destination": "PL GDN", "eta": "{'Day': 10, 'Hour': 1, 'Minute': 0, 'Month': 1}", "display": "RADUGA LYON (210149000)", "links": "<a href=\"https://www.vesselfinder.com/vessels?name=8518168\" target=\"_blank\" rel=\"noopener\">VesselFinder</a> | <a href=\"https://www.marinetraffic.com/en/ais/search/all?keyword=8518168\" target=\"_blank\" rel=\"noopener\">MarineTraffic</a>", "vf_url": "https://www.vesselfinder.com/vessels?name=8518168", "mst_url": "https://www.marinetraffic.com/en/ais/search/all?keyword=8518168", "method": "v3_2pass_track3d_fromru10d", "ru_seen_in_lookback": true, "in_monitor_on_day": true}}, {"type": "Feature", "geometry": {"type": "LineString", "coordinates": [[18.80269666666667, 54.602293333333336], [18.80269333333333, 54.602295000000005], [18.802691666666664, 54.602291666666666], [18.802695000000003, 54.602288333333334], [18.802701666666668, 54.60229833333334], [18.802695000000003, 54.602291666666666], [18.80269333333333, 54.60229], [18.802698333333336, 54.60228333333334], [18.8027, 54.602288333333334], [18.80269666666667, 54.602293333333336], [18.802701666666668, 54.602293333333336], [18.802691666666664, 54.602291666666666], [18.802691666666664, 54.60228666666667], [18.802686666666666, 54.60228666666667], [18.802686666666666, 54.602288333333334], [18.80269333333333, 54.60229666666667], [18.80269333333333, 54.60229833333334], [18.80269333333333, 54.60229833333334], [18.802686666666666, 54.602288333333334], [18.80269666666667, 54.60228333333334], [18.802695000000003, 54.60228666666667], [18.802698333333336, 54.60229], [18.802698333333336, 54.60228666666667], [18.802705, 54.602293333333336], [18.802701666666668, 54.60229666666667], [18.802703333333334, 54.60229833333334], [18.80269333333333, 54.602295000000005], [18.802691666666664, 54.6023], [18.802686666666666, 54.602293333333336], [18.80269, 54.602291666666666], [18.802698333333336, 54.60228333333334], [18.802695000000003, 54.602291666666666], [18.802691666666664, 54.602293333333336], [18.802695000000003, 54.60228666666667], [18.802685, 54.602288333333334], [18.802675, 54.602285], [18.802688333333332, 54.602285], [18.80269333333333, 54.602288333333334], [18.802695000000003, 54.602288333333334], [18.802706666666666, 54.60228666666667], [18.802698333333336, 54.602285], [18.802695000000003, 54.602285], [18.80269666666667, 54.60228666666667], [18.802686666666666, 54.60229], [18.802683333333334, 54.602288333333334], [18.802698333333336, 54.602291666666666], [18.80269666666667, 54.602293333333336], [18.802695000000003, 54.602291666666666], [18.802695000000003, 54.602293333333336], [18.802695000000003, 54.60228666666667], [18.802698333333336, 54.602288333333334], [18.802706666666666, 54.60229833333334], [18.80269333333333, 54.602293333333336], [18.802688333333332, 54.60229], [18.80269, 54.602285], [18.80269, 54.60229], [18.802695000000003, 54.602295000000005], [18.802691666666664, 54.60229666666667], [18.802691666666664, 54.602295000000005], [18.802688333333332, 54.602291666666666], [18.802683333333334, 54.60228666666667], [18.802685, 54.602291666666666], [18.80269, 54.60229833333334], [18.802695000000003, 54.60230166666667], [18.80269, 54.60229666666667], [18.802683333333334, 54.602293333333336], [18.80269333333333, 54.60228166666666], [18.8027, 54.60228166666666], [18.802701666666668, 54.60228333333334], [18.802701666666668, 54.602275], [18.80270833333333, 54.602288333333334], [18.802705, 54.602288333333334], [18.80271, 54.60229], [18.802698333333336, 54.6023], [18.802698333333336, 54.602315], [18.802691666666664, 54.602313333333335], [18.80269, 54.602306666666664], [18.80269666666667, 54.60229833333334], [18.8027, 54.60229666666667], [18.8027, 54.60230166666667], [18.802698333333336, 54.60229], [18.802686666666666, 54.602291666666666], [18.80267, 54.60229], [18.80268166666667, 54.60228333333334], [18.802691666666664, 54.602291666666666], [18.80269333333333, 54.60229], [18.80271, 54.602285], [18.802698333333336, 54.60228166666666], [18.802691666666664, 54.60227333333333], [18.80269333333333, 54.60228], [18.802685, 54.60228166666666], [18.802686666666666, 54.602268333333335], [18.80270833333333, 54.60227166666667], [18.8027, 54.60227], [18.802706666666666, 54.60227166666667], [18.802695000000003, 54.60227166666667], [18.80269, 54.60227333333333], [18.8027, 54.60227], [18.8027, 54.602285], [18.802703333333334, 54.60228], [18.8027, 54.60228], [18.802701666666668, 54.60227333333333], [18.802698333333336, 54.60227833333333], [18.802703333333334, 54.60228666666667], [18.802695000000003, 54.602291666666666], [18.802698333333336, 54.602288333333334], [18.80269333333333, 54.602288333333334], [18.80269, 54.60228166666666], [18.80269, 54.60228333333334], [18.802686666666666, 54.602305], [18.802695000000003, 54.602311666666665], [18.802695000000003, 54.602305], [18.802688333333332, 54.60229833333334], [18.80269, 54.602291666666666], [18.802701666666668, 54.602293333333336], [18.8027, 54.602295000000005], [18.802701666666668, 54.60229], [18.802711666666667, 54.60229], [18.8027, 54.60228666666667], [18.802703333333334, 54.602285], [18.802698333333336, 54.60229833333334], [18.80269333333333, 54.60230166666667], [18.80269, 54.60230166666667], [18.80269, 54.602293333333336], [18.802698333333336, 54.60228666666667], [18.802703333333334, 54.60228666666667], [18.802706666666666, 54.602295000000005]]}, "properties": {"label": "WLA-220", "mmsi": "261002913", "imo": "", "name": "WLA-220", "shiptype": "", "first_seen_utc": "2026-01-02T08:11:43Z", "last_seen_utc": "2026-01-11T16:01:07Z", "destination": "WLADYSLAWOWO", "eta": "{'Day': 27, 'Hour': 9, 'Minute': 20, 'Month': 8}", "display": "", "links": "<a href=\"https://www.vesselfinder.com/vessels?name=261002913\" target=\"_blank\" rel=\"noopener\">VesselFinder</a> | <a href=\"https://www.marinetraffic.com/en/ais/search/all?keyword=261002913\" target=\"_blank\" rel=\"noopener\">MarineTraffic</a>", "vf_url": "https://www.vesselfinder.com/vessels?name=261002913", "mst_url": "https://www.marinetraffic.com/en/ais/search/all?keyword=261002913", "method": "v3_2pass_track3d_fromru10d", "ru_seen_in_lookback": true, "in_monitor_on_day": true}}, {"type": "Feature", "geometry": {"type": "Point", "coordinates": [18.802706666666666, 54.602295000000005]}, "properties": {"label": "WLA-220", "mmsi": "261002913", "imo": "", "name": "WLA-220", "shiptype": "", "first_seen_utc": "2026-01-02T08:11:43Z", "last_seen_utc": "2026-01-11T16:01:07Z", "destination": "WLADYSLAWOWO", "eta": "{'Day': 27, 'Hour': 9, 'Minute': 20, 'Month': 8}", "display": "WLA-220 (261002913)", "links": "<a href=\"https://www.vesselfinder.com/vessels?name=261002913\" target=\"_blank\" rel=\"noopener\">VesselFinder</a> | <a href=\"https://www.marinetraffic.com/en/ais/search/all?keyword=261002913\" target=\"_blank\" rel=\"noopener\">MarineTraffic</a>", "vf_url": "https://www.vesselfinder.com/vessels?name=261002913", "mst_url": "https://www.marinetraffic.com/en/ais/search/all?keyword=261002913", "method": "v3_2pass_track3d_fromru10d", "ru_seen_in_lookback": true, "in_monitor_on_day": true}}, {"type": "Feature", "geometry": {"type": "LineString", "coordinates": [[18.675615, 54.356748333333336], [18.675618333333333, 54.356745000000004], [18.67561166666667, 54.356746666666666], [18.675616666666667, 54.35673833333333], [18.675608333333333, 54.356743333333334], [18.675606666666667, 54.356746666666666], [18.675605, 54.356748333333336], [18.675608333333333, 54.356748333333336], [18.675608333333333, 54.356748333333336], [18.675608333333333, 54.356743333333334], [18.67560166666667, 54.356739999999995], [18.67560166666667, 54.356746666666666], [18.675605, 54.356743333333334], [18.675606666666667, 54.356745000000004], [18.67560166666667, 54.35676], [18.6756, 54.356750000000005], [18.675605, 54.35675166666667], [18.675606666666667, 54.35675333333334], [18.675605, 54.356755], [18.675608333333333, 54.35675166666667], [18.675606666666667, 54.356750000000005], [18.675605, 54.356746666666666], [18.67561166666667, 54.356746666666666], [18.675608333333333, 54.356755], [18.675608333333333, 54.35675333333334], [18.675608333333333, 54.35675166666667], [18.675603333333335, 54.35675333333334], [18.675608333333333, 54.35675666666667], [18.67561, 54.35675166666667], [18.675608333333333, 54.35675333333334], [18.67561, 54.356750000000005], [18.67561, 54.356750000000005], [18.675613333333335, 54.35675333333334], [18.675615, 54.35675333333334], [18.675615, 54.35675833333333], [18.675613333333335, 54.35675833333333], [18.675616666666667, 54.35675166666667], [18.675616666666667, 54.35675333333334], [18.675613333333335, 54.35675333333334], [18.67561166666667, 54.35675166666667], [18.675606666666667, 54.35675666666667], [18.67560166666667, 54.356766666666665], [18.675606666666667, 54.35675666666667], [18.675606666666667, 54.356750000000005], [18.67561, 54.35675666666667], [18.675605, 54.35675333333334], [18.675608333333333, 54.356755], [18.67561, 54.35675333333334], [18.67561, 54.356755], [18.675606666666667, 54.35675666666667], [18.675603333333335, 54.35675333333334], [18.67560166666667, 54.35675166666667], [18.675603333333335, 54.356755], [18.67560166666667, 54.356748333333336], [18.67560166666667, 54.356745000000004], [18.675605, 54.356748333333336], [18.67560166666667, 54.35675333333334], [18.675605, 54.356755], [18.6756, 54.356755], [18.6756, 54.35675166666667], [18.6756, 54.35675166666667], [18.6756, 54.356748333333336], [18.6756, 54.356755], [18.67560166666667, 54.356750000000005], [18.67560166666667, 54.356750000000005], [18.675603333333335, 54.356746666666666], [18.675608333333333, 54.356748333333336], [18.67561166666667, 54.356748333333336], [18.675615, 54.35675166666667], [18.675613333333335, 54.35675333333334], [18.675608333333333, 54.356761666666664], [18.6756, 54.35675833333333], [18.675608333333333, 54.356755], [18.675606666666667, 54.356755], [18.675613333333335, 54.35675166666667], [18.675613333333335, 54.356748333333336], [18.675618333333333, 54.356746666666666], [18.67562, 54.35675666666667], [18.675615, 54.35675833333333], [18.675615, 54.35675666666667], [18.67561166666667, 54.35676], [18.67562, 54.35675333333334], [18.675618333333333, 54.35675166666667], [18.675618333333333, 54.356750000000005], [18.675608333333333, 54.356746666666666], [18.675608333333333, 54.35675166666667], [18.67561, 54.35675333333334], [18.67561166666667, 54.356745000000004], [18.675615, 54.356745000000004], [18.675618333333333, 54.35675333333334], [18.675616666666667, 54.356745000000004], [18.67562, 54.35673833333333], [18.675616666666667, 54.356745000000004], [18.675615, 54.356748333333336], [18.675618333333333, 54.356746666666666], [18.675613333333335, 54.356748333333336], [18.675606666666667, 54.35674166666667], [18.67562, 54.356745000000004], [18.675615, 54.356739999999995], [18.675613333333335, 54.35674166666667], [18.675606666666667, 54.35675166666667], [18.67560166666667, 54.356750000000005], [18.675615, 54.356748333333336], [18.67561166666667, 54.356746666666666], [18.675613333333335, 54.356745000000004], [18.675603333333335, 54.356746666666666], [18.675606666666667, 54.35674166666667], [18.675603333333335, 54.356746666666666], [18.67560166666667, 54.356745000000004], [18.675606666666667, 54.356743333333334], [18.675621666666665, 54.356739999999995], [18.675616666666667, 54.356739999999995], [18.675621666666665, 54.356739999999995], [18.67562333333333, 54.356746666666666], [18.67562666666667, 54.356746666666666], [18.67562, 54.356748333333336], [18.67561166666667, 54.356755], [18.675608333333333, 54.356746666666666], [18.67561, 54.356739999999995], [18.675616666666667, 54.35674166666667], [18.675613333333335, 54.35674166666667]]}, "properties": {"label": "SM PRC 106", "mmsi": "261002090", "imo": "8937560", "name": "SM PRC 106", "shiptype": "", "first_seen_utc": "2026-01-02T09:30:44Z", "last_seen_utc": "2026-01-11T15:38:17Z", "destination": "GDANSK WYSYPISKO", "eta": "{'Day': 3, 'Hour': 10, 'Minute': 0, 'Month': 9}", "display": "", "links": "<a href=\"https://www.vesselfinder.com/vessels?name=8937560\" target=\"_blank\" rel=\"noopener\">VesselFinder</a> | <a href=\"https://www.marinetraffic.com/en/ais/search/all?keyword=8937560\" target=\"_blank\" rel=\"noopener\">MarineTraffic</a>", "vf_url": "https://www.vesselfinder.com/vessels?name=8937560", "mst_url": "https://www.marinetraffic.com/en/ais/search/all?keyword=8937560", "method": "v3_2pass_track3d_fromru10d", "ru_seen_in_lookback": true, "in_monitor_on_day": true}}, {"type": "Feature", "geometry": {"type": "Point", "coordinates": [18.675613333333335, 54.35674166666667]}, "properties": {"label": "SM PRC 106", "mmsi": "261002090", "imo": "8937560", "name": "SM PRC 106", "shiptype": "", "first_seen_utc": "2026-01-02T09:30:44Z", "last_seen_utc": "2026-01-11T15:38:17Z", "destination": "GDANSK WYSYPISKO", "eta": "{'Day': 3, 'Hour': 10, 'Minute': 0, 'Month': 9}", "display": "SM PRC 106 (261002090)", "links": "<a href=\"https://www.vesselfinder.com/vessels?name=8937560\" target=\"_blank\" rel=\"noopener\">VesselFinder</a> | <a href=\"https://www.marinetraffic.com/en/ais/search/all?keyword=8937560\" target=\"_blank\" rel=\"noopener\">MarineTraffic</a>", "vf_url": "https://www.vesselfinder.com/vessels?name=8937560", "mst_url": "https://www.marinetraffic.com/en/ais/search/all?keyword=8937560", "method": "v3_2pass_track3d_fromru10d", "ru_seen_in_lookback": true, "in_monitor_on_day": true}}, {"type": "Feature", "geometry": {"type": "LineString", "coordinates": [[4.403809999999999, 58.73976666666667], [4.320546666666667, 58.83629833333334], [4.237166666666666, 58.93669], [4.184536666666667, 59.03958], [4.186528333333333, 59.14308166666667], [4.218475, 59.24189666666667], [4.253673333333333, 59.34379], [4.26364, 59.45345], [4.265436666666667, 59.55815833333334], [4.259846666666666, 59.661298333333335], [4.256053333333333, 59.75917166666667], [4.247978333333333, 59.87196166666667], [4.2377883333333335, 59.967481666666664], [4.229941666666667, 60.06346333333333], [4.222243333333333, 60.16412833333333], [4.218501666666667, 60.26678166666667], [4.21507, 60.37202666666667], [4.21246, 60.475260000000006], [4.203673333333334, 60.57917666666666], [4.09828, 60.66101833333333], [4.075921666666667, 60.68434333333333], [4.056641666666667, 60.70197333333333], [4.03403, 60.72022833333333], [4.0093266666666665, 60.738925], [3.9817533333333333, 60.75845833333334], [3.9554216666666666, 60.777375], [3.9260916666666663, 60.79664666666667], [3.8965533333333338, 60.81442166666667], [3.8686166666666666, 60.830333333333336], [3.84232, 60.84535666666667], [3.81979, 60.86020333333333], [3.8001549999999997, 60.874895], [3.790715, 60.870415], [3.8579683333333334, 60.84314166666666], [3.9232116666666665, 60.814585], [3.988478333333333, 60.78538], [4.056195, 60.75779166666667], [4.114183333333333, 60.72785666666667], [4.1701983333333335, 60.695281666666666], [4.212385, 60.665535], [4.1883083333333335, 60.68145666666667], [4.171391666666667, 60.70144833333333], [4.1570366666666665, 60.721149999999994], [4.144903333333334, 60.74033166666666], [4.129943333333333, 60.75600333333333], [4.1127883333333335, 60.770485], [4.0940883333333336, 60.78523166666666], [4.076233333333334, 60.799501666666664], [4.05832, 60.813736666666664], [4.040333333333333, 60.827396666666665], [4.0228383333333335, 60.84182166666667], [4.005585, 60.855235], [3.986236666666667, 60.866679999999995], [3.96656, 60.87713333333333], [3.9511, 60.889163333333336], [3.9348716666666665, 60.90134166666667], [3.91758, 60.91341833333333], [3.9001366666666666, 60.925465], [3.8825250000000002, 60.93899833333333], [3.89848, 60.91256333333333], [3.9477366666666667, 60.87067666666667], [3.9927633333333334, 60.82822833333333], [4.047025, 60.79031], [4.10417, 60.75329166666667], [4.1611650000000004, 60.72005], [4.200096666666666, 60.70257333333333], [4.223521666666667, 60.683985], [4.219561666666666, 60.68478], [4.209626666666667, 60.70470666666667], [4.2010016666666665, 60.72541833333333], [4.191666666666666, 60.745533333333334], [4.182111666666667, 60.76544], [4.173585, 60.78539333333333], [4.16296, 60.805881666666664], [4.15053, 60.82586833333333], [4.13907, 60.844315], [4.12338, 60.860685], [4.101908333333333, 60.87580166666667], [4.076408333333333, 60.89056333333333], [4.052615, 60.90421], [4.028413333333334, 60.91688333333333], [4.002188333333334, 60.93062166666667], [3.9753583333333333, 60.944215], [3.9484350000000004, 60.95762666666667], [3.961138333333333, 60.918384999999994], [4.043491666666666, 60.833508333333334], [4.136426666666667, 60.74931], [4.212336666666666, 60.69656], [4.182593333333333, 60.719415000000005], [4.151773333333334, 60.74412333333333], [4.116018333333333, 60.76841833333334], [4.083373333333333, 60.791176666666665], [4.052138333333334, 60.81339333333334], [4.015223333333333, 60.836483333333334], [3.983883333333333, 60.859955], [3.9519366666666667, 60.88196666666667], [3.9164416666666666, 60.90334166666666], [3.8805783333333332, 60.92540333333333], [3.8488783333333334, 60.92007666666667], [3.8804683333333334, 60.87813333333334], [3.9264466666666666, 60.83467333333333], [3.989925, 60.79677166666667], [4.070753333333333, 60.763578333333335], [4.146426666666667, 60.72902333333333], [4.214763333333333, 60.695055], [4.194225, 60.694375], [4.1571983333333336, 60.72110166666666], [4.1489650000000005, 60.78616666666667], [4.120268333333334, 60.85391666666667], [4.098228333333333, 60.91857166666667], [4.058025, 60.96169], [4.03652, 60.95384833333333], [4.008571666666667, 60.941448333333334], [4.001426666666666, 60.911404999999995], [3.995503333333333, 60.88355], [3.9900216666666664, 60.856595], [3.99461, 60.83624333333333], [4.002088333333334, 60.811095], [4.0167850000000005, 60.788985000000004], [4.031993333333333, 60.76742], [4.057953333333334, 60.758325], [4.08007, 60.74807666666666], [4.107563333333333, 60.73831333333333], [4.13666, 60.740120000000005]]}, "properties": {"label": "SEAWAYS COLORADO", "mmsi": "538004034", "imo": "9594767", "name": "SEAWAYS COLORADO", "shiptype": "", "first_seen_utc": "2026-01-02T09:50:17Z", "last_seen_utc": "2026-01-11T16:03:58Z", "destination": "NOMON", "eta": "{'Day': 9, 'Hour': 18, 'Minute': 0, 'Month': 1}", "display": "", "links": "<a href=\"https://www.vesselfinder.com/vessels?name=9594767\" target=\"_blank\" rel=\"noopener\">VesselFinder</a> | <a href=\"https://www.marinetraffic.com/en/ais/search/all?keyword=9594767\" target=\"_blank\" rel=\"noopener\">MarineTraffic</a>", "vf_url": "https://www.vesselfinder.com/vessels?name=9594767", "mst_url": "https://www.marinetraffic.com/en/ais/search/all?keyword=9594767", "method": "v3_2pass_track3d_fromru10d", "ru_seen_in_lookback": true, "in_monitor_on_day": true}}, {"type": "Feature", "geometry": {"type": "Point", "coordinates": [4.13666, 60.740120000000005]}, "properties": {"label": "SEAWAYS COLORADO", "mmsi": "538004034", "imo": "9594767", "name": "SEAWAYS COLORADO", "shiptype": "", "first_seen_utc": "2026-01-02T09:50:17Z", "last_seen_utc": "2026-01-11T16:03:58Z", "destination": "NOMON", "eta": "{'Day': 9, 'Hour': 18, 'Minute': 0, 'Month': 1}", "display": "SEAWAYS COLORADO (538004034)", "links": "<a href=\"https://www.vesselfinder.com/vessels?name=9594767\" target=\"_blank\" rel=\"noopener\">VesselFinder</a> | <a href=\"https://www.marinetraffic.com/en/ais/search/all?keyword=9594767\" target=\"_blank\" rel=\"noopener\">MarineTraffic</a>", "vf_url": "https://www.vesselfinder.com/vessels?name=9594767", "mst_url": "https://www.marinetraffic.com/en/ais/search/all?keyword=9594767", "method": "v3_2pass_track3d_fromru10d", "ru_seen_in_lookback": true, "in_monitor_on_day": true}}, {"type": "Feature", "geometry": {"type": "LineString", "coordinates": [[12.359486666666667, 54.64893], [12.22778, 54.52961333333334], [12.107724999999999, 54.43977666666667], [11.897430000000002, 54.440976666666664], [11.685983333333333, 54.45200333333333], [11.486018333333334, 54.50654333333333], [11.292785, 54.572601666666664], [11.085235, 54.63005666666666], [10.895061666666667, 54.69517333333333], [10.869818333333335, 54.823391666666666], [10.953248333333333, 54.94701333333333], [11.037758333333333, 55.070205], [11.09203, 55.199835], [11.042483333333333, 55.32588], [10.865096666666666, 55.53089333333333], [10.786071666666667, 55.653905], [10.814015000000001, 55.782696666666666], [11.235108333333333, 56.148955]]}, "properties": {"label": "SLUISGRACHT", "mmsi": "244903000", "imo": "9202522", "name": "SLUISGRACHT", "shiptype": "", "first_seen_utc": "2026-01-02T10:53:53Z", "last_seen_utc": "2026-01-11T15:37:03Z", "destination": "SOUTHAMPTON", "eta": "{'Day': 13, 'Hour': 22, 'Minute': 0, 'Month': 1}", "display": "", "links": "<a href=\"https://www.vesselfinder.com/vessels?name=9202522\" target=\"_blank\" rel=\"noopener\">VesselFinder</a> | <a href=\"https://www.marinetraffic.com/en/ais/search/all?keyword=9202522\" target=\"_blank\" rel=\"noopener\">MarineTraffic</a>", "vf_url": "https://www.vesselfinder.com/vessels?name=9202522", "mst_url": "https://www.marinetraffic.com/en/ais/search/all?keyword=9202522", "method": "v3_2pass_track3d_fromru10d", "ru_seen_in_lookback": true, "in_monitor_on_day": true}}, {"type": "Feature", "geometry": {"type": "Point", "coordinates": [11.235108333333333, 56.148955]}, "properties": {"label": "SLUISGRACHT", "mmsi": "244903000", "imo": "9202522", "name": "SLUISGRACHT", "shiptype": "", "first_seen_utc": "2026-01-02T10:53:53Z", "last_seen_utc": "2026-01-11T15:37:03Z", "destination": "SOUTHAMPTON", "eta": "{'Day': 13, 'Hour': 22, 'Minute': 0, 'Month': 1}", "display": "SLUISGRACHT (244903000)", "links": "<a href=\"https://www.vesselfinder.com/vessels?name=9202522\" target=\"_blank\" rel=\"noopener\">VesselFinder</a> | <a href=\"https://www.marinetraffic.com/en/ais/search/all?keyword=9202522\" target=\"_blank\" rel=\"noopener\">MarineTraffic</a>", "vf_url": "https://www.vesselfinder.com/vessels?name=9202522", "mst_url": "https://www.marinetraffic.com/en/ais/search/all?keyword=9202522", "method": "v3_2pass_track3d_fromru10d", "ru_seen_in_lookback": true, "in_monitor_on_day": true}}, {"type": "Feature", "geometry": {"type": "LineString", "coordinates": [[7.482878333333333, 54.46463833333333], [7.479641666666667, 54.47439166666666], [7.47265, 54.485609999999994], [7.462981666666667, 54.49751833333333], [7.461125, 54.509638333333335], [7.467085, 54.473935], [7.474695, 54.45769], [7.473495, 54.448780000000006], [7.488801666666666, 54.439555000000006], [7.48069, 54.454525], [7.4787550000000005, 54.447210000000005], [7.457871666666667, 54.43844833333333], [7.43581, 54.43208333333334], [7.43579, 54.43789666666667], [7.4571, 54.436855], [7.454691666666666, 54.433793333333334], [7.4744883333333325, 54.439600000000006], [7.491666666666666, 54.448075], [7.494423333333333, 54.455935], [7.491665, 54.46145666666666], [7.484178333333333, 54.439746666666665], [7.491961666666667, 54.422185], [7.494623333333333, 54.438811666666666], [7.489233333333333, 54.45616666666667], [7.482006666666666, 54.47405666666667], [7.483756666666666, 54.478606666666664], [7.482964999999999, 54.45650333333333], [7.480101666666667, 54.434875000000005], [7.475068333333334, 54.4128], [7.465741666666667, 54.390323333333335], [7.457541666666667, 54.36788833333333], [7.45965, 54.369526666666665], [7.459543333333333, 54.38759666666667], [7.451693333333334, 54.407085], [7.449903333333333, 54.41935], [7.451068333333334, 54.414455], [7.4723999999999995, 54.41766666666667], [7.466658333333333, 54.42151333333334], [7.45671, 54.42503333333333], [7.450425, 54.42060166666667], [7.452413333333333, 54.422360000000005], [7.460005, 54.425715], [7.45716, 54.42357833333333], [7.463256666666666, 54.417813333333335], [7.4647250000000005, 54.412038333333335], [7.47592, 54.41380166666667], [7.483333333333333, 54.426386666666666], [7.49869, 54.397365], [7.501598333333333, 54.36335833333333], [7.509096666666666, 54.320193333333336], [7.519426666666666, 54.29203333333333], [7.517328333333333, 54.30595666666667], [7.4998716666666665, 54.33264], [7.483986666666667, 54.35651], [7.469731666666666, 54.38158833333333], [7.460346666666666, 54.40669333333334], [7.446486666666667, 54.436479999999996], [7.425198333333333, 54.46859833333333], [7.417306666666667, 54.493759999999995], [7.420385, 54.465559999999996], [7.426398333333334, 54.433953333333335], [7.427881666666667, 54.40373], [7.429781666666667, 54.403995], [7.423593333333333, 54.421913333333336], [7.421071666666666, 54.43886833333333], [7.427743333333334, 54.455733333333335], [7.429171666666666, 54.42298666666667], [7.428986666666666, 54.382783333333336], [7.432211666666666, 54.36740833333333], [7.4247000000000005, 54.354016666666666], [7.4202449999999995, 54.340975], [7.422241666666666, 54.324193333333334], [7.436395, 54.21499333333334], [7.47647, 54.10356], [7.50036, 54.040216666666666], [7.513258333333334, 54.032565], [7.512813333333333, 54.03274666666667], [7.5125649999999995, 54.03282166666667], [7.5129133333333336, 54.032651666666666], [7.512065000000001, 54.03313333333333], [7.5121400000000005, 54.033091666666664], [7.51205, 54.03315833333333], [7.51181, 54.03339833333334], [7.51193, 54.03327], [7.511808333333334, 54.03338833333333], [7.511948333333334, 54.033273333333334], [7.512083333333334, 54.033226666666664], [7.51216, 54.03312833333334], [7.512231666666667, 54.03312833333334], [7.512458333333333, 54.03295333333333], [7.513343333333333, 54.032695], [7.514821666666666, 54.03265666666667], [7.5163649999999995, 54.033245], [7.517246666666667, 54.03386833333333], [7.51738, 54.03398333333334], [7.517250000000001, 54.033878333333334], [7.5173000000000005, 54.033681666666666], [7.517551666666666, 54.03418166666667], [7.517385, 54.03437833333333], [7.517085, 54.03465166666667], [7.5162716666666665, 54.035740000000004], [7.512785, 54.035536666666665], [7.512605, 54.035381666666666], [7.512651666666667, 54.035428333333336], [7.5126599999999994, 54.035475], [7.5125416666666665, 54.03538666666667], [7.512458333333333, 54.03534833333333], [7.51245, 54.035354999999996], [7.512596666666667, 54.035489999999996], [7.513065, 54.03575], [7.514898333333333, 54.036105], [7.515396666666667, 54.036233333333335], [7.516324999999999, 54.036044999999994], [7.517011666666666, 54.03578166666667], [7.51711, 54.03574666666667], [7.516981666666666, 54.036076666666666], [7.517031666666667, 54.036233333333335], [7.516788333333333, 54.0364], [7.515961666666667, 54.03668166666667]]}, "properties": {"label": "GREEN HOPE", "mmsi": "374588000", "imo": "9629160", "name": "GREEN HOPE", "shiptype": "", "first_seen_utc": "2026-01-02T11:16:10Z", "last_seen_utc": "2026-01-11T15:34:49Z", "destination": "DEHAM", "eta": "{'Day': 12, 'Hour': 19, 'Minute': 30, 'Month': 1}", "display": "", "links": "<a href=\"https://www.vesselfinder.com/vessels?name=9629160\" target=\"_blank\" rel=\"noopener\">VesselFinder</a> | <a href=\"https://www.marinetraffic.com/en/ais/search/all?keyword=9629160\" target=\"_blank\" rel=\"noopener\">MarineTraffic</a>", "vf_url": "https://www.vesselfinder.com/vessels?name=9629160", "mst_url": "https://www.marinetraffic.com/en/ais/search/all?keyword=9629160", "method": "v3_2pass_track3d_fromru10d", "ru_seen_in_lookback": true, "in_monitor_on_day": true}}, {"type": "Feature", "geometry": {"type": "Point", "coordinates": [7.515961666666667, 54.03668166666667]}, "properties": {"label": "GREEN HOPE", "mmsi": "374588000", "imo": "9629160", "name": "GREEN HOPE", "shiptype": "", "first_seen_utc": "2026-01-02T11:16:10Z", "last_seen_utc": "2026-01-11T15:34:49Z", "destination": "DEHAM", "eta": "{'Day': 12, 'Hour': 19, 'Minute': 30, 'Month': 1}", "display": "GREEN HOPE (374588000)", "links": "<a href=\"https://www.vesselfinder.com/vessels?name=9629160\" target=\"_blank\" rel=\"noopener\">VesselFinder</a> | <a href=\"https://www.marinetraffic.com/en/ais/search/all?keyword=9629160\" target=\"_blank\" rel=\"noopener\">MarineTraffic</a>", "vf_url": "https://www.vesselfinder.com/vessels?name=9629160", "mst_url": "https://www.marinetraffic.com/en/ais/search/all?keyword=9629160", "method": "v3_2pass_track3d_fromru10d", "ru_seen_in_lookback": true, "in_monitor_on_day": true}}, {"type": "Feature", "geometry": {"type": "LineString", "coordinates": [[10.2403, 57.84558333333334], [9.9474, 57.83531666666667], [9.742116666666668, 57.82593333333333], [9.563916666666668, 57.807116666666666], [9.377516666666667, 57.74608333333333], [9.225383333333333, 57.695233333333334], [9.066483333333334, 57.6404], [8.909633333333334, 57.58486666666667], [8.760250000000001, 57.52878333333333], [8.6017, 57.46926666666666], [8.349833333333333, 57.385999999999996], [8.048933333333332, 57.213499999999996], [3.22835, 52.8829], [3.0059, 52.608216666666664], [2.9373833333333335, 52.526716666666665], [2.6319666666666666, 52.09825], [2.6139, 52.014183333333335], [2.623083333333333, 51.938766666666666], [2.4796666666666667, 51.79793333333334], [2.2411499999999998, 51.630649999999996], [2.1334166666666667, 51.554566666666666], [2.044216666666667, 51.49038333333333], [1.9614666666666667, 51.4221], [1.8876166666666667, 51.35218333333333], [1.8235, 51.280366666666666], [1.7597833333333335, 51.2148], [1.6839166666666665, 51.16361666666667], [1.6167666666666667, 51.119683333333334]]}, "properties": {"label": "OCEAN CHANGXI", "mmsi": "477116100", "imo": "9272527", "name": "OCEAN CHANGXI", "shiptype": "", "first_seen_utc": "2026-01-02T12:23:01Z", "last_seen_utc": "2026-01-11T15:56:25Z", "destination": "SUEZ", "eta": "{'Day': 24, 'Hour': 1, 'Minute': 0, 'Month': 1}", "display": "", "links": "<a href=\"https://www.vesselfinder.com/vessels?name=9272527\" target=\"_blank\" rel=\"noopener\">VesselFinder</a> | <a href=\"https://www.marinetraffic.com/en/ais/search/all?keyword=9272527\" target=\"_blank\" rel=\"noopener\">MarineTraffic</a>", "vf_url": "https://www.vesselfinder.com/vessels?name=9272527", "mst_url": "https://www.marinetraffic.com/en/ais/search/all?keyword=9272527", "method": "v3_2pass_track3d_fromru10d", "ru_seen_in_lookback": true, "in_monitor_on_day": true}}, {"type": "Feature", "geometry": {"type": "Point", "coordinates": [1.6167666666666667, 51.119683333333334]}, "properties": {"label": "OCEAN CHANGXI", "mmsi": "477116100", "imo": "9272527", "name": "OCEAN CHANGXI", "shiptype": "", "first_seen_utc": "2026-01-02T12:23:01Z", "last_seen_utc": "2026-01-11T15:56:25Z", "destination": "SUEZ", "eta": "{'Day': 24, 'Hour': 1, 'Minute': 0, 'Month': 1}", "display": "OCEAN CHANGXI (477116100)", "links": "<a href=\"https://www.vesselfinder.com/vessels?name=9272527\" target=\"_blank\" rel=\"noopener\">VesselFinder</a> | <a href=\"https://www.marinetraffic.com/en/ais/search/all?keyword=9272527\" target=\"_blank\" rel=\"noopener\">MarineTraffic</a>", "vf_url": "https://www.vesselfinder.com/vessels?name=9272527", "mst_url": "https://www.marinetraffic.com/en/ais/search/all?keyword=9272527", "method": "v3_2pass_track3d_fromru10d", "ru_seen_in_lookback": true, "in_monitor_on_day": true}}, {"type": "Feature", "geometry": {"type": "LineString", "coordinates": [[18.66578333333333, 54.408495], [18.674705, 54.40409833333333], [18.664773333333336, 54.366499999999995], [18.664326666666668, 54.386248333333334], [18.664746666666666, 54.36586833333333], [18.672323333333335, 54.404509999999995], [18.665405, 54.408503333333336], [18.662256666666668, 54.38469333333333], [18.66486666666667, 54.364803333333334], [18.661908333333333, 54.377205000000004], [18.673206666666665, 54.40423833333333], [18.665396666666666, 54.408505], [18.673413333333333, 54.39369], [18.663975, 54.35984], [18.661963333333333, 54.37639333333333], [18.680378333333334, 54.40178166666667], [18.66541833333333, 54.40850833333333], [18.672841666666667, 54.39337666666667], [18.657438333333335, 54.37816], [18.672391666666666, 54.357769999999995], [18.66556166666667, 54.36378333333334], [18.66703, 54.387566666666665], [18.662638333333334, 54.40830833333334]]}, "properties": {"label": "SG-213", "mmsi": "261351000", "imo": "", "name": "SG-213", "shiptype": "", "first_seen_utc": "2026-01-02T12:41:03Z", "last_seen_utc": "2026-01-11T11:53:44Z", "destination": "GDANSK", "eta": "{'Day': 0, 'Hour': 24, 'Minute': 60, 'Month': 0}", "display": "", "links": "<a href=\"https://www.vesselfinder.com/vessels?name=261351000\" target=\"_blank\" rel=\"noopener\">VesselFinder</a> | <a href=\"https://www.marinetraffic.com/en/ais/search/all?keyword=261351000\" target=\"_blank\" rel=\"noopener\">MarineTraffic</a>", "vf_url": "https://www.vesselfinder.com/vessels?name=261351000", "mst_url": "https://www.marinetraffic.com/en/ais/search/all?keyword=261351000", "method": "v3_2pass_track3d_fromru10d", "ru_seen_in_lookback": true, "in_monitor_on_day": true}}, {"type": "Feature", "geometry": {"type": "Point", "coordinates": [18.662638333333334, 54.40830833333334]}, "properties": {"label": "SG-213", "mmsi": "261351000", "imo": "", "name": "SG-213", "shiptype": "", "first_seen_utc": "2026-01-02T12:41:03Z", "last_seen_utc": "2026-01-11T11:53:44Z", "destination": "GDANSK", "eta": "{'Day': 0, 'Hour': 24, 'Minute': 60, 'Month': 0}", "display": "SG-213 (261351000)", "links": "<a href=\"https://www.vesselfinder.com/vessels?name=261351000\" target=\"_blank\" rel=\"noopener\">VesselFinder</a> | <a href=\"https://www.marinetraffic.com/en/ais/search/all?keyword=261351000\" target=\"_blank\" rel=\"noopener\">MarineTraffic</a>", "vf_url": "https://www.vesselfinder.com/vessels?name=261351000", "mst_url": "https://www.marinetraffic.com/en/ais/search/all?keyword=261351000", "method": "v3_2pass_track3d_fromru10d", "ru_seen_in_lookback": true, "in_monitor_on_day": true}}, {"type": "Feature", "geometry": {"type": "LineString", "coordinates": [[11.142961666666668, 54.622094999999995], [10.94702, 54.67438166666667], [10.863541666666666, 54.77815333333333], [10.879663333333333, 54.89087], [10.936745, 54.96126666666667], [11.033303333333333, 55.06194333333334], [11.074900000000001, 55.18156833333333], [11.054456666666665, 55.29437666666667], [10.834861666666665, 55.56935333333333], [10.792803333333334, 55.687623333333335], [10.827925, 55.809531666666665], [10.498880000000002, 57.84325666666667], [10.257391666666667, 57.84184166666667], [10.011593333333334, 57.84012166666666], [9.782143333333332, 57.83008333333333], [9.56573, 57.81728333333333], [9.351688333333334, 57.74764666666667], [9.161183333333334, 57.682021666666664], [8.96444, 57.61237666666667], [8.767513333333333, 57.541295], [8.572435, 57.475170000000006], [8.362556666666666, 57.40468166666667], [8.206826666666666, 57.313165000000005], [8.078741666666666, 57.20909666666667], [3.1332916666666666, 52.53429333333334], [3.0914349999999997, 52.39808], [2.976915, 52.17926], [2.8324583333333333, 52.07646166666667], [2.69354, 51.978535], [2.4568083333333335, 51.809735], [2.3044000000000002, 51.700485], [2.107251666666667, 51.56131333333334], [1.9994349999999999, 51.49089], [1.9006383333333334, 51.43512833333333], [1.851015, 51.34681333333333], [1.7903833333333334, 51.259321666666665], [1.69114, 51.1856], [1.5716566666666667, 51.124853333333334], [1.4479066666666667, 51.062731666666664]]}, "properties": {"label": "SOZON", "mmsi": "636024686", "imo": "9401922", "name": "SOZON", "shiptype": "", "first_seen_utc": "2026-01-02T13:11:26Z", "last_seen_utc": "2026-01-11T09:59:33Z", "destination": "MAJFL", "eta": "{'Day': 15, 'Hour': 12, 'Minute': 0, 'Month': 1}", "display": "", "links": "<a href=\"https://www.vesselfinder.com/vessels?name=9401922\" target=\"_blank\" rel=\"noopener\">VesselFinder</a> | <a href=\"https://www.marinetraffic.com/en/ais/search/all?keyword=9401922\" target=\"_blank\" rel=\"noopener\">MarineTraffic</a>", "vf_url": "https://www.vesselfinder.com/vessels?name=9401922", "mst_url": "https://www.marinetraffic.com/en/ais/search/all?keyword=9401922", "method": "v3_2pass_track3d_fromru10d", "ru_seen_in_lookback": true, "in_monitor_on_day": true}}, {"type": "Feature", "geometry": {"type": "Point", "coordinates": [1.4479066666666667, 51.062731666666664]}, "properties": {"label": "SOZON", "mmsi": "636024686", "imo": "9401922", "name": "SOZON", "shiptype": "", "first_seen_utc": "2026-01-02T13:11:26Z", "last_seen_utc": "2026-01-11T09:59:33Z", "destination": "MAJFL", "eta": "{'Day': 15, 'Hour': 12, 'Minute': 0, 'Month': 1}", "display": "SOZON (636024686)", "links": "<a href=\"https://www.vesselfinder.com/vessels?name=9401922\" target=\"_blank\" rel=\"noopener\">VesselFinder</a> | <a href=\"https://www.marinetraffic.com/en/ais/search/all?keyword=9401922\" target=\"_blank\" rel=\"noopener\">MarineTraffic</a>", "vf_url": "https://www.vesselfinder.com/vessels?name=9401922", "mst_url": "https://www.marinetraffic.com/en/ais/search/all?keyword=9401922", "method": "v3_2pass_track3d_fromru10d", "ru_seen_in_lookback": true, "in_monitor_on_day": true}}, {"type": "Feature", "geometry": {"type": "LineString", "coordinates": [[11.8828, 54.40096666666667], [18.23998333333333, 54.92311666666667], [18.441233333333333, 54.94373333333333], [18.537033333333333, 54.95345], [18.64855, 54.913983333333334], [18.811716666666666, 54.83245], [18.938066666666668, 54.77021666666667], [19.001416666666668, 54.73895], [19.038866666666667, 54.698483333333336], [19.06291666666667, 54.65391666666667], [19.07316666666667, 54.60566666666667], [19.038216666666663, 54.5627], [18.9838, 54.49551666666667], [18.930583333333335, 54.46915], [18.9209, 54.44346666666667], [18.7914, 54.41175], [18.72025, 54.38935], [18.720233333333333, 54.388349999999996], [18.720233333333333, 54.38836666666667], [18.72025, 54.38836666666667], [18.720233333333333, 54.38836666666667], [18.720216666666666, 54.38836666666667], [18.720233333333333, 54.38836666666667], [18.720233333333333, 54.38838333333333], [18.720216666666666, 54.388400000000004], [18.720233333333333, 54.38836666666667], [18.720233333333333, 54.388349999999996], [18.720216666666666, 54.38836666666667], [18.720233333333333, 54.38836666666667], [18.720233333333333, 54.38836666666667], [18.720233333333333, 54.38838333333333], [18.72025, 54.38836666666667], [18.72025, 54.38836666666667], [18.72025, 54.38838333333333], [18.720216666666666, 54.38836666666667], [18.720216666666666, 54.38838333333333], [18.720216666666666, 54.388349999999996], [18.72025, 54.38836666666667], [18.720233333333333, 54.38836666666667], [18.720233333333333, 54.38836666666667], [18.720216666666666, 54.38836666666667], [18.720233333333333, 54.38838333333333], [18.72025, 54.38836666666667], [18.720233333333333, 54.38836666666667], [18.720233333333333, 54.38836666666667], [18.72025, 54.38836666666667], [18.7202, 54.38838333333333], [18.720216666666666, 54.38836666666667], [18.720266666666664, 54.38836666666667], [18.72025, 54.388349999999996], [18.72025, 54.38836666666667], [18.720233333333333, 54.38836666666667], [18.720266666666664, 54.388349999999996], [18.72025, 54.38836666666667], [18.720233333333333, 54.38836666666667], [18.72025, 54.388349999999996], [18.72025, 54.388349999999996], [18.72025, 54.38836666666667], [18.720266666666664, 54.388349999999996], [18.72025, 54.388349999999996], [18.72025, 54.38836666666667], [18.720233333333333, 54.38836666666667], [18.720216666666666, 54.38836666666667], [18.720233333333333, 54.38836666666667], [18.720233333333333, 54.388349999999996], [18.720233333333333, 54.38836666666667], [18.72025, 54.388349999999996], [18.720266666666664, 54.38836666666667], [18.720233333333333, 54.38836666666667], [18.720233333333333, 54.38836666666667], [18.720233333333333, 54.38836666666667], [18.720233333333333, 54.38836666666667], [18.720233333333333, 54.38836666666667], [18.72025, 54.38836666666667], [18.720216666666666, 54.38836666666667], [18.72025, 54.38838333333333], [18.72025, 54.388349999999996], [18.72025, 54.38836666666667], [18.72025, 54.38836666666667], [18.720233333333333, 54.38836666666667], [18.720233333333333, 54.38838333333333], [18.720233333333333, 54.38836666666667], [18.720233333333333, 54.388349999999996], [18.72025, 54.38836666666667], [18.7202, 54.388400000000004], [18.720183333333335, 54.38845], [18.72025, 54.38836666666667], [18.720233333333333, 54.388349999999996], [18.72025, 54.388349999999996], [18.72025, 54.38836666666667], [18.72025, 54.38836666666667], [18.720216666666666, 54.38838333333333], [18.72025, 54.38836666666667], [18.720266666666664, 54.38838333333333], [18.72025, 54.38836666666667], [18.720233333333333, 54.38836666666667], [18.720233333333333, 54.38836666666667]]}, "properties": {"label": "VILNIA MAERSK", "mmsi": "219136000", "imo": "9778533", "name": "VILNIA MAERSK", "shiptype": "", "first_seen_utc": "2026-01-02T15:24:08Z", "last_seen_utc": "2026-01-11T15:49:23Z", "destination": "PLGDNDCT - FIKTKCT", "eta": "{'Day': 13, 'Hour': 2, 'Minute': 0, 'Month': 1}", "display": "", "links": "<a href=\"https://www.vesselfinder.com/vessels?name=9778533\" target=\"_blank\" rel=\"noopener\">VesselFinder</a> | <a href=\"https://www.marinetraffic.com/en/ais/search/all?keyword=9778533\" target=\"_blank\" rel=\"noopener\">MarineTraffic</a>", "vf_url": "https://www.vesselfinder.com/vessels?name=9778533", "mst_url": "https://www.marinetraffic.com/en/ais/search/all?keyword=9778533", "method": "v3_2pass_track3d_fromru10d", "ru_seen_in_lookback": true, "in_monitor_on_day": true}}, {"type": "Feature", "geometry": {"type": "Point", "coordinates": [18.720233333333333, 54.38836666666667]}, "properties": {"label": "VILNIA MAERSK", "mmsi": "219136000", "imo": "9778533", "name": "VILNIA MAERSK", "shiptype": "", "first_seen_utc": "2026-01-02T15:24:08Z", "last_seen_utc": "2026-01-11T15:49:23Z", "destination": "PLGDNDCT - FIKTKCT", "eta": "{'Day': 13, 'Hour': 2, 'Minute': 0, 'Month': 1}", "display": "VILNIA MAERSK (219136000)", "links": "<a href=\"https://www.vesselfinder.com/vessels?name=9778533\" target=\"_blank\" rel=\"noopener\">VesselFinder</a> | <a href=\"https://www.marinetraffic.com/en/ais/search/all?keyword=9778533\" target=\"_blank\" rel=\"noopener\">MarineTraffic</a>", "vf_url": "https://www.vesselfinder.com/vessels?name=9778533", "mst_url": "https://www.marinetraffic.com/en/ais/search/all?keyword=9778533", "method": "v3_2pass_track3d_fromru10d", "ru_seen_in_lookback": true, "in_monitor_on_day": true}}, {"type": "Feature", "geometry": {"type": "LineString", "coordinates": [[10.991766666666667, 55.08490333333334], [11.041898333333334, 55.177168333333334], [11.081041666666666, 55.25816333333333], [11.033501666666666, 55.375276666666664], [10.79689, 55.62041833333333], [10.801958333333333, 55.72423], [10.822458333333334, 55.82704666666667], [10.483158333333334, 57.87356166666667], [10.455043333333332, 57.872393333333335], [10.354406666666668, 57.87088000000001], [10.326246666666666, 57.87140333333333], [10.280146666666667, 57.875096666666664], [10.2493, 57.87885166666667], [10.23138, 57.886005], [10.300628333333332, 57.88947666666666], [10.432811666666668, 57.87813666666667], [10.496583333333332, 57.849711666666664], [10.263393333333333, 57.841118333333334], [10.060915, 57.836753333333334], [9.867608333333333, 57.83340166666667], [9.557631666666667, 57.82675833333334], [9.407421666666666, 57.77591666666667], [9.234743333333334, 57.718365], [9.072648333333332, 57.65828166666667], [8.914975, 57.59841166666667], [8.761031666666666, 57.53920666666667], [8.610023333333334, 57.482258333333334], [8.238546666666666, 57.363773333333334], [8.062581666666667, 57.33481166666666], [7.914435, 57.27480166666667], [7.727406666666667, 57.17242833333333]]}, "properties": {"label": "SLED", "mmsi": "311001726", "imo": "9284805", "name": "SLED", "shiptype": "", "first_seen_utc": "2026-01-02T16:08:59Z", "last_seen_utc": "2026-01-11T11:13:54Z", "destination": "FUJAIRAH", "eta": "{'Day': 4, 'Hour': 10, 'Minute': 0, 'Month': 2}", "display": "", "links": "<a href=\"https://www.vesselfinder.com/vessels?name=9284805\" target=\"_blank\" rel=\"noopener\">VesselFinder</a> | <a href=\"https://www.marinetraffic.com/en/ais/search/all?keyword=9284805\" target=\"_blank\" rel=\"noopener\">MarineTraffic</a>", "vf_url": "https://www.vesselfinder.com/vessels?name=9284805", "mst_url": "https://www.marinetraffic.com/en/ais/search/all?keyword=9284805", "method": "v3_2pass_track3d_fromru10d", "ru_seen_in_lookback": true, "in_monitor_on_day": true}}, {"type": "Feature", "geometry": {"type": "Point", "coordinates": [7.727406666666667, 57.17242833333333]}, "properties": {"label": "SLED", "mmsi": "311001726", "imo": "9284805", "name": "SLED", "shiptype": "", "first_seen_utc": "2026-01-02T16:08:59Z", "last_seen_utc": "2026-01-11T11:13:54Z", "destination": "FUJAIRAH", "eta": "{'Day': 4, 'Hour': 10, 'Minute': 0, 'Month': 2}", "display": "SLED (311001726)", "links": "<a href=\"https://www.vesselfinder.com/vessels?name=9284805\" target=\"_blank\" rel=\"noopener\">VesselFinder</a> | <a href=\"https://www.marinetraffic.com/en/ais/search/all?keyword=9284805\" target=\"_blank\" rel=\"noopener\">MarineTraffic</a>", "vf_url": "https://www.vesselfinder.com/vessels?name=9284805", "mst_url": "https://www.marinetraffic.com/en/ais/search/all?keyword=9284805", "method": "v3_2pass_track3d_fromru10d", "ru_seen_in_lookback": true, "in_monitor_on_day": true}}, {"type": "Feature", "geometry": {"type": "LineString", "coordinates": [[15.412478333333333, 55.684635], [15.17612, 55.60881333333334], [14.948671666666666, 55.539878333333334], [14.583941666666668, 55.42730166666667], [14.419798333333334, 55.31646166666667]]}, "properties": {"label": "MSC AMY", "mmsi": "255806081", "imo": "9242651", "name": "MSC AMY", "shiptype": "", "first_seen_utc": "2026-01-02T16:39:49Z", "last_seen_utc": "2026-01-11T14:40:32Z", "destination": "ANTWERP", "eta": "{'Day': 14, 'Hour': 7, 'Minute': 0, 'Month': 1}", "display": "", "links": "<a href=\"https://www.vesselfinder.com/vessels?name=9242651\" target=\"_blank\" rel=\"noopener\">VesselFinder</a> | <a href=\"https://www.marinetraffic.com/en/ais/search/all?keyword=9242651\" target=\"_blank\" rel=\"noopener\">MarineTraffic</a>", "vf_url": "https://www.vesselfinder.com/vessels?name=9242651", "mst_url": "https://www.marinetraffic.com/en/ais/search/all?keyword=9242651", "method": "v3_2pass_track3d_fromru10d", "ru_seen_in_lookback": true, "in_monitor_on_day": true}}, {"type": "Feature", "geometry": {"type": "Point", "coordinates": [14.419798333333334, 55.31646166666667]}, "properties": {"label": "MSC AMY", "mmsi": "255806081", "imo": "9242651", "name": "MSC AMY", "shiptype": "", "first_seen_utc": "2026-01-02T16:39:49Z", "last_seen_utc": "2026-01-11T14:40:32Z", "destination": "ANTWERP", "eta": "{'Day': 14, 'Hour': 7, 'Minute': 0, 'Month': 1}", "display": "MSC AMY (255806081)", "links": "<a href=\"https://www.vesselfinder.com/vessels?name=9242651\" target=\"_blank\" rel=\"noopener\">VesselFinder</a> | <a href=\"https://www.marinetraffic.com/en/ais/search/all?keyword=9242651\" target=\"_blank\" rel=\"noopener\">MarineTraffic</a>", "vf_url": "https://www.vesselfinder.com/vessels?name=9242651", "mst_url": "https://www.marinetraffic.com/en/ais/search/all?keyword=9242651", "method": "v3_2pass_track3d_fromru10d", "ru_seen_in_lookback": true, "in_monitor_on_day": true}}, {"type": "Feature", "geometry": {"type": "LineString", "coordinates": [[10.86067, 55.531598333333335], [10.790878333333334, 55.646271666666664], [10.810885, 55.76379], [10.817055, 55.88272166666666], [10.493478333333334, 57.840615], [10.267713333333335, 57.836771666666664], [10.058431666666667, 57.82982166666667], [9.841841666666665, 57.825381666666665], [9.623259999999998, 57.82268333333333], [9.405241666666665, 57.810179999999995], [9.208946666666666, 57.756506666666674], [9.015586666666668, 57.698526666666666], [8.816178333333333, 57.63871666666667], [8.623718333333333, 57.580018333333335], [8.433161666666667, 57.52312333333334], [8.23367, 57.466825], [8.032765, 57.406995], [7.832776666666667, 57.346644999999995], [7.627931666666667, 57.29011333333334], [7.426301666666666, 57.23178333333333], [7.237766666666667, 57.17124333333334], [7.058401666666667, 57.111545], [6.874595, 57.056365], [6.6724, 56.99874666666666], [2.5810166666666663, 51.92193333333333], [2.474223333333333, 51.827803333333335], [2.2435066666666668, 51.67142833333333], [2.1258083333333335, 51.59791333333333], [2.015426666666667, 51.52054833333333], [1.910995, 51.44714833333333], [1.8521816666666666, 51.359721666666665], [1.794065, 51.27391166666666], [1.7146916666666667, 51.19629333333333], [1.61328, 51.12808], [1.5116166666666666, 51.05993], [1.34106, 50.942275], [-0.08125, 50.487048333333334], [-0.22444, 50.4622]]}, "properties": {"label": "BREEZE", "mmsi": "372119000", "imo": "9809356", "name": "BREEZE", "shiptype": "", "first_seen_utc": "2026-01-02T19:22:46Z", "last_seen_utc": "2026-01-11T15:43:55Z", "destination": "PORTSAID", "eta": "{'Day': 21, 'Hour': 6, 'Minute': 0, 'Month': 1}", "display": "", "links": "<a href=\"https://www.vesselfinder.com/vessels?name=9809356\" target=\"_blank\" rel=\"noopener\">VesselFinder</a> | <a href=\"https://www.marinetraffic.com/en/ais/search/all?keyword=9809356\" target=\"_blank\" rel=\"noopener\">MarineTraffic</a>", "vf_url": "https://www.vesselfinder.com/vessels?name=9809356", "mst_url": "https://www.marinetraffic.com/en/ais/search/all?keyword=9809356", "method": "v3_2pass_track3d_fromru10d", "ru_seen_in_lookback": true, "in_monitor_on_day": true}}, {"type": "Feature", "geometry": {"type": "Point", "coordinates": [-0.22444, 50.4622]}, "properties": {"label": "BREEZE", "mmsi": "372119000", "imo": "9809356", "name": "BREEZE", "shiptype": "", "first_seen_utc": "2026-01-02T19:22:46Z", "last_seen_utc": "2026-01-11T15:43:55Z", "destination": "PORTSAID", "eta": "{'Day': 21, 'Hour': 6, 'Minute': 0, 'Month': 1}", "display": "BREEZE (372119000)", "links": "<a href=\"https://www.vesselfinder.com/vessels?name=9809356\" target=\"_blank\" rel=\"noopener\">VesselFinder</a> | <a href=\"https://www.marinetraffic.com/en/ais/search/all?keyword=9809356\" target=\"_blank\" rel=\"noopener\">MarineTraffic</a>", "vf_url": "https://www.vesselfinder.com/vessels?name=9809356", "mst_url": "https://www.marinetraffic.com/en/ais/search/all?keyword=9809356", "method": "v3_2pass_track3d_fromru10d", "ru_seen_in_lookback": true, "in_monitor_on_day": true}}, {"type": "Feature", "geometry": {"type": "LineString", "coordinates": [[7.967851666666666, 57.327225], [7.508436666666666, 57.184623333333334], [7.33838, 57.13156333333333], [2.1578383333333333, 51.604153333333336], [2.055935, 51.53496500000001], [1.9527533333333333, 51.469955], [1.8834533333333332, 51.39201833333333], [1.8419783333333333, 51.304388333333335], [1.7566383333333335, 51.22731666666667], [1.6537616666666668, 51.154520000000005], [1.5440333333333334, 51.083891666666666], [-0.264765, 50.455036666666665], [-0.42566, 50.43436833333333]]}, "properties": {"label": "COROSSOL", "mmsi": "636021733", "imo": "9395331", "name": "COROSSOL", "shiptype": "", "first_seen_utc": "2026-01-02T19:45:02Z", "last_seen_utc": "2026-01-11T04:20:46Z", "destination": "SG SIN FOR ORDER", "eta": "{'Day': 10, 'Hour': 15, 'Minute': 0, 'Month': 2}", "display": "", "links": "<a href=\"https://www.vesselfinder.com/vessels?name=9395331\" target=\"_blank\" rel=\"noopener\">VesselFinder</a> | <a href=\"https://www.marinetraffic.com/en/ais/search/all?keyword=9395331\" target=\"_blank\" rel=\"noopener\">MarineTraffic</a>", "vf_url": "https://www.vesselfinder.com/vessels?name=9395331", "mst_url": "https://www.marinetraffic.com/en/ais/search/all?keyword=9395331", "method": "v3_2pass_track3d_fromru10d", "ru_seen_in_lookback": true, "in_monitor_on_day": true}}, {"type": "Feature", "geometry": {"type": "Point", "coordinates": [-0.42566, 50.43436833333333]}, "properties": {"label": "COROSSOL", "mmsi": "636021733", "imo": "9395331", "name": "COROSSOL", "shiptype": "", "first_seen_utc": "2026-01-02T19:45:02Z", "last_seen_utc": "2026-01-11T04:20:46Z", "destination": "SG SIN FOR ORDER", "eta": "{'Day': 10, 'Hour': 15, 'Minute': 0, 'Month': 2}", "display": "COROSSOL (636021733)", "links": "<a href=\"https://www.vesselfinder.com/vessels?name=9395331\" target=\"_blank\" rel=\"noopener\">VesselFinder</a> | <a href=\"https://www.marinetraffic.com/en/ais/search/all?keyword=9395331\" target=\"_blank\" rel=\"noopener\">MarineTraffic</a>", "vf_url": "https://www.vesselfinder.com/vessels?name=9395331", "mst_url": "https://www.marinetraffic.com/en/ais/search/all?keyword=9395331", "method": "v3_2pass_track3d_fromru10d", "ru_seen_in_lookback": true, "in_monitor_on_day": true}}, {"type": "Feature", "geometry": {"type": "LineString", "coordinates": [[10.489876666666667, 57.87661666666667], [10.239693333333333, 57.86909166666667], [9.960401666666666, 57.85731666666666], [9.658908333333333, 57.836995], [9.40225, 57.763088333333336], [9.149955, 57.67524166666667], [8.885924999999999, 57.59005666666667], [8.633123333333334, 57.49546], [8.376458333333334, 57.401158333333335], [8.146984999999999, 57.29222], [7.970678333333334, 57.15869333333333], [7.065351666666667, 54.66833333333333], [7.118455, 54.59139166666667], [7.178993333333334, 54.511201666666665], [7.249991666666667, 54.40130166666667], [7.315481666666667, 54.29886833333333], [7.402996666666667, 54.204503333333335], [7.49045, 54.10968666666667], [7.583275, 54.011878333333335], [7.7261050000000004, 53.89539666666667], [7.979441666666667, 53.85278166666667], [8.188526666666666, 53.76045166666667], [8.37344, 53.6717], [8.498953333333334, 53.605365], [8.530536666666666, 53.58025333333333], [8.537761666666666, 53.575358333333334], [8.537758333333333, 53.57539166666666], [8.537758333333333, 53.57537166666667], [8.537761666666666, 53.57538], [8.537773333333332, 53.57537666666666], [8.537776666666668, 53.57536666666667], [8.537765, 53.57538], [8.537746666666667, 53.57539], [8.537751666666667, 53.57537333333333], [8.537736666666666, 53.575385], [8.537759999999999, 53.57541666666667], [8.537728333333332, 53.57541666666667], [8.537745, 53.575405], [8.537749999999999, 53.57539666666666], [8.537721666666666, 53.57538833333333], [8.537708333333335, 53.575428333333335], [8.537749999999999, 53.575403333333334], [8.537788333333333, 53.57539666666666], [8.537761666666666, 53.57537833333333], [8.537743333333333, 53.57541833333333], [8.537756666666667, 53.57539333333333], [8.537765, 53.57540166666667], [8.537728333333332, 53.575428333333335], [8.537761666666666, 53.575408333333336], [8.537745, 53.575375], [8.537813333333334, 53.57536], [8.537751666666667, 53.575410000000005]]}, "properties": {"label": "MSC OLIVIA", "mmsi": "636022723", "imo": "9954761", "name": "MSC OLIVIA", "shiptype": "", "first_seen_utc": "2026-01-03T08:37:20Z", "last_seen_utc": "2026-01-11T15:49:18Z", "destination": "DEBRV", "eta": "{'Day': 10, 'Hour': 22, 'Minute': 0, 'Month': 1}", "display": "", "links": "<a href=\"https://www.vesselfinder.com/vessels?name=9954761\" target=\"_blank\" rel=\"noopener\">VesselFinder</a> | <a href=\"https://www.marinetraffic.com/en/ais/search/all?keyword=9954761\" target=\"_blank\" rel=\"noopener\">MarineTraffic</a>", "vf_url": "https://www.vesselfinder.com/vessels?name=9954761", "mst_url": "https://www.marinetraffic.com/en/ais/search/all?keyword=9954761", "method": "v3_2pass_track3d_fromru10d", "ru_seen_in_lookback": true, "in_monitor_on_day": true}}, {"type": "Feature", "geometry": {"type": "Point", "coordinates": [8.537751666666667, 53.575410000000005]}, "properties": {"label": "MSC OLIVIA", "mmsi": "636022723", "imo": "9954761", "name": "MSC OLIVIA", "shiptype": "", "first_seen_utc": "2026-01-03T08:37:20Z", "last_seen_utc": "2026-01-11T15:49:18Z", "destination": "DEBRV", "eta": "{'Day': 10, 'Hour': 22, 'Minute': 0, 'Month': 1}", "display": "MSC OLIVIA (636022723)", "links": "<a href=\"https://www.vesselfinder.com/vessels?name=9954761\" target=\"_blank\" rel=\"noopener\">VesselFinder</a> | <a href=\"https://www.marinetraffic.com/en/ais/search/all?keyword=9954761\" target=\"_blank\" rel=\"noopener\">MarineTraffic</a>", "vf_url": "https://www.vesselfinder.com/vessels?name=9954761", "mst_url": "https://www.marinetraffic.com/en/ais/search/all?keyword=9954761", "method": "v3_2pass_track3d_fromru10d", "ru_seen_in_lookback": true, "in_monitor_on_day": true}}, {"type": "Feature", "geometry": {"type": "LineString", "coordinates": [[28.405661666666667, 59.67462833333333], [28.40559, 59.674655], [28.405323333333335, 59.67500666666667], [28.501076666666666, 59.885981666666666], [15.717775, 55.688941666666665], [15.49021, 55.643436666666666], [15.253848333333334, 55.591945], [15.041536666666667, 55.54419166666666], [14.854563333333335, 55.49415166666667], [14.668935000000001, 55.44873333333333], [14.478029999999999, 55.35763]]}, "properties": {"label": "XIN LONG YUN 86", "mmsi": "412705880", "imo": "9162265", "name": "XIN LONG YUN 86", "shiptype": "", "first_seen_utc": "2026-01-03T08:37:30Z", "last_seen_utc": "2026-01-11T13:59:04Z", "destination": "EGEDK", "eta": "{'Day': 19, 'Hour': 15, 'Minute': 0, 'Month': 1}", "display": "", "links": "<a href=\"https://www.vesselfinder.com/vessels?name=9162265\" target=\"_blank\" rel=\"noopener\">VesselFinder</a> | <a href=\"https://www.marinetraffic.com/en/ais/search/all?keyword=9162265\" target=\"_blank\" rel=\"noopener\">MarineTraffic</a>", "vf_url": "https://www.vesselfinder.com/vessels?name=9162265", "mst_url": "https://www.marinetraffic.com/en/ais/search/all?keyword=9162265", "method": "v3_2pass_track3d_fromru10d", "ru_seen_in_lookback": true, "in_monitor_on_day": true}}, {"type": "Feature", "geometry": {"type": "Point", "coordinates": [14.478029999999999, 55.35763]}, "properties": {"label": "XIN LONG YUN 86", "mmsi": "412705880", "imo": "9162265", "name": "XIN LONG YUN 86", "shiptype": "", "first_seen_utc": "2026-01-03T08:37:30Z", "last_seen_utc": "2026-01-11T13:59:04Z", "destination": "EGEDK", "eta": "{'Day': 19, 'Hour': 15, 'Minute': 0, 'Month': 1}", "display": "XIN LONG YUN 86 (412705880)", "links": "<a href=\"https://www.vesselfinder.com/vessels?name=9162265\" target=\"_blank\" rel=\"noopener\">VesselFinder</a> | <a href=\"https://www.marinetraffic.com/en/ais/search/all?keyword=9162265\" target=\"_blank\" rel=\"noopener\">MarineTraffic</a>", "vf_url": "https://www.vesselfinder.com/vessels?name=9162265", "mst_url": "https://www.marinetraffic.com/en/ais/search/all?keyword=9162265", "method": "v3_2pass_track3d_fromru10d", "ru_seen_in_lookback": true, "in_monitor_on_day": true}}, {"type": "Feature", "geometry": {"type": "LineString", "coordinates": [[18.86985, 54.439766666666664], [18.86985, 54.439616666666666], [18.86975, 54.43951666666667], [18.869666666666667, 54.43946666666667], [18.869683333333334, 54.4394], [18.8697, 54.43938333333333], [18.869733333333333, 54.439283333333336], [18.8696, 54.43951666666667], [18.869683333333334, 54.43945], [18.86955, 54.439499999999995], [18.86955, 54.43946666666667], [18.869383333333335, 54.4393], [18.869483333333335, 54.439049999999995], [18.869366666666668, 54.439049999999995], [18.869483333333335, 54.4388], [18.869183333333336, 54.43868333333333], [18.8688, 54.438433333333336], [18.868466666666666, 54.4381], [18.86825, 54.43808333333333], [18.868233333333333, 54.43795], [18.867966666666668, 54.437850000000005], [18.86771666666667, 54.4379], [18.86765, 54.437866666666665], [18.867466666666665, 54.43775], [18.86726666666667, 54.437850000000005], [18.86705, 54.437983333333335], [18.867066666666666, 54.437983333333335], [18.867366666666666, 54.4377], [18.867083333333333, 54.43793333333333], [18.867250000000002, 54.437850000000005], [18.867183333333333, 54.43788333333334], [18.867273333333333, 54.43778], [18.867316666666667, 54.43778333333333], [18.867133333333335, 54.43781666666666], [18.867283333333333, 54.43781666666666], [18.86735, 54.43763333333333], [18.867416666666667, 54.43775], [18.86745, 54.43761666666667], [18.867516666666667, 54.43755], [18.867966666666668, 54.43736666666667], [18.868, 54.43735], [18.8675, 54.43761666666667], [18.867816666666666, 54.437416666666664], [18.8678, 54.437400000000004], [18.867966666666668, 54.43723333333333], [18.867849999999997, 54.4373], [18.86821666666667, 54.437083333333334], [18.868166666666664, 54.437083333333334], [18.86815, 54.43711666666666], [18.86795, 54.43718333333334], [18.86798333333333, 54.43716666666667], [18.8677, 54.43703333333334], [18.86795, 54.43691666666667], [18.867216666666664, 54.43781666666666], [18.867733333333334, 54.43703333333334], [18.867900000000002, 54.43683333333333], [18.867883333333335, 54.43678333333333], [18.86795, 54.43676666666667], [18.867721666666668, 54.436775], [18.867683333333332, 54.43678333333333], [18.868, 54.43663333333333], [18.867883333333335, 54.43666666666666], [18.867833333333333, 54.43665], [18.867916666666666, 54.436616666666666], [18.868100000000002, 54.436400000000006], [18.86845, 54.43633333333333], [18.868133333333333, 54.436416666666666], [18.868533333333335, 54.43626666666667], [18.868850000000002, 54.436166666666665], [18.86703333333333, 54.44508333333333], [18.849466666666668, 54.475366666666666], [18.900516666666665, 54.48763333333333], [18.94445, 54.49913333333333], [18.925083333333337, 54.51983333333333], [18.904783333333334, 54.5401], [18.916333333333334, 54.550666666666665], [18.933483333333335, 54.55596666666667], [18.9502, 54.56196666666666], [18.93385, 54.55331666666667], [18.908900000000003, 54.54156666666667], [18.905233333333335, 54.538016666666664], [18.871866666666666, 54.50398333333333], [18.8855, 54.51226666666666], [18.898366666666668, 54.52051666666667], [18.908383333333333, 54.53165], [18.8992, 54.536433333333335], [18.863183333333332, 54.50481666666667], [18.845966666666666, 54.48115], [18.857766666666667, 54.49085], [18.867683333333332, 54.501666666666665], [18.87773333333333, 54.514516666666665], [18.888733333333334, 54.529183333333336], [18.869116666666667, 54.50958333333333], [18.851383333333334, 54.48516666666667], [18.861683333333335, 54.493399999999994], [18.869483333333335, 54.50111666666667], [18.87885, 54.51233333333333], [18.88585, 54.52255], [18.890633333333334, 54.527833333333334], [18.895083333333332, 54.53205], [18.899066666666666, 54.5366], [18.907783333333334, 54.540283333333335], [18.920066666666667, 54.540816666666665], [18.936116666666667, 54.543800000000005], [18.952066666666667, 54.548633333333335], [18.946033333333332, 54.55558333333333], [18.94203333333333, 54.50823333333334], [18.893633333333334, 54.45376666666667], [18.865783333333333, 54.44346666666667], [18.8662, 54.44336666666666], [18.867116666666668, 54.4434], [18.866666666666667, 54.443333333333335], [18.866683333333334, 54.44336666666666], [18.866566666666664, 54.44338333333334], [18.867066666666666, 54.44336666666666], [18.867083333333333, 54.44336666666666], [18.867516666666667, 54.4434], [18.8675, 54.44348333333333], [18.867683333333332, 54.4445], [18.85868333333333, 54.42658333333333], [18.75026666666667, 54.40423333333333], [18.707150000000002, 54.39638333333333], [18.707150000000002, 54.39638333333333]]}, "properties": {"label": "CGAS PANTHER", "mmsi": "249362000", "imo": "9578000", "name": "CGAS PANTHER", "shiptype": "", "first_seen_utc": "2026-01-03T08:38:19Z", "last_seen_utc": "2026-01-11T15:36:23Z", "destination": "PLGDN", "eta": "{'Day': 4, 'Hour': 21, 'Minute': 0, 'Month': 1}", "display": "", "links": "<a href=\"https://www.vesselfinder.com/vessels?name=9578000\" target=\"_blank\" rel=\"noopener\">VesselFinder</a> | <a href=\"https://www.marinetraffic.com/en/ais/search/all?keyword=9578000\" target=\"_blank\" rel=\"noopener\">MarineTraffic</a>", "vf_url": "https://www.vesselfinder.com/vessels?name=9578000", "mst_url": "https://www.marinetraffic.com/en/ais/search/all?keyword=9578000", "method": "v3_2pass_track3d_fromru10d", "ru_seen_in_lookback": true, "in_monitor_on_day": true}}, {"type": "Feature", "geometry": {"type": "Point", "coordinates": [18.707150000000002, 54.39638333333333]}, "properties": {"label": "CGAS PANTHER", "mmsi": "249362000", "imo": "9578000", "name": "CGAS PANTHER", "shiptype": "", "first_seen_utc": "2026-01-03T08:38:19Z", "last_seen_utc": "2026-01-11T15:36:23Z", "destination": "PLGDN", "eta": "{'Day': 4, 'Hour': 21, 'Minute': 0, 'Month': 1}", "display": "CGAS PANTHER (249362000)", "links": "<a href=\"https://www.vesselfinder.com/vessels?name=9578000\" target=\"_blank\" rel=\"noopener\">VesselFinder</a> | <a href=\"https://www.marinetraffic.com/en/ais/search/all?keyword=9578000\" target=\"_blank\" rel=\"noopener\">MarineTraffic</a>", "vf_url": "https://www.vesselfinder.com/vessels?name=9578000", "mst_url": "https://www.marinetraffic.com/en/ais/search/all?keyword=9578000", "method": "v3_2pass_track3d_fromru10d", "ru_seen_in_lookback": true, "in_monitor_on_day": true}}, {"type": "Feature", "geometry": {"type": "LineString", "coordinates": [[17.788743333333333, 54.88364], [18.377785, 54.935314999999996], [18.60126166666667, 54.953118333333336], [18.678144999999997, 54.91792833333333], [18.75845, 54.88315], [18.838255, 54.84444333333333], [18.909943333333334, 54.80434833333334], [18.981135, 54.757328333333334], [19.672466666666665, 54.704125], [19.046955, 54.64776833333334], [20.03675666666667, 54.87009833333333], [19.016203333333333, 54.572516666666665], [18.945996666666666, 54.53747833333333], [18.92324166666667, 54.512445], [18.906533333333336, 54.51927166666667], [18.93449, 54.530665], [18.937591666666666, 54.531665], [18.912488333333332, 54.51569333333334], [18.900281666666668, 54.52251666666667], [18.930473333333335, 54.532648333333334], [18.905123333333332, 54.517865], [18.952636666666667, 54.54444], [18.951296666666668, 54.54505833333334], [18.924135, 54.53299333333334], [18.89544833333333, 54.52180166666667], [18.95337, 54.54895166666667], [18.982553333333332, 54.562691666666666], [18.959648333333334, 54.54755333333333], [18.938493333333334, 54.53243833333333], [18.916345, 54.51838333333333], [18.914081666666668, 54.52997666666667], [18.972073333333334, 54.561701666666664], [18.96271833333333, 54.54620166666667], [18.954335, 54.52639333333333], [18.943603333333332, 54.50619833333334], [18.92183, 54.485715], [18.926575, 54.50869], [18.940538333333333, 54.52379833333334], [18.948338333333332, 54.535891666666664], [18.950523333333333, 54.541468333333334], [18.962806666666665, 54.56346333333333], [18.964526666666664, 54.545134999999995], [18.96042, 54.52298166666667], [18.954605, 54.50114333333333], [18.92612, 54.49642666666667], [18.951413333333335, 54.560208333333335], [18.946046666666668, 54.560408333333335], [18.930136666666666, 54.53884], [18.914769999999997, 54.539265], [18.9625, 54.564375000000005], [18.957455, 54.56109666666667], [18.945676666666667, 54.53882833333333], [18.92419, 54.52037333333333], [18.95634, 54.574666666666666], [18.94863333333333, 54.57188166666666], [18.935005, 54.551185000000004], [18.919323333333335, 54.53231666666667], [18.904336666666666, 54.515993333333334], [18.88628333333333, 54.50296], [18.895654999999998, 54.49595166666666], [18.908205, 54.52180333333333], [18.926088333333333, 54.54886333333333], [18.948335, 54.57466], [18.964595, 54.589328333333334], [18.954618333333332, 54.57409], [18.946559999999998, 54.55813166666667], [18.949205, 54.567951666666666], [18.974898333333332, 54.587221666666665], [18.960910000000002, 54.569208333333336], [18.942648333333334, 54.56529666666667], [18.992726666666666, 54.59379833333333], [19.000130000000002, 54.589598333333335], [18.994515, 54.570730000000005], [18.982845, 54.55670333333333], [18.97359833333333, 54.54204], [18.96928, 54.565415], [18.990383333333334, 54.60398], [18.982291666666665, 54.59934333333333], [18.971745, 54.58456666666667], [18.962596666666666, 54.570025], [18.957704999999997, 54.55336], [18.95419, 54.53506166666667], [18.950308333333332, 54.51725333333333], [18.934815, 54.50188833333333], [18.945038333333333, 54.525144999999995], [18.962795000000003, 54.55159166666667], [18.97125833333333, 54.574308333333335], [18.97669833333333, 54.59605333333333], [18.972766666666665, 54.606096666666666], [18.965596666666666, 54.58426166666666]]}, "properties": {"label": "MSC TOPAZ", "mmsi": "636017916", "imo": "9502908", "name": "MSC TOPAZ", "shiptype": "", "first_seen_utc": "2026-01-03T09:45:25Z", "last_seen_utc": "2026-01-11T15:38:38Z", "destination": "GDANSK", "eta": "{'Day': 11, 'Hour': 6, 'Minute': 0, 'Month': 12}", "display": "", "links": "<a href=\"https://www.vesselfinder.com/vessels?name=9502908\" target=\"_blank\" rel=\"noopener\">VesselFinder</a> | <a href=\"https://www.marinetraffic.com/en/ais/search/all?keyword=9502908\" target=\"_blank\" rel=\"noopener\">MarineTraffic</a>", "vf_url": "https://www.vesselfinder.com/vessels?name=9502908", "mst_url": "https://www.marinetraffic.com/en/ais/search/all?keyword=9502908", "method": "v3_2pass_track3d_fromru10d", "ru_seen_in_lookback": true, "in_monitor_on_day": true}}, {"type": "Feature", "geometry": {"type": "Point", "coordinates": [18.965596666666666, 54.58426166666666]}, "properties": {"label": "MSC TOPAZ", "mmsi": "636017916", "imo": "9502908", "name": "MSC TOPAZ", "shiptype": "", "first_seen_utc": "2026-01-03T09:45:25Z", "last_seen_utc": "2026-01-11T15:38:38Z", "destination": "GDANSK", "eta": "{'Day': 11, 'Hour': 6, 'Minute': 0, 'Month': 12}", "display": "MSC TOPAZ (636017916)", "links": "<a href=\"https://www.vesselfinder.com/vessels?name=9502908\" target=\"_blank\" rel=\"noopener\">VesselFinder</a> | <a href=\"https://www.marinetraffic.com/en/ais/search/all?keyword=9502908\" target=\"_blank\" rel=\"noopener\">MarineTraffic</a>", "vf_url": "https://www.vesselfinder.com/vessels?name=9502908", "mst_url": "https://www.marinetraffic.com/en/ais/search/all?keyword=9502908", "method": "v3_2pass_track3d_fromru10d", "ru_seen_in_lookback": true, "in_monitor_on_day": true}}, {"type": "Feature", "geometry": {"type": "LineString", "coordinates": [[18.715431666666667, 54.40364666666667], [18.715438333333335, 54.40365666666666], [18.715491666666665, 54.403621666666666], [18.715471666666666, 54.40365333333333], [18.715411666666668, 54.40364666666667], [18.715425, 54.403620000000004], [18.715446666666665, 54.403621666666666], [18.715466666666668, 54.40361666666667], [18.715455000000002, 54.403636666666664], [18.715435, 54.403621666666666], [18.715508333333332, 54.403620000000004], [18.715421666666668, 54.403620000000004], [18.71543, 54.403614999999995], [18.715446666666665, 54.40362833333334], [18.71546, 54.40364833333333], [18.715428333333332, 54.40362666666667], [18.71546, 54.403621666666666], [18.715463333333332, 54.40363166666667], [18.715408333333336, 54.403625000000005], [18.715446666666665, 54.40361], [18.715523333333334, 54.40358333333334], [18.715441666666667, 54.403643333333335], [18.71544833333333, 54.403621666666666], [18.715438333333335, 54.403635], [18.715456666666668, 54.403621666666666], [18.715485, 54.403643333333335], [18.715441666666667, 54.40364666666667], [18.715468333333334, 54.403618333333334], [18.715461666666666, 54.40365], [18.715458333333334, 54.403621666666666], [18.716378333333335, 54.40368], [18.808918333333335, 54.416065], [18.934806666666667, 54.429048333333334], [19.032285, 54.50301], [19.114171666666667, 54.60174], [19.072151666666667, 54.70800333333333], [19.067813333333334, 54.81919666666667], [19.059755, 54.89944], [19.005331666666667, 54.91045], [18.866233333333334, 54.962845], [18.74824, 55.016814999999994], [15.620608333333333, 55.37632333333333], [15.392824999999998, 55.390298333333334], [15.189353333333335, 55.402948333333335], [14.976293333333333, 55.41587833333333], [14.769148333333334, 55.42949], [14.465593333333334, 55.32740166666667], [14.31842, 55.23312166666666], [13.264128333333334, 55.233295], [13.057516666666666, 55.235731666666666], [12.863018333333335, 55.266086666666666], [12.682728333333333, 55.3046], [12.680438333333333, 55.40058], [12.707453333333332, 55.49071666666667], [12.705958333333333, 55.54361666666667], [12.698233333333333, 55.60859833333333], [12.68669, 55.68285], [12.701691666666667, 55.792204999999996], [12.653093333333334, 55.902025], [12.678768333333332, 56.00846666666666], [12.562458333333332, 56.106199999999994], [12.461243333333334, 56.15541666666666], [10.49611, 57.856028333333335], [10.282828333333333, 57.85662833333333], [10.071811666666667, 57.853163333333335], [9.861948333333334, 57.85368666666667], [9.65226, 57.84641166666667], [9.495061666666667, 57.78882833333333], [9.335403333333334, 57.72656833333333], [9.17061, 57.67109333333334], [8.988385, 57.614423333333335], [8.816026666666666, 57.547088333333335], [8.62286, 57.48948333333333], [8.439905, 57.41748], [8.222064999999999, 57.35176166666667], [8.022351666666667, 57.30548833333333], [7.85539, 57.24823166666667], [7.714246666666667, 57.15938333333334]]}, "properties": {"label": "BORDEIRA", "mmsi": "229336000", "imo": "9529499", "name": "BORDEIRA", "shiptype": "", "first_seen_utc": "2026-01-03T10:02:11Z", "last_seen_utc": "2026-01-11T13:15:48Z", "destination": "NL RTM", "eta": "{'Day': 12, 'Hour': 19, 'Minute': 0, 'Month': 1}", "display": "", "links": "<a href=\"https://www.vesselfinder.com/vessels?name=9529499\" target=\"_blank\" rel=\"noopener\">VesselFinder</a> | <a href=\"https://www.marinetraffic.com/en/ais/search/all?keyword=9529499\" target=\"_blank\" rel=\"noopener\">MarineTraffic</a>", "vf_url": "https://www.vesselfinder.com/vessels?name=9529499", "mst_url": "https://www.marinetraffic.com/en/ais/search/all?keyword=9529499", "method": "v3_2pass_track3d_fromru10d", "ru_seen_in_lookback": true, "in_monitor_on_day": true}}, {"type": "Feature", "geometry": {"type": "Point", "coordinates": [7.714246666666667, 57.15938333333334]}, "properties": {"label": "BORDEIRA", "mmsi": "229336000", "imo": "9529499", "name": "BORDEIRA", "shiptype": "", "first_seen_utc": "2026-01-03T10:02:11Z", "last_seen_utc": "2026-01-11T13:15:48Z", "destination": "NL RTM", "eta": "{'Day': 12, 'Hour': 19, 'Minute': 0, 'Month': 1}", "display": "BORDEIRA (229336000)", "links": "<a href=\"https://www.vesselfinder.com/vessels?name=9529499\" target=\"_blank\" rel=\"noopener\">VesselFinder</a> | <a href=\"https://www.marinetraffic.com/en/ais/search/all?keyword=9529499\" target=\"_blank\" rel=\"noopener\">MarineTraffic</a>", "vf_url": "https://www.vesselfinder.com/vessels?name=9529499", "mst_url": "https://www.marinetraffic.com/en/ais/search/all?keyword=9529499", "method": "v3_2pass_track3d_fromru10d", "ru_seen_in_lookback": true, "in_monitor_on_day": true}}, {"type": "Feature", "geometry": {"type": "LineString", "coordinates": [[11.917823333333333, 54.410743333333336], [18.648321666666668, 54.91215166666667], [18.806378333333335, 54.86701333333333], [18.90344, 54.81198166666666], [18.988868333333336, 54.77032], [19.104081666666666, 54.73148333333334], [20.04055, 54.88210166666667], [19.820611666666665, 54.869186666666664], [19.070596666666667, 54.77755666666667], [19.111058333333336, 54.78005333333333], [20.038661666666666, 54.875006666666664], [19.899193333333336, 54.433994999999996], [19.677676666666667, 54.70263], [19.954208333333334, 54.798559999999995], [20.039806666666667, 54.88265333333333], [19.897913333333335, 54.433593333333334], [19.903416666666665, 54.438475000000004], [19.10971333333333, 54.696015], [19.14373, 54.708065000000005], [19.680283333333332, 54.70737833333333], [19.812929999999998, 54.87146666666667], [20.040391666666668, 54.88284833333333], [20.067206666666667, 54.884773333333335], [19.96289833333333, 54.797673333333336], [19.954985, 54.79936333333333], [19.897778333333335, 54.43387166666666], [19.898315, 54.433841666666666], [19.177616666666665, 54.64985], [19.210301666666666, 54.679006666666666], [19.236826666666666, 54.71448], [19.673421666666666, 54.70285333333334], [19.95780166666667, 54.79848833333333], [20.042286666666666, 54.87986], [20.041015, 54.876455], [20.057453333333335, 54.88775], [19.13466, 54.64226166666666], [19.173098333333332, 54.67237166666666], [19.959763333333335, 54.80291], [19.95736833333333, 54.80151], [19.144493333333333, 54.67488], [19.19068, 54.71400333333334], [19.983428333333332, 54.82672], [19.18208, 54.722495], [19.15169, 54.68550833333334], [19.163618333333332, 54.66032], [19.171215, 54.70287166666667], [19.17743, 54.752595]]}, "properties": {"label": "LUZON SPIRIT", "mmsi": "311000467", "imo": "9572276", "name": "LUZON SPIRIT", "shiptype": "", "first_seen_utc": "2026-01-03T10:02:52Z", "last_seen_utc": "2026-01-11T14:57:09Z", "destination": "PL GDN", "eta": "{'Day': 9, 'Hour': 16, 'Minute': 0, 'Month': 1}", "display": "", "links": "<a href=\"https://www.vesselfinder.com/vessels?name=9572276\" target=\"_blank\" rel=\"noopener\">VesselFinder</a> | <a href=\"https://www.marinetraffic.com/en/ais/search/all?keyword=9572276\" target=\"_blank\" rel=\"noopener\">MarineTraffic</a>", "vf_url": "https://www.vesselfinder.com/vessels?name=9572276", "mst_url": "https://www.marinetraffic.com/en/ais/search/all?keyword=9572276", "method": "v3_2pass_track3d_fromru10d", "ru_seen_in_lookback": true, "in_monitor_on_day": true}}, {"type": "Feature", "geometry": {"type": "Point", "coordinates": [19.17743, 54.752595]}, "properties": {"label": "LUZON SPIRIT", "mmsi": "311000467", "imo": "9572276", "name": "LUZON SPIRIT", "shiptype": "", "first_seen_utc": "2026-01-03T10:02:52Z", "last_seen_utc": "2026-01-11T14:57:09Z", "destination": "PL GDN", "eta": "{'Day': 9, 'Hour': 16, 'Minute': 0, 'Month': 1}", "display": "LUZON SPIRIT (311000467)", "links": "<a href=\"https://www.vesselfinder.com/vessels?name=9572276\" target=\"_blank\" rel=\"noopener\">VesselFinder</a> | <a href=\"https://www.marinetraffic.com/en/ais/search/all?keyword=9572276\" target=\"_blank\" rel=\"noopener\">MarineTraffic</a>", "vf_url": "https://www.vesselfinder.com/vessels?name=9572276", "mst_url": "https://www.marinetraffic.com/en/ais/search/all?keyword=9572276", "method": "v3_2pass_track3d_fromru10d", "ru_seen_in_lookback": true, "in_monitor_on_day": true}}, {"type": "Feature", "geometry": {"type": "LineString", "coordinates": [[10.445386666666668, 57.843741666666666], [10.155143333333333, 57.83944666666666], [9.880703333333335, 57.82687833333333], [9.607, 57.73280166666667], [9.372971666666666, 57.653495], [9.157868333333333, 57.58001], [8.954086666666665, 57.50487333333333], [7.170115, 54.51998833333334], [7.278536666666667, 54.400020000000005], [7.363683333333333, 54.272214999999996], [7.45733, 54.14418666666666], [7.569185, 54.02207333333333], [7.640181666666667, 53.93176833333334], [7.669548333333334, 53.88618833333333], [7.95303, 53.857], [8.161778333333334, 53.77639333333333], [8.339345, 53.69501], [8.433164999999999, 53.63712666666667], [8.516168333333333, 53.59728666666667], [8.516268333333333, 53.597521666666665], [8.516241666666666, 53.59755333333333], [8.516273333333334, 53.597525000000005], [8.516268333333333, 53.597525000000005], [8.516273333333334, 53.59758166666666], [8.516273333333334, 53.597575], [8.51624, 53.59752666666667], [8.516225, 53.59748666666667], [8.516265, 53.597535], [8.516275, 53.597568333333335], [8.516268333333333, 53.59751666666667], [8.5162, 53.597566666666665], [8.516225, 53.59752], [8.516238333333334, 53.59755500000001], [8.516236666666666, 53.597565], [8.516318333333334, 53.59748666666667], [8.516195, 53.59745], [8.516245, 53.59765166666667], [8.5163, 53.597501666666666], [8.516208333333333, 53.59753], [8.51629, 53.59756], [8.516243333333334, 53.59757666666667], [8.516328333333332, 53.59756], [8.516263333333333, 53.59754833333333], [8.516238333333334, 53.59757333333334], [8.516286666666666, 53.59752833333334]]}, "properties": {"label": "LITTLE ATHINA", "mmsi": "636023244", "imo": "9980368", "name": "LITTLE ATHINA", "shiptype": "", "first_seen_utc": "2026-01-03T10:09:38Z", "last_seen_utc": "2026-01-11T15:48:14Z", "destination": "DEBRV", "eta": "{'Day': 10, 'Hour': 23, 'Minute': 0, 'Month': 1}", "display": "", "links": "<a href=\"https://www.vesselfinder.com/vessels?name=9980368\" target=\"_blank\" rel=\"noopener\">VesselFinder</a> | <a href=\"https://www.marinetraffic.com/en/ais/search/all?keyword=9980368\" target=\"_blank\" rel=\"noopener\">MarineTraffic</a>", "vf_url": "https://www.vesselfinder.com/vessels?name=9980368", "mst_url": "https://www.marinetraffic.com/en/ais/search/all?keyword=9980368", "method": "v3_2pass_track3d_fromru10d", "ru_seen_in_lookback": true, "in_monitor_on_day": true}}, {"type": "Feature", "geometry": {"type": "Point", "coordinates": [8.516286666666666, 53.59752833333334]}, "properties": {"label": "LITTLE ATHINA", "mmsi": "636023244", "imo": "9980368", "name": "LITTLE ATHINA", "shiptype": "", "first_seen_utc": "2026-01-03T10:09:38Z", "last_seen_utc": "2026-01-11T15:48:14Z", "destination": "DEBRV", "eta": "{'Day': 10, 'Hour': 23, 'Minute': 0, 'Month': 1}", "display": "LITTLE ATHINA (636023244)", "links": "<a href=\"https://www.vesselfinder.com/vessels?name=9980368\" target=\"_blank\" rel=\"noopener\">VesselFinder</a> | <a href=\"https://www.marinetraffic.com/en/ais/search/all?keyword=9980368\" target=\"_blank\" rel=\"noopener\">MarineTraffic</a>", "vf_url": "https://www.vesselfinder.com/vessels?name=9980368", "mst_url": "https://www.marinetraffic.com/en/ais/search/all?keyword=9980368", "method": "v3_2pass_track3d_fromru10d", "ru_seen_in_lookback": true, "in_monitor_on_day": true}}, {"type": "Feature", "geometry": {"type": "LineString", "coordinates": [[3.590215, 51.426788333333334], [3.709955, 51.40250833333334], [3.85577, 51.345925], [3.9881416666666665, 51.435673333333334], [4.11783, 51.36963], [4.233403333333333, 51.357575], [4.283558333333334, 51.346426666666666], [4.28435, 51.34641], [4.284345, 51.346405], [4.292693333333333, 51.362296666666666], [4.292976666666666, 51.36242], [4.292941666666667, 51.362425], [4.292976666666666, 51.36241166666667], [4.292963333333334, 51.362435], [4.29296, 51.36243833333333], [4.292966666666667, 51.36242333333333], [4.292963333333334, 51.36241166666667], [4.292976666666666, 51.36242666666667], [4.292983333333334, 51.36242166666667], [4.2929683333333335, 51.362428333333334], [4.292978333333334, 51.362428333333334], [4.29298, 51.36239833333333], [4.292976666666666, 51.362433333333335], [4.2929699999999995, 51.362428333333334], [4.292985, 51.36244166666667], [4.292973333333333, 51.362428333333334], [4.292993333333333, 51.36248333333333], [4.29298, 51.36244166666667], [4.292965, 51.36242166666667], [4.292966666666667, 51.362433333333335], [4.292966666666667, 51.36242333333333], [4.292985, 51.362445], [4.292978333333334, 51.36242], [4.292966666666667, 51.36241166666667], [4.292966666666667, 51.36242333333333], [4.292985, 51.362425], [4.29298, 51.36241833333334], [4.292988333333333, 51.36242166666667], [4.292981666666666, 51.362431666666666], [4.29298, 51.362428333333334], [4.2929916666666665, 51.362425], [4.292966666666667, 51.362428333333334], [4.29296, 51.36241833333334], [4.292966666666667, 51.362428333333334], [4.292978333333334, 51.36242666666667], [4.292981666666666, 51.36242333333333], [4.292988333333333, 51.362428333333334], [4.292981666666666, 51.362431666666666], [4.292996666666666, 51.36244666666666], [4.292985, 51.362431666666666], [4.292966666666667, 51.362425], [4.29298, 51.36243], [4.292986666666667, 51.36242666666667], [4.292973333333333, 51.36242], [4.292983333333334, 51.362433333333335], [4.292965, 51.36243], [4.292986666666667, 51.36241666666667], [4.29295, 51.362428333333334], [4.292966666666667, 51.362433333333335], [4.2929683333333335, 51.362425], [4.292961666666667, 51.36241833333334], [4.292955, 51.36242333333333], [4.292963333333334, 51.362431666666666], [4.292961666666667, 51.362431666666666], [4.292996666666666, 51.36242166666667], [4.292993333333333, 51.362404999999995], [4.292985, 51.36242666666667], [4.292976666666666, 51.362433333333335], [4.29296, 51.36243833333333], [4.292983333333334, 51.36242166666667], [4.292943333333333, 51.362449999999995], [4.292966666666667, 51.36244166666667], [4.292973333333333, 51.362431666666666], [4.292963333333334, 51.36243666666667], [4.292971666666667, 51.36244], [4.2929699999999995, 51.36242], [4.292995, 51.362433333333335], [4.292965, 51.36243666666667], [4.292966666666667, 51.36242166666667], [4.292965, 51.36243833333333], [4.292953333333333, 51.362431666666666], [4.292981666666666, 51.362433333333335], [4.292975, 51.36243666666667], [4.292978333333334, 51.36242666666667], [4.292976666666666, 51.36241833333334], [4.292985, 51.36244166666667], [4.292978333333334, 51.36242166666667], [4.292975, 51.36242166666667], [4.2929699999999995, 51.36241833333334], [4.2929683333333335, 51.36239666666667], [4.292976666666666, 51.362415000000006], [4.292983333333334, 51.362428333333334], [4.292973333333333, 51.36243833333333], [4.292975, 51.362425], [4.29298, 51.36243], [4.294616666666667, 51.34689166666667], [4.286058333333333, 51.346181666666666], [4.286066666666667, 51.346183333333336], [4.284949999999999, 51.346378333333334], [4.211716666666667, 51.391618333333334], [4.054638333333333, 51.375925], [3.961831666666667, 51.41673166666667], [3.858705, 51.349055], [3.711221666666667, 51.40061166666667], [3.6014516666666667, 51.43636333333333], [3.449135, 51.41659833333333], [3.251138333333333, 51.41242666666667], [3.0558216666666667, 51.41073166666667], [3.0671066666666666, 51.497296666666664], [3.1811599999999998, 51.59120666666667], [3.2286366666666666, 51.685500000000005], [3.1987783333333337, 51.778115], [3.1525233333333333, 52.69629166666667]]}, "properties": {"label": "ARRHENIUS", "mmsi": "636019884", "imo": "9471032", "name": "ARRHENIUS", "shiptype": "", "first_seen_utc": "2026-01-03T12:24:37Z", "last_seen_utc": "2026-01-11T15:55:28Z", "destination": "DK SKA", "eta": "{'Day': 12, 'Hour': 21, 'Minute': 0, 'Month': 1}", "display": "", "links": "<a href=\"https://www.vesselfinder.com/vessels?name=9471032\" target=\"_blank\" rel=\"noopener\">VesselFinder</a> | <a href=\"https://www.marinetraffic.com/en/ais/search/all?keyword=9471032\" target=\"_blank\" rel=\"noopener\">MarineTraffic</a>", "vf_url": "https://www.vesselfinder.com/vessels?name=9471032", "mst_url": "https://www.marinetraffic.com/en/ais/search/all?keyword=9471032", "method": "v3_2pass_track3d_fromru10d", "ru_seen_in_lookback": true, "in_monitor_on_day": true}}, {"type": "Feature", "geometry": {"type": "Point", "coordinates": [3.1525233333333333, 52.69629166666667]}, "properties": {"label": "ARRHENIUS", "mmsi": "636019884", "imo": "9471032", "name": "ARRHENIUS", "shiptype": "", "first_seen_utc": "2026-01-03T12:24:37Z", "last_seen_utc": "2026-01-11T15:55:28Z", "destination": "DK SKA", "eta": "{'Day': 12, 'Hour': 21, 'Minute': 0, 'Month': 1}", "display": "ARRHENIUS (636019884)", "links": "<a href=\"https://www.vesselfinder.com/vessels?name=9471032\" target=\"_blank\" rel=\"noopener\">VesselFinder</a> | <a href=\"https://www.marinetraffic.com/en/ais/search/all?keyword=9471032\" target=\"_blank\" rel=\"noopener\">MarineTraffic</a>", "vf_url": "https://www.vesselfinder.com/vessels?name=9471032", "mst_url": "https://www.marinetraffic.com/en/ais/search/all?keyword=9471032", "method": "v3_2pass_track3d_fromru10d", "ru_seen_in_lookback": true, "in_monitor_on_day": true}}, {"type": "Feature", "geometry": {"type": "LineString", "coordinates": [[10.464068333333334, 57.85749666666666], [10.254961666666667, 57.84793166666667], [10.058695, 57.837358333333334], [9.858711666666666, 57.83808], [9.666051666666668, 57.821758333333335], [9.483135, 57.76868666666667], [9.203708333333333, 57.666315000000004], [9.043548333333332, 57.61015166666667], [8.875033333333333, 57.55276666666667], [8.705476666666668, 57.49566166666667], [8.537678333333334, 57.43451666666667], [8.363978333333334, 57.378245], [8.179416666666667, 57.32278833333333], [8.012338333333334, 57.267575], [7.807495, 57.19263333333333], [7.641745, 57.132675], [7.450655, 57.067483333333335], [2.06495, 51.52453333333334], [1.9533200000000002, 51.44887166666667], [1.8591833333333334, 51.36070666666667], [1.7891766666666666, 51.257738333333336], [1.676275, 51.16742166666667], [1.5383816666666665, 51.07881666666666], [1.4012033333333334, 50.98887833333333], [0.07970000000000001, 50.532421666666664], [-0.3314333333333333, 50.45225666666667], [-0.4963416666666667, 50.422156666666666], [-0.72997, 50.37591166666667], [-0.9035799999999999, 50.34784166666667], [-1.0760033333333332, 50.320728333333335]]}, "properties": {"label": "OSCAR", "mmsi": "636022074", "imo": "9365386", "name": "OSCAR", "shiptype": "", "first_seen_utc": "2026-01-03T12:57:22Z", "last_seen_utc": "2026-01-11T09:12:27Z", "destination": "LOME FOR ORDER", "eta": "{'Day': 26, 'Hour': 10, 'Minute': 0, 'Month': 1}", "display": "", "links": "<a href=\"https://www.vesselfinder.com/vessels?name=9365386\" target=\"_blank\" rel=\"noopener\">VesselFinder</a> | <a href=\"https://www.marinetraffic.com/en/ais/search/all?keyword=9365386\" target=\"_blank\" rel=\"noopener\">MarineTraffic</a>", "vf_url": "https://www.vesselfinder.com/vessels?name=9365386", "mst_url": "https://www.marinetraffic.com/en/ais/search/all?keyword=9365386", "method": "v3_2pass_track3d_fromru10d", "ru_seen_in_lookback": true, "in_monitor_on_day": true}}, {"type": "Feature", "geometry": {"type": "Point", "coordinates": [-1.0760033333333332, 50.320728333333335]}, "properties": {"label": "OSCAR", "mmsi": "636022074", "imo": "9365386", "name": "OSCAR", "shiptype": "", "first_seen_utc": "2026-01-03T12:57:22Z", "last_seen_utc": "2026-01-11T09:12:27Z", "destination": "LOME FOR ORDER", "eta": "{'Day': 26, 'Hour': 10, 'Minute': 0, 'Month': 1}", "display": "OSCAR (636022074)", "links": "<a href=\"https://www.vesselfinder.com/vessels?name=9365386\" target=\"_blank\" rel=\"noopener\">VesselFinder</a> | <a href=\"https://www.marinetraffic.com/en/ais/search/all?keyword=9365386\" target=\"_blank\" rel=\"noopener\">MarineTraffic</a>", "vf_url": "https://www.vesselfinder.com/vessels?name=9365386", "mst_url": "https://www.marinetraffic.com/en/ais/search/all?keyword=9365386", "method": "v3_2pass_track3d_fromru10d", "ru_seen_in_lookback": true, "in_monitor_on_day": true}}, {"type": "Feature", "geometry": {"type": "LineString", "coordinates": [[18.56605, 54.92395], [18.689799999999998, 54.8886], [18.800549999999998, 54.83925], [18.91795, 54.79156666666667], [18.96315, 54.723949999999995], [18.924166666666668, 54.649483333333336], [18.861333333333334, 54.58161666666667], [18.753716666666666, 54.53835], [18.61495, 54.53908333333333], [18.520683333333334, 54.54075], [18.504566666666665, 54.54566666666666], [18.504566666666665, 54.545683333333336], [18.504466666666666, 54.545766666666665], [18.504583333333336, 54.54563333333333], [18.504516666666667, 54.54565], [18.504583333333336, 54.545683333333336], [18.504583333333336, 54.545716666666664], [18.504583333333336, 54.545700000000004], [18.50455, 54.54566666666666], [18.50453333333333, 54.54565], [18.504516666666667, 54.545716666666664], [18.50453333333333, 54.545683333333336], [18.504566666666665, 54.54573333333334], [18.504583333333336, 54.545700000000004], [18.50455, 54.545683333333336], [18.5045, 54.545683333333336], [18.5045, 54.545716666666664], [18.50453333333333, 54.545716666666664], [18.504516666666667, 54.545700000000004], [18.50455, 54.54566666666666], [18.50453333333333, 54.545716666666664], [18.504583333333336, 54.545683333333336], [18.504566666666665, 54.545700000000004], [18.522483333333334, 54.53965], [18.632416666666664, 54.533766666666665], [18.763783333333333, 54.527116666666664], [18.846583333333335, 54.553416666666664], [18.896549999999998, 54.586733333333335], [18.941516666666665, 54.61611666666667], [18.987750000000002, 54.64298333333333], [19.03376666666667, 54.66961666666667], [19.08465, 54.69453333333333], [19.133, 54.718399999999995], [19.18136666666667, 54.74653333333333], [19.227483333333332, 54.76886666666667], [20.151208333333333, 55.533315], [20.29712333333333, 55.74764666666667], [20.2893, 55.73706666666667]]}, "properties": {"label": "PEAK BORDEAUX", "mmsi": "246474000", "imo": "9545039", "name": "PEAK BORDEAUX", "shiptype": "", "first_seen_utc": "2026-01-03T13:09:15Z", "last_seen_utc": "2026-01-11T03:26:19Z", "destination": "LTKLJ", "eta": "{'Day': 10, 'Hour': 0, 'Minute': 0, 'Month': 1}", "display": "", "links": "<a href=\"https://www.vesselfinder.com/vessels?name=9545039\" target=\"_blank\" rel=\"noopener\">VesselFinder</a> | <a href=\"https://www.marinetraffic.com/en/ais/search/all?keyword=9545039\" target=\"_blank\" rel=\"noopener\">MarineTraffic</a>", "vf_url": "https://www.vesselfinder.com/vessels?name=9545039", "mst_url": "https://www.marinetraffic.com/en/ais/search/all?keyword=9545039", "method": "v3_2pass_track3d_fromru10d", "ru_seen_in_lookback": true, "in_monitor_on_day": true}}, {"type": "Feature", "geometry": {"type": "Point", "coordinates": [20.2893, 55.73706666666667]}, "properties": {"label": "PEAK BORDEAUX", "mmsi": "246474000", "imo": "9545039", "name": "PEAK BORDEAUX", "shiptype": "", "first_seen_utc": "2026-01-03T13:09:15Z", "last_seen_utc": "2026-01-11T03:26:19Z", "destination": "LTKLJ", "eta": "{'Day': 10, 'Hour': 0, 'Minute': 0, 'Month': 1}", "display": "PEAK BORDEAUX (246474000)", "links": "<a href=\"https://www.vesselfinder.com/vessels?name=9545039\" target=\"_blank\" rel=\"noopener\">VesselFinder</a> | <a href=\"https://www.marinetraffic.com/en/ais/search/all?keyword=9545039\" target=\"_blank\" rel=\"noopener\">MarineTraffic</a>", "vf_url": "https://www.vesselfinder.com/vessels?name=9545039", "mst_url": "https://www.marinetraffic.com/en/ais/search/all?keyword=9545039", "method": "v3_2pass_track3d_fromru10d", "ru_seen_in_lookback": true, "in_monitor_on_day": true}}, {"type": "Feature", "geometry": {"type": "LineString", "coordinates": [[10.810550000000001, 55.779635], [10.897721666666666, 55.87765], [10.493593333333333, 57.85048166666666], [9.562741666666666, 57.81283166666666], [9.016403333333333, 57.619076666666665], [8.851606666666667, 57.562329999999996], [8.667933333333334, 57.50351833333333], [7.891241666666667, 57.213343333333334], [2.6103333333333336, 52.05752], [2.181011666666667, 51.62162166666667], [2.0851016666666666, 51.55780333333333], [1.9857516666666666, 51.491845], [1.89376, 51.42587666666667], [1.8368383333333334, 51.345445000000005], [1.78345, 51.26424], [1.7207283333333334, 51.19300166666667], [1.6342833333333333, 51.141373333333334], [1.55902, 51.098319999999994]]}, "properties": {"label": "WHITE WANDERER", "mmsi": "477015300", "imo": "9621869", "name": "WHITE WANDERER", "shiptype": "", "first_seen_utc": "2026-01-03T13:13:09Z", "last_seen_utc": "2026-01-11T15:35:18Z", "destination": "CR CAL", "eta": "{'Day': 30, 'Hour': 12, 'Minute': 0, 'Month': 1}", "display": "", "links": "<a href=\"https://www.vesselfinder.com/vessels?name=9621869\" target=\"_blank\" rel=\"noopener\">VesselFinder</a> | <a href=\"https://www.marinetraffic.com/en/ais/search/all?keyword=9621869\" target=\"_blank\" rel=\"noopener\">MarineTraffic</a>", "vf_url": "https://www.vesselfinder.com/vessels?name=9621869", "mst_url": "https://www.marinetraffic.com/en/ais/search/all?keyword=9621869", "method": "v3_2pass_track3d_fromru10d", "ru_seen_in_lookback": true, "in_monitor_on_day": true}}, {"type": "Feature", "geometry": {"type": "Point", "coordinates": [1.55902, 51.098319999999994]}, "properties": {"label": "WHITE WANDERER", "mmsi": "477015300", "imo": "9621869", "name": "WHITE WANDERER", "shiptype": "", "first_seen_utc": "2026-01-03T13:13:09Z", "last_seen_utc": "2026-01-11T15:35:18Z", "destination": "CR CAL", "eta": "{'Day': 30, 'Hour': 12, 'Minute': 0, 'Month': 1}", "display": "WHITE WANDERER (477015300)", "links": "<a href=\"https://www.vesselfinder.com/vessels?name=9621869\" target=\"_blank\" rel=\"noopener\">VesselFinder</a> | <a href=\"https://www.marinetraffic.com/en/ais/search/all?keyword=9621869\" target=\"_blank\" rel=\"noopener\">MarineTraffic</a>", "vf_url": "https://www.vesselfinder.com/vessels?name=9621869", "mst_url": "https://www.marinetraffic.com/en/ais/search/all?keyword=9621869", "method": "v3_2pass_track3d_fromru10d", "ru_seen_in_lookback": true, "in_monitor_on_day": true}}, {"type": "Feature", "geometry": {"type": "LineString", "coordinates": [[28.421611666666667, 59.692519999999995], [28.40847, 59.76272166666667], [28.44189, 59.84382166666667], [15.341948333333333, 55.634303333333335], [15.174555, 55.59975833333333], [14.979009999999999, 55.53478166666666], [14.820296666666668, 55.489545], [14.607906666666667, 55.43501833333333], [14.449648333333332, 55.31519]]}, "properties": {"label": "HERMES", "mmsi": "636015035", "imo": "9613056", "name": "HERMES", "shiptype": "", "first_seen_utc": "2026-01-03T14:14:00Z", "last_seen_utc": "2026-01-11T13:26:51Z", "destination": "SEGOT", "eta": "{'Day': 12, 'Hour': 11, 'Minute': 0, 'Month': 1}", "display": "", "links": "<a href=\"https://www.vesselfinder.com/vessels?name=9613056\" target=\"_blank\" rel=\"noopener\">VesselFinder</a> | <a href=\"https://www.marinetraffic.com/en/ais/search/all?keyword=9613056\" target=\"_blank\" rel=\"noopener\">MarineTraffic</a>", "vf_url": "https://www.vesselfinder.com/vessels?name=9613056", "mst_url": "https://www.marinetraffic.com/en/ais/search/all?keyword=9613056", "method": "v3_2pass_track3d_fromru10d", "ru_seen_in_lookback": true, "in_monitor_on_day": true}}, {"type": "Feature", "geometry": {"type": "Point", "coordinates": [14.449648333333332, 55.31519]}, "properties": {"label": "HERMES", "mmsi": "636015035", "imo": "9613056", "name": "HERMES", "shiptype": "", "first_seen_utc": "2026-01-03T14:14:00Z", "last_seen_utc": "2026-01-11T13:26:51Z", "destination": "SEGOT", "eta": "{'Day': 12, 'Hour': 11, 'Minute': 0, 'Month': 1}", "display": "HERMES (636015035)", "links": "<a href=\"https://www.vesselfinder.com/vessels?name=9613056\" target=\"_blank\" rel=\"noopener\">VesselFinder</a> | <a href=\"https://www.marinetraffic.com/en/ais/search/all?keyword=9613056\" target=\"_blank\" rel=\"noopener\">MarineTraffic</a>", "vf_url": "https://www.vesselfinder.com/vessels?name=9613056", "mst_url": "https://www.marinetraffic.com/en/ais/search/all?keyword=9613056", "method": "v3_2pass_track3d_fromru10d", "ru_seen_in_lookback": true, "in_monitor_on_day": true}}, {"type": "Feature", "geometry": {"type": "LineString", "coordinates": [[15.315983333333332, 55.64096666666667], [14.958116666666665, 55.54741666666666], [14.8042, 55.50578333333333], [14.617366666666667, 55.4512], [12.253816666666667, 54.579566666666665], [12.197033333333334, 54.46136666666666], [12.052249999999999, 54.43320000000001], [11.888383333333334, 54.43411666666667], [11.731033333333333, 54.44766666666667], [11.581766666666665, 54.4872], [11.435416666666667, 54.52663333333333], [11.28295, 54.56843333333334], [11.131683333333333, 54.607733333333336], [10.963066666666666, 54.618399999999994], [10.8137, 54.67101666666667], [10.785, 54.74038333333333], [10.834399999999999, 54.82196666666667], [10.866683333333333, 54.913850000000004], [10.969416666666666, 54.97925], [10.996766666666668, 55.06395], [10.9925, 55.149766666666665], [11.098, 55.20835], [11.058983333333334, 55.289883333333336], [10.852133333333335, 55.551399999999994], [10.793616666666667, 55.63098333333333], [10.800749999999999, 55.71175], [10.820966666666667, 55.790733333333336], [10.879533333333335, 55.86251666666667], [10.982716666666667, 55.93315], [11.276549999999999, 56.1717]]}, "properties": {"label": "M/V AURELIA", "mmsi": "538005507", "imo": "9392133", "name": "M/V AURELIA", "shiptype": "", "first_seen_utc": "2026-01-03T20:05:43Z", "last_seen_utc": "2026-01-11T06:33:38Z", "destination": "RO CND", "eta": "{'Day': 26, 'Hour': 3, 'Minute': 0, 'Month': 1}", "display": "", "links": "<a href=\"https://www.vesselfinder.com/vessels?name=9392133\" target=\"_blank\" rel=\"noopener\">VesselFinder</a> | <a href=\"https://www.marinetraffic.com/en/ais/search/all?keyword=9392133\" target=\"_blank\" rel=\"noopener\">MarineTraffic</a>", "vf_url": "https://www.vesselfinder.com/vessels?name=9392133", "mst_url": "https://www.marinetraffic.com/en/ais/search/all?keyword=9392133", "method": "v3_2pass_track3d_fromru10d", "ru_seen_in_lookback": true, "in_monitor_on_day": true}}, {"type": "Feature", "geometry": {"type": "Point", "coordinates": [11.276549999999999, 56.1717]}, "properties": {"label": "M/V AURELIA", "mmsi": "538005507", "imo": "9392133", "name": "M/V AURELIA", "shiptype": "", "first_seen_utc": "2026-01-03T20:05:43Z", "last_seen_utc": "2026-01-11T06:33:38Z", "destination": "RO CND", "eta": "{'Day': 26, 'Hour': 3, 'Minute': 0, 'Month': 1}", "display": "M/V AURELIA (538005507)", "links": "<a href=\"https://www.vesselfinder.com/vessels?name=9392133\" target=\"_blank\" rel=\"noopener\">VesselFinder</a> | <a href=\"https://www.marinetraffic.com/en/ais/search/all?keyword=9392133\" target=\"_blank\" rel=\"noopener\">MarineTraffic</a>", "vf_url": "https://www.vesselfinder.com/vessels?name=9392133", "mst_url": "https://www.marinetraffic.com/en/ais/search/all?keyword=9392133", "method": "v3_2pass_track3d_fromru10d", "ru_seen_in_lookback": true, "in_monitor_on_day": true}}, {"type": "Feature", "geometry": {"type": "LineString", "coordinates": [[19.049176666666664, 54.904455], [19.00158, 54.82127333333334], [18.970426666666665, 54.733995], [18.926215, 54.65025], [18.85603166666667, 54.575705], [18.735556666666664, 54.535785000000004], [18.590728333333335, 54.534795], [18.517903333333333, 54.54122333333333], [18.50696333333333, 54.54553166666667], [18.506988333333332, 54.54553], [18.506908333333335, 54.545535], [18.50696, 54.54549], [18.506919999999997, 54.54550833333334], [18.50691833333333, 54.54549166666666], [18.50696, 54.545485], [18.506943333333332, 54.54549333333333], [18.506951666666666, 54.545476666666666], [18.506925000000003, 54.545503333333336], [18.50698, 54.545485], [18.506988333333332, 54.54550833333334], [18.506953333333335, 54.54552833333333], [18.506976666666667, 54.54553], [18.50695, 54.54551166666667], [18.506916666666665, 54.545515], [18.506936666666665, 54.54553], [18.506970000000003, 54.545496666666665], [18.50693, 54.54547], [18.506891666666668, 54.54546833333333], [18.506901666666668, 54.54548333333333], [18.506935, 54.54551166666667], [18.506903333333334, 54.545523333333335], [18.506944999999998, 54.54552833333333], [18.506941666666666, 54.54553333333333], [18.506935, 54.545494999999995], [18.506936666666665, 54.54551166666667], [18.50691833333333, 54.54550666666667], [18.506923333333337, 54.5455], [18.506983333333334, 54.54549333333333], [18.506913333333333, 54.54546666666667], [18.506958333333333, 54.545485], [18.50687333333333, 54.545395], [18.506948333333334, 54.54548833333333], [18.506981666666665, 54.54550666666667], [18.506913333333333, 54.5455], [18.506936666666665, 54.545494999999995], [18.506961666666665, 54.545515], [18.506951666666666, 54.545505000000006], [18.50699, 54.545545], [18.506931666666667, 54.545473333333334], [18.506916666666665, 54.545485], [18.50695, 54.545485], [18.506955, 54.54549833333333], [18.506928333333335, 54.54551666666667], [18.506966666666663, 54.54551666666667], [18.506964999999997, 54.54552833333333], [18.506935, 54.54553833333333], [18.506906666666666, 54.545548333333336], [18.506923333333337, 54.545496666666665], [18.50693, 54.545503333333336], [18.506876666666667, 54.54552666666667], [18.506896666666666, 54.545505000000006], [18.506956666666667, 54.54553833333333], [18.506966666666663, 54.54553833333333], [18.506946666666668, 54.545501666666674], [18.506923333333337, 54.54551166666667], [18.506976666666667, 54.54552666666667], [18.506970000000003, 54.545523333333335], [18.506948333333334, 54.54548833333333], [18.50696333333333, 54.545515], [18.506948333333334, 54.54552833333333], [18.506915, 54.545503333333336]]}, "properties": {"label": "YAMAN", "mmsi": "572882220", "imo": "9504944", "name": "YAMAN", "shiptype": "", "first_seen_utc": "2026-01-03T20:28:12Z", "last_seen_utc": "2026-01-11T15:59:36Z", "destination": "GDYNIA", "eta": "{'Day': 10, 'Hour': 2, 'Minute': 0, 'Month': 1}", "display": "", "links": "<a href=\"https://www.vesselfinder.com/vessels?name=9504944\" target=\"_blank\" rel=\"noopener\">VesselFinder</a> | <a href=\"https://www.marinetraffic.com/en/ais/search/all?keyword=9504944\" target=\"_blank\" rel=\"noopener\">MarineTraffic</a>", "vf_url": "https://www.vesselfinder.com/vessels?name=9504944", "mst_url": "https://www.marinetraffic.com/en/ais/search/all?keyword=9504944", "method": "v3_2pass_track3d_fromru10d", "ru_seen_in_lookback": true, "in_monitor_on_day": true}}, {"type": "Feature", "geometry": {"type": "Point", "coordinates": [18.506915, 54.545503333333336]}, "properties": {"label": "YAMAN", "mmsi": "572882220", "imo": "9504944", "name": "YAMAN", "shiptype": "", "first_seen_utc": "2026-01-03T20:28:12Z", "last_seen_utc": "2026-01-11T15:59:36Z", "destination": "GDYNIA", "eta": "{'Day': 10, 'Hour': 2, 'Minute': 0, 'Month': 1}", "display": "YAMAN (572882220)", "links": "<a href=\"https://www.vesselfinder.com/vessels?name=9504944\" target=\"_blank\" rel=\"noopener\">VesselFinder</a> | <a href=\"https://www.marinetraffic.com/en/ais/search/all?keyword=9504944\" target=\"_blank\" rel=\"noopener\">MarineTraffic</a>", "vf_url": "https://www.vesselfinder.com/vessels?name=9504944", "mst_url": "https://www.marinetraffic.com/en/ais/search/all?keyword=9504944", "method": "v3_2pass_track3d_fromru10d", "ru_seen_in_lookback": true, "in_monitor_on_day": true}}, {"type": "Feature", "geometry": {"type": "LineString", "coordinates": [[15.579716666666666, 55.73358833333334], [15.279381666666666, 55.641308333333335], [14.953205, 55.53881666666667], [14.726028333333334, 55.47296333333334], [12.21279, 54.541180000000004], [12.150133333333335, 54.45232166666666], [12.000998333333333, 54.43841833333333], [11.846843333333334, 54.438520000000004], [11.699095, 54.45641333333333], [11.557068333333332, 54.49625666666667], [11.413393333333334, 54.536435], [11.265233333333333, 54.57812666666667], [11.116765, 54.621051666666666], [10.979993333333335, 54.67325], [10.88037, 54.74286166666666], [10.875565, 54.84874], [10.94945, 54.94541666666667], [11.037883333333333, 55.028711666666666]]}, "properties": {"label": "LUCKY", "mmsi": "636022993", "imo": "9037305", "name": "LUCKY", "shiptype": "", "first_seen_utc": "2026-01-03T21:57:27Z", "last_seen_utc": "2026-01-11T15:39:10Z", "destination": "MA JFL", "eta": "{'Day': 19, 'Hour': 12, 'Minute': 0, 'Month': 1}", "display": "", "links": "<a href=\"https://www.vesselfinder.com/vessels?name=9037305\" target=\"_blank\" rel=\"noopener\">VesselFinder</a> | <a href=\"https://www.marinetraffic.com/en/ais/search/all?keyword=9037305\" target=\"_blank\" rel=\"noopener\">MarineTraffic</a>", "vf_url": "https://www.vesselfinder.com/vessels?name=9037305", "mst_url": "https://www.marinetraffic.com/en/ais/search/all?keyword=9037305", "method": "v3_2pass_track3d_fromru10d", "ru_seen_in_lookback": true, "in_monitor_on_day": true}}, {"type": "Feature", "geometry": {"type": "Point", "coordinates": [11.037883333333333, 55.028711666666666]}, "properties": {"label": "LUCKY", "mmsi": "636022993", "imo": "9037305", "name": "LUCKY", "shiptype": "", "first_seen_utc": "2026-01-03T21:57:27Z", "last_seen_utc": "2026-01-11T15:39:10Z", "destination": "MA JFL", "eta": "{'Day': 19, 'Hour': 12, 'Minute': 0, 'Month': 1}", "display": "LUCKY (636022993)", "links": "<a href=\"https://www.vesselfinder.com/vessels?name=9037305\" target=\"_blank\" rel=\"noopener\">VesselFinder</a> | <a href=\"https://www.marinetraffic.com/en/ais/search/all?keyword=9037305\" target=\"_blank\" rel=\"noopener\">MarineTraffic</a>", "vf_url": "https://www.vesselfinder.com/vessels?name=9037305", "mst_url": "https://www.marinetraffic.com/en/ais/search/all?keyword=9037305", "method": "v3_2pass_track3d_fromru10d", "ru_seen_in_lookback": true, "in_monitor_on_day": true}}, {"type": "Feature", "geometry": {"type": "LineString", "coordinates": [[18.757431666666665, 54.887645], [18.907390000000003, 54.83359666666667], [19.013706666666668, 54.77139833333333], [18.956691666666664, 54.68017333333333], [18.883836666666664, 54.593695000000004], [18.77706, 54.52267], [18.710776666666668, 54.51252], [18.708321666666667, 54.51768666666667], [18.70817333333333, 54.517810000000004], [18.708261666666665, 54.51774666666667], [18.708186666666666, 54.517801666666664], [18.708141666666666, 54.51783833333333], [18.70799333333333, 54.517966666666666], [18.708115000000003, 54.517941666666665], [18.70821, 54.517905000000006], [18.708143333333332, 54.517936666666664], [18.708108333333332, 54.51788], [18.708236666666668, 54.51771], [18.708188333333332, 54.51779833333333], [18.708391666666667, 54.51761333333333], [18.708305, 54.517691666666664], [18.70822666666667, 54.517695], [18.70838, 54.51752], [18.708331666666666, 54.51758333333333], [18.708354999999997, 54.517485], [18.708391666666667, 54.51743666666667], [18.70847, 54.51742166666667], [18.708463333333334, 54.51732166666667], [18.708453333333335, 54.51736833333334], [18.708466666666666, 54.51730666666666], [18.70843, 54.517360000000004], [18.708393333333333, 54.51739], [18.708501666666667, 54.51728833333333], [18.70857, 54.517264999999995], [18.708585000000003, 54.51731333333333], [18.708506666666665, 54.51732833333333], [18.7085, 54.51734], [18.708596666666665, 54.51724333333333], [18.708621666666666, 54.51726], [18.708656666666666, 54.51719333333333], [18.708875, 54.51705166666667], [18.708804999999998, 54.517129999999995], [18.708983333333332, 54.51705833333333], [18.708865, 54.517075], [18.709034999999997, 54.517026666666666], [18.709231666666668, 54.51692666666667], [18.709278333333334, 54.51692333333334], [18.709091666666666, 54.51703333333333], [18.70977, 54.51679], [18.709343333333333, 54.51692333333334], [18.709641666666666, 54.51680833333333], [18.709973333333334, 54.51676166666667], [18.710105, 54.51671833333333], [18.710195, 54.51670333333333], [18.71070166666667, 54.51663666666666], [18.710511666666665, 54.51663333333333], [18.71071166666667, 54.51662666666667], [18.710331666666665, 54.516643333333334], [18.710793333333335, 54.516600000000004], [18.710440000000002, 54.516616666666664], [18.710895, 54.51658166666667], [18.711095, 54.51653666666667], [18.71059, 54.516526666666664], [18.710500000000003, 54.51651833333334], [18.71069333333333, 54.51652833333333], [18.710528333333333, 54.51651666666667], [18.71087, 54.516488333333335], [18.711176666666667, 54.51647], [18.710901666666665, 54.51648333333333], [18.710478333333334, 54.516576666666666], [18.710215, 54.516600000000004], [18.710845, 54.51651666666667], [18.710343333333334, 54.51657333333333], [18.710375, 54.516585], [18.710356666666666, 54.51658166666667], [18.710446666666666, 54.516576666666666], [18.710843333333333, 54.51652], [18.71047, 54.51656333333334], [18.710198333333334, 54.51658166666667], [18.710168333333336, 54.51656833333333], [18.71045333333333, 54.51654166666666], [18.71046833333333, 54.51653666666667], [18.710741666666667, 54.516513333333336], [18.710973333333335, 54.516484999999996], [18.710818333333336, 54.51649], [18.710263333333334, 54.516535], [18.71025, 54.51654833333334], [18.71034, 54.516553333333334], [18.710036666666667, 54.51661333333333], [18.71072333333333, 54.51652833333333], [18.71122666666667, 54.51651666666667], [18.711028333333335, 54.51649666666666], [18.71108, 54.51650666666667], [18.71121833333333, 54.51651833333334], [18.71134, 54.516508333333334], [18.711088333333333, 54.516510000000004], [18.711923333333335, 54.516558333333336], [18.71162, 54.51652833333333], [18.71201166666667, 54.51656], [18.711779999999997, 54.51654]]}, "properties": {"label": "DREAM SYRAX", "mmsi": "255915968", "imo": "9719513", "name": "DREAM SYRAX", "shiptype": "", "first_seen_utc": "2026-01-04T00:29:18Z", "last_seen_utc": "2026-01-11T15:46:40Z", "destination": "PL GDY", "eta": "{'Day': 9, 'Hour': 14, 'Minute': 0, 'Month': 1}", "display": "", "links": "<a href=\"https://www.vesselfinder.com/vessels?name=9719513\" target=\"_blank\" rel=\"noopener\">VesselFinder</a> | <a href=\"https://www.marinetraffic.com/en/ais/search/all?keyword=9719513\" target=\"_blank\" rel=\"noopener\">MarineTraffic</a>", "vf_url": "https://www.vesselfinder.com/vessels?name=9719513", "mst_url": "https://www.marinetraffic.com/en/ais/search/all?keyword=9719513", "method": "v3_2pass_track3d_fromru10d", "ru_seen_in_lookback": true, "in_monitor_on_day": true}}, {"type": "Feature", "geometry": {"type": "Point", "coordinates": [18.711779999999997, 54.51654]}, "properties": {"label": "DREAM SYRAX", "mmsi": "255915968", "imo": "9719513", "name": "DREAM SYRAX", "shiptype": "", "first_seen_utc": "2026-01-04T00:29:18Z", "last_seen_utc": "2026-01-11T15:46:40Z", "destination": "PL GDY", "eta": "{'Day': 9, 'Hour': 14, 'Minute': 0, 'Month': 1}", "display": "DREAM SYRAX (255915968)", "links": "<a href=\"https://www.vesselfinder.com/vessels?name=9719513\" target=\"_blank\" rel=\"noopener\">VesselFinder</a> | <a href=\"https://www.marinetraffic.com/en/ais/search/all?keyword=9719513\" target=\"_blank\" rel=\"noopener\">MarineTraffic</a>", "vf_url": "https://www.vesselfinder.com/vessels?name=9719513", "mst_url": "https://www.marinetraffic.com/en/ais/search/all?keyword=9719513", "method": "v3_2pass_track3d_fromru10d", "ru_seen_in_lookback": true, "in_monitor_on_day": true}}, {"type": "Feature", "geometry": {"type": "LineString", "coordinates": [[11.052885, 55.28610666666667], [11.102861666666666, 55.217636666666664], [11.003525, 55.161075], [10.992695, 55.08640166666667], [10.984158333333333, 55.01092833333333], [10.910866666666667, 54.95126166666667], [10.847705, 54.891709999999996], [10.837685, 54.827675], [10.792213333333333, 54.75973333333333], [10.777871666666666, 54.682285], [10.874179999999999, 54.63845333333334], [10.972803333333333, 54.602311666666665], [11.083416666666666, 54.58847], [11.188703333333333, 54.57516666666667], [11.287096666666667, 54.552130000000005], [11.380288333333334, 54.52813666666667], [11.471763333333334, 54.49955333333333], [11.568136666666668, 54.470045], [11.670235, 54.441498333333335], [11.770571666666665, 54.41516], [11.883823333333334, 54.413120000000006], [11.999393333333334, 54.411280000000005], [12.111498333333333, 54.40838166666666], [12.196603333333334, 54.4456], [12.23836, 54.507533333333335], [12.266641666666667, 54.57537833333333], [14.797978333333333, 55.339929999999995], [14.898011666666667, 55.34916], [15.032043333333332, 55.36454833333333], [18.722421666666666, 55.01793], [18.808155, 54.94281333333333], [18.90419166666667, 54.87186], [18.980561666666667, 54.84037166666667], [19.005096666666667, 54.76753333333333], [19.038441666666664, 54.735285], [19.045328333333334, 54.75852833333333], [19.052101666666665, 54.761268333333334], [19.057318333333335, 54.778055], [19.06443, 54.79642333333334], [19.069648333333337, 54.81954666666666], [19.069031666666667, 54.86291833333333], [19.06674, 54.900774999999996], [19.06914833333333, 54.928395], [19.064118333333333, 54.953073333333336], [19.20693, 54.90501166666666]]}, "properties": {"label": "SEAGALAXY", "mmsi": "477269100", "imo": "9847231", "name": "SEAGALAXY", "shiptype": "", "first_seen_utc": "2026-01-04T01:33:15Z", "last_seen_utc": "2026-01-11T15:53:32Z", "destination": "NOSTU-PLGDN", "eta": "{'Day': 10, 'Hour': 21, 'Minute': 0, 'Month': 1}", "display": "", "links": "<a href=\"https://www.vesselfinder.com/vessels?name=9847231\" target=\"_blank\" rel=\"noopener\">VesselFinder</a> | <a href=\"https://www.marinetraffic.com/en/ais/search/all?keyword=9847231\" target=\"_blank\" rel=\"noopener\">MarineTraffic</a>", "vf_url": "https://www.vesselfinder.com/vessels?name=9847231", "mst_url": "https://www.marinetraffic.com/en/ais/search/all?keyword=9847231", "method": "v3_2pass_track3d_fromru10d", "ru_seen_in_lookback": true, "in_monitor_on_day": true}}, {"type": "Feature", "geometry": {"type": "Point", "coordinates": [19.20693, 54.90501166666666]}, "properties": {"label": "SEAGALAXY", "mmsi": "477269100", "imo": "9847231", "name": "SEAGALAXY", "shiptype": "", "first_seen_utc": "2026-01-04T01:33:15Z", "last_seen_utc": "2026-01-11T15:53:32Z", "destination": "NOSTU-PLGDN", "eta": "{'Day': 10, 'Hour': 21, 'Minute': 0, 'Month': 1}", "display": "SEAGALAXY (477269100)", "links": "<a href=\"https://www.vesselfinder.com/vessels?name=9847231\" target=\"_blank\" rel=\"noopener\">VesselFinder</a> | <a href=\"https://www.marinetraffic.com/en/ais/search/all?keyword=9847231\" target=\"_blank\" rel=\"noopener\">MarineTraffic</a>", "vf_url": "https://www.vesselfinder.com/vessels?name=9847231", "mst_url": "https://www.marinetraffic.com/en/ais/search/all?keyword=9847231", "method": "v3_2pass_track3d_fromru10d", "ru_seen_in_lookback": true, "in_monitor_on_day": true}}, {"type": "Feature", "geometry": {"type": "LineString", "coordinates": [[28.431458333333335, 59.76987833333333], [28.431638333333336, 59.771323333333335], [28.431859999999997, 59.77144666666666], [28.431818333333336, 59.771345], [28.432048333333334, 59.771523333333334], [28.431923333333334, 59.77149333333333], [28.441156666666664, 59.84769666666667], [28.509873333333335, 59.893980000000006], [15.597856666666667, 55.677845000000005], [15.424115, 55.659375], [15.241073333333333, 55.62830833333333], [15.073448333333333, 55.58388166666667], [14.901283333333334, 55.53121833333333], [14.735095, 55.48386333333334], [14.576481666666666, 55.42955833333333], [14.428406666666666, 55.32505166666667]]}, "properties": {"label": "ACACIA", "mmsi": "538009124", "imo": "9597642", "name": "ACACIA", "shiptype": "", "first_seen_utc": "2026-01-04T05:28:29Z", "last_seen_utc": "2026-01-11T13:30:38Z", "destination": "CISPY", "eta": "{'Day': 25, 'Hour': 12, 'Minute': 0, 'Month': 1}", "display": "", "links": "<a href=\"https://www.vesselfinder.com/vessels?name=9597642\" target=\"_blank\" rel=\"noopener\">VesselFinder</a> | <a href=\"https://www.marinetraffic.com/en/ais/search/all?keyword=9597642\" target=\"_blank\" rel=\"noopener\">MarineTraffic</a>", "vf_url": "https://www.vesselfinder.com/vessels?name=9597642", "mst_url": "https://www.marinetraffic.com/en/ais/search/all?keyword=9597642", "method": "v3_2pass_track3d_fromru10d", "ru_seen_in_lookback": true, "in_monitor_on_day": true}}, {"type": "Feature", "geometry": {"type": "Point", "coordinates": [14.428406666666666, 55.32505166666667]}, "properties": {"label": "ACACIA", "mmsi": "538009124", "imo": "9597642", "name": "ACACIA", "shiptype": "", "first_seen_utc": "2026-01-04T05:28:29Z", "last_seen_utc": "2026-01-11T13:30:38Z", "destination": "CISPY", "eta": "{'Day': 25, 'Hour': 12, 'Minute': 0, 'Month': 1}", "display": "ACACIA (538009124)", "links": "<a href=\"https://www.vesselfinder.com/vessels?name=9597642\" target=\"_blank\" rel=\"noopener\">VesselFinder</a> | <a href=\"https://www.marinetraffic.com/en/ais/search/all?keyword=9597642\" target=\"_blank\" rel=\"noopener\">MarineTraffic</a>", "vf_url": "https://www.vesselfinder.com/vessels?name=9597642", "mst_url": "https://www.marinetraffic.com/en/ais/search/all?keyword=9597642", "method": "v3_2pass_track3d_fromru10d", "ru_seen_in_lookback": true, "in_monitor_on_day": true}}, {"type": "Feature", "geometry": {"type": "LineString", "coordinates": [[19.953575, 54.833870000000005], [19.098383333333334, 54.78863333333334], [19.67814333333333, 54.701706666666674], [19.815996666666667, 54.871626666666664], [19.060611666666667, 54.59654333333334], [19.012485, 54.53763166666667], [18.961861666666668, 54.477446666666665], [18.890086666666665, 54.435605], [18.815498333333334, 54.43663333333333], [18.81685333333333, 54.437913333333334], [18.84288666666667, 54.45424166666667], [18.854425, 54.45890333333333], [18.889461666666666, 54.48598833333333], [18.918006666666667, 54.497323333333334], [18.915785000000003, 54.494733333333336], [18.914963333333333, 54.483916666666666], [18.900598333333335, 54.49299666666666], [18.91504666666667, 54.48757833333333], [18.921315, 54.489578333333334], [18.92751666666667, 54.490336666666664], [18.916735000000003, 54.507508333333334], [18.92004166666667, 54.49402666666666], [18.94212, 54.50705833333333], [18.945225, 54.51520333333334], [18.938586666666666, 54.529334999999996], [18.937633333333334, 54.522664999999996], [18.932595, 54.51257833333333], [18.938229999999997, 54.52498166666667], [18.936141666666668, 54.52981666666667], [18.94184166666667, 54.52296333333334], [18.93428833333333, 54.53332666666667], [18.935121666666664, 54.530091666666664], [18.936606666666666, 54.53288166666667], [18.935043333333333, 54.51934000000001], [18.938045, 54.508065], [18.926503333333336, 54.52276666666667], [18.920851666666668, 54.51153], [18.916953333333332, 54.49963], [18.91804, 54.48824166666667], [18.919818333333335, 54.477755], [18.920045000000002, 54.48749166666666], [18.928414999999998, 54.50440833333334], [18.92720166666667, 54.49539333333333], [18.926769999999998, 54.48521], [18.927836666666668, 54.489979999999996], [18.916553333333333, 54.52212833333333], [18.908588333333334, 54.549555000000005], [18.903871666666664, 54.559938333333335], [18.90902833333333, 54.56090833333334], [18.914358333333332, 54.546553333333335], [18.914755, 54.53043666666667], [18.915703333333333, 54.514315], [18.917933333333334, 54.498643333333334], [18.916976666666667, 54.482951666666665], [18.915415, 54.50663333333333]]}, "properties": {"label": "NORDIC ISTRIA", "mmsi": "255806452", "imo": "9474383", "name": "NORDIC ISTRIA", "shiptype": "", "first_seen_utc": "2026-01-04T05:47:37Z", "last_seen_utc": "2026-01-11T15:53:42Z", "destination": "PLGDN", "eta": "{'Day': 10, 'Hour': 18, 'Minute': 0, 'Month': 1}", "display": "", "links": "<a href=\"https://www.vesselfinder.com/vessels?name=9474383\" target=\"_blank\" rel=\"noopener\">VesselFinder</a> | <a href=\"https://www.marinetraffic.com/en/ais/search/all?keyword=9474383\" target=\"_blank\" rel=\"noopener\">MarineTraffic</a>", "vf_url": "https://www.vesselfinder.com/vessels?name=9474383", "mst_url": "https://www.marinetraffic.com/en/ais/search/all?keyword=9474383", "method": "v3_2pass_track3d_fromru10d", "ru_seen_in_lookback": true, "in_monitor_on_day": true}}, {"type": "Feature", "geometry": {"type": "Point", "coordinates": [18.915415, 54.50663333333333]}, "properties": {"label": "NORDIC ISTRIA", "mmsi": "255806452", "imo": "9474383", "name": "NORDIC ISTRIA", "shiptype": "", "first_seen_utc": "2026-01-04T05:47:37Z", "last_seen_utc": "2026-01-11T15:53:42Z", "destination": "PLGDN", "eta": "{'Day': 10, 'Hour': 18, 'Minute': 0, 'Month': 1}", "display": "NORDIC ISTRIA (255806452)", "links": "<a href=\"https://www.vesselfinder.com/vessels?name=9474383\" target=\"_blank\" rel=\"noopener\">VesselFinder</a> | <a href=\"https://www.marinetraffic.com/en/ais/search/all?keyword=9474383\" target=\"_blank\" rel=\"noopener\">MarineTraffic</a>", "vf_url": "https://www.vesselfinder.com/vessels?name=9474383", "mst_url": "https://www.marinetraffic.com/en/ais/search/all?keyword=9474383", "method": "v3_2pass_track3d_fromru10d", "ru_seen_in_lookback": true, "in_monitor_on_day": true}}, {"type": "Feature", "geometry": {"type": "LineString", "coordinates": [[2.2250216666666662, 51.649135], [2.1241966666666667, 51.57654166666667], [2.0250533333333336, 51.50396333333333], [1.9266983333333334, 51.43165833333333], [1.8384783333333334, 51.358075], [1.78855, 51.279250000000005], [1.7322549999999999, 51.2108], [1.640355, 51.165205], [1.5561833333333333, 51.12164], [1.4778200000000001, 51.078918333333334], [1.4038416666666669, 51.03744833333334], [-0.27552, 50.47092333333333], [-0.3665483333333333, 50.45442666666667]]}, "properties": {"label": "GREAT W", "mmsi": "636019576", "imo": "9326299", "name": "GREAT W", "shiptype": "", "first_seen_utc": "2026-01-04T07:27:37Z", "last_seen_utc": "2026-01-11T15:39:46Z", "destination": "EGPSD", "eta": "{'Day': 25, 'Hour': 10, 'Minute': 0, 'Month': 1}", "display": "", "links": "<a href=\"https://www.vesselfinder.com/vessels?name=9326299\" target=\"_blank\" rel=\"noopener\">VesselFinder</a> | <a href=\"https://www.marinetraffic.com/en/ais/search/all?keyword=9326299\" target=\"_blank\" rel=\"noopener\">MarineTraffic</a>", "vf_url": "https://www.vesselfinder.com/vessels?name=9326299", "mst_url": "https://www.marinetraffic.com/en/ais/search/all?keyword=9326299", "method": "v3_2pass_track3d_fromru10d", "ru_seen_in_lookback": true, "in_monitor_on_day": true}}, {"type": "Feature", "geometry": {"type": "Point", "coordinates": [-0.3665483333333333, 50.45442666666667]}, "properties": {"label": "GREAT W", "mmsi": "636019576", "imo": "9326299", "name": "GREAT W", "shiptype": "", "first_seen_utc": "2026-01-04T07:27:37Z", "last_seen_utc": "2026-01-11T15:39:46Z", "destination": "EGPSD", "eta": "{'Day': 25, 'Hour': 10, 'Minute': 0, 'Month': 1}", "display": "GREAT W (636019576)", "links": "<a href=\"https://www.vesselfinder.com/vessels?name=9326299\" target=\"_blank\" rel=\"noopener\">VesselFinder</a> | <a href=\"https://www.marinetraffic.com/en/ais/search/all?keyword=9326299\" target=\"_blank\" rel=\"noopener\">MarineTraffic</a>", "vf_url": "https://www.vesselfinder.com/vessels?name=9326299", "mst_url": "https://www.marinetraffic.com/en/ais/search/all?keyword=9326299", "method": "v3_2pass_track3d_fromru10d", "ru_seen_in_lookback": true, "in_monitor_on_day": true}}, {"type": "Feature", "geometry": {"type": "LineString", "coordinates": [[12.802781666666668, 55.28497166666667], [12.694031666666666, 55.373241666666665], [12.713586666666666, 55.469498333333334], [12.768835, 55.53611333333333], [12.875151666666666, 55.606285], [12.917705000000002, 55.68449333333333], [12.801586666666667, 55.791711666666664], [12.746725, 55.90675833333333], [12.676151666666668, 56.020535], [12.54085, 56.12059166666666], [10.420269999999999, 57.84424333333333], [10.153455000000001, 57.844609999999996], [9.83299, 57.843125], [9.66669, 57.84835666666667], [9.502880000000001, 57.798033333333336], [9.04852, 57.646245], [8.866505, 57.580468333333336], [8.707303333333334, 57.52280333333333], [8.53153, 57.46000166666667], [8.249843333333333, 57.298768333333335], [3.4572933333333333, 53.30081499999999], [3.170603333333333, 52.830506666666665], [2.6230666666666664, 51.97589166666667], [2.051041666666667, 51.53545833333333], [1.91287, 51.44381], [1.82654, 51.340475], [1.761425, 51.233225], [1.646245, 51.15562166666667], [1.5148866666666665, 51.09252], [-0.48706333333333335, 50.50486333333333], [-0.6114983333333334, 50.49599833333333], [-0.7276533333333333, 50.48826833333333], [-0.8517533333333334, 50.47577666666667], [-0.9774983333333334, 50.46129166666666]]}, "properties": {"label": "EDDYSTONE", "mmsi": "235507000", "imo": "9234070", "name": "EDDYSTONE", "shiptype": "", "first_seen_utc": "2026-01-04T11:32:15Z", "last_seen_utc": "2026-01-11T14:53:50Z", "destination": "GB SOU", "eta": "{'Day': 12, 'Hour': 4, 'Minute': 30, 'Month': 1}", "display": "", "links": "<a href=\"https://www.vesselfinder.com/vessels?name=9234070\" target=\"_blank\" rel=\"noopener\">VesselFinder</a> | <a href=\"https://www.marinetraffic.com/en/ais/search/all?keyword=9234070\" target=\"_blank\" rel=\"noopener\">MarineTraffic</a>", "vf_url": "https://www.vesselfinder.com/vessels?name=9234070", "mst_url": "https://www.marinetraffic.com/en/ais/search/all?keyword=9234070", "method": "v3_2pass_track3d_fromru10d", "ru_seen_in_lookback": true, "in_monitor_on_day": true}}, {"type": "Feature", "geometry": {"type": "Point", "coordinates": [-0.9774983333333334, 50.46129166666666]}, "properties": {"label": "EDDYSTONE", "mmsi": "235507000", "imo": "9234070", "name": "EDDYSTONE", "shiptype": "", "first_seen_utc": "2026-01-04T11:32:15Z", "last_seen_utc": "2026-01-11T14:53:50Z", "destination": "GB SOU", "eta": "{'Day': 12, 'Hour': 4, 'Minute': 30, 'Month': 1}", "display": "EDDYSTONE (235507000)", "links": "<a href=\"https://www.vesselfinder.com/vessels?name=9234070\" target=\"_blank\" rel=\"noopener\">VesselFinder</a> | <a href=\"https://www.marinetraffic.com/en/ais/search/all?keyword=9234070\" target=\"_blank\" rel=\"noopener\">MarineTraffic</a>", "vf_url": "https://www.vesselfinder.com/vessels?name=9234070", "mst_url": "https://www.marinetraffic.com/en/ais/search/all?keyword=9234070", "method": "v3_2pass_track3d_fromru10d", "ru_seen_in_lookback": true, "in_monitor_on_day": true}}, {"type": "Feature", "geometry": {"type": "LineString", "coordinates": [[18.711633333333335, 54.39226166666666], [18.711650000000002, 54.39225833333333], [18.71166, 54.39227], [18.711636666666667, 54.39225], [18.71162, 54.39221333333333], [18.711623333333332, 54.39226], [18.711626666666668, 54.39225666666667], [18.71163, 54.392266666666664], [18.711650000000002, 54.392273333333335], [18.711648333333336, 54.39225166666667], [18.71164333333333, 54.39227166666667], [18.71162, 54.392264999999995], [18.71162, 54.392246666666665], [18.711618333333334, 54.392248333333335], [18.711623333333332, 54.39227666666667], [18.770788333333332, 54.407493333333335], [18.91259, 54.454951666666666], [18.778366666666667, 54.516965], [18.672105, 54.44647], [18.661216666666668, 54.40864166666667], [18.670158333333333, 54.39059333333333], [18.666451666666667, 54.38657], [18.666451666666667, 54.38654666666666], [18.666441666666667, 54.38655833333333], [18.666459999999997, 54.38659166666666], [18.666473333333332, 54.38657166666667], [18.666459999999997, 54.38655333333334], [18.66648, 54.38658], [18.666438333333335, 54.386581666666665], [18.666453333333333, 54.38657666666666], [18.666446666666666, 54.386575], [18.666485, 54.386563333333335], [18.666468333333334, 54.38655666666667], [18.666495, 54.38657333333333], [18.66645833333333, 54.38654833333333], [18.666463333333336, 54.38655666666667], [18.666448333333335, 54.386555], [18.666475, 54.38656666666667], [18.666456666666665, 54.38657], [18.666435, 54.38656], [18.666459999999997, 54.38658833333333], [18.66646666666667, 54.386565000000004], [18.666459999999997, 54.38657666666666], [18.666448333333335, 54.386586666666666], [18.666453333333333, 54.38657833333333], [18.666455, 54.386565000000004], [18.666461666666667, 54.386565000000004], [18.66645833333333, 54.38657333333333], [18.66646666666667, 54.38657166666667], [18.66644, 54.38657333333333], [18.66647, 54.386583333333334], [18.666453333333333, 54.38654666666666], [18.666456666666665, 54.38656666666667], [18.666456666666665, 54.38655166666667], [18.666446666666666, 54.38655000000001], [18.666465000000002, 54.386583333333334], [18.666461666666667, 54.386555], [18.666453333333333, 54.38657666666666], [18.666435, 54.38655833333333], [18.666441666666667, 54.38656833333334], [18.66647, 54.38656], [18.666453333333333, 54.38655666666667], [18.66645, 54.386541666666666], [18.666448333333335, 54.386583333333334], [18.666448333333335, 54.38654666666666], [18.666455, 54.38656666666667], [18.666448333333335, 54.386538333333334], [18.666491666666666, 54.386545], [18.666475, 54.386575], [18.666465000000002, 54.386575], [18.666453333333333, 54.38657], [18.666433333333334, 54.386565000000004], [18.666445, 54.38657833333333], [18.666436666666666, 54.386561666666665], [18.666465000000002, 54.386583333333334], [18.66642166666667, 54.386586666666666], [18.666456666666665, 54.38657], [18.66645, 54.386523333333336], [18.666448333333335, 54.38657333333333], [18.666436666666666, 54.38656666666667], [18.666436666666666, 54.38655166666667], [18.666443333333333, 54.38656], [18.666456666666665, 54.386563333333335], [18.666478333333334, 54.38654833333333], [18.666463333333336, 54.38656833333334], [18.666448333333335, 54.38657333333333], [18.666456666666665, 54.38657166666667], [18.666443333333333, 54.38655666666667], [18.666463333333336, 54.38653333333333], [18.666461666666667, 54.38656833333334], [18.666465000000002, 54.38655000000001], [18.666476666666664, 54.386538333333334], [18.66645833333333, 54.38654], [18.666463333333336, 54.38656833333334], [18.666443333333333, 54.38655000000001], [18.66645, 54.38655000000001], [18.66644, 54.38656666666667], [18.66645833333333, 54.38654833333333], [18.666465000000002, 54.38655666666667], [18.66647, 54.38653166666666], [18.666445, 54.386545], [18.666436666666666, 54.38655833333333], [18.666453333333333, 54.38656833333334], [18.666456666666665, 54.38655166666667], [18.66645, 54.386585], [18.666461666666667, 54.38656], [18.666448333333335, 54.38656], [18.666425, 54.386561666666665], [18.666433333333334, 54.38656], [18.66643, 54.38659833333334], [18.66643, 54.38656666666667], [18.666438333333335, 54.38657166666667], [18.666446666666666, 54.38655833333333], [18.666451666666667, 54.38655333333334], [18.666453333333333, 54.38655666666667], [18.666445, 54.38655166666667], [18.66646666666667, 54.386585], [18.666428333333332, 54.38656833333334], [18.666453333333333, 54.38655666666667], [18.666456666666665, 54.386561666666665], [18.666461666666667, 54.38655833333333], [18.666453333333333, 54.38656]]}, "properties": {"label": "ROSTRUM HEDONIST", "mmsi": "636093240", "imo": "9955894", "name": "ROSTRUM HEDONIST", "shiptype": "", "first_seen_utc": "2026-01-04T11:35:19Z", "last_seen_utc": "2026-01-11T15:41:55Z", "destination": "FOR ORDERS", "eta": "{'Day': 12, 'Hour': 12, 'Minute': 0, 'Month': 1}", "display": "", "links": "<a href=\"https://www.vesselfinder.com/vessels?name=9955894\" target=\"_blank\" rel=\"noopener\">VesselFinder</a> | <a href=\"https://www.marinetraffic.com/en/ais/search/all?keyword=9955894\" target=\"_blank\" rel=\"noopener\">MarineTraffic</a>", "vf_url": "https://www.vesselfinder.com/vessels?name=9955894", "mst_url": "https://www.marinetraffic.com/en/ais/search/all?keyword=9955894", "method": "v3_2pass_track3d_fromru10d", "ru_seen_in_lookback": true, "in_monitor_on_day": true}}, {"type": "Feature", "geometry": {"type": "Point", "coordinates": [18.666453333333333, 54.38656]}, "properties": {"label": "ROSTRUM HEDONIST", "mmsi": "636093240", "imo": "9955894", "name": "ROSTRUM HEDONIST", "shiptype": "", "first_seen_utc": "2026-01-04T11:35:19Z", "last_seen_utc": "2026-01-11T15:41:55Z", "destination": "FOR ORDERS", "eta": "{'Day': 12, 'Hour': 12, 'Minute': 0, 'Month': 1}", "display": "ROSTRUM HEDONIST (636093240)", "links": "<a href=\"https://www.vesselfinder.com/vessels?name=9955894\" target=\"_blank\" rel=\"noopener\">VesselFinder</a> | <a href=\"https://www.marinetraffic.com/en/ais/search/all?keyword=9955894\" target=\"_blank\" rel=\"noopener\">MarineTraffic</a>", "vf_url": "https://www.vesselfinder.com/vessels?name=9955894", "mst_url": "https://www.marinetraffic.com/en/ais/search/all?keyword=9955894", "method": "v3_2pass_track3d_fromru10d", "ru_seen_in_lookback": true, "in_monitor_on_day": true}}, {"type": "Feature", "geometry": {"type": "LineString", "coordinates": [[2.581065, 51.888758333333335], [2.50482, 51.808655], [2.4007516666666664, 51.73369666666667], [2.118463333333333, 51.54856333333333], [2.027635, 51.48777833333334], [1.9441249999999999, 51.42060333333333], [1.8793883333333334, 51.34449166666666], [1.8095133333333335, 51.26744333333333], [1.7171783333333333, 51.192415], [1.6076933333333334, 51.12421666666667], [1.4912383333333332, 51.05211166666666], [1.3790200000000001, 50.96833], [-0.08171666666666666, 50.48573333333333], [-0.23309, 50.457665], [-0.38411, 50.42953333333333], [-0.5432583333333334, 50.40489], [-0.70308, 50.37890166666667], [-0.91127, 50.34330166666667], [-1.0735383333333333, 50.314656666666664]]}, "properties": {"label": "HYM ATHENS", "mmsi": "538007174", "imo": "9443009", "name": "HYM ATHENS", "shiptype": "", "first_seen_utc": "2026-01-04T11:56:33Z", "last_seen_utc": "2026-01-11T08:01:55Z", "destination": "ALGECIRAS SPAIN", "eta": "{'Day': 15, 'Hour': 12, 'Minute': 5, 'Month': 1}", "display": "", "links": "<a href=\"https://www.vesselfinder.com/vessels?name=9443009\" target=\"_blank\" rel=\"noopener\">VesselFinder</a> | <a href=\"https://www.marinetraffic.com/en/ais/search/all?keyword=9443009\" target=\"_blank\" rel=\"noopener\">MarineTraffic</a>", "vf_url": "https://www.vesselfinder.com/vessels?name=9443009", "mst_url": "https://www.marinetraffic.com/en/ais/search/all?keyword=9443009", "method": "v3_2pass_track3d_fromru10d", "ru_seen_in_lookback": true, "in_monitor_on_day": true}}, {"type": "Feature", "geometry": {"type": "Point", "coordinates": [-1.0735383333333333, 50.314656666666664]}, "properties": {"label": "HYM ATHENS", "mmsi": "538007174", "imo": "9443009", "name": "HYM ATHENS", "shiptype": "", "first_seen_utc": "2026-01-04T11:56:33Z", "last_seen_utc": "2026-01-11T08:01:55Z", "destination": "ALGECIRAS SPAIN", "eta": "{'Day': 15, 'Hour': 12, 'Minute': 5, 'Month': 1}", "display": "HYM ATHENS (538007174)", "links": "<a href=\"https://www.vesselfinder.com/vessels?name=9443009\" target=\"_blank\" rel=\"noopener\">VesselFinder</a> | <a href=\"https://www.marinetraffic.com/en/ais/search/all?keyword=9443009\" target=\"_blank\" rel=\"noopener\">MarineTraffic</a>", "vf_url": "https://www.vesselfinder.com/vessels?name=9443009", "mst_url": "https://www.marinetraffic.com/en/ais/search/all?keyword=9443009", "method": "v3_2pass_track3d_fromru10d", "ru_seen_in_lookback": true, "in_monitor_on_day": true}}, {"type": "Feature", "geometry": {"type": "LineString", "coordinates": [[10.996551666666667, 55.064123333333335], [11.01969, 55.16495333333333], [11.092514999999999, 55.24259166666666], [10.829421666666667, 55.57532166666667], [10.787759999999999, 55.67494833333333], [10.818758333333333, 55.775305], [10.494308333333333, 57.84174666666667], [10.18295, 57.835503333333335], [9.955106666666667, 57.824045], [9.607175000000002, 57.808593333333334], [8.948363333333333, 57.594375], [8.773445, 57.536188333333335], [8.593528333333333, 57.47694], [8.227131666666667, 57.35189833333333], [8.057095, 57.28505833333334], [3.2451266666666667, 52.90333], [3.1240566666666667, 52.75859333333334], [3.0383349999999996, 52.65484166666667], [2.9625416666666666, 52.563311666666664], [2.63459, 52.171105], [2.136461666666667, 51.587985], [2.0239866666666666, 51.50500666666667], [1.928445, 51.42588833333333], [1.856645, 51.34252], [1.7938699999999999, 51.26381166666667], [1.7170083333333332, 51.199086666666666]]}, "properties": {"label": "SAGA", "mmsi": "248964000", "imo": "9528031", "name": "SAGA", "shiptype": "", "first_seen_utc": "2026-01-04T13:51:51Z", "last_seen_utc": "2026-01-11T15:44:11Z", "destination": "ITTRS", "eta": "{'Day': 22, 'Hour': 1, 'Minute': 0, 'Month': 1}", "display": "", "links": "<a href=\"https://www.vesselfinder.com/vessels?name=9528031\" target=\"_blank\" rel=\"noopener\">VesselFinder</a> | <a href=\"https://www.marinetraffic.com/en/ais/search/all?keyword=9528031\" target=\"_blank\" rel=\"noopener\">MarineTraffic</a>", "vf_url": "https://www.vesselfinder.com/vessels?name=9528031", "mst_url": "https://www.marinetraffic.com/en/ais/search/all?keyword=9528031", "method": "v3_2pass_track3d_fromru10d", "ru_seen_in_lookback": true, "in_monitor_on_day": true}}, {"type": "Feature", "geometry": {"type": "Point", "coordinates": [1.7170083333333332, 51.199086666666666]}, "properties": {"label": "SAGA", "mmsi": "248964000", "imo": "9528031", "name": "SAGA", "shiptype": "", "first_seen_utc": "2026-01-04T13:51:51Z", "last_seen_utc": "2026-01-11T15:44:11Z", "destination": "ITTRS", "eta": "{'Day': 22, 'Hour': 1, 'Minute': 0, 'Month': 1}", "display": "SAGA (248964000)", "links": "<a href=\"https://www.vesselfinder.com/vessels?name=9528031\" target=\"_blank\" rel=\"noopener\">VesselFinder</a> | <a href=\"https://www.marinetraffic.com/en/ais/search/all?keyword=9528031\" target=\"_blank\" rel=\"noopener\">MarineTraffic</a>", "vf_url": "https://www.vesselfinder.com/vessels?name=9528031", "mst_url": "https://www.marinetraffic.com/en/ais/search/all?keyword=9528031", "method": "v3_2pass_track3d_fromru10d", "ru_seen_in_lookback": true, "in_monitor_on_day": true}}, {"type": "Feature", "geometry": {"type": "LineString", "coordinates": [[15.260271666666666, 55.616051666666664], [15.104328333333333, 55.57953], [14.960963333333332, 55.538898333333336], [14.806118333333334, 55.496584999999996], [14.659078333333333, 55.454728333333335], [14.539778333333334, 55.398025], [12.258939999999999, 54.588764999999995], [12.214235, 54.509098333333334], [12.164566666666667, 54.44052833333333], [12.040023333333332, 54.43305333333333], [11.914073333333333, 54.43345166666666], [11.799348333333334, 54.433436666666665], [11.701590000000001, 54.45129], [11.59044, 54.483084999999996], [11.481365, 54.51150833333334], [11.387228333333333, 54.540585], [11.292838333333332, 54.569305], [11.200656666666667, 54.593785000000004], [11.105376666666666, 54.61152166666667], [11.00865, 54.601279999999996], [10.93192, 54.62611833333334], [10.859658333333334, 54.652765], [10.795546666666667, 54.67563833333334], [10.784445, 54.737335], [10.83412, 54.817069999999994], [10.866258333333333, 54.91307833333334], [10.972943333333335, 54.98491833333333], [10.992153333333333, 55.07787166666667], [11.025323333333334, 55.16838833333334], [11.093586666666665, 55.242916666666666], [11.038028333333333, 55.338435], [10.852210000000001, 55.54557833333333], [10.789511666666668, 55.64300333333333], [10.808251666666667, 55.738165], [10.815708333333333, 55.876686666666664], [10.954171666666667, 55.922865], [10.447683333333334, 57.85156], [10.184953333333334, 57.850138333333334], [9.997998333333333, 57.850249999999996], [9.820943333333334, 57.84968333333334], [9.655813333333333, 57.83670333333334], [9.501506666666668, 57.80037166666667], [9.355791666666667, 57.74813166666667], [9.218150000000001, 57.69791333333333], [9.069858333333334, 57.64524333333333], [8.922318333333333, 57.591046666666664], [8.778606666666667, 57.539274999999996], [8.634506666666665, 57.48788833333333], [8.435528333333334, 57.41303833333333], [8.29617, 57.36288166666667], [8.143428333333334, 57.32589333333333], [8.068655, 57.255493333333334], [7.989953333333333, 57.17065], [7.92046, 57.090469999999996], [7.853213333333333, 56.993588333333335]]}, "properties": {"label": "HORIZON DREAM", "mmsi": "354056000", "imo": "9310422", "name": "HORIZON DREAM", "shiptype": "", "first_seen_utc": "2026-01-04T17:01:31Z", "last_seen_utc": "2026-01-11T13:29:46Z", "destination": "EMBA,TR", "eta": "{'Day': 26, 'Hour': 12, 'Minute': 0, 'Month': 1}", "display": "", "links": "<a href=\"https://www.vesselfinder.com/vessels?name=9310422\" target=\"_blank\" rel=\"noopener\">VesselFinder</a> | <a href=\"https://www.marinetraffic.com/en/ais/search/all?keyword=9310422\" target=\"_blank\" rel=\"noopener\">MarineTraffic</a>", "vf_url": "https://www.vesselfinder.com/vessels?name=9310422", "mst_url": "https://www.marinetraffic.com/en/ais/search/all?keyword=9310422", "method": "v3_2pass_track3d_fromru10d", "ru_seen_in_lookback": true, "in_monitor_on_day": true}}, {"type": "Feature", "geometry": {"type": "Point", "coordinates": [7.853213333333333, 56.993588333333335]}, "properties": {"label": "HORIZON DREAM", "mmsi": "354056000", "imo": "9310422", "name": "HORIZON DREAM", "shiptype": "", "first_seen_utc": "2026-01-04T17:01:31Z", "last_seen_utc": "2026-01-11T13:29:46Z", "destination": "EMBA,TR", "eta": "{'Day': 26, 'Hour': 12, 'Minute': 0, 'Month': 1}", "display": "HORIZON DREAM (354056000)", "links": "<a href=\"https://www.vesselfinder.com/vessels?name=9310422\" target=\"_blank\" rel=\"noopener\">VesselFinder</a> | <a href=\"https://www.marinetraffic.com/en/ais/search/all?keyword=9310422\" target=\"_blank\" rel=\"noopener\">MarineTraffic</a>", "vf_url": "https://www.vesselfinder.com/vessels?name=9310422", "mst_url": "https://www.marinetraffic.com/en/ais/search/all?keyword=9310422", "method": "v3_2pass_track3d_fromru10d", "ru_seen_in_lookback": true, "in_monitor_on_day": true}}, {"type": "Feature", "geometry": {"type": "LineString", "coordinates": [[15.363275, 55.62368], [15.03773, 55.55085166666667], [14.877911666666668, 55.50547166666667], [14.674703333333333, 55.453671666666665], [14.541983333333333, 55.389091666666666], [14.432513333333333, 55.314420000000005], [14.237388333333334, 55.17919], [12.243783333333333, 54.615163333333335], [12.214683333333333, 54.49972833333334], [12.096601666666666, 54.44458833333333], [11.919713333333334, 54.44331833333333], [11.743838333333334, 54.45], [11.576921666666667, 54.485800000000005], [11.415258333333332, 54.53088666666667], [11.253341666666667, 54.578608333333335], [11.054991666666666, 54.602465], [10.880373333333333, 54.644239999999996], [10.77766, 54.72123166666667], [10.834365, 54.82718333333333], [10.865371666666666, 54.905145], [10.959545, 54.971988333333336], [10.990651666666668, 55.07597833333333], [11.027246666666667, 55.17366666666667], [11.089284999999999, 55.25134], [10.853256666666665, 55.540139999999994], [10.79326, 55.60424], [10.776091666666668, 55.619791666666664], [10.777576666666667, 55.62961], [10.796646666666668, 55.716231666666665], [10.830279999999998, 55.82844166666666]]}, "properties": {"label": "MERONAS", "mmsi": "241800000", "imo": "9934905", "name": "MERONAS", "shiptype": "", "first_seen_utc": "2026-01-04T18:23:09Z", "last_seen_utc": "2026-01-11T09:57:29Z", "destination": "GHTEM", "eta": "{'Day': 27, 'Hour': 7, 'Minute': 0, 'Month': 1}", "display": "", "links": "<a href=\"https://www.vesselfinder.com/vessels?name=9934905\" target=\"_blank\" rel=\"noopener\">VesselFinder</a> | <a href=\"https://www.marinetraffic.com/en/ais/search/all?keyword=9934905\" target=\"_blank\" rel=\"noopener\">MarineTraffic</a>", "vf_url": "https://www.vesselfinder.com/vessels?name=9934905", "mst_url": "https://www.marinetraffic.com/en/ais/search/all?keyword=9934905", "method": "v3_2pass_track3d_fromru10d", "ru_seen_in_lookback": true, "in_monitor_on_day": true}}, {"type": "Feature", "geometry": {"type": "Point", "coordinates": [10.830279999999998, 55.82844166666666]}, "properties": {"label": "MERONAS", "mmsi": "241800000", "imo": "9934905", "name": "MERONAS", "shiptype": "", "first_seen_utc": "2026-01-04T18:23:09Z", "last_seen_utc": "2026-01-11T09:57:29Z", "destination": "GHTEM", "eta": "{'Day': 27, 'Hour': 7, 'Minute': 0, 'Month': 1}", "display": "MERONAS (241800000)", "links": "<a href=\"https://www.vesselfinder.com/vessels?name=9934905\" target=\"_blank\" rel=\"noopener\">VesselFinder</a> | <a href=\"https://www.marinetraffic.com/en/ais/search/all?keyword=9934905\" target=\"_blank\" rel=\"noopener\">MarineTraffic</a>", "vf_url": "https://www.vesselfinder.com/vessels?name=9934905", "mst_url": "https://www.marinetraffic.com/en/ais/search/all?keyword=9934905", "method": "v3_2pass_track3d_fromru10d", "ru_seen_in_lookback": true, "in_monitor_on_day": true}}, {"type": "Feature", "geometry": {"type": "LineString", "coordinates": [[10.82521, 55.58230833333334], [10.789240000000001, 55.685399999999994], [10.801998333333334, 55.7879], [10.83158, 55.89019333333333], [10.401986666666666, 57.84071166666667], [9.708528333333334, 57.818641666666664], [9.538264999999999, 57.78859], [9.38257, 57.73622666666667], [9.229221666666666, 57.683146666666666], [9.074996666666667, 57.627428333333334], [8.910476666666666, 57.569635], [8.748916666666666, 57.51669166666667], [8.583651666666666, 57.45788833333334], [8.411326666666666, 57.39359666666667], [8.31901, 57.311595000000004], [8.232783333333334, 57.22254], [8.141978333333334, 57.12441], [3.167926666666667, 52.81308833333333], [2.6169683333333333, 51.927488333333336], [2.17453, 51.594076666666666], [2.0706599999999997, 51.52633], [1.9796216666666666, 51.456268333333334], [1.9029333333333334, 51.378225], [1.8311983333333333, 51.29793666666667], [1.7624716666666667, 51.22092166666666], [1.6736016666666667, 51.15686], [1.5907266666666666, 51.103155], [1.5149583333333332, 51.05758166666667], [1.4439683333333333, 51.015208333333334]]}, "properties": {"label": "GOLDEN DAY", "mmsi": "538009008", "imo": "9209128", "name": "GOLDEN DAY", "shiptype": "", "first_seen_utc": "2026-01-05T00:23:04Z", "last_seen_utc": "2026-01-11T16:01:39Z", "destination": "TRISK", "eta": "{'Day': 25, 'Hour': 9, 'Minute': 0, 'Month': 1}", "display": "", "links": "<a href=\"https://www.vesselfinder.com/vessels?name=9209128\" target=\"_blank\" rel=\"noopener\">VesselFinder</a> | <a href=\"https://www.marinetraffic.com/en/ais/search/all?keyword=9209128\" target=\"_blank\" rel=\"noopener\">MarineTraffic</a>", "vf_url": "https://www.vesselfinder.com/vessels?name=9209128", "mst_url": "https://www.marinetraffic.com/en/ais/search/all?keyword=9209128", "method": "v3_2pass_track3d_fromru10d", "ru_seen_in_lookback": true, "in_monitor_on_day": true}}, {"type": "Feature", "geometry": {"type": "Point", "coordinates": [1.4439683333333333, 51.015208333333334]}, "properties": {"label": "GOLDEN DAY", "mmsi": "538009008", "imo": "9209128", "name": "GOLDEN DAY", "shiptype": "", "first_seen_utc": "2026-01-05T00:23:04Z", "last_seen_utc": "2026-01-11T16:01:39Z", "destination": "TRISK", "eta": "{'Day': 25, 'Hour': 9, 'Minute': 0, 'Month': 1}", "display": "GOLDEN DAY (538009008)", "links": "<a href=\"https://www.vesselfinder.com/vessels?name=9209128\" target=\"_blank\" rel=\"noopener\">VesselFinder</a> | <a href=\"https://www.marinetraffic.com/en/ais/search/all?keyword=9209128\" target=\"_blank\" rel=\"noopener\">MarineTraffic</a>", "vf_url": "https://www.vesselfinder.com/vessels?name=9209128", "mst_url": "https://www.marinetraffic.com/en/ais/search/all?keyword=9209128", "method": "v3_2pass_track3d_fromru10d", "ru_seen_in_lookback": true, "in_monitor_on_day": true}}, {"type": "Feature", "geometry": {"type": "LineString", "coordinates": [[3.74479, 51.36992], [3.6107283333333333, 51.43662333333334], [3.5008116666666664, 51.48074833333333], [3.39514, 51.587265], [3.3082833333333337, 51.701249999999995], [3.3140833333333335, 51.828583333333334], [3.38991, 52.008365000000005], [3.790785, 52.54134], [3.9954449999999997, 52.680245], [4.175491666666667, 52.82668833333333], [4.3243583333333335, 52.989685], [4.480693333333334, 53.15146333333333], [4.62035, 53.31630833333334], [4.744348333333334, 53.48194], [4.857938333333333, 53.64528], [4.964448333333333, 53.806355], [8.395043333333334, 57.354124999999996], [8.790655, 57.498268333333336], [9.604633333333334, 57.779965], [9.901191666666668, 57.86679], [10.322036666666666, 57.947298333333336], [12.348436666666666, 56.198055], [12.542255, 56.104675], [12.676153333333334, 55.97669333333333], [12.697361666666666, 55.826501666666665], [12.682748333333333, 55.690933333333334], [12.698456666666667, 55.60595166666667], [12.701873333333333, 55.528816666666664], [12.662208333333332, 55.40682666666667], [12.638218333333333, 55.269461666666665], [18.342108333333332, 54.92451333333334], [18.583444999999998, 54.937745], [18.764595, 54.867486666666665], [18.94536833333333, 54.769975], [18.917938333333332, 54.65134333333333], [18.799826666666668, 54.54382833333333], [18.626338333333333, 54.53483166666667], [18.537933333333335, 54.53612666666667], [18.522313333333333, 54.53263166666667], [18.522301666666667, 54.53263333333334], [18.522301666666667, 54.53263166666667], [18.522308333333335, 54.53263333333334], [18.522305, 54.53263333333334], [18.52231, 54.53263333333334], [18.522313333333333, 54.532630000000005], [18.522325000000002, 54.53262666666667], [18.522328333333334, 54.532621666666664], [18.522328333333334, 54.532623333333326], [18.523413333333334, 54.532725], [18.640498333333333, 54.53333333333333], [18.879475, 54.57915666666667], [18.999385, 54.70851833333334], [19.038061666666668, 54.846675]]}, "properties": {"label": "FINNECO 1", "mmsi": "230694000", "imo": "9856830", "name": "FINNECO 1", "shiptype": "", "first_seen_utc": "2026-01-05T00:25:58Z", "last_seen_utc": "2026-01-11T14:39:26Z", "destination": "FIHEL", "eta": "{'Day': 12, 'Hour': 13, 'Minute': 0, 'Month': 1}", "display": "", "links": "<a href=\"https://www.vesselfinder.com/vessels?name=9856830\" target=\"_blank\" rel=\"noopener\">VesselFinder</a> | <a href=\"https://www.marinetraffic.com/en/ais/search/all?keyword=9856830\" target=\"_blank\" rel=\"noopener\">MarineTraffic</a>", "vf_url": "https://www.vesselfinder.com/vessels?name=9856830", "mst_url": "https://www.marinetraffic.com/en/ais/search/all?keyword=9856830", "method": "v3_2pass_track3d_fromru10d", "ru_seen_in_lookback": true, "in_monitor_on_day": true}}, {"type": "Feature", "geometry": {"type": "Point", "coordinates": [19.038061666666668, 54.846675]}, "properties": {"label": "FINNECO 1", "mmsi": "230694000", "imo": "9856830", "name": "FINNECO 1", "shiptype": "", "first_seen_utc": "2026-01-05T00:25:58Z", "last_seen_utc": "2026-01-11T14:39:26Z", "destination": "FIHEL", "eta": "{'Day': 12, 'Hour': 13, 'Minute': 0, 'Month': 1}", "display": "FINNECO 1 (230694000)", "links": "<a href=\"https://www.vesselfinder.com/vessels?name=9856830\" target=\"_blank\" rel=\"noopener\">VesselFinder</a> | <a href=\"https://www.marinetraffic.com/en/ais/search/all?keyword=9856830\" target=\"_blank\" rel=\"noopener\">MarineTraffic</a>", "vf_url": "https://www.vesselfinder.com/vessels?name=9856830", "mst_url": "https://www.marinetraffic.com/en/ais/search/all?keyword=9856830", "method": "v3_2pass_track3d_fromru10d", "ru_seen_in_lookback": true, "in_monitor_on_day": true}}, {"type": "Feature", "geometry": {"type": "LineString", "coordinates": [[28.42053333333333, 59.689006666666664], [28.420516666666668, 59.689006666666664], [28.420523333333332, 59.689013333333335], [28.420540000000003, 59.689013333333335], [28.420543333333335, 59.689013333333335], [28.41919, 59.689186666666664], [28.42233333333333, 59.70491333333334], [28.414469999999998, 59.78270666666666], [28.456329999999998, 59.85454666666667], [15.881841666666666, 55.729670000000006]]}, "properties": {"label": "CAPE MAYA", "mmsi": "636022520", "imo": "9248526", "name": "CAPE MAYA", "shiptype": "", "first_seen_utc": "2026-01-05T05:54:57Z", "last_seen_utc": "2026-01-11T15:27:11Z", "destination": "RU ULU", "eta": "{'Day': 30, 'Hour': 3, 'Minute': 5, 'Month': 12}", "display": "", "links": "<a href=\"https://www.vesselfinder.com/vessels?name=9248526\" target=\"_blank\" rel=\"noopener\">VesselFinder</a> | <a href=\"https://www.marinetraffic.com/en/ais/search/all?keyword=9248526\" target=\"_blank\" rel=\"noopener\">MarineTraffic</a>", "vf_url": "https://www.vesselfinder.com/vessels?name=9248526", "mst_url": "https://www.marinetraffic.com/en/ais/search/all?keyword=9248526", "method": "v3_2pass_track3d_fromru10d", "ru_seen_in_lookback": true, "in_monitor_on_day": true}}, {"type": "Feature", "geometry": {"type": "Point", "coordinates": [15.881841666666666, 55.729670000000006]}, "properties": {"label": "CAPE MAYA", "mmsi": "636022520", "imo": "9248526", "name": "CAPE MAYA", "shiptype": "", "first_seen_utc": "2026-01-05T05:54:57Z", "last_seen_utc": "2026-01-11T15:27:11Z", "destination": "RU ULU", "eta": "{'Day': 30, 'Hour': 3, 'Minute': 5, 'Month': 12}", "display": "CAPE MAYA (636022520)", "links": "<a href=\"https://www.vesselfinder.com/vessels?name=9248526\" target=\"_blank\" rel=\"noopener\">VesselFinder</a> | <a href=\"https://www.marinetraffic.com/en/ais/search/all?keyword=9248526\" target=\"_blank\" rel=\"noopener\">MarineTraffic</a>", "vf_url": "https://www.vesselfinder.com/vessels?name=9248526", "mst_url": "https://www.marinetraffic.com/en/ais/search/all?keyword=9248526", "method": "v3_2pass_track3d_fromru10d", "ru_seen_in_lookback": true, "in_monitor_on_day": true}}, {"type": "Feature", "geometry": {"type": "LineString", "coordinates": [[18.665401666666664, 54.37025166666667], [18.665365, 54.37027166666667], [18.665385, 54.37026166666667], [18.66540666666667, 54.37027666666667], [18.665338333333334, 54.370265], [18.665366666666667, 54.370265], [18.66537333333333, 54.37027833333333], [18.665374999999997, 54.37027333333333], [18.665345, 54.37028333333333], [18.665378333333333, 54.370235], [18.66537333333333, 54.37028333333333], [18.665403333333334, 54.37025666666667], [18.665401666666664, 54.370250000000006], [18.66532, 54.37027833333333], [18.66536, 54.37027833333333], [18.665393333333334, 54.37027], [18.665401666666664, 54.370295000000006], [18.66536166666667, 54.37026166666667], [18.66536166666667, 54.37025666666667], [18.665333333333333, 54.37028333333333], [18.665331666666667, 54.370305], [18.665348333333334, 54.37024833333333], [18.66533666666667, 54.370255], [18.66535, 54.370241666666665], [18.665323333333333, 54.370265], [18.665380000000003, 54.370255], [18.665358333333334, 54.370266666666666], [18.665391666666668, 54.37026166666667], [18.665345, 54.37025666666667], [18.665376666666667, 54.37027666666667], [18.665391666666668, 54.37027166666667], [18.66532, 54.37027333333333], [18.665368333333333, 54.37028333333333], [18.665363333333335, 54.370250000000006], [18.66531666666667, 54.37023833333333], [18.66532833333333, 54.37024666666667], [18.665346666666668, 54.37026166666667], [18.665396666666666, 54.370241666666665], [18.665358333333334, 54.37027], [18.665371666666665, 54.37026], [18.665354999999998, 54.370266666666666], [18.665365, 54.370295000000006], [18.665435, 54.370286666666665], [18.66523833333333, 54.37033666666667], [18.66527, 54.37034666666667], [18.680268333333334, 54.4007], [18.665858333333333, 54.43104833333334], [18.683195, 54.449754999999996], [18.71706, 54.456215], [18.728955, 54.46015], [18.740276666666666, 54.463078333333335], [18.751005000000003, 54.466235], [18.75902, 54.46666333333334], [18.768446666666666, 54.466885000000005], [18.781380000000002, 54.466768333333334], [18.794005000000002, 54.46986666666667], [18.807446666666667, 54.47375], [18.824113333333333, 54.477585], [18.837381666666666, 54.47817666666666], [18.831226666666666, 54.48334666666666], [18.81604666666667, 54.483126666666664], [18.799715, 54.491123333333334], [18.793788333333335, 54.50333166666667], [18.798411666666667, 54.503161666666664], [18.76862, 54.48372333333334], [18.735746666666667, 54.46574666666667], [18.735405, 54.467855], [18.74235, 54.47231166666666], [18.74730333333333, 54.475138333333334], [18.75241, 54.47578333333333], [18.755871666666668, 54.47848], [18.762978333333333, 54.47974166666667], [18.771103333333333, 54.482144999999996], [18.768976666666667, 54.484725000000005], [18.746825, 54.470308333333335], [18.745551666666664, 54.46988833333333], [18.766638333333333, 54.48246166666667], [18.78391333333333, 54.49600833333333], [18.780213333333332, 54.487505000000006], [18.75769, 54.475296666666665], [18.740083333333335, 54.46170333333334], [18.741065, 54.469755], [18.747963333333335, 54.47328666666667], [18.752273333333335, 54.474489999999996], [18.760518333333334, 54.47965333333333], [18.771271666666667, 54.48558], [18.77495, 54.491683333333334], [18.782751666666666, 54.500115], [18.779986666666666, 54.49191166666667], [18.74342, 54.467803333333336], [18.735318333333332, 54.46421], [18.741406666666666, 54.468309999999995], [18.747374999999998, 54.46889], [18.750086666666668, 54.47162166666667], [18.758418333333335, 54.48018166666667], [18.770873333333334, 54.488365], [18.780195, 54.49646833333334], [18.791706666666666, 54.50532166666667], [18.77274, 54.48524333333333], [18.747166666666665, 54.46714166666666], [18.73804833333333, 54.465158333333335], [18.74746, 54.47141], [18.752523333333333, 54.477055], [18.756921666666663, 54.47853], [18.759171666666667, 54.48058666666667], [18.76475333333333, 54.48406], [18.772593333333337, 54.48601833333333], [18.77265, 54.487640000000006], [18.771493333333336, 54.48983], [18.7745, 54.491391666666665], [18.778458333333333, 54.491955], [18.776488333333337, 54.490408333333335], [18.77386166666667, 54.48576333333333], [18.777706666666667, 54.489866666666664], [18.781631666666666, 54.49209], [18.78547, 54.49677166666667], [18.794888333333333, 54.500573333333335], [18.802723333333333, 54.50564166666666], [18.813785, 54.50786666666667], [18.79114333333333, 54.492005], [18.778599999999997, 54.492466666666665], [18.787683333333334, 54.49868], [18.798164999999997, 54.50477166666667], [18.813778333333335, 54.513075], [18.838948333333335, 54.54239666666667], [18.879558333333332, 54.573753333333336]]}, "properties": {"label": "RADUGA ELECTRON", "mmsi": "209657000", "imo": "8207379", "name": "RADUGA ELECTRON", "shiptype": "", "first_seen_utc": "2026-01-05T11:55:48Z", "last_seen_utc": "2026-01-11T15:53:02Z", "destination": "LVLPX", "eta": "{'Day': 12, 'Hour': 12, 'Minute': 0, 'Month': 1}", "display": "", "links": "<a href=\"https://www.vesselfinder.com/vessels?name=8207379\" target=\"_blank\" rel=\"noopener\">VesselFinder</a> | <a href=\"https://www.marinetraffic.com/en/ais/search/all?keyword=8207379\" target=\"_blank\" rel=\"noopener\">MarineTraffic</a>", "vf_url": "https://www.vesselfinder.com/vessels?name=8207379", "mst_url": "https://www.marinetraffic.com/en/ais/search/all?keyword=8207379", "method": "v3_2pass_track3d_fromru10d", "ru_seen_in_lookback": true, "in_monitor_on_day": true}}, {"type": "Feature", "geometry": {"type": "Point", "coordinates": [18.879558333333332, 54.573753333333336]}, "properties": {"label": "RADUGA ELECTRON", "mmsi": "209657000", "imo": "8207379", "name": "RADUGA ELECTRON", "shiptype": "", "first_seen_utc": "2026-01-05T11:55:48Z", "last_seen_utc": "2026-01-11T15:53:02Z", "destination": "LVLPX", "eta": "{'Day': 12, 'Hour': 12, 'Minute': 0, 'Month': 1}", "display": "RADUGA ELECTRON (209657000)", "links": "<a href=\"https://www.vesselfinder.com/vessels?name=8207379\" target=\"_blank\" rel=\"noopener\">VesselFinder</a> | <a href=\"https://www.marinetraffic.com/en/ais/search/all?keyword=8207379\" target=\"_blank\" rel=\"noopener\">MarineTraffic</a>", "vf_url": "https://www.vesselfinder.com/vessels?name=8207379", "mst_url": "https://www.marinetraffic.com/en/ais/search/all?keyword=8207379", "method": "v3_2pass_track3d_fromru10d", "ru_seen_in_lookback": true, "in_monitor_on_day": true}}, {"type": "Feature", "geometry": {"type": "LineString", "coordinates": [[15.562199999999999, 55.684475], [15.393973333333333, 55.660851666666666], [15.241636666666666, 55.62938666666666], [15.095838333333335, 55.588231666666665], [14.924553333333334, 55.53726166666667], [14.742356666666666, 55.48711166666667], [14.582925, 55.43821166666667], [14.423401666666667, 55.32518833333334], [12.308241666666667, 54.62765], [12.257893333333334, 54.571555], [12.214386666666666, 54.51683333333334], [12.143083333333333, 54.443266666666666], [11.980903333333334, 54.44367166666667], [11.817083333333333, 54.44506], [11.663403333333333, 54.47347166666667], [11.51749, 54.510765], [11.369415, 54.55330166666667], [11.214951666666668, 54.59225], [11.048869999999999, 54.60485833333333], [10.895505000000002, 54.64037666666666], [10.786645, 54.71393166666667], [10.83389, 54.81239], [10.874693333333333, 54.90514333333333], [10.930638333333333, 54.95858], [10.997763333333333, 55.04671666666666], [10.994878333333332, 55.15212], [11.09999, 55.226], [11.036925, 55.32756166666666], [10.906841666666667, 55.483050000000006], [10.827670000000001, 55.57880166666666], [10.788548333333333, 55.67669166666667], [10.806538333333332, 55.779165]]}, "properties": {"label": "ALBERTA", "mmsi": "311039900", "imo": "9486922", "name": "ALBERTA", "shiptype": "", "first_seen_utc": "2026-01-05T22:38:35Z", "last_seen_utc": "2026-01-11T15:42:06Z", "destination": "EGPSD", "eta": "{'Day': 25, 'Hour': 21, 'Minute': 0, 'Month': 1}", "display": "", "links": "<a href=\"https://www.vesselfinder.com/vessels?name=9486922\" target=\"_blank\" rel=\"noopener\">VesselFinder</a> | <a href=\"https://www.marinetraffic.com/en/ais/search/all?keyword=9486922\" target=\"_blank\" rel=\"noopener\">MarineTraffic</a>", "vf_url": "https://www.vesselfinder.com/vessels?name=9486922", "mst_url": "https://www.marinetraffic.com/en/ais/search/all?keyword=9486922", "method": "v3_2pass_track3d_fromru10d", "ru_seen_in_lookback": true, "in_monitor_on_day": true}}, {"type": "Feature", "geometry": {"type": "Point", "coordinates": [10.806538333333332, 55.779165]}, "properties": {"label": "ALBERTA", "mmsi": "311039900", "imo": "9486922", "name": "ALBERTA", "shiptype": "", "first_seen_utc": "2026-01-05T22:38:35Z", "last_seen_utc": "2026-01-11T15:42:06Z", "destination": "EGPSD", "eta": "{'Day': 25, 'Hour': 21, 'Minute': 0, 'Month': 1}", "display": "ALBERTA (311039900)", "links": "<a href=\"https://www.vesselfinder.com/vessels?name=9486922\" target=\"_blank\" rel=\"noopener\">VesselFinder</a> | <a href=\"https://www.marinetraffic.com/en/ais/search/all?keyword=9486922\" target=\"_blank\" rel=\"noopener\">MarineTraffic</a>", "vf_url": "https://www.vesselfinder.com/vessels?name=9486922", "mst_url": "https://www.marinetraffic.com/en/ais/search/all?keyword=9486922", "method": "v3_2pass_track3d_fromru10d", "ru_seen_in_lookback": true, "in_monitor_on_day": true}}, {"type": "Feature", "geometry": {"type": "LineString", "coordinates": [[15.403633333333334, 55.64951666666666], [15.21535, 55.62286666666667], [15.043866666666666, 55.57273333333333], [14.878666666666668, 55.52053333333333], [14.714566666666666, 55.47493333333333], [14.532966666666665, 55.3978], [14.398416666666666, 55.301516666666664], [14.236866666666666, 55.169999999999995], [12.27275, 54.602516666666666], [12.264766666666667, 54.572516666666665], [12.232616666666667, 54.53945], [12.183683333333333, 54.44985], [12.02315, 54.44255], [11.85355, 54.44968333333334], [11.688133333333333, 54.46816666666667], [11.526733333333334, 54.50506666666667], [11.366516666666666, 54.54468333333333], [11.20145, 54.582816666666666], [11.018733333333333, 54.598866666666666], [10.863, 54.65336666666667], [10.7827, 54.73948333333333], [10.834283333333333, 54.84088333333333], [10.905116666666666, 54.945299999999996], [10.99245, 55.022466666666666], [10.992816666666666, 55.12375], [11.09635, 55.20141666666667], [11.044466666666667, 55.30571666666666], [10.864550000000001, 55.522216666666665], [10.7994, 55.62285], [10.802666666666665, 55.72703333333333], [10.799116666666666, 55.83103333333334], [10.907649999999999, 55.909416666666665], [11.266416666666666, 56.16635]]}, "properties": {"label": "KRITI VIGOR", "mmsi": "511101857", "imo": "9290397", "name": "KRITI VIGOR", "shiptype": "", "first_seen_utc": "2026-01-05T22:41:39Z", "last_seen_utc": "2026-01-11T11:56:04Z", "destination": "EG PSD", "eta": "{'Day': 26, 'Hour': 2, 'Minute': 10, 'Month': 1}", "display": "", "links": "<a href=\"https://www.vesselfinder.com/vessels?name=9290397\" target=\"_blank\" rel=\"noopener\">VesselFinder</a> | <a href=\"https://www.marinetraffic.com/en/ais/search/all?keyword=9290397\" target=\"_blank\" rel=\"noopener\">MarineTraffic</a>", "vf_url": "https://www.vesselfinder.com/vessels?name=9290397", "mst_url": "https://www.marinetraffic.com/en/ais/search/all?keyword=9290397", "method": "v3_2pass_track3d_fromru10d", "ru_seen_in_lookback": true, "in_monitor_on_day": true}}, {"type": "Feature", "geometry": {"type": "Point", "coordinates": [11.266416666666666, 56.16635]}, "properties": {"label": "KRITI VIGOR", "mmsi": "511101857", "imo": "9290397", "name": "KRITI VIGOR", "shiptype": "", "first_seen_utc": "2026-01-05T22:41:39Z", "last_seen_utc": "2026-01-11T11:56:04Z", "destination": "EG PSD", "eta": "{'Day': 26, 'Hour': 2, 'Minute': 10, 'Month': 1}", "display": "KRITI VIGOR (511101857)", "links": "<a href=\"https://www.vesselfinder.com/vessels?name=9290397\" target=\"_blank\" rel=\"noopener\">VesselFinder</a> | <a href=\"https://www.marinetraffic.com/en/ais/search/all?keyword=9290397\" target=\"_blank\" rel=\"noopener\">MarineTraffic</a>", "vf_url": "https://www.vesselfinder.com/vessels?name=9290397", "mst_url": "https://www.marinetraffic.com/en/ais/search/all?keyword=9290397", "method": "v3_2pass_track3d_fromru10d", "ru_seen_in_lookback": true, "in_monitor_on_day": true}}, {"type": "Feature", "geometry": {"type": "LineString", "coordinates": [[15.358733333333333, 55.624766666666666], [15.176216666666667, 55.60295], [15.048483333333333, 55.53143333333333], [14.921466666666667, 55.45451666666667], [14.771316666666667, 55.397749999999995], [12.260066666666667, 54.571416666666664], [12.19295, 54.46003333333333], [12.021683333333334, 54.44148333333333], [11.843416666666666, 54.445233333333334], [11.65665, 54.47238333333333], [11.4766, 54.514433333333336], [11.298916666666665, 54.5608], [11.1075, 54.59145], [10.923833333333333, 54.628299999999996], [10.776766666666667, 54.694433333333336], [10.82925, 54.797783333333335], [10.861500000000001, 54.908766666666665], [10.982533333333333, 54.991033333333334], [10.99075, 55.097049999999996], [11.06715, 55.189], [11.06275, 55.28693333333333], [10.861066666666666, 55.535133333333334], [10.788333333333332, 55.64256666666667], [10.809500000000002, 55.754733333333334], [10.815816666666667, 55.874649999999995], [10.496633333333333, 57.840799999999994], [10.281316666666667, 57.837333333333326], [10.063466666666667, 57.827533333333335], [9.84755, 57.818933333333334], [9.650316666666667, 57.80348333333333], [9.468416666666666, 57.77663333333333], [9.290249999999999, 57.73673333333333], [9.110166666666666, 57.68531666666667], [8.926383333333332, 57.62865], [8.738216666666666, 57.57121666666667], [8.550133333333333, 57.523583333333335], [8.340733333333334, 57.476800000000004], [8.161516666666666, 57.42105], [7.99015, 57.35903333333333], [7.8464, 57.28631666666667], [7.711166666666667, 57.2103], [7.622433333333333, 57.120066666666666], [7.504016666666667, 57.004533333333335]]}, "properties": {"label": "ROCK", "mmsi": "314845000", "imo": "9288356", "name": "ROCK", "shiptype": "", "first_seen_utc": "2026-01-05T22:51:55Z", "last_seen_utc": "2026-01-11T12:46:11Z", "destination": "SKAGEN", "eta": "{'Day': 11, 'Hour': 3, 'Minute': 0, 'Month': 1}", "display": "", "links": "<a href=\"https://www.vesselfinder.com/vessels?name=9288356\" target=\"_blank\" rel=\"noopener\">VesselFinder</a> | <a href=\"https://www.marinetraffic.com/en/ais/search/all?keyword=9288356\" target=\"_blank\" rel=\"noopener\">MarineTraffic</a>", "vf_url": "https://www.vesselfinder.com/vessels?name=9288356", "mst_url": "https://www.marinetraffic.com/en/ais/search/all?keyword=9288356", "method": "v3_2pass_track3d_fromru10d", "ru_seen_in_lookback": true, "in_monitor_on_day": true}}, {"type": "Feature", "geometry": {"type": "Point", "coordinates": [7.504016666666667, 57.004533333333335]}, "properties": {"label": "ROCK", "mmsi": "314845000", "imo": "9288356", "name": "ROCK", "shiptype": "", "first_seen_utc": "2026-01-05T22:51:55Z", "last_seen_utc": "2026-01-11T12:46:11Z", "destination": "SKAGEN", "eta": "{'Day': 11, 'Hour': 3, 'Minute': 0, 'Month': 1}", "display": "ROCK (314845000)", "links": "<a href=\"https://www.vesselfinder.com/vessels?name=9288356\" target=\"_blank\" rel=\"noopener\">VesselFinder</a> | <a href=\"https://www.marinetraffic.com/en/ais/search/all?keyword=9288356\" target=\"_blank\" rel=\"noopener\">MarineTraffic</a>", "vf_url": "https://www.vesselfinder.com/vessels?name=9288356", "mst_url": "https://www.marinetraffic.com/en/ais/search/all?keyword=9288356", "method": "v3_2pass_track3d_fromru10d", "ru_seen_in_lookback": true, "in_monitor_on_day": true}}, {"type": "Feature", "geometry": {"type": "LineString", "coordinates": [[18.555355000000002, 54.52216833333333], [18.555321666666668, 54.522169999999996], [18.555331666666667, 54.522151666666666], [18.555316666666666, 54.522146666666664], [18.55530666666667, 54.522153333333335], [18.555321666666668, 54.522155], [18.555333333333333, 54.522165], [18.555326666666666, 54.52216], [18.555325, 54.52216833333333], [18.555325, 54.522153333333335], [18.555358333333334, 54.52215833333333], [18.555338333333335, 54.522148333333334], [18.55533, 54.52216], [18.555316666666666, 54.52216333333333], [18.555318333333332, 54.52214], [18.555321666666668, 54.522148333333334], [18.55532, 54.522153333333335], [18.55533, 54.522155], [18.555328333333332, 54.52215666666667], [18.555335, 54.52216], [18.555321666666668, 54.52214166666667], [18.555331666666667, 54.522153333333335], [18.555318333333332, 54.52216333333333], [18.55533666666667, 54.52215833333333], [18.555325, 54.522151666666666], [18.555343333333333, 54.52218333333334], [18.55533, 54.522165], [18.55532, 54.522145], [18.555318333333332, 54.522165], [18.55533666666667, 54.52215833333333], [18.555308333333336, 54.522155], [18.555335, 54.522155], [18.555335, 54.52215], [18.555325, 54.52215], [18.55532, 54.522151666666666], [18.555326666666666, 54.52216333333333], [18.555353333333336, 54.52214166666667], [18.55534, 54.52215], [18.555331666666667, 54.522146666666664], [18.555326666666666, 54.52216166666666], [18.555343333333333, 54.52216], [18.555323333333334, 54.522171666666665], [18.55533, 54.522171666666665], [18.555318333333332, 54.52215], [18.555341666666667, 54.52216333333333], [18.555338333333335, 54.52216], [18.55534, 54.52215833333333], [18.555335, 54.522166666666664], [18.555328333333332, 54.52215833333333], [18.555341666666667, 54.522155], [18.55533666666667, 54.522153333333335], [18.55533, 54.522145], [18.55533666666667, 54.52215], [18.555325, 54.52215833333333], [18.555315, 54.522145], [18.555321666666668, 54.52215], [18.555335, 54.52215666666667], [18.555316666666666, 54.52215833333333], [18.55530666666667, 54.522153333333335], [18.555313333333334, 54.52215], [18.555316666666666, 54.52213666666667], [18.555310000000002, 54.52214333333333], [18.555335, 54.522153333333335], [18.555331666666667, 54.522148333333334], [18.555363333333332, 54.52214], [18.55533666666667, 54.52215], [18.555325, 54.52215], [18.555335, 54.522151666666666], [18.55534833333333, 54.52216333333333], [18.555335, 54.522153333333335], [18.555328333333332, 54.522145], [18.555338333333335, 54.52218333333334], [18.55532, 54.52217333333333], [18.555321666666668, 54.522166666666664], [18.555331666666667, 54.522153333333335], [18.55532, 54.522171666666665], [18.555308333333336, 54.522153333333335], [18.555333333333333, 54.52215], [18.555310000000002, 54.52216], [18.555328333333332, 54.522153333333335], [18.555335, 54.522165], [18.555351666666663, 54.522151666666666], [18.55533666666667, 54.522146666666664], [18.555343333333333, 54.52215], [18.555331666666667, 54.522145], [18.555321666666668, 54.52215833333333], [18.555321666666668, 54.52215], [18.555333333333333, 54.522155], [18.5553, 54.52213], [18.555341666666667, 54.52212833333333], [18.555325, 54.52213833333334], [18.555335, 54.522145], [18.555343333333333, 54.522151666666666], [18.555321666666668, 54.52214166666667], [18.555338333333335, 54.522151666666666], [18.55534, 54.522146666666664], [18.55534833333333, 54.522153333333335], [18.555331666666667, 54.522155], [18.555353333333336, 54.522151666666666], [18.555311666666668, 54.522151666666666], [18.555335, 54.52214], [18.555341666666667, 54.522151666666666], [18.555315, 54.522151666666666], [18.555304999999997, 54.52215833333333], [18.555301666666665, 54.52216], [18.555313333333334, 54.52215833333333], [18.555318333333332, 54.522153333333335], [18.555323333333334, 54.52215666666667], [18.555301666666665, 54.52216166666666], [18.555311666666668, 54.52218333333334], [18.555335, 54.52215], [18.555328333333332, 54.52212833333333], [18.555338333333335, 54.52215], [18.55534833333333, 54.522155], [18.555343333333333, 54.522169999999996], [18.555313333333334, 54.52220166666667], [18.555321666666668, 54.52218333333334], [18.55533, 54.52216], [18.55532, 54.52216333333333], [18.555341666666667, 54.52216], [18.555341666666667, 54.52216]]}, "properties": {"label": "ORKA WLA-139", "mmsi": "261497000", "imo": "7905211", "name": "ORKA WLA-139", "shiptype": "", "first_seen_utc": "2026-01-06T00:04:12Z", "last_seen_utc": "2026-01-11T15:56:11Z", "destination": "CPA 0.3NM AFT", "eta": "{'Day': 0, 'Hour': 24, 'Minute': 60, 'Month': 0}", "display": "", "links": "<a href=\"https://www.vesselfinder.com/vessels?name=7905211\" target=\"_blank\" rel=\"noopener\">VesselFinder</a> | <a href=\"https://www.marinetraffic.com/en/ais/search/all?keyword=7905211\" target=\"_blank\" rel=\"noopener\">MarineTraffic</a>", "vf_url": "https://www.vesselfinder.com/vessels?name=7905211", "mst_url": "https://www.marinetraffic.com/en/ais/search/all?keyword=7905211", "method": "v3_2pass_track3d_fromru10d", "ru_seen_in_lookback": true, "in_monitor_on_day": true}}, {"type": "Feature", "geometry": {"type": "Point", "coordinates": [18.555341666666667, 54.52216]}, "properties": {"label": "ORKA WLA-139", "mmsi": "261497000", "imo": "7905211", "name": "ORKA WLA-139", "shiptype": "", "first_seen_utc": "2026-01-06T00:04:12Z", "last_seen_utc": "2026-01-11T15:56:11Z", "destination": "CPA 0.3NM AFT", "eta": "{'Day': 0, 'Hour': 24, 'Minute': 60, 'Month': 0}", "display": "ORKA WLA-139 (261497000)", "links": "<a href=\"https://www.vesselfinder.com/vessels?name=7905211\" target=\"_blank\" rel=\"noopener\">VesselFinder</a> | <a href=\"https://www.marinetraffic.com/en/ais/search/all?keyword=7905211\" target=\"_blank\" rel=\"noopener\">MarineTraffic</a>", "vf_url": "https://www.vesselfinder.com/vessels?name=7905211", "mst_url": "https://www.marinetraffic.com/en/ais/search/all?keyword=7905211", "method": "v3_2pass_track3d_fromru10d", "ru_seen_in_lookback": true, "in_monitor_on_day": true}}, {"type": "Feature", "geometry": {"type": "LineString", "coordinates": [[15.371176666666665, 55.64801166666667], [15.206731666666666, 55.611133333333335], [14.959128333333332, 55.540373333333335], [14.802525000000001, 55.50105833333334], [12.256451666666667, 54.621986666666665], [12.236928333333333, 54.54915166666667], [12.184835, 54.45229500000001], [12.009155, 54.44246333333333], [11.830696666666666, 54.44566833333333], [11.654856666666666, 54.47428333333333], [11.48743, 54.51629333333334], [11.321676666666667, 54.56064833333333], [11.1443, 54.590900000000005], [10.956111666666667, 54.618925], [10.79503, 54.676894999999995], [10.813903333333334, 54.775515000000006], [10.839591666666667, 54.87574166666666], [10.871343333333334, 54.929608333333334], [10.984726666666667, 55.000128333333336], [10.990039999999999, 55.105275], [11.074825, 55.19143833333333], [11.060561666666667, 55.285714999999996], [10.853606666666668, 55.53980833333333], [10.783441666666667, 55.64472166666667], [10.809428333333333, 55.75443333333333], [10.49197, 57.857616666666665], [10.295378333333334, 57.85039166666666], [10.100211666666667, 57.84801166666667], [9.913810000000002, 57.85552833333334], [9.727091666666666, 57.85517166666667]]}, "properties": {"label": "STAR OCEAN", "mmsi": "311001561", "imo": "1016484", "name": "STAR OCEAN", "shiptype": "", "first_seen_utc": "2026-01-06T05:12:01Z", "last_seen_utc": "2026-01-11T15:54:59Z", "destination": "LAS PALMAS", "eta": "{'Day': 10, 'Hour': 17, 'Minute': 35, 'Month': 1}", "display": "", "links": "<a href=\"https://www.vesselfinder.com/vessels?name=1016484\" target=\"_blank\" rel=\"noopener\">VesselFinder</a> | <a href=\"https://www.marinetraffic.com/en/ais/search/all?keyword=1016484\" target=\"_blank\" rel=\"noopener\">MarineTraffic</a>", "vf_url": "https://www.vesselfinder.com/vessels?name=1016484", "mst_url": "https://www.marinetraffic.com/en/ais/search/all?keyword=1016484", "method": "v3_2pass_track3d_fromru10d", "ru_seen_in_lookback": true, "in_monitor_on_day": true}}, {"type": "Feature", "geometry": {"type": "Point", "coordinates": [9.727091666666666, 57.85517166666667]}, "properties": {"label": "STAR OCEAN", "mmsi": "311001561", "imo": "1016484", "name": "STAR OCEAN", "shiptype": "", "first_seen_utc": "2026-01-06T05:12:01Z", "last_seen_utc": "2026-01-11T15:54:59Z", "destination": "LAS PALMAS", "eta": "{'Day': 10, 'Hour': 17, 'Minute': 35, 'Month': 1}", "display": "STAR OCEAN (311001561)", "links": "<a href=\"https://www.vesselfinder.com/vessels?name=1016484\" target=\"_blank\" rel=\"noopener\">VesselFinder</a> | <a href=\"https://www.marinetraffic.com/en/ais/search/all?keyword=1016484\" target=\"_blank\" rel=\"noopener\">MarineTraffic</a>", "vf_url": "https://www.vesselfinder.com/vessels?name=1016484", "mst_url": "https://www.marinetraffic.com/en/ais/search/all?keyword=1016484", "method": "v3_2pass_track3d_fromru10d", "ru_seen_in_lookback": true, "in_monitor_on_day": true}}, {"type": "Feature", "geometry": {"type": "LineString", "coordinates": [[18.802063333333333, 54.603515], [18.802053333333333, 54.603505000000006], [18.802056666666665, 54.60349333333333], [18.80205833333333, 54.603515], [18.80208, 54.60348833333333], [18.802041666666664, 54.603501666666666], [18.802053333333333, 54.60349], [18.802065000000002, 54.603501666666666], [18.80204666666667, 54.60350666666667], [18.802056666666665, 54.603485], [18.802078333333334, 54.60349833333333], [18.802035, 54.603503333333336], [18.802033333333334, 54.603496666666665], [18.802056666666665, 54.60349833333333], [18.802043333333334, 54.60352], [18.802055, 54.603503333333336], [18.802048333333335, 54.60350666666667], [18.80205833333333, 54.603496666666665], [18.80206666666667, 54.60348666666666], [18.802075, 54.60349333333333], [18.802056666666665, 54.60349], [18.80205, 54.603500000000004], [18.802083333333332, 54.60347], [18.802038333333332, 54.60349833333333], [18.802053333333333, 54.60351166666667], [18.802063333333333, 54.60351333333333], [18.802051666666667, 54.60349833333333], [18.80206666666667, 54.60351333333333], [18.802061666666667, 54.60349166666666], [18.802055, 54.603501666666666], [18.80204666666667, 54.60349833333333], [18.802055, 54.603501666666666], [18.802065000000002, 54.603485], [18.802081666666666, 54.60349833333333], [18.802048333333335, 54.603503333333336], [18.802028333333332, 54.60348666666666], [18.802036666666666, 54.603505000000006], [18.802076666666668, 54.60348], [18.802048333333335, 54.603496666666665], [18.802068333333334, 54.603505000000006], [18.80204666666667, 54.60349166666666], [18.802053333333333, 54.60351], [18.802056666666665, 54.603505000000006], [18.802045, 54.603496666666665], [18.802056666666665, 54.60351], [18.802043333333334, 54.60350666666667], [18.80206666666667, 54.603501666666666], [18.80205, 54.603494999999995], [18.802048333333335, 54.60349833333333], [18.802063333333333, 54.603494999999995], [18.802059999999997, 54.603503333333336], [18.80207, 54.603494999999995], [18.80204666666667, 54.603503333333336], [18.80205, 54.603485], [18.802043333333334, 54.60349833333333], [18.802031666666668, 54.60349833333333], [18.802045, 54.603494999999995], [18.802053333333333, 54.60348833333333], [18.802083333333332, 54.60350666666667], [18.802038333333332, 54.603494999999995], [18.802036666666666, 54.60350666666667], [18.80203, 54.60351333333333], [18.80204666666667, 54.603505000000006], [18.802039999999998, 54.603501666666666], [18.802048333333335, 54.603500000000004], [18.80205, 54.603500000000004], [18.802063333333333, 54.60348666666666], [18.80207, 54.60348], [18.80205, 54.60348166666667], [18.802084999999998, 54.60348], [18.802088333333334, 54.60349], [18.802063333333333, 54.60350833333334], [18.80205833333333, 54.603501666666666], [18.802051666666667, 54.60351], [18.802048333333335, 54.60353333333333], [18.802041666666664, 54.603500000000004], [18.802055, 54.60351166666667], [18.802078333333334, 54.60349333333333], [18.80204666666667, 54.60351333333333], [18.802065000000002, 54.603496666666665], [18.802076666666668, 54.603505000000006], [18.802051666666667, 54.60349833333333], [18.802038333333332, 54.603496666666665], [18.802051666666667, 54.60348833333333], [18.802059999999997, 54.60349833333333], [18.802051666666667, 54.60349833333333], [18.80209166666667, 54.60349833333333], [18.802036666666666, 54.60348666666666], [18.80205, 54.60349333333333], [18.802051666666667, 54.60348333333333], [18.80201, 54.603485], [18.802073333333333, 54.603494999999995], [18.80204666666667, 54.60348833333333], [18.802081666666666, 54.603465], [18.802076666666668, 54.603471666666664], [18.802038333333332, 54.603494999999995], [18.802031666666668, 54.603494999999995], [18.802076666666668, 54.603503333333336], [18.80205833333333, 54.60348833333333], [18.802056666666665, 54.603494999999995], [18.802055, 54.603475], [18.802053333333333, 54.603476666666666], [18.802039999999998, 54.603500000000004], [18.80204666666667, 54.60349333333333], [18.802048333333335, 54.603475], [18.802076666666668, 54.603494999999995], [18.802056666666665, 54.60348166666667], [18.802041666666664, 54.60348833333333], [18.80206666666667, 54.60350666666667], [18.80205, 54.60350833333334], [18.80205833333333, 54.60352833333333], [18.802053333333333, 54.603501666666666], [18.802039999999998, 54.603500000000004], [18.802025, 54.60351333333333], [18.802045, 54.60349333333333], [18.802051666666667, 54.60348833333333], [18.802045, 54.60348166666667], [18.802086666666664, 54.603485], [18.802059999999997, 54.603503333333336], [18.802051666666667, 54.60349833333333], [18.802059999999997, 54.603496666666665], [18.802053333333333, 54.60352], [18.80205, 54.60351], [18.80205, 54.603500000000004], [18.802068333333334, 54.603501666666666], [18.80204666666667, 54.603505000000006]]}, "properties": {"label": "HEL-102", "mmsi": "261007210", "imo": "7625847", "name": "HEL-102", "shiptype": "", "first_seen_utc": "2026-01-06T05:12:16Z", "last_seen_utc": "2026-01-11T15:44:46Z", "destination": "", "eta": "{'Day': 0, 'Hour': 24, 'Minute': 60, 'Month': 0}", "display": "", "links": "<a href=\"https://www.vesselfinder.com/vessels?name=7625847\" target=\"_blank\" rel=\"noopener\">VesselFinder</a> | <a href=\"https://www.marinetraffic.com/en/ais/search/all?keyword=7625847\" target=\"_blank\" rel=\"noopener\">MarineTraffic</a>", "vf_url": "https://www.vesselfinder.com/vessels?name=7625847", "mst_url": "https://www.marinetraffic.com/en/ais/search/all?keyword=7625847", "method": "v3_2pass_track3d_fromru10d", "ru_seen_in_lookback": true, "in_monitor_on_day": true}}, {"type": "Feature", "geometry": {"type": "Point", "coordinates": [18.80204666666667, 54.603505000000006]}, "properties": {"label": "HEL-102", "mmsi": "261007210", "imo": "7625847", "name": "HEL-102", "shiptype": "", "first_seen_utc": "2026-01-06T05:12:16Z", "last_seen_utc": "2026-01-11T15:44:46Z", "destination": "", "eta": "{'Day': 0, 'Hour': 24, 'Minute': 60, 'Month': 0}", "display": "HEL-102 (261007210)", "links": "<a href=\"https://www.vesselfinder.com/vessels?name=7625847\" target=\"_blank\" rel=\"noopener\">VesselFinder</a> | <a href=\"https://www.marinetraffic.com/en/ais/search/all?keyword=7625847\" target=\"_blank\" rel=\"noopener\">MarineTraffic</a>", "vf_url": "https://www.vesselfinder.com/vessels?name=7625847", "mst_url": "https://www.marinetraffic.com/en/ais/search/all?keyword=7625847", "method": "v3_2pass_track3d_fromru10d", "ru_seen_in_lookback": true, "in_monitor_on_day": true}}, {"type": "Feature", "geometry": {"type": "LineString", "coordinates": [[15.877333333333333, 55.85102], [15.711418333333334, 55.795833333333334], [15.476685, 55.72591], [15.312761666666667, 55.67230833333333], [15.135615, 55.620975], [14.968881666666666, 55.563155], [14.792606666666668, 55.51048333333333], [14.605793333333335, 55.448438333333335], [14.466356666666666, 55.35485666666667]]}, "properties": {"label": "ENZO 2", "mmsi": "620800050", "imo": "9236652", "name": "ENZO 2", "shiptype": "", "first_seen_utc": "2026-01-06T10:00:28Z", "last_seen_utc": "2026-01-11T10:01:06Z", "destination": "EGDAM", "eta": "{'Day': 24, 'Hour': 5, 'Minute': 0, 'Month': 1}", "display": "", "links": "<a href=\"https://www.vesselfinder.com/vessels?name=9236652\" target=\"_blank\" rel=\"noopener\">VesselFinder</a> | <a href=\"https://www.marinetraffic.com/en/ais/search/all?keyword=9236652\" target=\"_blank\" rel=\"noopener\">MarineTraffic</a>", "vf_url": "https://www.vesselfinder.com/vessels?name=9236652", "mst_url": "https://www.marinetraffic.com/en/ais/search/all?keyword=9236652", "method": "v3_2pass_track3d_fromru10d", "ru_seen_in_lookback": true, "in_monitor_on_day": true}}, {"type": "Feature", "geometry": {"type": "Point", "coordinates": [14.466356666666666, 55.35485666666667]}, "properties": {"label": "ENZO 2", "mmsi": "620800050", "imo": "9236652", "name": "ENZO 2", "shiptype": "", "first_seen_utc": "2026-01-06T10:00:28Z", "last_seen_utc": "2026-01-11T10:01:06Z", "destination": "EGDAM", "eta": "{'Day': 24, 'Hour': 5, 'Minute': 0, 'Month': 1}", "display": "ENZO 2 (620800050)", "links": "<a href=\"https://www.vesselfinder.com/vessels?name=9236652\" target=\"_blank\" rel=\"noopener\">VesselFinder</a> | <a href=\"https://www.marinetraffic.com/en/ais/search/all?keyword=9236652\" target=\"_blank\" rel=\"noopener\">MarineTraffic</a>", "vf_url": "https://www.vesselfinder.com/vessels?name=9236652", "mst_url": "https://www.marinetraffic.com/en/ais/search/all?keyword=9236652", "method": "v3_2pass_track3d_fromru10d", "ru_seen_in_lookback": true, "in_monitor_on_day": true}}, {"type": "Feature", "geometry": {"type": "LineString", "coordinates": [[10.967781666666667, 55.931403333333336], [10.817866666666667, 55.87660166666667], [10.806531666666666, 55.78078333333334], [10.777123333333332, 55.68108666666667], [10.810210000000001, 55.591365], [11.030493333333334, 55.35601833333333], [11.063136666666667, 55.265705000000004], [11.052708333333333, 55.18897666666667], [10.988835, 55.10726833333333], [10.989526666666666, 55.014741666666666], [10.889083333333334, 54.942838333333334], [10.834191666666667, 54.86261666666667], [10.810666666666666, 54.779329999999995], [10.76759, 54.692895], [10.869788333333334, 54.63681833333333], [10.997863333333333, 54.59215666666667], [11.144518333333334, 54.580418333333334], [11.279480000000001, 54.55511166666667], [11.408866666666666, 54.518215000000005], [11.544788333333335, 54.47880166666666], [11.67888, 54.440643333333334], [11.821081666666666, 54.41363333333334], [11.979766666666666, 54.411026666666665], [12.138745, 54.412535000000005], [12.222761666666665, 54.48821], [12.262161666666666, 54.57850333333333], [14.748061666666667, 55.354328333333335], [14.884568333333334, 55.338944999999995], [15.012443333333332, 55.300665], [15.148406666666666, 55.26035666666667], [15.277885, 55.252296666666666], [15.423868333333333, 55.253076666666665], [18.727521666666668, 54.982045], [18.838773333333332, 54.90193], [18.966495000000002, 54.832258333333336], [19.028246666666668, 54.73112833333333], [19.070764999999998, 54.62610333333334], [19.082206666666664, 54.56018166666667], [19.109246666666664, 54.57919166666667], [19.127605000000003, 54.61787833333334], [19.129265, 54.65743666666666], [19.130499999999998, 54.700829999999996], [19.134598333333333, 54.74744333333333], [19.138348333333333, 54.79009333333333], [19.130726666666664, 54.83395333333333], [19.121671666666668, 54.883985], [19.114003333333336, 54.931018333333334], [19.100448333333336, 54.98806833333333], [19.118553333333335, 54.93592833333333], [19.145300000000002, 54.843560000000004], [19.190521666666665, 54.78950333333333], [19.183083333333332, 54.840435], [19.168571666666665, 54.896908333333336], [19.150821666666666, 54.95832], [19.130736666666667, 55.019605], [19.147655, 54.93660333333333], [19.12244666666667, 54.83837333333334], [19.094839999999998, 54.73787166666667], [19.070151666666668, 54.63646666666667], [19.023161666666667, 54.54418833333333], [18.975481666666667, 54.491663333333335], [18.930933333333332, 54.452104999999996], [18.884856666666668, 54.449913333333335], [18.880436666666665, 54.452215]]}, "properties": {"label": "DF MYSTRAS", "mmsi": "636021311", "imo": "9941702", "name": "DF MYSTRAS", "shiptype": "", "first_seen_utc": "2026-01-06T13:48:41Z", "last_seen_utc": "2026-01-11T15:34:15Z", "destination": "LY ESI>PL GDN", "eta": "{'Day': 10, 'Hour': 15, 'Minute': 30, 'Month': 1}", "display": "", "links": "<a href=\"https://www.vesselfinder.com/vessels?name=9941702\" target=\"_blank\" rel=\"noopener\">VesselFinder</a> | <a href=\"https://www.marinetraffic.com/en/ais/search/all?keyword=9941702\" target=\"_blank\" rel=\"noopener\">MarineTraffic</a>", "vf_url": "https://www.vesselfinder.com/vessels?name=9941702", "mst_url": "https://www.marinetraffic.com/en/ais/search/all?keyword=9941702", "method": "v3_2pass_track3d_fromru10d", "ru_seen_in_lookback": true, "in_monitor_on_day": true}}, {"type": "Feature", "geometry": {"type": "Point", "coordinates": [18.880436666666665, 54.452215]}, "properties": {"label": "DF MYSTRAS", "mmsi": "636021311", "imo": "9941702", "name": "DF MYSTRAS", "shiptype": "", "first_seen_utc": "2026-01-06T13:48:41Z", "last_seen_utc": "2026-01-11T15:34:15Z", "destination": "LY ESI>PL GDN", "eta": "{'Day': 10, 'Hour': 15, 'Minute': 30, 'Month': 1}", "display": "DF MYSTRAS (636021311)", "links": "<a href=\"https://www.vesselfinder.com/vessels?name=9941702\" target=\"_blank\" rel=\"noopener\">VesselFinder</a> | <a href=\"https://www.marinetraffic.com/en/ais/search/all?keyword=9941702\" target=\"_blank\" rel=\"noopener\">MarineTraffic</a>", "vf_url": "https://www.vesselfinder.com/vessels?name=9941702", "mst_url": "https://www.marinetraffic.com/en/ais/search/all?keyword=9941702", "method": "v3_2pass_track3d_fromru10d", "ru_seen_in_lookback": true, "in_monitor_on_day": true}}, {"type": "Feature", "geometry": {"type": "LineString", "coordinates": [[12.38629, 54.64297166666667], [12.230533333333334, 54.53160666666667], [12.081743333333332, 54.43389166666667], [11.825970000000002, 54.429766666666666], [11.581753333333333, 54.48458], [11.339663333333334, 54.55798666666667], [11.109915, 54.600945], [10.892801666666665, 54.638844999999996], [10.782386666666667, 54.73961666666666], [10.83757, 54.875816666666665], [10.972328333333333, 54.981676666666665], [10.989761666666668, 55.112985], [11.10021, 55.215001666666666], [11.039256666666667, 55.358444999999996], [10.867045, 55.52748999999999], [10.789295000000001, 55.659585], [10.817531666666667, 55.79526666666666], [10.932041666666667, 55.902478333333335], [10.460753333333335, 57.855965], [10.048658333333332, 57.852399999999996], [9.767196666666667, 57.81045833333334], [9.469671666666667, 57.74564833333333], [9.211576666666668, 57.66434666666667], [8.949258333333335, 57.57897333333334], [8.692356666666665, 57.49789666666666], [8.377633333333334, 57.397843333333334], [8.084465, 57.28146666666667], [2.6089333333333333, 51.932125], [2.160953333333333, 51.598351666666666], [2.0138416666666665, 51.492156666666666], [1.8798933333333332, 51.379895000000005], [1.78722, 51.26397333333333], [1.679085, 51.16144333333333], [1.5383749999999998, 51.07832333333333]]}, "properties": {"label": "TB QUANZHOU", "mmsi": "636023600", "imo": "9237096", "name": "TB QUANZHOU", "shiptype": "", "first_seen_utc": "2026-01-06T15:25:02Z", "last_seen_utc": "2026-01-11T04:46:55Z", "destination": "SUEZ", "eta": "{'Day': 19, 'Hour': 2, 'Minute': 0, 'Month': 1}", "display": "", "links": "<a href=\"https://www.vesselfinder.com/vessels?name=9237096\" target=\"_blank\" rel=\"noopener\">VesselFinder</a> | <a href=\"https://www.marinetraffic.com/en/ais/search/all?keyword=9237096\" target=\"_blank\" rel=\"noopener\">MarineTraffic</a>", "vf_url": "https://www.vesselfinder.com/vessels?name=9237096", "mst_url": "https://www.marinetraffic.com/en/ais/search/all?keyword=9237096", "method": "v3_2pass_track3d_fromru10d", "ru_seen_in_lookback": true, "in_monitor_on_day": true}}, {"type": "Feature", "geometry": {"type": "Point", "coordinates": [1.5383749999999998, 51.07832333333333]}, "properties": {"label": "TB QUANZHOU", "mmsi": "636023600", "imo": "9237096", "name": "TB QUANZHOU", "shiptype": "", "first_seen_utc": "2026-01-06T15:25:02Z", "last_seen_utc": "2026-01-11T04:46:55Z", "destination": "SUEZ", "eta": "{'Day': 19, 'Hour': 2, 'Minute': 0, 'Month': 1}", "display": "TB QUANZHOU (636023600)", "links": "<a href=\"https://www.vesselfinder.com/vessels?name=9237096\" target=\"_blank\" rel=\"noopener\">VesselFinder</a> | <a href=\"https://www.marinetraffic.com/en/ais/search/all?keyword=9237096\" target=\"_blank\" rel=\"noopener\">MarineTraffic</a>", "vf_url": "https://www.vesselfinder.com/vessels?name=9237096", "mst_url": "https://www.marinetraffic.com/en/ais/search/all?keyword=9237096", "method": "v3_2pass_track3d_fromru10d", "ru_seen_in_lookback": true, "in_monitor_on_day": true}}, {"type": "Feature", "geometry": {"type": "LineString", "coordinates": [[8.546173333333334, 57.538421666666665], [8.39508, 57.488640000000004], [8.245261666666668, 57.44155833333333], [8.097823333333332, 57.39420666666667], [7.946476666666666, 57.34709], [7.795583333333334, 57.30110166666667], [7.649361666666667, 57.25313666666667], [7.497468333333333, 57.202980000000004], [7.369931666666667, 57.14310833333333], [2.0406283333333333, 51.523469999999996], [1.9370516666666666, 51.44896166666667], [1.8632866666666668, 51.358140000000006], [1.7890116666666667, 51.26183], [1.687015, 51.18068], [1.5514333333333332, 51.114995], [1.4227933333333334, 51.05407666666667], [-0.19722166666666666, 50.47966833333333], [-0.35448166666666664, 50.44627333333334], [-0.48121166666666665, 50.42223833333333], [-0.6025849999999999, 50.40076833333333], [-0.7225816666666667, 50.38009666666667], [-0.8311183333333333, 50.369506666666666], [-0.9338933333333334, 50.349000000000004]]}, "properties": {"label": "SLAVYANKA", "mmsi": "256434000", "imo": "9937309", "name": "SLAVYANKA", "shiptype": "", "first_seen_utc": "2026-01-06T15:51:26Z", "last_seen_utc": "2026-01-11T12:35:39Z", "destination": "SG SIN", "eta": "{'Day': 27, 'Hour': 12, 'Minute': 0, 'Month': 2}", "display": "", "links": "<a href=\"https://www.vesselfinder.com/vessels?name=9937309\" target=\"_blank\" rel=\"noopener\">VesselFinder</a> | <a href=\"https://www.marinetraffic.com/en/ais/search/all?keyword=9937309\" target=\"_blank\" rel=\"noopener\">MarineTraffic</a>", "vf_url": "https://www.vesselfinder.com/vessels?name=9937309", "mst_url": "https://www.marinetraffic.com/en/ais/search/all?keyword=9937309", "method": "v3_2pass_track3d_fromru10d", "ru_seen_in_lookback": true, "in_monitor_on_day": true}}, {"type": "Feature", "geometry": {"type": "Point", "coordinates": [-0.9338933333333334, 50.349000000000004]}, "properties": {"label": "SLAVYANKA", "mmsi": "256434000", "imo": "9937309", "name": "SLAVYANKA", "shiptype": "", "first_seen_utc": "2026-01-06T15:51:26Z", "last_seen_utc": "2026-01-11T12:35:39Z", "destination": "SG SIN", "eta": "{'Day': 27, 'Hour': 12, 'Minute': 0, 'Month': 2}", "display": "SLAVYANKA (256434000)", "links": "<a href=\"https://www.vesselfinder.com/vessels?name=9937309\" target=\"_blank\" rel=\"noopener\">VesselFinder</a> | <a href=\"https://www.marinetraffic.com/en/ais/search/all?keyword=9937309\" target=\"_blank\" rel=\"noopener\">MarineTraffic</a>", "vf_url": "https://www.vesselfinder.com/vessels?name=9937309", "mst_url": "https://www.marinetraffic.com/en/ais/search/all?keyword=9937309", "method": "v3_2pass_track3d_fromru10d", "ru_seen_in_lookback": true, "in_monitor_on_day": true}}, {"type": "Feature", "geometry": {"type": "LineString", "coordinates": [[10.939126666666668, 55.91480833333333], [10.827171666666667, 55.83833833333333], [10.798135, 55.74498166666667], [10.766250000000001, 55.64750333333333], [10.830311666666667, 55.56171666666667], [11.031215, 55.356105], [11.068340000000001, 55.267050000000005], [11.047378333333334, 55.18668], [10.988658333333332, 55.10294333333333], [10.987393333333333, 55.01388833333333], [10.894589999999999, 54.94515], [10.837146666666666, 54.869638333333334], [10.814781666666667, 54.786453333333334], [10.772681666666667, 54.71751833333334], [10.814821666666667, 54.655475], [10.927713333333333, 54.61766166666666], [11.039356666666666, 54.589165], [11.167781666666666, 54.58586666666667], [11.281263333333333, 54.555641666666666], [11.394035, 54.524883333333335], [11.51018, 54.491931666666666], [11.628183333333334, 54.457565], [11.747608333333334, 54.42496166666667], [11.876014999999999, 54.41444166666667], [12.008661666666665, 54.413090000000004], [12.142346666666667, 54.412490000000005], [12.218169999999999, 54.473688333333335], [12.266036666666668, 54.54524166666667], [18.240231666666666, 54.91973333333333], [18.34759, 54.923201666666664], [18.463343333333334, 54.925585], [18.599731666666667, 54.92252166666666], [18.735875, 54.876515000000005], [18.876318333333334, 54.817413333333334], [18.993858333333332, 54.749608333333335], [19.058088333333334, 54.65676], [19.035773333333335, 54.564991666666664], [18.96968, 54.48206833333334], [18.874748333333333, 54.447255000000006], [18.841695, 54.457505], [18.840888333333332, 54.455711666666666], [18.842566666666666, 54.455535000000005], [18.842616666666668, 54.45543333333333], [18.84138, 54.455505], [18.842735, 54.45535333333333], [18.841986666666667, 54.455346666666664], [18.842271666666665, 54.455355000000004], [18.842468333333333, 54.455345], [18.842660000000002, 54.45535666666667], [18.84353666666667, 54.45538666666666], [18.84216, 54.45534833333333], [18.842679999999998, 54.45520666666666], [18.842378333333333, 54.455193333333334], [18.8433, 54.45522166666667], [18.842621666666666, 54.455175000000004], [18.842651666666665, 54.45514166666667]]}, "properties": {"label": "BENJAMIN OLDENDORFF", "mmsi": "255806325", "imo": "9853034", "name": "BENJAMIN OLDENDORFF", "shiptype": "", "first_seen_utc": "2026-01-06T19:40:43Z", "last_seen_utc": "2026-01-11T15:50:00Z", "destination": "PL GDN", "eta": "{'Day': 11, 'Hour': 5, 'Minute': 0, 'Month': 1}", "display": "", "links": "<a href=\"https://www.vesselfinder.com/vessels?name=9853034\" target=\"_blank\" rel=\"noopener\">VesselFinder</a> | <a href=\"https://www.marinetraffic.com/en/ais/search/all?keyword=9853034\" target=\"_blank\" rel=\"noopener\">MarineTraffic</a>", "vf_url": "https://www.vesselfinder.com/vessels?name=9853034", "mst_url": "https://www.marinetraffic.com/en/ais/search/all?keyword=9853034", "method": "v3_2pass_track3d_fromru10d", "ru_seen_in_lookback": true, "in_monitor_on_day": true}}, {"type": "Feature", "geometry": {"type": "Point", "coordinates": [18.842651666666665, 54.45514166666667]}, "properties": {"label": "BENJAMIN OLDENDORFF", "mmsi": "255806325", "imo": "9853034", "name": "BENJAMIN OLDENDORFF", "shiptype": "", "first_seen_utc": "2026-01-06T19:40:43Z", "last_seen_utc": "2026-01-11T15:50:00Z", "destination": "PL GDN", "eta": "{'Day': 11, 'Hour': 5, 'Minute': 0, 'Month': 1}", "display": "BENJAMIN OLDENDORFF (255806325)", "links": "<a href=\"https://www.vesselfinder.com/vessels?name=9853034\" target=\"_blank\" rel=\"noopener\">VesselFinder</a> | <a href=\"https://www.marinetraffic.com/en/ais/search/all?keyword=9853034\" target=\"_blank\" rel=\"noopener\">MarineTraffic</a>", "vf_url": "https://www.vesselfinder.com/vessels?name=9853034", "mst_url": "https://www.marinetraffic.com/en/ais/search/all?keyword=9853034", "method": "v3_2pass_track3d_fromru10d", "ru_seen_in_lookback": true, "in_monitor_on_day": true}}, {"type": "Feature", "geometry": {"type": "LineString", "coordinates": [[15.280220000000002, 55.633320000000005], [14.983598333333333, 55.56023833333334], [12.374338333333332, 54.65945333333333], [12.28743, 54.60863333333334], [12.22935, 54.537310000000005], [12.150048333333332, 54.44267], [11.964038333333333, 54.443035], [11.776399999999999, 54.44852], [11.596013333333334, 54.48273166666667], [11.42258, 54.527005], [11.244801666666666, 54.578071666666666], [11.050331666666667, 54.59661833333333], [10.870835, 54.647155], [10.779203333333333, 54.732085], [10.836438333333332, 54.8448], [10.871381666666668, 54.908855], [10.974398333333333, 54.975303333333336], [10.990713333333334, 55.08618166666667], [11.05613, 55.18248666666667], [11.067715, 55.276395], [10.834538333333334, 55.578343333333336], [10.801173333333333, 55.62183666666667], [10.780523333333333, 55.652525], [10.768365, 55.67125166666666], [10.792006666666667, 55.720065], [11.093231666666666, 56.13837]]}, "properties": {"label": "HAPPY LADY", "mmsi": "241281000", "imo": "9644225", "name": "HAPPY LADY", "shiptype": "", "first_seen_utc": "2026-01-07T05:07:59Z", "last_seen_utc": "2026-01-11T15:01:45Z", "destination": "TRALI FOR ORDERS", "eta": "{'Day': 23, 'Hour': 10, 'Minute': 0, 'Month': 1}", "display": "", "links": "<a href=\"https://www.vesselfinder.com/vessels?name=9644225\" target=\"_blank\" rel=\"noopener\">VesselFinder</a> | <a href=\"https://www.marinetraffic.com/en/ais/search/all?keyword=9644225\" target=\"_blank\" rel=\"noopener\">MarineTraffic</a>", "vf_url": "https://www.vesselfinder.com/vessels?name=9644225", "mst_url": "https://www.marinetraffic.com/en/ais/search/all?keyword=9644225", "method": "v3_2pass_track3d_fromru10d", "ru_seen_in_lookback": true, "in_monitor_on_day": true}}, {"type": "Feature", "geometry": {"type": "Point", "coordinates": [11.093231666666666, 56.13837]}, "properties": {"label": "HAPPY LADY", "mmsi": "241281000", "imo": "9644225", "name": "HAPPY LADY", "shiptype": "", "first_seen_utc": "2026-01-07T05:07:59Z", "last_seen_utc": "2026-01-11T15:01:45Z", "destination": "TRALI FOR ORDERS", "eta": "{'Day': 23, 'Hour': 10, 'Minute': 0, 'Month': 1}", "display": "HAPPY LADY (241281000)", "links": "<a href=\"https://www.vesselfinder.com/vessels?name=9644225\" target=\"_blank\" rel=\"noopener\">VesselFinder</a> | <a href=\"https://www.marinetraffic.com/en/ais/search/all?keyword=9644225\" target=\"_blank\" rel=\"noopener\">MarineTraffic</a>", "vf_url": "https://www.vesselfinder.com/vessels?name=9644225", "mst_url": "https://www.marinetraffic.com/en/ais/search/all?keyword=9644225", "method": "v3_2pass_track3d_fromru10d", "ru_seen_in_lookback": true, "in_monitor_on_day": true}}, {"type": "Feature", "geometry": {"type": "LineString", "coordinates": [[18.884246666666666, 54.444761666666665], [18.884096666666668, 54.44489166666666], [18.884006666666668, 54.445055], [18.884006666666668, 54.44461], [18.88404166666667, 54.444525], [18.883966666666666, 54.44448333333333], [18.883945, 54.44448166666667], [18.883930000000003, 54.444465], [18.883831666666666, 54.444605], [18.883908333333334, 54.44448833333333], [18.88404166666667, 54.44436333333333], [18.884055, 54.444271666666666], [18.884136666666667, 54.444206666666666], [18.884393333333332, 54.44401166666667], [18.884400000000003, 54.443999999999996], [18.884610000000002, 54.44377], [18.884695, 54.44373333333333], [18.884273333333333, 54.443531666666665], [18.88420166666667, 54.443295], [18.88397666666667, 54.4434], [18.883721666666666, 54.44327666666666], [18.883575, 54.44313666666667], [18.883485, 54.44301666666667], [18.88329666666667, 54.44316833333333], [18.882876666666668, 54.44280166666667], [18.882701666666666, 54.442908333333335], [18.882915, 54.442865], [18.882626666666667, 54.442985], [18.882893333333335, 54.442861666666666], [18.88291333333333, 54.442805], [18.8825, 54.443158333333336], [18.883398333333332, 54.44252166666667], [18.882918333333336, 54.44285], [18.883426666666665, 54.44253833333333], [18.88334166666667, 54.442661666666666], [18.883033333333334, 54.44273], [18.883611666666663, 54.442548333333335], [18.883493333333334, 54.442495], [18.883744999999998, 54.44235833333333], [18.884028333333333, 54.442384999999994], [18.88389833333333, 54.44232], [18.883678333333332, 54.442575000000005], [18.884345, 54.44221], [18.883971666666664, 54.442339999999994], [18.883911666666666, 54.442285], [18.884995, 54.44195666666667], [18.88397666666667, 54.44232], [18.883531666666666, 54.442413333333334], [18.88483, 54.44199666666667], [18.883249999999997, 54.442515], [18.884563333333332, 54.44211333333333], [18.884541666666667, 54.442165], [18.883305, 54.44239166666667], [18.885431666666666, 54.441698333333335], [18.88356333333333, 54.44206666666666], [18.883635, 54.44186833333333], [18.88484, 54.441538333333334], [18.884138333333333, 54.44179166666667], [18.884166666666665, 54.44170333333333], [18.884555, 54.441633333333336], [18.883445, 54.441835], [18.885338333333333, 54.441428333333334], [18.883553333333335, 54.44175833333334], [18.885493333333333, 54.441336666666665], [18.88385, 54.441765000000004], [18.885371666666668, 54.44137], [18.884633333333333, 54.441453333333335], [18.88538833333333, 54.44135166666667], [18.884751666666666, 54.44142333333333], [18.883668333333333, 54.44112833333334], [18.885301666666667, 54.440871666666666], [18.885646666666666, 54.44077], [18.884461666666667, 54.440933333333334], [18.885258333333336, 54.440733333333334], [18.885785, 54.440695], [18.886051666666667, 54.440643333333334], [18.886643333333332, 54.44060833333333], [18.884763333333336, 54.44077666666667], [18.884736666666665, 54.440605], [18.885080000000002, 54.440540000000006], [18.88534333333333, 54.440508333333334], [18.885056666666667, 54.44008833333333], [18.884939999999997, 54.43997666666667], [18.885038333333334, 54.43993833333333], [18.885843333333334, 54.43989666666666], [18.886828333333334, 54.439933333333336], [18.88665, 54.439996666666666], [18.885228333333334, 54.43986666666667], [18.885998333333337, 54.439865000000005], [18.887558333333335, 54.439926666666665], [18.887643333333333, 54.43989666666666], [18.887663333333332, 54.439933333333336], [18.884903333333334, 54.4398], [18.88701, 54.44007], [18.887391666666666, 54.43994166666666], [18.885628333333333, 54.440041666666666], [18.88643, 54.43980333333333], [18.887448333333335, 54.440025], [18.887366666666665, 54.43989166666667], [18.88714333333333, 54.440365], [18.88619, 54.43957666666667], [18.885528333333333, 54.439598333333336], [18.885434999999998, 54.439546666666665], [18.88554333333333, 54.43958166666666], [18.886603333333333, 54.43951833333333], [18.886671666666665, 54.439555000000006], [18.88489333333333, 54.43958666666666], [18.884580000000003, 54.439625], [18.884956666666668, 54.43968333333333], [18.88581, 54.439589999999995], [18.885928333333332, 54.43962666666666], [18.885188333333335, 54.439658333333334], [18.885241666666666, 54.43954333333333], [18.885996666666664, 54.43956166666667], [18.88615, 54.439535], [18.88629, 54.43956], [18.886755, 54.43958166666666], [18.885611666666666, 54.43954833333333], [18.88714333333333, 54.439600000000006], [18.886128333333332, 54.43949], [18.887741666666667, 54.439753333333336], [18.88714, 54.43960833333333], [18.886491666666664, 54.43949166666666], [18.88628, 54.43947], [18.887631666666667, 54.439721666666664], [18.88795, 54.43973666666667]]}, "properties": {"label": "SEALING", "mmsi": "211397660", "imo": "9251652", "name": "SEALING", "shiptype": "", "first_seen_utc": "2026-01-07T12:22:09Z", "last_seen_utc": "2026-01-11T15:57:43Z", "destination": "PLGDN ANCH5", "eta": "{'Day': 7, 'Hour': 16, 'Minute': 0, 'Month': 1}", "display": "", "links": "<a href=\"https://www.vesselfinder.com/vessels?name=9251652\" target=\"_blank\" rel=\"noopener\">VesselFinder</a> | <a href=\"https://www.marinetraffic.com/en/ais/search/all?keyword=9251652\" target=\"_blank\" rel=\"noopener\">MarineTraffic</a>", "vf_url": "https://www.vesselfinder.com/vessels?name=9251652", "mst_url": "https://www.marinetraffic.com/en/ais/search/all?keyword=9251652", "method": "v3_2pass_track3d_fromru10d", "ru_seen_in_lookback": true, "in_monitor_on_day": true}}, {"type": "Feature", "geometry": {"type": "Point", "coordinates": [18.88795, 54.43973666666667]}, "properties": {"label": "SEALING", "mmsi": "211397660", "imo": "9251652", "name": "SEALING", "shiptype": "", "first_seen_utc": "2026-01-07T12:22:09Z", "last_seen_utc": "2026-01-11T15:57:43Z", "destination": "PLGDN ANCH5", "eta": "{'Day': 7, 'Hour': 16, 'Minute': 0, 'Month': 1}", "display": "SEALING (211397660)", "links": "<a href=\"https://www.vesselfinder.com/vessels?name=9251652\" target=\"_blank\" rel=\"noopener\">VesselFinder</a> | <a href=\"https://www.marinetraffic.com/en/ais/search/all?keyword=9251652\" target=\"_blank\" rel=\"noopener\">MarineTraffic</a>", "vf_url": "https://www.vesselfinder.com/vessels?name=9251652", "mst_url": "https://www.marinetraffic.com/en/ais/search/all?keyword=9251652", "method": "v3_2pass_track3d_fromru10d", "ru_seen_in_lookback": true, "in_monitor_on_day": true}}, {"type": "Feature", "geometry": {"type": "LineString", "coordinates": [[18.647143333333336, 54.37295666666667], [18.647170000000003, 54.372989999999994], [18.647133333333333, 54.37294], [18.647125000000003, 54.37295666666667], [18.647151666666666, 54.37294], [18.64716, 54.372949999999996], [18.647166666666667, 54.372910000000005], [18.647108333333332, 54.372910000000005], [18.647143333333336, 54.37295666666667], [18.64711833333333, 54.37292333333333], [18.647151666666666, 54.372899999999994], [18.647213333333333, 54.372883333333334], [18.647123333333333, 54.372949999999996], [18.647209999999998, 54.37298333333333], [18.647425, 54.372949999999996], [18.647936666666666, 54.372769999999996], [18.64792333333333, 54.37273666666667], [18.647975, 54.372706666666666], [18.64792, 54.37269666666667], [18.647925, 54.37267333333333], [18.647965, 54.37269666666667], [18.64793166666667, 54.372719999999994], [18.647916666666667, 54.37267333333333], [18.647933333333334, 54.37271333333333], [18.647898333333334, 54.37271333333333], [18.647943333333334, 54.37267333333333], [18.647965, 54.372656666666664], [18.64789, 54.372679999999995], [18.64792333333333, 54.372719999999994], [18.647898333333334, 54.37271333333333], [18.647943333333334, 54.372706666666666], [18.647938333333332, 54.372679999999995], [18.647936666666666, 54.372706666666666], [18.647983333333332, 54.37271333333333], [18.647915, 54.37269666666667], [18.647928333333333, 54.372679999999995], [18.647971666666667, 54.37269666666667], [18.647896666666668, 54.37269666666667], [18.647906666666664, 54.372719999999994], [18.64799, 54.37267333333333], [18.647906666666664, 54.372679999999995], [18.647933333333334, 54.372706666666666], [18.64792, 54.372719999999994], [18.64795666666667, 54.37271333333333], [18.647916666666667, 54.372706666666666], [18.647904999999998, 54.372679999999995], [18.647904999999998, 54.37271333333333], [18.647946666666666, 54.37271333333333], [18.647881666666667, 54.372679999999995], [18.647916666666667, 54.37271333333333], [18.64793166666667, 54.37269666666667], [18.64792333333333, 54.37267333333333], [18.647946666666666, 54.37269666666667], [18.647936666666666, 54.37269666666667], [18.6479, 54.372719999999994], [18.647904999999998, 54.37273666666667], [18.647916666666667, 54.37269666666667], [18.64787833333333, 54.372679999999995], [18.64793166666667, 54.37269666666667], [18.647904999999998, 54.372706666666666], [18.64796, 54.37271333333333], [18.647936666666666, 54.372679999999995], [18.647963333333333, 54.372679999999995], [18.647896666666668, 54.372706666666666], [18.647983333333332, 54.37269666666667], [18.647913333333335, 54.37269666666667], [18.647896666666668, 54.372706666666666], [18.647871666666667, 54.37271333333333], [18.6479, 54.37269666666667], [18.647933333333334, 54.37269666666667], [18.647965, 54.37269666666667], [18.647925, 54.372746666666664], [18.647896666666668, 54.37271333333333], [18.647916666666667, 54.37267333333333], [18.647943333333334, 54.37269666666667], [18.64790833333333, 54.372706666666666], [18.64792333333333, 54.372706666666666], [18.64793166666667, 54.372719999999994], [18.647925, 54.37271333333333], [18.647925, 54.372706666666666], [18.647971666666667, 54.372706666666666], [18.647896666666668, 54.37271333333333], [18.647928333333333, 54.372719999999994], [18.647916666666667, 54.372679999999995], [18.647941666666668, 54.372706666666666], [18.647943333333334, 54.372663333333335], [18.64796833333333, 54.37269666666667], [18.647941666666668, 54.372706666666666], [18.6479, 54.37269666666667], [18.6479, 54.372706666666666], [18.64793166666667, 54.37267333333333], [18.647981666666666, 54.372679999999995], [18.647941666666668, 54.372679999999995], [18.647933333333334, 54.372679999999995], [18.647949999999998, 54.37269666666667], [18.64792, 54.372679999999995], [18.647955000000003, 54.372679999999995], [18.647941666666668, 54.372706666666666], [18.647983333333332, 54.37264666666667], [18.64787, 54.37271333333333], [18.647938333333332, 54.37271333333333], [18.64793166666667, 54.372706666666666], [18.64793166666667, 54.372719999999994], [18.64793166666667, 54.372719999999994], [18.647916666666667, 54.37269666666667], [18.64787833333333, 54.37271333333333], [18.647904999999998, 54.37269666666667], [18.64792, 54.372719999999994], [18.647928333333333, 54.37269666666667], [18.647896666666668, 54.37269666666667], [18.647916666666667, 54.372679999999995], [18.647941666666668, 54.372719999999994], [18.647925, 54.37269666666667], [18.647941666666668, 54.372706666666666], [18.647898333333334, 54.372706666666666], [18.647896666666668, 54.37269666666667], [18.647933333333334, 54.37269666666667], [18.64795666666667, 54.37271333333333], [18.64795666666667, 54.372719999999994], [18.647951666666664, 54.37271333333333], [18.647946666666666, 54.372640000000004], [18.647936666666666, 54.372679999999995], [18.647925, 54.372679999999995], [18.647949999999998, 54.372706666666666], [18.647975, 54.372679999999995], [18.647925, 54.372730000000004]]}, "properties": {"label": "ERLEND", "mmsi": "275031017", "imo": "8820339", "name": "ERLEND", "shiptype": "", "first_seen_utc": "2026-01-07T15:20:51Z", "last_seen_utc": "2026-01-11T15:52:18Z", "destination": "PLGDN", "eta": "{'Day': 8, 'Hour': 8, 'Minute': 0, 'Month': 1}", "display": "", "links": "<a href=\"https://www.vesselfinder.com/vessels?name=8820339\" target=\"_blank\" rel=\"noopener\">VesselFinder</a> | <a href=\"https://www.marinetraffic.com/en/ais/search/all?keyword=8820339\" target=\"_blank\" rel=\"noopener\">MarineTraffic</a>", "vf_url": "https://www.vesselfinder.com/vessels?name=8820339", "mst_url": "https://www.marinetraffic.com/en/ais/search/all?keyword=8820339", "method": "v3_2pass_track3d_fromru10d", "ru_seen_in_lookback": true, "in_monitor_on_day": true}}, {"type": "Feature", "geometry": {"type": "Point", "coordinates": [18.647925, 54.372730000000004]}, "properties": {"label": "ERLEND", "mmsi": "275031017", "imo": "8820339", "name": "ERLEND", "shiptype": "", "first_seen_utc": "2026-01-07T15:20:51Z", "last_seen_utc": "2026-01-11T15:52:18Z", "destination": "PLGDN", "eta": "{'Day': 8, 'Hour': 8, 'Minute': 0, 'Month': 1}", "display": "ERLEND (275031017)", "links": "<a href=\"https://www.vesselfinder.com/vessels?name=8820339\" target=\"_blank\" rel=\"noopener\">VesselFinder</a> | <a href=\"https://www.marinetraffic.com/en/ais/search/all?keyword=8820339\" target=\"_blank\" rel=\"noopener\">MarineTraffic</a>", "vf_url": "https://www.vesselfinder.com/vessels?name=8820339", "mst_url": "https://www.marinetraffic.com/en/ais/search/all?keyword=8820339", "method": "v3_2pass_track3d_fromru10d", "ru_seen_in_lookback": true, "in_monitor_on_day": true}}, {"type": "Feature", "geometry": {"type": "LineString", "coordinates": [[15.314666666666666, 55.65083333333334], [15.065166666666666, 55.57683333333333], [12.231166666666667, 54.54533333333333], [12.179333333333334, 54.44983333333333], [12.0045, 54.44233333333333], [11.821, 54.445166666666665], [11.644833333333334, 54.47416666666666], [11.476833333333333, 54.5145], [11.307166666666665, 54.5635], [11.129833333333332, 54.5995], [10.940666666666667, 54.621], [10.801833333333333, 54.694833333333335], [10.828333333333335, 54.800333333333334], [10.869333333333334, 54.917], [10.984333333333332, 55.00966666666667], [10.991833333333334, 55.11816666666667], [11.090666666666667, 55.20283333333334], [11.047333333333334, 55.30416666666667], [10.833833333333333, 55.57183333333333], [10.792499999999999, 55.6775], [10.8145, 55.783500000000004]]}, "properties": {"label": "PANTERA", "mmsi": "311001728", "imo": "9301914", "name": "PANTERA", "shiptype": "", "first_seen_utc": "2026-01-08T11:18:32Z", "last_seen_utc": "2026-01-11T04:35:04Z", "destination": "BRAZIL FOR ORDER", "eta": "{'Day': 31, 'Hour': 20, 'Minute': 0, 'Month': 1}", "display": "", "links": "<a href=\"https://www.vesselfinder.com/vessels?name=9301914\" target=\"_blank\" rel=\"noopener\">VesselFinder</a> | <a href=\"https://www.marinetraffic.com/en/ais/search/all?keyword=9301914\" target=\"_blank\" rel=\"noopener\">MarineTraffic</a>", "vf_url": "https://www.vesselfinder.com/vessels?name=9301914", "mst_url": "https://www.marinetraffic.com/en/ais/search/all?keyword=9301914", "method": "v3_2pass_track3d_fromru10d", "ru_seen_in_lookback": true, "in_monitor_on_day": true}}, {"type": "Feature", "geometry": {"type": "Point", "coordinates": [10.8145, 55.783500000000004]}, "properties": {"label": "PANTERA", "mmsi": "311001728", "imo": "9301914", "name": "PANTERA", "shiptype": "", "first_seen_utc": "2026-01-08T11:18:32Z", "last_seen_utc": "2026-01-11T04:35:04Z", "destination": "BRAZIL FOR ORDER", "eta": "{'Day': 31, 'Hour': 20, 'Minute': 0, 'Month': 1}", "display": "PANTERA (311001728)", "links": "<a href=\"https://www.vesselfinder.com/vessels?name=9301914\" target=\"_blank\" rel=\"noopener\">VesselFinder</a> | <a href=\"https://www.marinetraffic.com/en/ais/search/all?keyword=9301914\" target=\"_blank\" rel=\"noopener\">MarineTraffic</a>", "vf_url": "https://www.vesselfinder.com/vessels?name=9301914", "mst_url": "https://www.marinetraffic.com/en/ais/search/all?keyword=9301914", "method": "v3_2pass_track3d_fromru10d", "ru_seen_in_lookback": true, "in_monitor_on_day": true}}, {"type": "Feature", "geometry": {"type": "LineString", "coordinates": [[18.488926666666668, 54.958571666666664], [18.584815, 54.951836666666665], [18.663735, 54.91983833333334], [18.742001666666667, 54.88802666666666], [18.816441666666666, 54.85622], [18.891775, 54.823274999999995], [18.96851, 54.79149666666667], [19.002976666666665, 54.75157], [18.964981666666667, 54.70281166666667], [18.928655, 54.654554999999995], [18.891473333333334, 54.606276666666666], [18.840215, 54.56686], [18.80309, 54.54283833333333], [18.75069166666667, 54.53711833333333], [18.694583333333334, 54.537045], [18.657135, 54.536804999999994], [18.54435, 54.535423333333334], [18.522046666666665, 54.537], [18.52204, 54.53698833333333], [18.521975, 54.537055], [18.522053333333336, 54.537005], [18.522013333333334, 54.537013333333334], [18.522013333333334, 54.536995000000005], [18.522038333333334, 54.53699666666667], [18.522061666666666, 54.537015], [18.522045, 54.53702166666667], [18.522038333333334, 54.53701], [18.52202, 54.53701], [18.521996666666666, 54.537013333333334], [18.522035000000002, 54.53700833333333], [18.52203666666667, 54.53696166666667], [18.52199166666667, 54.537040000000005], [18.522038333333334, 54.537011666666665], [18.52202833333333, 54.53702166666667], [18.522021666666667, 54.53697666666667], [18.521996666666666, 54.53701], [18.522015, 54.537011666666665], [18.522055, 54.536995000000005], [18.522055, 54.537013333333334], [18.522045, 54.53700666666667], [18.52205, 54.53699166666667], [18.522011666666668, 54.537031666666664], [18.522011666666668, 54.53700333333334], [18.522068333333333, 54.53702666666666], [18.52203666666667, 54.53701], [18.522046666666665, 54.537016666666666], [18.522001666666664, 54.53702333333333], [18.522013333333334, 54.537018333333336], [18.522035000000002, 54.53698], [18.522043333333333, 54.53702833333333], [18.522026666666665, 54.537015], [18.522021666666667, 54.53698], [18.522031666666667, 54.53699166666667], [18.52202833333333, 54.53699166666667], [18.522025, 54.53700166666667], [18.521966666666668, 54.537005], [18.522121666666667, 54.53737666666667], [18.52204833333333, 54.53701], [18.522038333333334, 54.537015], [18.522031666666667, 54.537], [18.522015, 54.537025], [18.522038333333334, 54.536984999999994], [18.522025, 54.537], [18.52202, 54.537005], [18.522006666666666, 54.537015], [18.52198333333333, 54.53705166666667], [18.522061666666666, 54.53700833333333], [18.52203666666667, 54.53699166666667], [18.522046666666665, 54.53700166666667], [18.522055, 54.53702166666667], [18.522031666666667, 54.53706833333333], [18.52202833333333, 54.53702166666667], [18.522055, 54.53705], [18.522035000000002, 54.53702666666666], [18.522061666666666, 54.537025], [18.52204, 54.537011666666665], [18.522013333333334, 54.537040000000005], [18.52202833333333, 54.53702166666667], [18.52201, 54.53699833333334], [18.521966666666668, 54.53700333333334], [18.521968333333334, 54.53700666666667], [18.521995, 54.53701], [18.521986666666667, 54.53700333333334], [18.521986666666667, 54.537], [18.522001666666664, 54.536973333333336], [18.522006666666666, 54.536984999999994], [18.521973333333335, 54.53699166666667], [18.521996666666666, 54.53700333333334], [18.522015, 54.53702166666667], [18.522023333333333, 54.53702], [18.522001666666664, 54.53697666666667], [18.522011666666668, 54.53695666666667], [18.521988333333336, 54.536984999999994], [18.521984999999997, 54.53701], [18.521935, 54.53709333333334], [18.522041666666667, 54.53702166666667], [18.521993333333334, 54.53700333333334], [18.52198333333333, 54.53699666666667], [18.521988333333336, 54.536984999999994], [18.522006666666666, 54.53699833333334], [18.52201, 54.53696166666667], [18.52197, 54.53701], [18.522025, 54.53705166666667], [18.52199166666667, 54.536986666666664], [18.521971666666666, 54.536995000000005], [18.52198333333333, 54.53700666666667], [18.522013333333334, 54.53702666666666], [18.522008333333336, 54.53700333333334], [18.521990000000002, 54.537011666666665], [18.521995, 54.53702], [18.52198333333333, 54.53707333333333], [18.522026666666665, 54.53702166666667], [18.521990000000002, 54.536995000000005], [18.522008333333336, 54.53700666666667], [18.522011666666668, 54.53700333333334], [18.522031666666667, 54.537025], [18.52201833333333, 54.537016666666666], [18.522005, 54.53700333333334], [18.521990000000002, 54.53699166666667], [18.522003333333334, 54.537016666666666], [18.522001666666664, 54.537011666666665], [18.521996666666666, 54.53702666666666]]}, "properties": {"label": "REM FORTRESS", "mmsi": "209455000", "imo": "9482342", "name": "REM FORTRESS", "shiptype": "", "first_seen_utc": "2026-01-09T00:17:29Z", "last_seen_utc": "2026-01-11T15:35:34Z", "destination": "BLP OWF", "eta": "{'Day': 12, 'Hour': 4, 'Minute': 0, 'Month': 1}", "display": "", "links": "<a href=\"https://www.vesselfinder.com/vessels?name=9482342\" target=\"_blank\" rel=\"noopener\">VesselFinder</a> | <a href=\"https://www.marinetraffic.com/en/ais/search/all?keyword=9482342\" target=\"_blank\" rel=\"noopener\">MarineTraffic</a>", "vf_url": "https://www.vesselfinder.com/vessels?name=9482342", "mst_url": "https://www.marinetraffic.com/en/ais/search/all?keyword=9482342", "method": "v3_2pass_track3d_fromru10d", "ru_seen_in_lookback": true, "in_monitor_on_day": true}}, {"type": "Feature", "geometry": {"type": "Point", "coordinates": [18.521996666666666, 54.53702666666666]}, "properties": {"label": "REM FORTRESS", "mmsi": "209455000", "imo": "9482342", "name": "REM FORTRESS", "shiptype": "", "first_seen_utc": "2026-01-09T00:17:29Z", "last_seen_utc": "2026-01-11T15:35:34Z", "destination": "BLP OWF", "eta": "{'Day': 12, 'Hour': 4, 'Minute': 0, 'Month': 1}", "display": "REM FORTRESS (209455000)", "links": "<a href=\"https://www.vesselfinder.com/vessels?name=9482342\" target=\"_blank\" rel=\"noopener\">VesselFinder</a> | <a href=\"https://www.marinetraffic.com/en/ais/search/all?keyword=9482342\" target=\"_blank\" rel=\"noopener\">MarineTraffic</a>", "vf_url": "https://www.vesselfinder.com/vessels?name=9482342", "mst_url": "https://www.marinetraffic.com/en/ais/search/all?keyword=9482342", "method": "v3_2pass_track3d_fromru10d", "ru_seen_in_lookback": true, "in_monitor_on_day": true}}, {"type": "Feature", "geometry": {"type": "LineString", "coordinates": [[19.077516666666668, 54.906025], [18.986165000000003, 54.75879833333333], [18.89239, 54.617108333333334], [18.709238333333335, 54.536651666666664], [18.549948333333337, 54.535375], [18.522341666666666, 54.53261333333333], [18.522328333333334, 54.532628333333335], [18.522333333333332, 54.53262666666667], [18.522333333333332, 54.532628333333335], [18.52233, 54.53263166666667], [18.522761666666668, 54.53266333333333], [18.674893333333333, 54.53061833333334], [18.86498, 54.568666666666665], [18.968498333333333, 54.683975000000004], [18.792098333333335, 54.77690666666667], [18.617085, 54.865905], [18.372743333333336, 54.916781666666665], [12.758999999999999, 55.183593333333334], [12.663903333333334, 55.27820166666667], [12.677148333333333, 55.39317666666667], [12.699288333333334, 55.48596666666666], [12.705141666666666, 55.565304999999995], [12.694651666666665, 55.64898], [12.705735, 55.771745], [12.744133333333334, 55.89524166666667], [12.676101666666666, 56.015926666666665], [12.542108333333335, 56.11919833333333], [10.446653333333334, 57.940435], [10.081905, 57.87252], [9.841615, 57.84193833333333], [9.639733333333334, 57.77249666666667], [9.431963333333334, 57.693275], [9.238155, 57.6201], [9.042898333333333, 57.545075], [8.83489, 57.468935], [8.424906666666667, 57.32476], [8.225031666666666, 57.22418833333334]]}, "properties": {"label": "FINNECO III", "mmsi": "230700000", "imo": "9856854", "name": "FINNECO III", "shiptype": "", "first_seen_utc": "2026-01-09T12:25:38Z", "last_seen_utc": "2026-01-11T05:30:28Z", "destination": "ANTWERP", "eta": "{'Day': 12, 'Hour': 13, 'Minute': 0, 'Month': 1}", "display": "", "links": "<a href=\"https://www.vesselfinder.com/vessels?name=9856854\" target=\"_blank\" rel=\"noopener\">VesselFinder</a> | <a href=\"https://www.marinetraffic.com/en/ais/search/all?keyword=9856854\" target=\"_blank\" rel=\"noopener\">MarineTraffic</a>", "vf_url": "https://www.vesselfinder.com/vessels?name=9856854", "mst_url": "https://www.marinetraffic.com/en/ais/search/all?keyword=9856854", "method": "v3_2pass_track3d_fromru10d", "ru_seen_in_lookback": true, "in_monitor_on_day": true}}, {"type": "Feature", "geometry": {"type": "Point", "coordinates": [8.225031666666666, 57.22418833333334]}, "properties": {"label": "FINNECO III", "mmsi": "230700000", "imo": "9856854", "name": "FINNECO III", "shiptype": "", "first_seen_utc": "2026-01-09T12:25:38Z", "last_seen_utc": "2026-01-11T05:30:28Z", "destination": "ANTWERP", "eta": "{'Day': 12, 'Hour': 13, 'Minute': 0, 'Month': 1}", "display": "FINNECO III (230700000)", "links": "<a href=\"https://www.vesselfinder.com/vessels?name=9856854\" target=\"_blank\" rel=\"noopener\">VesselFinder</a> | <a href=\"https://www.marinetraffic.com/en/ais/search/all?keyword=9856854\" target=\"_blank\" rel=\"noopener\">MarineTraffic</a>", "vf_url": "https://www.vesselfinder.com/vessels?name=9856854", "mst_url": "https://www.marinetraffic.com/en/ais/search/all?keyword=9856854", "method": "v3_2pass_track3d_fromru10d", "ru_seen_in_lookback": true, "in_monitor_on_day": true}}]}