{"type": "FeatureCollection", "features": [{"type": "Feature", "geometry": {"type": "LineString", "coordinates": [[28.74227, 60.20053166666666], [16.179955, 55.75974166666666], [15.879818333333333, 55.72361], [15.696563333333334, 55.69636666666667], [15.501205, 55.67240833333334], [15.320983333333334, 55.64670666666667], [15.148693333333334, 55.605001666666666], [14.985909999999999, 55.554970000000004], [14.81927, 55.50660833333333], [14.661101666666667, 55.45613166666667], [14.508866666666668, 55.376191666666664], [14.367716666666666, 55.27648333333333], [14.231638333333333, 55.19562666666666], [12.349858333333334, 54.65571333333333], [12.274545, 54.598975], [12.215888333333334, 54.51067], [12.110913333333334, 54.443830000000005], [11.92522, 54.448625], [11.746791666666667, 54.46438], [11.574215, 54.49889666666666], [11.399498333333334, 54.54691166666667], [11.213941666666667, 54.59571833333334], [11.023665, 54.604455]]}, "properties": {"label": "EUROSAILOR", "mmsi": "215936000", "imo": "9895915", "name": "EUROSAILOR", "shiptype": "", "first_seen_utc": "2026-01-03T08:37:08Z", "last_seen_utc": "2026-01-12T15:59:49Z", "destination": "TRGEB", "eta": "{'Day': 26, 'Hour': 3, 'Minute': 0, 'Month': 1}", "display": "", "links": "<a href=\"https://www.vesselfinder.com/vessels?name=9895915\" target=\"_blank\" rel=\"noopener\">VesselFinder</a> | <a href=\"https://www.marinetraffic.com/en/ais/search/all?keyword=9895915\" target=\"_blank\" rel=\"noopener\">MarineTraffic</a>", "vf_url": "https://www.vesselfinder.com/vessels?name=9895915", "mst_url": "https://www.marinetraffic.com/en/ais/search/all?keyword=9895915", "method": "v3_2pass_track3d_fromru10d", "ru_seen_in_lookback": true, "in_monitor_on_day": true}}, {"type": "Feature", "geometry": {"type": "Point", "coordinates": [11.023665, 54.604455]}, "properties": {"label": "EUROSAILOR", "mmsi": "215936000", "imo": "9895915", "name": "EUROSAILOR", "shiptype": "", "first_seen_utc": "2026-01-03T08:37:08Z", "last_seen_utc": "2026-01-12T15:59:49Z", "destination": "TRGEB", "eta": "{'Day': 26, 'Hour': 3, 'Minute': 0, 'Month': 1}", "display": "EUROSAILOR (215936000)", "links": "<a href=\"https://www.vesselfinder.com/vessels?name=9895915\" target=\"_blank\" rel=\"noopener\">VesselFinder</a> | <a href=\"https://www.marinetraffic.com/en/ais/search/all?keyword=9895915\" target=\"_blank\" rel=\"noopener\">MarineTraffic</a>", "vf_url": "https://www.vesselfinder.com/vessels?name=9895915", "mst_url": "https://www.marinetraffic.com/en/ais/search/all?keyword=9895915", "method": "v3_2pass_track3d_fromru10d", "ru_seen_in_lookback": true, "in_monitor_on_day": true}}, {"type": "Feature", "geometry": {"type": "LineString", "coordinates": [[8.512625, 53.599981666666665], [8.512655, 53.59997], [8.512716666666666, 53.599955], [8.512628333333334, 53.59997], [8.512648333333333, 53.59995], [8.512591666666667, 53.59998333333333], [8.512673333333334, 53.59996666666667], [8.51256, 53.60001333333333], [8.512656666666667, 53.59992166666667], [8.512706666666666, 53.600005], [8.512616666666666, 53.59995666666667], [8.51266, 53.59994], [8.512615, 53.599975], [8.512533333333334, 53.59997666666666], [8.512595, 53.59996666666667], [8.512633333333333, 53.59999666666667], [8.512658333333333, 53.599985], [8.512671666666666, 53.59995166666667], [8.512666666666666, 53.59995166666667], [8.512616666666666, 53.59986666666667], [8.512703333333333, 53.599925], [8.512656666666667, 53.59997], [8.512635, 53.59995166666667], [8.512696666666667, 53.599943333333336], [8.512625, 53.600024999999995], [8.512618333333332, 53.59997833333333], [8.512598333333333, 53.59997833333333], [8.512716666666666, 53.599981666666665], [8.512643333333333, 53.59997666666666], [8.51263, 53.59997166666667], [8.512686666666665, 53.599988333333336], [8.512653333333335, 53.599995], [8.512641666666667, 53.59997], [8.512643333333333, 53.599961666666665], [8.51262, 53.599955], [8.512655, 53.59999666666667], [8.512668333333334, 53.59997666666666], [8.512668333333334, 53.599995], [8.512695, 53.59995666666667], [8.512696666666667, 53.59993333333333], [8.512661666666666, 53.59996833333333], [8.512636666666667, 53.599975], [8.512666666666666, 53.59994833333334], [8.51264, 53.60004166666667], [8.512703333333333, 53.59995833333333], [8.512668333333334, 53.59994], [8.512645, 53.59994666666667], [8.51263, 53.599965], [8.512581666666668, 53.59993], [8.512646666666667, 53.59996833333333], [8.51266, 53.59995166666667], [8.512641666666667, 53.59996666666667], [8.512718333333334, 53.59995833333333], [8.512621666666666, 53.59987833333333], [8.512695, 53.599965], [8.512741666666667, 53.600006666666665], [8.51265, 53.59995833333333], [8.512678333333334, 53.599943333333336], [8.512653333333335, 53.599936666666665], [8.512756666666666, 53.59985833333334], [8.512623333333334, 53.59994], [8.512705, 53.60003], [8.512816666666668, 53.599981666666665], [8.51266, 53.59995666666667], [8.51251, 53.599891666666664], [8.51283, 53.59988166666667], [8.512685, 53.59995666666667], [8.512533333333334, 53.600055], [8.512653333333335, 53.59997166666667], [8.512663333333332, 53.60002], [8.51262, 53.600024999999995], [8.512615, 53.599873333333335], [8.512718333333334, 53.60001666666667], [8.512648333333333, 53.59990333333334], [8.512695, 53.60000333333333], [8.512666666666666, 53.599981666666665], [8.51259, 53.60002333333333], [8.512715, 53.59999333333334], [8.512665, 53.59998333333333], [8.512685, 53.599925], [8.512665, 53.599988333333336], [8.512745, 53.59997833333333], [8.512645, 53.599979999999995], [8.512761666666666, 53.59994], [8.512705, 53.599975], [8.512686666666665, 53.59992333333333], [8.512636666666667, 53.599945000000005], [8.512631666666667, 53.59995166666667], [8.512625, 53.59995666666667], [8.512623333333334, 53.59995166666667], [8.512653333333335, 53.59994], [8.512666666666666, 53.59995166666667], [8.512635, 53.59999833333333], [8.512671666666666, 53.599975], [8.512675, 53.599981666666665], [8.512701666666667, 53.59995833333333], [8.512686666666665, 53.599934999999995], [8.49244, 53.612269999999995], [8.346098333333334, 53.692233333333334], [8.17929, 53.76858166666667], [8.012368333333333, 53.853465], [7.858693333333333, 53.89208833333333], [7.858336666666667, 53.89502166666667], [7.857858333333334, 53.894795], [7.85772, 53.89474833333334], [7.857701666666667, 53.89470166666667], [7.8577683333333335, 53.894756666666666], [7.858033333333334, 53.894861666666664], [7.858085, 53.894915], [7.858341666666666, 53.894996666666664], [7.859476666666667, 53.89521333333333], [7.860768333333334, 53.89525833333333], [7.8617799999999995, 53.895048333333335], [7.8635150000000005, 53.89439333333333], [7.863214999999999, 53.89468166666666]]}, "properties": {"label": "JPO GEMINI", "mmsi": "636091995", "imo": "9294020", "name": "JPO GEMINI", "shiptype": "", "first_seen_utc": "2026-01-03T08:37:13Z", "last_seen_utc": "2026-01-12T15:46:34Z", "destination": "DEWVN", "eta": "{'Day': 15, 'Hour': 1, 'Minute': 30, 'Month': 1}", "display": "", "links": "<a href=\"https://www.vesselfinder.com/vessels?name=9294020\" target=\"_blank\" rel=\"noopener\">VesselFinder</a> | <a href=\"https://www.marinetraffic.com/en/ais/search/all?keyword=9294020\" target=\"_blank\" rel=\"noopener\">MarineTraffic</a>", "vf_url": "https://www.vesselfinder.com/vessels?name=9294020", "mst_url": "https://www.marinetraffic.com/en/ais/search/all?keyword=9294020", "method": "v3_2pass_track3d_fromru10d", "ru_seen_in_lookback": true, "in_monitor_on_day": true}}, {"type": "Feature", "geometry": {"type": "Point", "coordinates": [7.863214999999999, 53.89468166666666]}, "properties": {"label": "JPO GEMINI", "mmsi": "636091995", "imo": "9294020", "name": "JPO GEMINI", "shiptype": "", "first_seen_utc": "2026-01-03T08:37:13Z", "last_seen_utc": "2026-01-12T15:46:34Z", "destination": "DEWVN", "eta": "{'Day': 15, 'Hour': 1, 'Minute': 30, 'Month': 1}", "display": "JPO GEMINI (636091995)", "links": "<a href=\"https://www.vesselfinder.com/vessels?name=9294020\" target=\"_blank\" rel=\"noopener\">VesselFinder</a> | <a href=\"https://www.marinetraffic.com/en/ais/search/all?keyword=9294020\" target=\"_blank\" rel=\"noopener\">MarineTraffic</a>", "vf_url": "https://www.vesselfinder.com/vessels?name=9294020", "mst_url": "https://www.marinetraffic.com/en/ais/search/all?keyword=9294020", "method": "v3_2pass_track3d_fromru10d", "ru_seen_in_lookback": true, "in_monitor_on_day": true}}, {"type": "Feature", "geometry": {"type": "LineString", "coordinates": [[5.019935, 60.82211333333333], [5.0199783333333325, 60.822111666666665], [5.020046666666667, 60.82206333333333], [5.020091666666667, 60.82208], [5.020021666666667, 60.822136666666665], [5.020015, 60.822195], [5.019923333333334, 60.822185], [5.020001666666667, 60.822135], [5.020015, 60.82219333333333], [5.020061666666667, 60.82220333333333], [5.019965, 60.82224], [5.019985, 60.822201666666665], [5.0200716666666665, 60.822271666666666], [5.02001, 60.82217833333333], [5.0199533333333335, 60.822161666666666], [5.019956666666667, 60.82219666666666], [5.020011666666666, 60.82215833333333], [5.019895, 60.82218666666667], [5.020023333333333, 60.82215833333333], [5.019909999999999, 60.82215], [5.019988333333333, 60.822181666666665], [5.020005, 60.822165000000005], [5.020053333333333, 60.822165000000005], [5.02002, 60.822154999999995], [5.020006666666666, 60.822161666666666], [5.019961666666666, 60.822154999999995], [5.019991666666667, 60.822226666666666], [5.019958333333333, 60.82219166666666], [5.020016666666667, 60.822210000000005], [5.019941666666667, 60.82220333333333], [5.0199283333333335, 60.822175], [5.01997, 60.82219833333333], [5.019961666666666, 60.822176666666664], [5.02003, 60.822210000000005], [5.01994, 60.822195], [5.0199783333333325, 60.82215], [5.020098333333333, 60.822154999999995], [5.018321666666667, 60.824511666666666], [4.868166666666666, 60.849293333333335], [4.661255, 60.85919666666667], [4.456601666666667, 60.85463333333333], [4.419175, 60.80103666666666], [4.264708333333333, 60.756433333333334], [4.12073, 60.71182666666667], [4.072798333333333, 60.64756166666667], [4.0621133333333335, 60.573478333333334], [4.044073333333333, 60.500505], [4.032561666666667, 60.427791666666664], [4.020146666666666, 60.353375], [4.016603333333333, 60.27713833333333], [4.014505, 60.20044666666667], [4.016181666666666, 60.124698333333335], [4.021298333333333, 60.05034333333333], [4.0186866666666665, 59.977795], [4.013498333333334, 59.90524666666667], [4.011791666666666, 59.82980666666666], [4.01293, 59.75255], [4.0161, 59.675], [4.014615, 59.599095000000005], [4.010598333333333, 59.52252], [4.01345, 59.449125], [4.020721666666667, 59.375348333333335], [4.021468333333333, 59.30219666666667], [4.017665, 59.233466666666665], [4.012906666666667, 59.16314833333333], [4.008365, 59.09345166666667], [4.007123333333333, 59.02594], [4.006143333333333, 58.96174666666666], [4.0177716666666665, 58.90201666666667], [4.067518333333333, 58.85453833333334], [4.153116666666667, 58.820613333333334], [4.239906666666666, 58.78807166666666], [4.322913333333333, 58.755091666666665], [4.3896516666666665, 58.72455], [4.4396716666666665, 58.692568333333334], [4.469458333333334, 58.656843333333335], [4.500898333333334, 58.620331666666665], [4.53236, 58.58741333333333], [4.566613333333334, 58.553325], [4.597436666666667, 58.518768333333334], [4.637905, 58.49005666666667], [4.680518333333334, 58.465601666666664], [4.717686666666666, 58.437135], [4.750441666666666, 58.40958], [4.7793350000000006, 58.38011166666667], [4.80507, 58.35234666666667], [4.830443333333333, 58.32600166666667], [4.855138333333333, 58.29796833333333], [4.8795850000000005, 58.27093833333333], [4.897821666666667, 58.24632833333333], [4.91911, 58.217938333333336], [4.938466666666667, 58.19220333333333], [4.95744, 58.16966333333333], [4.981131666666667, 58.14331666666667], [5.003875, 58.116665], [5.021705, 58.09554666666667], [5.032028333333333, 58.07603833333334], [5.043661666666667, 58.05849166666667], [5.055656666666667, 58.03615166666667], [5.06775, 58.01712833333333], [5.07731, 57.99541833333333], [5.080563333333333, 57.983351666666664], [5.090736666666667, 57.962446666666665], [5.10529, 57.946173333333334], [5.1205316666666665, 57.92295], [5.135741666666666, 57.903978333333335], [5.154096666666666, 57.879356666666666], [5.170064999999999, 57.8514], [5.189616666666667, 57.82334166666667], [5.2065850000000005, 57.797628333333336], [5.2234316666666665, 57.766981666666666], [5.2416583333333335, 57.73186833333333], [5.26146, 57.69898666666666], [5.2921466666666666, 57.660669999999996], [5.350925, 57.631096666666664], [5.377838333333333, 57.592888333333335], [5.385628333333333, 57.552735], [5.466555, 57.526860000000006], [5.549843333333333, 57.493498333333335], [5.626626666666667, 57.45359833333334], [5.693061666666667, 57.40557833333333], [5.765618333333333, 57.35411333333333]]}, "properties": {"label": "FRONT ALTAIR", "mmsi": "538007007", "imo": "9745902", "name": "FRONT ALTAIR", "shiptype": "", "first_seen_utc": "2026-01-03T08:37:13Z", "last_seen_utc": "2026-01-12T15:36:22Z", "destination": "PLGDN", "eta": "{'Day': 15, 'Hour': 11, 'Minute': 0, 'Month': 1}", "display": "", "links": "<a href=\"https://www.vesselfinder.com/vessels?name=9745902\" target=\"_blank\" rel=\"noopener\">VesselFinder</a> | <a href=\"https://www.marinetraffic.com/en/ais/search/all?keyword=9745902\" target=\"_blank\" rel=\"noopener\">MarineTraffic</a>", "vf_url": "https://www.vesselfinder.com/vessels?name=9745902", "mst_url": "https://www.marinetraffic.com/en/ais/search/all?keyword=9745902", "method": "v3_2pass_track3d_fromru10d", "ru_seen_in_lookback": true, "in_monitor_on_day": true}}, {"type": "Feature", "geometry": {"type": "Point", "coordinates": [5.765618333333333, 57.35411333333333]}, "properties": {"label": "FRONT ALTAIR", "mmsi": "538007007", "imo": "9745902", "name": "FRONT ALTAIR", "shiptype": "", "first_seen_utc": "2026-01-03T08:37:13Z", "last_seen_utc": "2026-01-12T15:36:22Z", "destination": "PLGDN", "eta": "{'Day': 15, 'Hour': 11, 'Minute': 0, 'Month': 1}", "display": "FRONT ALTAIR (538007007)", "links": "<a href=\"https://www.vesselfinder.com/vessels?name=9745902\" target=\"_blank\" rel=\"noopener\">VesselFinder</a> | <a href=\"https://www.marinetraffic.com/en/ais/search/all?keyword=9745902\" target=\"_blank\" rel=\"noopener\">MarineTraffic</a>", "vf_url": "https://www.vesselfinder.com/vessels?name=9745902", "mst_url": "https://www.marinetraffic.com/en/ais/search/all?keyword=9745902", "method": "v3_2pass_track3d_fromru10d", "ru_seen_in_lookback": true, "in_monitor_on_day": true}}, {"type": "Feature", "geometry": {"type": "LineString", "coordinates": [[18.558123333333334, 54.52705666666667], [18.558091666666666, 54.52708333333333], [18.558103333333335, 54.52707], [18.558078333333334, 54.52706], [18.558106666666667, 54.527053333333335], [18.558063333333333, 54.52705666666667], [18.558116666666667, 54.527028333333334], [18.558061666666667, 54.527053333333335], [18.558078333333334, 54.52707833333333], [18.55806833333333, 54.52704666666667], [18.558065, 54.52704166666667], [18.558081666666666, 54.527031666666666], [18.558123333333334, 54.52704333333334], [18.558105, 54.527065], [18.558116666666667, 54.52708833333334], [18.558061666666667, 54.527028333333334], [18.558096666666664, 54.52704666666667], [18.558108333333333, 54.52704833333333], [18.558116666666667, 54.52704833333333], [18.558131666666668, 54.527045], [18.55807, 54.527031666666666], [18.558093333333332, 54.52707833333333], [18.55811, 54.52704166666667], [18.558155, 54.52706], [18.558125, 54.52704166666667], [18.558071666666667, 54.527025], [18.558078333333334, 54.527071666666664], [18.55807, 54.52706333333333], [18.55812166666667, 54.52705666666667], [18.558096666666664, 54.52708333333333], [18.55814666666667, 54.527065], [18.558061666666667, 54.527058333333336], [18.558046666666666, 54.52704166666667], [18.558083333333332, 54.52704666666667], [18.558086666666668, 54.52704166666667], [18.558123333333334, 54.527065], [18.558075, 54.527073333333334], [18.56075333333333, 54.52115], [18.646031666666666, 54.51997666666667], [18.77086166666667, 54.526113333333335], [18.85647833333333, 54.559920000000005], [18.901318333333332, 54.59674833333334], [18.937836666666666, 54.641576666666666], [18.976589999999998, 54.689661666666666], [19.014691666666668, 54.73984166666666], [19.033186666666666, 54.792746666666666], [18.980304999999998, 54.84379], [18.909375, 54.904109999999996], [18.81409, 54.951145], [15.495706666666667, 55.467265], [15.203518333333333, 55.488063333333336], [14.987026666666667, 55.503146666666666], [14.809238333333333, 55.49546333333333], [13.404491666666667, 55.241885], [13.147711666666668, 55.253415000000004], [12.972925, 55.25986], [12.810226666666667, 55.27840333333334], [12.674151666666667, 55.32566], [12.694026666666668, 55.40906333333333], [12.706506666666666, 55.453133333333334], [12.714065, 55.49097], [12.706391666666667, 55.556835], [12.693148333333333, 55.6505], [12.693658333333333, 55.755295000000004], [12.691125, 55.853773333333336], [12.67088, 55.94802833333333], [12.666374999999999, 56.04354166666667], [12.524615, 56.12569]]}, "properties": {"label": "RHOGAS", "mmsi": "305793000", "imo": "9618848", "name": "RHOGAS", "shiptype": "", "first_seen_utc": "2026-01-03T08:37:15Z", "last_seen_utc": "2026-01-12T05:42:51Z", "destination": "PLGDY > SEGOT", "eta": "{'Day': 12, 'Hour': 15, 'Minute': 0, 'Month': 1}", "display": "", "links": "<a href=\"https://www.vesselfinder.com/vessels?name=9618848\" target=\"_blank\" rel=\"noopener\">VesselFinder</a> | <a href=\"https://www.marinetraffic.com/en/ais/search/all?keyword=9618848\" target=\"_blank\" rel=\"noopener\">MarineTraffic</a>", "vf_url": "https://www.vesselfinder.com/vessels?name=9618848", "mst_url": "https://www.marinetraffic.com/en/ais/search/all?keyword=9618848", "method": "v3_2pass_track3d_fromru10d", "ru_seen_in_lookback": true, "in_monitor_on_day": true}}, {"type": "Feature", "geometry": {"type": "Point", "coordinates": [12.524615, 56.12569]}, "properties": {"label": "RHOGAS", "mmsi": "305793000", "imo": "9618848", "name": "RHOGAS", "shiptype": "", "first_seen_utc": "2026-01-03T08:37:15Z", "last_seen_utc": "2026-01-12T05:42:51Z", "destination": "PLGDY > SEGOT", "eta": "{'Day': 12, 'Hour': 15, 'Minute': 0, 'Month': 1}", "display": "RHOGAS (305793000)", "links": "<a href=\"https://www.vesselfinder.com/vessels?name=9618848\" target=\"_blank\" rel=\"noopener\">VesselFinder</a> | <a href=\"https://www.marinetraffic.com/en/ais/search/all?keyword=9618848\" target=\"_blank\" rel=\"noopener\">MarineTraffic</a>", "vf_url": "https://www.vesselfinder.com/vessels?name=9618848", "mst_url": "https://www.marinetraffic.com/en/ais/search/all?keyword=9618848", "method": "v3_2pass_track3d_fromru10d", "ru_seen_in_lookback": true, "in_monitor_on_day": true}}, {"type": "Feature", "geometry": {"type": "LineString", "coordinates": [[4.0940883333333336, 60.78523166666666], [4.076233333333334, 60.799501666666664], [4.05832, 60.813736666666664], [4.040333333333333, 60.827396666666665], [4.0228383333333335, 60.84182166666667], [4.005585, 60.855235], [3.986236666666667, 60.866679999999995], [3.96656, 60.87713333333333], [3.9511, 60.889163333333336], [3.9348716666666665, 60.90134166666667], [3.91758, 60.91341833333333], [3.9001366666666666, 60.925465], [3.8825250000000002, 60.93899833333333], [3.89848, 60.91256333333333], [3.9477366666666667, 60.87067666666667], [3.9927633333333334, 60.82822833333333], [4.047025, 60.79031], [4.10417, 60.75329166666667], [4.1611650000000004, 60.72005], [4.200096666666666, 60.70257333333333], [4.223521666666667, 60.683985], [4.219561666666666, 60.68478], [4.209626666666667, 60.70470666666667], [4.2010016666666665, 60.72541833333333], [4.191666666666666, 60.745533333333334], [4.182111666666667, 60.76544], [4.173585, 60.78539333333333], [4.16296, 60.805881666666664], [4.15053, 60.82586833333333], [4.13907, 60.844315], [4.12338, 60.860685], [4.101908333333333, 60.87580166666667], [4.076408333333333, 60.89056333333333], [4.052615, 60.90421], [4.028413333333334, 60.91688333333333], [4.002188333333334, 60.93062166666667], [3.9753583333333333, 60.944215], [3.9484350000000004, 60.95762666666667], [3.961138333333333, 60.918384999999994], [4.043491666666666, 60.833508333333334], [4.136426666666667, 60.74931], [4.212336666666666, 60.69656], [4.182593333333333, 60.719415000000005], [4.151773333333334, 60.74412333333333], [4.116018333333333, 60.76841833333334], [4.083373333333333, 60.791176666666665], [4.052138333333334, 60.81339333333334], [4.015223333333333, 60.836483333333334], [3.983883333333333, 60.859955], [3.9519366666666667, 60.88196666666667], [3.9164416666666666, 60.90334166666666], [3.8805783333333332, 60.92540333333333], [3.8488783333333334, 60.92007666666667], [3.8804683333333334, 60.87813333333334], [3.9264466666666666, 60.83467333333333], [3.989925, 60.79677166666667], [4.070753333333333, 60.763578333333335], [4.146426666666667, 60.72902333333333], [4.214763333333333, 60.695055], [4.194225, 60.694375], [4.1571983333333336, 60.72110166666666], [4.1489650000000005, 60.78616666666667], [4.120268333333334, 60.85391666666667], [4.098228333333333, 60.91857166666667], [4.058025, 60.96169], [4.03652, 60.95384833333333], [4.008571666666667, 60.941448333333334], [4.001426666666666, 60.911404999999995], [3.995503333333333, 60.88355], [3.9900216666666664, 60.856595], [3.99461, 60.83624333333333], [4.002088333333334, 60.811095], [4.0167850000000005, 60.788985000000004], [4.031993333333333, 60.76742], [4.057953333333334, 60.758325], [4.08007, 60.74807666666666], [4.107563333333333, 60.73831333333333], [4.13666, 60.740120000000005], [4.1375416666666665, 60.73956333333333], [4.139888333333333, 60.74022333333333], [4.138583333333333, 60.743743333333335], [4.1377266666666666, 60.745485], [4.138333333333334, 60.742585], [4.137215, 60.74534666666667], [4.136466666666666, 60.74949], [4.133371666666666, 60.756355], [4.128981666666666, 60.762215], [4.148353333333334, 60.76296833333333], [4.143613333333334, 60.76280833333333], [4.1439449999999995, 60.76810666666667], [4.11722, 60.77458], [4.0755316666666666, 60.77957833333333], [4.058185, 60.78143], [4.068653333333334, 60.790115], [4.088175000000001, 60.79803833333334], [4.065735, 60.80365], [4.026418333333334, 60.81211666666666], [3.9944333333333333, 60.81809], [3.9466866666666665, 60.82217166666667], [3.9001266666666665, 60.835095], [3.9221950000000003, 60.86129833333334], [3.9602316666666666, 60.8767], [3.95708, 60.87940833333334], [3.9628050000000004, 60.88341333333334], [3.9707083333333335, 60.89091333333333], [3.9703500000000003, 60.894795], [3.977615, 60.89744666666666], [3.98257, 60.891893333333336], [3.9874433333333332, 60.888603333333336], [4.00263, 60.892846666666664], [4.02405, 60.892939999999996], [4.029908333333333, 60.889426666666665], [4.050565, 60.89191166666667], [4.026891666666667, 60.88429], [4.0076583333333335, 60.88111833333333], [3.991785, 60.88196333333334], [3.994205, 60.87981], [4.013198333333333, 60.87275666666667], [4.041098333333333, 60.86790666666666], [4.06239, 60.85650333333333], [4.064405, 60.844588333333334], [4.0540416666666665, 60.83412166666667], [4.042126666666666, 60.823546666666665], [4.032138333333333, 60.817906666666666]]}, "properties": {"label": "SEAWAYS COLORADO", "mmsi": "538004034", "imo": "9594767", "name": "SEAWAYS COLORADO", "shiptype": "", "first_seen_utc": "2026-01-03T08:37:17Z", "last_seen_utc": "2026-01-12T15:55:16Z", "destination": "NOMON", "eta": "{'Day': 9, 'Hour': 18, 'Minute': 0, 'Month': 1}", "display": "", "links": "<a href=\"https://www.vesselfinder.com/vessels?name=9594767\" target=\"_blank\" rel=\"noopener\">VesselFinder</a> | <a href=\"https://www.marinetraffic.com/en/ais/search/all?keyword=9594767\" target=\"_blank\" rel=\"noopener\">MarineTraffic</a>", "vf_url": "https://www.vesselfinder.com/vessels?name=9594767", "mst_url": "https://www.marinetraffic.com/en/ais/search/all?keyword=9594767", "method": "v3_2pass_track3d_fromru10d", "ru_seen_in_lookback": true, "in_monitor_on_day": true}}, {"type": "Feature", "geometry": {"type": "Point", "coordinates": [4.032138333333333, 60.817906666666666]}, "properties": {"label": "SEAWAYS COLORADO", "mmsi": "538004034", "imo": "9594767", "name": "SEAWAYS COLORADO", "shiptype": "", "first_seen_utc": "2026-01-03T08:37:17Z", "last_seen_utc": "2026-01-12T15:55:16Z", "destination": "NOMON", "eta": "{'Day': 9, 'Hour': 18, 'Minute': 0, 'Month': 1}", "display": "SEAWAYS COLORADO (538004034)", "links": "<a href=\"https://www.vesselfinder.com/vessels?name=9594767\" target=\"_blank\" rel=\"noopener\">VesselFinder</a> | <a href=\"https://www.marinetraffic.com/en/ais/search/all?keyword=9594767\" target=\"_blank\" rel=\"noopener\">MarineTraffic</a>", "vf_url": "https://www.vesselfinder.com/vessels?name=9594767", "mst_url": "https://www.marinetraffic.com/en/ais/search/all?keyword=9594767", "method": "v3_2pass_track3d_fromru10d", "ru_seen_in_lookback": true, "in_monitor_on_day": true}}, {"type": "Feature", "geometry": {"type": "LineString", "coordinates": [[10.489876666666667, 57.87661666666667], [10.239693333333333, 57.86909166666667], [9.960401666666666, 57.85731666666666], [9.658908333333333, 57.836995], [9.40225, 57.763088333333336], [9.149955, 57.67524166666667], [8.885924999999999, 57.59005666666667], [8.633123333333334, 57.49546], [8.376458333333334, 57.401158333333335], [8.146984999999999, 57.29222], [7.970678333333334, 57.15869333333333], [7.065351666666667, 54.66833333333333], [7.118455, 54.59139166666667], [7.178993333333334, 54.511201666666665], [7.249991666666667, 54.40130166666667], [7.315481666666667, 54.29886833333333], [7.402996666666667, 54.204503333333335], [7.49045, 54.10968666666667], [7.583275, 54.011878333333335], [7.7261050000000004, 53.89539666666667], [7.979441666666667, 53.85278166666667], [8.188526666666666, 53.76045166666667], [8.37344, 53.6717], [8.498953333333334, 53.605365], [8.530536666666666, 53.58025333333333], [8.537761666666666, 53.575358333333334], [8.537758333333333, 53.57539166666666], [8.537758333333333, 53.57537166666667], [8.537761666666666, 53.57538], [8.537773333333332, 53.57537666666666], [8.537776666666668, 53.57536666666667], [8.537765, 53.57538], [8.537746666666667, 53.57539], [8.537751666666667, 53.57537333333333], [8.537736666666666, 53.575385], [8.537759999999999, 53.57541666666667], [8.537728333333332, 53.57541666666667], [8.537745, 53.575405], [8.537749999999999, 53.57539666666666], [8.537721666666666, 53.57538833333333], [8.537708333333335, 53.575428333333335], [8.537749999999999, 53.575403333333334], [8.537788333333333, 53.57539666666666], [8.537761666666666, 53.57537833333333], [8.537743333333333, 53.57541833333333], [8.537756666666667, 53.57539333333333], [8.537765, 53.57540166666667], [8.537728333333332, 53.575428333333335], [8.537761666666666, 53.575408333333336], [8.537745, 53.575375], [8.537813333333334, 53.57536], [8.537751666666667, 53.575410000000005], [8.537783333333334, 53.57537333333333], [8.537783333333334, 53.575361666666666], [8.537775, 53.575406666666666], [8.537748333333333, 53.57539], [8.537740000000001, 53.575406666666666], [8.5377, 53.575435], [8.537796666666667, 53.575354999999995], [8.537728333333332, 53.57539666666666], [8.537740000000001, 53.57539166666666], [8.537743333333333, 53.57539166666666], [8.537728333333332, 53.575408333333336], [8.537711666666667, 53.57542333333333], [8.537706666666667, 53.575399999999995], [8.537781666666666, 53.575425], [8.537753333333335, 53.575358333333334], [8.537651666666667, 53.57541333333334], [8.537796666666667, 53.575363333333335], [8.537759999999999, 53.575410000000005], [8.537808333333334, 53.575336666666665], [8.53772, 53.575405], [8.537776666666668, 53.575354999999995], [8.537745, 53.575435], [8.537728333333332, 53.575421666666664], [8.537866666666668, 53.575426666666665], [8.537738333333333, 53.575385], [8.537731666666668, 53.575410000000005], [8.537755, 53.57541166666667], [8.537758333333333, 53.575415], [8.537736666666666, 53.57541833333333], [8.537763333333334, 53.57543166666667], [8.537745, 53.57538833333333], [8.537748333333333, 53.575403333333334], [8.537755, 53.575426666666665], [8.537716666666666, 53.57539833333333], [8.537748333333333, 53.57541166666667], [8.537740000000001, 53.575410000000005], [8.537761666666666, 53.575395], [8.537743333333333, 53.57544166666666], [8.537708333333335, 53.57544166666666], [8.53777, 53.57539666666666], [8.537749999999999, 53.57539833333333], [8.537749999999999, 53.57538666666667], [8.537753333333335, 53.57541333333334], [8.537761666666666, 53.575421666666664], [8.537745, 53.57539166666666]]}, "properties": {"label": "MSC OLIVIA", "mmsi": "636022723", "imo": "9954761", "name": "MSC OLIVIA", "shiptype": "", "first_seen_utc": "2026-01-03T08:37:20Z", "last_seen_utc": "2026-01-12T15:37:25Z", "destination": "DEBRV", "eta": "{'Day': 10, 'Hour': 22, 'Minute': 0, 'Month': 1}", "display": "", "links": "<a href=\"https://www.vesselfinder.com/vessels?name=9954761\" target=\"_blank\" rel=\"noopener\">VesselFinder</a> | <a href=\"https://www.marinetraffic.com/en/ais/search/all?keyword=9954761\" target=\"_blank\" rel=\"noopener\">MarineTraffic</a>", "vf_url": "https://www.vesselfinder.com/vessels?name=9954761", "mst_url": "https://www.marinetraffic.com/en/ais/search/all?keyword=9954761", "method": "v3_2pass_track3d_fromru10d", "ru_seen_in_lookback": true, "in_monitor_on_day": true}}, {"type": "Feature", "geometry": {"type": "Point", "coordinates": [8.537745, 53.57539166666666]}, "properties": {"label": "MSC OLIVIA", "mmsi": "636022723", "imo": "9954761", "name": "MSC OLIVIA", "shiptype": "", "first_seen_utc": "2026-01-03T08:37:20Z", "last_seen_utc": "2026-01-12T15:37:25Z", "destination": "DEBRV", "eta": "{'Day': 10, 'Hour': 22, 'Minute': 0, 'Month': 1}", "display": "MSC OLIVIA (636022723)", "links": "<a href=\"https://www.vesselfinder.com/vessels?name=9954761\" target=\"_blank\" rel=\"noopener\">VesselFinder</a> | <a href=\"https://www.marinetraffic.com/en/ais/search/all?keyword=9954761\" target=\"_blank\" rel=\"noopener\">MarineTraffic</a>", "vf_url": "https://www.vesselfinder.com/vessels?name=9954761", "mst_url": "https://www.marinetraffic.com/en/ais/search/all?keyword=9954761", "method": "v3_2pass_track3d_fromru10d", "ru_seen_in_lookback": true, "in_monitor_on_day": true}}, {"type": "Feature", "geometry": {"type": "LineString", "coordinates": [[15.661453333333332, 55.80383833333334], [15.499936666666667, 55.855673333333336], [15.352186666666666, 55.908318333333334], [15.247561666666666, 55.93982666666667], [15.144185, 55.97215666666667], [15.041106666666668, 56.003591666666665], [14.942925, 56.03879166666666], [14.88601, 56.06346666666666], [14.846251666666666, 56.094115], [14.819988333333333, 56.141735000000004], [14.825468333333333, 56.15452333333334], [14.826459999999999, 56.15536], [14.826465, 56.155366666666666], [14.826463333333333, 56.155363333333334], [14.826468333333334, 56.155364999999996], [14.82647, 56.155366666666666], [14.826471666666666, 56.155363333333334], [14.82647, 56.155366666666666], [14.826473333333333, 56.155363333333334], [14.82647, 56.155363333333334], [14.826473333333333, 56.155361666666664], [14.826473333333333, 56.155363333333334], [14.82647, 56.155366666666666], [14.826476666666668, 56.155364999999996], [14.826474999999999, 56.155363333333334], [14.826473333333333, 56.155363333333334], [14.826476666666668, 56.155363333333334], [14.826478333333334, 56.155364999999996], [14.826478333333334, 56.15536833333333], [14.82647, 56.155364999999996], [14.826481666666666, 56.155361666666664], [14.826471666666666, 56.155361666666664], [14.826478333333334, 56.155363333333334], [14.826474999999999, 56.155361666666664], [14.826473333333333, 56.155363333333334], [14.826463333333333, 56.15537666666667], [14.826471666666666, 56.15537333333334], [14.82647, 56.15537166666666], [14.826476666666668, 56.155366666666666], [14.82648, 56.155363333333334], [14.826474999999999, 56.155366666666666], [14.82648, 56.155364999999996], [14.826476666666668, 56.155366666666666], [14.82647, 56.155364999999996], [14.826466666666667, 56.155366666666666], [14.826466666666667, 56.155366666666666], [14.82647, 56.155364999999996], [14.826465, 56.155364999999996], [14.826466666666667, 56.155364999999996], [14.82647, 56.155363333333334], [14.826468333333334, 56.155366666666666], [14.826465, 56.155366666666666], [14.826459999999999, 56.155364999999996], [14.826465, 56.155363333333334], [14.82647, 56.155361666666664], [14.826465, 56.155363333333334], [14.826465, 56.15536833333333], [14.826468333333334, 56.155364999999996], [14.826471666666666, 56.155364999999996], [14.82647, 56.155364999999996], [14.82647, 56.155366666666666], [14.826466666666667, 56.155363333333334], [14.826471666666666, 56.15536833333333], [14.826471666666666, 56.15537333333334], [14.826463333333333, 56.15536833333333], [14.826465, 56.155366666666666], [14.826461666666667, 56.155366666666666], [14.826461666666667, 56.155366666666666], [14.826466666666667, 56.155363333333334], [14.826466666666667, 56.155363333333334], [14.826463333333333, 56.155366666666666], [14.826468333333334, 56.155361666666664], [14.826471666666666, 56.155364999999996], [14.826465, 56.155363333333334], [14.826465, 56.155364999999996], [14.826466666666667, 56.15536], [14.826465, 56.15536], [14.826468333333334, 56.155363333333334], [14.826466666666667, 56.155361666666664], [14.826459999999999, 56.155363333333334], [14.826458333333333, 56.15537], [14.826465, 56.15536833333333], [14.826468333333334, 56.155366666666666], [14.826471666666666, 56.155363333333334], [14.82647, 56.155361666666664], [14.826468333333334, 56.15536833333333], [14.826461666666667, 56.155364999999996], [14.826463333333333, 56.155363333333334], [14.826456666666667, 56.155363333333334], [14.824601666666666, 56.11273833333333], [14.878006666666666, 56.08916333333333], [15.004538333333333, 56.01983], [15.166755, 55.96761166666667], [15.330116666666667, 55.916255], [15.488971666666666, 55.86590666666667], [18.472825, 55.06630333333333], [18.630835, 55.00153666666667]]}, "properties": {"label": "HAPPY PEREGRINE", "mmsi": "219558000", "imo": "9553660", "name": "HAPPY PEREGRINE", "shiptype": "", "first_seen_utc": "2026-01-03T08:37:21Z", "last_seen_utc": "2026-01-12T16:01:09Z", "destination": "PLGDN", "eta": "{'Day': 12, 'Hour': 19, 'Minute': 0, 'Month': 1}", "display": "", "links": "<a href=\"https://www.vesselfinder.com/vessels?name=9553660\" target=\"_blank\" rel=\"noopener\">VesselFinder</a> | <a href=\"https://www.marinetraffic.com/en/ais/search/all?keyword=9553660\" target=\"_blank\" rel=\"noopener\">MarineTraffic</a>", "vf_url": "https://www.vesselfinder.com/vessels?name=9553660", "mst_url": "https://www.marinetraffic.com/en/ais/search/all?keyword=9553660", "method": "v3_2pass_track3d_fromru10d", "ru_seen_in_lookback": true, "in_monitor_on_day": true}}, {"type": "Feature", "geometry": {"type": "Point", "coordinates": [18.630835, 55.00153666666667]}, "properties": {"label": "HAPPY PEREGRINE", "mmsi": "219558000", "imo": "9553660", "name": "HAPPY PEREGRINE", "shiptype": "", "first_seen_utc": "2026-01-03T08:37:21Z", "last_seen_utc": "2026-01-12T16:01:09Z", "destination": "PLGDN", "eta": "{'Day': 12, 'Hour': 19, 'Minute': 0, 'Month': 1}", "display": "HAPPY PEREGRINE (219558000)", "links": "<a href=\"https://www.vesselfinder.com/vessels?name=9553660\" target=\"_blank\" rel=\"noopener\">VesselFinder</a> | <a href=\"https://www.marinetraffic.com/en/ais/search/all?keyword=9553660\" target=\"_blank\" rel=\"noopener\">MarineTraffic</a>", "vf_url": "https://www.vesselfinder.com/vessels?name=9553660", "mst_url": "https://www.marinetraffic.com/en/ais/search/all?keyword=9553660", "method": "v3_2pass_track3d_fromru10d", "ru_seen_in_lookback": true, "in_monitor_on_day": true}}, {"type": "Feature", "geometry": {"type": "LineString", "coordinates": [[10.497095, 57.85264333333334], [10.28328, 57.852758333333334], [10.072113333333334, 57.85173833333333], [9.86129, 57.84850166666667], [9.646295, 57.85534666666667], [9.440651666666668, 57.86071666666667], [9.230255, 57.84509833333333], [9.017235, 57.82953833333333], [8.799328333333333, 57.826728333333335], [8.596824999999999, 57.82647333333333], [8.399849999999999, 57.81577333333333], [8.203773333333334, 57.806736666666666], [8.017536666666667, 57.80094833333333], [7.833893333333333, 57.77377833333333], [7.639936666666667, 57.77287833333333], [7.441893333333334, 57.77619], [7.247968333333334, 57.78271333333333], [7.039303333333334, 57.786831666666664], [6.850521666666666, 57.78853166666667], [6.694368333333333, 57.808795], [6.535645, 57.85985166666667], [6.392015, 57.90918833333333], [6.31647, 57.97366666666667], [6.271566666666667, 57.967515000000006], [6.247281666666667, 57.929875], [6.226226666666666, 57.895385000000005], [6.214576666666667, 57.854124999999996], [6.20025, 57.809135], [6.180853333333333, 57.767968333333336], [6.165273333333333, 57.727465], [6.147103333333333, 57.691015], [6.130375, 57.65248333333333], [6.108553333333333, 57.617153333333334], [6.08739, 57.58233166666666], [6.0688200000000005, 57.555703333333334], [6.0487183333333325, 57.52818833333333], [6.03231, 57.49843166666667], [5.999483333333333, 57.475273333333334], [5.931823333333333, 57.548991666666666], [5.839076666666667, 57.627489999999995], [5.735564999999999, 57.71458833333334], [5.64138, 57.801813333333335], [5.55174, 57.88510333333333], [5.458515, 57.967803333333336], [5.361115, 58.05399666666666], [5.258976666666666, 58.14037166666667], [5.1586533333333335, 58.22439333333333], [5.060163333333334, 58.306711666666665], [4.960051666666667, 58.388205], [4.865698333333333, 58.47248333333334], [4.794146666666666, 58.56381], [4.713711666666667, 58.66240333333334], [4.6253633333333335, 58.75777166666667], [4.546336666666666, 58.85655666666666], [4.491258333333334, 58.958729999999996], [4.441706666666667, 59.061656666666664], [4.394911666666667, 59.162823333333336], [4.353761666666667, 59.26940166666667], [4.318913333333333, 59.37794833333333], [4.291711666666667, 59.48699333333333]]}, "properties": {"label": "DRINA S", "mmsi": "373240000", "imo": "9635743", "name": "DRINA S", "shiptype": "", "first_seen_utc": "2026-01-03T08:37:24Z", "last_seen_utc": "2026-01-12T15:51:30Z", "destination": "RUMMK", "eta": "{'Day': 16, 'Hour': 3, 'Minute': 0, 'Month': 1}", "display": "", "links": "<a href=\"https://www.vesselfinder.com/vessels?name=9635743\" target=\"_blank\" rel=\"noopener\">VesselFinder</a> | <a href=\"https://www.marinetraffic.com/en/ais/search/all?keyword=9635743\" target=\"_blank\" rel=\"noopener\">MarineTraffic</a>", "vf_url": "https://www.vesselfinder.com/vessels?name=9635743", "mst_url": "https://www.marinetraffic.com/en/ais/search/all?keyword=9635743", "method": "v3_2pass_track3d_fromru10d", "ru_seen_in_lookback": true, "in_monitor_on_day": true}}, {"type": "Feature", "geometry": {"type": "Point", "coordinates": [4.291711666666667, 59.48699333333333]}, "properties": {"label": "DRINA S", "mmsi": "373240000", "imo": "9635743", "name": "DRINA S", "shiptype": "", "first_seen_utc": "2026-01-03T08:37:24Z", "last_seen_utc": "2026-01-12T15:51:30Z", "destination": "RUMMK", "eta": "{'Day': 16, 'Hour': 3, 'Minute': 0, 'Month': 1}", "display": "DRINA S (373240000)", "links": "<a href=\"https://www.vesselfinder.com/vessels?name=9635743\" target=\"_blank\" rel=\"noopener\">VesselFinder</a> | <a href=\"https://www.marinetraffic.com/en/ais/search/all?keyword=9635743\" target=\"_blank\" rel=\"noopener\">MarineTraffic</a>", "vf_url": "https://www.vesselfinder.com/vessels?name=9635743", "mst_url": "https://www.marinetraffic.com/en/ais/search/all?keyword=9635743", "method": "v3_2pass_track3d_fromru10d", "ru_seen_in_lookback": true, "in_monitor_on_day": true}}, {"type": "Feature", "geometry": {"type": "LineString", "coordinates": [[4.07461, 51.957586666666664], [4.0745933333333335, 51.957586666666664], [4.07458, 51.957586666666664], [4.0745933333333335, 51.957570000000004], [4.074591666666667, 51.957568333333334], [4.074606666666667, 51.957568333333334], [4.074591666666667, 51.957568333333334], [4.074591666666667, 51.957585], [4.07461, 51.957586666666664], [4.0745933333333335, 51.957570000000004], [4.074576666666667, 51.95755333333333], [4.0745933333333335, 51.957570000000004], [4.074596666666666, 51.957586666666664], [4.074613333333334, 51.957570000000004], [4.0745933333333335, 51.957570000000004], [4.074576666666667, 51.95755333333333], [4.074563333333334, 51.95755333333333], [4.074575, 51.957568333333334], [4.074576666666667, 51.95755333333333], [4.074598333333333, 51.957570000000004], [4.07461, 51.957570000000004], [4.077518333333334, 51.95357166666667], [4.068863333333334, 51.95009], [4.06872, 51.95021], [4.068723333333334, 51.95019833333333], [4.068736666666667, 51.95027833333334], [4.068721666666667, 51.950201666666665], [4.068721666666667, 51.95018833333334], [4.068736666666667, 51.95019166666667], [4.068738333333333, 51.950203333333334], [4.068721666666667, 51.950219999999995], [4.068703333333334, 51.950225], [4.075338333333333, 51.950185000000005], [4.075278333333333, 51.956358333333334], [4.075285, 51.95634333333333], [4.075278333333333, 51.956358333333334], [4.075306666666667, 51.95634], [4.075295, 51.956358333333334], [4.07528, 51.956358333333334], [4.07567, 51.955641666666665], [4.025868333333333, 51.974113333333335], [3.9962783333333336, 51.95848], [3.996043333333333, 51.95727], [3.9960483333333334, 51.95727], [3.9960333333333335, 51.95727], [3.996043333333333, 51.95727], [3.9960333333333335, 51.95727], [3.9960316666666666, 51.95727], [3.9960333333333335, 51.95727], [3.996106666666667, 51.95727], [3.9960316666666666, 51.95727], [3.99602, 51.95726833333333], [3.9960166666666668, 51.95727], [3.996096666666667, 51.95723666666667], [3.99982, 51.97237166666666], [4.080525, 51.97692166666666], [4.197635, 51.939326666666666], [4.340621666666666, 51.895275], [4.410288333333333, 51.88126166666667], [4.419566666666666, 51.87874333333333], [4.41955, 51.87876000000001], [4.4195633333333335, 51.87875333333333], [4.419568333333333, 51.87876166666667], [4.419548333333334, 51.878773333333335], [4.419545, 51.87876833333333], [4.419648333333333, 51.87872333333333], [4.41955, 51.87874166666666], [4.41955, 51.87876000000001], [4.4035866666666665, 51.88852833333333], [4.260433333333333, 51.90776833333334], [4.095658333333334, 51.98207166666667], [3.909473333333333, 52.027879999999996], [3.9072416666666667, 52.144708333333334], [3.863875, 52.285975], [3.89619, 52.42272666666667], [3.9549283333333336, 52.56304], [4.072233333333333, 52.68240166666667], [4.165641666666667, 52.77621666666666], [4.2497799999999994, 52.86365166666667], [4.333285, 52.948946666666664], [4.4166, 53.03409333333333], [4.50263, 53.11855333333333], [4.581458333333333, 53.205798333333334], [4.649533333333333, 53.299465000000005], [4.725986666666667, 53.390415], [4.8776383333333335, 53.43880333333333], [5.034096666666667, 53.479670000000006], [5.20007, 53.511381666666665], [5.368671666666667, 53.54134833333333], [5.545285000000001, 53.57501166666667], [5.712035, 53.608885], [5.880435, 53.640435000000004], [6.0474016666666675, 53.671508333333335], [6.2118899999999995, 53.70194166666667], [6.390686666666666, 53.736149999999995], [6.670895, 53.77795666666667], [6.844449999999999, 53.80106833333333], [7.012858333333333, 53.82586166666667], [7.260205, 53.86514833333333], [7.424236666666667, 53.89018166666666], [7.630038333333333, 53.920716666666664], [8.998793333333333, 53.85168], [9.155735, 53.87932333333333], [9.286643333333334, 53.86479666666666], [9.372021666666665, 53.807604999999995], [9.440576666666667, 53.73296833333333], [9.514683333333332, 53.65848166666667], [9.602406666666667, 53.59174333333333], [9.726996666666668, 53.562545], [9.835568333333333, 53.548075000000004], [9.898465, 53.541215], [9.911656666666666, 53.539721666666665], [9.911671666666667, 53.53969], [9.911673333333333, 53.53970666666667], [9.91169, 53.53971833333333]]}, "properties": {"label": "SKALAR", "mmsi": "255806476", "imo": "9458975", "name": "SKALAR", "shiptype": "", "first_seen_utc": "2026-01-03T08:37:25Z", "last_seen_utc": "2026-01-12T15:44:42Z", "destination": "DEHAM", "eta": "{'Day': 12, 'Hour': 13, 'Minute': 0, 'Month': 1}", "display": "", "links": "<a href=\"https://www.vesselfinder.com/vessels?name=9458975\" target=\"_blank\" rel=\"noopener\">VesselFinder</a> | <a href=\"https://www.marinetraffic.com/en/ais/search/all?keyword=9458975\" target=\"_blank\" rel=\"noopener\">MarineTraffic</a>", "vf_url": "https://www.vesselfinder.com/vessels?name=9458975", "mst_url": "https://www.marinetraffic.com/en/ais/search/all?keyword=9458975", "method": "v3_2pass_track3d_fromru10d", "ru_seen_in_lookback": true, "in_monitor_on_day": true}}, {"type": "Feature", "geometry": {"type": "Point", "coordinates": [9.91169, 53.53971833333333]}, "properties": {"label": "SKALAR", "mmsi": "255806476", "imo": "9458975", "name": "SKALAR", "shiptype": "", "first_seen_utc": "2026-01-03T08:37:25Z", "last_seen_utc": "2026-01-12T15:44:42Z", "destination": "DEHAM", "eta": "{'Day': 12, 'Hour': 13, 'Minute': 0, 'Month': 1}", "display": "SKALAR (255806476)", "links": "<a href=\"https://www.vesselfinder.com/vessels?name=9458975\" target=\"_blank\" rel=\"noopener\">VesselFinder</a> | <a href=\"https://www.marinetraffic.com/en/ais/search/all?keyword=9458975\" target=\"_blank\" rel=\"noopener\">MarineTraffic</a>", "vf_url": "https://www.vesselfinder.com/vessels?name=9458975", "mst_url": "https://www.marinetraffic.com/en/ais/search/all?keyword=9458975", "method": "v3_2pass_track3d_fromru10d", "ru_seen_in_lookback": true, "in_monitor_on_day": true}}, {"type": "Feature", "geometry": {"type": "LineString", "coordinates": [[18.802225, 54.602285], [18.802221666666664, 54.60228333333334], [18.802218333333332, 54.60227666666666], [18.802231666666668, 54.60227666666666], [18.802221666666664, 54.60227], [18.802218333333332, 54.60228166666666], [18.802221666666664, 54.60225833333333], [18.802225, 54.60228333333334], [18.80222, 54.60227833333333], [18.802218333333332, 54.60227166666667], [18.802216666666666, 54.60227333333333], [18.802236666666666, 54.602275], [18.802221666666664, 54.60227666666666], [18.80222, 54.60227333333333], [18.802225, 54.602288333333334], [18.80221166666667, 54.60227333333333], [18.802226666666666, 54.60228], [18.80223, 54.60227], [18.802225, 54.60227833333333], [18.802215, 54.60227], [18.80221166666667, 54.60228], [18.80223833333333, 54.60227666666666], [18.802226666666666, 54.60228], [18.802215, 54.60227666666666], [18.802221666666664, 54.602275], [18.802216666666666, 54.60227833333333], [18.80223, 54.60229], [18.80222, 54.60227666666666], [18.802235, 54.602275], [18.802216666666666, 54.60227166666667], [18.802228333333336, 54.60228], [18.802243333333333, 54.602261666666664], [18.802226666666666, 54.60228666666667], [18.80221, 54.60228166666666], [18.802225, 54.60227333333333], [18.80223833333333, 54.60228166666666], [18.80221, 54.60227166666667], [18.802223333333334, 54.60227], [18.802226666666666, 54.602266666666665], [18.80221166666667, 54.602285], [18.802215, 54.60227833333333], [18.802233333333334, 54.60227], [18.802225, 54.60227666666666], [18.802213333333334, 54.60227666666666], [18.802226666666666, 54.60227333333333], [18.802243333333333, 54.6023], [18.802228333333336, 54.60227666666666], [18.802225, 54.60227333333333], [18.802213333333334, 54.60227833333333], [18.802228333333336, 54.60227166666667], [18.80222, 54.60228333333334], [18.802215, 54.60227333333333], [18.802223333333334, 54.602275], [18.802233333333334, 54.60227333333333], [18.802233333333334, 54.60227333333333], [18.80222, 54.602265], [18.80221166666667, 54.602268333333335], [18.802223333333334, 54.60227333333333], [18.80223, 54.60227166666667], [18.802233333333334, 54.60227166666667], [18.802226666666666, 54.602275], [18.802225, 54.60228333333334], [18.802205, 54.60227], [18.802216666666666, 54.602275], [18.80222, 54.602275], [18.802225, 54.60227666666666], [18.802215, 54.602275], [18.802203333333335, 54.602288333333334], [18.80221, 54.60224166666667], [18.802223333333334, 54.60227833333333], [18.802213333333334, 54.60227666666666], [18.80223833333333, 54.60225833333333], [18.80223, 54.60227], [18.802231666666668, 54.602288333333334], [18.802221666666664, 54.602261666666664], [18.802226666666666, 54.602268333333335], [18.802223333333334, 54.60227333333333], [18.802226666666666, 54.602275], [18.802226666666666, 54.60226], [18.802216666666666, 54.60227666666666], [18.80221, 54.60227333333333], [18.802231666666668, 54.60227666666666], [18.802225, 54.60227833333333], [18.802235, 54.60228], [18.802216666666666, 54.60228333333334], [18.80222, 54.60227166666667], [18.802221666666664, 54.60227166666667], [18.802213333333334, 54.60227333333333], [18.802226666666666, 54.602275], [18.802228333333336, 54.60228], [18.80221166666667, 54.60227833333333], [18.802213333333334, 54.60227666666666], [18.802225, 54.602288333333334], [18.802236666666666, 54.60227833333333], [18.80223, 54.602285], [18.802208333333333, 54.602291666666666], [18.802236666666666, 54.60225666666667], [18.80222, 54.60227833333333], [18.802235, 54.60228166666666], [18.802216666666666, 54.60227333333333], [18.80223833333333, 54.60227833333333], [18.802245000000003, 54.60227666666666], [18.802236666666666, 54.602285], [18.802226666666666, 54.60227333333333], [18.802215, 54.60227666666666], [18.802231666666668, 54.602268333333335], [18.802215, 54.602268333333335], [18.802213333333334, 54.60227333333333], [18.802233333333334, 54.60227666666666], [18.802228333333336, 54.60228333333334], [18.80222, 54.60228], [18.802213333333334, 54.60228], [18.80223, 54.60228166666666], [18.802236666666666, 54.60227666666666], [18.802200000000003, 54.602285], [18.802241666666664, 54.602265], [18.802223333333334, 54.602265], [18.802226666666666, 54.60227], [18.802226666666666, 54.602266666666665], [18.80225, 54.602266666666665], [18.802213333333334, 54.602288333333334], [18.802221666666664, 54.60226333333333], [18.802223333333334, 54.602268333333335], [18.802213333333334, 54.602275], [18.802205, 54.60226], [18.802223333333334, 54.60226333333333]]}, "properties": {"label": "JAS-76", "mmsi": "261007950", "imo": "", "name": "JAS-76", "shiptype": "", "first_seen_utc": "2026-01-03T08:37:25Z", "last_seen_utc": "2026-01-12T15:51:04Z", "destination": "HEL", "eta": "{'Day': 8, 'Hour': 14, 'Minute': 10, 'Month': 1}", "display": "", "links": "<a href=\"https://www.vesselfinder.com/vessels?name=261007950\" target=\"_blank\" rel=\"noopener\">VesselFinder</a> | <a href=\"https://www.marinetraffic.com/en/ais/search/all?keyword=261007950\" target=\"_blank\" rel=\"noopener\">MarineTraffic</a>", "vf_url": "https://www.vesselfinder.com/vessels?name=261007950", "mst_url": "https://www.marinetraffic.com/en/ais/search/all?keyword=261007950", "method": "v3_2pass_track3d_fromru10d", "ru_seen_in_lookback": true, "in_monitor_on_day": true}}, {"type": "Feature", "geometry": {"type": "Point", "coordinates": [18.802223333333334, 54.60226333333333]}, "properties": {"label": "JAS-76", "mmsi": "261007950", "imo": "", "name": "JAS-76", "shiptype": "", "first_seen_utc": "2026-01-03T08:37:25Z", "last_seen_utc": "2026-01-12T15:51:04Z", "destination": "HEL", "eta": "{'Day': 8, 'Hour': 14, 'Minute': 10, 'Month': 1}", "display": "JAS-76 (261007950)", "links": "<a href=\"https://www.vesselfinder.com/vessels?name=261007950\" target=\"_blank\" rel=\"noopener\">VesselFinder</a> | <a href=\"https://www.marinetraffic.com/en/ais/search/all?keyword=261007950\" target=\"_blank\" rel=\"noopener\">MarineTraffic</a>", "vf_url": "https://www.vesselfinder.com/vessels?name=261007950", "mst_url": "https://www.marinetraffic.com/en/ais/search/all?keyword=261007950", "method": "v3_2pass_track3d_fromru10d", "ru_seen_in_lookback": true, "in_monitor_on_day": true}}, {"type": "Feature", "geometry": {"type": "LineString", "coordinates": [[15.717775, 55.688941666666665], [15.49021, 55.643436666666666], [15.253848333333334, 55.591945], [15.041536666666667, 55.54419166666666], [14.854563333333335, 55.49415166666667], [14.668935000000001, 55.44873333333333], [14.478029999999999, 55.35763], [12.575168333333332, 54.71899166666667], [12.292818333333335, 54.60947833333333], [12.212106666666667, 54.495865], [12.070331666666668, 54.43109333333334], [11.863075, 54.43011666666666], [11.670445, 54.46385333333333], [11.482126666666666, 54.52015666666667], [11.285778333333333, 54.57717666666667], [11.073608333333334, 54.604974999999996], [10.87222, 54.64467666666667], [10.786183333333334, 54.74290833333334], [10.839038333333333, 54.874385], [10.974221666666667, 54.98288], [10.990548333333333, 55.10740833333333], [11.094186666666667, 55.20086333333334], [11.0455, 55.312400000000004], [10.973881666666667, 55.430515], [10.858983333333333, 55.539633333333335], [10.785061666666667, 55.66453166666667], [10.815371666666666, 55.79188666666666], [10.931786666666666, 55.900848333333336], [11.117215, 56.05675166666666]]}, "properties": {"label": "XIN LONG YUN 86", "mmsi": "412705880", "imo": "9162265", "name": "XIN LONG YUN 86", "shiptype": "", "first_seen_utc": "2026-01-03T08:37:30Z", "last_seen_utc": "2026-01-12T06:36:06Z", "destination": "EGEDK", "eta": "{'Day': 19, 'Hour': 15, 'Minute': 0, 'Month': 1}", "display": "", "links": "<a href=\"https://www.vesselfinder.com/vessels?name=9162265\" target=\"_blank\" rel=\"noopener\">VesselFinder</a> | <a href=\"https://www.marinetraffic.com/en/ais/search/all?keyword=9162265\" target=\"_blank\" rel=\"noopener\">MarineTraffic</a>", "vf_url": "https://www.vesselfinder.com/vessels?name=9162265", "mst_url": "https://www.marinetraffic.com/en/ais/search/all?keyword=9162265", "method": "v3_2pass_track3d_fromru10d", "ru_seen_in_lookback": true, "in_monitor_on_day": true}}, {"type": "Feature", "geometry": {"type": "Point", "coordinates": [11.117215, 56.05675166666666]}, "properties": {"label": "XIN LONG YUN 86", "mmsi": "412705880", "imo": "9162265", "name": "XIN LONG YUN 86", "shiptype": "", "first_seen_utc": "2026-01-03T08:37:30Z", "last_seen_utc": "2026-01-12T06:36:06Z", "destination": "EGEDK", "eta": "{'Day': 19, 'Hour': 15, 'Minute': 0, 'Month': 1}", "display": "XIN LONG YUN 86 (412705880)", "links": "<a href=\"https://www.vesselfinder.com/vessels?name=9162265\" target=\"_blank\" rel=\"noopener\">VesselFinder</a> | <a href=\"https://www.marinetraffic.com/en/ais/search/all?keyword=9162265\" target=\"_blank\" rel=\"noopener\">MarineTraffic</a>", "vf_url": "https://www.vesselfinder.com/vessels?name=9162265", "mst_url": "https://www.marinetraffic.com/en/ais/search/all?keyword=9162265", "method": "v3_2pass_track3d_fromru10d", "ru_seen_in_lookback": true, "in_monitor_on_day": true}}, {"type": "Feature", "geometry": {"type": "LineString", "coordinates": [[18.802978333333332, 54.60006333333333], [18.802981666666668, 54.600045], [18.802948333333333, 54.600045], [18.80296666666667, 54.60006333333333], [18.802928333333334, 54.600055], [18.802925000000002, 54.60006], [18.802945, 54.60009166666667], [18.802948333333333, 54.60009166666667], [18.802964999999997, 54.60007333333333], [18.802945, 54.60007333333333], [18.802938333333334, 54.600026666666665], [18.802931666666666, 54.60004666666667], [18.80292166666667, 54.60004833333333], [18.802926666666668, 54.600045], [18.802958333333333, 54.60003833333334], [18.802946666666667, 54.600015], [18.802973333333334, 54.600045], [18.802993333333333, 54.600045], [18.803005, 54.600026666666665], [18.802970000000002, 54.60004333333333], [18.802988333333335, 54.60004166666667], [18.802983333333334, 54.60008666666667], [18.802956666666667, 54.600075], [18.802991666666667, 54.60005833333333], [18.803006666666665, 54.60006333333333], [18.80296333333333, 54.60005], [18.802970000000002, 54.60005666666667], [18.802961666666665, 54.60008166666667], [18.802970000000002, 54.600069999999995], [18.802964999999997, 54.600078333333336], [18.802945, 54.60008333333334], [18.802981666666668, 54.60006166666667], [18.802986666666666, 54.60004833333333], [18.802968333333336, 54.600069999999995], [18.802964999999997, 54.600078333333336], [18.802986666666666, 54.60007666666667], [18.80296, 54.60006833333333], [18.80296, 54.60004166666667], [18.80293, 54.600055], [18.802955, 54.60009], [18.802946666666667, 54.600065], [18.80295166666667, 54.60006666666666], [18.802934999999998, 54.60006833333333], [18.802945, 54.60004333333333], [18.802973333333334, 54.600033333333336], [18.802964999999997, 54.60002833333333], [18.802976666666666, 54.600026666666665], [18.803001666666667, 54.60002833333333], [18.802956666666667, 54.60003166666667], [18.802948333333333, 54.60003666666667], [18.802971666666668, 54.600035000000005], [18.80295, 54.600051666666666], [18.802913333333333, 54.600055], [18.802945, 54.60006833333333], [18.802946666666667, 54.60008666666667], [18.802946666666667, 54.60005833333333], [18.80292166666667, 54.60007333333333], [18.802943333333335, 54.60003666666667], [18.802931666666666, 54.600051666666666], [18.80292166666667, 54.600035000000005], [18.802903333333333, 54.60005], [18.802938333333334, 54.600051666666666], [18.802948333333333, 54.600045], [18.802945, 54.600035000000005], [18.802986666666666, 54.60004833333333], [18.802991666666667, 54.600024999999995], [18.802976666666666, 54.60004666666667], [18.802976666666666, 54.60005833333333], [18.802998333333335, 54.600085], [18.802983333333334, 54.600080000000005], [18.802988333333335, 54.60006333333333], [18.803006666666665, 54.60006333333333], [18.802979999999998, 54.60006333333333], [18.80296, 54.60003], [18.80295, 54.60007333333333], [18.802953333333335, 54.60006333333333], [18.80295, 54.60008166666667], [18.802961666666665, 54.60007333333333], [18.80296333333333, 54.600069999999995], [18.802988333333335, 54.600045], [18.802983333333334, 54.60008166666667], [18.802970000000002, 54.600071666666665], [18.802976666666666, 54.60006333333333], [18.80296666666667, 54.60006833333333], [18.802948333333333, 54.60003], [18.802936666666668, 54.600053333333335], [18.80296666666667, 54.6001], [18.802943333333335, 54.600065], [18.80295166666667, 54.60006833333333], [18.802931666666666, 54.60006833333333], [18.802941666666666, 54.600053333333335], [18.802956666666667, 54.600065], [18.802973333333334, 54.60003833333334], [18.802956666666667, 54.600051666666666], [18.80299, 54.600051666666666], [18.802973333333334, 54.60004833333333], [18.80295166666667, 54.60003666666667], [18.802976666666666, 54.60002166666666], [18.802943333333335, 54.60005666666667], [18.802923333333336, 54.60006166666667], [18.802958333333333, 54.60006666666666], [18.802953333333335, 54.600098333333335], [18.802941666666666, 54.60006166666667], [18.802916666666665, 54.60006833333333], [18.802948333333333, 54.600045], [18.802945, 54.60003666666667], [18.80294, 54.60004333333333], [18.802928333333334, 54.60004], [18.80295166666667, 54.600051666666666], [18.802961666666665, 54.60002833333333], [18.80296666666667, 54.60004166666667], [18.802991666666667, 54.60003833333334], [18.803015000000002, 54.60001666666667], [18.802983333333334, 54.60004333333333], [18.803, 54.600055], [18.803015000000002, 54.600069999999995], [18.802964999999997, 54.60009166666667], [18.80299, 54.60007666666667], [18.803006666666665, 54.600071666666665], [18.80299, 54.60004833333333], [18.802964999999997, 54.600006666666665], [18.80295, 54.600053333333335], [18.80296333333333, 54.60006833333333], [18.80296666666667, 54.600078333333336], [18.802945, 54.60007666666667], [18.802948333333333, 54.600095]]}, "properties": {"label": "LEB-18", "mmsi": "261001230", "imo": "", "name": "LEB-18", "shiptype": "", "first_seen_utc": "2026-01-03T08:37:33Z", "last_seen_utc": "2026-01-12T15:48:53Z", "destination": "HEL>-BALTIC SEA>LEBA", "eta": "{'Day': 28, 'Hour': 17, 'Minute': 0, 'Month': 12}", "display": "", "links": "<a href=\"https://www.vesselfinder.com/vessels?name=261001230\" target=\"_blank\" rel=\"noopener\">VesselFinder</a> | <a href=\"https://www.marinetraffic.com/en/ais/search/all?keyword=261001230\" target=\"_blank\" rel=\"noopener\">MarineTraffic</a>", "vf_url": "https://www.vesselfinder.com/vessels?name=261001230", "mst_url": "https://www.marinetraffic.com/en/ais/search/all?keyword=261001230", "method": "v3_2pass_track3d_fromru10d", "ru_seen_in_lookback": true, "in_monitor_on_day": true}}, {"type": "Feature", "geometry": {"type": "Point", "coordinates": [18.802948333333333, 54.600095]}, "properties": {"label": "LEB-18", "mmsi": "261001230", "imo": "", "name": "LEB-18", "shiptype": "", "first_seen_utc": "2026-01-03T08:37:33Z", "last_seen_utc": "2026-01-12T15:48:53Z", "destination": "HEL>-BALTIC SEA>LEBA", "eta": "{'Day': 28, 'Hour': 17, 'Minute': 0, 'Month': 12}", "display": "LEB-18 (261001230)", "links": "<a href=\"https://www.vesselfinder.com/vessels?name=261001230\" target=\"_blank\" rel=\"noopener\">VesselFinder</a> | <a href=\"https://www.marinetraffic.com/en/ais/search/all?keyword=261001230\" target=\"_blank\" rel=\"noopener\">MarineTraffic</a>", "vf_url": "https://www.vesselfinder.com/vessels?name=261001230", "mst_url": "https://www.marinetraffic.com/en/ais/search/all?keyword=261001230", "method": "v3_2pass_track3d_fromru10d", "ru_seen_in_lookback": true, "in_monitor_on_day": true}}, {"type": "Feature", "geometry": {"type": "LineString", "coordinates": [[8.429088333333333, 57.28736166666667], [8.251231666666666, 57.20245166666667], [8.076375, 57.12466333333334], [7.888485, 57.046461666666666], [7.6947849999999995, 56.97158], [2.559206666666667, 51.916896666666666], [2.4537466666666665, 51.81000166666667], [2.3036933333333334, 51.69990833333333], [2.195126666666667, 51.62102166666667], [2.095553333333333, 51.54897666666667], [1.9946383333333333, 51.476596666666666], [1.8970616666666666, 51.40603833333333], [1.8290966666666668, 51.32061833333333], [1.7601316666666666, 51.23387], [1.643055, 51.165571666666665], [1.5136716666666667, 51.105331666666665], [1.3789633333333333, 51.039435000000005], [-0.0458, 50.50054333333333], [-0.19281333333333334, 50.47857166666667], [-0.34121999999999997, 50.45143666666667], [-0.487145, 50.42526833333333], [-0.6349033333333334, 50.399295], [-0.7806466666666666, 50.373841666666664], [-0.924515, 50.355235], [-1.0690216666666668, 50.34003833333334], [-1.2058950000000002, 50.31653333333334], [-1.8275483333333333, 50.15619166666667]]}, "properties": {"label": "HOMERIC", "mmsi": "241649000", "imo": "9819844", "name": "HOMERIC", "shiptype": "", "first_seen_utc": "2026-01-03T08:37:34Z", "last_seen_utc": "2026-01-12T01:07:47Z", "destination": "USCRP", "eta": "{'Day': 28, 'Hour': 3, 'Minute': 0, 'Month': 1}", "display": "", "links": "<a href=\"https://www.vesselfinder.com/vessels?name=9819844\" target=\"_blank\" rel=\"noopener\">VesselFinder</a> | <a href=\"https://www.marinetraffic.com/en/ais/search/all?keyword=9819844\" target=\"_blank\" rel=\"noopener\">MarineTraffic</a>", "vf_url": "https://www.vesselfinder.com/vessels?name=9819844", "mst_url": "https://www.marinetraffic.com/en/ais/search/all?keyword=9819844", "method": "v3_2pass_track3d_fromru10d", "ru_seen_in_lookback": true, "in_monitor_on_day": true}}, {"type": "Feature", "geometry": {"type": "Point", "coordinates": [-1.8275483333333333, 50.15619166666667]}, "properties": {"label": "HOMERIC", "mmsi": "241649000", "imo": "9819844", "name": "HOMERIC", "shiptype": "", "first_seen_utc": "2026-01-03T08:37:34Z", "last_seen_utc": "2026-01-12T01:07:47Z", "destination": "USCRP", "eta": "{'Day': 28, 'Hour': 3, 'Minute': 0, 'Month': 1}", "display": "HOMERIC (241649000)", "links": "<a href=\"https://www.vesselfinder.com/vessels?name=9819844\" target=\"_blank\" rel=\"noopener\">VesselFinder</a> | <a href=\"https://www.marinetraffic.com/en/ais/search/all?keyword=9819844\" target=\"_blank\" rel=\"noopener\">MarineTraffic</a>", "vf_url": "https://www.vesselfinder.com/vessels?name=9819844", "mst_url": "https://www.marinetraffic.com/en/ais/search/all?keyword=9819844", "method": "v3_2pass_track3d_fromru10d", "ru_seen_in_lookback": true, "in_monitor_on_day": true}}, {"type": "Feature", "geometry": {"type": "LineString", "coordinates": [[18.80076, 54.60221], [18.80077, 54.60219], [18.80077, 54.60221], [18.800765000000002, 54.60221], [18.80077, 54.602195], [18.800765000000002, 54.602205000000005], [18.800785, 54.602185], [18.800765000000002, 54.602195], [18.80078, 54.60219], [18.80078, 54.602195], [18.800785, 54.602195], [18.800774999999998, 54.6022], [18.80075, 54.602205000000005], [18.800765000000002, 54.602195], [18.80078, 54.60219], [18.80079, 54.60219], [18.800765000000002, 54.602195], [18.80077, 54.602205000000005], [18.80078, 54.60219], [18.80078, 54.602195], [18.800765000000002, 54.60221], [18.80077, 54.602195], [18.800765000000002, 54.602205000000005], [18.800774999999998, 54.602195], [18.800765000000002, 54.602205000000005], [18.80076, 54.602205000000005], [18.80076, 54.602195], [18.80078, 54.60221], [18.800774999999998, 54.602205000000005], [18.800785, 54.6022], [18.80077, 54.60219], [18.80078, 54.602195], [18.80078, 54.6022], [18.80077, 54.60221], [18.800774999999998, 54.60219], [18.800755, 54.602205000000005], [18.800755, 54.6022], [18.800774999999998, 54.60219], [18.80078, 54.602205000000005], [18.800785, 54.60221], [18.80077, 54.602195], [18.80079, 54.60219], [18.80077, 54.60218], [18.80078, 54.602195], [18.80079, 54.6022], [18.800755, 54.602195], [18.800785, 54.602185], [18.80077, 54.602205000000005], [18.800765000000002, 54.602195], [18.800774999999998, 54.6022], [18.80077, 54.602205000000005], [18.800774999999998, 54.6022], [18.800765000000002, 54.602195], [18.800774999999998, 54.60219], [18.800765000000002, 54.6022], [18.800774999999998, 54.602205000000005], [18.800795, 54.6022], [18.800785, 54.602195], [18.800774999999998, 54.602205000000005], [18.800745, 54.602195], [18.800795, 54.60219], [18.800774999999998, 54.60219], [18.800774999999998, 54.60219], [18.800765000000002, 54.6022], [18.80078, 54.602205000000005], [18.80078, 54.60219], [18.80077, 54.602195], [18.800755, 54.60221], [18.800774999999998, 54.602215], [18.800774999999998, 54.602205000000005], [18.80078, 54.602195], [18.8008, 54.60219], [18.800785, 54.602235], [18.800774999999998, 54.6022], [18.800774999999998, 54.60219], [18.80078, 54.6022], [18.800774999999998, 54.60219], [18.80077, 54.6022], [18.80077, 54.602205000000005], [18.80079, 54.60221], [18.800745, 54.602215], [18.80078, 54.6022], [18.80078, 54.602205000000005], [18.80076, 54.60219], [18.800795, 54.60218], [18.800785, 54.602205000000005], [18.800785, 54.602205000000005], [18.800774999999998, 54.6022], [18.80079, 54.602195], [18.800755, 54.6022], [18.80079, 54.602205000000005], [18.800774999999998, 54.602205000000005], [18.80076, 54.60221], [18.800765000000002, 54.602205000000005], [18.800795, 54.602205000000005], [18.800785, 54.602185], [18.800774999999998, 54.602195], [18.800785, 54.602195], [18.800745, 54.602195], [18.80078, 54.602205000000005], [18.800774999999998, 54.602195], [18.800785, 54.602195], [18.800795, 54.6022], [18.800785, 54.602185], [18.79884, 54.59827], [18.865105000000003, 54.54387], [18.929714999999998, 54.479995], [18.971255, 54.444885], [18.97428, 54.438824999999994], [18.992945000000002, 54.43139], [19.03451, 54.439319999999995], [19.074794999999998, 54.431555], [19.113879999999998, 54.423570000000005], [19.153650000000003, 54.41612], [19.140095, 54.4163], [19.099545, 54.413505], [19.058190000000003, 54.411575], [19.017255, 54.416495000000005], [18.982915, 54.429719999999996], [18.96104, 54.448075], [18.940895, 54.466519999999996], [18.95779, 54.47907], [18.98357, 54.46878], [18.990344999999998, 54.46624], [18.94698, 54.496745000000004], [18.859545, 54.548635]]}, "properties": {"label": "LEB 62", "mmsi": "261013840", "imo": "", "name": "LEB 62", "shiptype": "", "first_seen_utc": "2026-01-03T08:37:34Z", "last_seen_utc": "2026-01-12T16:01:21Z", "destination": "KEEP SAFE DIST 03AFT", "eta": "{'Day': 0, 'Hour': 24, 'Minute': 60, 'Month': 0}", "display": "", "links": "<a href=\"https://www.vesselfinder.com/vessels?name=261013840\" target=\"_blank\" rel=\"noopener\">VesselFinder</a> | <a href=\"https://www.marinetraffic.com/en/ais/search/all?keyword=261013840\" target=\"_blank\" rel=\"noopener\">MarineTraffic</a>", "vf_url": "https://www.vesselfinder.com/vessels?name=261013840", "mst_url": "https://www.marinetraffic.com/en/ais/search/all?keyword=261013840", "method": "v3_2pass_track3d_fromru10d", "ru_seen_in_lookback": true, "in_monitor_on_day": true}}, {"type": "Feature", "geometry": {"type": "Point", "coordinates": [18.859545, 54.548635]}, "properties": {"label": "LEB 62", "mmsi": "261013840", "imo": "", "name": "LEB 62", "shiptype": "", "first_seen_utc": "2026-01-03T08:37:34Z", "last_seen_utc": "2026-01-12T16:01:21Z", "destination": "KEEP SAFE DIST 03AFT", "eta": "{'Day': 0, 'Hour': 24, 'Minute': 60, 'Month': 0}", "display": "LEB 62 (261013840)", "links": "<a href=\"https://www.vesselfinder.com/vessels?name=261013840\" target=\"_blank\" rel=\"noopener\">VesselFinder</a> | <a href=\"https://www.marinetraffic.com/en/ais/search/all?keyword=261013840\" target=\"_blank\" rel=\"noopener\">MarineTraffic</a>", "vf_url": "https://www.vesselfinder.com/vessels?name=261013840", "mst_url": "https://www.marinetraffic.com/en/ais/search/all?keyword=261013840", "method": "v3_2pass_track3d_fromru10d", "ru_seen_in_lookback": true, "in_monitor_on_day": true}}, {"type": "Feature", "geometry": {"type": "LineString", "coordinates": [[8.521556666666667, 53.592713333333336], [8.521553333333333, 53.59271833333333], [8.521516666666667, 53.59273666666666], [8.52153, 53.59274833333333], [8.521556666666667, 53.59273333333333], [8.521573333333333, 53.592711666666666], [8.521575, 53.592711666666666], [8.521571666666667, 53.59269333333334], [8.521561666666667, 53.59276166666667], [8.521571666666667, 53.59267333333333], [8.521558333333333, 53.59278333333334], [8.521595, 53.59271833333333], [8.521560000000001, 53.5927], [8.521561666666667, 53.59270333333333], [8.521528333333332, 53.592705], [8.521565, 53.59273666666666], [8.521595, 53.592663333333334], [8.521561666666667, 53.592710000000004], [8.521561666666667, 53.5927], [8.521556666666667, 53.592715], [8.521575, 53.59272], [8.521561666666667, 53.592715], [8.521573333333333, 53.59272333333333], [8.521561666666667, 53.592715], [8.521568333333333, 53.59272166666666], [8.52158, 53.59271833333333], [8.521546666666667, 53.59267], [8.521648333333333, 53.5927], [8.521575, 53.592729999999996], [8.521568333333333, 53.59273833333334], [8.521501666666667, 53.59279], [8.521546666666667, 53.592684999999996], [8.521548333333334, 53.592713333333336], [8.52152, 53.592705], [8.521458333333333, 53.5927], [8.521513333333333, 53.592729999999996], [8.521543333333334, 53.59276], [8.521508333333333, 53.592681666666664], [8.521571666666667, 53.592686666666665], [8.521583333333334, 53.59272333333333], [8.521556666666667, 53.592715], [8.521543333333334, 53.592711666666666], [8.521536666666666, 53.592711666666666], [8.530683333333334, 53.58304833333333], [8.530648333333334, 53.58304166666667], [8.530678333333334, 53.583045], [8.530708333333333, 53.58306], [8.530713333333333, 53.58311333333334], [8.530671666666667, 53.583075], [8.530615000000001, 53.58307166666667], [8.530678333333334, 53.58304666666667], [8.53069, 53.58303333333333], [8.530708333333333, 53.58309333333333], [8.530623333333333, 53.58306666666667], [8.530641666666666, 53.583], [8.53045, 53.583265], [8.530683333333334, 53.58310166666667], [8.530723333333333, 53.58307666666666], [8.530703333333333, 53.58306], [8.53069, 53.58306166666667], [8.505656666666667, 53.602015], [8.325741666666667, 53.70395166666666], [8.110931666666666, 53.82350666666667], [7.898126666666667, 53.882565], [8.15784, 53.99402166666666], [8.363101666666667, 53.98657333333333], [8.557418333333334, 53.96543666666666], [8.690655, 53.898205], [8.824446666666667, 53.83873333333334], [8.998408333333334, 53.851645], [9.14222, 53.87896], [9.301675, 53.858619999999995], [9.393045, 53.77184166666667], [9.493333333333334, 53.70013333333333], [9.563553333333335, 53.612494999999996], [9.710476666666667, 53.56390666666667], [9.860721666666667, 53.54382666666667], [9.921271666666666, 53.528055], [9.923883333333333, 53.52628833333333], [9.923995, 53.52648], [9.923868333333333, 53.52627333333333], [9.923895, 53.52627], [9.923913333333333, 53.526264999999995], [9.923883333333333, 53.52624333333333], [9.92385, 53.52628166666667], [9.923965, 53.526305], [9.92441, 53.52626166666666], [9.924031666666668, 53.526248333333335], [9.923869999999999, 53.52626166666666], [9.923921666666667, 53.526295], [9.923908333333333, 53.52623666666667], [9.923791666666666, 53.52634], [9.923916666666665, 53.526230000000005], [9.923863333333333, 53.526295], [9.923853333333334, 53.52625333333334], [9.923861666666665, 53.526248333333335], [9.923881666666666, 53.526271666666666], [9.923873333333335, 53.52626], [9.923883333333333, 53.52629833333334], [9.923886666666668, 53.52627333333333], [9.924025, 53.526246666666665], [9.91728, 53.5301], [9.911271666666666, 53.54228333333333], [9.913926666666667, 53.539815], [9.914226666666668, 53.539806666666664], [9.913921666666665, 53.539833333333334], [9.913906666666666, 53.53980833333333], [9.91397, 53.53982666666666], [9.913938333333334, 53.539811666666665], [9.913911666666667, 53.539805], [9.913903333333334, 53.539815], [9.913905, 53.53978166666666], [9.913893333333334, 53.53980833333333], [9.913891666666666, 53.53981], [9.91391, 53.53983166666667], [9.913908333333334, 53.53982333333333], [9.913936666666666, 53.539836666666666], [9.944085, 53.54018166666666], [9.949271666666668, 53.53685333333333], [9.94926, 53.53685666666667], [9.949241666666667, 53.536883333333336]]}, "properties": {"label": "ELBSUMMER", "mmsi": "255805884", "imo": "9386718", "name": "ELBSUMMER", "shiptype": "", "first_seen_utc": "2026-01-03T08:37:35Z", "last_seen_utc": "2026-01-12T15:41:56Z", "destination": "DEHAM", "eta": "{'Day': 11, 'Hour': 11, 'Minute': 0, 'Month': 1}", "display": "", "links": "<a href=\"https://www.vesselfinder.com/vessels?name=9386718\" target=\"_blank\" rel=\"noopener\">VesselFinder</a> | <a href=\"https://www.marinetraffic.com/en/ais/search/all?keyword=9386718\" target=\"_blank\" rel=\"noopener\">MarineTraffic</a>", "vf_url": "https://www.vesselfinder.com/vessels?name=9386718", "mst_url": "https://www.marinetraffic.com/en/ais/search/all?keyword=9386718", "method": "v3_2pass_track3d_fromru10d", "ru_seen_in_lookback": true, "in_monitor_on_day": true}}, {"type": "Feature", "geometry": {"type": "Point", "coordinates": [9.949241666666667, 53.536883333333336]}, "properties": {"label": "ELBSUMMER", "mmsi": "255805884", "imo": "9386718", "name": "ELBSUMMER", "shiptype": "", "first_seen_utc": "2026-01-03T08:37:35Z", "last_seen_utc": "2026-01-12T15:41:56Z", "destination": "DEHAM", "eta": "{'Day': 11, 'Hour': 11, 'Minute': 0, 'Month': 1}", "display": "ELBSUMMER (255805884)", "links": "<a href=\"https://www.vesselfinder.com/vessels?name=9386718\" target=\"_blank\" rel=\"noopener\">VesselFinder</a> | <a href=\"https://www.marinetraffic.com/en/ais/search/all?keyword=9386718\" target=\"_blank\" rel=\"noopener\">MarineTraffic</a>", "vf_url": "https://www.vesselfinder.com/vessels?name=9386718", "mst_url": "https://www.marinetraffic.com/en/ais/search/all?keyword=9386718", "method": "v3_2pass_track3d_fromru10d", "ru_seen_in_lookback": true, "in_monitor_on_day": true}}, {"type": "Feature", "geometry": {"type": "LineString", "coordinates": [[18.675738333333335, 54.35681833333333], [18.675735, 54.35681833333333], [18.67575833333333, 54.35682], [18.67578, 54.356806666666664], [18.675745, 54.35680833333333], [18.675756666666665, 54.356811666666665], [18.67578166666667, 54.356813333333335], [18.675755, 54.35682166666666], [18.675735, 54.35682833333333], [18.675745, 54.356806666666664], [18.675715, 54.35682333333333], [18.675748333333335, 54.35680333333333], [18.675726666666666, 54.356813333333335], [18.67577, 54.35682166666666], [18.67574, 54.356833333333334], [18.675729999999998, 54.356833333333334], [18.67574, 54.356806666666664], [18.67573666666667, 54.35680833333333], [18.675735, 54.3568], [18.675731666666664, 54.35680833333333], [18.675726666666666, 54.35682], [18.675746666666665, 54.356815], [18.675743333333333, 54.35681833333333], [18.67575, 54.35680333333333], [18.67575, 54.3568], [18.675728333333332, 54.35680833333333], [18.675733333333334, 54.35682], [18.675735, 54.35680833333333], [18.675738333333335, 54.35681833333333], [18.67576, 54.35681], [18.675755, 54.356790000000004], [18.675731666666664, 54.35680166666667], [18.675745, 54.356811666666665], [18.675733333333334, 54.35681833333333], [18.675746666666665, 54.356813333333335], [18.675698333333333, 54.35682666666666], [18.675731666666664, 54.356815], [18.675766666666668, 54.356856666666665], [18.675751666666667, 54.3568], [18.675721666666668, 54.35679666666667], [18.675755, 54.35680166666667], [18.675743333333333, 54.35680333333333], [18.675776666666664, 54.356813333333335], [18.67575833333333, 54.356806666666664], [18.67576, 54.3568], [18.675763333333336, 54.35681833333333], [18.675748333333335, 54.356813333333335], [18.675751666666667, 54.356813333333335], [18.675733333333334, 54.35681833333333], [18.675763333333336, 54.35682166666666], [18.675735, 54.35681833333333], [18.675738333333335, 54.35680833333333], [18.675761666666666, 54.35681666666667], [18.675720000000002, 54.356790000000004], [18.675746666666665, 54.35680333333333], [18.675741666666667, 54.356811666666665], [18.67573666666667, 54.356813333333335], [18.675751666666667, 54.35679666666667], [18.675725, 54.35679666666667], [18.675743333333333, 54.35681], [18.675753333333333, 54.35677666666666], [18.675745, 54.35680166666667], [18.67576, 54.356791666666666], [18.675741666666667, 54.356811666666665], [18.675741666666667, 54.356806666666664], [18.675748333333335, 54.35682333333333], [18.675751666666667, 54.35681], [18.675751666666667, 54.3568], [18.675763333333336, 54.356813333333335], [18.675753333333333, 54.356811666666665], [18.675729999999998, 54.35680833333333], [18.675766666666668, 54.356806666666664], [18.675741666666667, 54.356806666666664], [18.675766666666668, 54.356791666666666], [18.67575, 54.356815], [18.675728333333332, 54.356815], [18.675743333333333, 54.35681], [18.675721666666668, 54.356806666666664], [18.675721666666668, 54.356813333333335], [18.675756666666665, 54.356811666666665], [18.675733333333334, 54.356825], [18.675746666666665, 54.35680833333333], [18.675741666666667, 54.35679833333334], [18.67578166666667, 54.356790000000004], [18.675748333333335, 54.35679666666667], [18.67580333333333, 54.356805], [18.67579, 54.356805], [18.675751666666667, 54.356805], [18.675723333333334, 54.35682333333333], [18.67575833333333, 54.35681], [18.67575833333333, 54.35681666666667], [18.675791666666665, 54.35682833333333], [18.675746666666665, 54.35679833333334], [18.675723333333334, 54.35681666666667], [18.675726666666666, 54.356815], [18.67573666666667, 54.356793333333336], [18.675729999999998, 54.35679833333334], [18.675729999999998, 54.35680166666667], [18.675728333333332, 54.356806666666664], [18.675728333333332, 54.356788333333334], [18.675756666666665, 54.356806666666664], [18.675755, 54.356805], [18.675738333333335, 54.35681], [18.675751666666667, 54.356791666666666], [18.67573666666667, 54.356790000000004], [18.675753333333333, 54.35681666666667], [18.67575833333333, 54.3568], [18.67575, 54.356795000000005], [18.675735, 54.35680166666667], [18.675743333333333, 54.356811666666665], [18.67573666666667, 54.356829999999995], [18.675771666666666, 54.35679666666667], [18.67573666666667, 54.356813333333335], [18.675743333333333, 54.356811666666665], [18.675756666666665, 54.35680333333333], [18.67578166666667, 54.35679666666667], [18.675756666666665, 54.35681], [18.675756666666665, 54.35680166666667], [18.67576, 54.35681666666667], [18.675756666666665, 54.35680166666667], [18.675733333333334, 54.35681]]}, "properties": {"label": "SM-PRC-101", "mmsi": "261011140", "imo": "8899081", "name": "SM-PRC-101", "shiptype": "", "first_seen_utc": "2026-01-03T08:37:35Z", "last_seen_utc": "2026-01-12T15:51:44Z", "destination": "NOWY_SWIAT", "eta": "{'Day': 17, 'Hour': 3, 'Minute': 0, 'Month': 10}", "display": "", "links": "<a href=\"https://www.vesselfinder.com/vessels?name=8899081\" target=\"_blank\" rel=\"noopener\">VesselFinder</a> | <a href=\"https://www.marinetraffic.com/en/ais/search/all?keyword=8899081\" target=\"_blank\" rel=\"noopener\">MarineTraffic</a>", "vf_url": "https://www.vesselfinder.com/vessels?name=8899081", "mst_url": "https://www.marinetraffic.com/en/ais/search/all?keyword=8899081", "method": "v3_2pass_track3d_fromru10d", "ru_seen_in_lookback": true, "in_monitor_on_day": true}}, {"type": "Feature", "geometry": {"type": "Point", "coordinates": [18.675733333333334, 54.35681]}, "properties": {"label": "SM-PRC-101", "mmsi": "261011140", "imo": "8899081", "name": "SM-PRC-101", "shiptype": "", "first_seen_utc": "2026-01-03T08:37:35Z", "last_seen_utc": "2026-01-12T15:51:44Z", "destination": "NOWY_SWIAT", "eta": "{'Day': 17, 'Hour': 3, 'Minute': 0, 'Month': 10}", "display": "SM-PRC-101 (261011140)", "links": "<a href=\"https://www.vesselfinder.com/vessels?name=8899081\" target=\"_blank\" rel=\"noopener\">VesselFinder</a> | <a href=\"https://www.marinetraffic.com/en/ais/search/all?keyword=8899081\" target=\"_blank\" rel=\"noopener\">MarineTraffic</a>", "vf_url": "https://www.vesselfinder.com/vessels?name=8899081", "mst_url": "https://www.marinetraffic.com/en/ais/search/all?keyword=8899081", "method": "v3_2pass_track3d_fromru10d", "ru_seen_in_lookback": true, "in_monitor_on_day": true}}, {"type": "Feature", "geometry": {"type": "LineString", "coordinates": [[3.4789066666666666, 52.31930333333333], [3.497646666666667, 52.395149999999994], [3.306895, 51.947453333333335], [3.2764983333333335, 51.88462666666667], [3.23368, 51.84260333333334], [3.235725, 51.844863333333336], [3.2417483333333332, 51.85644666666667], [3.2332433333333332, 51.83797333333334], [3.2290566666666667, 51.82579], [3.238468333333333, 51.84075666666667], [3.25248, 51.84139666666667], [3.2547183333333334, 51.78413], [3.2595866666666664, 51.71528333333333], [3.1781966666666666, 51.63650666666667], [3.0972283333333333, 51.532293333333335], [2.9992, 51.430899999999994], [3.1708633333333336, 51.40083], [3.3567916666666666, 51.405206666666665], [3.5331416666666664, 51.42016666666667], [3.672366666666667, 51.43799666666666], [3.7849933333333334, 51.354670000000006], [3.9533433333333337, 51.39078666666667], [4.038286666666667, 51.386280000000006], [4.208106666666667, 51.39472], [4.272026666666666, 51.308006666666664], [4.260866666666667, 51.29531333333333], [4.2608733333333335, 51.29533], [4.26082, 51.295280000000005], [4.260883333333333, 51.295296666666665], [4.2608733333333335, 51.295296666666665], [4.260893333333334, 51.29532], [4.2609, 51.29533666666667], [4.260926666666666, 51.29527333333333], [4.260806666666666, 51.29533666666667], [4.26088, 51.29531333333333], [4.260821666666667, 51.29532], [4.260838333333333, 51.29528666666667], [4.26086, 51.29531333333333], [4.2608516666666665, 51.29528666666667], [4.261918333333333, 51.295100000000005], [4.263645, 51.34758333333333], [4.124945, 51.37106000000001], [3.9981716666666665, 51.43899], [3.8919316666666663, 51.356836666666666], [3.7364033333333335, 51.373079999999995]]}, "properties": {"label": "MSC ELKE F", "mmsi": "210731000", "imo": "9318773", "name": "MSC ELKE F", "shiptype": "", "first_seen_utc": "2026-01-03T08:37:40Z", "last_seen_utc": "2026-01-12T15:56:47Z", "destination": "EETLL", "eta": "{'Day': 16, 'Hour': 19, 'Minute': 0, 'Month': 1}", "display": "", "links": "<a href=\"https://www.vesselfinder.com/vessels?name=9318773\" target=\"_blank\" rel=\"noopener\">VesselFinder</a> | <a href=\"https://www.marinetraffic.com/en/ais/search/all?keyword=9318773\" target=\"_blank\" rel=\"noopener\">MarineTraffic</a>", "vf_url": "https://www.vesselfinder.com/vessels?name=9318773", "mst_url": "https://www.marinetraffic.com/en/ais/search/all?keyword=9318773", "method": "v3_2pass_track3d_fromru10d", "ru_seen_in_lookback": true, "in_monitor_on_day": true}}, {"type": "Feature", "geometry": {"type": "Point", "coordinates": [3.7364033333333335, 51.373079999999995]}, "properties": {"label": "MSC ELKE F", "mmsi": "210731000", "imo": "9318773", "name": "MSC ELKE F", "shiptype": "", "first_seen_utc": "2026-01-03T08:37:40Z", "last_seen_utc": "2026-01-12T15:56:47Z", "destination": "EETLL", "eta": "{'Day': 16, 'Hour': 19, 'Minute': 0, 'Month': 1}", "display": "MSC ELKE F (210731000)", "links": "<a href=\"https://www.vesselfinder.com/vessels?name=9318773\" target=\"_blank\" rel=\"noopener\">VesselFinder</a> | <a href=\"https://www.marinetraffic.com/en/ais/search/all?keyword=9318773\" target=\"_blank\" rel=\"noopener\">MarineTraffic</a>", "vf_url": "https://www.vesselfinder.com/vessels?name=9318773", "mst_url": "https://www.marinetraffic.com/en/ais/search/all?keyword=9318773", "method": "v3_2pass_track3d_fromru10d", "ru_seen_in_lookback": true, "in_monitor_on_day": true}}, {"type": "Feature", "geometry": {"type": "LineString", "coordinates": [[18.675608333333333, 54.356755], [18.67561, 54.35675333333334], [18.67561, 54.356755], [18.675606666666667, 54.35675666666667], [18.675603333333335, 54.35675333333334], [18.67560166666667, 54.35675166666667], [18.675603333333335, 54.356755], [18.67560166666667, 54.356748333333336], [18.67560166666667, 54.356745000000004], [18.675605, 54.356748333333336], [18.67560166666667, 54.35675333333334], [18.675605, 54.356755], [18.6756, 54.356755], [18.6756, 54.35675166666667], [18.6756, 54.35675166666667], [18.6756, 54.356748333333336], [18.6756, 54.356755], [18.67560166666667, 54.356750000000005], [18.67560166666667, 54.356750000000005], [18.675603333333335, 54.356746666666666], [18.675608333333333, 54.356748333333336], [18.67561166666667, 54.356748333333336], [18.675615, 54.35675166666667], [18.675613333333335, 54.35675333333334], [18.675608333333333, 54.356761666666664], [18.6756, 54.35675833333333], [18.675608333333333, 54.356755], [18.675606666666667, 54.356755], [18.675613333333335, 54.35675166666667], [18.675613333333335, 54.356748333333336], [18.675618333333333, 54.356746666666666], [18.67562, 54.35675666666667], [18.675615, 54.35675833333333], [18.675615, 54.35675666666667], [18.67561166666667, 54.35676], [18.67562, 54.35675333333334], [18.675618333333333, 54.35675166666667], [18.675618333333333, 54.356750000000005], [18.675608333333333, 54.356746666666666], [18.675608333333333, 54.35675166666667], [18.67561, 54.35675333333334], [18.67561166666667, 54.356745000000004], [18.675615, 54.356745000000004], [18.675618333333333, 54.35675333333334], [18.675616666666667, 54.356745000000004], [18.67562, 54.35673833333333], [18.675616666666667, 54.356745000000004], [18.675615, 54.356748333333336], [18.675618333333333, 54.356746666666666], [18.675613333333335, 54.356748333333336], [18.675606666666667, 54.35674166666667], [18.67562, 54.356745000000004], [18.675615, 54.356739999999995], [18.675613333333335, 54.35674166666667], [18.675606666666667, 54.35675166666667], [18.67560166666667, 54.356750000000005], [18.675615, 54.356748333333336], [18.67561166666667, 54.356746666666666], [18.675613333333335, 54.356745000000004], [18.675603333333335, 54.356746666666666], [18.675606666666667, 54.35674166666667], [18.675603333333335, 54.356746666666666], [18.67560166666667, 54.356745000000004], [18.675606666666667, 54.356743333333334], [18.675621666666665, 54.356739999999995], [18.675616666666667, 54.356739999999995], [18.675621666666665, 54.356739999999995], [18.67562333333333, 54.356746666666666], [18.67562666666667, 54.356746666666666], [18.67562, 54.356748333333336], [18.67561166666667, 54.356755], [18.675608333333333, 54.356746666666666], [18.67561, 54.356739999999995], [18.675616666666667, 54.35674166666667], [18.675613333333335, 54.35674166666667], [18.675618333333333, 54.35673833333333], [18.675625, 54.356739999999995], [18.675616666666667, 54.356745000000004], [18.675618333333333, 54.356750000000005], [18.67562666666667, 54.356748333333336], [18.67562, 54.35675666666667], [18.675616666666667, 54.356746666666666], [18.675618333333333, 54.356748333333336], [18.675615, 54.356743333333334], [18.675613333333335, 54.356748333333336], [18.675616666666667, 54.356748333333336], [18.67561166666667, 54.356750000000005], [18.675615, 54.356748333333336], [18.675613333333335, 54.356745000000004], [18.67562333333333, 54.356750000000005], [18.675616666666667, 54.356746666666666], [18.675618333333333, 54.356746666666666], [18.67561, 54.35675166666667], [18.675616666666667, 54.35675333333334], [18.675615, 54.356745000000004], [18.675616666666667, 54.356745000000004], [18.675615, 54.35675333333334], [18.675608333333333, 54.356750000000005], [18.675605, 54.356746666666666], [18.675606666666667, 54.356743333333334], [18.6756, 54.356750000000005], [18.675605, 54.356748333333336], [18.675615, 54.356748333333336], [18.675613333333335, 54.356745000000004], [18.67561166666667, 54.356745000000004], [18.675613333333335, 54.35674166666667], [18.675613333333335, 54.35674166666667], [18.67561, 54.356746666666666], [18.675605, 54.356746666666666], [18.675613333333335, 54.356745000000004], [18.675616666666667, 54.356746666666666], [18.67562333333333, 54.356743333333334], [18.675618333333333, 54.356745000000004], [18.67562666666667, 54.356748333333336], [18.67562666666667, 54.356748333333336], [18.67562333333333, 54.356750000000005], [18.67562, 54.356743333333334], [18.675618333333333, 54.35674166666667], [18.67562, 54.35674166666667], [18.675618333333333, 54.356745000000004], [18.675618333333333, 54.356745000000004]]}, "properties": {"label": "SM PRC 106", "mmsi": "261002090", "imo": "8937560", "name": "SM PRC 106", "shiptype": "", "first_seen_utc": "2026-01-03T08:37:45Z", "last_seen_utc": "2026-01-12T15:59:18Z", "destination": "GDANSK WYSYPISKO", "eta": "{'Day': 3, 'Hour': 10, 'Minute': 0, 'Month': 9}", "display": "", "links": "<a href=\"https://www.vesselfinder.com/vessels?name=8937560\" target=\"_blank\" rel=\"noopener\">VesselFinder</a> | <a href=\"https://www.marinetraffic.com/en/ais/search/all?keyword=8937560\" target=\"_blank\" rel=\"noopener\">MarineTraffic</a>", "vf_url": "https://www.vesselfinder.com/vessels?name=8937560", "mst_url": "https://www.marinetraffic.com/en/ais/search/all?keyword=8937560", "method": "v3_2pass_track3d_fromru10d", "ru_seen_in_lookback": true, "in_monitor_on_day": true}}, {"type": "Feature", "geometry": {"type": "Point", "coordinates": [18.675618333333333, 54.356745000000004]}, "properties": {"label": "SM PRC 106", "mmsi": "261002090", "imo": "8937560", "name": "SM PRC 106", "shiptype": "", "first_seen_utc": "2026-01-03T08:37:45Z", "last_seen_utc": "2026-01-12T15:59:18Z", "destination": "GDANSK WYSYPISKO", "eta": "{'Day': 3, 'Hour': 10, 'Minute': 0, 'Month': 9}", "display": "SM PRC 106 (261002090)", "links": "<a href=\"https://www.vesselfinder.com/vessels?name=8937560\" target=\"_blank\" rel=\"noopener\">VesselFinder</a> | <a href=\"https://www.marinetraffic.com/en/ais/search/all?keyword=8937560\" target=\"_blank\" rel=\"noopener\">MarineTraffic</a>", "vf_url": "https://www.vesselfinder.com/vessels?name=8937560", "mst_url": "https://www.marinetraffic.com/en/ais/search/all?keyword=8937560", "method": "v3_2pass_track3d_fromru10d", "ru_seen_in_lookback": true, "in_monitor_on_day": true}}, {"type": "Feature", "geometry": {"type": "LineString", "coordinates": [[5.45822, 58.31964166666667], [5.294138333333334, 58.40240166666667], [5.145268333333333, 58.487361666666665], [4.9907916666666665, 58.56746333333333], [4.8460616666666665, 58.65351833333333], [4.699656666666667, 58.737698333333334], [4.557235, 58.81224333333333], [4.422713333333333, 58.89190166666666], [4.282981666666667, 58.967315], [4.180893333333334, 59.05351666666666], [4.1827016666666665, 59.159411666666664], [4.185723333333334, 59.26730166666667], [4.184458333333334, 59.37711], [4.187086666666667, 59.49078833333333], [4.185315, 59.601985], [4.185708333333333, 59.70979666666666], [4.185593333333333, 59.81407333333333], [4.1855183333333335, 59.915435], [4.186343333333333, 60.02133], [4.1860800000000005, 60.12885166666667], [4.185248333333333, 60.23898833333333], [4.187363333333334, 60.34985666666667], [4.18744, 60.46161666666667], [4.1828666666666665, 60.56954833333334], [4.157585, 60.614848333333335], [4.134683333333333, 60.63201333333333], [4.115176666666667, 60.65031], [4.096046666666667, 60.66782666666666], [4.0750649999999995, 60.684351666666664], [4.049235, 60.701836666666665], [4.020675, 60.719635000000004], [3.991718333333333, 60.737883333333336], [3.9633016666666667, 60.7558], [3.9263266666666667, 60.771265], [3.9356783333333336, 60.758766666666666], [3.9678183333333332, 60.73785833333333], [4.000435, 60.716145], [4.036416666666667, 60.696616666666664], [4.072758333333334, 60.67941833333334], [4.106206666666667, 60.662145], [4.137011666666667, 60.649274999999996], [4.147898333333333, 60.63762333333333], [4.15191, 60.624555], [4.15618, 60.61202333333333], [4.1605083333333335, 60.60330166666667], [4.166156666666667, 60.595868333333335], [4.1661, 60.58643666666667], [4.165453333333334, 60.576715], [4.166345000000001, 60.566271666666665], [4.166541666666666, 60.55528833333334], [4.16978, 60.54179], [4.205191666666667, 60.58088166666666], [4.2391966666666665, 60.63825833333333], [4.287555, 60.69497166666667], [4.339286666666666, 60.749545], [4.3938516666666665, 60.80202333333333], [4.461115, 60.82541166666667], [4.590228333333333, 60.856055], [4.763675, 60.857148333333335], [4.940306666666667, 60.84327666666666], [5.0316399999999994, 60.82389833333333], [5.019711666666667, 60.822091666666665], [5.019716666666667, 60.82209833333333], [5.01973, 60.822095], [5.019783333333334, 60.82208833333333], [5.019826666666666, 60.82211333333333], [5.019761666666667, 60.82205833333333], [5.019758333333333, 60.822070000000004], [5.01975, 60.82210166666667], [5.019761666666667, 60.82208], [5.019716666666667, 60.82210333333333], [5.01973, 60.82210166666667], [5.019736666666666, 60.822161666666666], [5.019753333333333, 60.82207666666667], [5.019793333333333, 60.82208333333333], [5.019761666666667, 60.822095], [5.019723333333333, 60.82211333333333], [5.019846666666667, 60.822075000000005], [5.01975, 60.8221], [5.019643333333334, 60.822070000000004], [5.019746666666666, 60.82203333333334], [5.019786666666667, 60.82208833333333], [5.019745, 60.822055], [5.019755, 60.82210166666667], [5.019778333333333, 60.822093333333335], [5.019758333333333, 60.82208666666667], [5.0198, 60.82214], [5.019735, 60.82206833333333], [5.019746666666666, 60.822118333333336], [5.0197650000000005, 60.82208333333333], [5.019728333333333, 60.82206333333333], [5.019755, 60.82209833333333], [5.019736666666666, 60.8221], [5.019728333333333, 60.82210166666667], [5.019760000000001, 60.822075000000005], [5.019760000000001, 60.822091666666665], [5.019755, 60.822091666666665], [5.01972, 60.82210333333333], [5.019731666666667, 60.822093333333335], [5.0197650000000005, 60.822105], [5.019760000000001, 60.82211333333333], [5.019723333333333, 60.822135], [5.019771666666667, 60.82210666666666], [5.019761666666667, 60.82209666666667], [5.019738333333334, 60.82207666666667], [5.01975, 60.822085], [5.019713333333333, 60.822093333333335], [5.019723333333333, 60.82209833333333], [5.019738333333334, 60.82208], [5.01975, 60.82209833333333], [5.019748333333334, 60.822109999999995], [5.0197650000000005, 60.822073333333336], [5.019768333333333, 60.82210333333333], [5.019713333333333, 60.822105], [5.019785, 60.82211666666667], [5.019751666666666, 60.82209], [5.0197183333333335, 60.82213333333333], [5.019745, 60.822105], [5.019756666666667, 60.82209666666667], [5.019736666666666, 60.82210833333333], [5.019695, 60.82210166666667], [5.019748333333334, 60.82211666666667]]}, "properties": {"label": "BERGEN TS", "mmsi": "248024000", "imo": "9737400", "name": "BERGEN TS", "shiptype": "", "first_seen_utc": "2026-01-03T08:37:47Z", "last_seen_utc": "2026-01-12T15:46:28Z", "destination": "PLGDN>NOMON", "eta": "{'Day': 10, 'Hour': 17, 'Minute': 0, 'Month': 1}", "display": "", "links": "<a href=\"https://www.vesselfinder.com/vessels?name=9737400\" target=\"_blank\" rel=\"noopener\">VesselFinder</a> | <a href=\"https://www.marinetraffic.com/en/ais/search/all?keyword=9737400\" target=\"_blank\" rel=\"noopener\">MarineTraffic</a>", "vf_url": "https://www.vesselfinder.com/vessels?name=9737400", "mst_url": "https://www.marinetraffic.com/en/ais/search/all?keyword=9737400", "method": "v3_2pass_track3d_fromru10d", "ru_seen_in_lookback": true, "in_monitor_on_day": true}}, {"type": "Feature", "geometry": {"type": "Point", "coordinates": [5.019748333333334, 60.82211666666667]}, "properties": {"label": "BERGEN TS", "mmsi": "248024000", "imo": "9737400", "name": "BERGEN TS", "shiptype": "", "first_seen_utc": "2026-01-03T08:37:47Z", "last_seen_utc": "2026-01-12T15:46:28Z", "destination": "PLGDN>NOMON", "eta": "{'Day': 10, 'Hour': 17, 'Minute': 0, 'Month': 1}", "display": "BERGEN TS (248024000)", "links": "<a href=\"https://www.vesselfinder.com/vessels?name=9737400\" target=\"_blank\" rel=\"noopener\">VesselFinder</a> | <a href=\"https://www.marinetraffic.com/en/ais/search/all?keyword=9737400\" target=\"_blank\" rel=\"noopener\">MarineTraffic</a>", "vf_url": "https://www.vesselfinder.com/vessels?name=9737400", "mst_url": "https://www.marinetraffic.com/en/ais/search/all?keyword=9737400", "method": "v3_2pass_track3d_fromru10d", "ru_seen_in_lookback": true, "in_monitor_on_day": true}}, {"type": "Feature", "geometry": {"type": "LineString", "coordinates": [[18.665396666666666, 54.408505], [18.673413333333333, 54.39369], [18.663975, 54.35984], [18.661963333333333, 54.37639333333333], [18.680378333333334, 54.40178166666667], [18.66541833333333, 54.40850833333333], [18.672841666666667, 54.39337666666667], [18.657438333333335, 54.37816], [18.672391666666666, 54.357769999999995], [18.66556166666667, 54.36378333333334], [18.66703, 54.387566666666665], [18.662638333333334, 54.40830833333334], [18.66541, 54.40851333333333], [18.663075, 54.384875], [18.67478, 54.35648833333333], [18.664493333333333, 54.36106333333333], [18.660633333333333, 54.37917166666667], [18.665305, 54.35870333333333], [18.660653333333336, 54.380175], [18.675248333333332, 54.40401166666666], [18.665405, 54.40850833333333], [18.592125, 54.485123333333334], [18.637428333333332, 54.52077833333333], [18.783881666666666, 54.495853333333336], [18.83494166666667, 54.443981666666666], [18.798266666666667, 54.40609666666667], [18.784463333333335, 54.359413333333336], [18.705421666666666, 54.430575], [18.649603333333335, 54.43279166666667], [18.671435, 54.38915333333333], [18.672581666666666, 54.38824], [18.675056666666666, 54.404016666666664], [18.665423333333333, 54.408501666666666], [18.665443333333332, 54.40851], [18.665401666666664, 54.40851166666666], [18.66541833333333, 54.40851], [18.665405, 54.408519999999996], [18.665401666666664, 54.408503333333336], [18.665401666666664, 54.408501666666666]]}, "properties": {"label": "SG-213", "mmsi": "261351000", "imo": "", "name": "SG-213", "shiptype": "", "first_seen_utc": "2026-01-03T08:37:51Z", "last_seen_utc": "2026-01-12T15:50:26Z", "destination": "GDANSK", "eta": "{'Day': 0, 'Hour': 24, 'Minute': 60, 'Month': 0}", "display": "", "links": "<a href=\"https://www.vesselfinder.com/vessels?name=261351000\" target=\"_blank\" rel=\"noopener\">VesselFinder</a> | <a href=\"https://www.marinetraffic.com/en/ais/search/all?keyword=261351000\" target=\"_blank\" rel=\"noopener\">MarineTraffic</a>", "vf_url": "https://www.vesselfinder.com/vessels?name=261351000", "mst_url": "https://www.marinetraffic.com/en/ais/search/all?keyword=261351000", "method": "v3_2pass_track3d_fromru10d", "ru_seen_in_lookback": true, "in_monitor_on_day": true}}, {"type": "Feature", "geometry": {"type": "Point", "coordinates": [18.665401666666664, 54.408501666666666]}, "properties": {"label": "SG-213", "mmsi": "261351000", "imo": "", "name": "SG-213", "shiptype": "", "first_seen_utc": "2026-01-03T08:37:51Z", "last_seen_utc": "2026-01-12T15:50:26Z", "destination": "GDANSK", "eta": "{'Day': 0, 'Hour': 24, 'Minute': 60, 'Month': 0}", "display": "SG-213 (261351000)", "links": "<a href=\"https://www.vesselfinder.com/vessels?name=261351000\" target=\"_blank\" rel=\"noopener\">VesselFinder</a> | <a href=\"https://www.marinetraffic.com/en/ais/search/all?keyword=261351000\" target=\"_blank\" rel=\"noopener\">MarineTraffic</a>", "vf_url": "https://www.vesselfinder.com/vessels?name=261351000", "mst_url": "https://www.marinetraffic.com/en/ais/search/all?keyword=261351000", "method": "v3_2pass_track3d_fromru10d", "ru_seen_in_lookback": true, "in_monitor_on_day": true}}, {"type": "Feature", "geometry": {"type": "LineString", "coordinates": [[18.83614833333333, 54.43713], [18.835248333333332, 54.43734333333334], [18.834558333333334, 54.43779666666667], [18.834931666666666, 54.437545], [18.835488333333334, 54.437295], [18.836644999999997, 54.437063333333334], [18.83645, 54.43703166666667], [18.835998333333336, 54.43713833333334], [18.836434999999998, 54.43704], [18.836176666666667, 54.43703666666667], [18.836445, 54.437016666666665], [18.83653, 54.43698166666666], [18.835706666666667, 54.43711333333333], [18.83485166666667, 54.43744], [18.834883333333334, 54.43741166666667], [18.83503, 54.437385], [18.836338333333334, 54.437], [18.836728333333333, 54.43701166666666], [18.83729, 54.43698], [18.837183333333332, 54.43694166666667], [18.83738333333333, 54.43696666666666], [18.837308333333333, 54.436926666666665], [18.838115000000002, 54.43708166666667], [18.836560000000002, 54.436908333333335], [18.83621, 54.43692166666666], [18.835891666666665, 54.437045], [18.83608, 54.43689], [18.835755, 54.43701166666666], [18.83728166666667, 54.43693666666666], [18.837263333333333, 54.43686833333334], [18.837390000000003, 54.43687833333333], [18.83576, 54.43696833333333], [18.838236666666667, 54.43689833333334], [18.837108333333333, 54.43676], [18.836731666666665, 54.43675833333334], [18.837136666666666, 54.436755], [18.836133333333333, 54.43676], [18.836216666666665, 54.436749999999996], [18.835500000000003, 54.436865], [18.83580166666667, 54.436706666666666], [18.836903333333332, 54.436575], [18.837055000000003, 54.43654], [18.835975, 54.436569999999996], [18.83673333333333, 54.43652], [18.83771833333333, 54.43653333333334], [18.835893333333335, 54.43662500000001], [18.836473333333334, 54.436506666666666], [18.83594, 54.43655833333333], [18.836058333333334, 54.43657833333334], [18.836726666666667, 54.436411666666665], [18.836236666666665, 54.436568333333334], [18.83762, 54.436481666666666], [18.83642166666667, 54.436503333333334], [18.836821666666665, 54.436501666666665], [18.836216666666665, 54.43642333333333], [18.835910000000002, 54.43660333333333], [18.83776, 54.43654333333333], [18.83545333333333, 54.436765], [18.836306666666665, 54.43653666666667], [18.836456666666667, 54.43649333333334], [18.835796666666667, 54.436683333333335], [18.837233333333334, 54.436575], [18.837448333333334, 54.43652833333333], [18.835829999999998, 54.43671666666667], [18.838145, 54.43670833333333], [18.83654, 54.436524999999996], [18.837861666666665, 54.43659666666667], [18.836438333333334, 54.436553333333336], [18.837306666666667, 54.43652833333333], [18.838621666666665, 54.43721166666667], [18.837486666666667, 54.43885833333333], [18.886141666666667, 54.426966666666665], [18.78262, 54.40992833333333], [18.718193333333332, 54.391081666666665], [18.715648333333334, 54.38527833333333], [18.71563666666667, 54.38527833333333], [18.715635000000002, 54.38527833333333], [18.71562833333333, 54.385283333333334], [18.715638333333334, 54.38527833333333], [18.715635000000002, 54.385284999999996], [18.715638333333334, 54.385286666666666], [18.715648333333334, 54.385279999999995], [18.71563666666667, 54.385286666666666], [18.71562833333333, 54.385279999999995], [18.715629999999997, 54.385279999999995], [18.715638333333334, 54.385286666666666], [18.715641666666667, 54.385281666666664], [18.715633333333336, 54.385286666666666], [18.715631666666663, 54.385283333333334], [18.71563666666667, 54.385283333333334], [18.715633333333336, 54.385284999999996], [18.715635000000002, 54.385284999999996], [18.715638333333334, 54.385284999999996], [18.715633333333336, 54.385281666666664], [18.715626666666665, 54.385281666666664], [18.715626666666665, 54.385279999999995], [18.715625, 54.385284999999996], [18.715623333333333, 54.385284999999996], [18.715635000000002, 54.385284999999996], [18.715625, 54.385275], [18.715631666666663, 54.385279999999995], [18.715623333333333, 54.385281666666664], [18.715633333333336, 54.38527833333333], [18.715626666666665, 54.385281666666664], [18.715626666666665, 54.385279999999995], [18.715626666666665, 54.385281666666664], [18.715633333333336, 54.385279999999995], [18.715626666666665, 54.385279999999995], [18.71562833333333, 54.38528833333333], [18.715629999999997, 54.38527833333333], [18.71562833333333, 54.385279999999995], [18.715631666666663, 54.385279999999995], [18.715629999999997, 54.385279999999995], [18.715626666666665, 54.38528833333333], [18.715625, 54.385275], [18.715635000000002, 54.38527666666666], [18.71562833333333, 54.385281666666664], [18.715575, 54.385283333333334]]}, "properties": {"label": "CMA CGM RUNDALE", "mmsi": "256882000", "imo": "9961300", "name": "CMA CGM RUNDALE", "shiptype": "", "first_seen_utc": "2026-01-03T08:37:52Z", "last_seen_utc": "2026-01-12T15:35:43Z", "destination": "GBTIL", "eta": "{'Day': 15, 'Hour': 19, 'Minute': 0, 'Month': 1}", "display": "", "links": "<a href=\"https://www.vesselfinder.com/vessels?name=9961300\" target=\"_blank\" rel=\"noopener\">VesselFinder</a> | <a href=\"https://www.marinetraffic.com/en/ais/search/all?keyword=9961300\" target=\"_blank\" rel=\"noopener\">MarineTraffic</a>", "vf_url": "https://www.vesselfinder.com/vessels?name=9961300", "mst_url": "https://www.marinetraffic.com/en/ais/search/all?keyword=9961300", "method": "v3_2pass_track3d_fromru10d", "ru_seen_in_lookback": true, "in_monitor_on_day": true}}, {"type": "Feature", "geometry": {"type": "Point", "coordinates": [18.715575, 54.385283333333334]}, "properties": {"label": "CMA CGM RUNDALE", "mmsi": "256882000", "imo": "9961300", "name": "CMA CGM RUNDALE", "shiptype": "", "first_seen_utc": "2026-01-03T08:37:52Z", "last_seen_utc": "2026-01-12T15:35:43Z", "destination": "GBTIL", "eta": "{'Day': 15, 'Hour': 19, 'Minute': 0, 'Month': 1}", "display": "CMA CGM RUNDALE (256882000)", "links": "<a href=\"https://www.vesselfinder.com/vessels?name=9961300\" target=\"_blank\" rel=\"noopener\">VesselFinder</a> | <a href=\"https://www.marinetraffic.com/en/ais/search/all?keyword=9961300\" target=\"_blank\" rel=\"noopener\">MarineTraffic</a>", "vf_url": "https://www.vesselfinder.com/vessels?name=9961300", "mst_url": "https://www.marinetraffic.com/en/ais/search/all?keyword=9961300", "method": "v3_2pass_track3d_fromru10d", "ru_seen_in_lookback": true, "in_monitor_on_day": true}}, {"type": "Feature", "geometry": {"type": "LineString", "coordinates": [[18.802123333333334, 54.603233333333336], [18.802146666666665, 54.603224999999995], [18.802145, 54.60322833333333], [18.802135, 54.603253333333335], [18.802158333333335, 54.603224999999995], [18.802138333333335, 54.60323], [18.80212, 54.60321166666667], [18.802145, 54.603208333333335], [18.802153333333333, 54.60321833333333], [18.80214, 54.603235000000005], [18.80211166666667, 54.60324833333333], [18.802131666666664, 54.60324166666667], [18.802101666666665, 54.60321166666667], [18.80214833333333, 54.603226666666664], [18.802088333333334, 54.60322333333333], [18.80216666666667, 54.60327333333333], [18.802143333333333, 54.6032], [18.80213666666667, 54.60321333333333], [18.802141666666667, 54.603206666666665], [18.802146666666665, 54.60321], [18.80212, 54.603208333333335], [18.80214, 54.603208333333335], [18.80216, 54.60321], [18.80213666666667, 54.60321333333333], [18.80214833333333, 54.60321333333333], [18.802128333333332, 54.603175], [18.802143333333333, 54.60323833333334], [18.802161666666667, 54.60321333333333], [18.80215666666667, 54.60322], [18.80215666666667, 54.60323], [18.802131666666664, 54.60319833333333], [18.80213, 54.60323166666667], [18.802153333333333, 54.60321333333333], [18.802149999999997, 54.60322333333333], [18.802113333333335, 54.60323666666667], [18.802104999999997, 54.60321333333333], [18.802123333333334, 54.603226666666664], [18.802098333333333, 54.603233333333336], [18.802121666666668, 54.603208333333335], [18.80216, 54.603190000000005], [18.802146666666665, 54.603205], [18.802135, 54.60321833333333], [18.80213, 54.603235000000005], [18.802171666666666, 54.603235000000005], [18.802093333333335, 54.60319666666667], [18.802128333333332, 54.60319666666667], [18.802165, 54.60319333333334], [18.802128333333332, 54.603215], [18.802106666666667, 54.60319166666667], [18.802141666666667, 54.60321833333333], [18.802106666666667, 54.603251666666665], [18.802196666666667, 54.603206666666665], [18.802126666666666, 54.603215], [18.802158333333335, 54.60321], [18.802101666666665, 54.60322], [18.802128333333332, 54.603226666666664], [18.80209, 54.603255], [18.802125, 54.603235000000005], [18.802126666666666, 54.60324166666667], [18.802125, 54.603215], [18.802141666666667, 54.60321833333333], [18.80213, 54.603251666666665], [18.80212, 54.603255], [18.802135, 54.603165], [18.802128333333332, 54.60321666666667], [18.802149999999997, 54.603233333333336], [18.802194999999998, 54.603185], [18.802088333333334, 54.603253333333335], [18.802135, 54.603206666666665], [18.80216, 54.60323666666667], [18.802138333333335, 54.60321666666667], [18.80213666666667, 54.60323166666667], [18.80213666666667, 54.60321333333333], [18.802158333333335, 54.60324666666667], [18.802151666666667, 54.603224999999995], [18.802126666666666, 54.603226666666664], [18.802171666666666, 54.603224999999995], [18.802158333333335, 54.60321], [18.802133333333334, 54.603251666666665], [18.802155000000003, 54.603245], [18.802161666666667, 54.60322833333333], [18.802108333333333, 54.60323], [18.802104999999997, 54.603206666666665], [18.802149999999997, 54.60321666666667], [18.802133333333334, 54.60322833333333], [18.802155000000003, 54.60321], [18.80211166666667, 54.60314], [18.802133333333334, 54.603190000000005], [18.802126666666666, 54.60320333333333], [18.802126666666666, 54.60321666666667], [18.802200000000003, 54.603235000000005], [18.802041666666664, 54.603205], [18.802126666666666, 54.60321], [18.802163333333333, 54.603224999999995], [18.802125, 54.603251666666665], [18.802158333333335, 54.60321833333333], [18.80214833333333, 54.603195], [18.802116666666667, 54.603235000000005], [18.802149999999997, 54.603233333333336], [18.802125, 54.60321833333333], [18.802141666666667, 54.603215], [18.802151666666667, 54.60317], [18.802153333333333, 54.60323166666667], [18.802106666666667, 54.60326166666667], [18.802101666666665, 54.603208333333335], [18.802145, 54.603215], [18.802073333333333, 54.60320333333333], [18.854053333333333, 54.60148], [19.006071666666667, 54.66717333333334], [18.982833333333335, 54.672898333333336], [18.94519, 54.67001333333334], [18.907573333333335, 54.66341666666666], [18.88267, 54.677685], [18.92391, 54.68810333333333], [18.963336666666667, 54.675125], [18.927983333333334, 54.67549833333333], [18.900505, 54.691993333333336], [18.88486, 54.70944333333333], [18.855496666666667, 54.72026], [18.826601666666665, 54.73027166666667], [18.830113333333333, 54.73408], [18.839501666666667, 54.65206833333333], [18.800678333333334, 54.59243], [18.803468333333335, 54.60038]]}, "properties": {"label": "HEL 112", "mmsi": "261001880", "imo": "7625861", "name": "HEL 112", "shiptype": "", "first_seen_utc": "2026-01-03T08:37:52Z", "last_seen_utc": "2026-01-12T15:52:33Z", "destination": "KEEP SAFE DIST 03AFT", "eta": "{'Day': 1, 'Hour': 0, 'Minute': 0, 'Month': 1}", "display": "", "links": "<a href=\"https://www.vesselfinder.com/vessels?name=7625861\" target=\"_blank\" rel=\"noopener\">VesselFinder</a> | <a href=\"https://www.marinetraffic.com/en/ais/search/all?keyword=7625861\" target=\"_blank\" rel=\"noopener\">MarineTraffic</a>", "vf_url": "https://www.vesselfinder.com/vessels?name=7625861", "mst_url": "https://www.marinetraffic.com/en/ais/search/all?keyword=7625861", "method": "v3_2pass_track3d_fromru10d", "ru_seen_in_lookback": true, "in_monitor_on_day": true}}, {"type": "Feature", "geometry": {"type": "Point", "coordinates": [18.803468333333335, 54.60038]}, "properties": {"label": "HEL 112", "mmsi": "261001880", "imo": "7625861", "name": "HEL 112", "shiptype": "", "first_seen_utc": "2026-01-03T08:37:52Z", "last_seen_utc": "2026-01-12T15:52:33Z", "destination": "KEEP SAFE DIST 03AFT", "eta": "{'Day': 1, 'Hour': 0, 'Minute': 0, 'Month': 1}", "display": "HEL 112 (261001880)", "links": "<a href=\"https://www.vesselfinder.com/vessels?name=7625861\" target=\"_blank\" rel=\"noopener\">VesselFinder</a> | <a href=\"https://www.marinetraffic.com/en/ais/search/all?keyword=7625861\" target=\"_blank\" rel=\"noopener\">MarineTraffic</a>", "vf_url": "https://www.vesselfinder.com/vessels?name=7625861", "mst_url": "https://www.marinetraffic.com/en/ais/search/all?keyword=7625861", "method": "v3_2pass_track3d_fromru10d", "ru_seen_in_lookback": true, "in_monitor_on_day": true}}, {"type": "Feature", "geometry": {"type": "LineString", "coordinates": [[18.720216666666666, 54.38836666666667], [18.720233333333333, 54.38836666666667], [18.720233333333333, 54.38838333333333], [18.720216666666666, 54.388400000000004], [18.720233333333333, 54.38836666666667], [18.720233333333333, 54.388349999999996], [18.720216666666666, 54.38836666666667], [18.720233333333333, 54.38836666666667], [18.720233333333333, 54.38836666666667], [18.720233333333333, 54.38838333333333], [18.72025, 54.38836666666667], [18.72025, 54.38836666666667], [18.72025, 54.38838333333333], [18.720216666666666, 54.38836666666667], [18.720216666666666, 54.38838333333333], [18.720216666666666, 54.388349999999996], [18.72025, 54.38836666666667], [18.720233333333333, 54.38836666666667], [18.720233333333333, 54.38836666666667], [18.720216666666666, 54.38836666666667], [18.720233333333333, 54.38838333333333], [18.72025, 54.38836666666667], [18.720233333333333, 54.38836666666667], [18.720233333333333, 54.38836666666667], [18.72025, 54.38836666666667], [18.7202, 54.38838333333333], [18.720216666666666, 54.38836666666667], [18.720266666666664, 54.38836666666667], [18.72025, 54.388349999999996], [18.72025, 54.38836666666667], [18.720233333333333, 54.38836666666667], [18.720266666666664, 54.388349999999996], [18.72025, 54.38836666666667], [18.720233333333333, 54.38836666666667], [18.72025, 54.388349999999996], [18.72025, 54.388349999999996], [18.72025, 54.38836666666667], [18.720266666666664, 54.388349999999996], [18.72025, 54.388349999999996], [18.72025, 54.38836666666667], [18.720233333333333, 54.38836666666667], [18.720216666666666, 54.38836666666667], [18.720233333333333, 54.38836666666667], [18.720233333333333, 54.388349999999996], [18.720233333333333, 54.38836666666667], [18.72025, 54.388349999999996], [18.720266666666664, 54.38836666666667], [18.720233333333333, 54.38836666666667], [18.720233333333333, 54.38836666666667], [18.720233333333333, 54.38836666666667], [18.720233333333333, 54.38836666666667], [18.720233333333333, 54.38836666666667], [18.72025, 54.38836666666667], [18.720216666666666, 54.38836666666667], [18.72025, 54.38838333333333], [18.72025, 54.388349999999996], [18.72025, 54.38836666666667], [18.72025, 54.38836666666667], [18.720233333333333, 54.38836666666667], [18.720233333333333, 54.38838333333333], [18.720233333333333, 54.38836666666667], [18.720233333333333, 54.388349999999996], [18.72025, 54.38836666666667], [18.7202, 54.388400000000004], [18.720183333333335, 54.38845], [18.72025, 54.38836666666667], [18.720233333333333, 54.388349999999996], [18.72025, 54.388349999999996], [18.72025, 54.38836666666667], [18.72025, 54.38836666666667], [18.720216666666666, 54.38838333333333], [18.72025, 54.38836666666667], [18.720266666666664, 54.38838333333333], [18.72025, 54.38836666666667], [18.720233333333333, 54.38836666666667], [18.720233333333333, 54.38836666666667], [18.72025, 54.38836666666667], [18.72025, 54.38836666666667], [18.72025, 54.38838333333333], [18.72025, 54.388349999999996], [18.72025, 54.38836666666667], [18.72025, 54.38838333333333], [18.72025, 54.388349999999996], [18.72025, 54.38836666666667], [18.720233333333333, 54.38836666666667], [18.720233333333333, 54.38836666666667], [18.720233333333333, 54.38838333333333], [18.72025, 54.38836666666667], [18.720266666666664, 54.38836666666667], [18.72025, 54.38836666666667], [18.724266666666665, 54.4007], [18.912666666666667, 54.4283], [19.045466666666666, 54.512899999999995], [19.119983333333334, 54.624583333333334], [19.0854, 54.74145], [19.070983333333334, 54.8597]]}, "properties": {"label": "VILNIA MAERSK", "mmsi": "219136000", "imo": "9778533", "name": "VILNIA MAERSK", "shiptype": "", "first_seen_utc": "2026-01-03T08:38:19Z", "last_seen_utc": "2026-01-12T02:18:41Z", "destination": "PLGDNDCT - FIKTKCT", "eta": "{'Day': 13, 'Hour': 8, 'Minute': 0, 'Month': 1}", "display": "", "links": "<a href=\"https://www.vesselfinder.com/vessels?name=9778533\" target=\"_blank\" rel=\"noopener\">VesselFinder</a> | <a href=\"https://www.marinetraffic.com/en/ais/search/all?keyword=9778533\" target=\"_blank\" rel=\"noopener\">MarineTraffic</a>", "vf_url": "https://www.vesselfinder.com/vessels?name=9778533", "mst_url": "https://www.marinetraffic.com/en/ais/search/all?keyword=9778533", "method": "v3_2pass_track3d_fromru10d", "ru_seen_in_lookback": true, "in_monitor_on_day": true}}, {"type": "Feature", "geometry": {"type": "Point", "coordinates": [19.070983333333334, 54.8597]}, "properties": {"label": "VILNIA MAERSK", "mmsi": "219136000", "imo": "9778533", "name": "VILNIA MAERSK", "shiptype": "", "first_seen_utc": "2026-01-03T08:38:19Z", "last_seen_utc": "2026-01-12T02:18:41Z", "destination": "PLGDNDCT - FIKTKCT", "eta": "{'Day': 13, 'Hour': 8, 'Minute': 0, 'Month': 1}", "display": "VILNIA MAERSK (219136000)", "links": "<a href=\"https://www.vesselfinder.com/vessels?name=9778533\" target=\"_blank\" rel=\"noopener\">VesselFinder</a> | <a href=\"https://www.marinetraffic.com/en/ais/search/all?keyword=9778533\" target=\"_blank\" rel=\"noopener\">MarineTraffic</a>", "vf_url": "https://www.vesselfinder.com/vessels?name=9778533", "mst_url": "https://www.marinetraffic.com/en/ais/search/all?keyword=9778533", "method": "v3_2pass_track3d_fromru10d", "ru_seen_in_lookback": true, "in_monitor_on_day": true}}, {"type": "Feature", "geometry": {"type": "LineString", "coordinates": [[18.676736666666667, 54.356235], [18.67674333333333, 54.35621166666667], [18.676691666666667, 54.356231666666666], [18.676718333333334, 54.356226666666664], [18.676716666666668, 54.35621833333333], [18.67672333333333, 54.35621833333333], [18.676713333333332, 54.356228333333334], [18.676705000000002, 54.35621166666667], [18.676735, 54.35621666666667], [18.676711666666666, 54.356225], [18.676726666666664, 54.35620666666667], [18.67669, 54.35622], [18.676715, 54.35623666666667], [18.67673166666667, 54.35622], [18.67669833333333, 54.35622166666667], [18.676718333333334, 54.35622166666667], [18.676708333333334, 54.356225], [18.67671, 54.35621666666667], [18.676713333333332, 54.356215], [18.676716666666668, 54.356208333333335], [18.676715, 54.35621833333333], [18.67673166666667, 54.35622333333333], [18.676726666666664, 54.35621666666667], [18.676738333333333, 54.356228333333334], [18.676724999999998, 54.35625], [18.67671, 54.35624166666666], [18.676705000000002, 54.35623833333333], [18.676708333333334, 54.35622166666667], [18.67671, 54.35622333333333], [18.67672, 54.356215], [18.676688333333335, 54.35622166666667], [18.676716666666668, 54.35623333333333], [18.6767, 54.356231666666666], [18.676706666666668, 54.356210000000004], [18.676721666666666, 54.356228333333334], [18.676738333333333, 54.35622166666667], [18.67674, 54.35622166666667], [18.67672333333333, 54.356213333333336], [18.676721666666666, 54.35622166666667], [18.676724999999998, 54.356210000000004], [18.676730000000003, 54.35622166666667], [18.67674, 54.356231666666666], [18.67674333333333, 54.35621833333333], [18.676705000000002, 54.35620666666667], [18.676721666666666, 54.35622], [18.676716666666668, 54.35623], [18.676675, 54.35622166666667], [18.676715, 54.356210000000004], [18.676708333333334, 54.35621833333333], [18.676746666666666, 54.35624], [18.676701666666666, 54.35623333333333], [18.676713333333332, 54.35622166666667], [18.676741666666665, 54.356210000000004], [18.676715, 54.35621166666667], [18.676711666666666, 54.35622333333333], [18.676701666666666, 54.356228333333334], [18.676728333333333, 54.356235], [18.676696666666665, 54.356231666666666], [18.67671, 54.35623333333333], [18.67671, 54.356231666666666], [18.676718333333334, 54.356228333333334], [18.676705000000002, 54.356231666666666], [18.676706666666668, 54.356228333333334], [18.67672, 54.35621166666667], [18.676721666666666, 54.356228333333334], [18.67673166666667, 54.356235], [18.67672333333333, 54.356235], [18.676741666666665, 54.356226666666664], [18.676695, 54.35622166666667], [18.676713333333332, 54.35622333333333], [18.676746666666666, 54.35622333333333], [18.676730000000003, 54.35623666666667], [18.676728333333333, 54.356205], [18.67673166666667, 54.35621166666667], [18.676721666666666, 54.35623666666667], [18.676706666666668, 54.35621666666667], [18.676706666666668, 54.35622333333333], [18.676741666666665, 54.35621666666667], [18.6767, 54.35621666666667], [18.676703333333332, 54.35621833333333], [18.67672, 54.35622], [18.67673166666667, 54.356231666666666], [18.67672, 54.35621666666667], [18.67672333333333, 54.356226666666664], [18.67673166666667, 54.35620166666667], [18.676706666666668, 54.35623666666667], [18.676728333333333, 54.356195], [18.676738333333333, 54.35621166666667], [18.676733333333335, 54.35619833333333], [18.676724999999998, 54.35623333333333], [18.67672333333333, 54.35622333333333], [18.676724999999998, 54.35622166666667], [18.676713333333332, 54.356226666666664], [18.67672, 54.35622166666667], [18.676708333333334, 54.35621666666667], [18.67671, 54.35622], [18.676728333333333, 54.356215], [18.676713333333332, 54.35622333333333], [18.67672333333333, 54.35621666666667], [18.676701666666666, 54.35622333333333], [18.676701666666666, 54.35620166666667], [18.676711666666666, 54.35620333333333], [18.67568, 54.35644], [18.646741666666667, 54.366565], [18.646743333333333, 54.36658], [18.648653333333336, 54.366015], [18.64836, 54.365855], [18.658828333333336, 54.36374333333333], [18.676724999999998, 54.35622166666667], [18.676695, 54.35622333333333], [18.67672, 54.35622], [18.676718333333334, 54.35621166666667], [18.676716666666668, 54.35622166666667], [18.676706666666668, 54.35622166666667], [18.67701, 54.356045], [18.676991666666666, 54.356049999999996]]}, "properties": {"label": "HENRYK", "mmsi": "261059000", "imo": "7504926", "name": "HENRYK", "shiptype": "", "first_seen_utc": "2026-01-03T08:38:19Z", "last_seen_utc": "2026-01-12T15:39:20Z", "destination": "GDANSK", "eta": "{'Day': 8, 'Hour': 0, 'Minute': 0, 'Month': 1}", "display": "", "links": "<a href=\"https://www.vesselfinder.com/vessels?name=7504926\" target=\"_blank\" rel=\"noopener\">VesselFinder</a> | <a href=\"https://www.marinetraffic.com/en/ais/search/all?keyword=7504926\" target=\"_blank\" rel=\"noopener\">MarineTraffic</a>", "vf_url": "https://www.vesselfinder.com/vessels?name=7504926", "mst_url": "https://www.marinetraffic.com/en/ais/search/all?keyword=7504926", "method": "v3_2pass_track3d_fromru10d", "ru_seen_in_lookback": true, "in_monitor_on_day": true}}, {"type": "Feature", "geometry": {"type": "Point", "coordinates": [18.676991666666666, 54.356049999999996]}, "properties": {"label": "HENRYK", "mmsi": "261059000", "imo": "7504926", "name": "HENRYK", "shiptype": "", "first_seen_utc": "2026-01-03T08:38:19Z", "last_seen_utc": "2026-01-12T15:39:20Z", "destination": "GDANSK", "eta": "{'Day': 8, 'Hour': 0, 'Minute': 0, 'Month': 1}", "display": "HENRYK (261059000)", "links": "<a href=\"https://www.vesselfinder.com/vessels?name=7504926\" target=\"_blank\" rel=\"noopener\">VesselFinder</a> | <a href=\"https://www.marinetraffic.com/en/ais/search/all?keyword=7504926\" target=\"_blank\" rel=\"noopener\">MarineTraffic</a>", "vf_url": "https://www.vesselfinder.com/vessels?name=7504926", "mst_url": "https://www.marinetraffic.com/en/ais/search/all?keyword=7504926", "method": "v3_2pass_track3d_fromru10d", "ru_seen_in_lookback": true, "in_monitor_on_day": true}}, {"type": "Feature", "geometry": {"type": "LineString", "coordinates": [[12.259706666666666, 54.57904666666666], [12.214506666666667, 54.49287], [12.120534999999999, 54.44149], [11.96665, 54.4346], [11.792485, 54.433575000000005], [11.631488333333333, 54.46729166666667], [11.470928333333335, 54.51240666666667], [11.307626666666666, 54.55882166666667], [11.137798333333334, 54.604455], [10.962711666666667, 54.61699333333333], [10.806881666666667, 54.67002], [10.805056666666667, 54.76253166666667], [10.838816666666666, 54.87196666666667], [10.950155, 54.96196166666667], [10.994876666666666, 55.06685], [11.031558333333333, 55.16933166666667], [11.085936666666667, 55.25313666666667], [10.85153, 55.54620833333333], [10.78505, 55.65357166666667], [10.809605, 55.76195], [11.094711666666665, 56.02752666666667]]}, "properties": {"label": "ALBERT", "mmsi": "636019055", "imo": "9843572", "name": "ALBERT", "shiptype": "", "first_seen_utc": "2026-01-03T08:38:19Z", "last_seen_utc": "2026-01-12T06:40:49Z", "destination": "PORT SAID FOR ORDER", "eta": "{'Day': 28, 'Hour': 23, 'Minute': 0, 'Month': 1}", "display": "", "links": "<a href=\"https://www.vesselfinder.com/vessels?name=9843572\" target=\"_blank\" rel=\"noopener\">VesselFinder</a> | <a href=\"https://www.marinetraffic.com/en/ais/search/all?keyword=9843572\" target=\"_blank\" rel=\"noopener\">MarineTraffic</a>", "vf_url": "https://www.vesselfinder.com/vessels?name=9843572", "mst_url": "https://www.marinetraffic.com/en/ais/search/all?keyword=9843572", "method": "v3_2pass_track3d_fromru10d", "ru_seen_in_lookback": true, "in_monitor_on_day": true}}, {"type": "Feature", "geometry": {"type": "Point", "coordinates": [11.094711666666665, 56.02752666666667]}, "properties": {"label": "ALBERT", "mmsi": "636019055", "imo": "9843572", "name": "ALBERT", "shiptype": "", "first_seen_utc": "2026-01-03T08:38:19Z", "last_seen_utc": "2026-01-12T06:40:49Z", "destination": "PORT SAID FOR ORDER", "eta": "{'Day': 28, 'Hour': 23, 'Minute': 0, 'Month': 1}", "display": "ALBERT (636019055)", "links": "<a href=\"https://www.vesselfinder.com/vessels?name=9843572\" target=\"_blank\" rel=\"noopener\">VesselFinder</a> | <a href=\"https://www.marinetraffic.com/en/ais/search/all?keyword=9843572\" target=\"_blank\" rel=\"noopener\">MarineTraffic</a>", "vf_url": "https://www.vesselfinder.com/vessels?name=9843572", "mst_url": "https://www.marinetraffic.com/en/ais/search/all?keyword=9843572", "method": "v3_2pass_track3d_fromru10d", "ru_seen_in_lookback": true, "in_monitor_on_day": true}}, {"type": "Feature", "geometry": {"type": "LineString", "coordinates": [[18.802374999999998, 54.60293166666667], [18.802383333333335, 54.60292666666667], [18.802385, 54.602936666666665], [18.80239, 54.602941666666666], [18.802403333333334, 54.60292333333334], [18.80238166666667, 54.602915], [18.802371666666666, 54.60292333333334], [18.802391666666665, 54.602918333333335], [18.802341666666667, 54.60292833333333], [18.802368333333334, 54.60292166666667], [18.802373333333332, 54.602941666666666], [18.802365, 54.602925], [18.802355, 54.60293333333333], [18.802376666666664, 54.60292666666667], [18.802378333333333, 54.60293333333333], [18.802376666666664, 54.602938333333334], [18.802365, 54.602918333333335], [18.80237, 54.602935], [18.802365, 54.602925], [18.802366666666668, 54.60292666666667], [18.802385, 54.602925], [18.802374999999998, 54.602920000000005], [18.802378333333333, 54.602918333333335], [18.802413333333334, 54.602891666666665], [18.802383333333335, 54.60294], [18.8024, 54.60293166666667], [18.802378333333333, 54.60297333333333], [18.802378333333333, 54.602936666666665], [18.802353333333333, 54.60293166666667], [18.80238166666667, 54.602941666666666], [18.80237, 54.60294], [18.802373333333332, 54.60294333333333], [18.802393333333335, 54.60291666666667], [18.802366666666668, 54.60293333333333], [18.802343333333333, 54.602915], [18.802378333333333, 54.60293166666667], [18.802374999999998, 54.60293], [18.802363333333336, 54.602938333333334], [18.802358333333334, 54.602936666666665], [18.802396666666667, 54.602925], [18.802363333333336, 54.602918333333335], [18.802380000000003, 54.60292333333334], [18.802391666666665, 54.60291666666667], [18.802366666666668, 54.602911666666664], [18.802374999999998, 54.60290666666666], [18.802385, 54.60290666666666], [18.802383333333335, 54.602911666666664], [18.80239, 54.602913333333326], [18.802366666666668, 54.602911666666664], [18.802358333333334, 54.60293333333333], [18.8024, 54.60294333333333], [18.802398333333333, 54.60293], [18.802386666666667, 54.602911666666664], [18.802366666666668, 54.602915], [18.802393333333335, 54.602905], [18.802373333333332, 54.60292333333334], [18.802373333333332, 54.602920000000005], [18.802373333333332, 54.602918333333335], [18.802361666666666, 54.60290833333333], [18.802368333333334, 54.60292666666667], [18.802365, 54.60292666666667], [18.80236, 54.602918333333335], [18.802374999999998, 54.60294], [18.802385, 54.602963333333335], [18.802368333333334, 54.602935], [18.802371666666666, 54.60292666666667], [18.802361666666666, 54.60293333333333], [18.802383333333335, 54.60293], [18.802380000000003, 54.602915], [18.802368333333334, 54.60292333333334], [18.802386666666667, 54.602911666666664], [18.80237, 54.60292833333333], [18.802388333333333, 54.602925], [18.802371666666666, 54.60293333333333], [18.802374999999998, 54.602941666666666], [18.802380000000003, 54.602920000000005], [18.802373333333332, 54.60292666666667], [18.802396666666667, 54.60293333333333], [18.80237, 54.60292833333333], [18.802405, 54.60294], [18.802366666666668, 54.602918333333335], [18.802385, 54.60293], [18.802391666666665, 54.60292666666667], [18.802358333333334, 54.602920000000005], [18.802378333333333, 54.60292833333333], [18.802351666666667, 54.602925], [18.802373333333332, 54.60292666666667], [18.802366666666668, 54.60293], [18.802378333333333, 54.60290333333333], [18.802391666666665, 54.60292833333333], [18.802374999999998, 54.60292666666667], [18.802388333333333, 54.60292666666667], [18.802386666666667, 54.60293333333333], [18.802386666666667, 54.60294], [18.802386666666667, 54.60292833333333], [18.802380000000003, 54.60293166666667], [18.802355, 54.602945], [18.802393333333335, 54.602925], [18.802406666666666, 54.60293333333333], [18.802383333333335, 54.60292333333334], [18.802356666666665, 54.60293], [18.80237, 54.60292333333334], [18.802388333333333, 54.602941666666666], [18.802356666666665, 54.60292166666667], [18.802380000000003, 54.60288833333333], [18.802368333333334, 54.60292333333334], [18.80236, 54.60292166666667], [18.819773333333334, 54.56885666666667], [18.951383333333336, 54.53977833333333], [19.082015000000002, 54.55736666666667], [19.127338333333334, 54.53591333333333], [19.106836666666666, 54.55518], [19.077856666666666, 54.56997], [19.041611666666665, 54.58049833333334], [19.00971333333333, 54.593893333333334], [18.990353333333335, 54.613265], [18.983561666666667, 54.635085000000004], [18.96534666666667, 54.65466833333333], [18.937163333333334, 54.66902], [18.912213333333334, 54.684756666666665], [18.8947, 54.703046666666665], [18.879450000000002, 54.72260833333333], [18.859028333333335, 54.726195], [18.86717666666667, 54.71234833333333], [18.868935, 54.704539999999994], [18.859031666666667, 54.63651], [18.797818333333332, 54.59628333333333]]}, "properties": {"label": "HEL-150", "mmsi": "261003910", "imo": "8600260", "name": "HEL-150", "shiptype": "", "first_seen_utc": "2026-01-03T08:38:19Z", "last_seen_utc": "2026-01-12T15:58:48Z", "destination": "KEEP SAFE DISTANCE", "eta": "{'Day': 14, 'Hour': 21, 'Minute': 0, 'Month': 11}", "display": "", "links": "<a href=\"https://www.vesselfinder.com/vessels?name=8600260\" target=\"_blank\" rel=\"noopener\">VesselFinder</a> | <a href=\"https://www.marinetraffic.com/en/ais/search/all?keyword=8600260\" target=\"_blank\" rel=\"noopener\">MarineTraffic</a>", "vf_url": "https://www.vesselfinder.com/vessels?name=8600260", "mst_url": "https://www.marinetraffic.com/en/ais/search/all?keyword=8600260", "method": "v3_2pass_track3d_fromru10d", "ru_seen_in_lookback": true, "in_monitor_on_day": true}}, {"type": "Feature", "geometry": {"type": "Point", "coordinates": [18.797818333333332, 54.59628333333333]}, "properties": {"label": "HEL-150", "mmsi": "261003910", "imo": "8600260", "name": "HEL-150", "shiptype": "", "first_seen_utc": "2026-01-03T08:38:19Z", "last_seen_utc": "2026-01-12T15:58:48Z", "destination": "KEEP SAFE DISTANCE", "eta": "{'Day': 14, 'Hour': 21, 'Minute': 0, 'Month': 11}", "display": "HEL-150 (261003910)", "links": "<a href=\"https://www.vesselfinder.com/vessels?name=8600260\" target=\"_blank\" rel=\"noopener\">VesselFinder</a> | <a href=\"https://www.marinetraffic.com/en/ais/search/all?keyword=8600260\" target=\"_blank\" rel=\"noopener\">MarineTraffic</a>", "vf_url": "https://www.vesselfinder.com/vessels?name=8600260", "mst_url": "https://www.marinetraffic.com/en/ais/search/all?keyword=8600260", "method": "v3_2pass_track3d_fromru10d", "ru_seen_in_lookback": true, "in_monitor_on_day": true}}, {"type": "Feature", "geometry": {"type": "LineString", "coordinates": [[18.801655, 54.60231], [18.80167, 54.60229833333334], [18.80162, 54.602305], [18.80162, 54.60232666666666], [18.801631666666665, 54.60232333333333], [18.801643333333335, 54.60232333333333], [18.8016, 54.60232], [18.80161, 54.60232666666666], [18.801615, 54.602345], [18.801616666666668, 54.60233], [18.801618333333334, 54.60233166666667], [18.80163333333333, 54.602311666666665], [18.80158833333333, 54.602288333333334], [18.801611666666666, 54.60230166666667], [18.801616666666668, 54.602305], [18.801634999999997, 54.6023], [18.801643333333335, 54.6023], [18.801665, 54.60230333333333], [18.801648333333333, 54.60228], [18.801605, 54.602293333333336], [18.801665, 54.60229833333334], [18.801634999999997, 54.602291666666666], [18.801679999999998, 54.60234333333334], [18.801638333333337, 54.602311666666665], [18.801643333333335, 54.602293333333336], [18.80163, 54.60231666666667], [18.801615, 54.602338333333336], [18.801631666666665, 54.60232], [18.801661666666668, 54.602325], [18.801634999999997, 54.60232666666666], [18.801634999999997, 54.60232666666666], [18.801634999999997, 54.60232666666666], [18.801666666666666, 54.602313333333335], [18.801636666666663, 54.602336666666666], [18.801638333333337, 54.60232833333334], [18.801613333333332, 54.60233166666667], [18.801648333333333, 54.60233], [18.801616666666668, 54.602288333333334], [18.801573333333334, 54.60232], [18.801605, 54.60233166666667], [18.8016, 54.60233166666667], [18.801581666666667, 54.60232333333333], [18.801565, 54.60231666666667], [18.801618333333334, 54.60230833333333], [18.801621666666666, 54.60232166666666], [18.80163333333333, 54.60228], [18.801660000000002, 54.60228], [18.80167833333333, 54.60228666666667], [18.80164166666667, 54.60229], [18.801626666666667, 54.60227], [18.801628333333333, 54.602295000000005], [18.80163, 54.60228666666667], [18.801621666666666, 54.60229666666667], [18.801628333333333, 54.60232], [18.801640000000003, 54.602325], [18.801621666666666, 54.60232166666666], [18.80162, 54.60231666666667], [18.80162, 54.60232], [18.801621666666666, 54.60230166666667], [18.801598333333335, 54.60230833333333], [18.80161, 54.602285], [18.801581666666667, 54.6023], [18.801636666666663, 54.60231833333333], [18.80165, 54.60233], [18.801618333333334, 54.602288333333334], [18.801631666666665, 54.602306666666664], [18.801673333333333, 54.60231], [18.801658333333332, 54.60231833333333], [18.801663333333334, 54.60232666666666], [18.801631666666665, 54.602336666666666], [18.801640000000003, 54.602325], [18.80167, 54.60231833333333], [18.801646666666667, 54.60230833333333], [18.801634999999997, 54.602325], [18.801645, 54.602325], [18.801631666666665, 54.60232333333333], [18.801663333333334, 54.602340000000005], [18.801636666666663, 54.60234666666667], [18.801625, 54.60233], [18.801668333333335, 54.60232333333333], [18.801676666666665, 54.60230333333333], [18.801658333333332, 54.60233], [18.801661666666668, 54.60234666666667], [18.801658333333332, 54.60232833333334], [18.801625, 54.60230333333333], [18.801595000000002, 54.60229833333334], [18.801598333333335, 54.602340000000005], [18.801595000000002, 54.602333333333334], [18.801605, 54.60233], [18.801555, 54.60232666666666], [18.801593333333336, 54.602335000000004], [18.801645, 54.602313333333335], [18.801640000000003, 54.60230833333333], [18.801668333333335, 54.602288333333334], [18.801661666666668, 54.602293333333336], [18.801673333333333, 54.602275], [18.801625, 54.602306666666664], [18.80162, 54.60231833333333], [18.801636666666663, 54.60232], [18.80159666666667, 54.602291666666666], [18.80163, 54.602325], [18.801625, 54.60232833333334], [18.801611666666666, 54.60234166666667], [18.80163, 54.602311666666665], [18.801606666666665, 54.60231833333333], [18.80161, 54.60230333333333], [18.801589999999997, 54.602288333333334], [18.798386666666666, 54.59614], [18.920885, 54.57356333333333], [19.02565333333333, 54.62148833333333], [19.03175666666667, 54.672335], [19.044838333333335, 54.68366666666667], [19.01249, 54.660025000000005], [18.980385000000002, 54.64434333333334], [18.94027833333333, 54.63659666666667], [18.913310000000003, 54.65143166666667], [18.909218333333335, 54.673855], [18.90584833333333, 54.696558333333336], [18.884815, 54.71470166666666], [18.85447333333333, 54.72725166666667], [18.823013333333332, 54.73674666666667], [18.85856, 54.73697666666667], [18.895120000000002, 54.71692666666667], [18.918425, 54.69915833333334], [18.921853333333335, 54.686058333333335], [18.878488333333333, 54.62730833333333], [18.795698333333334, 54.586585]]}, "properties": {"label": "HEL-157", "mmsi": "261001620", "imo": "8008670", "name": "HEL-157", "shiptype": "", "first_seen_utc": "2026-01-03T08:38:19Z", "last_seen_utc": "2026-01-12T15:56:36Z", "destination": "KEEP CLEAR 0.3AFT", "eta": "{'Day': 0, 'Hour': 24, 'Minute': 60, 'Month': 0}", "display": "", "links": "<a href=\"https://www.vesselfinder.com/vessels?name=8008670\" target=\"_blank\" rel=\"noopener\">VesselFinder</a> | <a href=\"https://www.marinetraffic.com/en/ais/search/all?keyword=8008670\" target=\"_blank\" rel=\"noopener\">MarineTraffic</a>", "vf_url": "https://www.vesselfinder.com/vessels?name=8008670", "mst_url": "https://www.marinetraffic.com/en/ais/search/all?keyword=8008670", "method": "v3_2pass_track3d_fromru10d", "ru_seen_in_lookback": true, "in_monitor_on_day": true}}, {"type": "Feature", "geometry": {"type": "Point", "coordinates": [18.795698333333334, 54.586585]}, "properties": {"label": "HEL-157", "mmsi": "261001620", "imo": "8008670", "name": "HEL-157", "shiptype": "", "first_seen_utc": "2026-01-03T08:38:19Z", "last_seen_utc": "2026-01-12T15:56:36Z", "destination": "KEEP CLEAR 0.3AFT", "eta": "{'Day': 0, 'Hour': 24, 'Minute': 60, 'Month': 0}", "display": "HEL-157 (261001620)", "links": "<a href=\"https://www.vesselfinder.com/vessels?name=8008670\" target=\"_blank\" rel=\"noopener\">VesselFinder</a> | <a href=\"https://www.marinetraffic.com/en/ais/search/all?keyword=8008670\" target=\"_blank\" rel=\"noopener\">MarineTraffic</a>", "vf_url": "https://www.vesselfinder.com/vessels?name=8008670", "mst_url": "https://www.marinetraffic.com/en/ais/search/all?keyword=8008670", "method": "v3_2pass_track3d_fromru10d", "ru_seen_in_lookback": true, "in_monitor_on_day": true}}, {"type": "Feature", "geometry": {"type": "LineString", "coordinates": [[18.95025, 54.986650000000004], [18.962183333333332, 54.94513333333334]]}, "properties": {"label": "RUBIKON 202", "mmsi": "255806519", "imo": "9344423", "name": "RUBIKON 202", "shiptype": "", "first_seen_utc": "2026-01-03T08:38:19Z", "last_seen_utc": "2026-01-12T15:59:16Z", "destination": "PL GDN", "eta": "{'Day': 12, 'Hour': 19, 'Minute': 0, 'Month': 1}", "display": "", "links": "<a href=\"https://www.vesselfinder.com/vessels?name=9344423\" target=\"_blank\" rel=\"noopener\">VesselFinder</a> | <a href=\"https://www.marinetraffic.com/en/ais/search/all?keyword=9344423\" target=\"_blank\" rel=\"noopener\">MarineTraffic</a>", "vf_url": "https://www.vesselfinder.com/vessels?name=9344423", "mst_url": "https://www.marinetraffic.com/en/ais/search/all?keyword=9344423", "method": "v3_2pass_track3d_fromru10d", "ru_seen_in_lookback": true, "in_monitor_on_day": true}}, {"type": "Feature", "geometry": {"type": "Point", "coordinates": [18.962183333333332, 54.94513333333334]}, "properties": {"label": "RUBIKON 202", "mmsi": "255806519", "imo": "9344423", "name": "RUBIKON 202", "shiptype": "", "first_seen_utc": "2026-01-03T08:38:19Z", "last_seen_utc": "2026-01-12T15:59:16Z", "destination": "PL GDN", "eta": "{'Day': 12, 'Hour': 19, 'Minute': 0, 'Month': 1}", "display": "RUBIKON 202 (255806519)", "links": "<a href=\"https://www.vesselfinder.com/vessels?name=9344423\" target=\"_blank\" rel=\"noopener\">VesselFinder</a> | <a href=\"https://www.marinetraffic.com/en/ais/search/all?keyword=9344423\" target=\"_blank\" rel=\"noopener\">MarineTraffic</a>", "vf_url": "https://www.vesselfinder.com/vessels?name=9344423", "mst_url": "https://www.marinetraffic.com/en/ais/search/all?keyword=9344423", "method": "v3_2pass_track3d_fromru10d", "ru_seen_in_lookback": true, "in_monitor_on_day": true}}, {"type": "Feature", "geometry": {"type": "LineString", "coordinates": [[10.498600000000001, 57.856004999999996], [10.276711666666667, 57.85592833333333], [10.059521666666665, 57.854931666666666], [9.84337, 57.84597], [9.644038333333333, 57.83002333333333], [9.463636666666668, 57.78079666666667], [9.28831, 57.721318333333336], [9.10405, 57.664955], [8.922036666666665, 57.599270000000004], [8.750443333333333, 57.52645166666667], [8.568403333333332, 57.46572666666667], [8.380183333333333, 57.40428], [8.209968333333332, 57.339445], [8.090628333333333, 57.243273333333335], [7.983393333333334, 57.14740333333334], [7.854821666666667, 57.028995], [3.9874666666666667, 53.85197333333333], [3.688395, 53.71237166666666], [3.595251666666667, 53.513659999999994], [3.5399183333333335, 53.42481], [3.4786216666666667, 53.32653833333333], [3.4101516666666667, 53.20163], [3.3633283333333335, 53.112208333333335], [3.3128033333333335, 53.023963333333334], [3.2620383333333334, 52.923808333333334], [3.021205, 52.647238333333334], [2.6291433333333334, 52.06614833333333]]}, "properties": {"label": "PLATANOS", "mmsi": "311000915", "imo": "9825477", "name": "PLATANOS", "shiptype": "", "first_seen_utc": "2026-01-03T08:38:19Z", "last_seen_utc": "2026-01-12T15:45:25Z", "destination": "SEGOT > USHOU", "eta": "{'Day': 29, 'Hour': 20, 'Minute': 0, 'Month': 1}", "display": "", "links": "<a href=\"https://www.vesselfinder.com/vessels?name=9825477\" target=\"_blank\" rel=\"noopener\">VesselFinder</a> | <a href=\"https://www.marinetraffic.com/en/ais/search/all?keyword=9825477\" target=\"_blank\" rel=\"noopener\">MarineTraffic</a>", "vf_url": "https://www.vesselfinder.com/vessels?name=9825477", "mst_url": "https://www.marinetraffic.com/en/ais/search/all?keyword=9825477", "method": "v3_2pass_track3d_fromru10d", "ru_seen_in_lookback": true, "in_monitor_on_day": true}}, {"type": "Feature", "geometry": {"type": "Point", "coordinates": [2.6291433333333334, 52.06614833333333]}, "properties": {"label": "PLATANOS", "mmsi": "311000915", "imo": "9825477", "name": "PLATANOS", "shiptype": "", "first_seen_utc": "2026-01-03T08:38:19Z", "last_seen_utc": "2026-01-12T15:45:25Z", "destination": "SEGOT > USHOU", "eta": "{'Day': 29, 'Hour': 20, 'Minute': 0, 'Month': 1}", "display": "PLATANOS (311000915)", "links": "<a href=\"https://www.vesselfinder.com/vessels?name=9825477\" target=\"_blank\" rel=\"noopener\">VesselFinder</a> | <a href=\"https://www.marinetraffic.com/en/ais/search/all?keyword=9825477\" target=\"_blank\" rel=\"noopener\">MarineTraffic</a>", "vf_url": "https://www.vesselfinder.com/vessels?name=9825477", "mst_url": "https://www.marinetraffic.com/en/ais/search/all?keyword=9825477", "method": "v3_2pass_track3d_fromru10d", "ru_seen_in_lookback": true, "in_monitor_on_day": true}}, {"type": "Feature", "geometry": {"type": "LineString", "coordinates": [[18.86821666666667, 54.437083333333334], [18.868166666666664, 54.437083333333334], [18.86815, 54.43711666666666], [18.86795, 54.43718333333334], [18.86798333333333, 54.43716666666667], [18.8677, 54.43703333333334], [18.86795, 54.43691666666667], [18.867216666666664, 54.43781666666666], [18.867733333333334, 54.43703333333334], [18.867900000000002, 54.43683333333333], [18.867883333333335, 54.43678333333333], [18.86795, 54.43676666666667], [18.867721666666668, 54.436775], [18.867683333333332, 54.43678333333333], [18.868, 54.43663333333333], [18.867883333333335, 54.43666666666666], [18.867833333333333, 54.43665], [18.867916666666666, 54.436616666666666], [18.868100000000002, 54.436400000000006], [18.86845, 54.43633333333333], [18.868133333333333, 54.436416666666666], [18.868533333333335, 54.43626666666667], [18.868850000000002, 54.436166666666665], [18.86703333333333, 54.44508333333333], [18.849466666666668, 54.475366666666666], [18.900516666666665, 54.48763333333333], [18.94445, 54.49913333333333], [18.925083333333337, 54.51983333333333], [18.904783333333334, 54.5401], [18.916333333333334, 54.550666666666665], [18.933483333333335, 54.55596666666667], [18.9502, 54.56196666666666], [18.93385, 54.55331666666667], [18.908900000000003, 54.54156666666667], [18.905233333333335, 54.538016666666664], [18.871866666666666, 54.50398333333333], [18.8855, 54.51226666666666], [18.898366666666668, 54.52051666666667], [18.908383333333333, 54.53165], [18.8992, 54.536433333333335], [18.863183333333332, 54.50481666666667], [18.845966666666666, 54.48115], [18.857766666666667, 54.49085], [18.867683333333332, 54.501666666666665], [18.87773333333333, 54.514516666666665], [18.888733333333334, 54.529183333333336], [18.869116666666667, 54.50958333333333], [18.851383333333334, 54.48516666666667], [18.861683333333335, 54.493399999999994], [18.869483333333335, 54.50111666666667], [18.87885, 54.51233333333333], [18.88585, 54.52255], [18.890633333333334, 54.527833333333334], [18.895083333333332, 54.53205], [18.899066666666666, 54.5366], [18.907783333333334, 54.540283333333335], [18.920066666666667, 54.540816666666665], [18.936116666666667, 54.543800000000005], [18.952066666666667, 54.548633333333335], [18.946033333333332, 54.55558333333333], [18.94203333333333, 54.50823333333334], [18.893633333333334, 54.45376666666667], [18.865783333333333, 54.44346666666667], [18.8662, 54.44336666666666], [18.867116666666668, 54.4434], [18.866666666666667, 54.443333333333335], [18.866683333333334, 54.44336666666666], [18.866566666666664, 54.44338333333334], [18.867066666666666, 54.44336666666666], [18.867083333333333, 54.44336666666666], [18.867516666666667, 54.4434], [18.8675, 54.44348333333333], [18.867683333333332, 54.4445], [18.85868333333333, 54.42658333333333], [18.75026666666667, 54.40423333333333], [18.707150000000002, 54.39638333333333], [18.707150000000002, 54.39638333333333], [18.707150000000002, 54.39638333333333], [18.707150000000002, 54.3964], [18.707133333333335, 54.3964], [18.707133333333335, 54.3964], [18.707133333333335, 54.3964], [18.707150000000002, 54.39638333333333], [18.707133333333335, 54.3964], [18.707150000000002, 54.3964], [18.707150000000002, 54.39638333333333], [18.707150000000002, 54.3964], [18.707150000000002, 54.3964], [18.707150000000002, 54.3964], [18.707150000000002, 54.3964], [18.707150000000002, 54.3964], [18.707150000000002, 54.3964], [18.707150000000002, 54.3964], [18.707133333333335, 54.3964], [18.707150000000002, 54.3964], [18.707150000000002, 54.39638333333333], [18.707150000000002, 54.3964], [18.707150000000002, 54.3964], [18.707150000000002, 54.3964], [18.707150000000002, 54.3964], [18.707150000000002, 54.3964], [18.707150000000002, 54.3964], [18.707150000000002, 54.39638333333333], [18.707150000000002, 54.3964], [18.707133333333335, 54.3964], [18.707150000000002, 54.3964], [18.707133333333335, 54.3964], [18.707150000000002, 54.3964], [18.707150000000002, 54.39638333333333], [18.707133333333335, 54.3964], [18.707150000000002, 54.39638333333333], [18.707133333333335, 54.39638333333333], [18.707150000000002, 54.3964], [18.707150000000002, 54.3964], [18.707150000000002, 54.39638333333333], [18.70716666666667, 54.39638333333333], [18.707150000000002, 54.3964], [18.707150000000002, 54.3964], [18.707150000000002, 54.39638333333333], [18.707150000000002, 54.39638333333333], [18.707150000000002, 54.3964], [18.722483333333333, 54.400150000000004], [18.878283333333332, 54.42438333333334]]}, "properties": {"label": "CGAS PANTHER", "mmsi": "249362000", "imo": "9578000", "name": "CGAS PANTHER", "shiptype": "", "first_seen_utc": "2026-01-03T08:38:19Z", "last_seen_utc": "2026-01-12T15:46:03Z", "destination": "GB TEE", "eta": "{'Day': 15, 'Hour': 14, 'Minute': 0, 'Month': 1}", "display": "", "links": "<a href=\"https://www.vesselfinder.com/vessels?name=9578000\" target=\"_blank\" rel=\"noopener\">VesselFinder</a> | <a href=\"https://www.marinetraffic.com/en/ais/search/all?keyword=9578000\" target=\"_blank\" rel=\"noopener\">MarineTraffic</a>", "vf_url": "https://www.vesselfinder.com/vessels?name=9578000", "mst_url": "https://www.marinetraffic.com/en/ais/search/all?keyword=9578000", "method": "v3_2pass_track3d_fromru10d", "ru_seen_in_lookback": true, "in_monitor_on_day": true}}, {"type": "Feature", "geometry": {"type": "Point", "coordinates": [18.878283333333332, 54.42438333333334]}, "properties": {"label": "CGAS PANTHER", "mmsi": "249362000", "imo": "9578000", "name": "CGAS PANTHER", "shiptype": "", "first_seen_utc": "2026-01-03T08:38:19Z", "last_seen_utc": "2026-01-12T15:46:03Z", "destination": "GB TEE", "eta": "{'Day': 15, 'Hour': 14, 'Minute': 0, 'Month': 1}", "display": "CGAS PANTHER (249362000)", "links": "<a href=\"https://www.vesselfinder.com/vessels?name=9578000\" target=\"_blank\" rel=\"noopener\">VesselFinder</a> | <a href=\"https://www.marinetraffic.com/en/ais/search/all?keyword=9578000\" target=\"_blank\" rel=\"noopener\">MarineTraffic</a>", "vf_url": "https://www.vesselfinder.com/vessels?name=9578000", "mst_url": "https://www.marinetraffic.com/en/ais/search/all?keyword=9578000", "method": "v3_2pass_track3d_fromru10d", "ru_seen_in_lookback": true, "in_monitor_on_day": true}}, {"type": "Feature", "geometry": {"type": "LineString", "coordinates": [[11.198026666666667, 56.13818166666667], [11.033671666666667, 55.99238666666667], [10.901209999999999, 55.88679666666667], [10.80338, 55.76247166666667], [10.784131666666667, 55.62554333333333], [10.911063333333335, 55.469875], [11.032865, 55.344965], [11.097935, 55.21170333333334], [10.990803333333334, 55.09193666666667], [10.931073333333334, 54.958295], [10.836078333333335, 54.845285], [10.768935, 54.71498833333333], [10.911838333333332, 54.61976666666667], [11.133691666666666, 54.581495000000004], [11.364139999999999, 54.530743333333334], [11.601471666666667, 54.46413666666667], [11.807501666666667, 54.4165], [12.064033333333333, 54.412175000000005], [12.219850000000001, 54.472265], [12.276083333333334, 54.537220000000005], [12.346041666666668, 54.62529666666667], [18.070618333333336, 54.92354], [18.243691666666667, 54.947763333333334], [18.424971666666668, 54.96282833333333], [18.614111666666666, 54.93240166666667], [18.785455000000002, 54.86255666666667], [18.949383333333333, 54.794203333333336], [19.05097333333333, 54.70603166666667], [19.052718333333335, 54.74189], [19.027358333333332, 54.7994], [19.000558333333334, 54.85691166666666], [18.97309, 54.91279], [18.944501666666667, 54.96985666666667], [18.914578333333335, 55.038916666666665], [18.843861666666665, 55.11380833333333], [18.870956666666665, 55.03098333333333], [18.90082, 54.95047], [18.936868333333333, 54.869905], [18.975661666666667, 54.78817166666667], [19.019233333333332, 54.75890833333334], [19.050053333333334, 54.82438333333334], [19.07213, 54.859605], [19.065306666666668, 54.85589], [19.05935, 54.84649], [19.052931666666666, 54.83866666666667], [19.04577833333333, 54.830751666666664], [19.038085000000002, 54.821235], [19.036715, 54.81098333333333], [19.044331666666668, 54.800691666666665], [19.053088333333335, 54.79085333333333], [19.061651666666666, 54.78100166666666], [19.069671666666668, 54.771123333333335], [19.074863333333333, 54.76086333333333], [19.081685, 54.750861666666665], [19.090506666666666, 54.74272166666666], [19.104415, 54.73534333333334], [19.119633333333336, 54.72889166666666], [19.08852166666667, 54.70321833333333], [19.058865, 54.60463], [18.993898333333334, 54.517795], [18.931448333333332, 54.442890000000006], [18.837563333333332, 54.41948333333333], [18.735188333333333, 54.401955], [18.714771666666664, 54.389021666666665], [18.711011666666664, 54.38798333333333], [18.711000000000002, 54.38800833333333], [18.710995, 54.38803], [18.710995, 54.388015], [18.710986666666667, 54.38805166666667], [18.710995, 54.388015], [18.711001666666668, 54.38802166666667]]}, "properties": {"label": "CMA CGM KERGUELEN", "mmsi": "215207000", "imo": "9702132", "name": "CMA CGM KERGUELEN", "shiptype": "", "first_seen_utc": "2026-01-03T08:38:19Z", "last_seen_utc": "2026-01-12T15:43:00Z", "destination": "PLGDN", "eta": "{'Day': 12, 'Hour': 10, 'Minute': 30, 'Month': 1}", "display": "", "links": "<a href=\"https://www.vesselfinder.com/vessels?name=9702132\" target=\"_blank\" rel=\"noopener\">VesselFinder</a> | <a href=\"https://www.marinetraffic.com/en/ais/search/all?keyword=9702132\" target=\"_blank\" rel=\"noopener\">MarineTraffic</a>", "vf_url": "https://www.vesselfinder.com/vessels?name=9702132", "mst_url": "https://www.marinetraffic.com/en/ais/search/all?keyword=9702132", "method": "v3_2pass_track3d_fromru10d", "ru_seen_in_lookback": true, "in_monitor_on_day": true}}, {"type": "Feature", "geometry": {"type": "Point", "coordinates": [18.711001666666668, 54.38802166666667]}, "properties": {"label": "CMA CGM KERGUELEN", "mmsi": "215207000", "imo": "9702132", "name": "CMA CGM KERGUELEN", "shiptype": "", "first_seen_utc": "2026-01-03T08:38:19Z", "last_seen_utc": "2026-01-12T15:43:00Z", "destination": "PLGDN", "eta": "{'Day': 12, 'Hour': 10, 'Minute': 30, 'Month': 1}", "display": "CMA CGM KERGUELEN (215207000)", "links": "<a href=\"https://www.vesselfinder.com/vessels?name=9702132\" target=\"_blank\" rel=\"noopener\">VesselFinder</a> | <a href=\"https://www.marinetraffic.com/en/ais/search/all?keyword=9702132\" target=\"_blank\" rel=\"noopener\">MarineTraffic</a>", "vf_url": "https://www.vesselfinder.com/vessels?name=9702132", "mst_url": "https://www.marinetraffic.com/en/ais/search/all?keyword=9702132", "method": "v3_2pass_track3d_fromru10d", "ru_seen_in_lookback": true, "in_monitor_on_day": true}}, {"type": "Feature", "geometry": {"type": "LineString", "coordinates": [[18.74035, 54.931855000000006], [12.274825, 54.59389], [12.2327, 54.527076666666666], [12.193538333333333, 54.45800166666667], [12.084470000000001, 54.434255], [11.962225, 54.43375833333334], [11.83806, 54.43548666666666], [11.722673333333335, 54.44971666666667], [11.614535, 54.47825833333333], [11.503876666666667, 54.50975666666667], [11.389546666666666, 54.541185000000006], [11.269578333333333, 54.57405333333334], [11.149746666666665, 54.60550166666667], [11.019363333333333, 54.596941666666666], [10.905903333333333, 54.63091], [10.805863333333333, 54.66539833333333], [10.781533333333334, 54.741528333333335], [10.836183333333334, 54.828089999999996], [10.887795, 54.93885833333333], [10.99337, 55.022081666666665], [10.990711666666666, 55.128155], [11.100211666666667, 55.20737999999999], [11.037101666666667, 55.33116833333334], [10.864211666666668, 55.52146833333334], [10.790793333333333, 55.62640666666667], [10.801413333333333, 55.73690833333333], [10.847233333333332, 55.84212166666667], [10.499371666666667, 57.85521666666667], [10.303096666666667, 57.85755833333334], [10.114385, 57.840900000000005], [9.912273333333333, 57.821821666666665], [9.722816666666667, 57.80583166666667], [9.577816666666667, 57.757751666666664], [9.428548333333334, 57.716114999999995], [9.271591666666666, 57.68584833333333], [9.08865, 57.66699666666667], [8.910381666666666, 57.642586666666666], [8.73248, 57.611014999999995], [8.555238333333334, 57.577615], [8.382811666666667, 57.546215], [8.250263333333333, 57.498525], [8.172414999999999, 57.42613166666667], [8.099115000000001, 57.35019666666667], [8.026165, 57.27629], [7.952238333333333, 57.20218833333333], [7.881038333333334, 57.132526666666664]]}, "properties": {"label": "FEDERAL BARENTS", "mmsi": "538006419", "imo": "9697820", "name": "FEDERAL BARENTS", "shiptype": "", "first_seen_utc": "2026-01-03T08:38:19Z", "last_seen_utc": "2026-01-12T09:57:31Z", "destination": "BEGNE", "eta": "{'Day': 13, 'Hour': 12, 'Minute': 5, 'Month': 1}", "display": "", "links": "<a href=\"https://www.vesselfinder.com/vessels?name=9697820\" target=\"_blank\" rel=\"noopener\">VesselFinder</a> | <a href=\"https://www.marinetraffic.com/en/ais/search/all?keyword=9697820\" target=\"_blank\" rel=\"noopener\">MarineTraffic</a>", "vf_url": "https://www.vesselfinder.com/vessels?name=9697820", "mst_url": "https://www.marinetraffic.com/en/ais/search/all?keyword=9697820", "method": "v3_2pass_track3d_fromru10d", "ru_seen_in_lookback": true, "in_monitor_on_day": true}}, {"type": "Feature", "geometry": {"type": "Point", "coordinates": [7.881038333333334, 57.132526666666664]}, "properties": {"label": "FEDERAL BARENTS", "mmsi": "538006419", "imo": "9697820", "name": "FEDERAL BARENTS", "shiptype": "", "first_seen_utc": "2026-01-03T08:38:19Z", "last_seen_utc": "2026-01-12T09:57:31Z", "destination": "BEGNE", "eta": "{'Day': 13, 'Hour': 12, 'Minute': 5, 'Month': 1}", "display": "FEDERAL BARENTS (538006419)", "links": "<a href=\"https://www.vesselfinder.com/vessels?name=9697820\" target=\"_blank\" rel=\"noopener\">VesselFinder</a> | <a href=\"https://www.marinetraffic.com/en/ais/search/all?keyword=9697820\" target=\"_blank\" rel=\"noopener\">MarineTraffic</a>", "vf_url": "https://www.vesselfinder.com/vessels?name=9697820", "mst_url": "https://www.marinetraffic.com/en/ais/search/all?keyword=9697820", "method": "v3_2pass_track3d_fromru10d", "ru_seen_in_lookback": true, "in_monitor_on_day": true}}, {"type": "Feature", "geometry": {"type": "LineString", "coordinates": [[18.55061166666667, 54.520448333333334], [18.550616666666667, 54.520448333333334], [18.550613333333335, 54.520446666666665], [18.550615, 54.52043833333333], [18.550616666666667, 54.52044333333333], [18.550605, 54.520445], [18.550606666666667, 54.520445], [18.55061166666667, 54.520446666666665], [18.55061166666667, 54.52043833333333], [18.550616666666667, 54.52044], [18.550615, 54.52044166666667], [18.550621666666665, 54.520445], [18.550615, 54.52044333333333], [18.55061, 54.52044333333333], [18.55061166666667, 54.520446666666665], [18.550618333333333, 54.52044333333333], [18.550615, 54.520445], [18.55061, 54.520445], [18.55061, 54.520445], [18.550603333333335, 54.520448333333334], [18.55061166666667, 54.520445], [18.550608333333333, 54.52044166666667], [18.55061166666667, 54.520445], [18.550615, 54.520445], [18.550615, 54.52044166666667], [18.550621666666665, 54.520446666666665], [18.55061166666667, 54.52044166666667], [18.550613333333335, 54.52044], [18.550608333333333, 54.520445], [18.550613333333335, 54.52044333333333], [18.550615, 54.52044333333333], [18.550618333333333, 54.52044166666667], [18.550618333333333, 54.520446666666665], [18.550613333333335, 54.520445], [18.550615, 54.520446666666665], [18.550618333333333, 54.520446666666665], [18.550618333333333, 54.520445], [18.55062, 54.520446666666665], [18.55062, 54.52044333333333], [18.550615, 54.52044166666667], [18.550615, 54.52044333333333], [18.550616666666667, 54.52044166666667], [18.550603333333335, 54.520435], [18.550615, 54.52043666666667], [18.550618333333333, 54.520446666666665], [18.55062333333333, 54.52043833333333], [18.550615, 54.52043666666667], [18.550618333333333, 54.52043833333333], [18.550616666666667, 54.520435], [18.550615, 54.52044166666667], [18.550608333333333, 54.520446666666665], [18.55061166666667, 54.520448333333334], [18.550613333333335, 54.520445], [18.550615, 54.52043833333333], [18.550618333333333, 54.52044], [18.550618333333333, 54.52044333333333], [18.550615, 54.52044333333333], [18.550613333333335, 54.52044333333333], [18.550613333333335, 54.520445], [18.550615, 54.520445], [18.550613333333335, 54.52044166666667], [18.55061166666667, 54.520446666666665], [18.55061, 54.52044333333333], [18.550606666666667, 54.520446666666665], [18.550608333333333, 54.520446666666665], [18.550613333333335, 54.52044333333333], [18.55061166666667, 54.52043666666667], [18.55061166666667, 54.52044], [18.550616666666667, 54.52044166666667], [18.550615, 54.52043833333333], [18.55062, 54.520445], [18.550613333333335, 54.520435], [18.55061166666667, 54.52044], [18.550613333333335, 54.52044], [18.55062, 54.52044166666667], [18.550616666666667, 54.52043666666667], [18.550618333333333, 54.52044], [18.55062, 54.52044], [18.550616666666667, 54.520446666666665], [18.550618333333333, 54.520445], [18.550618333333333, 54.520446666666665], [18.550618333333333, 54.520445], [18.550615, 54.52044333333333], [18.550616666666667, 54.52044333333333], [18.55061166666667, 54.52044166666667], [18.550613333333335, 54.520445], [18.550613333333335, 54.520446666666665], [18.550615, 54.520448333333334], [18.55061166666667, 54.520445], [18.550613333333335, 54.520445], [18.55061166666667, 54.520445], [18.550613333333335, 54.52044333333333], [18.550615, 54.52044], [18.550613333333335, 54.52044], [18.550616666666667, 54.52044333333333], [18.55061166666667, 54.520445], [18.55061166666667, 54.520446666666665], [18.550613333333335, 54.520445], [18.55061166666667, 54.52043833333333], [18.550618333333333, 54.52044166666667], [18.550616666666667, 54.52044333333333], [18.550616666666667, 54.52044166666667], [18.550613333333335, 54.52044166666667], [18.550613333333335, 54.52044333333333], [18.550613333333335, 54.520448333333334], [18.550613333333335, 54.520448333333334], [18.550613333333335, 54.52044166666667], [18.550608333333333, 54.52044333333333], [18.550608333333333, 54.52044], [18.55061, 54.520445], [18.55061, 54.520445], [18.55061166666667, 54.52043833333333], [18.55061166666667, 54.52044], [18.550608333333333, 54.52044], [18.550618333333333, 54.52044333333333], [18.550615, 54.52044166666667], [18.550615, 54.52044166666667], [18.550608333333333, 54.52043833333333], [18.55061, 54.52044], [18.55061166666667, 54.52044166666667], [18.550616666666667, 54.52043833333333]]}, "properties": {"label": "KONSTELACJA", "mmsi": "261092010", "imo": "", "name": "KONSTELACJA", "shiptype": "", "first_seen_utc": "2026-01-03T08:38:20Z", "last_seen_utc": "2026-01-12T15:48:58Z", "destination": "GDYNIA", "eta": "{'Day': 1, 'Hour': 16, 'Minute': 15, 'Month': 8}", "display": "", "links": "<a href=\"https://www.vesselfinder.com/vessels?name=261092010\" target=\"_blank\" rel=\"noopener\">VesselFinder</a> | <a href=\"https://www.marinetraffic.com/en/ais/search/all?keyword=261092010\" target=\"_blank\" rel=\"noopener\">MarineTraffic</a>", "vf_url": "https://www.vesselfinder.com/vessels?name=261092010", "mst_url": "https://www.marinetraffic.com/en/ais/search/all?keyword=261092010", "method": "v3_2pass_track3d_fromru10d", "ru_seen_in_lookback": true, "in_monitor_on_day": true}}, {"type": "Feature", "geometry": {"type": "Point", "coordinates": [18.550616666666667, 54.52043833333333]}, "properties": {"label": "KONSTELACJA", "mmsi": "261092010", "imo": "", "name": "KONSTELACJA", "shiptype": "", "first_seen_utc": "2026-01-03T08:38:20Z", "last_seen_utc": "2026-01-12T15:48:58Z", "destination": "GDYNIA", "eta": "{'Day': 1, 'Hour': 16, 'Minute': 15, 'Month': 8}", "display": "KONSTELACJA (261092010)", "links": "<a href=\"https://www.vesselfinder.com/vessels?name=261092010\" target=\"_blank\" rel=\"noopener\">VesselFinder</a> | <a href=\"https://www.marinetraffic.com/en/ais/search/all?keyword=261092010\" target=\"_blank\" rel=\"noopener\">MarineTraffic</a>", "vf_url": "https://www.vesselfinder.com/vessels?name=261092010", "mst_url": "https://www.marinetraffic.com/en/ais/search/all?keyword=261092010", "method": "v3_2pass_track3d_fromru10d", "ru_seen_in_lookback": true, "in_monitor_on_day": true}}, {"type": "Feature", "geometry": {"type": "LineString", "coordinates": [[18.55032333333333, 54.5238], [18.550304999999998, 54.523826666666665], [18.550346666666666, 54.523795], [18.55032333333333, 54.523785], [18.550325, 54.52379333333333], [18.5503, 54.523805], [18.550335, 54.52379], [18.550321666666665, 54.523783333333334], [18.550325, 54.52379333333333], [18.550328333333333, 54.52381333333334], [18.550303333333332, 54.523785], [18.550315, 54.52378833333333], [18.550313333333335, 54.52379166666666], [18.550310000000003, 54.52378833333333], [18.55033, 54.52379666666666], [18.550318333333333, 54.523795], [18.550316666666667, 54.523785], [18.55032333333333, 54.52379], [18.550333333333334, 54.52379666666666], [18.550325, 54.523781666666665], [18.550335, 54.52377333333333], [18.550325, 54.523786666666666], [18.550313333333335, 54.523783333333334], [18.550341666666668, 54.52379166666666], [18.550340000000002, 54.52379], [18.550333333333334, 54.52380166666667], [18.550355000000003, 54.52381333333334], [18.550335, 54.52381833333333], [18.550343333333334, 54.52380166666667], [18.550336666666666, 54.523808333333335], [18.550338333333332, 54.523805], [18.550321666666665, 54.52380333333333], [18.550328333333333, 54.523781666666665], [18.550341666666668, 54.523806666666665], [18.550313333333335, 54.523785], [18.55032333333333, 54.52379], [18.550325, 54.52379], [18.550355000000003, 54.5238], [18.550346666666666, 54.52379666666666], [18.55029, 54.52382166666666], [18.55032333333333, 54.52377666666666], [18.550326666666667, 54.52377], [18.55032333333333, 54.523785], [18.550340000000002, 54.52377833333333], [18.55033166666667, 54.52377], [18.550351666666664, 54.52377333333333], [18.550333333333334, 54.52377166666667], [18.550338333333332, 54.52377833333333], [18.55035666666667, 54.523785], [18.55033, 54.52378], [18.550348333333332, 54.52378], [18.550343333333334, 54.523775], [18.55033, 54.52377833333333], [18.550326666666667, 54.52377833333333], [18.550333333333334, 54.52379166666666], [18.550375, 54.52380166666667], [18.550343333333334, 54.52380333333333], [18.55033, 54.523785], [18.55033, 54.52377666666666], [18.55032333333333, 54.52379166666666], [18.550326666666667, 54.52379666666666], [18.550336666666666, 54.523808333333335], [18.550318333333333, 54.52379333333333], [18.55033, 54.52379333333333], [18.550328333333333, 54.523786666666666], [18.550343333333334, 54.52380166666667], [18.55035333333333, 54.52379333333333], [18.55033166666667, 54.523775], [18.55033, 54.523785], [18.55036, 54.52379333333333], [18.550341666666668, 54.523785], [18.550325, 54.523810000000005], [18.550325, 54.52376666666667], [18.550340000000002, 54.52379333333333], [18.550345, 54.523806666666665], [18.550336666666666, 54.52380166666667], [18.550345, 54.5238], [18.550333333333334, 54.523761666666665], [18.550338333333332, 54.52379833333334], [18.55028, 54.523785], [18.550321666666665, 54.523783333333334], [18.550341666666668, 54.523775], [18.550340000000002, 54.523775], [18.550351666666664, 54.52376], [18.550293333333332, 54.52381333333334], [18.550335, 54.523775], [18.550325, 54.52377166666667], [18.550345, 54.52378833333333], [18.550345, 54.523783333333334], [18.55032, 54.52378833333333], [18.550361666666667, 54.52379], [18.55032333333333, 54.52379], [18.550338333333332, 54.52379333333333], [18.550346666666666, 54.52379166666666], [18.55036833333333, 54.523810000000005], [18.55039, 54.52380333333333], [18.550336666666666, 54.523785], [18.55031166666667, 54.523786666666666], [18.55032, 54.52379333333333], [18.550338333333332, 54.523786666666666], [18.550351666666664, 54.523806666666665], [18.550310000000003, 54.52379833333334], [18.55030833333333, 54.523783333333334], [18.550341666666668, 54.52379], [18.550310000000003, 54.52379], [18.550310000000003, 54.52379], [18.55033166666667, 54.52379333333333], [18.55033166666667, 54.523795], [18.550326666666667, 54.52379166666666], [18.550345, 54.52379166666666], [18.550313333333335, 54.52377833333333], [18.55033, 54.523785], [18.550316666666667, 54.523783333333334], [18.550326666666667, 54.52379], [18.550336666666666, 54.52379666666666], [18.550335, 54.523781666666665], [18.55035333333333, 54.5238], [18.55033, 54.52375666666667], [18.550315, 54.52379833333334], [18.550313333333335, 54.523775], [18.550310000000003, 54.523781666666665], [18.550349999999998, 54.52379833333334], [18.550335, 54.52379333333333]]}, "properties": {"label": "WLA-184 HELOT", "mmsi": "261005510", "imo": "8321175", "name": "WLA-184 HELOT", "shiptype": "", "first_seen_utc": "2026-01-03T08:38:25Z", "last_seen_utc": "2026-01-12T15:59:06Z", "destination": "GDYNIA", "eta": "{'Day': 9, 'Hour': 3, 'Minute': 10, 'Month': 1}", "display": "", "links": "<a href=\"https://www.vesselfinder.com/vessels?name=8321175\" target=\"_blank\" rel=\"noopener\">VesselFinder</a> | <a href=\"https://www.marinetraffic.com/en/ais/search/all?keyword=8321175\" target=\"_blank\" rel=\"noopener\">MarineTraffic</a>", "vf_url": "https://www.vesselfinder.com/vessels?name=8321175", "mst_url": "https://www.marinetraffic.com/en/ais/search/all?keyword=8321175", "method": "v3_2pass_track3d_fromru10d", "ru_seen_in_lookback": true, "in_monitor_on_day": true}}, {"type": "Feature", "geometry": {"type": "Point", "coordinates": [18.550335, 54.52379333333333]}, "properties": {"label": "WLA-184 HELOT", "mmsi": "261005510", "imo": "8321175", "name": "WLA-184 HELOT", "shiptype": "", "first_seen_utc": "2026-01-03T08:38:25Z", "last_seen_utc": "2026-01-12T15:59:06Z", "destination": "GDYNIA", "eta": "{'Day': 9, 'Hour': 3, 'Minute': 10, 'Month': 1}", "display": "WLA-184 HELOT (261005510)", "links": "<a href=\"https://www.vesselfinder.com/vessels?name=8321175\" target=\"_blank\" rel=\"noopener\">VesselFinder</a> | <a href=\"https://www.marinetraffic.com/en/ais/search/all?keyword=8321175\" target=\"_blank\" rel=\"noopener\">MarineTraffic</a>", "vf_url": "https://www.vesselfinder.com/vessels?name=8321175", "mst_url": "https://www.marinetraffic.com/en/ais/search/all?keyword=8321175", "method": "v3_2pass_track3d_fromru10d", "ru_seen_in_lookback": true, "in_monitor_on_day": true}}, {"type": "Feature", "geometry": {"type": "LineString", "coordinates": [[10.887981666666667, 55.27601], [11.019326666666666, 55.27384333333334], [11.097196666666667, 55.21811666666667], [11.040445, 55.1563], [11.032148333333334, 55.08212], [11.020153333333333, 55.00805666666667], [10.948105, 54.95036666666667], [10.884753333333332, 54.89859333333333], [10.85969, 54.83624666666666], [10.865486666666667, 54.765723333333334], [10.835698333333333, 54.69273333333333], [10.72928, 54.64], [10.612218333333335, 54.58885], [10.393031666666667, 54.52229666666666], [10.270105000000001, 54.48571666666667], [10.208076666666667, 54.41712333333333], [10.1767, 54.37881], [10.174119999999998, 54.380453333333335], [10.17188, 54.37673333333333], [10.157101666666668, 54.36607333333333], [10.141278333333334, 54.36552666666667], [10.139001666666667, 54.365973333333336], [10.064443333333333, 54.36214333333333], [9.999605, 54.35146333333333], [9.907291666666667, 54.348396666666666], [9.816348333333334, 54.363640000000004], [9.73655, 54.33508333333334], [9.702908333333333, 54.29931666666666], [9.628416666666668, 54.26932], [9.59592, 54.22141], [9.515854999999998, 54.18922666666666], [9.424546666666666, 54.16690333333334], [9.357621666666667, 54.14758333333334], [9.328041666666667, 54.09708], [9.301856666666668, 54.03313], [9.260151666666667, 53.96889], [9.19926, 53.924276666666664], [9.145451666666666, 53.89437], [9.144033333333335, 53.89355333333333]]}, "properties": {"label": "UNITAR", "mmsi": "257364000", "imo": "9505687", "name": "UNITAR", "shiptype": "", "first_seen_utc": "2026-01-03T08:38:27Z", "last_seen_utc": "2026-01-12T11:08:01Z", "destination": "FRDKK", "eta": "{'Day': 14, 'Hour': 5, 'Minute': 0, 'Month': 1}", "display": "", "links": "<a href=\"https://www.vesselfinder.com/vessels?name=9505687\" target=\"_blank\" rel=\"noopener\">VesselFinder</a> | <a href=\"https://www.marinetraffic.com/en/ais/search/all?keyword=9505687\" target=\"_blank\" rel=\"noopener\">MarineTraffic</a>", "vf_url": "https://www.vesselfinder.com/vessels?name=9505687", "mst_url": "https://www.marinetraffic.com/en/ais/search/all?keyword=9505687", "method": "v3_2pass_track3d_fromru10d", "ru_seen_in_lookback": true, "in_monitor_on_day": true}}, {"type": "Feature", "geometry": {"type": "Point", "coordinates": [9.144033333333335, 53.89355333333333]}, "properties": {"label": "UNITAR", "mmsi": "257364000", "imo": "9505687", "name": "UNITAR", "shiptype": "", "first_seen_utc": "2026-01-03T08:38:27Z", "last_seen_utc": "2026-01-12T11:08:01Z", "destination": "FRDKK", "eta": "{'Day': 14, 'Hour': 5, 'Minute': 0, 'Month': 1}", "display": "UNITAR (257364000)", "links": "<a href=\"https://www.vesselfinder.com/vessels?name=9505687\" target=\"_blank\" rel=\"noopener\">VesselFinder</a> | <a href=\"https://www.marinetraffic.com/en/ais/search/all?keyword=9505687\" target=\"_blank\" rel=\"noopener\">MarineTraffic</a>", "vf_url": "https://www.vesselfinder.com/vessels?name=9505687", "mst_url": "https://www.marinetraffic.com/en/ais/search/all?keyword=9505687", "method": "v3_2pass_track3d_fromru10d", "ru_seen_in_lookback": true, "in_monitor_on_day": true}}, {"type": "Feature", "geometry": {"type": "LineString", "coordinates": [[14.915483333333333, 55.53644], [14.452961666666665, 55.315441666666665], [12.249516666666667, 54.61094166666667], [12.188316666666667, 54.52014166666667], [12.116866666666665, 54.45064833333333], [11.97575, 54.448634999999996], [11.83974, 54.47176666666667], [11.701740000000001, 54.49382333333333], [11.563080000000001, 54.522965], [11.418718333333334, 54.55356833333334], [11.268526666666666, 54.58523666666667], [11.11354, 54.606001666666664], [10.964938333333333, 54.59954666666667], [10.825561666666665, 54.59047333333333], [10.355058333333334, 54.51428333333333], [10.241774999999999, 54.45903666666666], [10.182066666666666, 54.37911], [10.143616666666667, 54.36543833333334], [10.108546666666665, 54.37077166666666], [10.015468333333333, 54.35857], [9.92154, 54.34382], [9.829793333333333, 54.36374], [9.744711666666666, 54.33913666666667], [9.687868333333334, 54.29453], [9.621523333333332, 54.258496666666666], [9.574571666666666, 54.209381666666665], [9.488036666666666, 54.18349833333333], [9.396818333333332, 54.159855], [9.328956666666667, 54.12420833333333], [9.309298333333334, 54.059961666666666], [9.293456666666666, 54.002775]]}, "properties": {"label": "AMADEUS SAFFIER", "mmsi": "245918000", "imo": "9996903", "name": "AMADEUS SAFFIER", "shiptype": "", "first_seen_utc": "2026-01-03T08:38:32Z", "last_seen_utc": "2026-01-12T15:58:48Z", "destination": "GENK", "eta": "{'Day': 15, 'Hour': 8, 'Minute': 0, 'Month': 1}", "display": "", "links": "<a href=\"https://www.vesselfinder.com/vessels?name=9996903\" target=\"_blank\" rel=\"noopener\">VesselFinder</a> | <a href=\"https://www.marinetraffic.com/en/ais/search/all?keyword=9996903\" target=\"_blank\" rel=\"noopener\">MarineTraffic</a>", "vf_url": "https://www.vesselfinder.com/vessels?name=9996903", "mst_url": "https://www.marinetraffic.com/en/ais/search/all?keyword=9996903", "method": "v3_2pass_track3d_fromru10d", "ru_seen_in_lookback": true, "in_monitor_on_day": true}}, {"type": "Feature", "geometry": {"type": "Point", "coordinates": [9.293456666666666, 54.002775]}, "properties": {"label": "AMADEUS SAFFIER", "mmsi": "245918000", "imo": "9996903", "name": "AMADEUS SAFFIER", "shiptype": "", "first_seen_utc": "2026-01-03T08:38:32Z", "last_seen_utc": "2026-01-12T15:58:48Z", "destination": "GENK", "eta": "{'Day': 15, 'Hour': 8, 'Minute': 0, 'Month': 1}", "display": "AMADEUS SAFFIER (245918000)", "links": "<a href=\"https://www.vesselfinder.com/vessels?name=9996903\" target=\"_blank\" rel=\"noopener\">VesselFinder</a> | <a href=\"https://www.marinetraffic.com/en/ais/search/all?keyword=9996903\" target=\"_blank\" rel=\"noopener\">MarineTraffic</a>", "vf_url": "https://www.vesselfinder.com/vessels?name=9996903", "mst_url": "https://www.marinetraffic.com/en/ais/search/all?keyword=9996903", "method": "v3_2pass_track3d_fromru10d", "ru_seen_in_lookback": true, "in_monitor_on_day": true}}, {"type": "Feature", "geometry": {"type": "LineString", "coordinates": [[18.535915, 54.53294166666667], [18.53591, 54.53294833333334], [18.535916666666665, 54.53292666666667], [18.53591833333333, 54.53293333333333], [18.535898333333332, 54.53293], [18.535913333333333, 54.532934999999995], [18.535921666666663, 54.53292666666667], [18.53591, 54.53292166666667], [18.535891666666664, 54.532945000000005], [18.535903333333334, 54.53293833333333], [18.535905, 54.53294], [18.53589, 54.53295666666667], [18.53589, 54.53292833333333], [18.535901666666668, 54.53294], [18.535868333333333, 54.532915], [18.535908333333335, 54.53293166666666], [18.535905, 54.53293166666666], [18.535915, 54.532916666666665], [18.53591, 54.53293], [18.535901666666668, 54.53294], [18.535925000000002, 54.53290833333333], [18.535888333333332, 54.53294], [18.53591, 54.532925], [18.535933333333332, 54.53292833333333], [18.535923333333336, 54.53292833333333], [18.535933333333332, 54.532961666666665], [18.535908333333335, 54.53294], [18.535906666666666, 54.53294666666667], [18.535919999999997, 54.53296], [18.535919999999997, 54.532925], [18.535915, 54.53294833333334], [18.535921666666663, 54.53293], [18.535913333333333, 54.532936666666664], [18.535906666666666, 54.53295], [18.535886666666666, 54.532934999999995], [18.535908333333335, 54.53295166666667], [18.535936666666665, 54.53293166666666], [18.535905, 54.53294166666667], [18.535893333333334, 54.532918333333335], [18.535905, 54.532915], [18.535888333333332, 54.53295], [18.535915, 54.53291333333333], [18.535901666666668, 54.53293], [18.535916666666665, 54.53290333333334], [18.535931666666666, 54.53292], [18.53591, 54.53291166666667], [18.535901666666668, 54.53292666666667], [18.535925000000002, 54.53292], [18.53591, 54.53294], [18.535880000000002, 54.53292333333333], [18.535908333333335, 54.53292333333333], [18.53592666666667, 54.53292333333333], [18.535919999999997, 54.53292333333333], [18.53589, 54.532936666666664], [18.5359, 54.532925], [18.535916666666665, 54.532936666666664], [18.53591, 54.53293333333333], [18.535893333333334, 54.53292], [18.535913333333333, 54.53295333333333], [18.535886666666666, 54.53295333333333], [18.535901666666668, 54.53295166666667], [18.535895, 54.532936666666664], [18.535898333333332, 54.532936666666664], [18.535895, 54.53295833333333], [18.535908333333335, 54.53293166666666], [18.535928333333334, 54.53291166666667], [18.535935, 54.53294166666667], [18.535919999999997, 54.53294], [18.535921666666663, 54.532916666666665], [18.535903333333334, 54.53296833333333], [18.535931666666666, 54.53295166666667], [18.535921666666663, 54.53295333333333], [18.535908333333335, 54.532943333333336], [18.535923333333336, 54.53295166666667], [18.535915, 54.532936666666664], [18.53592666666667, 54.532955], [18.53591833333333, 54.53293166666666], [18.53589, 54.53294], [18.535893333333334, 54.53293], [18.535916666666665, 54.53294166666667], [18.535905, 54.532925], [18.535906666666666, 54.53293333333333], [18.535903333333334, 54.53294833333334], [18.535901666666668, 54.53291166666667], [18.535913333333333, 54.53292333333333], [18.535906666666666, 54.53294666666667], [18.535880000000002, 54.53293833333333], [18.535906666666666, 54.53292], [18.535903333333334, 54.532918333333335], [18.535908333333335, 54.53293], [18.535928333333334, 54.53294833333334], [18.535913333333333, 54.532925], [18.53591833333333, 54.532915], [18.53591, 54.53294], [18.535916666666665, 54.53292833333333], [18.535888333333332, 54.53295333333333], [18.535874999999997, 54.53294833333334], [18.535901666666668, 54.532918333333335], [18.535911666666667, 54.53294666666667], [18.535906666666666, 54.53293166666666], [18.535908333333335, 54.53294833333334], [18.535888333333332, 54.53291166666667], [18.535916666666665, 54.532916666666665], [18.535895, 54.53292333333333], [18.5359, 54.532915], [18.535928333333334, 54.53294833333334], [18.535935, 54.532945000000005], [18.535886666666666, 54.53292833333333], [18.535906666666666, 54.53293], [18.535901666666668, 54.53295666666667], [18.53594, 54.53292333333333], [18.535919999999997, 54.532936666666664], [18.535931666666666, 54.53292833333333], [18.535923333333336, 54.53294166666667], [18.535913333333333, 54.53293333333333], [18.53591833333333, 54.532955], [18.535896666666666, 54.532936666666664], [18.535923333333336, 54.53291166666667], [18.535921666666663, 54.53293333333333], [18.535898333333332, 54.53294], [18.535905, 54.532934999999995]]}, "properties": {"label": "BOKA FALCON", "mmsi": "205787000", "imo": "9448401", "name": "BOKA FALCON", "shiptype": "", "first_seen_utc": "2026-01-03T08:38:37Z", "last_seen_utc": "2026-01-12T15:57:05Z", "destination": "PLGDY", "eta": "{'Day': 8, 'Hour': 14, 'Minute': 0, 'Month': 1}", "display": "", "links": "<a href=\"https://www.vesselfinder.com/vessels?name=9448401\" target=\"_blank\" rel=\"noopener\">VesselFinder</a> | <a href=\"https://www.marinetraffic.com/en/ais/search/all?keyword=9448401\" target=\"_blank\" rel=\"noopener\">MarineTraffic</a>", "vf_url": "https://www.vesselfinder.com/vessels?name=9448401", "mst_url": "https://www.marinetraffic.com/en/ais/search/all?keyword=9448401", "method": "v3_2pass_track3d_fromru10d", "ru_seen_in_lookback": true, "in_monitor_on_day": true}}, {"type": "Feature", "geometry": {"type": "Point", "coordinates": [18.535905, 54.532934999999995]}, "properties": {"label": "BOKA FALCON", "mmsi": "205787000", "imo": "9448401", "name": "BOKA FALCON", "shiptype": "", "first_seen_utc": "2026-01-03T08:38:37Z", "last_seen_utc": "2026-01-12T15:57:05Z", "destination": "PLGDY", "eta": "{'Day': 8, 'Hour': 14, 'Minute': 0, 'Month': 1}", "display": "BOKA FALCON (205787000)", "links": "<a href=\"https://www.vesselfinder.com/vessels?name=9448401\" target=\"_blank\" rel=\"noopener\">VesselFinder</a> | <a href=\"https://www.marinetraffic.com/en/ais/search/all?keyword=9448401\" target=\"_blank\" rel=\"noopener\">MarineTraffic</a>", "vf_url": "https://www.vesselfinder.com/vessels?name=9448401", "mst_url": "https://www.marinetraffic.com/en/ais/search/all?keyword=9448401", "method": "v3_2pass_track3d_fromru10d", "ru_seen_in_lookback": true, "in_monitor_on_day": true}}, {"type": "Feature", "geometry": {"type": "LineString", "coordinates": [[18.673889999999997, 54.39485333333334], [18.673881666666666, 54.394866666666665], [18.673878333333334, 54.394861666666664], [18.673853333333334, 54.39485833333333], [18.67385833333333, 54.39485833333333], [18.673859999999998, 54.394843333333334], [18.673886666666665, 54.39485166666667], [18.673863333333333, 54.394866666666665], [18.673878333333334, 54.394846666666666], [18.673908333333333, 54.394855], [18.673893333333336, 54.39485166666667], [18.67387666666667, 54.39486], [18.673883333333333, 54.39485833333333], [18.673866666666665, 54.394848333333336], [18.67388833333333, 54.39483666666667], [18.673856666666666, 54.394848333333336], [18.673866666666665, 54.39484], [18.673863333333333, 54.394843333333334], [18.673861666666667, 54.39485333333334], [18.673875, 54.394843333333334], [18.673861666666667, 54.394864999999996], [18.673861666666667, 54.394843333333334], [18.673868333333335, 54.394861666666664], [18.673861666666667, 54.39485], [18.673861666666667, 54.39485166666667], [18.67389166666667, 54.394855], [18.67387666666667, 54.394843333333334], [18.67387666666667, 54.394861666666664], [18.673873333333333, 54.39485166666667], [18.673881666666666, 54.394855], [18.67387, 54.39485833333333], [18.673863333333333, 54.394861666666664], [18.67388, 54.394866666666665], [18.673868333333335, 54.394861666666664], [18.673878333333334, 54.39485666666667], [18.673883333333333, 54.39485333333334], [18.673866666666665, 54.39484], [18.673871666666667, 54.39483833333334], [18.67388833333333, 54.39485166666667], [18.673875, 54.394855], [18.673881666666666, 54.394848333333336], [18.673868333333335, 54.39485166666667], [18.673873333333333, 54.39483499999999], [18.67388833333333, 54.394855], [18.673871666666667, 54.394848333333336], [18.673871666666667, 54.394845000000004], [18.673883333333333, 54.39484], [18.673868333333335, 54.39484], [18.673855, 54.39485166666667], [18.673875, 54.394845000000004], [18.67388833333333, 54.394846666666666], [18.67388, 54.39483833333334], [18.673875, 54.394866666666665], [18.67387666666667, 54.39483666666667], [18.67384333333333, 54.39485333333334], [18.673853333333334, 54.39484], [18.673859999999998, 54.39485], [18.673861666666667, 54.39485833333333], [18.673878333333334, 54.394864999999996], [18.673859999999998, 54.39485166666667], [18.673881666666666, 54.39484166666667], [18.673886666666665, 54.394846666666666], [18.673863333333333, 54.39483333333333], [18.673886666666665, 54.39482666666667], [18.67383166666667, 54.394846666666666], [18.673873333333333, 54.394848333333336], [18.67384333333333, 54.39483], [18.673855, 54.394845000000004], [18.673871666666667, 54.39485], [18.67389166666667, 54.39486], [18.673828333333333, 54.39487166666667], [18.673881666666666, 54.394855], [18.673893333333336, 54.394868333333335], [18.673883333333333, 54.39485166666667], [18.673875, 54.39487666666666], [18.673886666666665, 54.39485833333333], [18.673865, 54.394864999999996], [18.673859999999998, 54.39487], [18.67387, 54.394861666666664], [18.673895, 54.394866666666665], [18.67388833333333, 54.39485833333333], [18.673881666666666, 54.39485], [18.673886666666665, 54.394861666666664], [18.67390333333333, 54.39485333333334], [18.673848333333336, 54.394843333333334], [18.67384, 54.39484], [18.673886666666665, 54.39487166666667], [18.673895, 54.394866666666665], [18.673908333333333, 54.39487166666667], [18.673875, 54.394855], [18.673848333333336, 54.394848333333336], [18.673873333333333, 54.394846666666666], [18.673868333333335, 54.39486], [18.673893333333336, 54.39483333333333], [18.673856666666666, 54.394843333333334], [18.673873333333333, 54.39486], [18.673883333333333, 54.39485833333333], [18.67390333333333, 54.39486], [18.67387, 54.39487833333333], [18.673866666666665, 54.39487], [18.67384333333333, 54.394843333333334], [18.673904999999998, 54.39485], [18.67388, 54.394864999999996], [18.67387, 54.39486], [18.673875, 54.394864999999996], [18.673865, 54.39486], [18.673859999999998, 54.39484], [18.673883333333333, 54.394846666666666], [18.67387, 54.39483499999999], [18.673881666666666, 54.394875], [18.67388833333333, 54.394845000000004], [18.67389166666667, 54.39485666666667], [18.67387, 54.39483666666667], [18.673885, 54.394845000000004], [18.67387666666667, 54.39485666666667], [18.673886666666665, 54.394848333333336], [18.673893333333336, 54.39487], [18.67387666666667, 54.39484166666667], [18.673863333333333, 54.394855], [18.67391, 54.39485], [18.673856666666666, 54.39487166666667], [18.673851666666668, 54.39487]]}, "properties": {"label": "OCEANIA", "mmsi": "261000150", "imo": "8304854", "name": "OCEANIA", "shiptype": "", "first_seen_utc": "2026-01-03T08:38:41Z", "last_seen_utc": "2026-01-12T15:54:22Z", "destination": "GDANSK", "eta": "{'Day': 9, 'Hour': 7, 'Minute': 0, 'Month': 1}", "display": "", "links": "<a href=\"https://www.vesselfinder.com/vessels?name=8304854\" target=\"_blank\" rel=\"noopener\">VesselFinder</a> | <a href=\"https://www.marinetraffic.com/en/ais/search/all?keyword=8304854\" target=\"_blank\" rel=\"noopener\">MarineTraffic</a>", "vf_url": "https://www.vesselfinder.com/vessels?name=8304854", "mst_url": "https://www.marinetraffic.com/en/ais/search/all?keyword=8304854", "method": "v3_2pass_track3d_fromru10d", "ru_seen_in_lookback": true, "in_monitor_on_day": true}}, {"type": "Feature", "geometry": {"type": "Point", "coordinates": [18.673851666666668, 54.39487]}, "properties": {"label": "OCEANIA", "mmsi": "261000150", "imo": "8304854", "name": "OCEANIA", "shiptype": "", "first_seen_utc": "2026-01-03T08:38:41Z", "last_seen_utc": "2026-01-12T15:54:22Z", "destination": "GDANSK", "eta": "{'Day': 9, 'Hour': 7, 'Minute': 0, 'Month': 1}", "display": "OCEANIA (261000150)", "links": "<a href=\"https://www.vesselfinder.com/vessels?name=8304854\" target=\"_blank\" rel=\"noopener\">VesselFinder</a> | <a href=\"https://www.marinetraffic.com/en/ais/search/all?keyword=8304854\" target=\"_blank\" rel=\"noopener\">MarineTraffic</a>", "vf_url": "https://www.vesselfinder.com/vessels?name=8304854", "mst_url": "https://www.marinetraffic.com/en/ais/search/all?keyword=8304854", "method": "v3_2pass_track3d_fromru10d", "ru_seen_in_lookback": true, "in_monitor_on_day": true}}, {"type": "Feature", "geometry": {"type": "LineString", "coordinates": [[7.6421866666666665, 53.855941666666666], [7.678296666666666, 53.86009333333333], [7.653843333333333, 53.85478166666667], [7.62566, 53.848843333333335], [7.59572, 53.84208666666667], [7.562871666666666, 53.83591166666667], [7.5280716666666665, 53.82812166666667], [7.488036666666667, 53.82246833333333], [7.453286666666667, 53.82579666666666], [7.51825, 53.836125], [7.579714999999999, 53.845681666666664], [7.639568333333333, 53.85620666666667], [7.615466666666666, 53.85775], [7.567966666666666, 53.85176666666667], [7.520086666666667, 53.84865166666667], [7.472738333333334, 53.846520000000005], [7.428976666666667, 53.84294833333333], [7.37425, 53.839235], [7.3380133333333335, 53.8371], [7.272374999999999, 53.83324666666667], [7.25477, 53.82961833333333], [7.240880000000001, 53.827618333333334], [7.2317149999999994, 53.82661333333333], [7.225156666666667, 53.82558166666667], [7.21981, 53.82424], [7.215581666666667, 53.82319333333333], [7.21167, 53.821976666666664], [7.203041666666667, 53.82042666666667], [7.330265, 53.83148833333333], [7.5537, 53.852828333333335], [7.658973333333334, 53.865543333333335], [7.645131666666667, 53.86921333333333], [7.625978333333333, 53.867275], [7.604815, 53.86340166666666], [7.580378333333333, 53.85969333333333], [7.554726666666666, 53.856678333333335], [7.527853333333334, 53.853316666666665], [7.500941666666667, 53.850273333333334], [7.4752, 53.84760833333333], [7.451383333333334, 53.844723333333334], [7.430258333333333, 53.841739999999994], [7.410749999999999, 53.839875], [7.393858333333333, 53.837775], [7.382573333333334, 53.836215], [7.378656666666667, 53.835501666666666], [7.38039, 53.837149999999994], [7.389538333333333, 53.84232], [7.401741666666666, 53.843174999999995], [7.4146350000000005, 53.84375], [7.428106666666666, 53.84484666666666], [7.4398833333333325, 53.845145], [7.449776666666667, 53.844516666666664], [7.456816666666667, 53.84455], [7.460955, 53.84498166666666], [7.462003333333333, 53.84610166666666], [7.459303333333334, 53.847049999999996], [7.453516666666667, 53.849015], [7.443501666666666, 53.85241499999999], [7.428358333333334, 53.856895], [7.41557, 53.86255666666667], [7.536818333333333, 53.85827], [7.626011666666667, 53.85196833333334], [7.620915, 53.84831833333333], [7.608936666666667, 53.85004166666667], [7.593646666666667, 53.85380833333333], [7.577105, 53.856653333333334], [7.563876666666667, 53.86059], [7.55602, 53.86474833333333], [7.551641666666667, 53.852428333333336], [7.53299, 53.833333333333336], [7.535541666666666, 53.835164999999996], [7.546218333333333, 53.84110666666666], [7.562871666666666, 53.84825166666667], [7.583176666666666, 53.855884999999994], [7.602408333333333, 53.863258333333334], [7.618811666666667, 53.87156166666667], [7.6285783333333335, 53.880601666666664], [7.592266666666666, 53.84982166666667], [7.568716666666666, 53.83443], [7.563706666666667, 53.84258166666667], [7.567098333333333, 53.852851666666666], [7.5680700000000005, 53.86313], [7.565446666666667, 53.874145], [7.55965, 53.88518833333333], [7.5637, 53.862875], [7.570968333333334, 53.87087666666666], [7.609825, 53.888925], [7.758118333333333, 53.88379833333333], [7.863885, 53.844280000000005], [8.024081666666667, 53.79248166666666], [8.088721666666666, 53.677411666666664], [8.155101666666667, 53.603548333333336], [8.151353333333335, 53.597565], [8.15135, 53.597595], [8.151343333333333, 53.597585], [8.151311666666667, 53.59762166666667], [8.151288333333333, 53.59759333333333], [8.15129, 53.59761], [8.151321666666666, 53.59749], [8.151336666666667, 53.59756333333333], [8.151333333333334, 53.59760333333334], [8.151298333333333, 53.59760666666667], [8.151348333333333, 53.59757166666667], [8.151308333333334, 53.59759666666666], [8.151323333333334, 53.597586666666665], [8.151315, 53.597588333333334], [8.151288333333333, 53.59751666666667], [8.151336666666667, 53.59759], [8.151281666666668, 53.59754], [8.151313333333333, 53.59758166666666], [8.15134, 53.59757666666667], [8.151268333333332, 53.59760000000001], [8.151298333333333, 53.59764], [8.151315, 53.597585], [8.15138, 53.59760333333334], [8.15135, 53.597585], [8.151363333333332, 53.59755833333334], [8.151321666666666, 53.59755833333334], [8.151255, 53.59746500000001], [8.151325, 53.59754833333333], [8.151296666666667, 53.597615000000005], [8.151343333333333, 53.59760000000001], [8.15131, 53.59760333333334]]}, "properties": {"label": "API BHUM", "mmsi": "563167500", "imo": "9292149", "name": "API BHUM", "shiptype": "", "first_seen_utc": "2026-01-03T08:38:56Z", "last_seen_utc": "2026-01-12T15:46:42Z", "destination": "BEANR", "eta": "{'Day': 13, 'Hour': 16, 'Minute': 0, 'Month': 1}", "display": "", "links": "<a href=\"https://www.vesselfinder.com/vessels?name=9292149\" target=\"_blank\" rel=\"noopener\">VesselFinder</a> | <a href=\"https://www.marinetraffic.com/en/ais/search/all?keyword=9292149\" target=\"_blank\" rel=\"noopener\">MarineTraffic</a>", "vf_url": "https://www.vesselfinder.com/vessels?name=9292149", "mst_url": "https://www.marinetraffic.com/en/ais/search/all?keyword=9292149", "method": "v3_2pass_track3d_fromru10d", "ru_seen_in_lookback": true, "in_monitor_on_day": true}}, {"type": "Feature", "geometry": {"type": "Point", "coordinates": [8.15131, 53.59760333333334]}, "properties": {"label": "API BHUM", "mmsi": "563167500", "imo": "9292149", "name": "API BHUM", "shiptype": "", "first_seen_utc": "2026-01-03T08:38:56Z", "last_seen_utc": "2026-01-12T15:46:42Z", "destination": "BEANR", "eta": "{'Day': 13, 'Hour': 16, 'Minute': 0, 'Month': 1}", "display": "API BHUM (563167500)", "links": "<a href=\"https://www.vesselfinder.com/vessels?name=9292149\" target=\"_blank\" rel=\"noopener\">VesselFinder</a> | <a href=\"https://www.marinetraffic.com/en/ais/search/all?keyword=9292149\" target=\"_blank\" rel=\"noopener\">MarineTraffic</a>", "vf_url": "https://www.vesselfinder.com/vessels?name=9292149", "mst_url": "https://www.marinetraffic.com/en/ais/search/all?keyword=9292149", "method": "v3_2pass_track3d_fromru10d", "ru_seen_in_lookback": true, "in_monitor_on_day": true}}, {"type": "Feature", "geometry": {"type": "LineString", "coordinates": [[18.550728333333332, 54.523738333333334], [18.550735, 54.52374], [18.550728333333332, 54.523738333333334], [18.550731666666664, 54.52373166666666], [18.55073666666667, 54.52373166666666], [18.550731666666664, 54.523735], [18.550733333333334, 54.523725], [18.550738333333335, 54.52374333333333], [18.550741666666667, 54.52375], [18.550733333333334, 54.523738333333334], [18.550745, 54.523736666666665], [18.55075833333333, 54.523745], [18.550735, 54.52374], [18.550735, 54.523741666666666], [18.550741666666667, 54.523735], [18.550731666666664, 54.523723333333336], [18.550729999999998, 54.52372833333333], [18.55073666666667, 54.52373333333333], [18.550745, 54.52373333333333], [18.550751666666667, 54.52373], [18.550729999999998, 54.52377666666666], [18.550748333333335, 54.52373166666666], [18.550746666666665, 54.523735], [18.550743333333333, 54.523735], [18.550735, 54.523735], [18.550748333333335, 54.523738333333334], [18.55074, 54.523741666666666], [18.550726666666666, 54.52372833333333], [18.550733333333334, 54.52373166666666], [18.550731666666664, 54.523741666666666], [18.550735, 54.523738333333334], [18.550738333333335, 54.52374333333333], [18.550733333333334, 54.523741666666666], [18.550735, 54.523736666666665], [18.550725, 54.52373166666666], [18.550743333333333, 54.523738333333334], [18.550746666666665, 54.52374333333333], [18.550755, 54.523725], [18.550743333333333, 54.52373166666666], [18.550755, 54.523738333333334], [18.550735, 54.52373], [18.55076, 54.52373333333333], [18.55075833333333, 54.523738333333334], [18.550741666666667, 54.523735], [18.550741666666667, 54.523715], [18.550743333333333, 54.523738333333334], [18.550755, 54.52373166666666], [18.550746666666665, 54.52373333333333], [18.550731666666664, 54.52374], [18.550746666666665, 54.523738333333334], [18.550743333333333, 54.52373166666666], [18.550743333333333, 54.523735], [18.550756666666665, 54.523738333333334], [18.550751666666667, 54.52373333333333], [18.550743333333333, 54.52373166666666], [18.550743333333333, 54.52375166666666], [18.550748333333335, 54.523735], [18.550751666666667, 54.52374333333333], [18.550761666666666, 54.52374666666666], [18.550753333333333, 54.52374], [18.550735, 54.52374666666666], [18.55074, 54.52375166666666], [18.550711666666665, 54.523725], [18.550733333333334, 54.52372666666667], [18.550745, 54.52373166666666], [18.550741666666667, 54.523735], [18.550753333333333, 54.52374], [18.550751666666667, 54.52379166666666], [18.550751666666667, 54.523725], [18.550753333333333, 54.52373166666666], [18.550748333333335, 54.523745], [18.550741666666667, 54.52373333333333], [18.550746666666665, 54.523735], [18.550735, 54.523741666666666], [18.550733333333334, 54.52373166666666], [18.55075, 54.523735], [18.55075, 54.52373166666666], [18.550728333333332, 54.523735], [18.55073666666667, 54.523741666666666], [18.550733333333334, 54.523736666666665], [18.550738333333335, 54.523741666666666], [18.550738333333335, 54.52373166666666], [18.550753333333333, 54.523736666666665], [18.550746666666665, 54.523741666666666], [18.55076, 54.523735], [18.550738333333335, 54.52373333333333], [18.550756666666665, 54.52373166666666], [18.550748333333335, 54.523738333333334], [18.550756666666665, 54.523736666666665], [18.550751666666667, 54.523745], [18.55075833333333, 54.523741666666666], [18.550738333333335, 54.52372666666667], [18.550748333333335, 54.523741666666666], [18.550741666666667, 54.523735], [18.550741666666667, 54.52374], [18.550741666666667, 54.52374], [18.550738333333335, 54.52374], [18.550733333333334, 54.523735], [18.550755, 54.52374], [18.55073666666667, 54.52373333333333], [18.550748333333335, 54.52373333333333], [18.550746666666665, 54.523738333333334], [18.550741666666667, 54.52374], [18.550743333333333, 54.523735], [18.550748333333335, 54.523735], [18.550745, 54.523738333333334], [18.550741666666667, 54.523745], [18.550746666666665, 54.523745], [18.550726666666666, 54.523738333333334], [18.55073666666667, 54.523725], [18.599785, 54.52106166666667], [18.72777166666667, 54.555640000000004], [18.846774999999997, 54.60085], [18.82957, 54.67311333333334], [18.803403333333332, 54.746449999999996]]}, "properties": {"label": "GDY-343 HUMBAK", "mmsi": "261054050", "imo": "8404757", "name": "GDY-343 HUMBAK", "shiptype": "", "first_seen_utc": "2026-01-03T08:38:57Z", "last_seen_utc": "2026-01-12T10:18:12Z", "destination": "BALTIC SEA", "eta": "{'Day': 25, 'Hour': 0, 'Minute': 0, 'Month': 1}", "display": "", "links": "<a href=\"https://www.vesselfinder.com/vessels?name=8404757\" target=\"_blank\" rel=\"noopener\">VesselFinder</a> | <a href=\"https://www.marinetraffic.com/en/ais/search/all?keyword=8404757\" target=\"_blank\" rel=\"noopener\">MarineTraffic</a>", "vf_url": "https://www.vesselfinder.com/vessels?name=8404757", "mst_url": "https://www.marinetraffic.com/en/ais/search/all?keyword=8404757", "method": "v3_2pass_track3d_fromru10d", "ru_seen_in_lookback": true, "in_monitor_on_day": true}}, {"type": "Feature", "geometry": {"type": "Point", "coordinates": [18.803403333333332, 54.746449999999996]}, "properties": {"label": "GDY-343 HUMBAK", "mmsi": "261054050", "imo": "8404757", "name": "GDY-343 HUMBAK", "shiptype": "", "first_seen_utc": "2026-01-03T08:38:57Z", "last_seen_utc": "2026-01-12T10:18:12Z", "destination": "BALTIC SEA", "eta": "{'Day': 25, 'Hour': 0, 'Minute': 0, 'Month': 1}", "display": "GDY-343 HUMBAK (261054050)", "links": "<a href=\"https://www.vesselfinder.com/vessels?name=8404757\" target=\"_blank\" rel=\"noopener\">VesselFinder</a> | <a href=\"https://www.marinetraffic.com/en/ais/search/all?keyword=8404757\" target=\"_blank\" rel=\"noopener\">MarineTraffic</a>", "vf_url": "https://www.vesselfinder.com/vessels?name=8404757", "mst_url": "https://www.marinetraffic.com/en/ais/search/all?keyword=8404757", "method": "v3_2pass_track3d_fromru10d", "ru_seen_in_lookback": true, "in_monitor_on_day": true}}, {"type": "Feature", "geometry": {"type": "LineString", "coordinates": [[18.653731666666665, 54.38176833333333], [18.653736666666667, 54.381681666666665], [18.653624999999998, 54.381685], [18.653515000000002, 54.38174333333333], [18.653628333333334, 54.381721666666664], [18.65366, 54.38172833333333], [18.653658333333333, 54.38167833333333], [18.653686666666665, 54.38176333333333], [18.65375166666667, 54.381793333333334], [18.653728333333333, 54.38183], [18.653663333333334, 54.38178333333334], [18.653656666666667, 54.381746666666665], [18.65372166666667, 54.38173166666666], [18.653611666666666, 54.381735000000006], [18.65356166666667, 54.38174166666667], [18.653656666666667, 54.38176166666666], [18.653693333333333, 54.38175666666667], [18.653686666666665, 54.38169666666667], [18.653668333333332, 54.381771666666666], [18.65360666666667, 54.38162833333333], [18.653603333333333, 54.38166833333333], [18.653551666666665, 54.381613333333334], [18.653703333333333, 54.38182666666667], [18.653646666666667, 54.38167333333333], [18.653678333333335, 54.38171166666667], [18.653599999999997, 54.381690000000006], [18.653656666666667, 54.38175833333333], [18.653683333333333, 54.38168833333334], [18.653581666666664, 54.38178833333333], [18.653678333333335, 54.3817], [18.653393333333334, 54.38146833333334], [18.653656666666667, 54.38174], [18.653673333333334, 54.38171166666667], [18.65360666666667, 54.38180333333333], [18.65376, 54.38174333333333], [18.653665, 54.38176333333333], [18.653675, 54.38167], [18.65368, 54.38162833333333], [18.653765, 54.3818], [18.653578333333332, 54.38178666666667], [18.653661666666668, 54.38172833333333], [18.65364, 54.381703333333334], [18.653768333333336, 54.38174], [18.65382333333333, 54.38180833333333], [18.653615, 54.38174], [18.653653333333335, 54.38173333333334], [18.653705, 54.381746666666665], [18.653740000000003, 54.381836666666665], [18.65368833333333, 54.38176833333333], [18.653578333333332, 54.38179], [18.653746666666667, 54.38168833333334], [18.65364, 54.381811666666664], [18.653678333333335, 54.38171166666667], [18.653685, 54.38173166666666], [18.653653333333335, 54.38180333333333], [18.65368, 54.381726666666665], [18.65359833333333, 54.38173333333334], [18.653650000000003, 54.38171666666666], [18.65367666666667, 54.38167833333333], [18.653666666666666, 54.38175666666667], [18.65368, 54.38171833333333], [18.65364, 54.381750000000004], [18.653613333333332, 54.38177833333334], [18.653806666666664, 54.381585], [18.653648333333333, 54.38165333333333], [18.653793333333333, 54.38213833333334], [18.65372166666667, 54.38178166666667], [18.653633333333335, 54.38177333333333], [18.653771666666668, 54.38171166666667], [18.653608333333334, 54.381705000000004], [18.653705, 54.38165166666667], [18.653633333333335, 54.381661666666666], [18.65358666666667, 54.38173833333334], [18.653603333333333, 54.381721666666664], [18.653481666666668, 54.381811666666664], [18.65365166666667, 54.38176833333333], [18.653641666666665, 54.38175666666667], [18.653646666666667, 54.38178666666667], [18.65362, 54.38173833333334], [18.653648333333333, 54.38174166666667], [18.65371, 54.38176166666666], [18.65354166666667, 54.38163333333333], [18.653650000000003, 54.381746666666665], [18.65368, 54.38174], [18.653718333333334, 54.381765], [18.65368833333333, 54.381751666666666], [18.65363, 54.381753333333336], [18.65369666666667, 54.38176], [18.653641666666665, 54.381676666666664], [18.65356166666667, 54.381681666666665], [18.653595, 54.381703333333334], [18.65368, 54.38173666666667], [18.653686666666665, 54.381750000000004], [18.653736666666667, 54.381811666666664], [18.653656666666667, 54.381735000000006], [18.653731666666665, 54.38173833333334], [18.654088333333334, 54.381438333333335], [18.653753333333334, 54.3817], [18.65364333333333, 54.38181833333333], [18.653723333333335, 54.381771666666666], [18.653681666666667, 54.38177666666666], [18.653705, 54.381721666666664], [18.653618333333334, 54.38177333333333], [18.653656666666667, 54.38169666666667], [18.653601666666667, 54.381745], [18.653665, 54.38180833333333], [18.653678333333335, 54.381735000000006], [18.65361, 54.38174], [18.653675, 54.38177666666666], [18.653708333333334, 54.38173166666666], [18.653491666666664, 54.38180166666667], [18.653666666666666, 54.381750000000004], [18.653734999999998, 54.38175666666667], [18.653650000000003, 54.38169333333334], [18.65366, 54.381724999999996], [18.653636666666667, 54.381748333333334], [18.653585, 54.381663333333336], [18.653603333333333, 54.381750000000004], [18.653646666666667, 54.381721666666664], [18.653686666666665, 54.38174166666667], [18.653678333333335, 54.38176166666666]]}, "properties": {"label": "JIA RUN", "mmsi": "477925700", "imo": "9533361", "name": "JIA RUN", "shiptype": "", "first_seen_utc": "2026-01-03T08:38:58Z", "last_seen_utc": "2026-01-12T16:00:46Z", "destination": "GDANSK", "eta": "{'Day': 23, 'Hour': 12, 'Minute': 0, 'Month': 12}", "display": "", "links": "<a href=\"https://www.vesselfinder.com/vessels?name=9533361\" target=\"_blank\" rel=\"noopener\">VesselFinder</a> | <a href=\"https://www.marinetraffic.com/en/ais/search/all?keyword=9533361\" target=\"_blank\" rel=\"noopener\">MarineTraffic</a>", "vf_url": "https://www.vesselfinder.com/vessels?name=9533361", "mst_url": "https://www.marinetraffic.com/en/ais/search/all?keyword=9533361", "method": "v3_2pass_track3d_fromru10d", "ru_seen_in_lookback": true, "in_monitor_on_day": true}}, {"type": "Feature", "geometry": {"type": "Point", "coordinates": [18.653678333333335, 54.38176166666666]}, "properties": {"label": "JIA RUN", "mmsi": "477925700", "imo": "9533361", "name": "JIA RUN", "shiptype": "", "first_seen_utc": "2026-01-03T08:38:58Z", "last_seen_utc": "2026-01-12T16:00:46Z", "destination": "GDANSK", "eta": "{'Day': 23, 'Hour': 12, 'Minute': 0, 'Month': 12}", "display": "JIA RUN (477925700)", "links": "<a href=\"https://www.vesselfinder.com/vessels?name=9533361\" target=\"_blank\" rel=\"noopener\">VesselFinder</a> | <a href=\"https://www.marinetraffic.com/en/ais/search/all?keyword=9533361\" target=\"_blank\" rel=\"noopener\">MarineTraffic</a>", "vf_url": "https://www.vesselfinder.com/vessels?name=9533361", "mst_url": "https://www.marinetraffic.com/en/ais/search/all?keyword=9533361", "method": "v3_2pass_track3d_fromru10d", "ru_seen_in_lookback": true, "in_monitor_on_day": true}}, {"type": "Feature", "geometry": {"type": "LineString", "coordinates": [[12.280436666666667, 54.59865166666667], [12.216571666666665, 54.50910833333333], [12.07625, 54.44012], [11.850393333333333, 54.44451], [11.635656666666668, 54.46745166666666], [11.439646666666667, 54.523955], [11.24243, 54.5797], [11.061125, 54.59442333333333], [10.889101666666667, 54.63976666666667], [10.776366666666666, 54.714301666666664], [10.835263333333334, 54.817795000000004], [10.886993333333333, 54.934221666666666], [10.99427, 55.02797333333333], [10.990508333333334, 55.13665], [11.101671666666666, 55.213555], [11.039205, 55.333846666666666], [10.860404999999998, 55.532295], [10.792181666666666, 55.63595333333333], [10.809968333333334, 55.744796666666666], [10.85233, 55.84802666666667], [11.121096666666666, 56.054055], [10.491938333333334, 57.869571666666666], [10.230861666666668, 57.84208833333333], [9.981715000000001, 57.815061666666665], [9.737034999999999, 57.79116166666667], [9.485909999999999, 57.74836166666667], [9.267468333333333, 57.704746666666665], [9.049545, 57.657695], [8.83306, 57.603655], [8.617358333333334, 57.54469166666667], [8.399886666666667, 57.484615], [8.217106666666668, 57.406886666666665], [8.030288333333333, 57.30162333333333], [7.849398333333334, 57.21942666666666], [7.606403333333334, 57.115035], [7.4150583333333335, 57.037295], [7.30136, 56.94999666666667]]}, "properties": {"label": "MAERSK GIRONDE", "mmsi": "563076300", "imo": "9235555", "name": "MAERSK GIRONDE", "shiptype": "", "first_seen_utc": "2026-01-03T08:38:59Z", "last_seen_utc": "2026-01-12T10:08:41Z", "destination": "DEBRV", "eta": "{'Day': 13, 'Hour': 1, 'Minute': 30, 'Month': 1}", "display": "", "links": "<a href=\"https://www.vesselfinder.com/vessels?name=9235555\" target=\"_blank\" rel=\"noopener\">VesselFinder</a> | <a href=\"https://www.marinetraffic.com/en/ais/search/all?keyword=9235555\" target=\"_blank\" rel=\"noopener\">MarineTraffic</a>", "vf_url": "https://www.vesselfinder.com/vessels?name=9235555", "mst_url": "https://www.marinetraffic.com/en/ais/search/all?keyword=9235555", "method": "v3_2pass_track3d_fromru10d", "ru_seen_in_lookback": true, "in_monitor_on_day": true}}, {"type": "Feature", "geometry": {"type": "Point", "coordinates": [7.30136, 56.94999666666667]}, "properties": {"label": "MAERSK GIRONDE", "mmsi": "563076300", "imo": "9235555", "name": "MAERSK GIRONDE", "shiptype": "", "first_seen_utc": "2026-01-03T08:38:59Z", "last_seen_utc": "2026-01-12T10:08:41Z", "destination": "DEBRV", "eta": "{'Day': 13, 'Hour': 1, 'Minute': 30, 'Month': 1}", "display": "MAERSK GIRONDE (563076300)", "links": "<a href=\"https://www.vesselfinder.com/vessels?name=9235555\" target=\"_blank\" rel=\"noopener\">VesselFinder</a> | <a href=\"https://www.marinetraffic.com/en/ais/search/all?keyword=9235555\" target=\"_blank\" rel=\"noopener\">MarineTraffic</a>", "vf_url": "https://www.vesselfinder.com/vessels?name=9235555", "mst_url": "https://www.marinetraffic.com/en/ais/search/all?keyword=9235555", "method": "v3_2pass_track3d_fromru10d", "ru_seen_in_lookback": true, "in_monitor_on_day": true}}, {"type": "Feature", "geometry": {"type": "LineString", "coordinates": [[12.359486666666667, 54.64893], [12.22778, 54.52961333333334], [12.107724999999999, 54.43977666666667], [11.897430000000002, 54.440976666666664], [11.685983333333333, 54.45200333333333], [11.486018333333334, 54.50654333333333], [11.292785, 54.572601666666664], [11.085235, 54.63005666666666], [10.895061666666667, 54.69517333333333], [10.869818333333335, 54.823391666666666], [10.953248333333333, 54.94701333333333], [11.037758333333333, 55.070205], [11.09203, 55.199835], [11.042483333333333, 55.32588], [10.865096666666666, 55.53089333333333], [10.786071666666667, 55.653905], [10.814015000000001, 55.782696666666666], [11.235108333333333, 56.148955], [10.49723, 57.84236666666666], [10.255463333333333, 57.844831666666664], [9.998911666666666, 57.83094666666667], [9.754511666666668, 57.81783], [9.538784999999999, 57.777950000000004], [9.350513333333334, 57.715403333333335], [9.160361666666667, 57.64806166666666], [8.963233333333333, 57.58099833333333], [8.739183333333333, 57.506901666666664], [8.329308333333334, 57.363839999999996], [8.13354, 57.29486333333333], [8.026546666666666, 57.19159]]}, "properties": {"label": "SLUISGRACHT", "mmsi": "244903000", "imo": "9202522", "name": "SLUISGRACHT", "shiptype": "", "first_seen_utc": "2026-01-03T08:39:11Z", "last_seen_utc": "2026-01-12T06:19:21Z", "destination": "SOUTHAMPTON", "eta": "{'Day': 13, 'Hour': 22, 'Minute': 0, 'Month': 1}", "display": "", "links": "<a href=\"https://www.vesselfinder.com/vessels?name=9202522\" target=\"_blank\" rel=\"noopener\">VesselFinder</a> | <a href=\"https://www.marinetraffic.com/en/ais/search/all?keyword=9202522\" target=\"_blank\" rel=\"noopener\">MarineTraffic</a>", "vf_url": "https://www.vesselfinder.com/vessels?name=9202522", "mst_url": "https://www.marinetraffic.com/en/ais/search/all?keyword=9202522", "method": "v3_2pass_track3d_fromru10d", "ru_seen_in_lookback": true, "in_monitor_on_day": true}}, {"type": "Feature", "geometry": {"type": "Point", "coordinates": [8.026546666666666, 57.19159]}, "properties": {"label": "SLUISGRACHT", "mmsi": "244903000", "imo": "9202522", "name": "SLUISGRACHT", "shiptype": "", "first_seen_utc": "2026-01-03T08:39:11Z", "last_seen_utc": "2026-01-12T06:19:21Z", "destination": "SOUTHAMPTON", "eta": "{'Day': 13, 'Hour': 22, 'Minute': 0, 'Month': 1}", "display": "SLUISGRACHT (244903000)", "links": "<a href=\"https://www.vesselfinder.com/vessels?name=9202522\" target=\"_blank\" rel=\"noopener\">VesselFinder</a> | <a href=\"https://www.marinetraffic.com/en/ais/search/all?keyword=9202522\" target=\"_blank\" rel=\"noopener\">MarineTraffic</a>", "vf_url": "https://www.vesselfinder.com/vessels?name=9202522", "mst_url": "https://www.marinetraffic.com/en/ais/search/all?keyword=9202522", "method": "v3_2pass_track3d_fromru10d", "ru_seen_in_lookback": true, "in_monitor_on_day": true}}, {"type": "Feature", "geometry": {"type": "LineString", "coordinates": [[18.674803333333333, 54.69627166666667], [18.674833333333332, 54.69627166666667], [18.67484, 54.696275], [18.67479666666667, 54.69627166666667], [18.674811666666667, 54.696283333333334], [18.674809999999997, 54.696288333333335], [18.674809999999997, 54.69627666666667], [18.6748, 54.69627166666667], [18.674821666666666, 54.696268333333336], [18.674798333333335, 54.69625166666666], [18.674786666666666, 54.69625333333333], [18.6748, 54.69627166666667], [18.674791666666668, 54.696283333333334], [18.674793333333334, 54.69629666666666], [18.67479666666667, 54.69631833333334], [18.674798333333335, 54.696283333333334], [18.674791666666668, 54.696284999999996], [18.674801666666667, 54.69625666666666], [18.674781666666668, 54.69624666666667], [18.67479666666667, 54.696241666666666], [18.674805, 54.696239999999996], [18.674836666666668, 54.69626], [18.674828333333334, 54.696263333333334], [18.67483, 54.696268333333336], [18.674825, 54.69627833333333], [18.67483, 54.69629], [18.674818333333334, 54.696284999999996], [18.674811666666667, 54.696288333333335], [18.674821666666666, 54.69627833333333], [18.674813333333336, 54.696263333333334], [18.67480833333333, 54.69624666666667], [18.674811666666667, 54.696263333333334], [18.674793333333334, 54.69627], [18.674805, 54.69627333333334], [18.674806666666665, 54.696275], [18.674789999999998, 54.696295], [18.674791666666668, 54.69629833333333], [18.674801666666667, 54.696284999999996], [18.674795, 54.69625166666666], [18.67483, 54.69626166666667], [18.67480833333333, 54.69624833333333], [18.674801666666667, 54.69625166666666], [18.6748, 54.696243333333335], [18.674826666666668, 54.69624833333333], [18.67482, 54.69625], [18.67481666666667, 54.69627333333334], [18.674811666666667, 54.69627333333334], [18.674803333333333, 54.69627333333334], [18.674811666666667, 54.69627333333334], [18.674795, 54.696263333333334], [18.674828333333334, 54.69626], [18.674811666666667, 54.69624833333333], [18.674795, 54.69625166666666], [18.674773333333334, 54.69626], [18.67479666666667, 54.696263333333334], [18.674778333333332, 54.696283333333334], [18.674773333333334, 54.69628], [18.674770000000002, 54.696286666666666], [18.67478, 54.69627166666667], [18.674809999999997, 54.69627], [18.67479666666667, 54.696266666666666], [18.674805, 54.69625833333334], [18.674821666666666, 54.69626], [18.674815000000002, 54.69625833333334], [18.674834999999998, 54.696268333333336], [18.67484, 54.696295], [18.674834999999998, 54.696283333333334], [18.674836666666668, 54.696288333333335], [18.67483, 54.696286666666666], [18.674843333333335, 54.696283333333334], [18.674828333333334, 54.696275], [18.674809999999997, 54.69626166666667], [18.674826666666668, 54.696268333333336], [18.674805, 54.696268333333336], [18.67481666666667, 54.69626], [18.67481666666667, 54.696266666666666], [18.674795, 54.696266666666666], [18.674793333333334, 54.696275], [18.674778333333332, 54.69628], [18.674809999999997, 54.69629166666667], [18.674798333333335, 54.696266666666666], [18.674811666666667, 54.69625666666666], [18.674801666666667, 54.696254999999994], [18.674813333333336, 54.69625666666666], [18.674826666666668, 54.69627166666667], [18.67479666666667, 54.69627], [18.674805, 54.696286666666666], [18.67479666666667, 54.69628], [18.674783333333334, 54.69627333333334], [18.674798333333335, 54.69627], [18.674833333333332, 54.696268333333336], [18.674828333333334, 54.696266666666666], [18.674843333333335, 54.696266666666666], [18.674798333333335, 54.69626], [18.674803333333333, 54.69625166666666], [18.674813333333336, 54.69625166666666], [18.674761666666665, 54.69627666666667], [18.674793333333334, 54.69630333333334], [18.674818333333334, 54.69627], [18.6748, 54.69627833333333], [18.67484, 54.69627333333334], [18.67483, 54.696263333333334], [18.674823333333332, 54.696268333333336], [18.67482, 54.696265000000004], [18.674813333333336, 54.69626], [18.674828333333334, 54.696268333333336], [18.674846666666667, 54.696265000000004], [18.67483, 54.69628], [18.674834999999998, 54.69630666666667], [18.674838333333334, 54.69630666666667], [18.674858333333336, 54.696299999999994], [18.674834999999998, 54.69629666666666], [18.674843333333335, 54.696281666666664], [18.67484166666667, 54.696281666666664], [18.674823333333332, 54.69625833333334], [18.674821666666666, 54.69626166666667], [18.674823333333332, 54.69627], [18.674851666666665, 54.69627], [18.674821666666666, 54.696284999999996]]}, "properties": {"label": "JAS-57 MAGDALENA", "mmsi": "261004280", "imo": "", "name": "JAS-57 MAGDALENA", "shiptype": "", "first_seen_utc": "2026-01-03T08:39:17Z", "last_seen_utc": "2026-01-12T15:40:57Z", "destination": "JASTARNIA", "eta": "{'Day': 23, 'Hour': 12, 'Minute': 44, 'Month': 9}", "display": "", "links": "<a href=\"https://www.vesselfinder.com/vessels?name=261004280\" target=\"_blank\" rel=\"noopener\">VesselFinder</a> | <a href=\"https://www.marinetraffic.com/en/ais/search/all?keyword=261004280\" target=\"_blank\" rel=\"noopener\">MarineTraffic</a>", "vf_url": "https://www.vesselfinder.com/vessels?name=261004280", "mst_url": "https://www.marinetraffic.com/en/ais/search/all?keyword=261004280", "method": "v3_2pass_track3d_fromru10d", "ru_seen_in_lookback": true, "in_monitor_on_day": true}}, {"type": "Feature", "geometry": {"type": "Point", "coordinates": [18.674821666666666, 54.696284999999996]}, "properties": {"label": "JAS-57 MAGDALENA", "mmsi": "261004280", "imo": "", "name": "JAS-57 MAGDALENA", "shiptype": "", "first_seen_utc": "2026-01-03T08:39:17Z", "last_seen_utc": "2026-01-12T15:40:57Z", "destination": "JASTARNIA", "eta": "{'Day': 23, 'Hour': 12, 'Minute': 44, 'Month': 9}", "display": "JAS-57 MAGDALENA (261004280)", "links": "<a href=\"https://www.vesselfinder.com/vessels?name=261004280\" target=\"_blank\" rel=\"noopener\">VesselFinder</a> | <a href=\"https://www.marinetraffic.com/en/ais/search/all?keyword=261004280\" target=\"_blank\" rel=\"noopener\">MarineTraffic</a>", "vf_url": "https://www.vesselfinder.com/vessels?name=261004280", "mst_url": "https://www.marinetraffic.com/en/ais/search/all?keyword=261004280", "method": "v3_2pass_track3d_fromru10d", "ru_seen_in_lookback": true, "in_monitor_on_day": true}}, {"type": "Feature", "geometry": {"type": "LineString", "coordinates": [[18.670545, 54.35952833333333], [18.670648333333336, 54.359503333333336], [18.67063166666667, 54.359476666666666], [18.670573333333333, 54.359516666666664], [18.670596666666665, 54.35950666666667], [18.670595, 54.359563333333334], [18.670583333333333, 54.35948166666667], [18.670653333333334, 54.359474999999996], [18.670611666666666, 54.35948333333333], [18.670518333333334, 54.35951166666667], [18.670566666666666, 54.35950166666667], [18.670526666666667, 54.35948166666667], [18.670608333333334, 54.359485], [18.670561666666668, 54.35949333333333], [18.670573333333333, 54.359471666666664], [18.670573333333333, 54.35945], [18.670605000000002, 54.359500000000004], [18.670583333333333, 54.35947833333333], [18.670596666666665, 54.359498333333335], [18.670596666666665, 54.359485], [18.670669999999998, 54.35944166666666], [18.67063166666667, 54.35948833333334], [18.670646666666666, 54.35949666666667], [18.670615, 54.35947], [18.670606666666668, 54.359498333333335], [18.67061, 54.359500000000004], [18.670588333333335, 54.359519999999996], [18.67062, 54.35951166666667], [18.670635, 54.359515], [18.670665, 54.359474999999996], [18.67064, 54.35950833333333], [18.67057833333333, 54.359521666666666], [18.670630000000003, 54.35951], [18.670563333333334, 54.35948166666667], [18.670571666666667, 54.35953333333334], [18.670555, 54.35950666666667], [18.670618333333334, 54.359485], [18.670651666666668, 54.35946], [18.670611666666666, 54.35948666666666], [18.670565, 54.35944833333333], [18.67058666666667, 54.35946166666667], [18.670548333333333, 54.359500000000004], [18.670521666666666, 54.359521666666666], [18.67063166666667, 54.35946333333333], [18.67059, 54.35949166666667], [18.67059, 54.359455000000004], [18.670645, 54.359453333333335], [18.670560000000002, 54.35948], [18.67062, 54.35949166666667], [18.670624999999998, 54.35949166666667], [18.670565, 54.359500000000004], [18.67059833333333, 54.359458333333336], [18.67059833333333, 54.35955333333333], [18.67062, 54.35948833333334], [18.670648333333336, 54.35946666666667], [18.670603333333336, 54.359476666666666], [18.670540000000003, 54.35953166666666], [18.670585000000003, 54.35947], [18.670566666666666, 54.35949666666667], [18.67057833333333, 54.35948833333334], [18.670561666666668, 54.35946833333333], [18.670531666666665, 54.35950833333333], [18.670591666666667, 54.359485], [18.67064, 54.35951333333333], [18.670565, 54.35952666666667], [18.670579999999998, 54.35951166666667], [18.670618333333334, 54.35949166666667], [18.6706, 54.359503333333336], [18.670628333333333, 54.359505], [18.67061, 54.35949333333333], [18.670618333333334, 54.35948166666667], [18.67066833333333, 54.35951166666667], [18.670611666666666, 54.35952333333333], [18.67055333333333, 54.35951166666667], [18.670591666666667, 54.359505], [18.670606666666668, 54.35947833333333], [18.670661666666668, 54.359498333333335], [18.670593333333333, 54.35949166666667], [18.670546666666667, 54.359516666666664], [18.670635, 54.359495], [18.670638333333333, 54.35948666666666], [18.670575, 54.35948833333334], [18.67059833333333, 54.35950833333333], [18.670601666666666, 54.359474999999996], [18.670579999999998, 54.35948], [18.670628333333333, 54.359473333333334], [18.670591666666667, 54.35948833333334], [18.670618333333334, 54.359465], [18.67057, 54.35948166666667], [18.670543333333335, 54.35949333333333], [18.67059, 54.359476666666666], [18.670591666666667, 54.35950833333333], [18.670595, 54.35948166666667], [18.670618333333334, 54.35954166666667], [18.670579999999998, 54.35948333333333], [18.670616666666668, 54.35952333333333], [18.670650000000002, 54.35948666666666], [18.670579999999998, 54.35951], [18.67068, 54.359465], [18.67058666666667, 54.359525], [18.670608333333334, 54.35950833333333], [18.670633333333335, 54.35951], [18.670560000000002, 54.359498333333335], [18.670543333333335, 54.359516666666664], [18.67062333333333, 54.359471666666664], [18.670635, 54.35949333333333], [18.670566666666666, 54.35949], [18.670585000000003, 54.35947], [18.67049666666667, 54.35953666666667], [18.670605000000002, 54.35943833333333], [18.67064, 54.35950166666667], [18.670588333333335, 54.35948833333334], [18.670528333333333, 54.359525], [18.670595, 54.35948833333334], [18.67064, 54.35948833333334], [18.67057833333333, 54.35951], [18.670561666666668, 54.35951166666667], [18.670708333333334, 54.35946666666667], [18.670608333333334, 54.35948833333334], [18.670665, 54.35951333333333], [18.670633333333335, 54.359495], [18.670565, 54.35949333333333], [18.670575, 54.35946333333333], [18.670605000000002, 54.359505], [18.670583333333333, 54.35948], [18.670568333333332, 54.35948333333333]]}, "properties": {"label": "SM-PRC-107", "mmsi": "261011150", "imo": "8899108", "name": "SM-PRC-107", "shiptype": "", "first_seen_utc": "2026-01-03T08:39:22Z", "last_seen_utc": "2026-01-12T15:39:22Z", "destination": "GDANSK", "eta": "{'Day': 10, 'Hour': 22, 'Minute': 0, 'Month': 12}", "display": "", "links": "<a href=\"https://www.vesselfinder.com/vessels?name=8899108\" target=\"_blank\" rel=\"noopener\">VesselFinder</a> | <a href=\"https://www.marinetraffic.com/en/ais/search/all?keyword=8899108\" target=\"_blank\" rel=\"noopener\">MarineTraffic</a>", "vf_url": "https://www.vesselfinder.com/vessels?name=8899108", "mst_url": "https://www.marinetraffic.com/en/ais/search/all?keyword=8899108", "method": "v3_2pass_track3d_fromru10d", "ru_seen_in_lookback": true, "in_monitor_on_day": true}}, {"type": "Feature", "geometry": {"type": "Point", "coordinates": [18.670568333333332, 54.35948333333333]}, "properties": {"label": "SM-PRC-107", "mmsi": "261011150", "imo": "8899108", "name": "SM-PRC-107", "shiptype": "", "first_seen_utc": "2026-01-03T08:39:22Z", "last_seen_utc": "2026-01-12T15:39:22Z", "destination": "GDANSK", "eta": "{'Day': 10, 'Hour': 22, 'Minute': 0, 'Month': 12}", "display": "SM-PRC-107 (261011150)", "links": "<a href=\"https://www.vesselfinder.com/vessels?name=8899108\" target=\"_blank\" rel=\"noopener\">VesselFinder</a> | <a href=\"https://www.marinetraffic.com/en/ais/search/all?keyword=8899108\" target=\"_blank\" rel=\"noopener\">MarineTraffic</a>", "vf_url": "https://www.vesselfinder.com/vessels?name=8899108", "mst_url": "https://www.marinetraffic.com/en/ais/search/all?keyword=8899108", "method": "v3_2pass_track3d_fromru10d", "ru_seen_in_lookback": true, "in_monitor_on_day": true}}, {"type": "Feature", "geometry": {"type": "LineString", "coordinates": [[18.5536, 54.52158333333333], [18.553583333333332, 54.52158333333333], [18.5536, 54.52158333333333], [18.553583333333332, 54.521566666666665], [18.5536, 54.52158333333333], [18.5536, 54.521566666666665], [18.553583333333332, 54.52158333333333], [18.553583333333332, 54.521566666666665], [18.5536, 54.521566666666665], [18.5536, 54.521566666666665], [18.5536, 54.521550000000005], [18.5536, 54.521566666666665], [18.553583333333332, 54.52158333333333], [18.553566666666665, 54.52158333333333], [18.553566666666665, 54.521566666666665], [18.553583333333332, 54.521566666666665], [18.553566666666665, 54.521566666666665], [18.553566666666665, 54.52158333333333], [18.553583333333332, 54.521566666666665], [18.5536, 54.521566666666665], [18.553583333333332, 54.52158333333333], [18.5536, 54.52158333333333], [18.553616666666667, 54.52158333333333], [18.553616666666667, 54.521566666666665], [18.5536, 54.52158333333333], [18.5536, 54.52158333333333], [18.5536, 54.521566666666665], [18.5536, 54.521566666666665], [18.553616666666667, 54.52158333333333], [18.553616666666667, 54.52158333333333], [18.553616666666667, 54.521566666666665], [18.553616666666667, 54.521566666666665], [18.5536, 54.521566666666665], [18.5536, 54.521566666666665], [18.5536, 54.52158333333333], [18.5536, 54.52158333333333], [18.5536, 54.52158333333333], [18.5536, 54.521566666666665], [18.553616666666667, 54.521566666666665], [18.5536, 54.521566666666665], [18.5536, 54.521566666666665], [18.5536, 54.521566666666665], [18.553583333333332, 54.521550000000005], [18.553583333333332, 54.52153333333333], [18.5536, 54.52153333333333], [18.5536, 54.521550000000005], [18.553616666666667, 54.521550000000005], [18.553616666666667, 54.521550000000005], [18.5536, 54.521550000000005], [18.5536, 54.521550000000005], [18.553616666666667, 54.521550000000005], [18.5536, 54.521566666666665], [18.5536, 54.52158333333333], [18.5536, 54.521566666666665], [18.5536, 54.521550000000005], [18.5536, 54.521550000000005], [18.5536, 54.521550000000005], [18.5536, 54.521566666666665], [18.553583333333332, 54.52158333333333], [18.553566666666665, 54.52158333333333], [18.553566666666665, 54.521566666666665], [18.553583333333332, 54.52158333333333], [18.553583333333332, 54.52158333333333], [18.553566666666665, 54.52158333333333], [18.553583333333332, 54.52158333333333], [18.5536, 54.52158333333333], [18.5536, 54.521566666666665], [18.5536, 54.521566666666665], [18.5536, 54.52158333333333], [18.5536, 54.52158333333333], [18.553616666666667, 54.521566666666665], [18.5536, 54.521566666666665], [18.5536, 54.521566666666665], [18.553616666666667, 54.521566666666665], [18.553616666666667, 54.52158333333333], [18.553616666666667, 54.521566666666665], [18.553633333333334, 54.521566666666665], [18.553616666666667, 54.521566666666665], [18.5536, 54.521566666666665], [18.553616666666667, 54.52158333333333], [18.5536, 54.52158333333333], [18.553616666666667, 54.521566666666665], [18.5536, 54.521566666666665], [18.5536, 54.52158333333333], [18.5536, 54.521566666666665], [18.553583333333332, 54.521566666666665], [18.553583333333332, 54.521566666666665], [18.553583333333332, 54.521566666666665], [18.553583333333332, 54.521550000000005], [18.5536, 54.521550000000005], [18.5536, 54.521566666666665], [18.5536, 54.521566666666665], [18.553616666666667, 54.521566666666665], [18.5536, 54.52158333333333], [18.553616666666667, 54.52158333333333], [18.5536, 54.521566666666665], [18.5536, 54.521566666666665], [18.5536, 54.521566666666665], [18.553583333333332, 54.521566666666665], [18.553583333333332, 54.52158333333333], [18.553583333333332, 54.521550000000005], [18.5536, 54.521550000000005], [18.5536, 54.521566666666665], [18.553583333333332, 54.521566666666665], [18.553583333333332, 54.521566666666665], [18.553583333333332, 54.521566666666665], [18.5536, 54.521566666666665], [18.553583333333332, 54.52158333333333], [18.553583333333332, 54.52158333333333], [18.553583333333332, 54.52158333333333], [18.553566666666665, 54.52158333333333], [18.553583333333332, 54.52158333333333], [18.553583333333332, 54.521566666666665], [18.5536, 54.52158333333333], [18.5536, 54.52158333333333], [18.5536, 54.52158333333333], [18.553583333333332, 54.521566666666665], [18.5536, 54.521566666666665], [18.5536, 54.521566666666665], [18.6035, 54.51461666666667], [18.7424, 54.51691666666667]]}, "properties": {"label": "AMBER AGATHA", "mmsi": "261004058", "imo": "8516885", "name": "AMBER AGATHA", "shiptype": "", "first_seen_utc": "2026-01-03T08:39:31Z", "last_seen_utc": "2026-01-12T15:41:47Z", "destination": "GLEBIA GDA SURVEY", "eta": "{'Day': 12, 'Hour': 18, 'Minute': 0, 'Month': 1}", "display": "", "links": "<a href=\"https://www.vesselfinder.com/vessels?name=8516885\" target=\"_blank\" rel=\"noopener\">VesselFinder</a> | <a href=\"https://www.marinetraffic.com/en/ais/search/all?keyword=8516885\" target=\"_blank\" rel=\"noopener\">MarineTraffic</a>", "vf_url": "https://www.vesselfinder.com/vessels?name=8516885", "mst_url": "https://www.marinetraffic.com/en/ais/search/all?keyword=8516885", "method": "v3_2pass_track3d_fromru10d", "ru_seen_in_lookback": true, "in_monitor_on_day": true}}, {"type": "Feature", "geometry": {"type": "Point", "coordinates": [18.7424, 54.51691666666667]}, "properties": {"label": "AMBER AGATHA", "mmsi": "261004058", "imo": "8516885", "name": "AMBER AGATHA", "shiptype": "", "first_seen_utc": "2026-01-03T08:39:31Z", "last_seen_utc": "2026-01-12T15:41:47Z", "destination": "GLEBIA GDA SURVEY", "eta": "{'Day': 12, 'Hour': 18, 'Minute': 0, 'Month': 1}", "display": "AMBER AGATHA (261004058)", "links": "<a href=\"https://www.vesselfinder.com/vessels?name=8516885\" target=\"_blank\" rel=\"noopener\">VesselFinder</a> | <a href=\"https://www.marinetraffic.com/en/ais/search/all?keyword=8516885\" target=\"_blank\" rel=\"noopener\">MarineTraffic</a>", "vf_url": "https://www.vesselfinder.com/vessels?name=8516885", "mst_url": "https://www.marinetraffic.com/en/ais/search/all?keyword=8516885", "method": "v3_2pass_track3d_fromru10d", "ru_seen_in_lookback": true, "in_monitor_on_day": true}}, {"type": "Feature", "geometry": {"type": "LineString", "coordinates": [[18.718815, 54.405895], [18.71869, 54.405948333333335], [18.718798333333332, 54.405895], [18.718848333333334, 54.405881666666666], [18.71881, 54.405885], [18.718826666666665, 54.40588833333334], [18.71886, 54.40588666666667], [18.718826666666665, 54.405883333333335], [18.71887, 54.40592166666667], [18.718855, 54.405928333333335], [18.718818333333335, 54.40589], [18.718815, 54.405878333333334], [18.718815, 54.405878333333334], [18.718848333333334, 54.40591], [18.71878333333333, 54.40585], [18.718766666666667, 54.405899999999995], [18.794833333333333, 54.411116666666665], [18.896616666666667, 54.424033333333334], [18.99615, 54.45958333333333], [19.04866666666667, 54.52043333333334], [19.10165, 54.582033333333335], [19.105700000000002, 54.643566666666665], [19.062866666666665, 54.71051166666667], [19.00642333333333, 54.773376666666664], [18.965305, 54.82802166666667], [18.91721, 54.884078333333335], [18.847885, 54.935651666666665], [15.426166666666667, 55.447959999999995], [15.159588333333334, 55.447285], [14.917591666666668, 55.39046833333334], [14.746251666666666, 55.33877333333333], [14.676828333333333, 55.26918666666666], [14.536046666666666, 55.208623333333335], [14.380136666666667, 55.14591333333333], [12.475353333333334, 54.68308666666667], [12.357583333333334, 54.638823333333335], [12.279458333333334, 54.60091833333333], [12.218136666666668, 54.50195166666666], [12.10962, 54.436191666666666], [11.93079, 54.43263666666667], [11.753376666666666, 54.44242333333333], [11.588230000000001, 54.488931666666666], [11.432533333333334, 54.53431833333333], [11.279676666666667, 54.5781], [11.128661666666666, 54.62281333333333], [10.978603333333332, 54.66831], [10.853073333333333, 54.72367166666667], [10.845955, 54.82344166666667], [10.858286666666666, 54.90909], [10.981233333333334, 54.967578333333336], [11.042201666666667, 55.05918833333333], [11.056985, 55.160068333333335], [11.094708333333333, 55.24721833333333], [11.039308333333334, 55.34356833333333], [10.929898333333334, 55.46388666666667], [10.846298333333333, 55.554809999999996], [10.776326666666668, 55.651248333333335], [10.609974999999999, 55.662123333333334], [10.167198333333333, 55.67920166666667], [10.040451666666666, 55.63640833333333], [9.90667, 55.59232833333333], [9.81827, 55.565540000000006], [9.766416666666666, 55.55462166666667], [9.766598333333333, 55.555425]]}, "properties": {"label": "ARETEA", "mmsi": "241348000", "imo": "9711456", "name": "ARETEA", "shiptype": "", "first_seen_utc": "2026-01-03T08:39:38Z", "last_seen_utc": "2026-01-12T06:27:20Z", "destination": "PL GDN => DK FRC", "eta": "{'Day': 12, 'Hour': 5, 'Minute': 0, 'Month': 1}", "display": "", "links": "<a href=\"https://www.vesselfinder.com/vessels?name=9711456\" target=\"_blank\" rel=\"noopener\">VesselFinder</a> | <a href=\"https://www.marinetraffic.com/en/ais/search/all?keyword=9711456\" target=\"_blank\" rel=\"noopener\">MarineTraffic</a>", "vf_url": "https://www.vesselfinder.com/vessels?name=9711456", "mst_url": "https://www.marinetraffic.com/en/ais/search/all?keyword=9711456", "method": "v3_2pass_track3d_fromru10d", "ru_seen_in_lookback": true, "in_monitor_on_day": true}}, {"type": "Feature", "geometry": {"type": "Point", "coordinates": [9.766598333333333, 55.555425]}, "properties": {"label": "ARETEA", "mmsi": "241348000", "imo": "9711456", "name": "ARETEA", "shiptype": "", "first_seen_utc": "2026-01-03T08:39:38Z", "last_seen_utc": "2026-01-12T06:27:20Z", "destination": "PL GDN => DK FRC", "eta": "{'Day': 12, 'Hour': 5, 'Minute': 0, 'Month': 1}", "display": "ARETEA (241348000)", "links": "<a href=\"https://www.vesselfinder.com/vessels?name=9711456\" target=\"_blank\" rel=\"noopener\">VesselFinder</a> | <a href=\"https://www.marinetraffic.com/en/ais/search/all?keyword=9711456\" target=\"_blank\" rel=\"noopener\">MarineTraffic</a>", "vf_url": "https://www.vesselfinder.com/vessels?name=9711456", "mst_url": "https://www.marinetraffic.com/en/ais/search/all?keyword=9711456", "method": "v3_2pass_track3d_fromru10d", "ru_seen_in_lookback": true, "in_monitor_on_day": true}}, {"type": "Feature", "geometry": {"type": "LineString", "coordinates": [[18.959291666666665, 55.00348666666666], [18.96681, 54.90387833333333], [18.973209999999998, 54.805825], [18.967933333333335, 54.70679333333333], [18.895033333333334, 54.612629999999996], [18.77785, 54.53693], [18.619288333333333, 54.534196666666666], [18.522491666666667, 54.54087166666667], [18.50862, 54.54273166666667], [18.50861666666667, 54.542735], [18.508606666666665, 54.54271166666667], [18.508613333333336, 54.542715], [18.508611666666663, 54.54271833333333], [18.50862, 54.542728333333336], [18.508609999999997, 54.54272666666667], [18.508625, 54.542721666666665], [18.508623333333333, 54.542723333333335], [18.50861666666667, 54.542723333333335], [18.50862, 54.542723333333335], [18.508613333333336, 54.542728333333336], [18.508605, 54.54273333333333], [18.508613333333336, 54.542725000000004], [18.508615000000002, 54.54271666666667], [18.508611666666663, 54.54272666666667], [18.50847333333333, 54.54270833333333], [18.5086, 54.54271666666667], [18.508615000000002, 54.542723333333335], [18.508606666666665, 54.542723333333335], [18.508615000000002, 54.54271833333333], [18.508621666666667, 54.54272666666667], [18.568625, 54.5358], [18.740085, 54.52903333333334], [18.883998333333334, 54.579116666666664], [18.97215, 54.66250333333333], [18.99425666666667, 54.73026333333333], [18.971455, 54.78935833333333], [18.87658, 54.836185], [18.768448333333332, 54.88648333333333], [15.386940000000001, 54.71581166666667], [15.166893333333332, 54.695591666666665], [14.927551666666666, 54.675174999999996], [14.673755, 54.652993333333335], [14.439703333333334, 54.63151833333333], [14.150974999999999, 54.66963666666666], [12.321256666666667, 54.64658333333333], [12.212895, 54.55177333333334], [12.165601666666667, 54.45346166666666], [11.96613, 54.43940166666666], [11.762443333333332, 54.44450333333334], [11.5669, 54.49488833333333], [11.364030000000001, 54.547375], [11.158603333333334, 54.60260166666667]]}, "properties": {"label": "X-PRESS ELBE", "mmsi": "212018000", "imo": "9483669", "name": "X-PRESS ELBE", "shiptype": "", "first_seen_utc": "2026-01-03T08:40:02Z", "last_seen_utc": "2026-01-12T15:41:03Z", "destination": "BEANR VIA NOK", "eta": "{'Day': 14, 'Hour': 3, 'Minute': 0, 'Month': 1}", "display": "", "links": "<a href=\"https://www.vesselfinder.com/vessels?name=9483669\" target=\"_blank\" rel=\"noopener\">VesselFinder</a> | <a href=\"https://www.marinetraffic.com/en/ais/search/all?keyword=9483669\" target=\"_blank\" rel=\"noopener\">MarineTraffic</a>", "vf_url": "https://www.vesselfinder.com/vessels?name=9483669", "mst_url": "https://www.marinetraffic.com/en/ais/search/all?keyword=9483669", "method": "v3_2pass_track3d_fromru10d", "ru_seen_in_lookback": true, "in_monitor_on_day": true}}, {"type": "Feature", "geometry": {"type": "Point", "coordinates": [11.158603333333334, 54.60260166666667]}, "properties": {"label": "X-PRESS ELBE", "mmsi": "212018000", "imo": "9483669", "name": "X-PRESS ELBE", "shiptype": "", "first_seen_utc": "2026-01-03T08:40:02Z", "last_seen_utc": "2026-01-12T15:41:03Z", "destination": "BEANR VIA NOK", "eta": "{'Day': 14, 'Hour': 3, 'Minute': 0, 'Month': 1}", "display": "X-PRESS ELBE (212018000)", "links": "<a href=\"https://www.vesselfinder.com/vessels?name=9483669\" target=\"_blank\" rel=\"noopener\">VesselFinder</a> | <a href=\"https://www.marinetraffic.com/en/ais/search/all?keyword=9483669\" target=\"_blank\" rel=\"noopener\">MarineTraffic</a>", "vf_url": "https://www.vesselfinder.com/vessels?name=9483669", "mst_url": "https://www.marinetraffic.com/en/ais/search/all?keyword=9483669", "method": "v3_2pass_track3d_fromru10d", "ru_seen_in_lookback": true, "in_monitor_on_day": true}}, {"type": "Feature", "geometry": {"type": "LineString", "coordinates": [[3.22835, 52.8829], [3.0059, 52.608216666666664], [2.9373833333333335, 52.526716666666665], [2.6319666666666666, 52.09825], [2.6139, 52.014183333333335], [2.623083333333333, 51.938766666666666], [2.4796666666666667, 51.79793333333334], [2.2411499999999998, 51.630649999999996], [2.1334166666666667, 51.554566666666666], [2.044216666666667, 51.49038333333333], [1.9614666666666667, 51.4221], [1.8876166666666667, 51.35218333333333], [1.8235, 51.280366666666666], [1.7597833333333335, 51.2148], [1.6839166666666665, 51.16361666666667], [1.6167666666666667, 51.119683333333334], [1.5554166666666667, 51.08535], [1.4756333333333334, 51.03175], [-0.18034999999999998, 50.477], [-0.2844166666666667, 50.45518333333334], [-0.39516666666666667, 50.435500000000005], [-0.5084333333333333, 50.41613333333333], [-0.6295666666666667, 50.394999999999996], [-0.8664833333333333, 50.35281666666666]]}, "properties": {"label": "OCEAN CHANGXI", "mmsi": "477116100", "imo": "9272527", "name": "OCEAN CHANGXI", "shiptype": "", "first_seen_utc": "2026-01-03T08:41:45Z", "last_seen_utc": "2026-01-12T06:57:21Z", "destination": "SUEZ", "eta": "{'Day': 24, 'Hour': 1, 'Minute': 0, 'Month': 1}", "display": "", "links": "<a href=\"https://www.vesselfinder.com/vessels?name=9272527\" target=\"_blank\" rel=\"noopener\">VesselFinder</a> | <a href=\"https://www.marinetraffic.com/en/ais/search/all?keyword=9272527\" target=\"_blank\" rel=\"noopener\">MarineTraffic</a>", "vf_url": "https://www.vesselfinder.com/vessels?name=9272527", "mst_url": "https://www.marinetraffic.com/en/ais/search/all?keyword=9272527", "method": "v3_2pass_track3d_fromru10d", "ru_seen_in_lookback": true, "in_monitor_on_day": true}}, {"type": "Feature", "geometry": {"type": "Point", "coordinates": [-0.8664833333333333, 50.35281666666666]}, "properties": {"label": "OCEAN CHANGXI", "mmsi": "477116100", "imo": "9272527", "name": "OCEAN CHANGXI", "shiptype": "", "first_seen_utc": "2026-01-03T08:41:45Z", "last_seen_utc": "2026-01-12T06:57:21Z", "destination": "SUEZ", "eta": "{'Day': 24, 'Hour': 1, 'Minute': 0, 'Month': 1}", "display": "OCEAN CHANGXI (477116100)", "links": "<a href=\"https://www.vesselfinder.com/vessels?name=9272527\" target=\"_blank\" rel=\"noopener\">VesselFinder</a> | <a href=\"https://www.marinetraffic.com/en/ais/search/all?keyword=9272527\" target=\"_blank\" rel=\"noopener\">MarineTraffic</a>", "vf_url": "https://www.vesselfinder.com/vessels?name=9272527", "mst_url": "https://www.marinetraffic.com/en/ais/search/all?keyword=9272527", "method": "v3_2pass_track3d_fromru10d", "ru_seen_in_lookback": true, "in_monitor_on_day": true}}, {"type": "Feature", "geometry": {"type": "LineString", "coordinates": [[15.225448333333333, 55.62290666666667], [15.08765, 55.58175166666667], [14.947605000000001, 55.54265833333333], [14.802531666666665, 55.50179166666667], [14.681026666666666, 55.45737166666667], [14.562341666666667, 55.40316333333333], [12.259688333333335, 54.57904833333334], [12.215323333333334, 54.49789833333333], [12.134958333333334, 54.432975000000006], [11.990901666666668, 54.43151666666667], [11.845458333333333, 54.43394333333333], [11.707933333333333, 54.44966333333333], [11.577463333333332, 54.48645833333333], [11.443446666666667, 54.523535], [11.306833333333334, 54.560786666666665], [11.174533333333333, 54.605266666666665], [11.020715, 54.602705], [10.881818333333333, 54.64040833333333], [10.776148333333333, 54.69535333333333], [10.808494999999999, 54.763169999999995], [10.83788, 54.855115], [10.900361666666667, 54.945463333333336], [10.990778333333333, 55.01189166666666], [10.991533333333333, 55.09310833333333], [11.022708333333332, 55.17053], [11.104753333333333, 55.225541666666665], [11.045696666666666, 55.30404166666666], [10.83913, 55.563026666666666], [10.78958, 55.64092166666667], [10.802876666666666, 55.71859666666667], [10.818135000000002, 55.79709666666667], [10.817101666666668, 55.88034833333334], [10.945905, 55.920566666666666], [10.480878333333333, 57.84611333333333], [10.314378333333334, 57.856064999999994], [10.1443, 57.857591666666664], [9.983113333333334, 57.849705], [9.781038333333333, 57.836148333333334], [9.629093333333334, 57.83052333333333], [9.502688333333333, 57.79709666666667], [9.176218333333333, 57.678916666666666], [9.047971666666665, 57.63523], [8.91742, 57.58902333333333], [8.785183333333332, 57.54289333333334], [8.653305, 57.498976666666664], [8.510636666666667, 57.45241], [8.399018333333334, 57.40632666666667], [8.307618333333334, 57.35367], [8.222795, 57.28492166666667]]}, "properties": {"label": "LAKER", "mmsi": "352003741", "imo": "9581368", "name": "LAKER", "shiptype": "", "first_seen_utc": "2026-01-03T08:54:23Z", "last_seen_utc": "2026-01-12T15:06:17Z", "destination": "SN DKR", "eta": "{'Day': 22, 'Hour': 12, 'Minute': 5, 'Month': 1}", "display": "", "links": "<a href=\"https://www.vesselfinder.com/vessels?name=9581368\" target=\"_blank\" rel=\"noopener\">VesselFinder</a> | <a href=\"https://www.marinetraffic.com/en/ais/search/all?keyword=9581368\" target=\"_blank\" rel=\"noopener\">MarineTraffic</a>", "vf_url": "https://www.vesselfinder.com/vessels?name=9581368", "mst_url": "https://www.marinetraffic.com/en/ais/search/all?keyword=9581368", "method": "v3_2pass_track3d_fromru10d", "ru_seen_in_lookback": true, "in_monitor_on_day": true}}, {"type": "Feature", "geometry": {"type": "Point", "coordinates": [8.222795, 57.28492166666667]}, "properties": {"label": "LAKER", "mmsi": "352003741", "imo": "9581368", "name": "LAKER", "shiptype": "", "first_seen_utc": "2026-01-03T08:54:23Z", "last_seen_utc": "2026-01-12T15:06:17Z", "destination": "SN DKR", "eta": "{'Day': 22, 'Hour': 12, 'Minute': 5, 'Month': 1}", "display": "LAKER (352003741)", "links": "<a href=\"https://www.vesselfinder.com/vessels?name=9581368\" target=\"_blank\" rel=\"noopener\">VesselFinder</a> | <a href=\"https://www.marinetraffic.com/en/ais/search/all?keyword=9581368\" target=\"_blank\" rel=\"noopener\">MarineTraffic</a>", "vf_url": "https://www.vesselfinder.com/vessels?name=9581368", "mst_url": "https://www.marinetraffic.com/en/ais/search/all?keyword=9581368", "method": "v3_2pass_track3d_fromru10d", "ru_seen_in_lookback": true, "in_monitor_on_day": true}}, {"type": "Feature", "geometry": {"type": "LineString", "coordinates": [[19.016203333333333, 54.572516666666665], [18.945996666666666, 54.53747833333333], [18.92324166666667, 54.512445], [18.906533333333336, 54.51927166666667], [18.93449, 54.530665], [18.937591666666666, 54.531665], [18.912488333333332, 54.51569333333334], [18.900281666666668, 54.52251666666667], [18.930473333333335, 54.532648333333334], [18.905123333333332, 54.517865], [18.952636666666667, 54.54444], [18.951296666666668, 54.54505833333334], [18.924135, 54.53299333333334], [18.89544833333333, 54.52180166666667], [18.95337, 54.54895166666667], [18.982553333333332, 54.562691666666666], [18.959648333333334, 54.54755333333333], [18.938493333333334, 54.53243833333333], [18.916345, 54.51838333333333], [18.914081666666668, 54.52997666666667], [18.972073333333334, 54.561701666666664], [18.96271833333333, 54.54620166666667], [18.954335, 54.52639333333333], [18.943603333333332, 54.50619833333334], [18.92183, 54.485715], [18.926575, 54.50869], [18.940538333333333, 54.52379833333334], [18.948338333333332, 54.535891666666664], [18.950523333333333, 54.541468333333334], [18.962806666666665, 54.56346333333333], [18.964526666666664, 54.545134999999995], [18.96042, 54.52298166666667], [18.954605, 54.50114333333333], [18.92612, 54.49642666666667], [18.951413333333335, 54.560208333333335], [18.946046666666668, 54.560408333333335], [18.930136666666666, 54.53884], [18.914769999999997, 54.539265], [18.9625, 54.564375000000005], [18.957455, 54.56109666666667], [18.945676666666667, 54.53882833333333], [18.92419, 54.52037333333333], [18.95634, 54.574666666666666], [18.94863333333333, 54.57188166666666], [18.935005, 54.551185000000004], [18.919323333333335, 54.53231666666667], [18.904336666666666, 54.515993333333334], [18.88628333333333, 54.50296], [18.895654999999998, 54.49595166666666], [18.908205, 54.52180333333333], [18.926088333333333, 54.54886333333333], [18.948335, 54.57466], [18.964595, 54.589328333333334], [18.954618333333332, 54.57409], [18.946559999999998, 54.55813166666667], [18.949205, 54.567951666666666], [18.974898333333332, 54.587221666666665], [18.960910000000002, 54.569208333333336], [18.942648333333334, 54.56529666666667], [18.992726666666666, 54.59379833333333], [19.000130000000002, 54.589598333333335], [18.994515, 54.570730000000005], [18.982845, 54.55670333333333], [18.97359833333333, 54.54204], [18.96928, 54.565415], [18.990383333333334, 54.60398], [18.982291666666665, 54.59934333333333], [18.971745, 54.58456666666667], [18.962596666666666, 54.570025], [18.957704999999997, 54.55336], [18.95419, 54.53506166666667], [18.950308333333332, 54.51725333333333], [18.934815, 54.50188833333333], [18.945038333333333, 54.525144999999995], [18.962795000000003, 54.55159166666667], [18.97125833333333, 54.574308333333335], [18.97669833333333, 54.59605333333333], [18.972766666666665, 54.606096666666666], [18.965596666666666, 54.58426166666666], [18.958105, 54.56213], [18.951043333333335, 54.542159999999996], [18.93869, 54.54224166666667], [18.97246833333333, 54.612761666666664], [18.955573333333334, 54.600631666666665], [18.951345, 54.57841166666666], [18.932533333333332, 54.56299666666666], [18.94922, 54.613385], [18.935448333333333, 54.603838333333336], [18.92777, 54.583835], [18.917403333333333, 54.566934999999994], [18.902375, 54.552369999999996], [18.888415000000002, 54.53953833333333], [18.875868333333337, 54.52837833333333], [18.899305000000002, 54.559513333333335], [18.93649333333333, 54.598795], [18.960421666666665, 54.62238166666667], [18.957325, 54.62173833333333], [18.94868166666667, 54.614799999999995], [18.938656666666667, 54.60625], [18.920246666666667, 54.59648], [18.965355, 54.60373833333333], [18.977610000000002, 54.623486666666665], [18.965163333333333, 54.627655], [18.964068333333334, 54.612631666666665], [18.9816, 54.60202666666667], [18.993820000000003, 54.59601333333333], [19.023410000000002, 54.55793666666667], [18.98417, 54.510675], [18.936950000000003, 54.449398333333335], [18.93791, 54.44146333333333], [18.85202, 54.42212833333333], [18.75919, 54.40445666666667], [18.730931666666667, 54.38235833333333], [18.729570000000002, 54.382171666666665], [18.729468333333333, 54.38221333333333], [18.729535, 54.38220166666667], [18.729405, 54.382175], [18.729556666666667, 54.38225333333333], [18.72951, 54.38216833333333], [18.729561666666665, 54.38229666666667], [18.729561666666665, 54.38212333333333], [18.729409999999998, 54.38220666666667], [18.72943666666667, 54.382235], [18.729364999999998, 54.38204833333334], [18.729465, 54.38216], [18.729595, 54.382345]]}, "properties": {"label": "MSC TOPAZ", "mmsi": "636017916", "imo": "9502908", "name": "MSC TOPAZ", "shiptype": "", "first_seen_utc": "2026-01-03T09:45:25Z", "last_seen_utc": "2026-01-12T15:47:19Z", "destination": "GDANSK", "eta": "{'Day': 11, 'Hour': 6, 'Minute': 0, 'Month': 12}", "display": "", "links": "<a href=\"https://www.vesselfinder.com/vessels?name=9502908\" target=\"_blank\" rel=\"noopener\">VesselFinder</a> | <a href=\"https://www.marinetraffic.com/en/ais/search/all?keyword=9502908\" target=\"_blank\" rel=\"noopener\">MarineTraffic</a>", "vf_url": "https://www.vesselfinder.com/vessels?name=9502908", "mst_url": "https://www.marinetraffic.com/en/ais/search/all?keyword=9502908", "method": "v3_2pass_track3d_fromru10d", "ru_seen_in_lookback": true, "in_monitor_on_day": true}}, {"type": "Feature", "geometry": {"type": "Point", "coordinates": [18.729595, 54.382345]}, "properties": {"label": "MSC TOPAZ", "mmsi": "636017916", "imo": "9502908", "name": "MSC TOPAZ", "shiptype": "", "first_seen_utc": "2026-01-03T09:45:25Z", "last_seen_utc": "2026-01-12T15:47:19Z", "destination": "GDANSK", "eta": "{'Day': 11, 'Hour': 6, 'Minute': 0, 'Month': 12}", "display": "MSC TOPAZ (636017916)", "links": "<a href=\"https://www.vesselfinder.com/vessels?name=9502908\" target=\"_blank\" rel=\"noopener\">VesselFinder</a> | <a href=\"https://www.marinetraffic.com/en/ais/search/all?keyword=9502908\" target=\"_blank\" rel=\"noopener\">MarineTraffic</a>", "vf_url": "https://www.vesselfinder.com/vessels?name=9502908", "mst_url": "https://www.marinetraffic.com/en/ais/search/all?keyword=9502908", "method": "v3_2pass_track3d_fromru10d", "ru_seen_in_lookback": true, "in_monitor_on_day": true}}, {"type": "Feature", "geometry": {"type": "LineString", "coordinates": [[15.620608333333333, 55.37632333333333], [15.392824999999998, 55.390298333333334], [15.189353333333335, 55.402948333333335], [14.976293333333333, 55.41587833333333], [14.769148333333334, 55.42949], [14.465593333333334, 55.32740166666667], [14.31842, 55.23312166666666], [13.264128333333334, 55.233295], [13.057516666666666, 55.235731666666666], [12.863018333333335, 55.266086666666666], [12.682728333333333, 55.3046], [12.680438333333333, 55.40058], [12.707453333333332, 55.49071666666667], [12.705958333333333, 55.54361666666667], [12.698233333333333, 55.60859833333333], [12.68669, 55.68285], [12.701691666666667, 55.792204999999996], [12.653093333333334, 55.902025], [12.678768333333332, 56.00846666666666], [12.562458333333332, 56.106199999999994], [12.461243333333334, 56.15541666666666], [10.49611, 57.856028333333335], [10.282828333333333, 57.85662833333333], [10.071811666666667, 57.853163333333335], [9.861948333333334, 57.85368666666667], [9.65226, 57.84641166666667], [9.495061666666667, 57.78882833333333], [9.335403333333334, 57.72656833333333], [9.17061, 57.67109333333334], [8.988385, 57.614423333333335], [8.816026666666666, 57.547088333333335], [8.62286, 57.48948333333333], [8.439905, 57.41748], [8.222064999999999, 57.35176166666667], [8.022351666666667, 57.30548833333333], [7.85539, 57.24823166666667], [7.714246666666667, 57.15938333333334], [4.404165000000001, 54.06543166666667], [4.119983333333334, 53.920503333333336], [3.833935, 53.78774666666666], [3.549046666666667, 53.47239666666667]]}, "properties": {"label": "BORDEIRA", "mmsi": "229336000", "imo": "9529499", "name": "BORDEIRA", "shiptype": "", "first_seen_utc": "2026-01-03T10:02:11Z", "last_seen_utc": "2026-01-12T13:10:37Z", "destination": "NL RTM", "eta": "{'Day': 12, 'Hour': 19, 'Minute': 0, 'Month': 1}", "display": "", "links": "<a href=\"https://www.vesselfinder.com/vessels?name=9529499\" target=\"_blank\" rel=\"noopener\">VesselFinder</a> | <a href=\"https://www.marinetraffic.com/en/ais/search/all?keyword=9529499\" target=\"_blank\" rel=\"noopener\">MarineTraffic</a>", "vf_url": "https://www.vesselfinder.com/vessels?name=9529499", "mst_url": "https://www.marinetraffic.com/en/ais/search/all?keyword=9529499", "method": "v3_2pass_track3d_fromru10d", "ru_seen_in_lookback": true, "in_monitor_on_day": true}}, {"type": "Feature", "geometry": {"type": "Point", "coordinates": [3.549046666666667, 53.47239666666667]}, "properties": {"label": "BORDEIRA", "mmsi": "229336000", "imo": "9529499", "name": "BORDEIRA", "shiptype": "", "first_seen_utc": "2026-01-03T10:02:11Z", "last_seen_utc": "2026-01-12T13:10:37Z", "destination": "NL RTM", "eta": "{'Day': 12, 'Hour': 19, 'Minute': 0, 'Month': 1}", "display": "BORDEIRA (229336000)", "links": "<a href=\"https://www.vesselfinder.com/vessels?name=9529499\" target=\"_blank\" rel=\"noopener\">VesselFinder</a> | <a href=\"https://www.marinetraffic.com/en/ais/search/all?keyword=9529499\" target=\"_blank\" rel=\"noopener\">MarineTraffic</a>", "vf_url": "https://www.vesselfinder.com/vessels?name=9529499", "mst_url": "https://www.marinetraffic.com/en/ais/search/all?keyword=9529499", "method": "v3_2pass_track3d_fromru10d", "ru_seen_in_lookback": true, "in_monitor_on_day": true}}, {"type": "Feature", "geometry": {"type": "LineString", "coordinates": [[19.104081666666666, 54.73148333333334], [20.04055, 54.88210166666667], [19.820611666666665, 54.869186666666664], [19.070596666666667, 54.77755666666667], [19.111058333333336, 54.78005333333333], [20.038661666666666, 54.875006666666664], [19.899193333333336, 54.433994999999996], [19.677676666666667, 54.70263], [19.954208333333334, 54.798559999999995], [20.039806666666667, 54.88265333333333], [19.897913333333335, 54.433593333333334], [19.903416666666665, 54.438475000000004], [19.10971333333333, 54.696015], [19.14373, 54.708065000000005], [19.680283333333332, 54.70737833333333], [19.812929999999998, 54.87146666666667], [20.040391666666668, 54.88284833333333], [20.067206666666667, 54.884773333333335], [19.96289833333333, 54.797673333333336], [19.954985, 54.79936333333333], [19.897778333333335, 54.43387166666666], [19.898315, 54.433841666666666], [19.177616666666665, 54.64985], [19.210301666666666, 54.679006666666666], [19.236826666666666, 54.71448], [19.673421666666666, 54.70285333333334], [19.95780166666667, 54.79848833333333], [20.042286666666666, 54.87986], [20.041015, 54.876455], [20.057453333333335, 54.88775], [19.13466, 54.64226166666666], [19.173098333333332, 54.67237166666666], [19.959763333333335, 54.80291], [19.95736833333333, 54.80151], [19.144493333333333, 54.67488], [19.19068, 54.71400333333334], [19.983428333333332, 54.82672], [19.18208, 54.722495], [19.15169, 54.68550833333334], [19.163618333333332, 54.66032], [19.171215, 54.70287166666667], [19.17743, 54.752595], [19.901194999999998, 54.43464166666667], [19.955901666666666, 54.79881666666667], [19.815938333333335, 54.87147], [19.173000000000002, 54.67837], [19.184556666666666, 54.72496], [19.218016666666664, 54.799949999999995], [19.647511666666666, 55.03395166666667], [19.953885, 54.798775], [19.190091666666667, 54.69127666666667], [19.953185, 54.79965833333333], [20.039806666666667, 54.881665], [19.146588333333334, 54.65247166666666], [19.158953333333333, 54.703525], [19.17237, 54.75395666666667], [19.19895166666667, 54.79754333333334], [19.190488333333334, 54.74345166666667], [19.189143333333334, 54.68798833333334], [19.17227, 54.68237833333333], [19.174883333333334, 54.73900666666667], [19.189791666666668, 54.79859833333333], [19.189863333333335, 54.745235], [19.183238333333335, 54.682628333333334], [19.167696666666664, 54.64453666666667], [19.178101666666667, 54.69309166666667], [19.187103333333333, 54.748865], [19.181448333333332, 54.79649833333334], [19.156361666666665, 54.729295], [19.086456666666667, 54.68921], [19.066666666666666, 54.649225], [19.06818666666667, 54.590223333333334], [18.988051666666667, 54.512341666666664], [18.939541666666667, 54.44381666666666], [18.847491666666667, 54.42142833333333], [18.74494333333333, 54.403265000000005], [18.72160166666667, 54.40555], [18.71876166666667, 54.405975], [18.718805, 54.405995], [18.718844999999998, 54.405991666666665], [18.718833333333336, 54.405989999999996], [18.718808333333335, 54.405986666666664], [18.718795, 54.405995], [18.718831666666667, 54.40597666666667]]}, "properties": {"label": "LUZON SPIRIT", "mmsi": "311000467", "imo": "9572276", "name": "LUZON SPIRIT", "shiptype": "", "first_seen_utc": "2026-01-03T10:02:52Z", "last_seen_utc": "2026-01-12T15:40:49Z", "destination": "PL GDN", "eta": "{'Day': 9, 'Hour': 16, 'Minute': 0, 'Month': 1}", "display": "", "links": "<a href=\"https://www.vesselfinder.com/vessels?name=9572276\" target=\"_blank\" rel=\"noopener\">VesselFinder</a> | <a href=\"https://www.marinetraffic.com/en/ais/search/all?keyword=9572276\" target=\"_blank\" rel=\"noopener\">MarineTraffic</a>", "vf_url": "https://www.vesselfinder.com/vessels?name=9572276", "mst_url": "https://www.marinetraffic.com/en/ais/search/all?keyword=9572276", "method": "v3_2pass_track3d_fromru10d", "ru_seen_in_lookback": true, "in_monitor_on_day": true}}, {"type": "Feature", "geometry": {"type": "Point", "coordinates": [18.718831666666667, 54.40597666666667]}, "properties": {"label": "LUZON SPIRIT", "mmsi": "311000467", "imo": "9572276", "name": "LUZON SPIRIT", "shiptype": "", "first_seen_utc": "2026-01-03T10:02:52Z", "last_seen_utc": "2026-01-12T15:40:49Z", "destination": "PL GDN", "eta": "{'Day': 9, 'Hour': 16, 'Minute': 0, 'Month': 1}", "display": "LUZON SPIRIT (311000467)", "links": "<a href=\"https://www.vesselfinder.com/vessels?name=9572276\" target=\"_blank\" rel=\"noopener\">VesselFinder</a> | <a href=\"https://www.marinetraffic.com/en/ais/search/all?keyword=9572276\" target=\"_blank\" rel=\"noopener\">MarineTraffic</a>", "vf_url": "https://www.vesselfinder.com/vessels?name=9572276", "mst_url": "https://www.marinetraffic.com/en/ais/search/all?keyword=9572276", "method": "v3_2pass_track3d_fromru10d", "ru_seen_in_lookback": true, "in_monitor_on_day": true}}, {"type": "Feature", "geometry": {"type": "LineString", "coordinates": [[10.445386666666668, 57.843741666666666], [10.155143333333333, 57.83944666666666], [9.880703333333335, 57.82687833333333], [9.607, 57.73280166666667], [9.372971666666666, 57.653495], [9.157868333333333, 57.58001], [8.954086666666665, 57.50487333333333], [7.170115, 54.51998833333334], [7.278536666666667, 54.400020000000005], [7.363683333333333, 54.272214999999996], [7.45733, 54.14418666666666], [7.569185, 54.02207333333333], [7.640181666666667, 53.93176833333334], [7.669548333333334, 53.88618833333333], [7.95303, 53.857], [8.161778333333334, 53.77639333333333], [8.339345, 53.69501], [8.433164999999999, 53.63712666666667], [8.516168333333333, 53.59728666666667], [8.516268333333333, 53.597521666666665], [8.516241666666666, 53.59755333333333], [8.516273333333334, 53.597525000000005], [8.516268333333333, 53.597525000000005], [8.516273333333334, 53.59758166666666], [8.516273333333334, 53.597575], [8.51624, 53.59752666666667], [8.516225, 53.59748666666667], [8.516265, 53.597535], [8.516275, 53.597568333333335], [8.516268333333333, 53.59751666666667], [8.5162, 53.597566666666665], [8.516225, 53.59752], [8.516238333333334, 53.59755500000001], [8.516236666666666, 53.597565], [8.516318333333334, 53.59748666666667], [8.516195, 53.59745], [8.516245, 53.59765166666667], [8.5163, 53.597501666666666], [8.516208333333333, 53.59753], [8.51629, 53.59756], [8.516243333333334, 53.59757666666667], [8.516328333333332, 53.59756], [8.516263333333333, 53.59754833333333], [8.516238333333334, 53.59757333333334], [8.516286666666666, 53.59752833333334], [8.516323333333334, 53.59753], [8.516251666666667, 53.59751666666667], [8.516251666666667, 53.59754833333333], [8.516261666666667, 53.59754833333333], [8.51624, 53.59755], [8.516263333333333, 53.597545], [8.416363333333333, 53.645785000000004], [8.224926666666667, 53.74216833333333], [8.01339, 53.85244], [7.849748333333333, 53.93449666666667], [7.837243333333333, 53.922196666666665], [7.8376383333333335, 53.922215], [7.838431666666667, 53.92242], [7.838206666666666, 53.922355], [7.837986666666667, 53.92233], [7.838044999999999, 53.922335], [7.838080000000001, 53.922378333333334], [7.83639, 53.92180666666666], [7.838243333333334, 53.92234], [7.839393333333334, 53.92224], [7.840066666666667, 53.92213], [7.840236666666667, 53.922088333333335], [7.840310000000001, 53.92202833333333], [7.840251666666666, 53.921976666666666], [7.839956666666667, 53.92214333333333]]}, "properties": {"label": "LITTLE ATHINA", "mmsi": "636023244", "imo": "9980368", "name": "LITTLE ATHINA", "shiptype": "", "first_seen_utc": "2026-01-03T10:09:38Z", "last_seen_utc": "2026-01-12T15:38:28Z", "destination": "DEHAM", "eta": "{'Day': 12, 'Hour': 4, 'Minute': 6, 'Month': 1}", "display": "", "links": "<a href=\"https://www.vesselfinder.com/vessels?name=9980368\" target=\"_blank\" rel=\"noopener\">VesselFinder</a> | <a href=\"https://www.marinetraffic.com/en/ais/search/all?keyword=9980368\" target=\"_blank\" rel=\"noopener\">MarineTraffic</a>", "vf_url": "https://www.vesselfinder.com/vessels?name=9980368", "mst_url": "https://www.marinetraffic.com/en/ais/search/all?keyword=9980368", "method": "v3_2pass_track3d_fromru10d", "ru_seen_in_lookback": true, "in_monitor_on_day": true}}, {"type": "Feature", "geometry": {"type": "Point", "coordinates": [7.839956666666667, 53.92214333333333]}, "properties": {"label": "LITTLE ATHINA", "mmsi": "636023244", "imo": "9980368", "name": "LITTLE ATHINA", "shiptype": "", "first_seen_utc": "2026-01-03T10:09:38Z", "last_seen_utc": "2026-01-12T15:38:28Z", "destination": "DEHAM", "eta": "{'Day': 12, 'Hour': 4, 'Minute': 6, 'Month': 1}", "display": "LITTLE ATHINA (636023244)", "links": "<a href=\"https://www.vesselfinder.com/vessels?name=9980368\" target=\"_blank\" rel=\"noopener\">VesselFinder</a> | <a href=\"https://www.marinetraffic.com/en/ais/search/all?keyword=9980368\" target=\"_blank\" rel=\"noopener\">MarineTraffic</a>", "vf_url": "https://www.vesselfinder.com/vessels?name=9980368", "mst_url": "https://www.marinetraffic.com/en/ais/search/all?keyword=9980368", "method": "v3_2pass_track3d_fromru10d", "ru_seen_in_lookback": true, "in_monitor_on_day": true}}, {"type": "Feature", "geometry": {"type": "LineString", "coordinates": [[15.266368333333332, 55.41722], [15.153166666666667, 55.39074166666667], [15.07645, 55.357996666666665], [15.021321666666667, 55.32904], [14.973659999999999, 55.311778333333336], [14.742835000000001, 55.315781666666666], [14.661373333333334, 55.27135166666667], [14.385068333333333, 55.14208166666666], [12.594068333333333, 54.721315], [12.48033, 54.68085], [12.299861666666667, 54.61475], [12.238573333333333, 54.54754333333334], [12.205698333333334, 54.484098333333336], [12.15246, 54.438671666666664], [12.051381666666666, 54.43765], [11.889623333333333, 54.43642], [11.711766666666668, 54.44695333333333], [11.548068333333333, 54.49152], [11.374495, 54.544671666666666], [11.19594, 54.59787166666667], [11.004046666666666, 54.60281], [10.835315000000001, 54.660378333333334]]}, "properties": {"label": "WARRIOR SPIRIT", "mmsi": "620800240", "imo": "9293129", "name": "WARRIOR SPIRIT", "shiptype": "", "first_seen_utc": "2026-01-03T10:32:54Z", "last_seen_utc": "2026-01-12T15:47:32Z", "destination": "ALIAGA", "eta": "{'Day': 27, 'Hour': 6, 'Minute': 0, 'Month': 1}", "display": "", "links": "<a href=\"https://www.vesselfinder.com/vessels?name=9293129\" target=\"_blank\" rel=\"noopener\">VesselFinder</a> | <a href=\"https://www.marinetraffic.com/en/ais/search/all?keyword=9293129\" target=\"_blank\" rel=\"noopener\">MarineTraffic</a>", "vf_url": "https://www.vesselfinder.com/vessels?name=9293129", "mst_url": "https://www.marinetraffic.com/en/ais/search/all?keyword=9293129", "method": "v3_2pass_track3d_fromru10d", "ru_seen_in_lookback": true, "in_monitor_on_day": true}}, {"type": "Feature", "geometry": {"type": "Point", "coordinates": [10.835315000000001, 54.660378333333334]}, "properties": {"label": "WARRIOR SPIRIT", "mmsi": "620800240", "imo": "9293129", "name": "WARRIOR SPIRIT", "shiptype": "", "first_seen_utc": "2026-01-03T10:32:54Z", "last_seen_utc": "2026-01-12T15:47:32Z", "destination": "ALIAGA", "eta": "{'Day': 27, 'Hour': 6, 'Minute': 0, 'Month': 1}", "display": "WARRIOR SPIRIT (620800240)", "links": "<a href=\"https://www.vesselfinder.com/vessels?name=9293129\" target=\"_blank\" rel=\"noopener\">VesselFinder</a> | <a href=\"https://www.marinetraffic.com/en/ais/search/all?keyword=9293129\" target=\"_blank\" rel=\"noopener\">MarineTraffic</a>", "vf_url": "https://www.vesselfinder.com/vessels?name=9293129", "mst_url": "https://www.marinetraffic.com/en/ais/search/all?keyword=9293129", "method": "v3_2pass_track3d_fromru10d", "ru_seen_in_lookback": true, "in_monitor_on_day": true}}, {"type": "Feature", "geometry": {"type": "LineString", "coordinates": [[18.965253333333333, 54.72481666666667], [18.937336666666667, 54.66930166666667], [18.907146666666666, 54.622793333333334], [18.880625000000002, 54.594275], [18.84640166666667, 54.56851833333334], [18.813660000000002, 54.535804999999996], [18.785943333333332, 54.501035], [18.787973333333333, 54.50087666666666], [18.806455000000003, 54.50932], [18.825960000000002, 54.518011666666666], [18.842846666666667, 54.52379], [18.861518333333333, 54.53258666666667], [18.844706666666664, 54.51887], [18.807125, 54.49641166666667], [18.77295666666667, 54.47529833333333], [18.742076666666666, 54.454571666666666], [18.730351666666664, 54.455295], [18.73633166666667, 54.461515], [18.753466666666668, 54.466300000000004], [18.76105, 54.470805000000006], [18.762276666666665, 54.47146333333333], [18.766465, 54.476565], [18.772436666666668, 54.483176666666665], [18.779971666666665, 54.490381666666664], [18.78744, 54.497319999999995], [18.796466666666667, 54.50394666666667], [18.805690000000002, 54.50846333333333], [18.81531, 54.513335], [18.820518333333332, 54.516041666666666], [18.802284999999998, 54.48949], [18.77981833333333, 54.46933], [18.762965, 54.463100000000004], [18.779986666666666, 54.46741166666666], [18.786191666666664, 54.47162], [18.789673333333333, 54.475698333333334], [18.792513333333332, 54.480425], [18.79615, 54.48640833333333], [18.798646666666667, 54.49390166666667], [18.803091666666667, 54.49969333333333], [18.790393333333334, 54.47889166666666], [18.76192166666667, 54.45406666666667], [18.758393333333334, 54.43834833333334], [18.760988333333334, 54.44146833333333], [18.765476666666665, 54.441905], [18.774393333333332, 54.44827333333333], [18.78410166666667, 54.45274833333334], [18.793176666666668, 54.45787166666666], [18.800133333333335, 54.46614], [18.803945, 54.46955833333333], [18.80574, 54.47517333333334], [18.806230000000003, 54.478631666666665], [18.806466666666665, 54.48224166666667], [18.806378333333335, 54.48659], [18.806085, 54.48951666666667], [18.807378333333336, 54.49270166666667], [18.807955, 54.49531666666667], [18.807453333333335, 54.49748666666667], [18.80784, 54.49840166666667], [18.808216666666667, 54.49916833333334], [18.806866666666668, 54.50069166666666], [18.804151666666666, 54.50033], [18.80111833333333, 54.50077666666667], [18.801783333333333, 54.50241333333334], [18.805108333333333, 54.50438], [18.807325, 54.508135], [18.810371666666665, 54.51162166666666], [18.813961666666668, 54.513286666666666], [18.818733333333334, 54.51047666666667], [18.824088333333336, 54.50893166666666], [18.802636666666668, 54.491369999999996], [18.783158333333333, 54.46984333333333], [18.76625166666667, 54.44991666666667], [18.760135, 54.44889333333333], [18.772231666666666, 54.45254], [18.771735, 54.456403333333334], [18.774935000000003, 54.464785], [18.790675, 54.51109666666667], [18.731735, 54.49169333333334], [18.752866666666666, 54.44156666666667], [18.753183333333332, 54.406238333333334], [18.71129, 54.392741666666666], [18.711116666666666, 54.39196666666667], [18.711386666666666, 54.39198], [18.711395, 54.391981666666666], [18.711403333333333, 54.39199], [18.71141833333333, 54.39199], [18.711395, 54.391981666666666], [18.711381666666668, 54.39198666666667], [18.71139833333333, 54.391978333333334], [18.711391666666668, 54.391996666666664], [18.711388333333332, 54.39199], [18.711401666666667, 54.39198833333333], [18.711388333333332, 54.391981666666666], [18.711395, 54.39199], [18.711380000000002, 54.39197333333333], [18.711401666666667, 54.391994999999994], [18.711380000000002, 54.39200833333334], [18.71139833333333, 54.39198666666667], [18.711378333333336, 54.39196666666667], [18.711393333333334, 54.39196666666667], [18.71139833333333, 54.39197333333333], [18.711381666666668, 54.39198666666667], [18.711395, 54.39199166666666], [18.711403333333333, 54.39199], [18.711386666666666, 54.391981666666666], [18.711395, 54.39197333333333], [18.711395, 54.39199166666666], [18.711383333333334, 54.39198833333333], [18.711383333333334, 54.391960000000005], [18.711385, 54.39197333333333], [18.711395, 54.391975], [18.71135333333333, 54.39196666666667], [18.71140666666667, 54.391978333333334], [18.711401666666667, 54.39197333333333], [18.711403333333333, 54.39197166666667], [18.71144333333333, 54.391994999999994], [18.711446666666667, 54.39200833333334], [18.711411666666667, 54.391975], [18.711403333333333, 54.39197], [18.71141, 54.39198666666667], [18.711386666666666, 54.391965], [18.711403333333333, 54.39196166666667], [18.711396666666666, 54.39196666666667], [18.711176666666667, 54.39194], [18.711116666666666, 54.39197], [18.733206666666668, 54.40100833333334]]}, "properties": {"label": "RADUGA LYON", "mmsi": "210149000", "imo": "8518168", "name": "RADUGA LYON", "shiptype": "", "first_seen_utc": "2026-01-03T11:25:41Z", "last_seen_utc": "2026-01-12T16:00:34Z", "destination": "PL GDN", "eta": "{'Day': 10, 'Hour': 1, 'Minute': 0, 'Month': 1}", "display": "", "links": "<a href=\"https://www.vesselfinder.com/vessels?name=8518168\" target=\"_blank\" rel=\"noopener\">VesselFinder</a> | <a href=\"https://www.marinetraffic.com/en/ais/search/all?keyword=8518168\" target=\"_blank\" rel=\"noopener\">MarineTraffic</a>", "vf_url": "https://www.vesselfinder.com/vessels?name=8518168", "mst_url": "https://www.marinetraffic.com/en/ais/search/all?keyword=8518168", "method": "v3_2pass_track3d_fromru10d", "ru_seen_in_lookback": true, "in_monitor_on_day": true}}, {"type": "Feature", "geometry": {"type": "Point", "coordinates": [18.733206666666668, 54.40100833333334]}, "properties": {"label": "RADUGA LYON", "mmsi": "210149000", "imo": "8518168", "name": "RADUGA LYON", "shiptype": "", "first_seen_utc": "2026-01-03T11:25:41Z", "last_seen_utc": "2026-01-12T16:00:34Z", "destination": "PL GDN", "eta": "{'Day': 10, 'Hour': 1, 'Minute': 0, 'Month': 1}", "display": "RADUGA LYON (210149000)", "links": "<a href=\"https://www.vesselfinder.com/vessels?name=8518168\" target=\"_blank\" rel=\"noopener\">VesselFinder</a> | <a href=\"https://www.marinetraffic.com/en/ais/search/all?keyword=8518168\" target=\"_blank\" rel=\"noopener\">MarineTraffic</a>", "vf_url": "https://www.vesselfinder.com/vessels?name=8518168", "mst_url": "https://www.marinetraffic.com/en/ais/search/all?keyword=8518168", "method": "v3_2pass_track3d_fromru10d", "ru_seen_in_lookback": true, "in_monitor_on_day": true}}, {"type": "Feature", "geometry": {"type": "LineString", "coordinates": [[18.552766666666667, 54.5267], [18.55278333333333, 54.526716666666665], [18.552766666666667, 54.5267], [18.55278333333333, 54.526716666666665], [18.552766666666667, 54.52673333333333], [18.55278333333333, 54.5267], [18.55278333333333, 54.526716666666665], [18.552799999999998, 54.526716666666665], [18.552799999999998, 54.526716666666665], [18.552766666666667, 54.52668333333334], [18.55278333333333, 54.526716666666665], [18.55278333333333, 54.526716666666665], [18.552766666666667, 54.5267], [18.55278333333333, 54.5267], [18.552766666666667, 54.52673333333333], [18.552766666666667, 54.526716666666665], [18.552799999999998, 54.526716666666665], [18.552799999999998, 54.526716666666665], [18.55278333333333, 54.526716666666665], [18.55278333333333, 54.5267], [18.55278333333333, 54.526716666666665], [18.55278333333333, 54.5267], [18.552766666666667, 54.52673333333333], [18.552766666666667, 54.526716666666665], [18.55278333333333, 54.5267], [18.55278333333333, 54.526716666666665], [18.55278333333333, 54.526716666666665], [18.55278333333333, 54.5267], [18.5546, 54.52643333333333], [18.639733333333332, 54.51128333333334], [18.660716666666666, 54.51918333333333], [18.660500000000003, 54.5192], [18.66095, 54.51923333333333], [18.660816666666665, 54.5192], [18.66087333333333, 54.519308333333335], [18.661083333333334, 54.51923333333333], [18.660916666666665, 54.5192], [18.66085, 54.5192], [18.66095, 54.5192], [18.66055, 54.5192], [18.660716666666666, 54.519216666666665], [18.660883333333334, 54.51916666666667], [18.661066666666667, 54.51918333333333], [18.661116666666665, 54.5192], [18.661166666666666, 54.5192], [18.66145, 54.51923333333333], [18.661350000000002, 54.51926666666667], [18.660683333333335, 54.51925000000001], [18.660916666666665, 54.51926666666667], [18.66058333333333, 54.51923333333333], [18.661366666666666, 54.51925000000001], [18.661066666666667, 54.51923333333333], [18.66051666666667, 54.51923333333333], [18.66051666666667, 54.51925000000001], [18.66025, 54.51926666666667], [18.66055, 54.51925000000001], [18.660616666666666, 54.51923333333333], [18.66125, 54.51925000000001], [18.661266666666666, 54.51925000000001], [18.660683333333335, 54.51918333333333], [18.660966666666663, 54.51925000000001], [18.660433333333334, 54.51923333333333], [18.660416666666666, 54.5193], [18.660683333333335, 54.519216666666665], [18.660683333333335, 54.51923333333333], [18.6612, 54.51925000000001], [18.661733333333334, 54.51936666666666], [18.661350000000002, 54.51925000000001], [18.660766666666667, 54.5196], [18.673466666666666, 54.52741666666667], [18.824666666666666, 54.540216666666666], [18.912133333333333, 54.601533333333336], [18.967783333333333, 54.665016666666666], [19.01695, 54.735416666666666], [19.0098, 54.79038333333333], [18.922866666666668, 54.83383333333334], [18.84623333333333, 54.87286666666667], [18.745616666666667, 54.91973333333333], [16.257883333333332, 56.17968333333333]]}, "properties": {"label": "ARAGONITH", "mmsi": "209672000", "imo": "9164081", "name": "ARAGONITH", "shiptype": "", "first_seen_utc": "2026-01-03T12:42:24Z", "last_seen_utc": "2026-01-12T06:06:54Z", "destination": "SE KLR", "eta": "{'Day': 12, 'Hour': 8, 'Minute': 0, 'Month': 1}", "display": "", "links": "<a href=\"https://www.vesselfinder.com/vessels?name=9164081\" target=\"_blank\" rel=\"noopener\">VesselFinder</a> | <a href=\"https://www.marinetraffic.com/en/ais/search/all?keyword=9164081\" target=\"_blank\" rel=\"noopener\">MarineTraffic</a>", "vf_url": "https://www.vesselfinder.com/vessels?name=9164081", "mst_url": "https://www.marinetraffic.com/en/ais/search/all?keyword=9164081", "method": "v3_2pass_track3d_fromru10d", "ru_seen_in_lookback": true, "in_monitor_on_day": true}}, {"type": "Feature", "geometry": {"type": "Point", "coordinates": [16.257883333333332, 56.17968333333333]}, "properties": {"label": "ARAGONITH", "mmsi": "209672000", "imo": "9164081", "name": "ARAGONITH", "shiptype": "", "first_seen_utc": "2026-01-03T12:42:24Z", "last_seen_utc": "2026-01-12T06:06:54Z", "destination": "SE KLR", "eta": "{'Day': 12, 'Hour': 8, 'Minute': 0, 'Month': 1}", "display": "ARAGONITH (209672000)", "links": "<a href=\"https://www.vesselfinder.com/vessels?name=9164081\" target=\"_blank\" rel=\"noopener\">VesselFinder</a> | <a href=\"https://www.marinetraffic.com/en/ais/search/all?keyword=9164081\" target=\"_blank\" rel=\"noopener\">MarineTraffic</a>", "vf_url": "https://www.vesselfinder.com/vessels?name=9164081", "mst_url": "https://www.marinetraffic.com/en/ais/search/all?keyword=9164081", "method": "v3_2pass_track3d_fromru10d", "ru_seen_in_lookback": true, "in_monitor_on_day": true}}, {"type": "Feature", "geometry": {"type": "LineString", "coordinates": [[2.6103333333333336, 52.05752], [2.181011666666667, 51.62162166666667], [2.0851016666666666, 51.55780333333333], [1.9857516666666666, 51.491845], [1.89376, 51.42587666666667], [1.8368383333333334, 51.345445000000005], [1.78345, 51.26424], [1.7207283333333334, 51.19300166666667], [1.6342833333333333, 51.141373333333334], [1.55902, 51.098319999999994], [1.4910116666666666, 51.05646], [1.4294466666666668, 51.014784999999996], [-0.36504333333333333, 50.463075], [-0.47185166666666667, 50.44372166666667], [-0.5805033333333333, 50.42495833333333], [-0.6881933333333333, 50.40663], [-0.8226916666666667, 50.379875]]}, "properties": {"label": "WHITE WANDERER", "mmsi": "477015300", "imo": "9621869", "name": "WHITE WANDERER", "shiptype": "", "first_seen_utc": "2026-01-03T13:13:09Z", "last_seen_utc": "2026-01-12T05:20:36Z", "destination": "CR CAL", "eta": "{'Day': 30, 'Hour': 12, 'Minute': 0, 'Month': 1}", "display": "", "links": "<a href=\"https://www.vesselfinder.com/vessels?name=9621869\" target=\"_blank\" rel=\"noopener\">VesselFinder</a> | <a href=\"https://www.marinetraffic.com/en/ais/search/all?keyword=9621869\" target=\"_blank\" rel=\"noopener\">MarineTraffic</a>", "vf_url": "https://www.vesselfinder.com/vessels?name=9621869", "mst_url": "https://www.marinetraffic.com/en/ais/search/all?keyword=9621869", "method": "v3_2pass_track3d_fromru10d", "ru_seen_in_lookback": true, "in_monitor_on_day": true}}, {"type": "Feature", "geometry": {"type": "Point", "coordinates": [-0.8226916666666667, 50.379875]}, "properties": {"label": "WHITE WANDERER", "mmsi": "477015300", "imo": "9621869", "name": "WHITE WANDERER", "shiptype": "", "first_seen_utc": "2026-01-03T13:13:09Z", "last_seen_utc": "2026-01-12T05:20:36Z", "destination": "CR CAL", "eta": "{'Day': 30, 'Hour': 12, 'Minute': 0, 'Month': 1}", "display": "WHITE WANDERER (477015300)", "links": "<a href=\"https://www.vesselfinder.com/vessels?name=9621869\" target=\"_blank\" rel=\"noopener\">VesselFinder</a> | <a href=\"https://www.marinetraffic.com/en/ais/search/all?keyword=9621869\" target=\"_blank\" rel=\"noopener\">MarineTraffic</a>", "vf_url": "https://www.vesselfinder.com/vessels?name=9621869", "mst_url": "https://www.marinetraffic.com/en/ais/search/all?keyword=9621869", "method": "v3_2pass_track3d_fromru10d", "ru_seen_in_lookback": true, "in_monitor_on_day": true}}, {"type": "Feature", "geometry": {"type": "LineString", "coordinates": [[18.641833333333334, 54.90631666666666], [18.446433333333335, 54.95028333333333], [18.22185, 54.9532], [12.334116666666667, 54.6427], [12.236500000000001, 54.54188333333333], [12.155066666666666, 54.437583333333336], [11.96315, 54.42153333333333], [11.766783333333333, 54.4337], [11.589766666666666, 54.48793333333333], [11.411249999999999, 54.54718333333334], [11.225183333333332, 54.59903333333333], [11.040266666666668, 54.650483333333334], [10.876066666666667, 54.70735], [10.865216666666667, 54.807966666666665], [10.930433333333333, 54.933883333333334], [11.032516666666668, 55.05045], [11.070466666666666, 55.182233333333336], [11.044633333333334, 55.30676666666667], [10.865633333333333, 55.52328333333333], [10.776116666666667, 55.65136666666667], [10.599933333333333, 55.73448333333333], [10.496, 55.825900000000004], [10.5039, 55.93535], [10.408216666666668, 56.03445], [10.323983333333333, 56.12403333333334], [10.24455, 56.15931666666667], [10.234066666666667, 56.15038333333334], [10.234083333333333, 56.15038333333334], [10.234100000000002, 56.1504], [10.234683333333333, 56.1508], [10.234683333333333, 56.150816666666664], [10.234683333333333, 56.150816666666664], [10.234666666666667, 56.150816666666664], [10.234666666666667, 56.150816666666664], [10.234666666666667, 56.150816666666664], [10.234649999999998, 56.150816666666664], [10.234649999999998, 56.150816666666664], [10.234649999999998, 56.1508], [10.234649999999998, 56.1508], [10.234666666666667, 56.150816666666664], [10.234666666666667, 56.150816666666664], [10.234683333333333, 56.150816666666664], [10.234666666666667, 56.1508], [10.234666666666667, 56.150816666666664], [10.234666666666667, 56.150816666666664], [10.234649999999998, 56.1508], [10.234666666666667, 56.1508], [10.234666666666667, 56.1508], [10.234666666666667, 56.1508], [10.234666666666667, 56.1508], [10.234683333333333, 56.1508], [10.234666666666667, 56.150816666666664], [10.234666666666667, 56.1508], [10.234649999999998, 56.1508], [10.234666666666667, 56.150816666666664], [10.284183333333335, 56.14461666666667], [10.3846, 56.054766666666666], [10.495316666666668, 55.96723333333333], [10.476533333333332, 55.858399999999996], [10.50905, 55.76173333333334], [10.647316666666667, 55.69481666666666], [10.782583333333333, 55.623466666666666], [10.8474, 55.52551666666667], [10.954333333333333, 55.426966666666665], [11.032766666666667, 55.33553333333334], [11.091000000000001, 55.2408], [11.03935, 55.14978333333333], [11.019749999999998, 55.051950000000005], [10.965766666666667, 54.962833333333336], [10.879116666666667, 54.888000000000005], [10.862283333333332, 54.804700000000004], [10.853966666666668, 54.7419], [10.918433333333333, 54.67803333333333], [11.039233333333334, 54.6349], [11.159600000000001, 54.59126666666667], [11.280416666666667, 54.5498], [11.414916666666667, 54.51936666666666], [11.547733333333333, 54.480783333333335], [11.682683333333333, 54.439899999999994], [11.829333333333333, 54.417], [11.987016666666667, 54.41623333333334], [12.146266666666666, 54.4146], [12.243683333333333, 54.48908333333333], [12.289800000000001, 54.57835], [12.797916666666667, 54.76821666666667], [12.958483333333334, 54.76871666666667], [13.101016666666668, 54.763749999999995]]}, "properties": {"label": "LAURA MAERSK", "mmsi": "219543000", "imo": "9944546", "name": "LAURA MAERSK", "shiptype": "", "first_seen_utc": "2026-01-03T13:44:59Z", "last_seen_utc": "2026-01-12T12:59:38Z", "destination": "PLGDN", "eta": "{'Day': 15, 'Hour': 6, 'Minute': 0, 'Month': 1}", "display": "", "links": "<a href=\"https://www.vesselfinder.com/vessels?name=9944546\" target=\"_blank\" rel=\"noopener\">VesselFinder</a> | <a href=\"https://www.marinetraffic.com/en/ais/search/all?keyword=9944546\" target=\"_blank\" rel=\"noopener\">MarineTraffic</a>", "vf_url": "https://www.vesselfinder.com/vessels?name=9944546", "mst_url": "https://www.marinetraffic.com/en/ais/search/all?keyword=9944546", "method": "v3_2pass_track3d_fromru10d", "ru_seen_in_lookback": true, "in_monitor_on_day": true}}, {"type": "Feature", "geometry": {"type": "Point", "coordinates": [13.101016666666668, 54.763749999999995]}, "properties": {"label": "LAURA MAERSK", "mmsi": "219543000", "imo": "9944546", "name": "LAURA MAERSK", "shiptype": "", "first_seen_utc": "2026-01-03T13:44:59Z", "last_seen_utc": "2026-01-12T12:59:38Z", "destination": "PLGDN", "eta": "{'Day': 15, 'Hour': 6, 'Minute': 0, 'Month': 1}", "display": "LAURA MAERSK (219543000)", "links": "<a href=\"https://www.vesselfinder.com/vessels?name=9944546\" target=\"_blank\" rel=\"noopener\">VesselFinder</a> | <a href=\"https://www.marinetraffic.com/en/ais/search/all?keyword=9944546\" target=\"_blank\" rel=\"noopener\">MarineTraffic</a>", "vf_url": "https://www.vesselfinder.com/vessels?name=9944546", "mst_url": "https://www.marinetraffic.com/en/ais/search/all?keyword=9944546", "method": "v3_2pass_track3d_fromru10d", "ru_seen_in_lookback": true, "in_monitor_on_day": true}}, {"type": "Feature", "geometry": {"type": "LineString", "coordinates": [[15.341948333333333, 55.634303333333335], [15.174555, 55.59975833333333], [14.979009999999999, 55.53478166666666], [14.820296666666668, 55.489545], [14.607906666666667, 55.43501833333333], [14.449648333333332, 55.31519], [12.348225000000001, 54.628065], [12.24597, 54.55423666666666], [12.198411666666667, 54.45975333333333], [12.05578, 54.43027333333334], [11.891735, 54.431595], [11.731283333333332, 54.445101666666666], [11.578958333333333, 54.48836166666667], [11.425563333333335, 54.531258333333334], [11.268654999999999, 54.575775], [11.111386666666668, 54.604595], [10.970801666666667, 54.612161666666665], [10.882428333333333, 54.64020166666667], [10.800873333333334, 54.67229333333333], [10.7809, 54.732575], [10.83427, 54.81357], [10.874723333333332, 54.924546666666664], [10.986146666666667, 55.00888], [10.990698333333334, 55.116025], [11.088568333333335, 55.196245], [11.051185, 55.294135], [10.854501666666666, 55.53864333333333], [10.785948333333332, 55.642415], [10.806033333333334, 55.751144999999994], [10.929983333333332, 55.913545]]}, "properties": {"label": "HERMES", "mmsi": "636015035", "imo": "9613056", "name": "HERMES", "shiptype": "", "first_seen_utc": "2026-01-03T14:14:00Z", "last_seen_utc": "2026-01-12T09:43:47Z", "destination": "SEGOT", "eta": "{'Day': 12, 'Hour': 17, 'Minute': 0, 'Month': 1}", "display": "", "links": "<a href=\"https://www.vesselfinder.com/vessels?name=9613056\" target=\"_blank\" rel=\"noopener\">VesselFinder</a> | <a href=\"https://www.marinetraffic.com/en/ais/search/all?keyword=9613056\" target=\"_blank\" rel=\"noopener\">MarineTraffic</a>", "vf_url": "https://www.vesselfinder.com/vessels?name=9613056", "mst_url": "https://www.marinetraffic.com/en/ais/search/all?keyword=9613056", "method": "v3_2pass_track3d_fromru10d", "ru_seen_in_lookback": true, "in_monitor_on_day": true}}, {"type": "Feature", "geometry": {"type": "Point", "coordinates": [10.929983333333332, 55.913545]}, "properties": {"label": "HERMES", "mmsi": "636015035", "imo": "9613056", "name": "HERMES", "shiptype": "", "first_seen_utc": "2026-01-03T14:14:00Z", "last_seen_utc": "2026-01-12T09:43:47Z", "destination": "SEGOT", "eta": "{'Day': 12, 'Hour': 17, 'Minute': 0, 'Month': 1}", "display": "HERMES (636015035)", "links": "<a href=\"https://www.vesselfinder.com/vessels?name=9613056\" target=\"_blank\" rel=\"noopener\">VesselFinder</a> | <a href=\"https://www.marinetraffic.com/en/ais/search/all?keyword=9613056\" target=\"_blank\" rel=\"noopener\">MarineTraffic</a>", "vf_url": "https://www.vesselfinder.com/vessels?name=9613056", "mst_url": "https://www.marinetraffic.com/en/ais/search/all?keyword=9613056", "method": "v3_2pass_track3d_fromru10d", "ru_seen_in_lookback": true, "in_monitor_on_day": true}}, {"type": "Feature", "geometry": {"type": "LineString", "coordinates": [[18.715925000000002, 54.385470000000005], [18.715925000000002, 54.38546833333333], [18.715925000000002, 54.38546833333333], [18.71591833333333, 54.385470000000005], [18.715915, 54.385463333333334], [18.715911666666667, 54.38546833333333], [18.715908333333335, 54.385459999999995], [18.71591833333333, 54.38546833333333], [18.715921666666667, 54.385470000000005], [18.715911666666667, 54.385459999999995], [18.715926666666668, 54.385461666666664], [18.723976666666665, 54.399696666666664], [18.868295, 54.42327833333333], [18.987605, 54.445636666666665], [19.048918333333333, 54.51984166666667], [19.114053333333334, 54.60185], [19.081043333333334, 54.684575], [18.993341666666666, 54.759026666666664], [18.862256666666667, 54.81840666666667], [18.731661666666664, 54.879205], [18.60244, 54.940083333333334], [18.420215, 54.95994833333334], [12.28643, 54.59871], [12.212233333333334, 54.49674], [12.091016666666667, 54.432048333333334], [11.91341, 54.42975666666667], [11.74431, 54.440978333333334], [11.585321666666665, 54.48486666666667], [11.42026, 54.53109166666666], [11.251065, 54.577205000000006], [11.078125, 54.59849333333333], [10.910393333333333, 54.63227], [10.776648333333332, 54.70036666666667], [10.833691666666665, 54.807114999999996], [10.874316666666665, 54.91942166666667], [10.987965, 55.012245], [10.990821666666667, 55.12079833333333], [11.101176666666667, 55.206300000000006], [11.043088333333333, 55.315145], [10.849486666666667, 55.550105], [10.784151666666666, 55.65326833333334], [10.810858333333334, 55.758878333333335], [10.870151666666667, 55.85897166666667], [10.496565, 57.84646166666666], [10.292693333333334, 57.835651666666664], [10.105115000000001, 57.79025166666667], [9.913356666666665, 57.73934166666666], [9.725206666666667, 57.689341666666664], [9.525806666666666, 57.64783833333333], [9.334981666666666, 57.59163], [9.154993333333334, 57.53729833333333], [8.961818333333333, 57.485553333333336]]}, "properties": {"label": "CMA CGM MERMAID", "mmsi": "256708000", "imo": "9961283", "name": "CMA CGM MERMAID", "shiptype": "", "first_seen_utc": "2026-01-03T14:32:34Z", "last_seen_utc": "2026-01-12T08:14:18Z", "destination": "DEBRV", "eta": "{'Day': 13, 'Hour': 1, 'Minute': 30, 'Month': 1}", "display": "", "links": "<a href=\"https://www.vesselfinder.com/vessels?name=9961283\" target=\"_blank\" rel=\"noopener\">VesselFinder</a> | <a href=\"https://www.marinetraffic.com/en/ais/search/all?keyword=9961283\" target=\"_blank\" rel=\"noopener\">MarineTraffic</a>", "vf_url": "https://www.vesselfinder.com/vessels?name=9961283", "mst_url": "https://www.marinetraffic.com/en/ais/search/all?keyword=9961283", "method": "v3_2pass_track3d_fromru10d", "ru_seen_in_lookback": true, "in_monitor_on_day": true}}, {"type": "Feature", "geometry": {"type": "Point", "coordinates": [8.961818333333333, 57.485553333333336]}, "properties": {"label": "CMA CGM MERMAID", "mmsi": "256708000", "imo": "9961283", "name": "CMA CGM MERMAID", "shiptype": "", "first_seen_utc": "2026-01-03T14:32:34Z", "last_seen_utc": "2026-01-12T08:14:18Z", "destination": "DEBRV", "eta": "{'Day': 13, 'Hour': 1, 'Minute': 30, 'Month': 1}", "display": "CMA CGM MERMAID (256708000)", "links": "<a href=\"https://www.vesselfinder.com/vessels?name=9961283\" target=\"_blank\" rel=\"noopener\">VesselFinder</a> | <a href=\"https://www.marinetraffic.com/en/ais/search/all?keyword=9961283\" target=\"_blank\" rel=\"noopener\">MarineTraffic</a>", "vf_url": "https://www.vesselfinder.com/vessels?name=9961283", "mst_url": "https://www.marinetraffic.com/en/ais/search/all?keyword=9961283", "method": "v3_2pass_track3d_fromru10d", "ru_seen_in_lookback": true, "in_monitor_on_day": true}}, {"type": "Feature", "geometry": {"type": "LineString", "coordinates": [[15.820483333333334, 55.82953333333333], [15.609183333333334, 55.75261666666667], [15.409966666666666, 55.688833333333335], [15.210983333333333, 55.62286666666667], [14.99875, 55.5684], [14.794416666666667, 55.51208333333333], [14.60655, 55.44263333333333], [14.448383333333334, 55.35116666666667], [14.175, 55.12338333333333], [12.5771, 54.72031666666667], [12.391083333333334, 54.64973333333333], [12.248766666666667, 54.56046666666667], [12.174100000000001, 54.44356666666667], [11.96115, 54.430733333333336], [11.7471, 54.439733333333336], [11.5449, 54.49551666666667], [11.3399, 54.55303333333333], [11.141533333333333, 54.605850000000004], [10.940583333333333, 54.62393333333333], [10.7863, 54.6788], [10.8148, 54.779266666666665], [10.862116666666667, 54.90971666666667], [10.987150000000002, 55.01023333333333], [10.988866666666667, 55.13121666666667], [11.101433333333334, 55.23108333333333], [11.041, 55.32365], [10.881666666666666, 55.51201666666667], [10.7865, 55.638349999999996], [10.807716666666666, 55.75756666666667], [10.886066666666666, 55.8708], [11.03465, 55.97906666666667], [11.190850000000001, 56.11855]]}, "properties": {"label": "VENTA MAERSK", "mmsi": "219115000", "imo": "9775763", "name": "VENTA MAERSK", "shiptype": "", "first_seen_utc": "2026-01-03T15:19:07Z", "last_seen_utc": "2026-01-12T12:38:59Z", "destination": "FIKTK-DEBRV", "eta": "{'Day': 13, 'Hour': 17, 'Minute': 30, 'Month': 1}", "display": "", "links": "<a href=\"https://www.vesselfinder.com/vessels?name=9775763\" target=\"_blank\" rel=\"noopener\">VesselFinder</a> | <a href=\"https://www.marinetraffic.com/en/ais/search/all?keyword=9775763\" target=\"_blank\" rel=\"noopener\">MarineTraffic</a>", "vf_url": "https://www.vesselfinder.com/vessels?name=9775763", "mst_url": "https://www.marinetraffic.com/en/ais/search/all?keyword=9775763", "method": "v3_2pass_track3d_fromru10d", "ru_seen_in_lookback": true, "in_monitor_on_day": true}}, {"type": "Feature", "geometry": {"type": "Point", "coordinates": [11.190850000000001, 56.11855]}, "properties": {"label": "VENTA MAERSK", "mmsi": "219115000", "imo": "9775763", "name": "VENTA MAERSK", "shiptype": "", "first_seen_utc": "2026-01-03T15:19:07Z", "last_seen_utc": "2026-01-12T12:38:59Z", "destination": "FIKTK-DEBRV", "eta": "{'Day': 13, 'Hour': 17, 'Minute': 30, 'Month': 1}", "display": "VENTA MAERSK (219115000)", "links": "<a href=\"https://www.vesselfinder.com/vessels?name=9775763\" target=\"_blank\" rel=\"noopener\">VesselFinder</a> | <a href=\"https://www.marinetraffic.com/en/ais/search/all?keyword=9775763\" target=\"_blank\" rel=\"noopener\">MarineTraffic</a>", "vf_url": "https://www.vesselfinder.com/vessels?name=9775763", "mst_url": "https://www.marinetraffic.com/en/ais/search/all?keyword=9775763", "method": "v3_2pass_track3d_fromru10d", "ru_seen_in_lookback": true, "in_monitor_on_day": true}}, {"type": "Feature", "geometry": {"type": "LineString", "coordinates": [[15.629809999999999, 55.682916666666664], [15.415698333333333, 55.650798333333334], [15.241988333333333, 55.62627], [15.023121666666666, 55.56594833333334], [14.829244999999998, 55.51494], [14.661669999999999, 55.47074166666666], [12.293873333333332, 54.60592], [12.220475, 54.512616666666666], [12.124310000000001, 54.435835], [11.956743333333332, 54.431841666666664], [11.785395, 54.43004833333334], [11.628504999999999, 54.47165], [11.474066666666666, 54.516976666666665], [11.311933333333334, 54.56250166666667], [11.142375, 54.606840000000005], [10.958195, 54.59768999999999], [10.774976666666667, 54.584936666666664], [10.411735, 54.52691166666667], [10.308911666666667, 54.52497833333334], [10.296416666666666, 54.528655], [10.29757, 54.53000333333333], [10.297495, 54.53019], [10.29758, 54.53022833333333], [10.297455000000001, 54.53031166666666], [10.297188333333334, 54.53073666666667], [10.297296666666666, 54.53060166666667], [10.297336666666666, 54.530591666666666], [10.297173333333335, 54.530701666666666], [10.297151666666668, 54.53066333333334], [10.296435, 54.53114], [10.296001666666665, 54.531258333333334], [10.295666666666667, 54.53141], [10.295185, 54.53144833333333], [10.295216666666667, 54.531483333333334], [10.294445, 54.531438333333334], [10.294386666666666, 54.53149], [10.294481666666666, 54.531528333333334], [10.294251666666666, 54.53156333333333], [10.293843333333333, 54.531486666666666], [10.294408333333333, 54.531705], [10.294366666666667, 54.53169333333334], [10.294401666666666, 54.53169666666667], [10.294084999999999, 54.53169833333333], [10.294278333333333, 54.53178666666667], [10.293916666666666, 54.53189], [10.293935000000001, 54.53189], [10.293141666666665, 54.531778333333335], [10.292623333333333, 54.53180666666666], [10.29258, 54.53180833333333], [10.292306666666667, 54.531705], [10.292613333333332, 54.53184666666667], [10.292444999999999, 54.53192333333333], [10.292586666666667, 54.53196666666667], [10.292570000000001, 54.532005000000005], [10.292399999999999, 54.531965], [10.292831666666666, 54.532109999999996], [10.292750000000002, 54.532088333333334], [10.292718333333333, 54.53207166666667], [10.292171666666666, 54.531865], [10.292225, 54.531915000000005], [10.291798333333332, 54.531675], [10.295715, 54.5151], [10.231705, 54.44752666666667], [10.18024, 54.375535], [10.142968333333332, 54.36607333333333], [10.142971666666666, 54.36607], [10.126811666666667, 54.36817333333333], [10.049209999999999, 54.35966333333333], [9.985963333333332, 54.34556833333333], [9.903441666666668, 54.34965], [9.809923333333334, 54.363535]]}, "properties": {"label": "BC ARMONIA", "mmsi": "352003881", "imo": "9706334", "name": "BC ARMONIA", "shiptype": "", "first_seen_utc": "2026-01-03T18:49:12Z", "last_seen_utc": "2026-01-12T15:40:13Z", "destination": "ES LPA", "eta": "{'Day': 19, 'Hour': 10, 'Minute': 0, 'Month': 1}", "display": "", "links": "<a href=\"https://www.vesselfinder.com/vessels?name=9706334\" target=\"_blank\" rel=\"noopener\">VesselFinder</a> | <a href=\"https://www.marinetraffic.com/en/ais/search/all?keyword=9706334\" target=\"_blank\" rel=\"noopener\">MarineTraffic</a>", "vf_url": "https://www.vesselfinder.com/vessels?name=9706334", "mst_url": "https://www.marinetraffic.com/en/ais/search/all?keyword=9706334", "method": "v3_2pass_track3d_fromru10d", "ru_seen_in_lookback": true, "in_monitor_on_day": true}}, {"type": "Feature", "geometry": {"type": "Point", "coordinates": [9.809923333333334, 54.363535]}, "properties": {"label": "BC ARMONIA", "mmsi": "352003881", "imo": "9706334", "name": "BC ARMONIA", "shiptype": "", "first_seen_utc": "2026-01-03T18:49:12Z", "last_seen_utc": "2026-01-12T15:40:13Z", "destination": "ES LPA", "eta": "{'Day': 19, 'Hour': 10, 'Minute': 0, 'Month': 1}", "display": "BC ARMONIA (352003881)", "links": "<a href=\"https://www.vesselfinder.com/vessels?name=9706334\" target=\"_blank\" rel=\"noopener\">VesselFinder</a> | <a href=\"https://www.marinetraffic.com/en/ais/search/all?keyword=9706334\" target=\"_blank\" rel=\"noopener\">MarineTraffic</a>", "vf_url": "https://www.vesselfinder.com/vessels?name=9706334", "mst_url": "https://www.marinetraffic.com/en/ais/search/all?keyword=9706334", "method": "v3_2pass_track3d_fromru10d", "ru_seen_in_lookback": true, "in_monitor_on_day": true}}, {"type": "Feature", "geometry": {"type": "LineString", "coordinates": [[12.642573333333333, 56.062985000000005], [12.503948333333334, 56.13968833333333], [10.499595, 57.858333333333334], [10.246845, 57.85043833333334], [9.984591666666667, 57.84538333333333], [9.741093333333334, 57.833785], [9.510531666666667, 57.79551166666667], [9.305103333333333, 57.73305833333333], [9.102515, 57.660041666666665], [8.899656666666667, 57.58408], [8.6937, 57.50550666666666], [8.490563333333334, 57.427148333333335], [8.276326666666668, 57.34781666666667], [8.097453333333332, 57.25570333333334], [4.3949066666666665, 54.03405333333333], [4.227101666666667, 53.96744], [3.9486033333333332, 53.84520833333333], [3.7615866666666666, 53.7625], [3.20832, 52.859991666666666], [2.6186149999999997, 52.051476666666666], [2.602565, 51.962765], [2.547006666666667, 51.88248333333333], [2.4893883333333333, 51.80135666666667], [2.3830400000000003, 51.72903833333333], [2.2797300000000003, 51.665888333333335], [2.1474033333333336, 51.61515], [2.044766666666667, 51.55300833333333], [1.9556666666666667, 51.481154999999994], [1.8895833333333334, 51.393906666666666], [1.8270533333333332, 51.30689666666667], [1.7560933333333333, 51.225278333333335], [1.64063, 51.160468333333334], [1.5243866666666668, 51.103476666666666], [1.4119766666666667, 51.047985000000004], [0.10423333333333333, 50.52158166666666], [-0.16873666666666667, 50.477623333333334], [-0.34384833333333337, 50.443975], [-0.5204150000000001, 50.41081666666666], [-0.6951066666666667, 50.373158333333336], [-2.187045, 50.124158333333334], [-2.3403899999999997, 50.09732833333333]]}, "properties": {"label": "IONIC ALTHEA", "mmsi": "538007953", "imo": "9728435", "name": "IONIC ALTHEA", "shiptype": "", "first_seen_utc": "2026-01-03T18:54:13Z", "last_seen_utc": "2026-01-12T15:16:59Z", "destination": "PLGDN-USCRP", "eta": "{'Day': 29, 'Hour': 14, 'Minute': 0, 'Month': 1}", "display": "", "links": "<a href=\"https://www.vesselfinder.com/vessels?name=9728435\" target=\"_blank\" rel=\"noopener\">VesselFinder</a> | <a href=\"https://www.marinetraffic.com/en/ais/search/all?keyword=9728435\" target=\"_blank\" rel=\"noopener\">MarineTraffic</a>", "vf_url": "https://www.vesselfinder.com/vessels?name=9728435", "mst_url": "https://www.marinetraffic.com/en/ais/search/all?keyword=9728435", "method": "v3_2pass_track3d_fromru10d", "ru_seen_in_lookback": true, "in_monitor_on_day": true}}, {"type": "Feature", "geometry": {"type": "Point", "coordinates": [-2.3403899999999997, 50.09732833333333]}, "properties": {"label": "IONIC ALTHEA", "mmsi": "538007953", "imo": "9728435", "name": "IONIC ALTHEA", "shiptype": "", "first_seen_utc": "2026-01-03T18:54:13Z", "last_seen_utc": "2026-01-12T15:16:59Z", "destination": "PLGDN-USCRP", "eta": "{'Day': 29, 'Hour': 14, 'Minute': 0, 'Month': 1}", "display": "IONIC ALTHEA (538007953)", "links": "<a href=\"https://www.vesselfinder.com/vessels?name=9728435\" target=\"_blank\" rel=\"noopener\">VesselFinder</a> | <a href=\"https://www.marinetraffic.com/en/ais/search/all?keyword=9728435\" target=\"_blank\" rel=\"noopener\">MarineTraffic</a>", "vf_url": "https://www.vesselfinder.com/vessels?name=9728435", "mst_url": "https://www.marinetraffic.com/en/ais/search/all?keyword=9728435", "method": "v3_2pass_track3d_fromru10d", "ru_seen_in_lookback": true, "in_monitor_on_day": true}}, {"type": "Feature", "geometry": {"type": "LineString", "coordinates": [[19.049176666666664, 54.904455], [19.00158, 54.82127333333334], [18.970426666666665, 54.733995], [18.926215, 54.65025], [18.85603166666667, 54.575705], [18.735556666666664, 54.535785000000004], [18.590728333333335, 54.534795], [18.517903333333333, 54.54122333333333], [18.50696333333333, 54.54553166666667], [18.506988333333332, 54.54553], [18.506908333333335, 54.545535], [18.50696, 54.54549], [18.506919999999997, 54.54550833333334], [18.50691833333333, 54.54549166666666], [18.50696, 54.545485], [18.506943333333332, 54.54549333333333], [18.506951666666666, 54.545476666666666], [18.506925000000003, 54.545503333333336], [18.50698, 54.545485], [18.506988333333332, 54.54550833333334], [18.506953333333335, 54.54552833333333], [18.506976666666667, 54.54553], [18.50695, 54.54551166666667], [18.506916666666665, 54.545515], [18.506936666666665, 54.54553], [18.506970000000003, 54.545496666666665], [18.50693, 54.54547], [18.506891666666668, 54.54546833333333], [18.506901666666668, 54.54548333333333], [18.506935, 54.54551166666667], [18.506903333333334, 54.545523333333335], [18.506944999999998, 54.54552833333333], [18.506941666666666, 54.54553333333333], [18.506935, 54.545494999999995], [18.506936666666665, 54.54551166666667], [18.50691833333333, 54.54550666666667], [18.506923333333337, 54.5455], [18.506983333333334, 54.54549333333333], [18.506913333333333, 54.54546666666667], [18.506958333333333, 54.545485], [18.50687333333333, 54.545395], [18.506948333333334, 54.54548833333333], [18.506981666666665, 54.54550666666667], [18.506913333333333, 54.5455], [18.506936666666665, 54.545494999999995], [18.506961666666665, 54.545515], [18.506951666666666, 54.545505000000006], [18.50699, 54.545545], [18.506931666666667, 54.545473333333334], [18.506916666666665, 54.545485], [18.50695, 54.545485], [18.506955, 54.54549833333333], [18.506928333333335, 54.54551666666667], [18.506966666666663, 54.54551666666667], [18.506964999999997, 54.54552833333333], [18.506935, 54.54553833333333], [18.506906666666666, 54.545548333333336], [18.506923333333337, 54.545496666666665], [18.50693, 54.545503333333336], [18.506876666666667, 54.54552666666667], [18.506896666666666, 54.545505000000006], [18.506956666666667, 54.54553833333333], [18.506966666666663, 54.54553833333333], [18.506946666666668, 54.545501666666674], [18.506923333333337, 54.54551166666667], [18.506976666666667, 54.54552666666667], [18.506970000000003, 54.545523333333335], [18.506948333333334, 54.54548833333333], [18.50696333333333, 54.545515], [18.506948333333334, 54.54552833333333], [18.506915, 54.545503333333336], [18.506923333333337, 54.54546833333333], [18.506964999999997, 54.54550833333334], [18.506843333333332, 54.545451666666665], [18.506893333333334, 54.54551166666667], [18.506928333333335, 54.54553833333333], [18.506888333333332, 54.54553], [18.506886666666666, 54.54548166666667], [18.50687, 54.545476666666666], [18.506891666666668, 54.545548333333336], [18.506973333333335, 54.54549833333333], [18.506891666666668, 54.545501666666674], [18.506966666666663, 54.545515], [18.506941666666666, 54.545496666666665], [18.506935, 54.54549166666666], [18.506943333333332, 54.545496666666665], [18.506953333333335, 54.54550833333334], [18.506986666666666, 54.545503333333336], [18.50698, 54.54551], [18.506933333333333, 54.545501666666674], [18.50697166666667, 54.545503333333336], [18.506948333333334, 54.54549166666666], [18.506944999999998, 54.54549166666666], [18.506905, 54.545503333333336], [18.506958333333333, 54.54548], [18.506956666666667, 54.54548833333333], [18.506936666666665, 54.5455], [18.506888333333332, 54.54551], [18.506964999999997, 54.5455], [18.506951666666666, 54.54549333333333], [18.506893333333334, 54.545521666666666], [18.506946666666668, 54.54551666666667], [18.506901666666668, 54.54551333333333], [18.506906666666666, 54.54549166666666], [18.506898333333332, 54.545546666666674], [18.506923333333337, 54.54553166666667], [18.506888333333332, 54.545550000000006], [18.506936666666665, 54.54550666666667], [18.50691833333333, 54.5455], [18.506935, 54.54549166666666], [18.506888333333332, 54.545473333333334], [18.506968333333337, 54.545525], [18.506911666666667, 54.545496666666665], [18.506966666666663, 54.545485], [18.506843333333332, 54.54546166666667], [18.506943333333332, 54.545485]]}, "properties": {"label": "YAMAN", "mmsi": "572882220", "imo": "9504944", "name": "YAMAN", "shiptype": "", "first_seen_utc": "2026-01-03T20:28:12Z", "last_seen_utc": "2026-01-12T15:47:43Z", "destination": "GDYNIA", "eta": "{'Day': 10, 'Hour': 2, 'Minute': 0, 'Month': 1}", "display": "", "links": "<a href=\"https://www.vesselfinder.com/vessels?name=9504944\" target=\"_blank\" rel=\"noopener\">VesselFinder</a> | <a href=\"https://www.marinetraffic.com/en/ais/search/all?keyword=9504944\" target=\"_blank\" rel=\"noopener\">MarineTraffic</a>", "vf_url": "https://www.vesselfinder.com/vessels?name=9504944", "mst_url": "https://www.marinetraffic.com/en/ais/search/all?keyword=9504944", "method": "v3_2pass_track3d_fromru10d", "ru_seen_in_lookback": true, "in_monitor_on_day": true}}, {"type": "Feature", "geometry": {"type": "Point", "coordinates": [18.506943333333332, 54.545485]}, "properties": {"label": "YAMAN", "mmsi": "572882220", "imo": "9504944", "name": "YAMAN", "shiptype": "", "first_seen_utc": "2026-01-03T20:28:12Z", "last_seen_utc": "2026-01-12T15:47:43Z", "destination": "GDYNIA", "eta": "{'Day': 10, 'Hour': 2, 'Minute': 0, 'Month': 1}", "display": "YAMAN (572882220)", "links": "<a href=\"https://www.vesselfinder.com/vessels?name=9504944\" target=\"_blank\" rel=\"noopener\">VesselFinder</a> | <a href=\"https://www.marinetraffic.com/en/ais/search/all?keyword=9504944\" target=\"_blank\" rel=\"noopener\">MarineTraffic</a>", "vf_url": "https://www.vesselfinder.com/vessels?name=9504944", "mst_url": "https://www.marinetraffic.com/en/ais/search/all?keyword=9504944", "method": "v3_2pass_track3d_fromru10d", "ru_seen_in_lookback": true, "in_monitor_on_day": true}}, {"type": "Feature", "geometry": {"type": "LineString", "coordinates": [[12.243323333333333, 54.603683333333336], [12.191438333333334, 54.50929166666666], [12.089003333333332, 54.44610333333333], [11.923734999999999, 54.442775], [11.75993, 54.44514166666667], [11.603981666666666, 54.47700833333333], [11.445695, 54.51925666666667], [11.296865, 54.57084833333333], [11.145211666666667, 54.61318833333333], [10.999636666666667, 54.66439166666667], [10.882254999999999, 54.72436666666667], [10.873458333333334, 54.805809999999994], [10.904023333333333, 54.89712], [11.010345000000001, 54.97537833333333], [11.045661666666666, 55.072406666666666], [11.0646, 55.173988333333334], [11.075786666666666, 55.26728], [10.856466666666668, 55.56144833333334], [10.793239999999999, 55.65855666666666], [10.810831666666667, 55.763288333333335], [10.868464999999999, 55.858801666666665], [10.496476666666666, 57.852105], [10.30314, 57.85192833333333], [10.104043333333333, 57.85215166666667], [9.904651666666666, 57.85271], [9.738708333333333, 57.826865], [9.595618333333334, 57.78201833333333], [9.461186666666666, 57.739016666666664], [9.328061666666667, 57.69115], [9.187536666666666, 57.647475], [9.046251666666667, 57.59738166666667], [8.901990000000001, 57.54786166666667], [8.744663333333333, 57.49889833333334], [8.583065, 57.44576333333334], [8.426823333333333, 57.392770000000006], [8.281979999999999, 57.34001833333333], [8.1345, 57.29760666666667], [8.000565, 57.254415], [7.873736666666667, 57.20986166666667], [7.773836666666667, 57.165949999999995], [7.673959999999999, 57.124495], [7.57278, 57.08113166666667], [7.48268, 57.039181666666664], [7.398148333333333, 56.972946666666665]]}, "properties": {"label": "MENTOR", "mmsi": "305030300", "imo": "9340374", "name": "MENTOR", "shiptype": "", "first_seen_utc": "2026-01-03T21:05:58Z", "last_seen_utc": "2026-01-12T12:21:23Z", "destination": "ORAN", "eta": "{'Day': 19, 'Hour': 15, 'Minute': 0, 'Month': 1}", "display": "", "links": "<a href=\"https://www.vesselfinder.com/vessels?name=9340374\" target=\"_blank\" rel=\"noopener\">VesselFinder</a> | <a href=\"https://www.marinetraffic.com/en/ais/search/all?keyword=9340374\" target=\"_blank\" rel=\"noopener\">MarineTraffic</a>", "vf_url": "https://www.vesselfinder.com/vessels?name=9340374", "mst_url": "https://www.marinetraffic.com/en/ais/search/all?keyword=9340374", "method": "v3_2pass_track3d_fromru10d", "ru_seen_in_lookback": true, "in_monitor_on_day": true}}, {"type": "Feature", "geometry": {"type": "Point", "coordinates": [7.398148333333333, 56.972946666666665]}, "properties": {"label": "MENTOR", "mmsi": "305030300", "imo": "9340374", "name": "MENTOR", "shiptype": "", "first_seen_utc": "2026-01-03T21:05:58Z", "last_seen_utc": "2026-01-12T12:21:23Z", "destination": "ORAN", "eta": "{'Day': 19, 'Hour': 15, 'Minute': 0, 'Month': 1}", "display": "MENTOR (305030300)", "links": "<a href=\"https://www.vesselfinder.com/vessels?name=9340374\" target=\"_blank\" rel=\"noopener\">VesselFinder</a> | <a href=\"https://www.marinetraffic.com/en/ais/search/all?keyword=9340374\" target=\"_blank\" rel=\"noopener\">MarineTraffic</a>", "vf_url": "https://www.vesselfinder.com/vessels?name=9340374", "mst_url": "https://www.marinetraffic.com/en/ais/search/all?keyword=9340374", "method": "v3_2pass_track3d_fromru10d", "ru_seen_in_lookback": true, "in_monitor_on_day": true}}, {"type": "Feature", "geometry": {"type": "LineString", "coordinates": [[18.416515, 54.796695], [18.416504999999997, 54.796695], [18.416515, 54.796695], [18.416535, 54.796695], [18.416495, 54.796695], [18.416485, 54.7967], [18.4165, 54.796695], [18.41648, 54.796685000000004], [18.4165, 54.796695], [18.41649, 54.796695], [18.416504999999997, 54.7967], [18.41652, 54.796695], [18.41648, 54.796685000000004], [18.41652, 54.796685000000004], [18.4165, 54.796685000000004], [18.416510000000002, 54.796695], [18.416485, 54.796685000000004], [18.4165, 54.7967], [18.416495, 54.796695], [18.41648, 54.796675], [18.416525, 54.796704999999996], [18.4165, 54.796695], [18.41653, 54.796685000000004], [18.4165, 54.79671], [18.416510000000002, 54.7967], [18.4165, 54.796704999999996], [18.41652, 54.79669], [18.41652, 54.796704999999996]]}, "properties": {"label": "WLA 253", "mmsi": "261003970", "imo": "", "name": "WLA 253", "shiptype": "", "first_seen_utc": "2026-01-03T23:45:58Z", "last_seen_utc": "2026-01-12T15:58:56Z", "destination": "", "eta": "{'Day': 0, 'Hour': 24, 'Minute': 60, 'Month': 0}", "display": "", "links": "<a href=\"https://www.vesselfinder.com/vessels?name=261003970\" target=\"_blank\" rel=\"noopener\">VesselFinder</a> | <a href=\"https://www.marinetraffic.com/en/ais/search/all?keyword=261003970\" target=\"_blank\" rel=\"noopener\">MarineTraffic</a>", "vf_url": "https://www.vesselfinder.com/vessels?name=261003970", "mst_url": "https://www.marinetraffic.com/en/ais/search/all?keyword=261003970", "method": "v3_2pass_track3d_fromru10d", "ru_seen_in_lookback": true, "in_monitor_on_day": true}}, {"type": "Feature", "geometry": {"type": "Point", "coordinates": [18.41652, 54.796704999999996]}, "properties": {"label": "WLA 253", "mmsi": "261003970", "imo": "", "name": "WLA 253", "shiptype": "", "first_seen_utc": "2026-01-03T23:45:58Z", "last_seen_utc": "2026-01-12T15:58:56Z", "destination": "", "eta": "{'Day': 0, 'Hour': 24, 'Minute': 60, 'Month': 0}", "display": "WLA 253 (261003970)", "links": "<a href=\"https://www.vesselfinder.com/vessels?name=261003970\" target=\"_blank\" rel=\"noopener\">VesselFinder</a> | <a href=\"https://www.marinetraffic.com/en/ais/search/all?keyword=261003970\" target=\"_blank\" rel=\"noopener\">MarineTraffic</a>", "vf_url": "https://www.vesselfinder.com/vessels?name=261003970", "mst_url": "https://www.marinetraffic.com/en/ais/search/all?keyword=261003970", "method": "v3_2pass_track3d_fromru10d", "ru_seen_in_lookback": true, "in_monitor_on_day": true}}, {"type": "Feature", "geometry": {"type": "LineString", "coordinates": [[18.708391666666667, 54.51743666666667], [18.70847, 54.51742166666667], [18.708463333333334, 54.51732166666667], [18.708453333333335, 54.51736833333334], [18.708466666666666, 54.51730666666666], [18.70843, 54.517360000000004], [18.708393333333333, 54.51739], [18.708501666666667, 54.51728833333333], [18.70857, 54.517264999999995], [18.708585000000003, 54.51731333333333], [18.708506666666665, 54.51732833333333], [18.7085, 54.51734], [18.708596666666665, 54.51724333333333], [18.708621666666666, 54.51726], [18.708656666666666, 54.51719333333333], [18.708875, 54.51705166666667], [18.708804999999998, 54.517129999999995], [18.708983333333332, 54.51705833333333], [18.708865, 54.517075], [18.709034999999997, 54.517026666666666], [18.709231666666668, 54.51692666666667], [18.709278333333334, 54.51692333333334], [18.709091666666666, 54.51703333333333], [18.70977, 54.51679], [18.709343333333333, 54.51692333333334], [18.709641666666666, 54.51680833333333], [18.709973333333334, 54.51676166666667], [18.710105, 54.51671833333333], [18.710195, 54.51670333333333], [18.71070166666667, 54.51663666666666], [18.710511666666665, 54.51663333333333], [18.71071166666667, 54.51662666666667], [18.710331666666665, 54.516643333333334], [18.710793333333335, 54.516600000000004], [18.710440000000002, 54.516616666666664], [18.710895, 54.51658166666667], [18.711095, 54.51653666666667], [18.71059, 54.516526666666664], [18.710500000000003, 54.51651833333334], [18.71069333333333, 54.51652833333333], [18.710528333333333, 54.51651666666667], [18.71087, 54.516488333333335], [18.711176666666667, 54.51647], [18.710901666666665, 54.51648333333333], [18.710478333333334, 54.516576666666666], [18.710215, 54.516600000000004], [18.710845, 54.51651666666667], [18.710343333333334, 54.51657333333333], [18.710375, 54.516585], [18.710356666666666, 54.51658166666667], [18.710446666666666, 54.516576666666666], [18.710843333333333, 54.51652], [18.71047, 54.51656333333334], [18.710198333333334, 54.51658166666667], [18.710168333333336, 54.51656833333333], [18.71045333333333, 54.51654166666666], [18.71046833333333, 54.51653666666667], [18.710741666666667, 54.516513333333336], [18.710973333333335, 54.516484999999996], [18.710818333333336, 54.51649], [18.710263333333334, 54.516535], [18.71025, 54.51654833333334], [18.71034, 54.516553333333334], [18.710036666666667, 54.51661333333333], [18.71072333333333, 54.51652833333333], [18.71122666666667, 54.51651666666667], [18.711028333333335, 54.51649666666666], [18.71108, 54.51650666666667], [18.71121833333333, 54.51651833333334], [18.71134, 54.516508333333334], [18.711088333333333, 54.516510000000004], [18.711923333333335, 54.516558333333336], [18.71162, 54.51652833333333], [18.71201166666667, 54.51656], [18.711779999999997, 54.51654], [18.71135333333333, 54.51650333333334], [18.711348333333333, 54.516495], [18.711278333333333, 54.516468333333336], [18.711051666666666, 54.51648], [18.711295, 54.516515], [18.711081666666665, 54.516510000000004], [18.711391666666668, 54.516513333333336], [18.711086666666667, 54.51650666666667], [18.710996666666666, 54.516513333333336], [18.711003333333334, 54.51656], [18.710511666666665, 54.516558333333336], [18.710496666666664, 54.51656166666667], [18.710908333333336, 54.516558333333336], [18.709793333333334, 54.51678833333334], [18.709936666666668, 54.516753333333334], [18.710065, 54.516688333333335], [18.709799999999998, 54.516841666666664], [18.710201666666666, 54.51672166666666], [18.710615, 54.516619999999996], [18.709511666666668, 54.51697333333333], [18.709655, 54.51691833333334], [18.709153333333333, 54.517871666666665], [18.70983, 54.51837], [18.710106666666665, 54.51841833333334], [18.710155, 54.518425], [18.70968333333333, 54.51826166666667], [18.70994166666667, 54.517174999999995], [18.712008333333333, 54.51702], [18.712318333333332, 54.51737166666667], [18.711631666666666, 54.51749333333333], [18.66653833333333, 54.51520333333334], [18.560625, 54.52010166666666], [18.558065, 54.52702], [18.558105, 54.526984999999996], [18.55806, 54.52704666666667], [18.558073333333333, 54.52703333333333], [18.55808, 54.527028333333334], [18.558088333333334, 54.527055000000004], [18.558075, 54.527051666666665], [18.558071666666667, 54.527051666666665], [18.558058333333335, 54.52701833333333], [18.558106666666667, 54.52701666666667], [18.55808, 54.527051666666665], [18.558071666666667, 54.52706666666666], [18.558075, 54.527055000000004]]}, "properties": {"label": "DREAM SYRAX", "mmsi": "255915968", "imo": "9719513", "name": "DREAM SYRAX", "shiptype": "", "first_seen_utc": "2026-01-04T00:29:18Z", "last_seen_utc": "2026-01-12T15:41:46Z", "destination": "PL GDY", "eta": "{'Day': 9, 'Hour': 14, 'Minute': 0, 'Month': 1}", "display": "", "links": "<a href=\"https://www.vesselfinder.com/vessels?name=9719513\" target=\"_blank\" rel=\"noopener\">VesselFinder</a> | <a href=\"https://www.marinetraffic.com/en/ais/search/all?keyword=9719513\" target=\"_blank\" rel=\"noopener\">MarineTraffic</a>", "vf_url": "https://www.vesselfinder.com/vessels?name=9719513", "mst_url": "https://www.marinetraffic.com/en/ais/search/all?keyword=9719513", "method": "v3_2pass_track3d_fromru10d", "ru_seen_in_lookback": true, "in_monitor_on_day": true}}, {"type": "Feature", "geometry": {"type": "Point", "coordinates": [18.558075, 54.527055000000004]}, "properties": {"label": "DREAM SYRAX", "mmsi": "255915968", "imo": "9719513", "name": "DREAM SYRAX", "shiptype": "", "first_seen_utc": "2026-01-04T00:29:18Z", "last_seen_utc": "2026-01-12T15:41:46Z", "destination": "PL GDY", "eta": "{'Day': 9, 'Hour': 14, 'Minute': 0, 'Month': 1}", "display": "DREAM SYRAX (255915968)", "links": "<a href=\"https://www.vesselfinder.com/vessels?name=9719513\" target=\"_blank\" rel=\"noopener\">VesselFinder</a> | <a href=\"https://www.marinetraffic.com/en/ais/search/all?keyword=9719513\" target=\"_blank\" rel=\"noopener\">MarineTraffic</a>", "vf_url": "https://www.vesselfinder.com/vessels?name=9719513", "mst_url": "https://www.marinetraffic.com/en/ais/search/all?keyword=9719513", "method": "v3_2pass_track3d_fromru10d", "ru_seen_in_lookback": true, "in_monitor_on_day": true}}, {"type": "Feature", "geometry": {"type": "LineString", "coordinates": [[14.797978333333333, 55.339929999999995], [14.898011666666667, 55.34916], [15.032043333333332, 55.36454833333333], [18.722421666666666, 55.01793], [18.808155, 54.94281333333333], [18.90419166666667, 54.87186], [18.980561666666667, 54.84037166666667], [19.005096666666667, 54.76753333333333], [19.038441666666664, 54.735285], [19.045328333333334, 54.75852833333333], [19.052101666666665, 54.761268333333334], [19.057318333333335, 54.778055], [19.06443, 54.79642333333334], [19.069648333333337, 54.81954666666666], [19.069031666666667, 54.86291833333333], [19.06674, 54.900774999999996], [19.06914833333333, 54.928395], [19.064118333333333, 54.953073333333336], [19.20693, 54.90501166666666], [19.138028333333335, 54.944894999999995], [19.043988333333335, 55.003771666666665], [18.99311833333333, 55.02415333333333], [18.99618333333333, 54.999815], [18.99198833333333, 54.982488333333336], [18.989146666666667, 54.97114666666666], [18.984555, 54.959563333333335], [18.977605, 54.94728833333333], [18.973341666666666, 54.935545000000005], [18.9703, 54.92501166666667], [18.967045, 54.91330333333334], [18.966753333333333, 54.90266999999999], [18.964638333333333, 54.89212], [18.961573333333334, 54.880676666666666], [18.959905, 54.869121666666665], [18.957216666666667, 54.85734333333333], [18.956071666666666, 54.845620000000004], [18.955840000000002, 54.83307833333333], [18.95478166666667, 54.821075], [18.95315833333333, 54.80918], [18.953011666666665, 54.80469166666667], [19.001491666666666, 54.76322666666667], [19.041516666666666, 54.688538333333334], [19.070135, 54.609965], [19.015265, 54.540978333333335], [18.962206666666667, 54.488841666666666], [18.916895, 54.45954666666667], [18.911423333333335, 54.46848833333333], [18.92575833333333, 54.448636666666665], [18.851021666666668, 54.42189666666666], [18.749745, 54.404289999999996], [18.718535, 54.4031], [18.715531666666667, 54.40358166666667], [18.715518333333332, 54.40356666666666], [18.715531666666667, 54.4036], [18.71558333333333, 54.40362833333334], [18.715506666666666, 54.403614999999995], [18.715528333333335, 54.403596666666665], [18.715518333333332, 54.40361], [18.715515, 54.40358833333333], [18.71549, 54.403614999999995], [18.715486666666667, 54.403598333333335], [18.715521666666667, 54.4036], [18.715461666666666, 54.403618333333334]]}, "properties": {"label": "SEAGALAXY", "mmsi": "477269100", "imo": "9847231", "name": "SEAGALAXY", "shiptype": "", "first_seen_utc": "2026-01-04T01:33:15Z", "last_seen_utc": "2026-01-12T15:34:19Z", "destination": "NOSTU-PLGDN", "eta": "{'Day': 10, 'Hour': 21, 'Minute': 0, 'Month': 1}", "display": "", "links": "<a href=\"https://www.vesselfinder.com/vessels?name=9847231\" target=\"_blank\" rel=\"noopener\">VesselFinder</a> | <a href=\"https://www.marinetraffic.com/en/ais/search/all?keyword=9847231\" target=\"_blank\" rel=\"noopener\">MarineTraffic</a>", "vf_url": "https://www.vesselfinder.com/vessels?name=9847231", "mst_url": "https://www.marinetraffic.com/en/ais/search/all?keyword=9847231", "method": "v3_2pass_track3d_fromru10d", "ru_seen_in_lookback": true, "in_monitor_on_day": true}}, {"type": "Feature", "geometry": {"type": "Point", "coordinates": [18.715461666666666, 54.403618333333334]}, "properties": {"label": "SEAGALAXY", "mmsi": "477269100", "imo": "9847231", "name": "SEAGALAXY", "shiptype": "", "first_seen_utc": "2026-01-04T01:33:15Z", "last_seen_utc": "2026-01-12T15:34:19Z", "destination": "NOSTU-PLGDN", "eta": "{'Day': 10, 'Hour': 21, 'Minute': 0, 'Month': 1}", "display": "SEAGALAXY (477269100)", "links": "<a href=\"https://www.vesselfinder.com/vessels?name=9847231\" target=\"_blank\" rel=\"noopener\">VesselFinder</a> | <a href=\"https://www.marinetraffic.com/en/ais/search/all?keyword=9847231\" target=\"_blank\" rel=\"noopener\">MarineTraffic</a>", "vf_url": "https://www.vesselfinder.com/vessels?name=9847231", "mst_url": "https://www.marinetraffic.com/en/ais/search/all?keyword=9847231", "method": "v3_2pass_track3d_fromru10d", "ru_seen_in_lookback": true, "in_monitor_on_day": true}}, {"type": "Feature", "geometry": {"type": "LineString", "coordinates": [[15.650558333333333, 55.710683333333336], [15.452755, 55.67158833333334], [15.278235, 55.64575833333333], [15.120088333333333, 55.60525500000001], [14.962446666666667, 55.556873333333336], [14.812615, 55.511223333333334], [14.661833333333334, 55.46701333333333], [14.534606666666667, 55.4142], [12.352698333333333, 54.62996333333333], [12.251456666666666, 54.55815], [12.202655, 54.47208], [12.082763333333332, 54.43463833333333], [11.925938333333333, 54.43225666666667], [11.774336666666667, 54.43425833333333], [11.631018333333333, 54.47396333333334], [11.488268333333334, 54.512854999999995], [11.342856666666668, 54.553338333333336], [11.19748, 54.59433333333333], [11.036823333333333, 54.60156166666666], [10.889073333333332, 54.64317333333334], [10.775541666666667, 54.68366], [10.799498333333334, 54.761245], [10.837855, 54.86651833333334], [10.93341, 54.95887833333334], [11.013603333333332, 55.050666666666665], [11.050715, 55.15226333333333], [11.084511666666666, 55.24966833333334], [11.041015, 55.35097333333333], [10.866693333333334, 55.529273333333336], [10.795765, 55.627205000000004], [10.80572, 55.726615], [10.831143333333333, 55.82500833333334], [10.940433333333335, 55.90620833333333], [10.499186666666667, 57.84388666666667], [10.296553333333332, 57.852725], [10.07729, 57.85052666666666], [9.88045, 57.85192833333333], [9.694271666666667, 57.851625], [9.520008333333333, 57.83431333333333], [9.360403333333332, 57.77438166666666], [9.20064, 57.71225333333334], [9.037233333333335, 57.647261666666665], [8.882438333333333, 57.584986666666666], [8.73085, 57.528866666666666], [8.559660000000001, 57.47472666666667], [8.412316666666666, 57.4131], [8.26205, 57.34933], [8.114303333333334, 57.29355666666667], [7.996448333333333, 57.23134666666667], [7.921341666666667, 57.14848333333334], [7.843085, 57.061951666666666], [7.769006666666667, 56.98126833333333], [7.690353333333333, 56.900065000000005]]}, "properties": {"label": "CHIBA", "mmsi": "352002692", "imo": "9349631", "name": "CHIBA", "shiptype": "", "first_seen_utc": "2026-01-04T05:15:21Z", "last_seen_utc": "2026-01-12T02:33:45Z", "destination": "ALIAGA FOR ORDERS", "eta": "{'Day': 27, 'Hour': 23, 'Minute': 0, 'Month': 1}", "display": "", "links": "<a href=\"https://www.vesselfinder.com/vessels?name=9349631\" target=\"_blank\" rel=\"noopener\">VesselFinder</a> | <a href=\"https://www.marinetraffic.com/en/ais/search/all?keyword=9349631\" target=\"_blank\" rel=\"noopener\">MarineTraffic</a>", "vf_url": "https://www.vesselfinder.com/vessels?name=9349631", "mst_url": "https://www.marinetraffic.com/en/ais/search/all?keyword=9349631", "method": "v3_2pass_track3d_fromru10d", "ru_seen_in_lookback": true, "in_monitor_on_day": true}}, {"type": "Feature", "geometry": {"type": "Point", "coordinates": [7.690353333333333, 56.900065000000005]}, "properties": {"label": "CHIBA", "mmsi": "352002692", "imo": "9349631", "name": "CHIBA", "shiptype": "", "first_seen_utc": "2026-01-04T05:15:21Z", "last_seen_utc": "2026-01-12T02:33:45Z", "destination": "ALIAGA FOR ORDERS", "eta": "{'Day': 27, 'Hour': 23, 'Minute': 0, 'Month': 1}", "display": "CHIBA (352002692)", "links": "<a href=\"https://www.vesselfinder.com/vessels?name=9349631\" target=\"_blank\" rel=\"noopener\">VesselFinder</a> | <a href=\"https://www.marinetraffic.com/en/ais/search/all?keyword=9349631\" target=\"_blank\" rel=\"noopener\">MarineTraffic</a>", "vf_url": "https://www.vesselfinder.com/vessels?name=9349631", "mst_url": "https://www.marinetraffic.com/en/ais/search/all?keyword=9349631", "method": "v3_2pass_track3d_fromru10d", "ru_seen_in_lookback": true, "in_monitor_on_day": true}}, {"type": "Feature", "geometry": {"type": "LineString", "coordinates": [[15.597856666666667, 55.677845000000005], [15.424115, 55.659375], [15.241073333333333, 55.62830833333333], [15.073448333333333, 55.58388166666667], [14.901283333333334, 55.53121833333333], [14.735095, 55.48386333333334], [14.576481666666666, 55.42955833333333], [14.428406666666666, 55.32505166666667], [12.465056666666667, 54.675650000000005], [12.328706666666667, 54.62196166666667], [12.238195, 54.54558], [12.185783333333335, 54.45223166666666], [12.042173333333333, 54.42641833333333], [11.882928333333332, 54.42830333333333], [11.727288333333332, 54.446355000000004], [11.578211666666666, 54.48741], [11.424588333333332, 54.52981333333333], [11.264856666666667, 54.57373833333334], [11.1067, 54.60030833333334], [10.957133333333333, 54.614760000000004], [10.860896666666667, 54.64304], [10.777883333333333, 54.68204166666667], [10.794785, 54.756861666666666], [10.837186666666666, 54.844415000000005], [10.905035, 54.94571833333334], [10.994128333333332, 55.029313333333334], [10.990173333333333, 55.127673333333334], [11.094611666666667, 55.20104166666667], [11.050456666666665, 55.29867166666667], [10.871778333333333, 55.51577833333333], [10.802668333333335, 55.613506666666666], [10.800655, 55.716585], [10.827866666666667, 55.82322], [10.944619999999999, 55.909683333333334]]}, "properties": {"label": "ACACIA", "mmsi": "538009124", "imo": "9597642", "name": "ACACIA", "shiptype": "", "first_seen_utc": "2026-01-04T05:28:29Z", "last_seen_utc": "2026-01-12T09:58:14Z", "destination": "CISPY", "eta": "{'Day': 25, 'Hour': 12, 'Minute': 0, 'Month': 1}", "display": "", "links": "<a href=\"https://www.vesselfinder.com/vessels?name=9597642\" target=\"_blank\" rel=\"noopener\">VesselFinder</a> | <a href=\"https://www.marinetraffic.com/en/ais/search/all?keyword=9597642\" target=\"_blank\" rel=\"noopener\">MarineTraffic</a>", "vf_url": "https://www.vesselfinder.com/vessels?name=9597642", "mst_url": "https://www.marinetraffic.com/en/ais/search/all?keyword=9597642", "method": "v3_2pass_track3d_fromru10d", "ru_seen_in_lookback": true, "in_monitor_on_day": true}}, {"type": "Feature", "geometry": {"type": "Point", "coordinates": [10.944619999999999, 55.909683333333334]}, "properties": {"label": "ACACIA", "mmsi": "538009124", "imo": "9597642", "name": "ACACIA", "shiptype": "", "first_seen_utc": "2026-01-04T05:28:29Z", "last_seen_utc": "2026-01-12T09:58:14Z", "destination": "CISPY", "eta": "{'Day': 25, 'Hour': 12, 'Minute': 0, 'Month': 1}", "display": "ACACIA (538009124)", "links": "<a href=\"https://www.vesselfinder.com/vessels?name=9597642\" target=\"_blank\" rel=\"noopener\">VesselFinder</a> | <a href=\"https://www.marinetraffic.com/en/ais/search/all?keyword=9597642\" target=\"_blank\" rel=\"noopener\">MarineTraffic</a>", "vf_url": "https://www.vesselfinder.com/vessels?name=9597642", "mst_url": "https://www.marinetraffic.com/en/ais/search/all?keyword=9597642", "method": "v3_2pass_track3d_fromru10d", "ru_seen_in_lookback": true, "in_monitor_on_day": true}}, {"type": "Feature", "geometry": {"type": "LineString", "coordinates": [[19.953575, 54.833870000000005], [19.098383333333334, 54.78863333333334], [19.67814333333333, 54.701706666666674], [19.815996666666667, 54.871626666666664], [19.060611666666667, 54.59654333333334], [19.012485, 54.53763166666667], [18.961861666666668, 54.477446666666665], [18.890086666666665, 54.435605], [18.815498333333334, 54.43663333333333], [18.81685333333333, 54.437913333333334], [18.84288666666667, 54.45424166666667], [18.854425, 54.45890333333333], [18.889461666666666, 54.48598833333333], [18.918006666666667, 54.497323333333334], [18.915785000000003, 54.494733333333336], [18.914963333333333, 54.483916666666666], [18.900598333333335, 54.49299666666666], [18.91504666666667, 54.48757833333333], [18.921315, 54.489578333333334], [18.92751666666667, 54.490336666666664], [18.916735000000003, 54.507508333333334], [18.92004166666667, 54.49402666666666], [18.94212, 54.50705833333333], [18.945225, 54.51520333333334], [18.938586666666666, 54.529334999999996], [18.937633333333334, 54.522664999999996], [18.932595, 54.51257833333333], [18.938229999999997, 54.52498166666667], [18.936141666666668, 54.52981666666667], [18.94184166666667, 54.52296333333334], [18.93428833333333, 54.53332666666667], [18.935121666666664, 54.530091666666664], [18.936606666666666, 54.53288166666667], [18.935043333333333, 54.51934000000001], [18.938045, 54.508065], [18.926503333333336, 54.52276666666667], [18.920851666666668, 54.51153], [18.916953333333332, 54.49963], [18.91804, 54.48824166666667], [18.919818333333335, 54.477755], [18.920045000000002, 54.48749166666666], [18.928414999999998, 54.50440833333334], [18.92720166666667, 54.49539333333333], [18.926769999999998, 54.48521], [18.927836666666668, 54.489979999999996], [18.916553333333333, 54.52212833333333], [18.908588333333334, 54.549555000000005], [18.903871666666664, 54.559938333333335], [18.90902833333333, 54.56090833333334], [18.914358333333332, 54.546553333333335], [18.914755, 54.53043666666667], [18.915703333333333, 54.514315], [18.917933333333334, 54.498643333333334], [18.916976666666667, 54.482951666666665], [18.915415, 54.50663333333333], [18.916391666666666, 54.51618166666666], [18.921498333333332, 54.50055833333333], [18.92972, 54.48533], [18.919536666666666, 54.518341666666664], [18.914616666666667, 54.55235166666667], [18.920378333333336, 54.544351666666664], [18.92477166666667, 54.52999833333333], [18.927255, 54.51612166666666], [18.931898333333333, 54.502395], [18.939325, 54.48827000000001], [18.939559999999997, 54.504061666666665], [18.93341, 54.53122333333333], [18.934851666666667, 54.522391666666664], [18.938446666666668, 54.51470166666666], [18.907228333333332, 54.442069999999994], [18.798461666666665, 54.41758166666667], [18.720396666666666, 54.38996833333333], [18.72047, 54.388349999999996], [18.720436666666668, 54.38836], [18.720411666666667, 54.388299999999994], [18.72055, 54.388378333333335], [18.720478333333332, 54.38836333333334], [18.720433333333336, 54.388466666666666], [18.72045166666667, 54.38834666666666], [18.720468333333333, 54.388373333333334], [18.720518333333334, 54.38834833333333], [18.720444999999998, 54.38834333333333], [18.720450000000003, 54.38838833333333], [18.720489999999998, 54.38841], [18.720483333333334, 54.38834], [18.720471666666665, 54.38836166666667], [18.720489999999998, 54.38838833333333], [18.720468333333333, 54.388331666666666], [18.720433333333336, 54.388425], [18.720475, 54.38839333333333], [18.720491666666664, 54.38838833333333], [18.720471666666665, 54.388331666666666], [18.72044833333333, 54.388310000000004], [18.72049333333333, 54.388326666666664], [18.720485, 54.388349999999996], [18.720480000000002, 54.38835166666667], [18.720431666666666, 54.388376666666666], [18.720444999999998, 54.388405], [18.720444999999998, 54.38835166666667], [18.720483333333334, 54.38838166666667], [18.720450000000003, 54.38836166666667]]}, "properties": {"label": "NORDIC ISTRIA", "mmsi": "255806452", "imo": "9474383", "name": "NORDIC ISTRIA", "shiptype": "", "first_seen_utc": "2026-01-04T05:47:37Z", "last_seen_utc": "2026-01-12T15:40:29Z", "destination": "PLGDN", "eta": "{'Day': 10, 'Hour': 18, 'Minute': 0, 'Month': 1}", "display": "", "links": "<a href=\"https://www.vesselfinder.com/vessels?name=9474383\" target=\"_blank\" rel=\"noopener\">VesselFinder</a> | <a href=\"https://www.marinetraffic.com/en/ais/search/all?keyword=9474383\" target=\"_blank\" rel=\"noopener\">MarineTraffic</a>", "vf_url": "https://www.vesselfinder.com/vessels?name=9474383", "mst_url": "https://www.marinetraffic.com/en/ais/search/all?keyword=9474383", "method": "v3_2pass_track3d_fromru10d", "ru_seen_in_lookback": true, "in_monitor_on_day": true}}, {"type": "Feature", "geometry": {"type": "Point", "coordinates": [18.720450000000003, 54.38836166666667]}, "properties": {"label": "NORDIC ISTRIA", "mmsi": "255806452", "imo": "9474383", "name": "NORDIC ISTRIA", "shiptype": "", "first_seen_utc": "2026-01-04T05:47:37Z", "last_seen_utc": "2026-01-12T15:40:29Z", "destination": "PLGDN", "eta": "{'Day': 10, 'Hour': 18, 'Minute': 0, 'Month': 1}", "display": "NORDIC ISTRIA (255806452)", "links": "<a href=\"https://www.vesselfinder.com/vessels?name=9474383\" target=\"_blank\" rel=\"noopener\">VesselFinder</a> | <a href=\"https://www.marinetraffic.com/en/ais/search/all?keyword=9474383\" target=\"_blank\" rel=\"noopener\">MarineTraffic</a>", "vf_url": "https://www.vesselfinder.com/vessels?name=9474383", "mst_url": "https://www.marinetraffic.com/en/ais/search/all?keyword=9474383", "method": "v3_2pass_track3d_fromru10d", "ru_seen_in_lookback": true, "in_monitor_on_day": true}}, {"type": "Feature", "geometry": {"type": "LineString", "coordinates": [[15.412478333333333, 55.684635], [15.17612, 55.60881333333334], [14.948671666666666, 55.539878333333334], [14.583941666666668, 55.42730166666667], [14.419798333333334, 55.31646166666667], [12.198151666666666, 54.46524333333333], [11.976633333333332, 54.44368166666666], [11.734476666666666, 54.45939], [11.502569999999999, 54.51369833333333], [11.270658333333333, 54.57362833333333], [11.031839999999999, 54.59890166666666], [10.805835, 54.687871666666666], [10.838168333333334, 54.82828166666666], [10.943088333333332, 54.966276666666666], [10.986601666666667, 55.109966666666665], [11.092511666666667, 55.207076666666666], [11.040731666666666, 55.36658333333333], [10.900888333333334, 55.49523], [10.795146666666666, 55.635646666666666], [10.814585, 55.78561166666667], [10.956568333333333, 55.918135], [10.494606666666666, 57.85423333333333], [10.222903333333333, 57.85407333333333], [9.896625, 57.79119]]}, "properties": {"label": "MSC AMY", "mmsi": "255806081", "imo": "9242651", "name": "MSC AMY", "shiptype": "", "first_seen_utc": "2026-01-04T07:07:12Z", "last_seen_utc": "2026-01-12T13:43:39Z", "destination": "ANTWERP", "eta": "{'Day': 13, 'Hour': 23, 'Minute': 0, 'Month': 1}", "display": "", "links": "<a href=\"https://www.vesselfinder.com/vessels?name=9242651\" target=\"_blank\" rel=\"noopener\">VesselFinder</a> | <a href=\"https://www.marinetraffic.com/en/ais/search/all?keyword=9242651\" target=\"_blank\" rel=\"noopener\">MarineTraffic</a>", "vf_url": "https://www.vesselfinder.com/vessels?name=9242651", "mst_url": "https://www.marinetraffic.com/en/ais/search/all?keyword=9242651", "method": "v3_2pass_track3d_fromru10d", "ru_seen_in_lookback": true, "in_monitor_on_day": true}}, {"type": "Feature", "geometry": {"type": "Point", "coordinates": [9.896625, 57.79119]}, "properties": {"label": "MSC AMY", "mmsi": "255806081", "imo": "9242651", "name": "MSC AMY", "shiptype": "", "first_seen_utc": "2026-01-04T07:07:12Z", "last_seen_utc": "2026-01-12T13:43:39Z", "destination": "ANTWERP", "eta": "{'Day': 13, 'Hour': 23, 'Minute': 0, 'Month': 1}", "display": "MSC AMY (255806081)", "links": "<a href=\"https://www.vesselfinder.com/vessels?name=9242651\" target=\"_blank\" rel=\"noopener\">VesselFinder</a> | <a href=\"https://www.marinetraffic.com/en/ais/search/all?keyword=9242651\" target=\"_blank\" rel=\"noopener\">MarineTraffic</a>", "vf_url": "https://www.vesselfinder.com/vessels?name=9242651", "mst_url": "https://www.marinetraffic.com/en/ais/search/all?keyword=9242651", "method": "v3_2pass_track3d_fromru10d", "ru_seen_in_lookback": true, "in_monitor_on_day": true}}, {"type": "Feature", "geometry": {"type": "LineString", "coordinates": [[10.431575, 57.84793166666667], [10.237463333333332, 57.84060833333333], [10.035056666666666, 57.833515000000006], [9.845256666666668, 57.827565], [9.657118333333333, 57.818756666666665], [9.511546666666668, 57.78480833333333], [9.325316666666668, 57.71696166666666], [9.06091, 57.62629166666667], [8.90554, 57.569118333333336], [8.750671666666667, 57.51643166666667], [8.588426666666667, 57.458978333333334], [3.345721666666667, 53.082436666666666], [3.0623383333333334, 52.69084833333333], [2.139815, 51.58517333333334], [2.046558333333333, 51.52215833333333], [1.967185, 51.45567833333334], [1.8939316666666668, 51.38538833333334], [1.84126, 51.310845], [1.7799683333333334, 51.238935], [1.6937316666666669, 51.181976666666664]]}, "properties": {"label": "EUROINTEGRITY", "mmsi": "636018917", "imo": "9410648", "name": "EUROINTEGRITY", "shiptype": "", "first_seen_utc": "2026-01-04T09:12:07Z", "last_seen_utc": "2026-01-12T16:01:12Z", "destination": "EG PSD", "eta": "{'Day': 23, 'Hour': 19, 'Minute': 0, 'Month': 2}", "display": "", "links": "<a href=\"https://www.vesselfinder.com/vessels?name=9410648\" target=\"_blank\" rel=\"noopener\">VesselFinder</a> | <a href=\"https://www.marinetraffic.com/en/ais/search/all?keyword=9410648\" target=\"_blank\" rel=\"noopener\">MarineTraffic</a>", "vf_url": "https://www.vesselfinder.com/vessels?name=9410648", "mst_url": "https://www.marinetraffic.com/en/ais/search/all?keyword=9410648", "method": "v3_2pass_track3d_fromru10d", "ru_seen_in_lookback": true, "in_monitor_on_day": true}}, {"type": "Feature", "geometry": {"type": "Point", "coordinates": [1.6937316666666669, 51.181976666666664]}, "properties": {"label": "EUROINTEGRITY", "mmsi": "636018917", "imo": "9410648", "name": "EUROINTEGRITY", "shiptype": "", "first_seen_utc": "2026-01-04T09:12:07Z", "last_seen_utc": "2026-01-12T16:01:12Z", "destination": "EG PSD", "eta": "{'Day': 23, 'Hour': 19, 'Minute': 0, 'Month': 2}", "display": "EUROINTEGRITY (636018917)", "links": "<a href=\"https://www.vesselfinder.com/vessels?name=9410648\" target=\"_blank\" rel=\"noopener\">VesselFinder</a> | <a href=\"https://www.marinetraffic.com/en/ais/search/all?keyword=9410648\" target=\"_blank\" rel=\"noopener\">MarineTraffic</a>", "vf_url": "https://www.vesselfinder.com/vessels?name=9410648", "mst_url": "https://www.marinetraffic.com/en/ais/search/all?keyword=9410648", "method": "v3_2pass_track3d_fromru10d", "ru_seen_in_lookback": true, "in_monitor_on_day": true}}, {"type": "Feature", "geometry": {"type": "LineString", "coordinates": [[3.4572933333333333, 53.30081499999999], [3.170603333333333, 52.830506666666665], [2.6230666666666664, 51.97589166666667], [2.051041666666667, 51.53545833333333], [1.91287, 51.44381], [1.82654, 51.340475], [1.761425, 51.233225], [1.646245, 51.15562166666667], [1.5148866666666665, 51.09252], [-0.48706333333333335, 50.50486333333333], [-0.6114983333333334, 50.49599833333333], [-0.7276533333333333, 50.48826833333333], [-0.8517533333333334, 50.47577666666667], [-0.9774983333333334, 50.46129166666666], [-1.4909483333333333, 50.398514999999996], [-1.7794750000000001, 50.372409999999995], [-1.92139, 50.354935], [-2.3738099999999998, 50.345425], [-2.204588333333333, 50.367203333333336], [-2.064365, 50.38367], [-1.9085666666666665, 50.398873333333334], [-1.7425566666666665, 50.4145], [-1.565585, 50.431695], [-1.382005, 50.45055333333333], [-1.2006483333333333, 50.466923333333334], [-1.049215, 50.52675], [-0.9768116666666666, 50.61928833333333], [-1.0025516666666667, 50.71673666666666], [-1.2242783333333334, 50.764246666666665], [-1.3254516666666667, 50.842636666666664], [-1.4122383333333335, 50.89322666666667], [-1.4207266666666667, 50.893431666666665], [-1.4207216666666667, 50.893413333333335], [-1.4207633333333334, 50.89342333333333], [-1.4207383333333332, 50.89341833333334], [-1.4207083333333335, 50.89341666666667], [-1.4207466666666666, 50.89339333333333], [-1.4207366666666668, 50.89342666666666], [-1.4206916666666667, 50.893425], [-1.4206833333333333, 50.893413333333335], [-1.4207183333333333, 50.893415], [-1.4207166666666666, 50.89340333333334], [-1.4207416666666668, 50.89340833333333], [-1.4207500000000002, 50.893391666666666], [-1.4207283333333334, 50.89345333333333], [-1.4207216666666667, 50.893411666666665], [-1.4206866666666669, 50.89338333333333], [-1.4207299999999998, 50.893413333333335], [-1.4207133333333333, 50.89342166666667], [-1.4207299999999998, 50.89339]]}, "properties": {"label": "EDDYSTONE", "mmsi": "235507000", "imo": "9234070", "name": "EDDYSTONE", "shiptype": "", "first_seen_utc": "2026-01-04T11:32:15Z", "last_seen_utc": "2026-01-12T15:55:52Z", "destination": "GB SOU", "eta": "{'Day': 12, 'Hour': 4, 'Minute': 15, 'Month': 1}", "display": "", "links": "<a href=\"https://www.vesselfinder.com/vessels?name=9234070\" target=\"_blank\" rel=\"noopener\">VesselFinder</a> | <a href=\"https://www.marinetraffic.com/en/ais/search/all?keyword=9234070\" target=\"_blank\" rel=\"noopener\">MarineTraffic</a>", "vf_url": "https://www.vesselfinder.com/vessels?name=9234070", "mst_url": "https://www.marinetraffic.com/en/ais/search/all?keyword=9234070", "method": "v3_2pass_track3d_fromru10d", "ru_seen_in_lookback": true, "in_monitor_on_day": true}}, {"type": "Feature", "geometry": {"type": "Point", "coordinates": [-1.4207299999999998, 50.89339]}, "properties": {"label": "EDDYSTONE", "mmsi": "235507000", "imo": "9234070", "name": "EDDYSTONE", "shiptype": "", "first_seen_utc": "2026-01-04T11:32:15Z", "last_seen_utc": "2026-01-12T15:55:52Z", "destination": "GB SOU", "eta": "{'Day': 12, 'Hour': 4, 'Minute': 15, 'Month': 1}", "display": "EDDYSTONE (235507000)", "links": "<a href=\"https://www.vesselfinder.com/vessels?name=9234070\" target=\"_blank\" rel=\"noopener\">VesselFinder</a> | <a href=\"https://www.marinetraffic.com/en/ais/search/all?keyword=9234070\" target=\"_blank\" rel=\"noopener\">MarineTraffic</a>", "vf_url": "https://www.vesselfinder.com/vessels?name=9234070", "mst_url": "https://www.marinetraffic.com/en/ais/search/all?keyword=9234070", "method": "v3_2pass_track3d_fromru10d", "ru_seen_in_lookback": true, "in_monitor_on_day": true}}, {"type": "Feature", "geometry": {"type": "LineString", "coordinates": [[18.666461666666667, 54.386565000000004], [18.66645833333333, 54.38657333333333], [18.66646666666667, 54.38657166666667], [18.66644, 54.38657333333333], [18.66647, 54.386583333333334], [18.666453333333333, 54.38654666666666], [18.666456666666665, 54.38656666666667], [18.666456666666665, 54.38655166666667], [18.666446666666666, 54.38655000000001], [18.666465000000002, 54.386583333333334], [18.666461666666667, 54.386555], [18.666453333333333, 54.38657666666666], [18.666435, 54.38655833333333], [18.666441666666667, 54.38656833333334], [18.66647, 54.38656], [18.666453333333333, 54.38655666666667], [18.66645, 54.386541666666666], [18.666448333333335, 54.386583333333334], [18.666448333333335, 54.38654666666666], [18.666455, 54.38656666666667], [18.666448333333335, 54.386538333333334], [18.666491666666666, 54.386545], [18.666475, 54.386575], [18.666465000000002, 54.386575], [18.666453333333333, 54.38657], [18.666433333333334, 54.386565000000004], [18.666445, 54.38657833333333], [18.666436666666666, 54.386561666666665], [18.666465000000002, 54.386583333333334], [18.66642166666667, 54.386586666666666], [18.666456666666665, 54.38657], [18.66645, 54.386523333333336], [18.666448333333335, 54.38657333333333], [18.666436666666666, 54.38656666666667], [18.666436666666666, 54.38655166666667], [18.666443333333333, 54.38656], [18.666456666666665, 54.386563333333335], [18.666478333333334, 54.38654833333333], [18.666463333333336, 54.38656833333334], [18.666448333333335, 54.38657333333333], [18.666456666666665, 54.38657166666667], [18.666443333333333, 54.38655666666667], [18.666463333333336, 54.38653333333333], [18.666461666666667, 54.38656833333334], [18.666465000000002, 54.38655000000001], [18.666476666666664, 54.386538333333334], [18.66645833333333, 54.38654], [18.666463333333336, 54.38656833333334], [18.666443333333333, 54.38655000000001], [18.66645, 54.38655000000001], [18.66644, 54.38656666666667], [18.66645833333333, 54.38654833333333], [18.666465000000002, 54.38655666666667], [18.66647, 54.38653166666666], [18.666445, 54.386545], [18.666436666666666, 54.38655833333333], [18.666453333333333, 54.38656833333334], [18.666456666666665, 54.38655166666667], [18.66645, 54.386585], [18.666461666666667, 54.38656], [18.666448333333335, 54.38656], [18.666425, 54.386561666666665], [18.666433333333334, 54.38656], [18.66643, 54.38659833333334], [18.66643, 54.38656666666667], [18.666438333333335, 54.38657166666667], [18.666446666666666, 54.38655833333333], [18.666451666666667, 54.38655333333334], [18.666453333333333, 54.38655666666667], [18.666445, 54.38655166666667], [18.66646666666667, 54.386585], [18.666428333333332, 54.38656833333334], [18.666453333333333, 54.38655666666667], [18.666456666666665, 54.386561666666665], [18.666461666666667, 54.38655833333333], [18.666453333333333, 54.38656], [18.666463333333336, 54.38655666666667], [18.666443333333333, 54.386555], [18.666451666666667, 54.38657166666667], [18.666441666666667, 54.386555], [18.666431666666664, 54.386563333333335], [18.666468333333334, 54.386545], [18.666451666666667, 54.386563333333335], [18.666465000000002, 54.38656666666667], [18.66645833333333, 54.38656833333334], [18.66647, 54.38657], [18.666448333333335, 54.38654333333333], [18.666459999999997, 54.386555], [18.666455, 54.386555], [18.666461666666667, 54.38657833333333], [18.666448333333335, 54.38656833333334], [18.666463333333336, 54.386563333333335], [18.666453333333333, 54.38656833333334], [18.66645833333333, 54.38655000000001], [18.666425, 54.38655333333334], [18.666451666666667, 54.38655833333333], [18.666446666666666, 54.38656666666667], [18.66644, 54.386536666666665], [18.666438333333335, 54.38655333333334], [18.666448333333335, 54.386541666666666], [18.666428333333332, 54.38656833333334], [18.666456666666665, 54.38656833333334], [18.666456666666665, 54.386536666666665], [18.66647, 54.386561666666665], [18.666441666666667, 54.38657166666667], [18.666438333333335, 54.386555], [18.666459999999997, 54.38654], [18.666445, 54.38656], [18.666443333333333, 54.386563333333335], [18.666441666666667, 54.386561666666665], [18.666425, 54.386575], [18.666448333333335, 54.38655833333333], [18.669359999999998, 54.38990833333333], [18.657903333333334, 54.41510166666667], [18.741381666666665, 54.484384999999996], [18.866815, 54.562358333333336], [18.963753333333333, 54.652384999999995], [19.02386, 54.750495], [19.024635, 54.85305833333334]]}, "properties": {"label": "ROSTRUM HEDONIST", "mmsi": "636093240", "imo": "9955894", "name": "ROSTRUM HEDONIST", "shiptype": "", "first_seen_utc": "2026-01-04T11:35:19Z", "last_seen_utc": "2026-01-12T14:12:57Z", "destination": "FOR ORDERS", "eta": "{'Day': 12, 'Hour': 12, 'Minute': 0, 'Month': 1}", "display": "", "links": "<a href=\"https://www.vesselfinder.com/vessels?name=9955894\" target=\"_blank\" rel=\"noopener\">VesselFinder</a> | <a href=\"https://www.marinetraffic.com/en/ais/search/all?keyword=9955894\" target=\"_blank\" rel=\"noopener\">MarineTraffic</a>", "vf_url": "https://www.vesselfinder.com/vessels?name=9955894", "mst_url": "https://www.marinetraffic.com/en/ais/search/all?keyword=9955894", "method": "v3_2pass_track3d_fromru10d", "ru_seen_in_lookback": true, "in_monitor_on_day": true}}, {"type": "Feature", "geometry": {"type": "Point", "coordinates": [19.024635, 54.85305833333334]}, "properties": {"label": "ROSTRUM HEDONIST", "mmsi": "636093240", "imo": "9955894", "name": "ROSTRUM HEDONIST", "shiptype": "", "first_seen_utc": "2026-01-04T11:35:19Z", "last_seen_utc": "2026-01-12T14:12:57Z", "destination": "FOR ORDERS", "eta": "{'Day': 12, 'Hour': 12, 'Minute': 0, 'Month': 1}", "display": "ROSTRUM HEDONIST (636093240)", "links": "<a href=\"https://www.vesselfinder.com/vessels?name=9955894\" target=\"_blank\" rel=\"noopener\">VesselFinder</a> | <a href=\"https://www.marinetraffic.com/en/ais/search/all?keyword=9955894\" target=\"_blank\" rel=\"noopener\">MarineTraffic</a>", "vf_url": "https://www.vesselfinder.com/vessels?name=9955894", "mst_url": "https://www.marinetraffic.com/en/ais/search/all?keyword=9955894", "method": "v3_2pass_track3d_fromru10d", "ru_seen_in_lookback": true, "in_monitor_on_day": true}}, {"type": "Feature", "geometry": {"type": "LineString", "coordinates": [[18.711245, 54.388083333333334], [18.711251666666666, 54.388090000000005], [18.711258333333333, 54.388086666666666], [18.711246666666668, 54.388090000000005], [18.71125, 54.388088333333336], [18.71128666666667, 54.38806], [18.711261666666665, 54.388095], [18.71124166666667, 54.388086666666666], [18.71122666666667, 54.38806833333333], [18.711248333333334, 54.388079999999995], [18.711211666666667, 54.388079999999995], [18.71123, 54.38810333333333], [18.71124, 54.388095], [18.711198333333336, 54.38810333333333], [18.711273333333335, 54.38811833333333], [18.71122666666667, 54.388115], [18.71123, 54.388086666666666], [18.711231666666666, 54.388085000000004], [18.71125333333333, 54.388065], [18.711268333333333, 54.38806], [18.71125, 54.38807833333333], [18.711258333333333, 54.38807833333333], [18.711251666666666, 54.388083333333334], [18.711276666666667, 54.38810333333333], [18.711276666666667, 54.388088333333336], [18.711265, 54.38809833333333], [18.711281666666665, 54.38805166666667], [18.711258333333333, 54.38811166666667], [18.711270000000003, 54.38808166666667], [18.71124, 54.3881], [18.71123833333333, 54.388075], [18.711245, 54.388063333333335], [18.71122666666667, 54.388086666666666], [18.711211666666667, 54.388083333333334], [18.711216666666665, 54.38806833333333], [18.71123, 54.388085000000004], [18.711236666666665, 54.38806666666667], [18.71122666666667, 54.388086666666666], [18.711223333333333, 54.388090000000005], [18.71126333333333, 54.388055], [18.711270000000003, 54.38806833333333], [18.711235, 54.388061666666665], [18.711233333333332, 54.388085000000004], [18.71125, 54.388061666666665], [18.71126, 54.388090000000005], [18.711251666666666, 54.38806666666667], [18.711251666666666, 54.388090000000005], [18.711243333333336, 54.388086666666666], [18.711265, 54.388088333333336], [18.711235, 54.388083333333334], [18.711255, 54.388075], [18.711243333333336, 54.388088333333336], [18.711265, 54.388079999999995], [18.71124, 54.388083333333334], [18.71125, 54.38807333333333], [18.711236666666665, 54.38807666666666], [18.711268333333333, 54.388090000000005], [18.711255, 54.38806833333333], [18.711236666666665, 54.388101666666664], [18.711236666666665, 54.38811833333333], [18.711261666666665, 54.38810333333333], [18.71122666666667, 54.388065], [18.71124166666667, 54.388083333333334], [18.711278333333333, 54.388083333333334], [18.71126333333333, 54.38807666666666], [18.71127166666667, 54.3881], [18.711276666666667, 54.38811333333333], [18.71128666666667, 54.38809333333334], [18.711251666666666, 54.388090000000005], [18.711246666666668, 54.388105], [18.711268333333333, 54.388086666666666], [18.711251666666666, 54.388083333333334], [18.711225000000002, 54.388075], [18.711243333333336, 54.388075], [18.711233333333332, 54.388101666666664], [18.711251666666666, 54.388101666666664], [18.71128, 54.388055], [18.711246666666668, 54.388079999999995], [18.711246666666668, 54.388090000000005], [18.71122666666667, 54.38811833333333], [18.711261666666665, 54.38809333333334], [18.711246666666668, 54.388083333333334], [18.711246666666668, 54.38809333333334], [18.711256666666667, 54.38809333333334], [18.711233333333332, 54.388079999999995], [18.711261666666665, 54.388085000000004], [18.711258333333333, 54.38805833333333], [18.711265, 54.38809666666667], [18.71127166666667, 54.38809333333334], [18.711245, 54.38808166666667], [18.71123, 54.388086666666666], [18.71125, 54.38806833333333], [18.711261666666665, 54.388086666666666], [18.71125333333333, 54.388086666666666], [18.71121833333333, 54.38810333333333], [18.71127166666667, 54.388065], [18.711216666666665, 54.38809666666667], [18.71122666666667, 54.38809666666667], [18.71125, 54.388079999999995], [18.711231666666666, 54.38807833333333], [18.711251666666666, 54.388075], [18.71123833333333, 54.38807166666666], [18.71123, 54.38809833333333], [18.71123833333333, 54.388088333333336], [18.71122666666667, 54.38809333333334], [18.711223333333333, 54.38807], [18.711236666666665, 54.388090000000005], [18.711258333333333, 54.38805333333333], [18.711255, 54.38807], [18.711266666666667, 54.388115], [18.735881666666668, 54.40073333333333], [18.877975, 54.423930000000006], [19.032913333333333, 54.50509], [19.10953, 54.64623666666667], [18.973276666666667, 54.779181666666666], [18.75500333333333, 54.87954333333333], [18.518925000000003, 54.98473166666667]]}, "properties": {"label": "OOCL SWEDEN", "mmsi": "477949300", "imo": "9922603", "name": "OOCL SWEDEN", "shiptype": "", "first_seen_utc": "2026-01-04T12:38:32Z", "last_seen_utc": "2026-01-12T14:03:05Z", "destination": "PLGDN>DEWVN", "eta": "{'Day': 14, 'Hour': 14, 'Minute': 5, 'Month': 1}", "display": "", "links": "<a href=\"https://www.vesselfinder.com/vessels?name=9922603\" target=\"_blank\" rel=\"noopener\">VesselFinder</a> | <a href=\"https://www.marinetraffic.com/en/ais/search/all?keyword=9922603\" target=\"_blank\" rel=\"noopener\">MarineTraffic</a>", "vf_url": "https://www.vesselfinder.com/vessels?name=9922603", "mst_url": "https://www.marinetraffic.com/en/ais/search/all?keyword=9922603", "method": "v3_2pass_track3d_fromru10d", "ru_seen_in_lookback": true, "in_monitor_on_day": true}}, {"type": "Feature", "geometry": {"type": "Point", "coordinates": [18.518925000000003, 54.98473166666667]}, "properties": {"label": "OOCL SWEDEN", "mmsi": "477949300", "imo": "9922603", "name": "OOCL SWEDEN", "shiptype": "", "first_seen_utc": "2026-01-04T12:38:32Z", "last_seen_utc": "2026-01-12T14:03:05Z", "destination": "PLGDN>DEWVN", "eta": "{'Day': 14, 'Hour': 14, 'Minute': 5, 'Month': 1}", "display": "OOCL SWEDEN (477949300)", "links": "<a href=\"https://www.vesselfinder.com/vessels?name=9922603\" target=\"_blank\" rel=\"noopener\">VesselFinder</a> | <a href=\"https://www.marinetraffic.com/en/ais/search/all?keyword=9922603\" target=\"_blank\" rel=\"noopener\">MarineTraffic</a>", "vf_url": "https://www.vesselfinder.com/vessels?name=9922603", "mst_url": "https://www.marinetraffic.com/en/ais/search/all?keyword=9922603", "method": "v3_2pass_track3d_fromru10d", "ru_seen_in_lookback": true, "in_monitor_on_day": true}}, {"type": "Feature", "geometry": {"type": "LineString", "coordinates": [[19.065005, 54.90066], [19.038935, 54.84352666666667], [19.008111666666665, 54.784279999999995], [18.975311666666666, 54.72761166666667], [18.934124999999998, 54.670985], [18.891963333333333, 54.614826666666666], [18.833408333333335, 54.565245], [18.766358333333336, 54.51882], [18.704651666666667, 54.47692833333333], [18.671948333333333, 54.456871666666665], [18.671131666666668, 54.45543166666666], [18.671358333333334, 54.455481666666664], [18.671583333333334, 54.45557833333333], [18.67128166666667, 54.455463333333334], [18.671296666666667, 54.45547833333333], [18.671555, 54.45556166666667], [18.671325000000003, 54.45548333333333], [18.67157166666667, 54.45556833333333], [18.6712, 54.45548333333333], [18.67086833333333, 54.45538333333333], [18.666908333333332, 54.44662833333334], [18.661189999999998, 54.40917833333333], [18.670286666666666, 54.390724999999996], [18.66722, 54.38696166666667], [18.66751, 54.38711833333333], [18.667493333333333, 54.38714], [18.667481666666667, 54.38713333333333], [18.667475000000003, 54.38714166666667]]}, "properties": {"label": "RADUGA ALTAIR", "mmsi": "210561000", "imo": "9338773", "name": "RADUGA ALTAIR", "shiptype": "", "first_seen_utc": "2026-01-04T13:48:18Z", "last_seen_utc": "2026-01-12T15:51:05Z", "destination": "PLGDN", "eta": "{'Day': 12, 'Hour': 7, 'Minute': 0, 'Month': 1}", "display": "", "links": "<a href=\"https://www.vesselfinder.com/vessels?name=9338773\" target=\"_blank\" rel=\"noopener\">VesselFinder</a> | <a href=\"https://www.marinetraffic.com/en/ais/search/all?keyword=9338773\" target=\"_blank\" rel=\"noopener\">MarineTraffic</a>", "vf_url": "https://www.vesselfinder.com/vessels?name=9338773", "mst_url": "https://www.marinetraffic.com/en/ais/search/all?keyword=9338773", "method": "v3_2pass_track3d_fromru10d", "ru_seen_in_lookback": true, "in_monitor_on_day": true}}, {"type": "Feature", "geometry": {"type": "Point", "coordinates": [18.667475000000003, 54.38714166666667]}, "properties": {"label": "RADUGA ALTAIR", "mmsi": "210561000", "imo": "9338773", "name": "RADUGA ALTAIR", "shiptype": "", "first_seen_utc": "2026-01-04T13:48:18Z", "last_seen_utc": "2026-01-12T15:51:05Z", "destination": "PLGDN", "eta": "{'Day': 12, 'Hour': 7, 'Minute': 0, 'Month': 1}", "display": "RADUGA ALTAIR (210561000)", "links": "<a href=\"https://www.vesselfinder.com/vessels?name=9338773\" target=\"_blank\" rel=\"noopener\">VesselFinder</a> | <a href=\"https://www.marinetraffic.com/en/ais/search/all?keyword=9338773\" target=\"_blank\" rel=\"noopener\">MarineTraffic</a>", "vf_url": "https://www.vesselfinder.com/vessels?name=9338773", "mst_url": "https://www.marinetraffic.com/en/ais/search/all?keyword=9338773", "method": "v3_2pass_track3d_fromru10d", "ru_seen_in_lookback": true, "in_monitor_on_day": true}}, {"type": "Feature", "geometry": {"type": "LineString", "coordinates": [[8.227131666666667, 57.35189833333333], [8.057095, 57.28505833333334], [3.2451266666666667, 52.90333], [3.1240566666666667, 52.75859333333334], [3.0383349999999996, 52.65484166666667], [2.9625416666666666, 52.563311666666664], [2.63459, 52.171105], [2.136461666666667, 51.587985], [2.0239866666666666, 51.50500666666667], [1.928445, 51.42588833333333], [1.856645, 51.34252], [1.7938699999999999, 51.26381166666667], [1.7170083333333332, 51.199086666666666], [1.6240216666666667, 51.15206], [1.5475616666666667, 51.111290000000004], [1.4825833333333334, 51.06703666666667], [1.4244033333333335, 51.01752666666666], [-0.46561833333333336, 50.426096666666666], [-0.5767433333333333, 50.403890000000004], [-0.6871133333333332, 50.379135], [-0.8066783333333334, 50.351085]]}, "properties": {"label": "SAGA", "mmsi": "248964000", "imo": "9528031", "name": "SAGA", "shiptype": "", "first_seen_utc": "2026-01-04T13:51:51Z", "last_seen_utc": "2026-01-12T05:02:16Z", "destination": "ITTRS", "eta": "{'Day': 22, 'Hour': 1, 'Minute': 0, 'Month': 1}", "display": "", "links": "<a href=\"https://www.vesselfinder.com/vessels?name=9528031\" target=\"_blank\" rel=\"noopener\">VesselFinder</a> | <a href=\"https://www.marinetraffic.com/en/ais/search/all?keyword=9528031\" target=\"_blank\" rel=\"noopener\">MarineTraffic</a>", "vf_url": "https://www.vesselfinder.com/vessels?name=9528031", "mst_url": "https://www.marinetraffic.com/en/ais/search/all?keyword=9528031", "method": "v3_2pass_track3d_fromru10d", "ru_seen_in_lookback": true, "in_monitor_on_day": true}}, {"type": "Feature", "geometry": {"type": "Point", "coordinates": [-0.8066783333333334, 50.351085]}, "properties": {"label": "SAGA", "mmsi": "248964000", "imo": "9528031", "name": "SAGA", "shiptype": "", "first_seen_utc": "2026-01-04T13:51:51Z", "last_seen_utc": "2026-01-12T05:02:16Z", "destination": "ITTRS", "eta": "{'Day': 22, 'Hour': 1, 'Minute': 0, 'Month': 1}", "display": "SAGA (248964000)", "links": "<a href=\"https://www.vesselfinder.com/vessels?name=9528031\" target=\"_blank\" rel=\"noopener\">VesselFinder</a> | <a href=\"https://www.marinetraffic.com/en/ais/search/all?keyword=9528031\" target=\"_blank\" rel=\"noopener\">MarineTraffic</a>", "vf_url": "https://www.vesselfinder.com/vessels?name=9528031", "mst_url": "https://www.marinetraffic.com/en/ais/search/all?keyword=9528031", "method": "v3_2pass_track3d_fromru10d", "ru_seen_in_lookback": true, "in_monitor_on_day": true}}, {"type": "Feature", "geometry": {"type": "LineString", "coordinates": [[10.17548, 57.84036666666667], [9.945218333333335, 57.83452666666667], [9.736478333333334, 57.82917333333333], [9.528561666666667, 57.80980666666667], [9.344051666666667, 57.753886666666666], [9.164878333333332, 57.69804], [8.980178333333333, 57.63912666666667], [8.750986666666668, 57.567993333333334], [8.56386, 57.512640000000005], [8.377065, 57.456633333333336], [8.186770000000001, 57.400639999999996], [7.986251666666666, 57.33938], [7.813566666666667, 57.267320000000005], [7.643831666666667, 57.198499999999996], [7.473198333333333, 57.12888], [2.552655, 51.85207666666667], [2.44829, 51.78274666666667], [2.2920216666666664, 51.684796666666664], [2.2008750000000004, 51.62877666666667], [2.1223083333333332, 51.57671666666667], [2.0582350000000003, 51.52032], [1.9920516666666666, 51.46358333333333], [1.9212966666666667, 51.410423333333334], [1.8687466666666666, 51.350316666666664], [1.8166166666666668, 51.28852666666667], [1.7628433333333333, 51.22920666666666], [1.6852233333333333, 51.180166666666665], [1.6137966666666665, 51.132], [1.51776, 51.07352], [1.4424966666666668, 51.019400000000005], [-0.09255666666666666, 50.48628], [-0.24258333333333332, 50.46422666666667], [-0.39227, 50.438833333333335], [-0.5457183333333333, 50.412263333333335], [-0.6974833333333332, 50.380923333333335], [-0.8730899999999999, 50.347566666666665]]}, "properties": {"label": "PANTHERLIGHT", "mmsi": "249744000", "imo": "9724673", "name": "PANTHERLIGHT", "shiptype": "", "first_seen_utc": "2026-01-04T16:08:51Z", "last_seen_utc": "2026-01-12T09:51:31Z", "destination": "FOR ORDERS", "eta": "{'Day': 16, 'Hour': 3, 'Minute': 0, 'Month': 1}", "display": "", "links": "<a href=\"https://www.vesselfinder.com/vessels?name=9724673\" target=\"_blank\" rel=\"noopener\">VesselFinder</a> | <a href=\"https://www.marinetraffic.com/en/ais/search/all?keyword=9724673\" target=\"_blank\" rel=\"noopener\">MarineTraffic</a>", "vf_url": "https://www.vesselfinder.com/vessels?name=9724673", "mst_url": "https://www.marinetraffic.com/en/ais/search/all?keyword=9724673", "method": "v3_2pass_track3d_fromru10d", "ru_seen_in_lookback": true, "in_monitor_on_day": true}}, {"type": "Feature", "geometry": {"type": "Point", "coordinates": [-0.8730899999999999, 50.347566666666665]}, "properties": {"label": "PANTHERLIGHT", "mmsi": "249744000", "imo": "9724673", "name": "PANTHERLIGHT", "shiptype": "", "first_seen_utc": "2026-01-04T16:08:51Z", "last_seen_utc": "2026-01-12T09:51:31Z", "destination": "FOR ORDERS", "eta": "{'Day': 16, 'Hour': 3, 'Minute': 0, 'Month': 1}", "display": "PANTHERLIGHT (249744000)", "links": "<a href=\"https://www.vesselfinder.com/vessels?name=9724673\" target=\"_blank\" rel=\"noopener\">VesselFinder</a> | <a href=\"https://www.marinetraffic.com/en/ais/search/all?keyword=9724673\" target=\"_blank\" rel=\"noopener\">MarineTraffic</a>", "vf_url": "https://www.vesselfinder.com/vessels?name=9724673", "mst_url": "https://www.marinetraffic.com/en/ais/search/all?keyword=9724673", "method": "v3_2pass_track3d_fromru10d", "ru_seen_in_lookback": true, "in_monitor_on_day": true}}, {"type": "Feature", "geometry": {"type": "LineString", "coordinates": [[15.363275, 55.62368], [15.03773, 55.55085166666667], [14.877911666666668, 55.50547166666667], [14.674703333333333, 55.453671666666665], [14.541983333333333, 55.389091666666666], [14.432513333333333, 55.314420000000005], [14.237388333333334, 55.17919], [12.243783333333333, 54.615163333333335], [12.214683333333333, 54.49972833333334], [12.096601666666666, 54.44458833333333], [11.919713333333334, 54.44331833333333], [11.743838333333334, 54.45], [11.576921666666667, 54.485800000000005], [11.415258333333332, 54.53088666666667], [11.253341666666667, 54.578608333333335], [11.054991666666666, 54.602465], [10.880373333333333, 54.644239999999996], [10.77766, 54.72123166666667], [10.834365, 54.82718333333333], [10.865371666666666, 54.905145], [10.959545, 54.971988333333336], [10.990651666666668, 55.07597833333333], [11.027246666666667, 55.17366666666667], [11.089284999999999, 55.25134], [10.853256666666665, 55.540139999999994], [10.79326, 55.60424], [10.776091666666668, 55.619791666666664], [10.777576666666667, 55.62961], [10.796646666666668, 55.716231666666665], [10.830279999999998, 55.82844166666666], [10.495403333333334, 57.848913333333336], [10.286808333333333, 57.84957], [10.082641666666666, 57.84467333333334], [9.881335, 57.840585000000004], [9.681516666666665, 57.83765833333334], [9.508311666666666, 57.802209999999995], [9.349795, 57.75056], [9.190733333333332, 57.697665], [9.032445, 57.644149999999996], [8.863731666666666, 57.58647166666666], [8.698803333333332, 57.52926166666667], [8.538335, 57.468745], [8.15057, 57.336641666666665], [7.993456666666666, 57.28198333333333], [7.840956666666667, 57.22441666666667]]}, "properties": {"label": "MERONAS", "mmsi": "241800000", "imo": "9934905", "name": "MERONAS", "shiptype": "", "first_seen_utc": "2026-01-04T18:23:09Z", "last_seen_utc": "2026-01-12T06:56:30Z", "destination": "GHTEM", "eta": "{'Day': 27, 'Hour': 7, 'Minute': 0, 'Month': 1}", "display": "", "links": "<a href=\"https://www.vesselfinder.com/vessels?name=9934905\" target=\"_blank\" rel=\"noopener\">VesselFinder</a> | <a href=\"https://www.marinetraffic.com/en/ais/search/all?keyword=9934905\" target=\"_blank\" rel=\"noopener\">MarineTraffic</a>", "vf_url": "https://www.vesselfinder.com/vessels?name=9934905", "mst_url": "https://www.marinetraffic.com/en/ais/search/all?keyword=9934905", "method": "v3_2pass_track3d_fromru10d", "ru_seen_in_lookback": true, "in_monitor_on_day": true}}, {"type": "Feature", "geometry": {"type": "Point", "coordinates": [7.840956666666667, 57.22441666666667]}, "properties": {"label": "MERONAS", "mmsi": "241800000", "imo": "9934905", "name": "MERONAS", "shiptype": "", "first_seen_utc": "2026-01-04T18:23:09Z", "last_seen_utc": "2026-01-12T06:56:30Z", "destination": "GHTEM", "eta": "{'Day': 27, 'Hour': 7, 'Minute': 0, 'Month': 1}", "display": "MERONAS (241800000)", "links": "<a href=\"https://www.vesselfinder.com/vessels?name=9934905\" target=\"_blank\" rel=\"noopener\">VesselFinder</a> | <a href=\"https://www.marinetraffic.com/en/ais/search/all?keyword=9934905\" target=\"_blank\" rel=\"noopener\">MarineTraffic</a>", "vf_url": "https://www.vesselfinder.com/vessels?name=9934905", "mst_url": "https://www.marinetraffic.com/en/ais/search/all?keyword=9934905", "method": "v3_2pass_track3d_fromru10d", "ru_seen_in_lookback": true, "in_monitor_on_day": true}}, {"type": "Feature", "geometry": {"type": "LineString", "coordinates": [[3.167926666666667, 52.81308833333333], [2.6169683333333333, 51.927488333333336], [2.17453, 51.594076666666666], [2.0706599999999997, 51.52633], [1.9796216666666666, 51.456268333333334], [1.9029333333333334, 51.378225], [1.8311983333333333, 51.29793666666667], [1.7624716666666667, 51.22092166666666], [1.6736016666666667, 51.15686], [1.5907266666666666, 51.103155], [1.5149583333333332, 51.05758166666667], [1.4439683333333333, 51.015208333333334], [-0.2830133333333333, 50.46125166666666], [-0.3811716666666667, 50.44096166666667], [-0.47896833333333333, 50.41993], [-0.62642, 50.39220833333333], [-0.7300283333333333, 50.37392333333333], [-0.8342033333333333, 50.353685000000006], [-0.9422266666666667, 50.33126166666667], [-1.0624416666666667, 50.30746666666666]]}, "properties": {"label": "GOLDEN DAY", "mmsi": "538009008", "imo": "9209128", "name": "GOLDEN DAY", "shiptype": "", "first_seen_utc": "2026-01-05T00:23:04Z", "last_seen_utc": "2026-01-12T05:27:18Z", "destination": "TRISK", "eta": "{'Day': 25, 'Hour': 9, 'Minute': 0, 'Month': 1}", "display": "", "links": "<a href=\"https://www.vesselfinder.com/vessels?name=9209128\" target=\"_blank\" rel=\"noopener\">VesselFinder</a> | <a href=\"https://www.marinetraffic.com/en/ais/search/all?keyword=9209128\" target=\"_blank\" rel=\"noopener\">MarineTraffic</a>", "vf_url": "https://www.vesselfinder.com/vessels?name=9209128", "mst_url": "https://www.marinetraffic.com/en/ais/search/all?keyword=9209128", "method": "v3_2pass_track3d_fromru10d", "ru_seen_in_lookback": true, "in_monitor_on_day": true}}, {"type": "Feature", "geometry": {"type": "Point", "coordinates": [-1.0624416666666667, 50.30746666666666]}, "properties": {"label": "GOLDEN DAY", "mmsi": "538009008", "imo": "9209128", "name": "GOLDEN DAY", "shiptype": "", "first_seen_utc": "2026-01-05T00:23:04Z", "last_seen_utc": "2026-01-12T05:27:18Z", "destination": "TRISK", "eta": "{'Day': 25, 'Hour': 9, 'Minute': 0, 'Month': 1}", "display": "GOLDEN DAY (538009008)", "links": "<a href=\"https://www.vesselfinder.com/vessels?name=9209128\" target=\"_blank\" rel=\"noopener\">VesselFinder</a> | <a href=\"https://www.marinetraffic.com/en/ais/search/all?keyword=9209128\" target=\"_blank\" rel=\"noopener\">MarineTraffic</a>", "vf_url": "https://www.vesselfinder.com/vessels?name=9209128", "mst_url": "https://www.marinetraffic.com/en/ais/search/all?keyword=9209128", "method": "v3_2pass_track3d_fromru10d", "ru_seen_in_lookback": true, "in_monitor_on_day": true}}, {"type": "Feature", "geometry": {"type": "LineString", "coordinates": [[18.846983333333334, 54.433683333333335], [18.847171666666668, 54.43351333333333], [18.847241666666665, 54.43348666666667], [18.847205, 54.43349666666666], [18.847271666666664, 54.43343166666667], [18.84735166666667, 54.43340666666666], [18.847483333333333, 54.43333166666666], [18.847421666666666, 54.433275], [18.847103333333333, 54.43345333333333], [18.847523333333335, 54.43325333333333], [18.84727333333333, 54.43329833333333], [18.847518333333333, 54.433236666666666], [18.847728333333336, 54.43313], [18.847555, 54.433165], [18.847591666666666, 54.43313333333333], [18.847725, 54.43314], [18.847649999999998, 54.433144999999996], [18.847583333333333, 54.433143333333334], [18.847843333333334, 54.43305], [18.84787, 54.433054999999996], [18.847998333333333, 54.43294], [18.848475, 54.43280666666667], [18.849351666666667, 54.432426666666665], [18.84892166666667, 54.43536166666667], [18.854210000000002, 54.43980333333333], [18.854213333333334, 54.439656666666664], [18.854225, 54.43946666666667], [18.854598333333335, 54.43929333333333], [18.85403, 54.439274999999995], [18.854748333333337, 54.439058333333335], [18.854415, 54.43885833333333], [18.85445, 54.43841833333333], [18.854211666666668, 54.43827666666667], [18.854486666666666, 54.438071666666666], [18.853571666666667, 54.43781333333333], [18.853851666666667, 54.437598333333334], [18.854218333333332, 54.437641666666664], [18.857368333333334, 54.444285], [18.866531666666667, 54.45679833333334], [18.87433, 54.46646666666666], [18.874155, 54.46821666666666], [18.87535666666667, 54.471430000000005], [18.877506666666665, 54.472213333333336], [18.87931166666667, 54.476], [18.870805, 54.47521], [18.86930166666667, 54.47242333333334], [18.874498333333335, 54.48297166666667], [18.876910000000002, 54.490625], [18.886464999999998, 54.497971666666665], [18.870075, 54.47725333333334], [18.860625000000002, 54.46845666666666], [18.869365000000002, 54.47741], [18.87793, 54.48566666666667], [18.886341666666667, 54.49314833333334], [18.891923333333335, 54.497515], [18.89408166666667, 54.49027], [18.888903333333335, 54.480043333333334], [18.88356, 54.46938], [18.88282, 54.4718], [18.887558333333335, 54.48469166666666], [18.885848333333335, 54.494375], [18.87942333333333, 54.47154166666667], [18.881089999999997, 54.47311666666667], [18.859331666666666, 54.43715666666667], [18.851613333333333, 54.441691666666664], [18.851696666666665, 54.44168166666667], [18.851671666666668, 54.44171166666667], [18.85183333333333, 54.44157166666666], [18.85199833333333, 54.441541666666666], [18.852256666666666, 54.441538333333334], [18.85198666666667, 54.44146], [18.852173333333333, 54.44142333333333], [18.851943333333335, 54.441408333333335], [18.852005000000002, 54.44130166666666], [18.85217, 54.441275000000005], [18.85235833333333, 54.44127833333334], [18.851881666666667, 54.44122], [18.852341666666668, 54.441255], [18.851995, 54.44121833333334], [18.851999999999997, 54.44121333333333], [18.852196666666668, 54.44124166666666], [18.851906666666665, 54.44122166666667], [18.852328333333332, 54.44123333333334], [18.851945, 54.44123666666667], [18.851951666666665, 54.441293333333334], [18.85202, 54.441246666666665], [18.851398333333336, 54.44128], [18.851331666666667, 54.44128333333333], [18.851106666666666, 54.44136833333334], [18.851085, 54.441445], [18.850703333333335, 54.44161666666666], [18.851016666666666, 54.44152666666666], [18.851163333333332, 54.44137333333333], [18.850313333333336, 54.44175833333334], [18.850295000000003, 54.44192833333333], [18.849929999999997, 54.44243166666667], [18.849881666666665, 54.442523333333334], [18.850058333333333, 54.44286], [18.850306666666665, 54.443054999999994], [18.850993333333335, 54.44335], [18.851323333333333, 54.443374999999996], [18.85146, 54.443329999999996], [18.851, 54.44300166666667], [18.849980000000002, 54.442395000000005], [18.850216666666665, 54.44195666666667], [18.85279166666667, 54.44147833333333], [18.852518333333332, 54.44139166666666], [18.852436666666666, 54.44135333333334], [18.852314999999997, 54.44134], [18.85270166666667, 54.441405], [18.85269, 54.441383333333334], [18.852590000000003, 54.441361666666666], [18.852565000000002, 54.44134833333333], [18.85282, 54.441435], [18.852948333333334, 54.44152666666666], [18.853071666666665, 54.441588333333335], [18.85306166666667, 54.44159666666667], [18.853085, 54.441604999999996], [18.853175, 54.44170666666666], [18.85338833333333, 54.441805]]}, "properties": {"label": "DREAM TERRAX", "mmsi": "538008844", "imo": "9875719", "name": "DREAM TERRAX", "shiptype": "", "first_seen_utc": "2026-01-05T02:05:41Z", "last_seen_utc": "2026-01-12T15:35:42Z", "destination": "SE KAN>PL GDN", "eta": "{'Day': 7, 'Hour': 8, 'Minute': 0, 'Month': 1}", "display": "", "links": "<a href=\"https://www.vesselfinder.com/vessels?name=9875719\" target=\"_blank\" rel=\"noopener\">VesselFinder</a> | <a href=\"https://www.marinetraffic.com/en/ais/search/all?keyword=9875719\" target=\"_blank\" rel=\"noopener\">MarineTraffic</a>", "vf_url": "https://www.vesselfinder.com/vessels?name=9875719", "mst_url": "https://www.marinetraffic.com/en/ais/search/all?keyword=9875719", "method": "v3_2pass_track3d_fromru10d", "ru_seen_in_lookback": true, "in_monitor_on_day": true}}, {"type": "Feature", "geometry": {"type": "Point", "coordinates": [18.85338833333333, 54.441805]}, "properties": {"label": "DREAM TERRAX", "mmsi": "538008844", "imo": "9875719", "name": "DREAM TERRAX", "shiptype": "", "first_seen_utc": "2026-01-05T02:05:41Z", "last_seen_utc": "2026-01-12T15:35:42Z", "destination": "SE KAN>PL GDN", "eta": "{'Day': 7, 'Hour': 8, 'Minute': 0, 'Month': 1}", "display": "DREAM TERRAX (538008844)", "links": "<a href=\"https://www.vesselfinder.com/vessels?name=9875719\" target=\"_blank\" rel=\"noopener\">VesselFinder</a> | <a href=\"https://www.marinetraffic.com/en/ais/search/all?keyword=9875719\" target=\"_blank\" rel=\"noopener\">MarineTraffic</a>", "vf_url": "https://www.vesselfinder.com/vessels?name=9875719", "mst_url": "https://www.marinetraffic.com/en/ais/search/all?keyword=9875719", "method": "v3_2pass_track3d_fromru10d", "ru_seen_in_lookback": true, "in_monitor_on_day": true}}, {"type": "Feature", "geometry": {"type": "LineString", "coordinates": [[15.881841666666666, 55.729670000000006], [15.450556666666667, 55.660156666666666], [15.284846666666665, 55.625236666666666], [14.991064999999999, 55.54843], [14.810838333333333, 55.497436666666665], [14.658115, 55.45280666666667], [14.525995, 55.39492333333333], [12.861026666666667, 54.80949666666667], [12.709988333333333, 54.76659333333334], [12.556393333333334, 54.708283333333334], [12.40572, 54.65213333333334], [12.263911666666667, 54.58593], [12.211828333333333, 54.49671333333333], [12.121886666666667, 54.430240000000005], [11.960286666666667, 54.430476666666664], [11.79652, 54.432469999999995], [11.64165, 54.470850000000006], [11.479601666666667, 54.51530666666667], [11.310461666666667, 54.561083333333336], [11.14326, 54.60717666666667], [10.969426666666667, 54.60958666666667], [10.813083333333333, 54.664046666666664], [10.782103333333334, 54.74196], [10.835951666666666, 54.821403333333336], [10.881291666666668, 54.93550666666667], [10.994651666666666, 55.02268], [10.99432, 55.138686666666665], [11.101465, 55.22286], [11.038278333333333, 55.33607666666667], [10.855478333333334, 55.5392], [10.783826666666666, 55.65324], [10.810858333333334, 55.76883], [10.819690000000001, 55.88663666666666]]}, "properties": {"label": "CAPE MAYA", "mmsi": "636022520", "imo": "9248526", "name": "CAPE MAYA", "shiptype": "", "first_seen_utc": "2026-01-05T05:54:57Z", "last_seen_utc": "2026-01-12T15:20:27Z", "destination": "EG PSD", "eta": "{'Day': 27, 'Hour': 12, 'Minute': 5, 'Month': 1}", "display": "", "links": "<a href=\"https://www.vesselfinder.com/vessels?name=9248526\" target=\"_blank\" rel=\"noopener\">VesselFinder</a> | <a href=\"https://www.marinetraffic.com/en/ais/search/all?keyword=9248526\" target=\"_blank\" rel=\"noopener\">MarineTraffic</a>", "vf_url": "https://www.vesselfinder.com/vessels?name=9248526", "mst_url": "https://www.marinetraffic.com/en/ais/search/all?keyword=9248526", "method": "v3_2pass_track3d_fromru10d", "ru_seen_in_lookback": true, "in_monitor_on_day": true}}, {"type": "Feature", "geometry": {"type": "Point", "coordinates": [10.819690000000001, 55.88663666666666]}, "properties": {"label": "CAPE MAYA", "mmsi": "636022520", "imo": "9248526", "name": "CAPE MAYA", "shiptype": "", "first_seen_utc": "2026-01-05T05:54:57Z", "last_seen_utc": "2026-01-12T15:20:27Z", "destination": "EG PSD", "eta": "{'Day': 27, 'Hour': 12, 'Minute': 5, 'Month': 1}", "display": "CAPE MAYA (636022520)", "links": "<a href=\"https://www.vesselfinder.com/vessels?name=9248526\" target=\"_blank\" rel=\"noopener\">VesselFinder</a> | <a href=\"https://www.marinetraffic.com/en/ais/search/all?keyword=9248526\" target=\"_blank\" rel=\"noopener\">MarineTraffic</a>", "vf_url": "https://www.vesselfinder.com/vessels?name=9248526", "mst_url": "https://www.marinetraffic.com/en/ais/search/all?keyword=9248526", "method": "v3_2pass_track3d_fromru10d", "ru_seen_in_lookback": true, "in_monitor_on_day": true}}, {"type": "Feature", "geometry": {"type": "LineString", "coordinates": [[18.801848333333332, 54.60375], [18.801753333333334, 54.60373166666667], [18.877956666666666, 54.58410833333333], [18.993831666666665, 54.619791666666664], [19.035196666666664, 54.67185666666667], [19.01513333333333, 54.644915], [18.971146666666666, 54.64015166666666], [18.938253333333332, 54.645788333333336], [18.922023333333335, 54.66495333333333], [18.906211666666664, 54.68445333333333], [18.895806666666665, 54.708774999999996], [18.862285, 54.71991833333333], [18.843095, 54.734775], [18.883155, 54.71990166666667], [18.92781, 54.705618333333334], [18.957136666666667, 54.68066833333333], [18.978301666666667, 54.65476], [18.985186666666667, 54.63905833333333], [18.990276666666666, 54.63848666666667], [18.89471166666667, 54.604805000000006]]}, "properties": {"label": "HEL-111", "mmsi": "261001870", "imo": "7906021", "name": "HEL-111", "shiptype": "", "first_seen_utc": "2026-01-05T07:57:45Z", "last_seen_utc": "2026-01-12T15:40:52Z", "destination": "HEL", "eta": "{'Day': 12, 'Hour': 17, 'Minute': 30, 'Month': 1}", "display": "", "links": "<a href=\"https://www.vesselfinder.com/vessels?name=7906021\" target=\"_blank\" rel=\"noopener\">VesselFinder</a> | <a href=\"https://www.marinetraffic.com/en/ais/search/all?keyword=7906021\" target=\"_blank\" rel=\"noopener\">MarineTraffic</a>", "vf_url": "https://www.vesselfinder.com/vessels?name=7906021", "mst_url": "https://www.marinetraffic.com/en/ais/search/all?keyword=7906021", "method": "v3_2pass_track3d_fromru10d", "ru_seen_in_lookback": true, "in_monitor_on_day": true}}, {"type": "Feature", "geometry": {"type": "Point", "coordinates": [18.89471166666667, 54.604805000000006]}, "properties": {"label": "HEL-111", "mmsi": "261001870", "imo": "7906021", "name": "HEL-111", "shiptype": "", "first_seen_utc": "2026-01-05T07:57:45Z", "last_seen_utc": "2026-01-12T15:40:52Z", "destination": "HEL", "eta": "{'Day': 12, 'Hour': 17, 'Minute': 30, 'Month': 1}", "display": "HEL-111 (261001870)", "links": "<a href=\"https://www.vesselfinder.com/vessels?name=7906021\" target=\"_blank\" rel=\"noopener\">VesselFinder</a> | <a href=\"https://www.marinetraffic.com/en/ais/search/all?keyword=7906021\" target=\"_blank\" rel=\"noopener\">MarineTraffic</a>", "vf_url": "https://www.vesselfinder.com/vessels?name=7906021", "mst_url": "https://www.marinetraffic.com/en/ais/search/all?keyword=7906021", "method": "v3_2pass_track3d_fromru10d", "ru_seen_in_lookback": true, "in_monitor_on_day": true}}, {"type": "Feature", "geometry": {"type": "LineString", "coordinates": [[18.674768333333336, 54.696254999999994], [18.674766666666667, 54.696281666666664], [18.674764999999997, 54.696299999999994], [18.674736666666668, 54.69628], [18.674743333333332, 54.69630333333334], [18.674725000000002, 54.69627833333333], [18.67471833333333, 54.69629166666667], [18.674778333333332, 54.69629333333333], [18.674719999999997, 54.696266666666666], [18.674746666666667, 54.696284999999996], [18.674758333333333, 54.696281666666664], [18.67477166666667, 54.69629333333333], [18.674788333333332, 54.696311666666666], [18.674753333333335, 54.69627833333333], [18.674753333333335, 54.69630166666666]]}, "properties": {"label": "JAS-74", "mmsi": "261004430", "imo": "", "name": "JAS-74", "shiptype": "", "first_seen_utc": "2026-01-05T08:10:24Z", "last_seen_utc": "2026-01-12T12:05:52Z", "destination": "", "eta": "{'Day': 0, 'Hour': 0, 'Minute': 0, 'Month': 0}", "display": "", "links": "<a href=\"https://www.vesselfinder.com/vessels?name=261004430\" target=\"_blank\" rel=\"noopener\">VesselFinder</a> | <a href=\"https://www.marinetraffic.com/en/ais/search/all?keyword=261004430\" target=\"_blank\" rel=\"noopener\">MarineTraffic</a>", "vf_url": "https://www.vesselfinder.com/vessels?name=261004430", "mst_url": "https://www.marinetraffic.com/en/ais/search/all?keyword=261004430", "method": "v3_2pass_track3d_fromru10d", "ru_seen_in_lookback": true, "in_monitor_on_day": true}}, {"type": "Feature", "geometry": {"type": "Point", "coordinates": [18.674753333333335, 54.69630166666666]}, "properties": {"label": "JAS-74", "mmsi": "261004430", "imo": "", "name": "JAS-74", "shiptype": "", "first_seen_utc": "2026-01-05T08:10:24Z", "last_seen_utc": "2026-01-12T12:05:52Z", "destination": "", "eta": "{'Day': 0, 'Hour': 0, 'Minute': 0, 'Month': 0}", "display": "JAS-74 (261004430)", "links": "<a href=\"https://www.vesselfinder.com/vessels?name=261004430\" target=\"_blank\" rel=\"noopener\">VesselFinder</a> | <a href=\"https://www.marinetraffic.com/en/ais/search/all?keyword=261004430\" target=\"_blank\" rel=\"noopener\">MarineTraffic</a>", "vf_url": "https://www.vesselfinder.com/vessels?name=261004430", "mst_url": "https://www.marinetraffic.com/en/ais/search/all?keyword=261004430", "method": "v3_2pass_track3d_fromru10d", "ru_seen_in_lookback": true, "in_monitor_on_day": true}}, {"type": "Feature", "geometry": {"type": "LineString", "coordinates": [[3.774585, 51.92290166666667], [3.7749716666666666, 51.922673333333336], [3.773823333333333, 51.92311333333334], [3.7735316666666665, 51.92337166666667], [3.7736949999999996, 51.92319333333333], [3.774021666666667, 51.923006666666666], [3.7742533333333332, 51.92292333333333], [3.7739833333333332, 51.92308333333334], [3.7763666666666666, 51.92254666666667], [3.779071666666667, 51.92534], [3.7793616666666665, 51.92450833333333], [3.7757583333333335, 51.92287833333333], [3.775001666666667, 51.922821666666664], [3.774808333333333, 51.92275666666667], [3.7742033333333334, 51.923006666666666], [3.7747183333333334, 51.92274], [3.7744033333333333, 51.92289], [3.774453333333333, 51.92285833333334], [3.7743583333333333, 51.92292], [3.77422, 51.92302166666666], [3.773905, 51.923201666666664], [3.773636666666667, 51.923406666666665], [3.7736566666666667, 51.92342333333333], [3.7734816666666666, 51.92353333333333], [3.77337, 51.924025], [3.7738183333333333, 51.925225], [3.7792833333333333, 51.926], [3.7789516666666665, 51.92610833333333], [3.779305, 51.92583166666667], [3.778383333333333, 51.926246666666664], [3.77753, 51.926410000000004], [3.774331666666667, 51.92526], [3.774245, 51.92472333333333], [3.7741716666666667, 51.924845], [3.7742416666666667, 51.924485], [3.774308333333333, 51.92440833333333], [3.774376666666667, 51.924276666666664], [3.7745183333333334, 51.924125000000004], [3.7744966666666664, 51.92426666666667], [3.7746333333333335, 51.924240000000005], [3.7744783333333336, 51.92443333333333], [3.7743183333333334, 51.924708333333335], [3.7745216666666668, 51.92572666666667], [3.775795, 51.92658666666667], [3.7777083333333334, 51.92666666666666], [3.7782633333333333, 51.92668166666667], [3.7784566666666666, 51.926695], [3.77823, 51.92675666666666], [3.777911666666667, 51.92682], [3.777446666666667, 51.9269], [3.776861666666667, 51.926966666666665], [3.7769633333333332, 51.926975], [3.7768566666666668, 51.927051666666664], [3.776476666666667, 51.927125000000004], [3.7758866666666666, 51.92718333333333], [3.7754, 51.927146666666665], [3.7749433333333333, 51.92715666666666], [3.7745683333333333, 51.92709], [3.7745699999999998, 51.927135], [3.77505, 51.927375], [3.7755099999999997, 51.927495], [3.7762983333333335, 51.927528333333335], [3.77698, 51.927551666666666], [3.7773583333333334, 51.927479999999996], [3.7772783333333333, 51.92751333333333], [3.777233333333333, 51.927533333333336], [3.777353333333333, 51.92749333333334], [3.77724, 51.927530000000004], [3.7767983333333333, 51.92757833333334], [3.77663, 51.927548333333334], [3.7764433333333334, 51.92757666666667], [3.7764816666666667, 51.92756833333333], [3.77673, 51.92757166666667], [3.7764983333333335, 51.927551666666666], [3.776638333333333, 51.92755833333333], [3.7767600000000003, 51.92756833333333], [3.7770099999999998, 51.927545], [3.777216666666667, 51.927533333333336], [3.7775766666666666, 51.92745], [3.7776516666666664, 51.92743666666667], [3.778255, 51.92727333333333], [3.778525, 51.927213333333334], [3.777823333333333, 51.92512333333333], [3.823415, 51.99763666666667], [3.9980683333333333, 51.99655166666666], [4.03837, 51.97185666666667], [3.993365, 51.95223166666666], [3.9908816666666667, 51.95175666666667], [3.9909383333333333, 51.95164666666667], [3.9908966666666665, 51.95164], [3.990908333333333, 51.951685], [3.990845, 51.95164833333333], [3.99092, 51.95165833333333], [3.990998333333333, 51.95175]]}, "properties": {"label": "SVENDBORG", "mmsi": "255805594", "imo": "9454230", "name": "SVENDBORG", "shiptype": "", "first_seen_utc": "2026-01-05T12:46:49Z", "last_seen_utc": "2026-01-12T16:03:28Z", "destination": "PL GDN VIA NOK", "eta": "{'Day': 14, 'Hour': 8, 'Minute': 0, 'Month': 12}", "display": "", "links": "<a href=\"https://www.vesselfinder.com/vessels?name=9454230\" target=\"_blank\" rel=\"noopener\">VesselFinder</a> | <a href=\"https://www.marinetraffic.com/en/ais/search/all?keyword=9454230\" target=\"_blank\" rel=\"noopener\">MarineTraffic</a>", "vf_url": "https://www.vesselfinder.com/vessels?name=9454230", "mst_url": "https://www.marinetraffic.com/en/ais/search/all?keyword=9454230", "method": "v3_2pass_track3d_fromru10d", "ru_seen_in_lookback": true, "in_monitor_on_day": true}}, {"type": "Feature", "geometry": {"type": "Point", "coordinates": [3.990998333333333, 51.95175]}, "properties": {"label": "SVENDBORG", "mmsi": "255805594", "imo": "9454230", "name": "SVENDBORG", "shiptype": "", "first_seen_utc": "2026-01-05T12:46:49Z", "last_seen_utc": "2026-01-12T16:03:28Z", "destination": "PL GDN VIA NOK", "eta": "{'Day': 14, 'Hour': 8, 'Minute': 0, 'Month': 12}", "display": "SVENDBORG (255805594)", "links": "<a href=\"https://www.vesselfinder.com/vessels?name=9454230\" target=\"_blank\" rel=\"noopener\">VesselFinder</a> | <a href=\"https://www.marinetraffic.com/en/ais/search/all?keyword=9454230\" target=\"_blank\" rel=\"noopener\">MarineTraffic</a>", "vf_url": "https://www.vesselfinder.com/vessels?name=9454230", "mst_url": "https://www.marinetraffic.com/en/ais/search/all?keyword=9454230", "method": "v3_2pass_track3d_fromru10d", "ru_seen_in_lookback": true, "in_monitor_on_day": true}}, {"type": "Feature", "geometry": {"type": "LineString", "coordinates": [[15.213316666666666, 55.61275], [15.069899999999999, 55.57516666666667], [14.9327, 55.530483333333336], [14.796, 55.4904], [14.660866666666667, 55.45113333333334], [14.544616666666666, 55.398199999999996], [14.410016666666667, 55.306333333333335], [14.22305, 55.174], [12.482883333333332, 54.67926666666666], [12.36075, 54.63313333333333], [12.2588, 54.57555], [12.210133333333333, 54.493566666666666], [12.123666666666667, 54.43695], [11.980500000000001, 54.43345], [11.836549999999999, 54.4317], [11.700033333333332, 54.455733333333335], [11.57015, 54.495], [11.434883333333334, 54.535], [11.29315, 54.57553333333333], [11.154333333333334, 54.60758333333333], [11.003766666666667, 54.60046666666666], [10.870216666666666, 54.645316666666666], [10.7715, 54.706716666666665], [10.807416666666667, 54.77513333333333], [10.838033333333334, 54.87136666666667], [10.931683333333332, 54.95511666666666], [10.9977, 55.041216666666664], [10.992533333333334, 55.13760166666667], [11.099383333333332, 55.204950000000004], [11.046783333333334, 55.297333333333334], [10.861833333333333, 55.53508333333333], [10.788016666666666, 55.633900000000004], [10.805583333333335, 55.7351], [10.8063, 55.838449999999995], [10.906933333333335, 55.90971666666667], [11.036816666666665, 55.97338333333333]]}, "properties": {"label": "AEOLIAN VICTORY", "mmsi": "538010993", "imo": "9433602", "name": "AEOLIAN VICTORY", "shiptype": "", "first_seen_utc": "2026-01-05T12:49:02Z", "last_seen_utc": "2026-01-12T11:41:27Z", "destination": "CNLYG", "eta": "{'Day': 10, 'Hour': 12, 'Minute': 5, 'Month': 3}", "display": "", "links": "<a href=\"https://www.vesselfinder.com/vessels?name=9433602\" target=\"_blank\" rel=\"noopener\">VesselFinder</a> | <a href=\"https://www.marinetraffic.com/en/ais/search/all?keyword=9433602\" target=\"_blank\" rel=\"noopener\">MarineTraffic</a>", "vf_url": "https://www.vesselfinder.com/vessels?name=9433602", "mst_url": "https://www.marinetraffic.com/en/ais/search/all?keyword=9433602", "method": "v3_2pass_track3d_fromru10d", "ru_seen_in_lookback": true, "in_monitor_on_day": true}}, {"type": "Feature", "geometry": {"type": "Point", "coordinates": [11.036816666666665, 55.97338333333333]}, "properties": {"label": "AEOLIAN VICTORY", "mmsi": "538010993", "imo": "9433602", "name": "AEOLIAN VICTORY", "shiptype": "", "first_seen_utc": "2026-01-05T12:49:02Z", "last_seen_utc": "2026-01-12T11:41:27Z", "destination": "CNLYG", "eta": "{'Day': 10, 'Hour': 12, 'Minute': 5, 'Month': 3}", "display": "AEOLIAN VICTORY (538010993)", "links": "<a href=\"https://www.vesselfinder.com/vessels?name=9433602\" target=\"_blank\" rel=\"noopener\">VesselFinder</a> | <a href=\"https://www.marinetraffic.com/en/ais/search/all?keyword=9433602\" target=\"_blank\" rel=\"noopener\">MarineTraffic</a>", "vf_url": "https://www.vesselfinder.com/vessels?name=9433602", "mst_url": "https://www.marinetraffic.com/en/ais/search/all?keyword=9433602", "method": "v3_2pass_track3d_fromru10d", "ru_seen_in_lookback": true, "in_monitor_on_day": true}}, {"type": "Feature", "geometry": {"type": "LineString", "coordinates": [[9.720996666666668, 57.83967666666667], [9.532575000000001, 57.807775], [9.226844999999999, 57.70213833333333], [8.94799, 57.607690000000005], [8.589493333333333, 57.48726666666666], [4.532538333333333, 53.36199166666667], [4.485406666666666, 53.276740000000004], [4.424506666666667, 53.198495], [2.0447266666666666, 51.514435000000006], [1.9579833333333334, 51.454065], [1.8927633333333334, 51.38511166666667], [1.8294016666666666, 51.310275000000004], [1.7512066666666668, 51.237205], [1.6597066666666669, 51.17105166666667], [1.553555, 51.116705], [1.43486, 51.056536666666666]]}, "properties": {"label": "NH ELIF", "mmsi": "636023138", "imo": "9509255", "name": "NH ELIF", "shiptype": "", "first_seen_utc": "2026-01-05T13:44:05Z", "last_seen_utc": "2026-01-12T13:29:55Z", "destination": "MRNKC NOUAKCHOTT", "eta": "{'Day': 21, 'Hour': 6, 'Minute': 0, 'Month': 1}", "display": "", "links": "<a href=\"https://www.vesselfinder.com/vessels?name=9509255\" target=\"_blank\" rel=\"noopener\">VesselFinder</a> | <a href=\"https://www.marinetraffic.com/en/ais/search/all?keyword=9509255\" target=\"_blank\" rel=\"noopener\">MarineTraffic</a>", "vf_url": "https://www.vesselfinder.com/vessels?name=9509255", "mst_url": "https://www.marinetraffic.com/en/ais/search/all?keyword=9509255", "method": "v3_2pass_track3d_fromru10d", "ru_seen_in_lookback": true, "in_monitor_on_day": true}}, {"type": "Feature", "geometry": {"type": "Point", "coordinates": [1.43486, 51.056536666666666]}, "properties": {"label": "NH ELIF", "mmsi": "636023138", "imo": "9509255", "name": "NH ELIF", "shiptype": "", "first_seen_utc": "2026-01-05T13:44:05Z", "last_seen_utc": "2026-01-12T13:29:55Z", "destination": "MRNKC NOUAKCHOTT", "eta": "{'Day': 21, 'Hour': 6, 'Minute': 0, 'Month': 1}", "display": "NH ELIF (636023138)", "links": "<a href=\"https://www.vesselfinder.com/vessels?name=9509255\" target=\"_blank\" rel=\"noopener\">VesselFinder</a> | <a href=\"https://www.marinetraffic.com/en/ais/search/all?keyword=9509255\" target=\"_blank\" rel=\"noopener\">MarineTraffic</a>", "vf_url": "https://www.vesselfinder.com/vessels?name=9509255", "mst_url": "https://www.marinetraffic.com/en/ais/search/all?keyword=9509255", "method": "v3_2pass_track3d_fromru10d", "ru_seen_in_lookback": true, "in_monitor_on_day": true}}, {"type": "Feature", "geometry": {"type": "LineString", "coordinates": [[11.232023333333332, 54.580295], [11.035338333333334, 54.59892], [10.861411666666667, 54.648485], [10.778295000000002, 54.72900666666667], [10.833926666666667, 54.809803333333335], [10.841331666666667, 54.882781666666666], [10.937098333333333, 54.960415], [10.997643333333334, 55.05422], [11.000835, 55.156931666666665], [11.102015, 55.227605000000004], [11.038101666666668, 55.3241], [10.853143333333332, 55.541255], [10.784324999999999, 55.645496666666666], [10.806586666666668, 55.749361666666665], [10.814175, 55.866771666666665], [10.955533333333333, 55.925165], [10.494908333333333, 57.851715], [10.283503333333334, 57.84724666666667], [10.083506666666667, 57.842578333333336], [9.876916666666666, 57.836911666666666], [9.691968333333334, 57.835875], [9.520636666666666, 57.82281], [9.360933333333332, 57.787850000000006], [9.190531666666667, 57.74342], [9.020183333333334, 57.70184], [8.842438333333332, 57.660441666666664], [8.671441666666668, 57.612878333333335], [8.50855, 57.56767333333333], [8.341751666666667, 57.52179666666667], [8.16665, 57.47424], [7.98407, 57.42480333333333], [7.79924, 57.37654166666667], [7.625235, 57.329725], [7.498515, 57.258158333333334], [7.41041, 57.169383333333336], [7.32206, 57.080385], [3.472135, 53.32081], [3.422543333333333, 53.22909]]}, "properties": {"label": "OLYMPIC FIGHTER", "mmsi": "538007511", "imo": "9745263", "name": "OLYMPIC FIGHTER", "shiptype": "", "first_seen_utc": "2026-01-05T14:52:33Z", "last_seen_utc": "2026-01-12T10:07:36Z", "destination": "EGPSD", "eta": "{'Day': 24, 'Hour': 5, 'Minute': 0, 'Month': 1}", "display": "", "links": "<a href=\"https://www.vesselfinder.com/vessels?name=9745263\" target=\"_blank\" rel=\"noopener\">VesselFinder</a> | <a href=\"https://www.marinetraffic.com/en/ais/search/all?keyword=9745263\" target=\"_blank\" rel=\"noopener\">MarineTraffic</a>", "vf_url": "https://www.vesselfinder.com/vessels?name=9745263", "mst_url": "https://www.marinetraffic.com/en/ais/search/all?keyword=9745263", "method": "v3_2pass_track3d_fromru10d", "ru_seen_in_lookback": true, "in_monitor_on_day": true}}, {"type": "Feature", "geometry": {"type": "Point", "coordinates": [3.422543333333333, 53.22909]}, "properties": {"label": "OLYMPIC FIGHTER", "mmsi": "538007511", "imo": "9745263", "name": "OLYMPIC FIGHTER", "shiptype": "", "first_seen_utc": "2026-01-05T14:52:33Z", "last_seen_utc": "2026-01-12T10:07:36Z", "destination": "EGPSD", "eta": "{'Day': 24, 'Hour': 5, 'Minute': 0, 'Month': 1}", "display": "OLYMPIC FIGHTER (538007511)", "links": "<a href=\"https://www.vesselfinder.com/vessels?name=9745263\" target=\"_blank\" rel=\"noopener\">VesselFinder</a> | <a href=\"https://www.marinetraffic.com/en/ais/search/all?keyword=9745263\" target=\"_blank\" rel=\"noopener\">MarineTraffic</a>", "vf_url": "https://www.vesselfinder.com/vessels?name=9745263", "mst_url": "https://www.marinetraffic.com/en/ais/search/all?keyword=9745263", "method": "v3_2pass_track3d_fromru10d", "ru_seen_in_lookback": true, "in_monitor_on_day": true}}, {"type": "Feature", "geometry": {"type": "LineString", "coordinates": [[10.4984, 57.852133333333335], [10.234983333333334, 57.849000000000004], [9.998600000000001, 57.85378333333333], [9.7715, 57.82616666666667], [9.559083333333332, 57.7944], [9.345516666666667, 57.75363333333333], [9.147699999999999, 57.69465], [8.952683333333333, 57.6342], [8.760416666666666, 57.5724], [8.566836666666667, 57.50912], [8.363199999999999, 57.4445], [8.1591, 57.381766666666664], [7.9575499999999995, 57.318200000000004], [7.765683333333333, 57.254599999999996], [7.578516666666667, 57.19081666666667], [7.438416666666667, 57.0965], [4.284433333333333, 53.9916], [2.6167166666666666, 52.04045], [2.6019333333333337, 51.94133333333333], [2.5451833333333336, 51.86903333333333], [2.2396499999999997, 51.65338333333333], [2.1393, 51.5829], [2.0364666666666666, 51.51165], [1.9452166666666666, 51.43991666666667], [1.8730833333333334, 51.35745], [1.8024833333333334, 51.27421666666667], [1.7204000000000002, 51.20493333333333], [1.6225166666666666, 51.1545], [1.53345, 51.10593333333334], [1.4443666666666668, 51.06178333333333], [1.3597166666666667, 51.01226666666666], [1.2575, 50.943], [-0.2092, 50.4593], [-0.36943333333333334, 50.43268333333333], [-0.5203, 50.406600000000005], [-0.6619166666666667, 50.38276666666666], [-0.7944, 50.35955], [-0.9383333333333332, 50.33241666666667], [-1.055, 50.31021666666666], [-1.1745166666666667, 50.29055]]}, "properties": {"label": "MT DUMBLEDORE", "mmsi": "311001104", "imo": "9325611", "name": "MT DUMBLEDORE", "shiptype": "", "first_seen_utc": "2026-01-05T15:36:15Z", "last_seen_utc": "2026-01-12T14:54:02Z", "destination": "FOR ORDERS", "eta": "{'Day': 21, 'Hour': 12, 'Minute': 0, 'Month': 1}", "display": "", "links": "<a href=\"https://www.vesselfinder.com/vessels?name=9325611\" target=\"_blank\" rel=\"noopener\">VesselFinder</a> | <a href=\"https://www.marinetraffic.com/en/ais/search/all?keyword=9325611\" target=\"_blank\" rel=\"noopener\">MarineTraffic</a>", "vf_url": "https://www.vesselfinder.com/vessels?name=9325611", "mst_url": "https://www.marinetraffic.com/en/ais/search/all?keyword=9325611", "method": "v3_2pass_track3d_fromru10d", "ru_seen_in_lookback": true, "in_monitor_on_day": true}}, {"type": "Feature", "geometry": {"type": "Point", "coordinates": [-1.1745166666666667, 50.29055]}, "properties": {"label": "MT DUMBLEDORE", "mmsi": "311001104", "imo": "9325611", "name": "MT DUMBLEDORE", "shiptype": "", "first_seen_utc": "2026-01-05T15:36:15Z", "last_seen_utc": "2026-01-12T14:54:02Z", "destination": "FOR ORDERS", "eta": "{'Day': 21, 'Hour': 12, 'Minute': 0, 'Month': 1}", "display": "MT DUMBLEDORE (311001104)", "links": "<a href=\"https://www.vesselfinder.com/vessels?name=9325611\" target=\"_blank\" rel=\"noopener\">VesselFinder</a> | <a href=\"https://www.marinetraffic.com/en/ais/search/all?keyword=9325611\" target=\"_blank\" rel=\"noopener\">MarineTraffic</a>", "vf_url": "https://www.vesselfinder.com/vessels?name=9325611", "mst_url": "https://www.marinetraffic.com/en/ais/search/all?keyword=9325611", "method": "v3_2pass_track3d_fromru10d", "ru_seen_in_lookback": true, "in_monitor_on_day": true}}, {"type": "Feature", "geometry": {"type": "LineString", "coordinates": [[10.499205, 57.85434333333333], [10.132785, 57.855215], [9.832646666666667, 57.84457666666666], [9.625435000000001, 57.82693], [9.435273333333333, 57.76604666666666], [9.265350000000002, 57.71029166666666], [9.100691666666668, 57.648763333333335], [8.93972, 57.58781333333333], [8.772253333333333, 57.52753333333333], [8.598818333333332, 57.4687], [8.282373333333334, 57.36293], [8.095388333333334, 57.31858833333333], [7.92408, 57.26507333333333], [7.766946666666667, 57.20923833333333], [3.42483, 53.23256], [3.270765, 52.934983333333335], [3.0356633333333334, 52.653875], [2.83549, 52.426695], [2.5009433333333333, 51.811173333333336], [2.268273333333333, 51.64019], [2.123318333333333, 51.53647333333333], [2.0240483333333334, 51.46579833333333], [1.92552, 51.401291666666665]]}, "properties": {"label": "ANLAN", "mmsi": "352005425", "imo": "9346859", "name": "ANLAN", "shiptype": "", "first_seen_utc": "2026-01-05T16:25:36Z", "last_seen_utc": "2026-01-12T15:51:07Z", "destination": "PORT SAID", "eta": "{'Day': 23, 'Hour': 16, 'Minute': 0, 'Month': 1}", "display": "", "links": "<a href=\"https://www.vesselfinder.com/vessels?name=9346859\" target=\"_blank\" rel=\"noopener\">VesselFinder</a> | <a href=\"https://www.marinetraffic.com/en/ais/search/all?keyword=9346859\" target=\"_blank\" rel=\"noopener\">MarineTraffic</a>", "vf_url": "https://www.vesselfinder.com/vessels?name=9346859", "mst_url": "https://www.marinetraffic.com/en/ais/search/all?keyword=9346859", "method": "v3_2pass_track3d_fromru10d", "ru_seen_in_lookback": true, "in_monitor_on_day": true}}, {"type": "Feature", "geometry": {"type": "Point", "coordinates": [1.92552, 51.401291666666665]}, "properties": {"label": "ANLAN", "mmsi": "352005425", "imo": "9346859", "name": "ANLAN", "shiptype": "", "first_seen_utc": "2026-01-05T16:25:36Z", "last_seen_utc": "2026-01-12T15:51:07Z", "destination": "PORT SAID", "eta": "{'Day': 23, 'Hour': 16, 'Minute': 0, 'Month': 1}", "display": "ANLAN (352005425)", "links": "<a href=\"https://www.vesselfinder.com/vessels?name=9346859\" target=\"_blank\" rel=\"noopener\">VesselFinder</a> | <a href=\"https://www.marinetraffic.com/en/ais/search/all?keyword=9346859\" target=\"_blank\" rel=\"noopener\">MarineTraffic</a>", "vf_url": "https://www.vesselfinder.com/vessels?name=9346859", "mst_url": "https://www.marinetraffic.com/en/ais/search/all?keyword=9346859", "method": "v3_2pass_track3d_fromru10d", "ru_seen_in_lookback": true, "in_monitor_on_day": true}}, {"type": "Feature", "geometry": {"type": "LineString", "coordinates": [[10.330630000000001, 57.856051666666666], [10.148546666666666, 57.83934], [9.967181666666667, 57.78093166666667], [9.80946, 57.72616], [9.617905, 57.65864166666667], [2.610815, 51.918945], [2.021891666666667, 51.4872], [1.9522433333333333, 51.439926666666665], [1.8970233333333333, 51.39015], [1.8523966666666667, 51.334653333333335], [1.811715, 51.28010333333334], [1.768465, 51.22555333333333], [1.70045, 51.18166], [1.6316333333333333, 51.14031], [1.56403, 51.09718833333333], [1.48305, 51.04817166666667]]}, "properties": {"label": "STAR HAMBURG", "mmsi": "636024899", "imo": "9698587", "name": "STAR HAMBURG", "shiptype": "", "first_seen_utc": "2026-01-05T18:26:46Z", "last_seen_utc": "2026-01-12T10:57:07Z", "destination": "CHINA", "eta": "{'Day': 1, 'Hour': 11, 'Minute': 0, 'Month': 3}", "display": "", "links": "<a href=\"https://www.vesselfinder.com/vessels?name=9698587\" target=\"_blank\" rel=\"noopener\">VesselFinder</a> | <a href=\"https://www.marinetraffic.com/en/ais/search/all?keyword=9698587\" target=\"_blank\" rel=\"noopener\">MarineTraffic</a>", "vf_url": "https://www.vesselfinder.com/vessels?name=9698587", "mst_url": "https://www.marinetraffic.com/en/ais/search/all?keyword=9698587", "method": "v3_2pass_track3d_fromru10d", "ru_seen_in_lookback": true, "in_monitor_on_day": true}}, {"type": "Feature", "geometry": {"type": "Point", "coordinates": [1.48305, 51.04817166666667]}, "properties": {"label": "STAR HAMBURG", "mmsi": "636024899", "imo": "9698587", "name": "STAR HAMBURG", "shiptype": "", "first_seen_utc": "2026-01-05T18:26:46Z", "last_seen_utc": "2026-01-12T10:57:07Z", "destination": "CHINA", "eta": "{'Day': 1, 'Hour': 11, 'Minute': 0, 'Month': 3}", "display": "STAR HAMBURG (636024899)", "links": "<a href=\"https://www.vesselfinder.com/vessels?name=9698587\" target=\"_blank\" rel=\"noopener\">VesselFinder</a> | <a href=\"https://www.marinetraffic.com/en/ais/search/all?keyword=9698587\" target=\"_blank\" rel=\"noopener\">MarineTraffic</a>", "vf_url": "https://www.vesselfinder.com/vessels?name=9698587", "mst_url": "https://www.marinetraffic.com/en/ais/search/all?keyword=9698587", "method": "v3_2pass_track3d_fromru10d", "ru_seen_in_lookback": true, "in_monitor_on_day": true}}, {"type": "Feature", "geometry": {"type": "LineString", "coordinates": [[9.766221666666667, 57.84727833333333], [9.490083333333333, 57.80296833333333], [9.252796666666667, 57.735776666666666], [9.040486666666668, 57.651765], [8.61222, 57.485258333333334], [8.354398333333332, 57.38605666666667], [2.6540316666666666, 52.00267833333333], [2.128963333333333, 51.57233], [2.0426733333333336, 51.51510333333333], [1.9527416666666668, 51.45458333333333], [1.8822433333333335, 51.388268333333336], [1.821005, 51.317906666666666], [1.763685, 51.24738], [1.6840933333333332, 51.18866666666667], [1.590925, 51.13587833333334], [1.491975, 51.084465], [-0.895915, 50.347455]]}, "properties": {"label": "DOLUNAY", "mmsi": "511101602", "imo": "9327463", "name": "DOLUNAY", "shiptype": "", "first_seen_utc": "2026-01-05T22:32:00Z", "last_seen_utc": "2026-01-12T10:47:47Z", "destination": "TRMER", "eta": "{'Day': 23, 'Hour': 4, 'Minute': 0, 'Month': 1}", "display": "", "links": "<a href=\"https://www.vesselfinder.com/vessels?name=9327463\" target=\"_blank\" rel=\"noopener\">VesselFinder</a> | <a href=\"https://www.marinetraffic.com/en/ais/search/all?keyword=9327463\" target=\"_blank\" rel=\"noopener\">MarineTraffic</a>", "vf_url": "https://www.vesselfinder.com/vessels?name=9327463", "mst_url": "https://www.marinetraffic.com/en/ais/search/all?keyword=9327463", "method": "v3_2pass_track3d_fromru10d", "ru_seen_in_lookback": true, "in_monitor_on_day": true}}, {"type": "Feature", "geometry": {"type": "Point", "coordinates": [-0.895915, 50.347455]}, "properties": {"label": "DOLUNAY", "mmsi": "511101602", "imo": "9327463", "name": "DOLUNAY", "shiptype": "", "first_seen_utc": "2026-01-05T22:32:00Z", "last_seen_utc": "2026-01-12T10:47:47Z", "destination": "TRMER", "eta": "{'Day': 23, 'Hour': 4, 'Minute': 0, 'Month': 1}", "display": "DOLUNAY (511101602)", "links": "<a href=\"https://www.vesselfinder.com/vessels?name=9327463\" target=\"_blank\" rel=\"noopener\">VesselFinder</a> | <a href=\"https://www.marinetraffic.com/en/ais/search/all?keyword=9327463\" target=\"_blank\" rel=\"noopener\">MarineTraffic</a>", "vf_url": "https://www.vesselfinder.com/vessels?name=9327463", "mst_url": "https://www.marinetraffic.com/en/ais/search/all?keyword=9327463", "method": "v3_2pass_track3d_fromru10d", "ru_seen_in_lookback": true, "in_monitor_on_day": true}}, {"type": "Feature", "geometry": {"type": "LineString", "coordinates": [[15.562199999999999, 55.684475], [15.393973333333333, 55.660851666666666], [15.241636666666666, 55.62938666666666], [15.095838333333335, 55.588231666666665], [14.924553333333334, 55.53726166666667], [14.742356666666666, 55.48711166666667], [14.582925, 55.43821166666667], [14.423401666666667, 55.32518833333334], [12.308241666666667, 54.62765], [12.257893333333334, 54.571555], [12.214386666666666, 54.51683333333334], [12.143083333333333, 54.443266666666666], [11.980903333333334, 54.44367166666667], [11.817083333333333, 54.44506], [11.663403333333333, 54.47347166666667], [11.51749, 54.510765], [11.369415, 54.55330166666667], [11.214951666666668, 54.59225], [11.048869999999999, 54.60485833333333], [10.895505000000002, 54.64037666666666], [10.786645, 54.71393166666667], [10.83389, 54.81239], [10.874693333333333, 54.90514333333333], [10.930638333333333, 54.95858], [10.997763333333333, 55.04671666666666], [10.994878333333332, 55.15212], [11.09999, 55.226], [11.036925, 55.32756166666666], [10.906841666666667, 55.483050000000006], [10.827670000000001, 55.57880166666666], [10.788548333333333, 55.67669166666667], [10.806538333333332, 55.779165], [10.872975, 55.90063], [11.090213333333333, 56.055], [11.095126666666665, 56.158631666666665], [10.485611666666667, 57.87046], [10.297683333333334, 57.85919], [10.107828333333334, 57.84973166666667], [9.913466666666666, 57.84277], [9.73826, 57.82429666666667], [9.560263333333333, 57.799025], [9.413791666666667, 57.755961666666664], [9.263801666666666, 57.71], [9.108725, 57.658879999999996], [8.950015, 57.60627], [8.795418333333334, 57.55375166666667], [8.619513333333334, 57.484746666666666], [8.362119999999999, 57.40101], [8.222365, 57.37286833333334], [8.109128333333334, 57.342324999999995], [7.980151666666667, 57.28626166666666], [7.85043, 57.236823333333334], [7.718681666666667, 57.18719333333333], [7.535238333333334, 57.11865833333333]]}, "properties": {"label": "ALBERTA", "mmsi": "311039900", "imo": "9486922", "name": "ALBERTA", "shiptype": "", "first_seen_utc": "2026-01-05T22:38:35Z", "last_seen_utc": "2026-01-12T15:28:37Z", "destination": "EGPSD", "eta": "{'Day': 25, 'Hour': 21, 'Minute': 0, 'Month': 1}", "display": "", "links": "<a href=\"https://www.vesselfinder.com/vessels?name=9486922\" target=\"_blank\" rel=\"noopener\">VesselFinder</a> | <a href=\"https://www.marinetraffic.com/en/ais/search/all?keyword=9486922\" target=\"_blank\" rel=\"noopener\">MarineTraffic</a>", "vf_url": "https://www.vesselfinder.com/vessels?name=9486922", "mst_url": "https://www.marinetraffic.com/en/ais/search/all?keyword=9486922", "method": "v3_2pass_track3d_fromru10d", "ru_seen_in_lookback": true, "in_monitor_on_day": true}}, {"type": "Feature", "geometry": {"type": "Point", "coordinates": [7.535238333333334, 57.11865833333333]}, "properties": {"label": "ALBERTA", "mmsi": "311039900", "imo": "9486922", "name": "ALBERTA", "shiptype": "", "first_seen_utc": "2026-01-05T22:38:35Z", "last_seen_utc": "2026-01-12T15:28:37Z", "destination": "EGPSD", "eta": "{'Day': 25, 'Hour': 21, 'Minute': 0, 'Month': 1}", "display": "ALBERTA (311039900)", "links": "<a href=\"https://www.vesselfinder.com/vessels?name=9486922\" target=\"_blank\" rel=\"noopener\">VesselFinder</a> | <a href=\"https://www.marinetraffic.com/en/ais/search/all?keyword=9486922\" target=\"_blank\" rel=\"noopener\">MarineTraffic</a>", "vf_url": "https://www.vesselfinder.com/vessels?name=9486922", "mst_url": "https://www.marinetraffic.com/en/ais/search/all?keyword=9486922", "method": "v3_2pass_track3d_fromru10d", "ru_seen_in_lookback": true, "in_monitor_on_day": true}}, {"type": "Feature", "geometry": {"type": "LineString", "coordinates": [[15.403633333333334, 55.64951666666666], [15.21535, 55.62286666666667], [15.043866666666666, 55.57273333333333], [14.878666666666668, 55.52053333333333], [14.714566666666666, 55.47493333333333], [14.532966666666665, 55.3978], [14.398416666666666, 55.301516666666664], [14.236866666666666, 55.169999999999995], [12.27275, 54.602516666666666], [12.264766666666667, 54.572516666666665], [12.232616666666667, 54.53945], [12.183683333333333, 54.44985], [12.02315, 54.44255], [11.85355, 54.44968333333334], [11.688133333333333, 54.46816666666667], [11.526733333333334, 54.50506666666667], [11.366516666666666, 54.54468333333333], [11.20145, 54.582816666666666], [11.018733333333333, 54.598866666666666], [10.863, 54.65336666666667], [10.7827, 54.73948333333333], [10.834283333333333, 54.84088333333333], [10.905116666666666, 54.945299999999996], [10.99245, 55.022466666666666], [10.992816666666666, 55.12375], [11.09635, 55.20141666666667], [11.044466666666667, 55.30571666666666], [10.864550000000001, 55.522216666666665], [10.7994, 55.62285], [10.802666666666665, 55.72703333333333], [10.799116666666666, 55.83103333333334], [10.907649999999999, 55.909416666666665], [11.266416666666666, 56.16635], [10.4971, 57.85156666666667], [10.30105, 57.851083333333335], [10.109633333333333, 57.85235], [9.906266666666665, 57.85256666666667], [9.710016666666666, 57.84948333333333], [9.546349999999999, 57.79861666666667], [9.38335, 57.747616666666666], [9.217233333333333, 57.69949999999999], [9.047583333333334, 57.64736666666667], [8.891783333333333, 57.59133333333333], [8.732216666666666, 57.53263333333334], [8.570366666666667, 57.4778], [8.400933333333333, 57.42458333333333], [8.23325, 57.370583333333336], [8.0725, 57.31868333333333], [7.909116666666667, 57.26571666666667], [7.751483333333334, 57.21505], [7.593533333333334, 57.16485], [7.448883333333333, 57.11605], [7.3124666666666664, 57.06995], [7.179783333333333, 57.023649999999996], [7.052933333333333, 56.97926666666667]]}, "properties": {"label": "KRITI VIGOR", "mmsi": "511101857", "imo": "9290397", "name": "KRITI VIGOR", "shiptype": "", "first_seen_utc": "2026-01-05T22:41:39Z", "last_seen_utc": "2026-01-12T09:26:35Z", "destination": "EG PSD", "eta": "{'Day': 26, 'Hour': 2, 'Minute': 20, 'Month': 1}", "display": "", "links": "<a href=\"https://www.vesselfinder.com/vessels?name=9290397\" target=\"_blank\" rel=\"noopener\">VesselFinder</a> | <a href=\"https://www.marinetraffic.com/en/ais/search/all?keyword=9290397\" target=\"_blank\" rel=\"noopener\">MarineTraffic</a>", "vf_url": "https://www.vesselfinder.com/vessels?name=9290397", "mst_url": "https://www.marinetraffic.com/en/ais/search/all?keyword=9290397", "method": "v3_2pass_track3d_fromru10d", "ru_seen_in_lookback": true, "in_monitor_on_day": true}}, {"type": "Feature", "geometry": {"type": "Point", "coordinates": [7.052933333333333, 56.97926666666667]}, "properties": {"label": "KRITI VIGOR", "mmsi": "511101857", "imo": "9290397", "name": "KRITI VIGOR", "shiptype": "", "first_seen_utc": "2026-01-05T22:41:39Z", "last_seen_utc": "2026-01-12T09:26:35Z", "destination": "EG PSD", "eta": "{'Day': 26, 'Hour': 2, 'Minute': 20, 'Month': 1}", "display": "KRITI VIGOR (511101857)", "links": "<a href=\"https://www.vesselfinder.com/vessels?name=9290397\" target=\"_blank\" rel=\"noopener\">VesselFinder</a> | <a href=\"https://www.marinetraffic.com/en/ais/search/all?keyword=9290397\" target=\"_blank\" rel=\"noopener\">MarineTraffic</a>", "vf_url": "https://www.vesselfinder.com/vessels?name=9290397", "mst_url": "https://www.marinetraffic.com/en/ais/search/all?keyword=9290397", "method": "v3_2pass_track3d_fromru10d", "ru_seen_in_lookback": true, "in_monitor_on_day": true}}, {"type": "Feature", "geometry": {"type": "LineString", "coordinates": [[18.555338333333335, 54.52216], [18.55534, 54.52215833333333], [18.555335, 54.522166666666664], [18.555328333333332, 54.52215833333333], [18.555341666666667, 54.522155], [18.55533666666667, 54.522153333333335], [18.55533, 54.522145], [18.55533666666667, 54.52215], [18.555325, 54.52215833333333], [18.555315, 54.522145], [18.555321666666668, 54.52215], [18.555335, 54.52215666666667], [18.555316666666666, 54.52215833333333], [18.55530666666667, 54.522153333333335], [18.555313333333334, 54.52215], [18.555316666666666, 54.52213666666667], [18.555310000000002, 54.52214333333333], [18.555335, 54.522153333333335], [18.555331666666667, 54.522148333333334], [18.555363333333332, 54.52214], [18.55533666666667, 54.52215], [18.555325, 54.52215], [18.555335, 54.522151666666666], [18.55534833333333, 54.52216333333333], [18.555335, 54.522153333333335], [18.555328333333332, 54.522145], [18.555338333333335, 54.52218333333334], [18.55532, 54.52217333333333], [18.555321666666668, 54.522166666666664], [18.555331666666667, 54.522153333333335], [18.55532, 54.522171666666665], [18.555308333333336, 54.522153333333335], [18.555333333333333, 54.52215], [18.555310000000002, 54.52216], [18.555328333333332, 54.522153333333335], [18.555335, 54.522165], [18.555351666666663, 54.522151666666666], [18.55533666666667, 54.522146666666664], [18.555343333333333, 54.52215], [18.555331666666667, 54.522145], [18.555321666666668, 54.52215833333333], [18.555321666666668, 54.52215], [18.555333333333333, 54.522155], [18.5553, 54.52213], [18.555341666666667, 54.52212833333333], [18.555325, 54.52213833333334], [18.555335, 54.522145], [18.555343333333333, 54.522151666666666], [18.555321666666668, 54.52214166666667], [18.555338333333335, 54.522151666666666], [18.55534, 54.522146666666664], [18.55534833333333, 54.522153333333335], [18.555331666666667, 54.522155], [18.555353333333336, 54.522151666666666], [18.555311666666668, 54.522151666666666], [18.555335, 54.52214], [18.555341666666667, 54.522151666666666], [18.555315, 54.522151666666666], [18.555304999999997, 54.52215833333333], [18.555301666666665, 54.52216], [18.555313333333334, 54.52215833333333], [18.555318333333332, 54.522153333333335], [18.555323333333334, 54.52215666666667], [18.555301666666665, 54.52216166666666], [18.555311666666668, 54.52218333333334], [18.555335, 54.52215], [18.555328333333332, 54.52212833333333], [18.555338333333335, 54.52215], [18.55534833333333, 54.522155], [18.555343333333333, 54.522169999999996], [18.555313333333334, 54.52220166666667], [18.555321666666668, 54.52218333333334], [18.55533, 54.52216], [18.55532, 54.52216333333333], [18.555341666666667, 54.52216], [18.555341666666667, 54.52216], [18.555349999999997, 54.52214333333333], [18.55530333333333, 54.52215666666667], [18.55533, 54.52215833333333], [18.555313333333334, 54.522155], [18.555315, 54.52215833333333], [18.555338333333335, 54.522165], [18.55533666666667, 54.522165], [18.555331666666667, 54.52216], [18.555326666666666, 54.52216], [18.555331666666667, 54.52215833333333], [18.555325, 54.52216333333333], [18.555335, 54.52215833333333], [18.555331666666667, 54.52216], [18.555333333333333, 54.522155], [18.555326666666666, 54.52214333333333], [18.555335, 54.522153333333335], [18.555316666666666, 54.522155], [18.555349999999997, 54.52218166666667], [18.555315, 54.522145], [18.55532, 54.522151666666666], [18.59429, 54.51403333333334], [18.724978333333336, 54.50232833333334], [18.856403333333333, 54.489005], [18.990256666666667, 54.47057333333333], [19.129196666666665, 54.450813333333336], [19.253218333333333, 54.430058333333335], [19.30281, 54.65709666666667], [19.361431666666665, 54.599174999999995], [19.324945, 54.58913166666667]]}, "properties": {"label": "ORKA WLA-139", "mmsi": "261497000", "imo": "7905211", "name": "ORKA WLA-139", "shiptype": "", "first_seen_utc": "2026-01-06T00:04:12Z", "last_seen_utc": "2026-01-12T11:08:06Z", "destination": "CPA 0.3NM AFT", "eta": "{'Day': 0, 'Hour': 24, 'Minute': 60, 'Month': 0}", "display": "", "links": "<a href=\"https://www.vesselfinder.com/vessels?name=7905211\" target=\"_blank\" rel=\"noopener\">VesselFinder</a> | <a href=\"https://www.marinetraffic.com/en/ais/search/all?keyword=7905211\" target=\"_blank\" rel=\"noopener\">MarineTraffic</a>", "vf_url": "https://www.vesselfinder.com/vessels?name=7905211", "mst_url": "https://www.marinetraffic.com/en/ais/search/all?keyword=7905211", "method": "v3_2pass_track3d_fromru10d", "ru_seen_in_lookback": true, "in_monitor_on_day": true}}, {"type": "Feature", "geometry": {"type": "Point", "coordinates": [19.324945, 54.58913166666667]}, "properties": {"label": "ORKA WLA-139", "mmsi": "261497000", "imo": "7905211", "name": "ORKA WLA-139", "shiptype": "", "first_seen_utc": "2026-01-06T00:04:12Z", "last_seen_utc": "2026-01-12T11:08:06Z", "destination": "CPA 0.3NM AFT", "eta": "{'Day': 0, 'Hour': 24, 'Minute': 60, 'Month': 0}", "display": "ORKA WLA-139 (261497000)", "links": "<a href=\"https://www.vesselfinder.com/vessels?name=7905211\" target=\"_blank\" rel=\"noopener\">VesselFinder</a> | <a href=\"https://www.marinetraffic.com/en/ais/search/all?keyword=7905211\" target=\"_blank\" rel=\"noopener\">MarineTraffic</a>", "vf_url": "https://www.vesselfinder.com/vessels?name=7905211", "mst_url": "https://www.marinetraffic.com/en/ais/search/all?keyword=7905211", "method": "v3_2pass_track3d_fromru10d", "ru_seen_in_lookback": true, "in_monitor_on_day": true}}, {"type": "Feature", "geometry": {"type": "LineString", "coordinates": [[10.476808333333334, 57.84287333333334], [10.262113333333334, 57.84138], [10.05122, 57.83848666666667], [9.82706, 57.83323166666666], [9.614516666666667, 57.82886], [9.444698333333333, 57.77681666666667], [9.272881666666667, 57.714126666666665], [9.09447, 57.64988166666667], [8.917745, 57.58315], [8.74486, 57.51909833333333], [8.560153333333334, 57.452373333333334], [8.372776666666667, 57.385238333333334], [8.204266666666665, 57.315016666666665], [8.061783333333333, 57.22865], [7.949063333333333, 57.13889833333334], [7.845296666666667, 57.04287], [7.704048333333334, 56.91330166666667], [2.88143, 52.45325166666667], [2.6181666666666668, 52.03971833333333], [2.5919250000000003, 51.90341333333333], [2.4484816666666664, 51.79347333333333], [2.2861933333333337, 51.67522833333333], [2.190733333333333, 51.613839999999996], [2.0975083333333333, 51.5543], [2.0049733333333335, 51.49366666666666], [1.9112366666666667, 51.431223333333335], [1.852525, 51.350166666666674], [1.7890433333333333, 51.266126666666665], [1.69615, 51.19538333333333], [1.5863983333333331, 51.13733833333333], [1.476415, 51.078383333333335], [1.3653966666666666, 51.01771166666666], [1.2590033333333333, 50.951283333333336]]}, "properties": {"label": "SWEET LADY III", "mmsi": "248256000", "imo": "9316804", "name": "SWEET LADY III", "shiptype": "", "first_seen_utc": "2026-01-06T02:32:35Z", "last_seen_utc": "2026-01-12T15:14:10Z", "destination": "BRSSZ", "eta": "{'Day': 31, 'Hour': 23, 'Minute': 0, 'Month': 1}", "display": "", "links": "<a href=\"https://www.vesselfinder.com/vessels?name=9316804\" target=\"_blank\" rel=\"noopener\">VesselFinder</a> | <a href=\"https://www.marinetraffic.com/en/ais/search/all?keyword=9316804\" target=\"_blank\" rel=\"noopener\">MarineTraffic</a>", "vf_url": "https://www.vesselfinder.com/vessels?name=9316804", "mst_url": "https://www.marinetraffic.com/en/ais/search/all?keyword=9316804", "method": "v3_2pass_track3d_fromru10d", "ru_seen_in_lookback": true, "in_monitor_on_day": true}}, {"type": "Feature", "geometry": {"type": "Point", "coordinates": [1.2590033333333333, 50.951283333333336]}, "properties": {"label": "SWEET LADY III", "mmsi": "248256000", "imo": "9316804", "name": "SWEET LADY III", "shiptype": "", "first_seen_utc": "2026-01-06T02:32:35Z", "last_seen_utc": "2026-01-12T15:14:10Z", "destination": "BRSSZ", "eta": "{'Day': 31, 'Hour': 23, 'Minute': 0, 'Month': 1}", "display": "SWEET LADY III (248256000)", "links": "<a href=\"https://www.vesselfinder.com/vessels?name=9316804\" target=\"_blank\" rel=\"noopener\">VesselFinder</a> | <a href=\"https://www.marinetraffic.com/en/ais/search/all?keyword=9316804\" target=\"_blank\" rel=\"noopener\">MarineTraffic</a>", "vf_url": "https://www.vesselfinder.com/vessels?name=9316804", "mst_url": "https://www.marinetraffic.com/en/ais/search/all?keyword=9316804", "method": "v3_2pass_track3d_fromru10d", "ru_seen_in_lookback": true, "in_monitor_on_day": true}}, {"type": "Feature", "geometry": {"type": "LineString", "coordinates": [[18.802695000000003, 54.602293333333336], [18.802695000000003, 54.60228666666667], [18.802698333333336, 54.602288333333334], [18.802706666666666, 54.60229833333334], [18.80269333333333, 54.602293333333336], [18.802688333333332, 54.60229], [18.80269, 54.602285], [18.80269, 54.60229], [18.802695000000003, 54.602295000000005], [18.802691666666664, 54.60229666666667], [18.802691666666664, 54.602295000000005], [18.802688333333332, 54.602291666666666], [18.802683333333334, 54.60228666666667], [18.802685, 54.602291666666666], [18.80269, 54.60229833333334], [18.802695000000003, 54.60230166666667], [18.80269, 54.60229666666667], [18.802683333333334, 54.602293333333336], [18.80269333333333, 54.60228166666666], [18.8027, 54.60228166666666], [18.802701666666668, 54.60228333333334], [18.802701666666668, 54.602275], [18.80270833333333, 54.602288333333334], [18.802705, 54.602288333333334], [18.80271, 54.60229], [18.802698333333336, 54.6023], [18.802698333333336, 54.602315], [18.802691666666664, 54.602313333333335], [18.80269, 54.602306666666664], [18.80269666666667, 54.60229833333334], [18.8027, 54.60229666666667], [18.8027, 54.60230166666667], [18.802698333333336, 54.60229], [18.802686666666666, 54.602291666666666], [18.80267, 54.60229], [18.80268166666667, 54.60228333333334], [18.802691666666664, 54.602291666666666], [18.80269333333333, 54.60229], [18.80271, 54.602285], [18.802698333333336, 54.60228166666666], [18.802691666666664, 54.60227333333333], [18.80269333333333, 54.60228], [18.802685, 54.60228166666666], [18.802686666666666, 54.602268333333335], [18.80270833333333, 54.60227166666667], [18.8027, 54.60227], [18.802706666666666, 54.60227166666667], [18.802695000000003, 54.60227166666667], [18.80269, 54.60227333333333], [18.8027, 54.60227], [18.8027, 54.602285], [18.802703333333334, 54.60228], [18.8027, 54.60228], [18.802701666666668, 54.60227333333333], [18.802698333333336, 54.60227833333333], [18.802703333333334, 54.60228666666667], [18.802695000000003, 54.602291666666666], [18.802698333333336, 54.602288333333334], [18.80269333333333, 54.602288333333334], [18.80269, 54.60228166666666], [18.80269, 54.60228333333334], [18.802686666666666, 54.602305], [18.802695000000003, 54.602311666666665], [18.802695000000003, 54.602305], [18.802688333333332, 54.60229833333334], [18.80269, 54.602291666666666], [18.802701666666668, 54.602293333333336], [18.8027, 54.602295000000005], [18.802701666666668, 54.60229], [18.802711666666667, 54.60229], [18.8027, 54.60228666666667], [18.802703333333334, 54.602285], [18.802698333333336, 54.60229833333334], [18.80269333333333, 54.60230166666667], [18.80269, 54.60230166666667], [18.80269, 54.602293333333336], [18.802698333333336, 54.60228666666667], [18.802703333333334, 54.60228666666667], [18.802706666666666, 54.602295000000005], [18.80270833333333, 54.602285], [18.80269333333333, 54.602291666666666], [18.802671666666665, 54.602285], [18.802683333333334, 54.60227833333333], [18.80269333333333, 54.602285], [18.802701666666668, 54.60228], [18.802711666666667, 54.60228], [18.8027, 54.60228], [18.80269333333333, 54.602275], [18.802695000000003, 54.60228166666666], [18.802691666666664, 54.60228166666666], [18.802688333333332, 54.60227833333333], [18.80269666666667, 54.60228333333334], [18.802695000000003, 54.60228333333334], [18.8027, 54.60228666666667], [18.80269333333333, 54.602285], [18.802688333333332, 54.60228333333334], [18.802698333333336, 54.602275], [18.802698333333336, 54.602293333333336], [18.80269666666667, 54.60229], [18.802695000000003, 54.602288333333334], [18.80269333333333, 54.60228166666666], [18.802695000000003, 54.60228333333334], [18.802698333333336, 54.60229], [18.802688333333332, 54.602291666666666], [18.802695000000003, 54.60229666666667], [18.796533333333333, 54.590003333333335], [18.87384666666667, 54.609428333333334], [18.955225, 54.622301666666665], [18.939886666666666, 54.605884999999994], [18.925638333333332, 54.58197], [18.92721166666667, 54.59473333333334], [18.94094, 54.61369166666667], [18.951343333333334, 54.63413833333333], [18.963244999999997, 54.655055], [18.9769, 54.67625833333333], [18.977863333333335, 54.658775], [18.9544, 54.64077666666667], [18.931863333333336, 54.629443333333334], [18.913975, 54.64676], [18.899961666666666, 54.66451833333333], [18.888733333333334, 54.68344166666667], [18.882861666666667, 54.70030833333333], [18.88193, 54.71055666666667], [18.894581666666667, 54.69201833333333], [18.863221666666668, 54.62493833333333], [18.798495, 54.594265]]}, "properties": {"label": "WLA-220", "mmsi": "261002913", "imo": "", "name": "WLA-220", "shiptype": "", "first_seen_utc": "2026-01-06T04:22:38Z", "last_seen_utc": "2026-01-12T15:51:32Z", "destination": "WLADYSLAWOWO", "eta": "{'Day': 27, 'Hour': 9, 'Minute': 20, 'Month': 8}", "display": "", "links": "<a href=\"https://www.vesselfinder.com/vessels?name=261002913\" target=\"_blank\" rel=\"noopener\">VesselFinder</a> | <a href=\"https://www.marinetraffic.com/en/ais/search/all?keyword=261002913\" target=\"_blank\" rel=\"noopener\">MarineTraffic</a>", "vf_url": "https://www.vesselfinder.com/vessels?name=261002913", "mst_url": "https://www.marinetraffic.com/en/ais/search/all?keyword=261002913", "method": "v3_2pass_track3d_fromru10d", "ru_seen_in_lookback": true, "in_monitor_on_day": true}}, {"type": "Feature", "geometry": {"type": "Point", "coordinates": [18.798495, 54.594265]}, "properties": {"label": "WLA-220", "mmsi": "261002913", "imo": "", "name": "WLA-220", "shiptype": "", "first_seen_utc": "2026-01-06T04:22:38Z", "last_seen_utc": "2026-01-12T15:51:32Z", "destination": "WLADYSLAWOWO", "eta": "{'Day': 27, 'Hour': 9, 'Minute': 20, 'Month': 8}", "display": "WLA-220 (261002913)", "links": "<a href=\"https://www.vesselfinder.com/vessels?name=261002913\" target=\"_blank\" rel=\"noopener\">VesselFinder</a> | <a href=\"https://www.marinetraffic.com/en/ais/search/all?keyword=261002913\" target=\"_blank\" rel=\"noopener\">MarineTraffic</a>", "vf_url": "https://www.vesselfinder.com/vessels?name=261002913", "mst_url": "https://www.marinetraffic.com/en/ais/search/all?keyword=261002913", "method": "v3_2pass_track3d_fromru10d", "ru_seen_in_lookback": true, "in_monitor_on_day": true}}, {"type": "Feature", "geometry": {"type": "LineString", "coordinates": [[18.80205, 54.603494999999995], [18.802048333333335, 54.60349833333333], [18.802063333333333, 54.603494999999995], [18.802059999999997, 54.603503333333336], [18.80207, 54.603494999999995], [18.80204666666667, 54.603503333333336], [18.80205, 54.603485], [18.802043333333334, 54.60349833333333], [18.802031666666668, 54.60349833333333], [18.802045, 54.603494999999995], [18.802053333333333, 54.60348833333333], [18.802083333333332, 54.60350666666667], [18.802038333333332, 54.603494999999995], [18.802036666666666, 54.60350666666667], [18.80203, 54.60351333333333], [18.80204666666667, 54.603505000000006], [18.802039999999998, 54.603501666666666], [18.802048333333335, 54.603500000000004], [18.80205, 54.603500000000004], [18.802063333333333, 54.60348666666666], [18.80207, 54.60348], [18.80205, 54.60348166666667], [18.802084999999998, 54.60348], [18.802088333333334, 54.60349], [18.802063333333333, 54.60350833333334], [18.80205833333333, 54.603501666666666], [18.802051666666667, 54.60351], [18.802048333333335, 54.60353333333333], [18.802041666666664, 54.603500000000004], [18.802055, 54.60351166666667], [18.802078333333334, 54.60349333333333], [18.80204666666667, 54.60351333333333], [18.802065000000002, 54.603496666666665], [18.802076666666668, 54.603505000000006], [18.802051666666667, 54.60349833333333], [18.802038333333332, 54.603496666666665], [18.802051666666667, 54.60348833333333], [18.802059999999997, 54.60349833333333], [18.802051666666667, 54.60349833333333], [18.80209166666667, 54.60349833333333], [18.802036666666666, 54.60348666666666], [18.80205, 54.60349333333333], [18.802051666666667, 54.60348333333333], [18.80201, 54.603485], [18.802073333333333, 54.603494999999995], [18.80204666666667, 54.60348833333333], [18.802081666666666, 54.603465], [18.802076666666668, 54.603471666666664], [18.802038333333332, 54.603494999999995], [18.802031666666668, 54.603494999999995], [18.802076666666668, 54.603503333333336], [18.80205833333333, 54.60348833333333], [18.802056666666665, 54.603494999999995], [18.802055, 54.603475], [18.802053333333333, 54.603476666666666], [18.802039999999998, 54.603500000000004], [18.80204666666667, 54.60349333333333], [18.802048333333335, 54.603475], [18.802076666666668, 54.603494999999995], [18.802056666666665, 54.60348166666667], [18.802041666666664, 54.60348833333333], [18.80206666666667, 54.60350666666667], [18.80205, 54.60350833333334], [18.80205833333333, 54.60352833333333], [18.802053333333333, 54.603501666666666], [18.802039999999998, 54.603500000000004], [18.802025, 54.60351333333333], [18.802045, 54.60349333333333], [18.802051666666667, 54.60348833333333], [18.802045, 54.60348166666667], [18.802086666666664, 54.603485], [18.802059999999997, 54.603503333333336], [18.802051666666667, 54.60349833333333], [18.802059999999997, 54.603496666666665], [18.802053333333333, 54.60352], [18.80205, 54.60351], [18.80205, 54.603500000000004], [18.802068333333334, 54.603501666666666], [18.80204666666667, 54.603505000000006], [18.80208, 54.603485], [18.802051666666667, 54.603505000000006], [18.802036666666666, 54.603496666666665], [18.80202166666667, 54.60348666666666], [18.802078333333334, 54.60348666666666], [18.802043333333334, 54.603496666666665], [18.802036666666666, 54.603494999999995], [18.802061666666667, 54.603501666666666], [18.802038333333332, 54.60348333333333], [18.802059999999997, 54.60351], [18.802038333333332, 54.60349833333333], [18.802061666666667, 54.603496666666665], [18.802071666666667, 54.60348833333333], [18.802041666666664, 54.60348666666666], [18.80207, 54.60348666666666], [18.802059999999997, 54.603494999999995], [18.802039999999998, 54.60349833333333], [18.80205, 54.603494999999995], [18.802073333333333, 54.603503333333336], [18.80205, 54.60349833333333], [18.80205833333333, 54.603503333333336], [18.80202166666667, 54.60348], [18.802048333333335, 54.60348666666666], [18.802045, 54.603494999999995], [18.802051666666667, 54.60348166666667], [18.802055, 54.60349], [18.802081666666666, 54.60349166666666], [18.802051666666667, 54.603471666666664], [18.863723333333333, 54.57494833333333], [19.002848333333336, 54.58804833333333], [19.093518333333336, 54.60588333333333], [19.067709999999998, 54.61428], [19.054008333333336, 54.62630166666667], [19.041776666666667, 54.62618166666667], [19.019348333333333, 54.61689166666667], [18.980645, 54.61996166666667], [18.94497, 54.627579999999995], [18.934815, 54.64843166666667], [18.925551666666667, 54.668866666666666], [18.904711666666667, 54.68564333333334], [18.88764666666667, 54.70383666666667], [18.86364, 54.71877833333333], [18.839563333333334, 54.73158], [18.869065, 54.72105333333333], [18.885926666666666, 54.698904999999996], [18.891538333333333, 54.692879999999995], [18.880085, 54.654311666666665]]}, "properties": {"label": "HEL-102", "mmsi": "261007210", "imo": "7625847", "name": "HEL-102", "shiptype": "", "first_seen_utc": "2026-01-06T05:12:16Z", "last_seen_utc": "2026-01-12T15:40:03Z", "destination": "", "eta": "{'Day': 0, 'Hour': 24, 'Minute': 60, 'Month': 0}", "display": "", "links": "<a href=\"https://www.vesselfinder.com/vessels?name=7625847\" target=\"_blank\" rel=\"noopener\">VesselFinder</a> | <a href=\"https://www.marinetraffic.com/en/ais/search/all?keyword=7625847\" target=\"_blank\" rel=\"noopener\">MarineTraffic</a>", "vf_url": "https://www.vesselfinder.com/vessels?name=7625847", "mst_url": "https://www.marinetraffic.com/en/ais/search/all?keyword=7625847", "method": "v3_2pass_track3d_fromru10d", "ru_seen_in_lookback": true, "in_monitor_on_day": true}}, {"type": "Feature", "geometry": {"type": "Point", "coordinates": [18.880085, 54.654311666666665]}, "properties": {"label": "HEL-102", "mmsi": "261007210", "imo": "7625847", "name": "HEL-102", "shiptype": "", "first_seen_utc": "2026-01-06T05:12:16Z", "last_seen_utc": "2026-01-12T15:40:03Z", "destination": "", "eta": "{'Day': 0, 'Hour': 24, 'Minute': 60, 'Month': 0}", "display": "HEL-102 (261007210)", "links": "<a href=\"https://www.vesselfinder.com/vessels?name=7625847\" target=\"_blank\" rel=\"noopener\">VesselFinder</a> | <a href=\"https://www.marinetraffic.com/en/ais/search/all?keyword=7625847\" target=\"_blank\" rel=\"noopener\">MarineTraffic</a>", "vf_url": "https://www.vesselfinder.com/vessels?name=7625847", "mst_url": "https://www.marinetraffic.com/en/ais/search/all?keyword=7625847", "method": "v3_2pass_track3d_fromru10d", "ru_seen_in_lookback": true, "in_monitor_on_day": true}}, {"type": "Feature", "geometry": {"type": "LineString", "coordinates": [[18.418371666666665, 54.79589333333333], [18.418356666666668, 54.795896666666664]]}, "properties": {"label": "WLA-207", "mmsi": "261009080", "imo": "", "name": "WLA-207", "shiptype": "", "first_seen_utc": "2026-01-06T07:13:29Z", "last_seen_utc": "2026-01-12T12:54:48Z", "destination": "CH-16", "eta": "{'Day': 0, 'Hour': 24, 'Minute': 60, 'Month': 0}", "display": "", "links": "<a href=\"https://www.vesselfinder.com/vessels?name=261009080\" target=\"_blank\" rel=\"noopener\">VesselFinder</a> | <a href=\"https://www.marinetraffic.com/en/ais/search/all?keyword=261009080\" target=\"_blank\" rel=\"noopener\">MarineTraffic</a>", "vf_url": "https://www.vesselfinder.com/vessels?name=261009080", "mst_url": "https://www.marinetraffic.com/en/ais/search/all?keyword=261009080", "method": "v3_2pass_track3d_fromru10d", "ru_seen_in_lookback": true, "in_monitor_on_day": true}}, {"type": "Feature", "geometry": {"type": "Point", "coordinates": [18.418356666666668, 54.795896666666664]}, "properties": {"label": "WLA-207", "mmsi": "261009080", "imo": "", "name": "WLA-207", "shiptype": "", "first_seen_utc": "2026-01-06T07:13:29Z", "last_seen_utc": "2026-01-12T12:54:48Z", "destination": "CH-16", "eta": "{'Day': 0, 'Hour': 24, 'Minute': 60, 'Month': 0}", "display": "WLA-207 (261009080)", "links": "<a href=\"https://www.vesselfinder.com/vessels?name=261009080\" target=\"_blank\" rel=\"noopener\">VesselFinder</a> | <a href=\"https://www.marinetraffic.com/en/ais/search/all?keyword=261009080\" target=\"_blank\" rel=\"noopener\">MarineTraffic</a>", "vf_url": "https://www.vesselfinder.com/vessels?name=261009080", "mst_url": "https://www.marinetraffic.com/en/ais/search/all?keyword=261009080", "method": "v3_2pass_track3d_fromru10d", "ru_seen_in_lookback": true, "in_monitor_on_day": true}}, {"type": "Feature", "geometry": {"type": "LineString", "coordinates": [[15.877333333333333, 55.85102], [15.711418333333334, 55.795833333333334], [15.476685, 55.72591], [15.312761666666667, 55.67230833333333], [15.135615, 55.620975], [14.968881666666666, 55.563155], [14.792606666666668, 55.51048333333333], [14.605793333333335, 55.448438333333335], [14.466356666666666, 55.35485666666667], [12.48513, 54.685359999999996], [12.311264999999999, 54.61502333333333], [12.221211666666667, 54.50613], [12.115105, 54.430431666666664], [11.925676666666668, 54.42868166666666], [11.740435, 54.44432333333334], [11.570208333333333, 54.49251], [11.386008333333333, 54.54204333333333], [11.202281666666666, 54.594883333333335], [11.00683, 54.602285], [10.832268333333333, 54.66000333333333], [10.800683333333334, 54.76216], [10.842865, 54.883291666666665], [10.974826666666667, 54.97699166666666], [10.990264999999999, 55.093275], [11.054566666666666, 55.185134999999995], [11.069976666666667, 55.276246666666665], [10.97977, 55.42162166666667], [10.877111666666668, 55.51254166666667], [10.799605000000001, 55.62333833333333], [10.807751666666666, 55.741946666666664], [10.865998333333332, 55.855925], [11.28615, 56.181961666666666], [10.498811666666667, 57.85294833333333], [10.257788333333334, 57.85234166666667], [10.018761666666668, 57.85271], [9.785875, 57.85395166666667], [9.566418333333333, 57.84155333333333]]}, "properties": {"label": "ENZO 2", "mmsi": "620800050", "imo": "9236652", "name": "ENZO 2", "shiptype": "", "first_seen_utc": "2026-01-06T10:00:28Z", "last_seen_utc": "2026-01-12T15:34:05Z", "destination": "EGDAM", "eta": "{'Day': 24, 'Hour': 5, 'Minute': 0, 'Month': 1}", "display": "", "links": "<a href=\"https://www.vesselfinder.com/vessels?name=9236652\" target=\"_blank\" rel=\"noopener\">VesselFinder</a> | <a href=\"https://www.marinetraffic.com/en/ais/search/all?keyword=9236652\" target=\"_blank\" rel=\"noopener\">MarineTraffic</a>", "vf_url": "https://www.vesselfinder.com/vessels?name=9236652", "mst_url": "https://www.marinetraffic.com/en/ais/search/all?keyword=9236652", "method": "v3_2pass_track3d_fromru10d", "ru_seen_in_lookback": true, "in_monitor_on_day": true}}, {"type": "Feature", "geometry": {"type": "Point", "coordinates": [9.566418333333333, 57.84155333333333]}, "properties": {"label": "ENZO 2", "mmsi": "620800050", "imo": "9236652", "name": "ENZO 2", "shiptype": "", "first_seen_utc": "2026-01-06T10:00:28Z", "last_seen_utc": "2026-01-12T15:34:05Z", "destination": "EGDAM", "eta": "{'Day': 24, 'Hour': 5, 'Minute': 0, 'Month': 1}", "display": "ENZO 2 (620800050)", "links": "<a href=\"https://www.vesselfinder.com/vessels?name=9236652\" target=\"_blank\" rel=\"noopener\">VesselFinder</a> | <a href=\"https://www.marinetraffic.com/en/ais/search/all?keyword=9236652\" target=\"_blank\" rel=\"noopener\">MarineTraffic</a>", "vf_url": "https://www.vesselfinder.com/vessels?name=9236652", "mst_url": "https://www.marinetraffic.com/en/ais/search/all?keyword=9236652", "method": "v3_2pass_track3d_fromru10d", "ru_seen_in_lookback": true, "in_monitor_on_day": true}}, {"type": "Feature", "geometry": {"type": "LineString", "coordinates": [[14.748061666666667, 55.354328333333335], [14.884568333333334, 55.338944999999995], [15.012443333333332, 55.300665], [15.148406666666666, 55.26035666666667], [15.277885, 55.252296666666666], [15.423868333333333, 55.253076666666665], [18.727521666666668, 54.982045], [18.838773333333332, 54.90193], [18.966495000000002, 54.832258333333336], [19.028246666666668, 54.73112833333333], [19.070764999999998, 54.62610333333334], [19.082206666666664, 54.56018166666667], [19.109246666666664, 54.57919166666667], [19.127605000000003, 54.61787833333334], [19.129265, 54.65743666666666], [19.130499999999998, 54.700829999999996], [19.134598333333333, 54.74744333333333], [19.138348333333333, 54.79009333333333], [19.130726666666664, 54.83395333333333], [19.121671666666668, 54.883985], [19.114003333333336, 54.931018333333334], [19.100448333333336, 54.98806833333333], [19.118553333333335, 54.93592833333333], [19.145300000000002, 54.843560000000004], [19.190521666666665, 54.78950333333333], [19.183083333333332, 54.840435], [19.168571666666665, 54.896908333333336], [19.150821666666666, 54.95832], [19.130736666666667, 55.019605], [19.147655, 54.93660333333333], [19.12244666666667, 54.83837333333334], [19.094839999999998, 54.73787166666667], [19.070151666666668, 54.63646666666667], [19.023161666666667, 54.54418833333333], [18.975481666666667, 54.491663333333335], [18.930933333333332, 54.452104999999996], [18.884856666666668, 54.449913333333335], [18.880436666666665, 54.452215], [18.878899999999998, 54.45211333333334], [18.879675000000002, 54.45211], [18.879003333333333, 54.45214166666666], [18.879466666666666, 54.45209166666667], [18.878828333333335, 54.45211], [18.87825666666667, 54.452128333333334], [18.879336666666667, 54.45209166666667], [18.8796, 54.45216166666667], [18.879416666666668, 54.45214], [18.879201666666667, 54.45215333333333], [18.87899666666667, 54.452106666666666], [18.87764333333333, 54.45223166666666], [18.877361666666665, 54.45235666666667], [18.877268333333333, 54.452443333333335], [18.87769666666667, 54.452365], [18.87906333333333, 54.45219833333333], [18.878848333333334, 54.452235], [18.879213333333333, 54.45227666666666], [18.878998333333335, 54.45238166666666], [18.879303333333333, 54.45243666666667], [18.87788833333333, 54.45281], [18.876753333333333, 54.45300666666667], [18.876340000000003, 54.45324166666667], [18.876711666666665, 54.45308833333333], [18.876303333333333, 54.45329], [18.87559333333333, 54.454010000000004], [18.875786666666666, 54.454269999999994], [18.87563, 54.45390166666667], [18.876246666666667, 54.45315], [18.87858333333333, 54.452325], [18.880550000000003, 54.452508333333334], [18.880319999999998, 54.45243833333333], [18.880503333333333, 54.45248333333333], [18.880266666666667, 54.45235], [18.880558333333333, 54.45249333333334], [18.88095, 54.45256333333334], [18.88035, 54.452414999999995], [18.880238333333335, 54.45239], [18.88033, 54.452418333333334], [18.880903333333332, 54.452585], [18.88083, 54.452565], [18.881293333333335, 54.45282833333333], [18.880903333333332, 54.452663333333334], [18.881548333333335, 54.45300666666667], [18.881325, 54.45291333333333]]}, "properties": {"label": "DF MYSTRAS", "mmsi": "636021311", "imo": "9941702", "name": "DF MYSTRAS", "shiptype": "", "first_seen_utc": "2026-01-06T13:48:41Z", "last_seen_utc": "2026-01-12T15:43:14Z", "destination": "LY ESI>PL GDN", "eta": "{'Day': 10, 'Hour': 15, 'Minute': 30, 'Month': 1}", "display": "", "links": "<a href=\"https://www.vesselfinder.com/vessels?name=9941702\" target=\"_blank\" rel=\"noopener\">VesselFinder</a> | <a href=\"https://www.marinetraffic.com/en/ais/search/all?keyword=9941702\" target=\"_blank\" rel=\"noopener\">MarineTraffic</a>", "vf_url": "https://www.vesselfinder.com/vessels?name=9941702", "mst_url": "https://www.marinetraffic.com/en/ais/search/all?keyword=9941702", "method": "v3_2pass_track3d_fromru10d", "ru_seen_in_lookback": true, "in_monitor_on_day": true}}, {"type": "Feature", "geometry": {"type": "Point", "coordinates": [18.881325, 54.45291333333333]}, "properties": {"label": "DF MYSTRAS", "mmsi": "636021311", "imo": "9941702", "name": "DF MYSTRAS", "shiptype": "", "first_seen_utc": "2026-01-06T13:48:41Z", "last_seen_utc": "2026-01-12T15:43:14Z", "destination": "LY ESI>PL GDN", "eta": "{'Day': 10, 'Hour': 15, 'Minute': 30, 'Month': 1}", "display": "DF MYSTRAS (636021311)", "links": "<a href=\"https://www.vesselfinder.com/vessels?name=9941702\" target=\"_blank\" rel=\"noopener\">VesselFinder</a> | <a href=\"https://www.marinetraffic.com/en/ais/search/all?keyword=9941702\" target=\"_blank\" rel=\"noopener\">MarineTraffic</a>", "vf_url": "https://www.vesselfinder.com/vessels?name=9941702", "mst_url": "https://www.marinetraffic.com/en/ais/search/all?keyword=9941702", "method": "v3_2pass_track3d_fromru10d", "ru_seen_in_lookback": true, "in_monitor_on_day": true}}, {"type": "Feature", "geometry": {"type": "LineString", "coordinates": [[18.801875, 54.60219], [18.801818333333333, 54.602225], [18.80181333333333, 54.60219333333334], [18.801828333333333, 54.602198333333334], [18.80185, 54.602185], [18.80185, 54.6022], [18.80182166666667, 54.60218833333333], [18.801823333333335, 54.60218], [18.801848333333332, 54.60218166666667], [18.80183333333333, 54.602198333333334], [18.801795000000002, 54.60218166666667], [18.80182166666667, 54.602198333333334], [18.801853333333334, 54.602203333333335], [18.801841666666668, 54.60220833333334], [18.80183333333333, 54.60219], [18.801838333333333, 54.60217333333333], [18.801840000000002, 54.60218666666666], [18.801856666666666, 54.60218333333333], [18.80183, 54.60218166666667], [18.801831666666665, 54.60215166666667], [18.801811666666666, 54.60218333333333], [18.80183, 54.60219666666667], [18.801825, 54.60219], [18.801841666666668, 54.602205000000005], [18.794228333333333, 54.58856333333333], [18.86788, 54.54777833333333], [18.9486, 54.509495], [19.043709999999997, 54.48111666666667], [19.080451666666665, 54.44909666666667], [19.11052, 54.435195], [19.150148333333334, 54.44852], [19.276005, 54.438586666666666], [19.232073333333336, 54.44062833333333], [19.18507, 54.435605], [19.151135, 54.434778333333334], [19.11985333333333, 54.44222666666667], [19.087953333333335, 54.446133333333336], [19.056508333333333, 54.45307666666667], [19.03928, 54.468891666666664], [19.07546166666667, 54.47695], [19.057826666666664, 54.475723333333335], [18.964760000000002, 54.506255]]}, "properties": {"label": "LEB-7", "mmsi": "261000830", "imo": "8799877", "name": "LEB-7", "shiptype": "", "first_seen_utc": "2026-01-06T16:20:27Z", "last_seen_utc": "2026-01-12T15:50:40Z", "destination": "HEL", "eta": "{'Day': 0, 'Hour': 24, 'Minute': 60, 'Month': 0}", "display": "", "links": "<a href=\"https://www.vesselfinder.com/vessels?name=8799877\" target=\"_blank\" rel=\"noopener\">VesselFinder</a> | <a href=\"https://www.marinetraffic.com/en/ais/search/all?keyword=8799877\" target=\"_blank\" rel=\"noopener\">MarineTraffic</a>", "vf_url": "https://www.vesselfinder.com/vessels?name=8799877", "mst_url": "https://www.marinetraffic.com/en/ais/search/all?keyword=8799877", "method": "v3_2pass_track3d_fromru10d", "ru_seen_in_lookback": true, "in_monitor_on_day": true}}, {"type": "Feature", "geometry": {"type": "Point", "coordinates": [18.964760000000002, 54.506255]}, "properties": {"label": "LEB-7", "mmsi": "261000830", "imo": "8799877", "name": "LEB-7", "shiptype": "", "first_seen_utc": "2026-01-06T16:20:27Z", "last_seen_utc": "2026-01-12T15:50:40Z", "destination": "HEL", "eta": "{'Day': 0, 'Hour': 24, 'Minute': 60, 'Month': 0}", "display": "LEB-7 (261000830)", "links": "<a href=\"https://www.vesselfinder.com/vessels?name=8799877\" target=\"_blank\" rel=\"noopener\">VesselFinder</a> | <a href=\"https://www.marinetraffic.com/en/ais/search/all?keyword=8799877\" target=\"_blank\" rel=\"noopener\">MarineTraffic</a>", "vf_url": "https://www.vesselfinder.com/vessels?name=8799877", "mst_url": "https://www.marinetraffic.com/en/ais/search/all?keyword=8799877", "method": "v3_2pass_track3d_fromru10d", "ru_seen_in_lookback": true, "in_monitor_on_day": true}}, {"type": "Feature", "geometry": {"type": "LineString", "coordinates": [[18.240231666666666, 54.91973333333333], [18.34759, 54.923201666666664], [18.463343333333334, 54.925585], [18.599731666666667, 54.92252166666666], [18.735875, 54.876515000000005], [18.876318333333334, 54.817413333333334], [18.993858333333332, 54.749608333333335], [19.058088333333334, 54.65676], [19.035773333333335, 54.564991666666664], [18.96968, 54.48206833333334], [18.874748333333333, 54.447255000000006], [18.841695, 54.457505], [18.840888333333332, 54.455711666666666], [18.842566666666666, 54.455535000000005], [18.842616666666668, 54.45543333333333], [18.84138, 54.455505], [18.842735, 54.45535333333333], [18.841986666666667, 54.455346666666664], [18.842271666666665, 54.455355000000004], [18.842468333333333, 54.455345], [18.842660000000002, 54.45535666666667], [18.84353666666667, 54.45538666666666], [18.84216, 54.45534833333333], [18.842679999999998, 54.45520666666666], [18.842378333333333, 54.455193333333334], [18.8433, 54.45522166666667], [18.842621666666666, 54.455175000000004], [18.842651666666665, 54.45514166666667], [18.842431666666666, 54.455180000000006], [18.843256666666665, 54.455243333333335], [18.842188333333336, 54.45514166666667], [18.843268333333334, 54.455178333333336], [18.84279666666667, 54.455165], [18.842561666666665, 54.455135000000006], [18.842695, 54.45514], [18.84270666666667, 54.45521833333333], [18.842578333333332, 54.455220000000004], [18.841806666666667, 54.455223333333336], [18.841936666666665, 54.455241666666666], [18.841146666666667, 54.45538166666667], [18.84209, 54.45521], [18.841336666666667, 54.45536833333333], [18.841450000000002, 54.45549166666667], [18.841330000000003, 54.455391666666664], [18.841835, 54.455333333333336], [18.84146666666667, 54.45545666666667], [18.841535, 54.455416666666665], [18.84080833333333, 54.45561166666666], [18.840141666666668, 54.45588333333333], [18.83964, 54.45641666666667], [18.84008, 54.45625333333333], [18.840571666666666, 54.45596166666667], [18.840598333333332, 54.45590333333334], [18.841896666666667, 54.45585166666667], [18.843876666666667, 54.45553666666667], [18.842086666666667, 54.45540833333334], [18.841093333333333, 54.45586], [18.842906666666668, 54.45530833333333], [18.842591666666667, 54.45529833333333], [18.843045, 54.455378333333336], [18.84317666666667, 54.455435], [18.84350166666667, 54.455270000000006], [18.84350166666667, 54.4553], [18.843786666666666, 54.45535666666667], [18.843935, 54.45536166666667], [18.84374, 54.45533833333333], [18.843818333333335, 54.45538166666667], [18.844025, 54.455423333333336], [18.84423333333333, 54.45548333333333], [18.844541666666665, 54.455704999999995], [18.84419, 54.45554], [18.84376166666667, 54.456255000000006], [18.840775, 54.44693333333333], [18.825301666666668, 54.418185]]}, "properties": {"label": "BENJAMIN OLDENDORFF", "mmsi": "255806325", "imo": "9853034", "name": "BENJAMIN OLDENDORFF", "shiptype": "", "first_seen_utc": "2026-01-06T19:40:43Z", "last_seen_utc": "2026-01-12T15:57:55Z", "destination": "PL GDN", "eta": "{'Day': 11, 'Hour': 5, 'Minute': 0, 'Month': 1}", "display": "", "links": "<a href=\"https://www.vesselfinder.com/vessels?name=9853034\" target=\"_blank\" rel=\"noopener\">VesselFinder</a> | <a href=\"https://www.marinetraffic.com/en/ais/search/all?keyword=9853034\" target=\"_blank\" rel=\"noopener\">MarineTraffic</a>", "vf_url": "https://www.vesselfinder.com/vessels?name=9853034", "mst_url": "https://www.marinetraffic.com/en/ais/search/all?keyword=9853034", "method": "v3_2pass_track3d_fromru10d", "ru_seen_in_lookback": true, "in_monitor_on_day": true}}, {"type": "Feature", "geometry": {"type": "Point", "coordinates": [18.825301666666668, 54.418185]}, "properties": {"label": "BENJAMIN OLDENDORFF", "mmsi": "255806325", "imo": "9853034", "name": "BENJAMIN OLDENDORFF", "shiptype": "", "first_seen_utc": "2026-01-06T19:40:43Z", "last_seen_utc": "2026-01-12T15:57:55Z", "destination": "PL GDN", "eta": "{'Day': 11, 'Hour': 5, 'Minute': 0, 'Month': 1}", "display": "BENJAMIN OLDENDORFF (255806325)", "links": "<a href=\"https://www.vesselfinder.com/vessels?name=9853034\" target=\"_blank\" rel=\"noopener\">VesselFinder</a> | <a href=\"https://www.marinetraffic.com/en/ais/search/all?keyword=9853034\" target=\"_blank\" rel=\"noopener\">MarineTraffic</a>", "vf_url": "https://www.vesselfinder.com/vessels?name=9853034", "mst_url": "https://www.marinetraffic.com/en/ais/search/all?keyword=9853034", "method": "v3_2pass_track3d_fromru10d", "ru_seen_in_lookback": true, "in_monitor_on_day": true}}, {"type": "Feature", "geometry": {"type": "LineString", "coordinates": [[10.486498333333333, 57.84542166666667], [9.911695, 57.83098833333334], [9.663258333333333, 57.77672166666667], [9.473106666666666, 57.717036666666665], [8.816120000000002, 57.53845], [8.628598333333334, 57.47766166666667], [8.453326666666666, 57.405895], [8.294351666666666, 57.33226], [8.161863333333333, 57.24602333333333], [8.04906, 57.15407833333334], [2.6133266666666666, 52.00054166666666], [2.5992966666666666, 51.905408333333334], [1.958515, 51.45029833333333], [1.8789416666666667, 51.39167666666666], [1.8257166666666669, 51.320813333333334], [1.774165, 51.25047333333334], [1.6948116666666666, 51.19141333333334], [1.6008866666666668, 51.142691666666664], [1.498565, 51.091905], [1.3883983333333334, 51.039253333333335]]}, "properties": {"label": "REGINA S", "mmsi": "636023501", "imo": "9767041", "name": "REGINA S", "shiptype": "", "first_seen_utc": "2026-01-07T00:03:42Z", "last_seen_utc": "2026-01-12T11:11:25Z", "destination": "MA CAS", "eta": "{'Day': 16, 'Hour': 12, 'Minute': 0, 'Month': 1}", "display": "", "links": "<a href=\"https://www.vesselfinder.com/vessels?name=9767041\" target=\"_blank\" rel=\"noopener\">VesselFinder</a> | <a href=\"https://www.marinetraffic.com/en/ais/search/all?keyword=9767041\" target=\"_blank\" rel=\"noopener\">MarineTraffic</a>", "vf_url": "https://www.vesselfinder.com/vessels?name=9767041", "mst_url": "https://www.marinetraffic.com/en/ais/search/all?keyword=9767041", "method": "v3_2pass_track3d_fromru10d", "ru_seen_in_lookback": true, "in_monitor_on_day": true}}, {"type": "Feature", "geometry": {"type": "Point", "coordinates": [1.3883983333333334, 51.039253333333335]}, "properties": {"label": "REGINA S", "mmsi": "636023501", "imo": "9767041", "name": "REGINA S", "shiptype": "", "first_seen_utc": "2026-01-07T00:03:42Z", "last_seen_utc": "2026-01-12T11:11:25Z", "destination": "MA CAS", "eta": "{'Day': 16, 'Hour': 12, 'Minute': 0, 'Month': 1}", "display": "REGINA S (636023501)", "links": "<a href=\"https://www.vesselfinder.com/vessels?name=9767041\" target=\"_blank\" rel=\"noopener\">VesselFinder</a> | <a href=\"https://www.marinetraffic.com/en/ais/search/all?keyword=9767041\" target=\"_blank\" rel=\"noopener\">MarineTraffic</a>", "vf_url": "https://www.vesselfinder.com/vessels?name=9767041", "mst_url": "https://www.marinetraffic.com/en/ais/search/all?keyword=9767041", "method": "v3_2pass_track3d_fromru10d", "ru_seen_in_lookback": true, "in_monitor_on_day": true}}, {"type": "Feature", "geometry": {"type": "LineString", "coordinates": [[18.674030000000002, 54.695885], [18.674795, 54.695955000000005], [18.674030000000002, 54.6959], [18.674069999999997, 54.688185], [18.731479999999998, 54.62437], [18.823359999999997, 54.590334999999996], [18.848435, 54.611385000000006], [18.839685, 54.63163], [18.822655, 54.65014], [18.802535, 54.670265], [18.787585, 54.692710000000005], [18.822775, 54.69515], [18.841150000000003, 54.670370000000005], [18.870485, 54.64995], [18.89469, 54.626025], [18.934874999999998, 54.620655000000006], [18.976405, 54.614105], [19.016295, 54.603705], [19.039625, 54.5847], [19.001170000000002, 54.583745], [18.972465, 54.59407], [18.965625, 54.614034999999994], [18.963874999999998, 54.61594], [18.945345, 54.60544], [18.864475000000002, 54.592095]]}, "properties": {"label": "JAS 31", "mmsi": "261006050", "imo": "", "name": "JAS 31", "shiptype": "", "first_seen_utc": "2026-01-07T03:55:43Z", "last_seen_utc": "2026-01-12T15:52:38Z", "destination": "HOME TO OLA", "eta": "{'Day': 0, 'Hour': 24, 'Minute': 60, 'Month': 0}", "display": "", "links": "<a href=\"https://www.vesselfinder.com/vessels?name=261006050\" target=\"_blank\" rel=\"noopener\">VesselFinder</a> | <a href=\"https://www.marinetraffic.com/en/ais/search/all?keyword=261006050\" target=\"_blank\" rel=\"noopener\">MarineTraffic</a>", "vf_url": "https://www.vesselfinder.com/vessels?name=261006050", "mst_url": "https://www.marinetraffic.com/en/ais/search/all?keyword=261006050", "method": "v3_2pass_track3d_fromru10d", "ru_seen_in_lookback": true, "in_monitor_on_day": true}}, {"type": "Feature", "geometry": {"type": "Point", "coordinates": [18.864475000000002, 54.592095]}, "properties": {"label": "JAS 31", "mmsi": "261006050", "imo": "", "name": "JAS 31", "shiptype": "", "first_seen_utc": "2026-01-07T03:55:43Z", "last_seen_utc": "2026-01-12T15:52:38Z", "destination": "HOME TO OLA", "eta": "{'Day': 0, 'Hour': 24, 'Minute': 60, 'Month': 0}", "display": "JAS 31 (261006050)", "links": "<a href=\"https://www.vesselfinder.com/vessels?name=261006050\" target=\"_blank\" rel=\"noopener\">VesselFinder</a> | <a href=\"https://www.marinetraffic.com/en/ais/search/all?keyword=261006050\" target=\"_blank\" rel=\"noopener\">MarineTraffic</a>", "vf_url": "https://www.vesselfinder.com/vessels?name=261006050", "mst_url": "https://www.marinetraffic.com/en/ais/search/all?keyword=261006050", "method": "v3_2pass_track3d_fromru10d", "ru_seen_in_lookback": true, "in_monitor_on_day": true}}, {"type": "Feature", "geometry": {"type": "LineString", "coordinates": [[18.80255, 54.60263833333333], [18.802546666666668, 54.602635], [18.82214, 54.576865], [18.949731666666665, 54.56102833333333], [19.06828, 54.581365], [19.157564999999998, 54.631675], [19.18032, 54.67222833333334], [19.204391666666666, 54.65124], [19.248616666666667, 54.62723666666667], [19.287390000000002, 54.60569666666667], [19.254185, 54.61391666666667], [19.220063333333332, 54.62501333333333], [19.233363333333333, 54.598216666666666], [19.257805, 54.58679666666667], [19.26523166666667, 54.568866666666665], [19.262448333333335, 54.54593333333333], [19.247014999999998, 54.52341666666667], [19.23400333333333, 54.49832666666667], [19.225458333333332, 54.474255], [19.251098333333335, 54.46369666666667], [19.223145, 54.48142333333333]]}, "properties": {"label": "HEL-152", "mmsi": "261006110", "imo": "8600284", "name": "HEL-152", "shiptype": "", "first_seen_utc": "2026-01-07T04:24:52Z", "last_seen_utc": "2026-01-12T15:54:48Z", "destination": "", "eta": "{'Day': 10, 'Hour': 0, 'Minute': 30, 'Month': 2}", "display": "", "links": "<a href=\"https://www.vesselfinder.com/vessels?name=8600284\" target=\"_blank\" rel=\"noopener\">VesselFinder</a> | <a href=\"https://www.marinetraffic.com/en/ais/search/all?keyword=8600284\" target=\"_blank\" rel=\"noopener\">MarineTraffic</a>", "vf_url": "https://www.vesselfinder.com/vessels?name=8600284", "mst_url": "https://www.marinetraffic.com/en/ais/search/all?keyword=8600284", "method": "v3_2pass_track3d_fromru10d", "ru_seen_in_lookback": true, "in_monitor_on_day": true}}, {"type": "Feature", "geometry": {"type": "Point", "coordinates": [19.223145, 54.48142333333333]}, "properties": {"label": "HEL-152", "mmsi": "261006110", "imo": "8600284", "name": "HEL-152", "shiptype": "", "first_seen_utc": "2026-01-07T04:24:52Z", "last_seen_utc": "2026-01-12T15:54:48Z", "destination": "", "eta": "{'Day': 10, 'Hour': 0, 'Minute': 30, 'Month': 2}", "display": "HEL-152 (261006110)", "links": "<a href=\"https://www.vesselfinder.com/vessels?name=8600284\" target=\"_blank\" rel=\"noopener\">VesselFinder</a> | <a href=\"https://www.marinetraffic.com/en/ais/search/all?keyword=8600284\" target=\"_blank\" rel=\"noopener\">MarineTraffic</a>", "vf_url": "https://www.vesselfinder.com/vessels?name=8600284", "mst_url": "https://www.marinetraffic.com/en/ais/search/all?keyword=8600284", "method": "v3_2pass_track3d_fromru10d", "ru_seen_in_lookback": true, "in_monitor_on_day": true}}, {"type": "Feature", "geometry": {"type": "LineString", "coordinates": [[15.280220000000002, 55.633320000000005], [14.983598333333333, 55.56023833333334], [12.374338333333332, 54.65945333333333], [12.28743, 54.60863333333334], [12.22935, 54.537310000000005], [12.150048333333332, 54.44267], [11.964038333333333, 54.443035], [11.776399999999999, 54.44852], [11.596013333333334, 54.48273166666667], [11.42258, 54.527005], [11.244801666666666, 54.578071666666666], [11.050331666666667, 54.59661833333333], [10.870835, 54.647155], [10.779203333333333, 54.732085], [10.836438333333332, 54.8448], [10.871381666666668, 54.908855], [10.974398333333333, 54.975303333333336], [10.990713333333334, 55.08618166666667], [11.05613, 55.18248666666667], [11.067715, 55.276395], [10.834538333333334, 55.578343333333336], [10.801173333333333, 55.62183666666667], [10.780523333333333, 55.652525], [10.768365, 55.67125166666666], [10.792006666666667, 55.720065], [11.093231666666666, 56.13837], [10.497586666666667, 57.85155666666667], [10.286065, 57.845415], [10.078841666666667, 57.83824166666667], [9.861496666666666, 57.83104], [9.666654999999999, 57.82401], [9.502911666666668, 57.783975000000005], [9.340396666666667, 57.73736666666667], [9.179601666666667, 57.68509166666667], [8.999886666666667, 57.634035000000004], [8.824046666666668, 57.587448333333334], [8.584775, 57.49433166666667], [8.241771666666667, 57.36004166666667], [8.062651666666666, 57.30609166666667]]}, "properties": {"label": "HAPPY LADY", "mmsi": "241281000", "imo": "9644225", "name": "HAPPY LADY", "shiptype": "", "first_seen_utc": "2026-01-07T05:07:59Z", "last_seen_utc": "2026-01-12T08:28:56Z", "destination": "TRALI FOR ORDERS", "eta": "{'Day': 23, 'Hour': 10, 'Minute': 0, 'Month': 1}", "display": "", "links": "<a href=\"https://www.vesselfinder.com/vessels?name=9644225\" target=\"_blank\" rel=\"noopener\">VesselFinder</a> | <a href=\"https://www.marinetraffic.com/en/ais/search/all?keyword=9644225\" target=\"_blank\" rel=\"noopener\">MarineTraffic</a>", "vf_url": "https://www.vesselfinder.com/vessels?name=9644225", "mst_url": "https://www.marinetraffic.com/en/ais/search/all?keyword=9644225", "method": "v3_2pass_track3d_fromru10d", "ru_seen_in_lookback": true, "in_monitor_on_day": true}}, {"type": "Feature", "geometry": {"type": "Point", "coordinates": [8.062651666666666, 57.30609166666667]}, "properties": {"label": "HAPPY LADY", "mmsi": "241281000", "imo": "9644225", "name": "HAPPY LADY", "shiptype": "", "first_seen_utc": "2026-01-07T05:07:59Z", "last_seen_utc": "2026-01-12T08:28:56Z", "destination": "TRALI FOR ORDERS", "eta": "{'Day': 23, 'Hour': 10, 'Minute': 0, 'Month': 1}", "display": "HAPPY LADY (241281000)", "links": "<a href=\"https://www.vesselfinder.com/vessels?name=9644225\" target=\"_blank\" rel=\"noopener\">VesselFinder</a> | <a href=\"https://www.marinetraffic.com/en/ais/search/all?keyword=9644225\" target=\"_blank\" rel=\"noopener\">MarineTraffic</a>", "vf_url": "https://www.vesselfinder.com/vessels?name=9644225", "mst_url": "https://www.marinetraffic.com/en/ais/search/all?keyword=9644225", "method": "v3_2pass_track3d_fromru10d", "ru_seen_in_lookback": true, "in_monitor_on_day": true}}, {"type": "Feature", "geometry": {"type": "LineString", "coordinates": [[18.883531666666666, 54.442413333333334], [18.88483, 54.44199666666667], [18.883249999999997, 54.442515], [18.884563333333332, 54.44211333333333], [18.884541666666667, 54.442165], [18.883305, 54.44239166666667], [18.885431666666666, 54.441698333333335], [18.88356333333333, 54.44206666666666], [18.883635, 54.44186833333333], [18.88484, 54.441538333333334], [18.884138333333333, 54.44179166666667], [18.884166666666665, 54.44170333333333], [18.884555, 54.441633333333336], [18.883445, 54.441835], [18.885338333333333, 54.441428333333334], [18.883553333333335, 54.44175833333334], [18.885493333333333, 54.441336666666665], [18.88385, 54.441765000000004], [18.885371666666668, 54.44137], [18.884633333333333, 54.441453333333335], [18.88538833333333, 54.44135166666667], [18.884751666666666, 54.44142333333333], [18.883668333333333, 54.44112833333334], [18.885301666666667, 54.440871666666666], [18.885646666666666, 54.44077], [18.884461666666667, 54.440933333333334], [18.885258333333336, 54.440733333333334], [18.885785, 54.440695], [18.886051666666667, 54.440643333333334], [18.886643333333332, 54.44060833333333], [18.884763333333336, 54.44077666666667], [18.884736666666665, 54.440605], [18.885080000000002, 54.440540000000006], [18.88534333333333, 54.440508333333334], [18.885056666666667, 54.44008833333333], [18.884939999999997, 54.43997666666667], [18.885038333333334, 54.43993833333333], [18.885843333333334, 54.43989666666666], [18.886828333333334, 54.439933333333336], [18.88665, 54.439996666666666], [18.885228333333334, 54.43986666666667], [18.885998333333337, 54.439865000000005], [18.887558333333335, 54.439926666666665], [18.887643333333333, 54.43989666666666], [18.887663333333332, 54.439933333333336], [18.884903333333334, 54.4398], [18.88701, 54.44007], [18.887391666666666, 54.43994166666666], [18.885628333333333, 54.440041666666666], [18.88643, 54.43980333333333], [18.887448333333335, 54.440025], [18.887366666666665, 54.43989166666667], [18.88714333333333, 54.440365], [18.88619, 54.43957666666667], [18.885528333333333, 54.439598333333336], [18.885434999999998, 54.439546666666665], [18.88554333333333, 54.43958166666666], [18.886603333333333, 54.43951833333333], [18.886671666666665, 54.439555000000006], [18.88489333333333, 54.43958666666666], [18.884580000000003, 54.439625], [18.884956666666668, 54.43968333333333], [18.88581, 54.439589999999995], [18.885928333333332, 54.43962666666666], [18.885188333333335, 54.439658333333334], [18.885241666666666, 54.43954333333333], [18.885996666666664, 54.43956166666667], [18.88615, 54.439535], [18.88629, 54.43956], [18.886755, 54.43958166666666], [18.885611666666666, 54.43954833333333], [18.88714333333333, 54.439600000000006], [18.886128333333332, 54.43949], [18.887741666666667, 54.439753333333336], [18.88714, 54.43960833333333], [18.886491666666664, 54.43949166666666], [18.88628, 54.43947], [18.887631666666667, 54.439721666666664], [18.88795, 54.43973666666667], [18.885928333333332, 54.43953333333333], [18.886956666666666, 54.43957833333333], [18.886773333333334, 54.439568333333334], [18.88597, 54.43951333333334], [18.886378333333333, 54.43951833333333], [18.886671666666665, 54.43954833333333], [18.88644833333333, 54.439505000000004], [18.887218333333333, 54.43962], [18.88665, 54.439615], [18.88609166666667, 54.439478333333334], [18.886588333333336, 54.43955833333334], [18.88594833333333, 54.439544999999995], [18.88511833333333, 54.43981333333333], [18.88544166666667, 54.43971], [18.885595000000002, 54.439676666666664], [18.885893333333335, 54.43969833333333], [18.886146666666665, 54.439715], [18.887116666666667, 54.439805], [18.885715, 54.43979], [18.886338333333335, 54.439845], [18.885659999999998, 54.439805], [18.884871666666665, 54.440039999999996], [18.885493333333333, 54.440129999999996], [18.88615, 54.44014333333334], [18.885786666666668, 54.44012], [18.88577666666667, 54.43995833333334], [18.887043333333335, 54.439973333333334], [18.886941666666665, 54.440039999999996], [18.88648, 54.439769999999996], [18.886253333333332, 54.43991333333334], [18.886396666666666, 54.440025], [18.88694333333333, 54.439780000000006], [18.887031666666665, 54.43971333333333], [18.887345, 54.439766666666664], [18.887223333333335, 54.43971], [18.887675, 54.439793333333334], [18.887864999999998, 54.439805], [18.887661666666666, 54.439798333333336], [18.887075, 54.439688333333336], [18.887528333333332, 54.43973166666667], [18.887698333333333, 54.439796666666666], [18.88766, 54.439780000000006], [18.887623333333334, 54.439838333333334], [18.887681666666666, 54.439843333333336], [18.887518333333333, 54.43978833333333], [18.887983333333334, 54.439985], [18.887528333333332, 54.43981833333333]]}, "properties": {"label": "SEALING", "mmsi": "211397660", "imo": "9251652", "name": "SEALING", "shiptype": "", "first_seen_utc": "2026-01-07T12:22:09Z", "last_seen_utc": "2026-01-12T15:46:58Z", "destination": "PLGDN ANCH5", "eta": "{'Day': 7, 'Hour': 16, 'Minute': 0, 'Month': 1}", "display": "", "links": "<a href=\"https://www.vesselfinder.com/vessels?name=9251652\" target=\"_blank\" rel=\"noopener\">VesselFinder</a> | <a href=\"https://www.marinetraffic.com/en/ais/search/all?keyword=9251652\" target=\"_blank\" rel=\"noopener\">MarineTraffic</a>", "vf_url": "https://www.vesselfinder.com/vessels?name=9251652", "mst_url": "https://www.marinetraffic.com/en/ais/search/all?keyword=9251652", "method": "v3_2pass_track3d_fromru10d", "ru_seen_in_lookback": true, "in_monitor_on_day": true}}, {"type": "Feature", "geometry": {"type": "Point", "coordinates": [18.887528333333332, 54.43981833333333]}, "properties": {"label": "SEALING", "mmsi": "211397660", "imo": "9251652", "name": "SEALING", "shiptype": "", "first_seen_utc": "2026-01-07T12:22:09Z", "last_seen_utc": "2026-01-12T15:46:58Z", "destination": "PLGDN ANCH5", "eta": "{'Day': 7, 'Hour': 16, 'Minute': 0, 'Month': 1}", "display": "SEALING (211397660)", "links": "<a href=\"https://www.vesselfinder.com/vessels?name=9251652\" target=\"_blank\" rel=\"noopener\">VesselFinder</a> | <a href=\"https://www.marinetraffic.com/en/ais/search/all?keyword=9251652\" target=\"_blank\" rel=\"noopener\">MarineTraffic</a>", "vf_url": "https://www.vesselfinder.com/vessels?name=9251652", "mst_url": "https://www.marinetraffic.com/en/ais/search/all?keyword=9251652", "method": "v3_2pass_track3d_fromru10d", "ru_seen_in_lookback": true, "in_monitor_on_day": true}}, {"type": "Feature", "geometry": {"type": "LineString", "coordinates": [[18.647946666666666, 54.37271333333333], [18.647881666666667, 54.372679999999995], [18.647916666666667, 54.37271333333333], [18.64793166666667, 54.37269666666667], [18.64792333333333, 54.37267333333333], [18.647946666666666, 54.37269666666667], [18.647936666666666, 54.37269666666667], [18.6479, 54.372719999999994], [18.647904999999998, 54.37273666666667], [18.647916666666667, 54.37269666666667], [18.64787833333333, 54.372679999999995], [18.64793166666667, 54.37269666666667], [18.647904999999998, 54.372706666666666], [18.64796, 54.37271333333333], [18.647936666666666, 54.372679999999995], [18.647963333333333, 54.372679999999995], [18.647896666666668, 54.372706666666666], [18.647983333333332, 54.37269666666667], [18.647913333333335, 54.37269666666667], [18.647896666666668, 54.372706666666666], [18.647871666666667, 54.37271333333333], [18.6479, 54.37269666666667], [18.647933333333334, 54.37269666666667], [18.647965, 54.37269666666667], [18.647925, 54.372746666666664], [18.647896666666668, 54.37271333333333], [18.647916666666667, 54.37267333333333], [18.647943333333334, 54.37269666666667], [18.64790833333333, 54.372706666666666], [18.64792333333333, 54.372706666666666], [18.64793166666667, 54.372719999999994], [18.647925, 54.37271333333333], [18.647925, 54.372706666666666], [18.647971666666667, 54.372706666666666], [18.647896666666668, 54.37271333333333], [18.647928333333333, 54.372719999999994], [18.647916666666667, 54.372679999999995], [18.647941666666668, 54.372706666666666], [18.647943333333334, 54.372663333333335], [18.64796833333333, 54.37269666666667], [18.647941666666668, 54.372706666666666], [18.6479, 54.37269666666667], [18.6479, 54.372706666666666], [18.64793166666667, 54.37267333333333], [18.647981666666666, 54.372679999999995], [18.647941666666668, 54.372679999999995], [18.647933333333334, 54.372679999999995], [18.647949999999998, 54.37269666666667], [18.64792, 54.372679999999995], [18.647955000000003, 54.372679999999995], [18.647941666666668, 54.372706666666666], [18.647983333333332, 54.37264666666667], [18.64787, 54.37271333333333], [18.647938333333332, 54.37271333333333], [18.64793166666667, 54.372706666666666], [18.64793166666667, 54.372719999999994], [18.64793166666667, 54.372719999999994], [18.647916666666667, 54.37269666666667], [18.64787833333333, 54.37271333333333], [18.647904999999998, 54.37269666666667], [18.64792, 54.372719999999994], [18.647928333333333, 54.37269666666667], [18.647896666666668, 54.37269666666667], [18.647916666666667, 54.372679999999995], [18.647941666666668, 54.372719999999994], [18.647925, 54.37269666666667], [18.647941666666668, 54.372706666666666], [18.647898333333334, 54.372706666666666], [18.647896666666668, 54.37269666666667], [18.647933333333334, 54.37269666666667], [18.64795666666667, 54.37271333333333], [18.64795666666667, 54.372719999999994], [18.647951666666664, 54.37271333333333], [18.647946666666666, 54.372640000000004], [18.647936666666666, 54.372679999999995], [18.647925, 54.372679999999995], [18.647949999999998, 54.372706666666666], [18.647975, 54.372679999999995], [18.647925, 54.372730000000004], [18.64788, 54.372679999999995], [18.64795666666667, 54.37269666666667], [18.647896666666668, 54.372679999999995], [18.647925, 54.37269666666667], [18.647916666666667, 54.37271333333333], [18.647963333333333, 54.37269666666667], [18.647925, 54.37271333333333], [18.647904999999998, 54.37269666666667], [18.647943333333334, 54.372679999999995], [18.647913333333335, 54.37269666666667], [18.647916666666667, 54.372679999999995], [18.64796833333333, 54.37269666666667], [18.647955000000003, 54.37267333333333], [18.647951666666664, 54.37269666666667], [18.647941666666668, 54.37271333333333], [18.647943333333334, 54.37269666666667], [18.64793166666667, 54.37269666666667], [18.647925, 54.37271333333333], [18.647943333333334, 54.372679999999995], [18.64790833333333, 54.372706666666666], [18.6479, 54.37271333333333], [18.647949999999998, 54.37267333333333], [18.647915, 54.37269666666667], [18.64790833333333, 54.37269666666667], [18.647916666666667, 54.372679999999995], [18.647915, 54.37269666666667], [18.647971666666667, 54.37271333333333], [18.64793166666667, 54.372679999999995], [18.64792333333333, 54.37269666666667], [18.64787833333333, 54.372753333333335], [18.647915, 54.37271333333333], [18.64793166666667, 54.372706666666666], [18.647936666666666, 54.37269666666667], [18.647881666666667, 54.372679999999995], [18.647933333333334, 54.372679999999995], [18.64789, 54.37271333333333], [18.647904999999998, 54.372679999999995], [18.647916666666667, 54.37267333333333], [18.647898333333334, 54.372719999999994], [18.647913333333335, 54.37271333333333], [18.647925, 54.372640000000004], [18.647938333333332, 54.372663333333335], [18.6479, 54.372679999999995], [18.647913333333335, 54.372679999999995], [18.647916666666667, 54.37271333333333], [18.647896666666668, 54.37269666666667], [18.64793166666667, 54.372719999999994]]}, "properties": {"label": "ERLEND", "mmsi": "275031017", "imo": "8820339", "name": "ERLEND", "shiptype": "", "first_seen_utc": "2026-01-07T15:20:51Z", "last_seen_utc": "2026-01-12T15:45:16Z", "destination": "PLGDN", "eta": "{'Day': 8, 'Hour': 8, 'Minute': 0, 'Month': 1}", "display": "", "links": "<a href=\"https://www.vesselfinder.com/vessels?name=8820339\" target=\"_blank\" rel=\"noopener\">VesselFinder</a> | <a href=\"https://www.marinetraffic.com/en/ais/search/all?keyword=8820339\" target=\"_blank\" rel=\"noopener\">MarineTraffic</a>", "vf_url": "https://www.vesselfinder.com/vessels?name=8820339", "mst_url": "https://www.marinetraffic.com/en/ais/search/all?keyword=8820339", "method": "v3_2pass_track3d_fromru10d", "ru_seen_in_lookback": true, "in_monitor_on_day": true}}, {"type": "Feature", "geometry": {"type": "Point", "coordinates": [18.64793166666667, 54.372719999999994]}, "properties": {"label": "ERLEND", "mmsi": "275031017", "imo": "8820339", "name": "ERLEND", "shiptype": "", "first_seen_utc": "2026-01-07T15:20:51Z", "last_seen_utc": "2026-01-12T15:45:16Z", "destination": "PLGDN", "eta": "{'Day': 8, 'Hour': 8, 'Minute': 0, 'Month': 1}", "display": "ERLEND (275031017)", "links": "<a href=\"https://www.vesselfinder.com/vessels?name=8820339\" target=\"_blank\" rel=\"noopener\">VesselFinder</a> | <a href=\"https://www.marinetraffic.com/en/ais/search/all?keyword=8820339\" target=\"_blank\" rel=\"noopener\">MarineTraffic</a>", "vf_url": "https://www.vesselfinder.com/vessels?name=8820339", "mst_url": "https://www.marinetraffic.com/en/ais/search/all?keyword=8820339", "method": "v3_2pass_track3d_fromru10d", "ru_seen_in_lookback": true, "in_monitor_on_day": true}}, {"type": "Feature", "geometry": {"type": "LineString", "coordinates": [[15.314666666666666, 55.65083333333334], [15.065166666666666, 55.57683333333333], [12.231166666666667, 54.54533333333333], [12.179333333333334, 54.44983333333333], [12.0045, 54.44233333333333], [11.821, 54.445166666666665], [11.644833333333334, 54.47416666666666], [11.476833333333333, 54.5145], [11.307166666666665, 54.5635], [11.129833333333332, 54.5995], [10.940666666666667, 54.621], [10.801833333333333, 54.694833333333335], [10.828333333333335, 54.800333333333334], [10.869333333333334, 54.917], [10.984333333333332, 55.00966666666667], [10.991833333333334, 55.11816666666667], [11.090666666666667, 55.20283333333334], [11.047333333333334, 55.30416666666667], [10.833833333333333, 55.57183333333333], [10.792499999999999, 55.6775], [10.8145, 55.783500000000004], [10.494833333333334, 57.853500000000004], [10.279333333333334, 57.84883333333333], [10.057333333333334, 57.851], [9.844, 57.841833333333334], [9.618833333333333, 57.82666666666667], [9.431666666666667, 57.79666666666667], [9.252999999999998, 57.74433333333333], [9.069333333333333, 57.69133333333333], [8.884333333333332, 57.638000000000005], [8.7045, 57.58583333333333], [8.5215, 57.533833333333334], [8.344666666666667, 57.481], [8.172500000000001, 57.4295], [8.000833333333334, 57.3785], [7.878666666666667, 57.30883333333334]]}, "properties": {"label": "PANTERA", "mmsi": "311001728", "imo": "9301914", "name": "PANTERA", "shiptype": "", "first_seen_utc": "2026-01-08T11:18:32Z", "last_seen_utc": "2026-01-12T04:19:46Z", "destination": "BRAZIL FOR ORDER", "eta": "{'Day': 31, 'Hour': 20, 'Minute': 10, 'Month': 1}", "display": "", "links": "<a href=\"https://www.vesselfinder.com/vessels?name=9301914\" target=\"_blank\" rel=\"noopener\">VesselFinder</a> | <a href=\"https://www.marinetraffic.com/en/ais/search/all?keyword=9301914\" target=\"_blank\" rel=\"noopener\">MarineTraffic</a>", "vf_url": "https://www.vesselfinder.com/vessels?name=9301914", "mst_url": "https://www.marinetraffic.com/en/ais/search/all?keyword=9301914", "method": "v3_2pass_track3d_fromru10d", "ru_seen_in_lookback": true, "in_monitor_on_day": true}}, {"type": "Feature", "geometry": {"type": "Point", "coordinates": [7.878666666666667, 57.30883333333334]}, "properties": {"label": "PANTERA", "mmsi": "311001728", "imo": "9301914", "name": "PANTERA", "shiptype": "", "first_seen_utc": "2026-01-08T11:18:32Z", "last_seen_utc": "2026-01-12T04:19:46Z", "destination": "BRAZIL FOR ORDER", "eta": "{'Day': 31, 'Hour': 20, 'Minute': 10, 'Month': 1}", "display": "PANTERA (311001728)", "links": "<a href=\"https://www.vesselfinder.com/vessels?name=9301914\" target=\"_blank\" rel=\"noopener\">VesselFinder</a> | <a href=\"https://www.marinetraffic.com/en/ais/search/all?keyword=9301914\" target=\"_blank\" rel=\"noopener\">MarineTraffic</a>", "vf_url": "https://www.vesselfinder.com/vessels?name=9301914", "mst_url": "https://www.marinetraffic.com/en/ais/search/all?keyword=9301914", "method": "v3_2pass_track3d_fromru10d", "ru_seen_in_lookback": true, "in_monitor_on_day": true}}, {"type": "Feature", "geometry": {"type": "LineString", "coordinates": [[18.522001666666664, 54.53702333333333], [18.522013333333334, 54.537018333333336], [18.522035000000002, 54.53698], [18.522043333333333, 54.53702833333333], [18.522026666666665, 54.537015], [18.522021666666667, 54.53698], [18.522031666666667, 54.53699166666667], [18.52202833333333, 54.53699166666667], [18.522025, 54.53700166666667], [18.521966666666668, 54.537005], [18.522121666666667, 54.53737666666667], [18.52204833333333, 54.53701], [18.522038333333334, 54.537015], [18.522031666666667, 54.537], [18.522015, 54.537025], [18.522038333333334, 54.536984999999994], [18.522025, 54.537], [18.52202, 54.537005], [18.522006666666666, 54.537015], [18.52198333333333, 54.53705166666667], [18.522061666666666, 54.53700833333333], [18.52203666666667, 54.53699166666667], [18.522046666666665, 54.53700166666667], [18.522055, 54.53702166666667], [18.522031666666667, 54.53706833333333], [18.52202833333333, 54.53702166666667], [18.522055, 54.53705], [18.522035000000002, 54.53702666666666], [18.522061666666666, 54.537025], [18.52204, 54.537011666666665], [18.522013333333334, 54.537040000000005], [18.52202833333333, 54.53702166666667], [18.52201, 54.53699833333334], [18.521966666666668, 54.53700333333334], [18.521968333333334, 54.53700666666667], [18.521995, 54.53701], [18.521986666666667, 54.53700333333334], [18.521986666666667, 54.537], [18.522001666666664, 54.536973333333336], [18.522006666666666, 54.536984999999994], [18.521973333333335, 54.53699166666667], [18.521996666666666, 54.53700333333334], [18.522015, 54.53702166666667], [18.522023333333333, 54.53702], [18.522001666666664, 54.53697666666667], [18.522011666666668, 54.53695666666667], [18.521988333333336, 54.536984999999994], [18.521984999999997, 54.53701], [18.521935, 54.53709333333334], [18.522041666666667, 54.53702166666667], [18.521993333333334, 54.53700333333334], [18.52198333333333, 54.53699666666667], [18.521988333333336, 54.536984999999994], [18.522006666666666, 54.53699833333334], [18.52201, 54.53696166666667], [18.52197, 54.53701], [18.522025, 54.53705166666667], [18.52199166666667, 54.536986666666664], [18.521971666666666, 54.536995000000005], [18.52198333333333, 54.53700666666667], [18.522013333333334, 54.53702666666666], [18.522008333333336, 54.53700333333334], [18.521990000000002, 54.537011666666665], [18.521995, 54.53702], [18.52198333333333, 54.53707333333333], [18.522026666666665, 54.53702166666667], [18.521990000000002, 54.536995000000005], [18.522008333333336, 54.53700666666667], [18.522011666666668, 54.53700333333334], [18.522031666666667, 54.537025], [18.52201833333333, 54.537016666666666], [18.522005, 54.53700333333334], [18.521990000000002, 54.53699166666667], [18.522003333333334, 54.537016666666666], [18.522001666666664, 54.537011666666665], [18.521996666666666, 54.53702666666666], [18.521990000000002, 54.53700833333333], [18.522016666666666, 54.536995000000005], [18.521911666666664, 54.537016666666666], [18.521990000000002, 54.53699166666667], [18.52198333333333, 54.53701], [18.52198333333333, 54.536993333333335], [18.522006666666666, 54.53698333333333], [18.574438333333333, 54.533746666666666], [18.704065, 54.529700000000005], [18.828083333333332, 54.54373333333333], [18.909995, 54.60357333333333], [18.969985, 54.671931666666666], [18.98297, 54.741285], [18.919028333333333, 54.80135666666667], [18.814043333333334, 54.84871166666667], [18.706678333333333, 54.899045], [18.595821666666666, 54.94810666666667], [18.435055, 54.95954]]}, "properties": {"label": "REM FORTRESS", "mmsi": "209455000", "imo": "9482342", "name": "REM FORTRESS", "shiptype": "", "first_seen_utc": "2026-01-09T00:17:29Z", "last_seen_utc": "2026-01-12T01:03:50Z", "destination": "BLP OWF", "eta": "{'Day': 12, 'Hour': 4, 'Minute': 0, 'Month': 1}", "display": "", "links": "<a href=\"https://www.vesselfinder.com/vessels?name=9482342\" target=\"_blank\" rel=\"noopener\">VesselFinder</a> | <a href=\"https://www.marinetraffic.com/en/ais/search/all?keyword=9482342\" target=\"_blank\" rel=\"noopener\">MarineTraffic</a>", "vf_url": "https://www.vesselfinder.com/vessels?name=9482342", "mst_url": "https://www.marinetraffic.com/en/ais/search/all?keyword=9482342", "method": "v3_2pass_track3d_fromru10d", "ru_seen_in_lookback": true, "in_monitor_on_day": true}}, {"type": "Feature", "geometry": {"type": "Point", "coordinates": [18.435055, 54.95954]}, "properties": {"label": "REM FORTRESS", "mmsi": "209455000", "imo": "9482342", "name": "REM FORTRESS", "shiptype": "", "first_seen_utc": "2026-01-09T00:17:29Z", "last_seen_utc": "2026-01-12T01:03:50Z", "destination": "BLP OWF", "eta": "{'Day': 12, 'Hour': 4, 'Minute': 0, 'Month': 1}", "display": "REM FORTRESS (209455000)", "links": "<a href=\"https://www.vesselfinder.com/vessels?name=9482342\" target=\"_blank\" rel=\"noopener\">VesselFinder</a> | <a href=\"https://www.marinetraffic.com/en/ais/search/all?keyword=9482342\" target=\"_blank\" rel=\"noopener\">MarineTraffic</a>", "vf_url": "https://www.vesselfinder.com/vessels?name=9482342", "mst_url": "https://www.marinetraffic.com/en/ais/search/all?keyword=9482342", "method": "v3_2pass_track3d_fromru10d", "ru_seen_in_lookback": true, "in_monitor_on_day": true}}, {"type": "Feature", "geometry": {"type": "LineString", "coordinates": [[12.758999999999999, 55.183593333333334], [12.663903333333334, 55.27820166666667], [12.677148333333333, 55.39317666666667], [12.699288333333334, 55.48596666666666], [12.705141666666666, 55.565304999999995], [12.694651666666665, 55.64898], [12.705735, 55.771745], [12.744133333333334, 55.89524166666667], [12.676101666666666, 56.015926666666665], [12.542108333333335, 56.11919833333333], [10.446653333333334, 57.940435], [10.081905, 57.87252], [9.841615, 57.84193833333333], [9.639733333333334, 57.77249666666667], [9.431963333333334, 57.693275], [9.238155, 57.6201], [9.042898333333333, 57.545075], [8.83489, 57.468935], [8.424906666666667, 57.32476], [8.225031666666666, 57.22418833333334], [4.679626666666667, 53.67178833333333], [4.609443333333333, 53.546995], [4.557708333333333, 53.41798166666667], [4.48372, 53.29257333333333], [4.382561666666667, 53.17914666666666], [4.225475, 53.087196666666664], [4.0578883333333335, 52.99308166666666], [3.332241666666667, 51.97251666666667], [3.2856650000000003, 51.846875], [3.241496666666667, 51.73615333333333], [3.3540383333333335, 51.62321833333333], [3.454086666666667, 51.50716666666666], [3.585665, 51.433945], [3.7338250000000004, 51.37304666666667], [3.95099, 51.387605], [4.05057, 51.37662833333333], [4.21967, 51.36819833333333], [4.269056666666667, 51.30037166666667], [4.247648333333333, 51.27897166666666], [4.247651666666667, 51.278969999999994], [4.21871, 51.278475], [4.218653333333333, 51.27849833333333], [4.218656666666667, 51.278495], [4.218655, 51.27849833333333]]}, "properties": {"label": "FINNECO III", "mmsi": "230700000", "imo": "9856854", "name": "FINNECO III", "shiptype": "", "first_seen_utc": "2026-01-09T12:25:38Z", "last_seen_utc": "2026-01-12T15:49:43Z", "destination": "ANTWERP AET", "eta": "{'Day': 12, 'Hour': 13, 'Minute': 0, 'Month': 1}", "display": "", "links": "<a href=\"https://www.vesselfinder.com/vessels?name=9856854\" target=\"_blank\" rel=\"noopener\">VesselFinder</a> | <a href=\"https://www.marinetraffic.com/en/ais/search/all?keyword=9856854\" target=\"_blank\" rel=\"noopener\">MarineTraffic</a>", "vf_url": "https://www.vesselfinder.com/vessels?name=9856854", "mst_url": "https://www.marinetraffic.com/en/ais/search/all?keyword=9856854", "method": "v3_2pass_track3d_fromru10d", "ru_seen_in_lookback": true, "in_monitor_on_day": true}}, {"type": "Feature", "geometry": {"type": "Point", "coordinates": [4.218655, 51.27849833333333]}, "properties": {"label": "FINNECO III", "mmsi": "230700000", "imo": "9856854", "name": "FINNECO III", "shiptype": "", "first_seen_utc": "2026-01-09T12:25:38Z", "last_seen_utc": "2026-01-12T15:49:43Z", "destination": "ANTWERP AET", "eta": "{'Day': 12, 'Hour': 13, 'Minute': 0, 'Month': 1}", "display": "FINNECO III (230700000)", "links": "<a href=\"https://www.vesselfinder.com/vessels?name=9856854\" target=\"_blank\" rel=\"noopener\">VesselFinder</a> | <a href=\"https://www.marinetraffic.com/en/ais/search/all?keyword=9856854\" target=\"_blank\" rel=\"noopener\">MarineTraffic</a>", "vf_url": "https://www.vesselfinder.com/vessels?name=9856854", "mst_url": "https://www.marinetraffic.com/en/ais/search/all?keyword=9856854", "method": "v3_2pass_track3d_fromru10d", "ru_seen_in_lookback": true, "in_monitor_on_day": true}}, {"type": "Feature", "geometry": {"type": "LineString", "coordinates": [[18.53179, 54.53142833333333], [18.531791666666667, 54.531415], [18.531769999999998, 54.53142666666667], [18.531796666666665, 54.53141], [18.531773333333334, 54.53141], [18.531791666666667, 54.53139833333333], [18.531785, 54.531405], [18.531781666666667, 54.53141666666667], [18.53179, 54.53141], [18.531791666666667, 54.531405], [18.53179, 54.53141166666667], [18.531795, 54.53141666666667], [18.53177833333333, 54.53141333333333], [18.53179, 54.53141333333333], [18.531776666666666, 54.53141333333333], [18.53179833333333, 54.53141333333333], [18.53179833333333, 54.531420000000004], [18.531788333333335, 54.53142166666667], [18.531781666666667, 54.531415], [18.531775, 54.53140166666667], [18.531795, 54.53139833333333], [18.531783333333333, 54.5314], [18.531791666666667, 54.531415], [18.53178, 54.531420000000004], [18.531796666666665, 54.531415], [18.531785, 54.531418333333335], [18.53179, 54.53141333333333], [18.53178, 54.53141166666667], [18.53179833333333, 54.53141333333333], [18.531768333333332, 54.53141], [18.531796666666665, 54.53141333333333], [18.53178666666667, 54.53140333333333], [18.531793333333333, 54.53141333333333], [18.53177833333333, 54.531405], [18.531799999999997, 54.531415], [18.53181, 54.53140833333334], [18.531785, 54.531415], [18.53180166666667, 54.53139], [18.531799999999997, 54.531405], [18.531803333333336, 54.53140166666667], [18.531788333333335, 54.53139833333333], [18.531806666666668, 54.53140166666667], [18.53179833333333, 54.531385], [18.531783333333333, 54.531396666666666], [18.53181, 54.53139833333333], [18.531816666666668, 54.5314], [18.53180166666667, 54.53140333333333], [18.531791666666667, 54.53140333333333], [18.53178666666667, 54.531405], [18.53178666666667, 54.53140333333333], [18.53179, 54.531394999999996], [18.531788333333335, 54.53140666666666], [18.531796666666665, 54.53141166666667], [18.53179, 54.531405], [18.531805000000002, 54.53141666666667], [18.53178, 54.531385], [18.531793333333333, 54.53140666666666], [18.531791666666667, 54.531415], [18.53179, 54.531405], [18.531769999999998, 54.531418333333335], [18.53179, 54.531391666666664], [18.531783333333333, 54.531415], [18.53178, 54.53141333333333], [18.531799999999997, 54.53140833333334], [18.53177833333333, 54.53141166666667], [18.53182333333333, 54.53139833333333], [18.531793333333333, 54.53140166666667], [18.531793333333333, 54.53139833333333], [18.53178666666667, 54.53140666666666], [18.531785, 54.531415], [18.531805000000002, 54.531441666666666], [18.53177833333333, 54.531415], [18.531806666666668, 54.53140833333334], [18.53179833333333, 54.53141166666667], [18.53178666666667, 54.53140666666666], [18.531806666666668, 54.53140666666666], [18.531785, 54.53139833333333], [18.531788333333335, 54.531415], [18.53178666666667, 54.531415], [18.53181, 54.53140833333334], [18.531796666666665, 54.53141], [18.53179833333333, 54.53140833333334], [18.53179, 54.53141333333333], [18.531803333333336, 54.531418333333335], [18.53174, 54.531396666666666], [18.621693333333333, 54.534506666666665], [18.767785, 54.52717666666667], [18.86478, 54.568915], [18.926341666666666, 54.624496666666666], [18.973435, 54.685354999999994], [19.004265, 54.748313333333336], [18.946990000000003, 54.794088333333335], [18.85418, 54.830704999999995], [18.762535, 54.87135166666667], [18.669901666666664, 54.91168666666667], [18.578581666666665, 54.95285833333333], [18.466001666666667, 54.97347333333333], [18.342846666666667, 54.990066666666664]]}, "properties": {"label": "SUDRI ENABLER", "mmsi": "257669000", "imo": "9964924", "name": "SUDRI ENABLER", "shiptype": "", "first_seen_utc": "2026-01-09T12:37:27Z", "last_seen_utc": "2026-01-12T02:39:27Z", "destination": "BLP", "eta": "{'Day': 12, 'Hour': 5, 'Minute': 0, 'Month': 1}", "display": "", "links": "<a href=\"https://www.vesselfinder.com/vessels?name=9964924\" target=\"_blank\" rel=\"noopener\">VesselFinder</a> | <a href=\"https://www.marinetraffic.com/en/ais/search/all?keyword=9964924\" target=\"_blank\" rel=\"noopener\">MarineTraffic</a>", "vf_url": "https://www.vesselfinder.com/vessels?name=9964924", "mst_url": "https://www.marinetraffic.com/en/ais/search/all?keyword=9964924", "method": "v3_2pass_track3d_fromru10d", "ru_seen_in_lookback": true, "in_monitor_on_day": true}}, {"type": "Feature", "geometry": {"type": "Point", "coordinates": [18.342846666666667, 54.990066666666664]}, "properties": {"label": "SUDRI ENABLER", "mmsi": "257669000", "imo": "9964924", "name": "SUDRI ENABLER", "shiptype": "", "first_seen_utc": "2026-01-09T12:37:27Z", "last_seen_utc": "2026-01-12T02:39:27Z", "destination": "BLP", "eta": "{'Day': 12, 'Hour': 5, 'Minute': 0, 'Month': 1}", "display": "SUDRI ENABLER (257669000)", "links": "<a href=\"https://www.vesselfinder.com/vessels?name=9964924\" target=\"_blank\" rel=\"noopener\">VesselFinder</a> | <a href=\"https://www.marinetraffic.com/en/ais/search/all?keyword=9964924\" target=\"_blank\" rel=\"noopener\">MarineTraffic</a>", "vf_url": "https://www.vesselfinder.com/vessels?name=9964924", "mst_url": "https://www.marinetraffic.com/en/ais/search/all?keyword=9964924", "method": "v3_2pass_track3d_fromru10d", "ru_seen_in_lookback": true, "in_monitor_on_day": true}}, {"type": "Feature", "geometry": {"type": "LineString", "coordinates": [[18.98591, 55.02048666666667], [18.99639, 54.91081666666666], [18.973988333333335, 54.80034], [18.956736666666664, 54.692258333333335], [18.982351666666666, 54.658405], [19.00421833333333, 54.64559833333333], [19.01534, 54.634413333333335], [19.018668333333334, 54.616075], [19.020323333333334, 54.59862833333333], [19.023476666666667, 54.581615000000006], [19.017485, 54.572919999999996], [19.008963333333334, 54.592895], [18.9996, 54.61103833333333], [18.993281666666668, 54.633315], [18.989093333333336, 54.657003333333336], [18.992813333333334, 54.64693], [18.994466666666664, 54.633565], [18.99647333333333, 54.620313333333335], [18.996488333333332, 54.60908333333334], [18.999235, 54.59905666666667], [19.002611666666667, 54.588721666666665], [19.006843333333332, 54.57900666666667], [19.010188333333335, 54.569608333333335], [19.00263, 54.596595], [19.002116666666666, 54.63701833333334], [18.988515, 54.66276333333334], [18.997091666666666, 54.65642833333333], [19.00482333333333, 54.650994999999995], [19.017666666666667, 54.64618666666667], [19.03078, 54.641510000000004], [19.046425, 54.63706833333333], [18.984645, 54.637344999999996], [18.987295, 54.633471666666665], [19.000958333333333, 54.62963166666667], [19.011689999999998, 54.62627833333333], [19.021818333333332, 54.622915], [19.03948, 54.62045833333333], [19.038711666666664, 54.62242833333333], [18.91383, 54.62245], [18.827238333333334, 54.55802666666667], [18.740221666666667, 54.49973833333333], [18.690818333333333, 54.466748333333335], [18.69021, 54.46333166666667], [18.689841666666666, 54.46313333333333], [18.690033333333336, 54.463231666666665], [18.69042166666667, 54.463528333333336], [18.690556666666666, 54.46360333333334], [18.690845000000003, 54.46395833333334], [18.69079, 54.46386], [18.69044166666667, 54.46356333333333], [18.690878333333334, 54.463985], [18.690916666666666, 54.464124999999996]]}, "properties": {"label": "FRIO STAR", "mmsi": "354962000", "imo": "9172947", "name": "FRIO STAR", "shiptype": "", "first_seen_utc": "2026-01-11T13:32:31Z", "last_seen_utc": "2026-01-12T15:35:38Z", "destination": "PLGDN", "eta": "{'Day': 11, 'Hour': 16, 'Minute': 0, 'Month': 0}", "display": "", "links": "<a href=\"https://www.vesselfinder.com/vessels?name=9172947\" target=\"_blank\" rel=\"noopener\">VesselFinder</a> | <a href=\"https://www.marinetraffic.com/en/ais/search/all?keyword=9172947\" target=\"_blank\" rel=\"noopener\">MarineTraffic</a>", "vf_url": "https://www.vesselfinder.com/vessels?name=9172947", "mst_url": "https://www.marinetraffic.com/en/ais/search/all?keyword=9172947", "method": "v3_2pass_track3d_fromru10d", "ru_seen_in_lookback": true, "in_monitor_on_day": true}}, {"type": "Feature", "geometry": {"type": "Point", "coordinates": [18.690916666666666, 54.464124999999996]}, "properties": {"label": "FRIO STAR", "mmsi": "354962000", "imo": "9172947", "name": "FRIO STAR", "shiptype": "", "first_seen_utc": "2026-01-11T13:32:31Z", "last_seen_utc": "2026-01-12T15:35:38Z", "destination": "PLGDN", "eta": "{'Day': 11, 'Hour': 16, 'Minute': 0, 'Month': 0}", "display": "FRIO STAR (354962000)", "links": "<a href=\"https://www.vesselfinder.com/vessels?name=9172947\" target=\"_blank\" rel=\"noopener\">VesselFinder</a> | <a href=\"https://www.marinetraffic.com/en/ais/search/all?keyword=9172947\" target=\"_blank\" rel=\"noopener\">MarineTraffic</a>", "vf_url": "https://www.vesselfinder.com/vessels?name=9172947", "mst_url": "https://www.marinetraffic.com/en/ais/search/all?keyword=9172947", "method": "v3_2pass_track3d_fromru10d", "ru_seen_in_lookback": true, "in_monitor_on_day": true}}, {"type": "Feature", "geometry": {"type": "LineString", "coordinates": [[19.02206, 54.93384833333334], [19.00578833333333, 54.855985000000004], [18.990726666666667, 54.782990000000005], [18.966211666666666, 54.715385], [18.930335, 54.65281], [18.894795, 54.60985], [18.84906, 54.57153666666667], [18.794558333333335, 54.53754166666667], [18.746246666666664, 54.50230833333333], [18.697364999999998, 54.467378333333336], [18.65990833333333, 54.41135333333333], [18.662863333333334, 54.374541666666666], [18.663748333333334, 54.36465666666666], [18.663796666666666, 54.36465666666666], [18.663765, 54.36463833333333], [18.663838333333334, 54.364664999999995], [18.66374666666667, 54.364635], [18.66376166666667, 54.36461166666666], [18.66376, 54.364635], [18.66375833333333, 54.364626666666666], [18.663735, 54.364630000000005], [18.663815, 54.364623333333334], [18.66375833333333, 54.364623333333334], [18.663731666666667, 54.364628333333336], [18.663755, 54.364619999999995], [18.663776666666667, 54.36465666666666], [18.663785, 54.364668333333334], [18.66374, 54.364626666666666], [18.663776666666667, 54.36461], [18.663768333333334, 54.36463833333333]]}, "properties": {"label": "MAXIMAR", "mmsi": "210674000", "imo": "9951862", "name": "MAXIMAR", "shiptype": "", "first_seen_utc": "2026-01-12T00:12:21Z", "last_seen_utc": "2026-01-12T15:30:18Z", "destination": "PLGDN", "eta": "{'Day': 12, 'Hour': 4, 'Minute': 0, 'Month': 1}", "display": "", "links": "<a href=\"https://www.vesselfinder.com/vessels?name=9951862\" target=\"_blank\" rel=\"noopener\">VesselFinder</a> | <a href=\"https://www.marinetraffic.com/en/ais/search/all?keyword=9951862\" target=\"_blank\" rel=\"noopener\">MarineTraffic</a>", "vf_url": "https://www.vesselfinder.com/vessels?name=9951862", "mst_url": "https://www.marinetraffic.com/en/ais/search/all?keyword=9951862", "method": "v3_2pass_track3d_fromru10d", "ru_seen_in_lookback": true, "in_monitor_on_day": true}}, {"type": "Feature", "geometry": {"type": "Point", "coordinates": [18.663768333333334, 54.36463833333333]}, "properties": {"label": "MAXIMAR", "mmsi": "210674000", "imo": "9951862", "name": "MAXIMAR", "shiptype": "", "first_seen_utc": "2026-01-12T00:12:21Z", "last_seen_utc": "2026-01-12T15:30:18Z", "destination": "PLGDN", "eta": "{'Day': 12, 'Hour': 4, 'Minute': 0, 'Month': 1}", "display": "MAXIMAR (210674000)", "links": "<a href=\"https://www.vesselfinder.com/vessels?name=9951862\" target=\"_blank\" rel=\"noopener\">VesselFinder</a> | <a href=\"https://www.marinetraffic.com/en/ais/search/all?keyword=9951862\" target=\"_blank\" rel=\"noopener\">MarineTraffic</a>", "vf_url": "https://www.vesselfinder.com/vessels?name=9951862", "mst_url": "https://www.marinetraffic.com/en/ais/search/all?keyword=9951862", "method": "v3_2pass_track3d_fromru10d", "ru_seen_in_lookback": true, "in_monitor_on_day": true}}, {"type": "Feature", "geometry": {"type": "Point", "coordinates": [19.089225, 54.690900000000006]}, "properties": {"label": "311000464", "mmsi": "311000464", "imo": "", "name": "", "shiptype": "", "first_seen_utc": "2026-01-12T08:25:41Z", "last_seen_utc": "2026-01-12T08:25:41Z", "destination": "", "eta": "", "display": "311000464 (311000464)", "links": "<a href=\"https://www.vesselfinder.com/vessels?name=311000464\" target=\"_blank\" rel=\"noopener\">VesselFinder</a> | <a href=\"https://www.marinetraffic.com/en/ais/search/all?keyword=311000464\" target=\"_blank\" rel=\"noopener\">MarineTraffic</a>", "vf_url": "https://www.vesselfinder.com/vessels?name=311000464", "mst_url": "https://www.marinetraffic.com/en/ais/search/all?keyword=311000464", "method": "v3_2pass_track3d_fromru10d", "ru_seen_in_lookback": true, "in_monitor_on_day": true}}]}