{"type": "FeatureCollection", "features": [{"type": "Feature", "geometry": {"type": "LineString", "coordinates": [[18.5536, 54.521550000000005], [18.553616666666667, 54.521550000000005], [18.553616666666667, 54.521550000000005], [18.5536, 54.521550000000005], [18.5536, 54.521550000000005], [18.553616666666667, 54.521550000000005], [18.5536, 54.521566666666665], [18.5536, 54.52158333333333], [18.5536, 54.521566666666665], [18.5536, 54.521550000000005], [18.5536, 54.521550000000005], [18.5536, 54.521550000000005], [18.5536, 54.521566666666665], [18.553583333333332, 54.52158333333333], [18.553566666666665, 54.52158333333333], [18.553566666666665, 54.521566666666665], [18.553583333333332, 54.52158333333333], [18.553583333333332, 54.52158333333333], [18.553566666666665, 54.52158333333333], [18.553583333333332, 54.52158333333333], [18.5536, 54.52158333333333], [18.5536, 54.521566666666665], [18.5536, 54.521566666666665], [18.5536, 54.52158333333333], [18.5536, 54.52158333333333], [18.553616666666667, 54.521566666666665], [18.5536, 54.521566666666665], [18.5536, 54.521566666666665], [18.553616666666667, 54.521566666666665], [18.553616666666667, 54.52158333333333], [18.553616666666667, 54.521566666666665], [18.553633333333334, 54.521566666666665], [18.553616666666667, 54.521566666666665], [18.5536, 54.521566666666665], [18.553616666666667, 54.52158333333333], [18.5536, 54.52158333333333], [18.553616666666667, 54.521566666666665], [18.5536, 54.521566666666665], [18.5536, 54.52158333333333], [18.5536, 54.521566666666665], [18.553583333333332, 54.521566666666665], [18.553583333333332, 54.521566666666665], [18.553583333333332, 54.521566666666665], [18.553583333333332, 54.521550000000005], [18.5536, 54.521550000000005], [18.5536, 54.521566666666665], [18.5536, 54.521566666666665], [18.553616666666667, 54.521566666666665], [18.5536, 54.52158333333333], [18.553616666666667, 54.52158333333333], [18.5536, 54.521566666666665], [18.5536, 54.521566666666665], [18.5536, 54.521566666666665], [18.553583333333332, 54.521566666666665], [18.553583333333332, 54.52158333333333], [18.553583333333332, 54.521550000000005], [18.5536, 54.521550000000005], [18.5536, 54.521566666666665], [18.553583333333332, 54.521566666666665], [18.553583333333332, 54.521566666666665], [18.553583333333332, 54.521566666666665], [18.5536, 54.521566666666665], [18.553583333333332, 54.52158333333333], [18.553583333333332, 54.52158333333333], [18.553583333333332, 54.52158333333333], [18.553566666666665, 54.52158333333333], [18.553583333333332, 54.52158333333333], [18.553583333333332, 54.521566666666665], [18.5536, 54.52158333333333], [18.5536, 54.52158333333333], [18.5536, 54.52158333333333], [18.553583333333332, 54.521566666666665], [18.5536, 54.521566666666665], [18.5536, 54.521566666666665], [18.6035, 54.51461666666667], [18.7424, 54.51691666666667], [18.845383333333334, 54.55581666666667], [18.916800000000002, 54.61493333333333], [18.9958, 54.66713333333333], [19.101499999999998, 54.70381666666666], [19.14511666666667, 54.73813333333333], [19.143033333333335, 54.72038333333333], [19.144683333333333, 54.68676666666667], [19.14591666666667, 54.70206666666666], [19.144183333333334, 54.73453333333334], [19.148683333333334, 54.73905], [19.14881666666667, 54.70388333333334], [19.149783333333335, 54.709399999999995], [19.14718333333333, 54.74345], [19.145366666666668, 54.77728333333334], [19.14865, 54.754983333333335], [19.147483333333334, 54.73563333333333], [19.1449, 54.78098333333333], [19.151850000000003, 54.754400000000004], [19.133716666666665, 54.77908333333333], [19.138316666666665, 54.75363333333333], [19.139799999999997, 54.722316666666664], [19.14125, 54.68926666666667]]}, "properties": {"label": "AMBER AGATHA", "mmsi": "261004058", "imo": "8516885", "name": "AMBER AGATHA", "shiptype": "", "first_seen_utc": "2026-01-04T00:00:37Z", "last_seen_utc": "2026-01-13T03:34:47Z", "destination": "GLEBIA GDA SURVEY", "eta": "{'Day': 12, 'Hour': 18, 'Minute': 0, 'Month': 1}", "display": "", "links": "<a href=\"https://www.vesselfinder.com/vessels?name=8516885\" target=\"_blank\" rel=\"noopener\">VesselFinder</a> | <a href=\"https://www.marinetraffic.com/en/ais/search/all?keyword=8516885\" target=\"_blank\" rel=\"noopener\">MarineTraffic</a>", "vf_url": "https://www.vesselfinder.com/vessels?name=8516885", "mst_url": "https://www.marinetraffic.com/en/ais/search/all?keyword=8516885", "method": "v3_2pass_track3d_fromru10d", "ru_seen_in_lookback": true, "in_monitor_on_day": true}}, {"type": "Feature", "geometry": {"type": "Point", "coordinates": [19.14125, 54.68926666666667]}, "properties": {"label": "AMBER AGATHA", "mmsi": "261004058", "imo": "8516885", "name": "AMBER AGATHA", "shiptype": "", "first_seen_utc": "2026-01-04T00:00:37Z", "last_seen_utc": "2026-01-13T03:34:47Z", "destination": "GLEBIA GDA SURVEY", "eta": "{'Day': 12, 'Hour': 18, 'Minute': 0, 'Month': 1}", "display": "AMBER AGATHA (261004058)", "links": "<a href=\"https://www.vesselfinder.com/vessels?name=8516885\" target=\"_blank\" rel=\"noopener\">VesselFinder</a> | <a href=\"https://www.marinetraffic.com/en/ais/search/all?keyword=8516885\" target=\"_blank\" rel=\"noopener\">MarineTraffic</a>", "vf_url": "https://www.vesselfinder.com/vessels?name=8516885", "mst_url": "https://www.marinetraffic.com/en/ais/search/all?keyword=8516885", "method": "v3_2pass_track3d_fromru10d", "ru_seen_in_lookback": true, "in_monitor_on_day": true}}, {"type": "Feature", "geometry": {"type": "LineString", "coordinates": [[8.512668333333334, 53.59994], [8.512645, 53.59994666666667], [8.51263, 53.599965], [8.512581666666668, 53.59993], [8.512646666666667, 53.59996833333333], [8.51266, 53.59995166666667], [8.512641666666667, 53.59996666666667], [8.512718333333334, 53.59995833333333], [8.512621666666666, 53.59987833333333], [8.512695, 53.599965], [8.512741666666667, 53.600006666666665], [8.51265, 53.59995833333333], [8.512678333333334, 53.599943333333336], [8.512653333333335, 53.599936666666665], [8.512756666666666, 53.59985833333334], [8.512623333333334, 53.59994], [8.512705, 53.60003], [8.512816666666668, 53.599981666666665], [8.51266, 53.59995666666667], [8.51251, 53.599891666666664], [8.51283, 53.59988166666667], [8.512685, 53.59995666666667], [8.512533333333334, 53.600055], [8.512653333333335, 53.59997166666667], [8.512663333333332, 53.60002], [8.51262, 53.600024999999995], [8.512615, 53.599873333333335], [8.512718333333334, 53.60001666666667], [8.512648333333333, 53.59990333333334], [8.512695, 53.60000333333333], [8.512666666666666, 53.599981666666665], [8.51259, 53.60002333333333], [8.512715, 53.59999333333334], [8.512665, 53.59998333333333], [8.512685, 53.599925], [8.512665, 53.599988333333336], [8.512745, 53.59997833333333], [8.512645, 53.599979999999995], [8.512761666666666, 53.59994], [8.512705, 53.599975], [8.512686666666665, 53.59992333333333], [8.512636666666667, 53.599945000000005], [8.512631666666667, 53.59995166666667], [8.512625, 53.59995666666667], [8.512623333333334, 53.59995166666667], [8.512653333333335, 53.59994], [8.512666666666666, 53.59995166666667], [8.512635, 53.59999833333333], [8.512671666666666, 53.599975], [8.512675, 53.599981666666665], [8.512701666666667, 53.59995833333333], [8.512686666666665, 53.599934999999995], [8.49244, 53.612269999999995], [8.346098333333334, 53.692233333333334], [8.17929, 53.76858166666667], [8.012368333333333, 53.853465], [7.858693333333333, 53.89208833333333], [7.858336666666667, 53.89502166666667], [7.857858333333334, 53.894795], [7.85772, 53.89474833333334], [7.857701666666667, 53.89470166666667], [7.8577683333333335, 53.894756666666666], [7.858033333333334, 53.894861666666664], [7.858085, 53.894915], [7.858341666666666, 53.894996666666664], [7.859476666666667, 53.89521333333333], [7.860768333333334, 53.89525833333333], [7.8617799999999995, 53.895048333333335], [7.8635150000000005, 53.89439333333333], [7.863214999999999, 53.89468166666666], [7.8622749999999995, 53.895075], [7.861973333333333, 53.89519333333333], [7.861671666666667, 53.895185], [7.861706666666667, 53.895223333333334], [7.861405, 53.89526166666667], [7.860586666666666, 53.89529666666667], [7.8600216666666665, 53.895295000000004], [7.859703333333333, 53.89524333333333], [7.859613333333333, 53.89523333333333], [7.860925, 53.895275], [7.861801666666667, 53.89517333333333], [7.863020000000001, 53.89474], [7.86317, 53.89469833333333], [7.863816666666667, 53.894130000000004], [7.864156666666667, 53.893525], [7.864175, 53.89364333333333]]}, "properties": {"label": "JPO GEMINI", "mmsi": "636091995", "imo": "9294020", "name": "JPO GEMINI", "shiptype": "", "first_seen_utc": "2026-01-04T00:01:18Z", "last_seen_utc": "2026-01-13T02:31:34Z", "destination": "DEWVN", "eta": "{'Day': 17, 'Hour': 9, 'Minute': 30, 'Month': 1}", "display": "", "links": "<a href=\"https://www.vesselfinder.com/vessels?name=9294020\" target=\"_blank\" rel=\"noopener\">VesselFinder</a> | <a href=\"https://www.marinetraffic.com/en/ais/search/all?keyword=9294020\" target=\"_blank\" rel=\"noopener\">MarineTraffic</a>", "vf_url": "https://www.vesselfinder.com/vessels?name=9294020", "mst_url": "https://www.marinetraffic.com/en/ais/search/all?keyword=9294020", "method": "v3_2pass_track3d_fromru10d", "ru_seen_in_lookback": true, "in_monitor_on_day": true}}, {"type": "Feature", "geometry": {"type": "Point", "coordinates": [7.864175, 53.89364333333333]}, "properties": {"label": "JPO GEMINI", "mmsi": "636091995", "imo": "9294020", "name": "JPO GEMINI", "shiptype": "", "first_seen_utc": "2026-01-04T00:01:18Z", "last_seen_utc": "2026-01-13T02:31:34Z", "destination": "DEWVN", "eta": "{'Day': 17, 'Hour': 9, 'Minute': 30, 'Month': 1}", "display": "JPO GEMINI (636091995)", "links": "<a href=\"https://www.vesselfinder.com/vessels?name=9294020\" target=\"_blank\" rel=\"noopener\">VesselFinder</a> | <a href=\"https://www.marinetraffic.com/en/ais/search/all?keyword=9294020\" target=\"_blank\" rel=\"noopener\">MarineTraffic</a>", "vf_url": "https://www.vesselfinder.com/vessels?name=9294020", "mst_url": "https://www.marinetraffic.com/en/ais/search/all?keyword=9294020", "method": "v3_2pass_track3d_fromru10d", "ru_seen_in_lookback": true, "in_monitor_on_day": true}}, {"type": "Feature", "geometry": {"type": "LineString", "coordinates": [[10.497095, 57.85264333333334], [10.28328, 57.852758333333334], [10.072113333333334, 57.85173833333333], [9.86129, 57.84850166666667], [9.646295, 57.85534666666667], [9.440651666666668, 57.86071666666667], [9.230255, 57.84509833333333], [9.017235, 57.82953833333333], [8.799328333333333, 57.826728333333335], [8.596824999999999, 57.82647333333333], [8.399849999999999, 57.81577333333333], [8.203773333333334, 57.806736666666666], [8.017536666666667, 57.80094833333333], [7.833893333333333, 57.77377833333333], [7.639936666666667, 57.77287833333333], [7.441893333333334, 57.77619], [7.247968333333334, 57.78271333333333], [7.039303333333334, 57.786831666666664], [6.850521666666666, 57.78853166666667], [6.694368333333333, 57.808795], [6.535645, 57.85985166666667], [6.392015, 57.90918833333333], [6.31647, 57.97366666666667], [6.271566666666667, 57.967515000000006], [6.247281666666667, 57.929875], [6.226226666666666, 57.895385000000005], [6.214576666666667, 57.854124999999996], [6.20025, 57.809135], [6.180853333333333, 57.767968333333336], [6.165273333333333, 57.727465], [6.147103333333333, 57.691015], [6.130375, 57.65248333333333], [6.108553333333333, 57.617153333333334], [6.08739, 57.58233166666666], [6.0688200000000005, 57.555703333333334], [6.0487183333333325, 57.52818833333333], [6.03231, 57.49843166666667], [5.999483333333333, 57.475273333333334], [5.931823333333333, 57.548991666666666], [5.839076666666667, 57.627489999999995], [5.735564999999999, 57.71458833333334], [5.64138, 57.801813333333335], [5.55174, 57.88510333333333], [5.458515, 57.967803333333336], [5.361115, 58.05399666666666], [5.258976666666666, 58.14037166666667], [5.1586533333333335, 58.22439333333333], [5.060163333333334, 58.306711666666665], [4.960051666666667, 58.388205], [4.865698333333333, 58.47248333333334], [4.794146666666666, 58.56381], [4.713711666666667, 58.66240333333334], [4.6253633333333335, 58.75777166666667], [4.546336666666666, 58.85655666666666], [4.491258333333334, 58.958729999999996], [4.441706666666667, 59.061656666666664], [4.394911666666667, 59.162823333333336], [4.353761666666667, 59.26940166666667], [4.318913333333333, 59.37794833333333], [4.291711666666667, 59.48699333333333], [4.280345, 59.59307], [4.2683333333333335, 59.69773166666666], [4.256046666666666, 59.801765], [4.2405116666666665, 59.902746666666665], [4.223181666666666, 60.001385], [4.208955, 60.10259], [4.201919999999999, 60.2083], [4.196595, 60.31454166666666], [4.1943, 60.42034], [4.189801666666667, 60.52717166666666], [4.192125, 60.631553333333336], [4.191225, 60.733979999999995], [4.189423333333333, 60.838636666666666], [4.191195, 60.94560166666667], [4.190751666666666, 61.059598333333334], [4.186393333333333, 61.17592666666667], [4.191183333333333, 61.288736666666665], [4.199163333333334, 61.39609333333333], [4.191846666666667, 61.50414166666667], [4.18679, 61.615993333333336], [4.190353333333333, 61.728435], [4.193775, 61.840826666666665], [4.196148333333333, 61.948625]]}, "properties": {"label": "DRINA S", "mmsi": "373240000", "imo": "9635743", "name": "DRINA S", "shiptype": "", "first_seen_utc": "2026-01-04T00:04:23Z", "last_seen_utc": "2026-01-13T03:47:45Z", "destination": "RUMMK", "eta": "{'Day': 16, 'Hour': 3, 'Minute': 0, 'Month': 1}", "display": "", "links": "<a href=\"https://www.vesselfinder.com/vessels?name=9635743\" target=\"_blank\" rel=\"noopener\">VesselFinder</a> | <a href=\"https://www.marinetraffic.com/en/ais/search/all?keyword=9635743\" target=\"_blank\" rel=\"noopener\">MarineTraffic</a>", "vf_url": "https://www.vesselfinder.com/vessels?name=9635743", "mst_url": "https://www.marinetraffic.com/en/ais/search/all?keyword=9635743", "method": "v3_2pass_track3d_fromru10d", "ru_seen_in_lookback": true, "in_monitor_on_day": true}}, {"type": "Feature", "geometry": {"type": "Point", "coordinates": [4.196148333333333, 61.948625]}, "properties": {"label": "DRINA S", "mmsi": "373240000", "imo": "9635743", "name": "DRINA S", "shiptype": "", "first_seen_utc": "2026-01-04T00:04:23Z", "last_seen_utc": "2026-01-13T03:47:45Z", "destination": "RUMMK", "eta": "{'Day': 16, 'Hour': 3, 'Minute': 0, 'Month': 1}", "display": "DRINA S (373240000)", "links": "<a href=\"https://www.vesselfinder.com/vessels?name=9635743\" target=\"_blank\" rel=\"noopener\">VesselFinder</a> | <a href=\"https://www.marinetraffic.com/en/ais/search/all?keyword=9635743\" target=\"_blank\" rel=\"noopener\">MarineTraffic</a>", "vf_url": "https://www.vesselfinder.com/vessels?name=9635743", "mst_url": "https://www.marinetraffic.com/en/ais/search/all?keyword=9635743", "method": "v3_2pass_track3d_fromru10d", "ru_seen_in_lookback": true, "in_monitor_on_day": true}}, {"type": "Feature", "geometry": {"type": "LineString", "coordinates": [[10.887981666666667, 55.27601], [11.019326666666666, 55.27384333333334], [11.097196666666667, 55.21811666666667], [11.040445, 55.1563], [11.032148333333334, 55.08212], [11.020153333333333, 55.00805666666667], [10.948105, 54.95036666666667], [10.884753333333332, 54.89859333333333], [10.85969, 54.83624666666666], [10.865486666666667, 54.765723333333334], [10.835698333333333, 54.69273333333333], [10.72928, 54.64], [10.612218333333335, 54.58885], [10.393031666666667, 54.52229666666666], [10.270105000000001, 54.48571666666667], [10.208076666666667, 54.41712333333333], [10.1767, 54.37881], [10.174119999999998, 54.380453333333335], [10.17188, 54.37673333333333], [10.157101666666668, 54.36607333333333], [10.141278333333334, 54.36552666666667], [10.139001666666667, 54.365973333333336], [10.064443333333333, 54.36214333333333], [9.999605, 54.35146333333333], [9.907291666666667, 54.348396666666666], [9.816348333333334, 54.363640000000004], [9.73655, 54.33508333333334], [9.702908333333333, 54.29931666666666], [9.628416666666668, 54.26932], [9.59592, 54.22141], [9.515854999999998, 54.18922666666666], [9.424546666666666, 54.16690333333334], [9.357621666666667, 54.14758333333334], [9.328041666666667, 54.09708], [9.301856666666668, 54.03313], [9.260151666666667, 53.96889], [9.19926, 53.924276666666664], [9.145451666666666, 53.89437], [9.144033333333335, 53.89355333333333], [7.674573333333333, 54.018343333333334], [7.555178333333333, 53.99881333333334], [7.434406666666666, 53.97942666666667], [7.315565, 53.96259666666666], [7.196571666666667, 53.944269999999996], [7.076516666666667, 53.92666666666666], [6.958325, 53.90916333333333], [6.839645, 53.8906], [6.709958333333334, 53.872460000000004], [6.0773866666666665, 53.76478], [5.73384, 53.69568], [5.608996666666667, 53.67087333333333], [5.466498333333333, 53.64285333333333], [5.35585, 53.62373], [5.238031666666667, 53.60282333333334]]}, "properties": {"label": "UNITAR", "mmsi": "257364000", "imo": "9505687", "name": "UNITAR", "shiptype": "", "first_seen_utc": "2026-01-04T00:04:26Z", "last_seen_utc": "2026-01-13T03:38:54Z", "destination": "FRDKK", "eta": "{'Day': 14, 'Hour': 5, 'Minute': 0, 'Month': 1}", "display": "", "links": "<a href=\"https://www.vesselfinder.com/vessels?name=9505687\" target=\"_blank\" rel=\"noopener\">VesselFinder</a> | <a href=\"https://www.marinetraffic.com/en/ais/search/all?keyword=9505687\" target=\"_blank\" rel=\"noopener\">MarineTraffic</a>", "vf_url": "https://www.vesselfinder.com/vessels?name=9505687", "mst_url": "https://www.marinetraffic.com/en/ais/search/all?keyword=9505687", "method": "v3_2pass_track3d_fromru10d", "ru_seen_in_lookback": true, "in_monitor_on_day": true}}, {"type": "Feature", "geometry": {"type": "Point", "coordinates": [5.238031666666667, 53.60282333333334]}, "properties": {"label": "UNITAR", "mmsi": "257364000", "imo": "9505687", "name": "UNITAR", "shiptype": "", "first_seen_utc": "2026-01-04T00:04:26Z", "last_seen_utc": "2026-01-13T03:38:54Z", "destination": "FRDKK", "eta": "{'Day': 14, 'Hour': 5, 'Minute': 0, 'Month': 1}", "display": "UNITAR (257364000)", "links": "<a href=\"https://www.vesselfinder.com/vessels?name=9505687\" target=\"_blank\" rel=\"noopener\">VesselFinder</a> | <a href=\"https://www.marinetraffic.com/en/ais/search/all?keyword=9505687\" target=\"_blank\" rel=\"noopener\">MarineTraffic</a>", "vf_url": "https://www.vesselfinder.com/vessels?name=9505687", "mst_url": "https://www.marinetraffic.com/en/ais/search/all?keyword=9505687", "method": "v3_2pass_track3d_fromru10d", "ru_seen_in_lookback": true, "in_monitor_on_day": true}}, {"type": "Feature", "geometry": {"type": "LineString", "coordinates": [[11.038111666666667, 55.99053166666667], [10.923866666666667, 55.90421166666667], [10.805346666666667, 55.81678], [10.786528333333333, 55.708351666666665], [10.801903333333334, 55.602615], [10.98682, 55.40623666666667]]}, "properties": {"label": "ECO ICE", "mmsi": "538007403", "imo": "9755646", "name": "ECO ICE", "shiptype": "", "first_seen_utc": "2026-01-04T00:04:34Z", "last_seen_utc": "2026-01-13T03:33:47Z", "destination": "FIPRV", "eta": "{'Day': 14, 'Hour': 9, 'Minute': 0, 'Month': 1}", "display": "", "links": "<a href=\"https://www.vesselfinder.com/vessels?name=9755646\" target=\"_blank\" rel=\"noopener\">VesselFinder</a> | <a href=\"https://www.marinetraffic.com/en/ais/search/all?keyword=9755646\" target=\"_blank\" rel=\"noopener\">MarineTraffic</a>", "vf_url": "https://www.vesselfinder.com/vessels?name=9755646", "mst_url": "https://www.marinetraffic.com/en/ais/search/all?keyword=9755646", "method": "v3_2pass_track3d_fromru10d", "ru_seen_in_lookback": true, "in_monitor_on_day": true}}, {"type": "Feature", "geometry": {"type": "Point", "coordinates": [10.98682, 55.40623666666667]}, "properties": {"label": "ECO ICE", "mmsi": "538007403", "imo": "9755646", "name": "ECO ICE", "shiptype": "", "first_seen_utc": "2026-01-04T00:04:34Z", "last_seen_utc": "2026-01-13T03:33:47Z", "destination": "FIPRV", "eta": "{'Day': 14, 'Hour': 9, 'Minute': 0, 'Month': 1}", "display": "ECO ICE (538007403)", "links": "<a href=\"https://www.vesselfinder.com/vessels?name=9755646\" target=\"_blank\" rel=\"noopener\">VesselFinder</a> | <a href=\"https://www.marinetraffic.com/en/ais/search/all?keyword=9755646\" target=\"_blank\" rel=\"noopener\">MarineTraffic</a>", "vf_url": "https://www.vesselfinder.com/vessels?name=9755646", "mst_url": "https://www.marinetraffic.com/en/ais/search/all?keyword=9755646", "method": "v3_2pass_track3d_fromru10d", "ru_seen_in_lookback": true, "in_monitor_on_day": true}}, {"type": "Feature", "geometry": {"type": "LineString", "coordinates": [[3.306895, 51.947453333333335], [3.2764983333333335, 51.88462666666667], [3.23368, 51.84260333333334], [3.235725, 51.844863333333336], [3.2417483333333332, 51.85644666666667], [3.2332433333333332, 51.83797333333334], [3.2290566666666667, 51.82579], [3.238468333333333, 51.84075666666667], [3.25248, 51.84139666666667], [3.2547183333333334, 51.78413], [3.2595866666666664, 51.71528333333333], [3.1781966666666666, 51.63650666666667], [3.0972283333333333, 51.532293333333335], [2.9992, 51.430899999999994], [3.1708633333333336, 51.40083], [3.3567916666666666, 51.405206666666665], [3.5331416666666664, 51.42016666666667], [3.672366666666667, 51.43799666666666], [3.7849933333333334, 51.354670000000006], [3.9533433333333337, 51.39078666666667], [4.038286666666667, 51.386280000000006], [4.208106666666667, 51.39472], [4.272026666666666, 51.308006666666664], [4.260866666666667, 51.29531333333333], [4.2608733333333335, 51.29533], [4.26082, 51.295280000000005], [4.260883333333333, 51.295296666666665], [4.2608733333333335, 51.295296666666665], [4.260893333333334, 51.29532], [4.2609, 51.29533666666667], [4.260926666666666, 51.29527333333333], [4.260806666666666, 51.29533666666667], [4.26088, 51.29531333333333], [4.260821666666667, 51.29532], [4.260838333333333, 51.29528666666667], [4.26086, 51.29531333333333], [4.2608516666666665, 51.29528666666667], [4.261918333333333, 51.295100000000005], [4.263645, 51.34758333333333], [4.124945, 51.37106000000001], [3.9981716666666665, 51.43899], [3.8919316666666663, 51.356836666666666], [3.7364033333333335, 51.373079999999995], [3.643443333333333, 51.440153333333335], [3.539223333333333, 51.44973], [3.4258666666666664, 51.52898666666667], [3.3646133333333332, 51.628166666666665], [3.288925, 51.723933333333335], [3.3341533333333335, 51.83620666666666], [3.3876633333333337, 51.945613333333334], [3.4869350000000003, 52.177353333333336], [4.022156666666667, 52.70393], [4.14184, 52.79260333333333], [4.254781666666667, 52.884863333333335], [4.347165, 52.98491333333333], [4.43707, 53.08655666666667], [4.5302, 53.18981], [4.607551666666667, 53.29432], [4.677463333333334, 53.40048], [4.74118, 53.512280000000004], [4.8153266666666665, 53.619456666666665]]}, "properties": {"label": "MSC ELKE F", "mmsi": "210731000", "imo": "9318773", "name": "MSC ELKE F", "shiptype": "", "first_seen_utc": "2026-01-04T00:04:49Z", "last_seen_utc": "2026-01-13T03:55:10Z", "destination": "EETLL", "eta": "{'Day': 16, 'Hour': 19, 'Minute': 0, 'Month': 1}", "display": "", "links": "<a href=\"https://www.vesselfinder.com/vessels?name=9318773\" target=\"_blank\" rel=\"noopener\">VesselFinder</a> | <a href=\"https://www.marinetraffic.com/en/ais/search/all?keyword=9318773\" target=\"_blank\" rel=\"noopener\">MarineTraffic</a>", "vf_url": "https://www.vesselfinder.com/vessels?name=9318773", "mst_url": "https://www.marinetraffic.com/en/ais/search/all?keyword=9318773", "method": "v3_2pass_track3d_fromru10d", "ru_seen_in_lookback": true, "in_monitor_on_day": true}}, {"type": "Feature", "geometry": {"type": "Point", "coordinates": [4.8153266666666665, 53.619456666666665]}, "properties": {"label": "MSC ELKE F", "mmsi": "210731000", "imo": "9318773", "name": "MSC ELKE F", "shiptype": "", "first_seen_utc": "2026-01-04T00:04:49Z", "last_seen_utc": "2026-01-13T03:55:10Z", "destination": "EETLL", "eta": "{'Day': 16, 'Hour': 19, 'Minute': 0, 'Month': 1}", "display": "MSC ELKE F (210731000)", "links": "<a href=\"https://www.vesselfinder.com/vessels?name=9318773\" target=\"_blank\" rel=\"noopener\">VesselFinder</a> | <a href=\"https://www.marinetraffic.com/en/ais/search/all?keyword=9318773\" target=\"_blank\" rel=\"noopener\">MarineTraffic</a>", "vf_url": "https://www.vesselfinder.com/vessels?name=9318773", "mst_url": "https://www.marinetraffic.com/en/ais/search/all?keyword=9318773", "method": "v3_2pass_track3d_fromru10d", "ru_seen_in_lookback": true, "in_monitor_on_day": true}}, {"type": "Feature", "geometry": {"type": "LineString", "coordinates": [[18.070618333333336, 54.92354], [18.243691666666667, 54.947763333333334], [18.424971666666668, 54.96282833333333], [18.614111666666666, 54.93240166666667], [18.785455000000002, 54.86255666666667], [18.949383333333333, 54.794203333333336], [19.05097333333333, 54.70603166666667], [19.052718333333335, 54.74189], [19.027358333333332, 54.7994], [19.000558333333334, 54.85691166666666], [18.97309, 54.91279], [18.944501666666667, 54.96985666666667], [18.914578333333335, 55.038916666666665], [18.843861666666665, 55.11380833333333], [18.870956666666665, 55.03098333333333], [18.90082, 54.95047], [18.936868333333333, 54.869905], [18.975661666666667, 54.78817166666667], [19.019233333333332, 54.75890833333334], [19.050053333333334, 54.82438333333334], [19.07213, 54.859605], [19.065306666666668, 54.85589], [19.05935, 54.84649], [19.052931666666666, 54.83866666666667], [19.04577833333333, 54.830751666666664], [19.038085000000002, 54.821235], [19.036715, 54.81098333333333], [19.044331666666668, 54.800691666666665], [19.053088333333335, 54.79085333333333], [19.061651666666666, 54.78100166666666], [19.069671666666668, 54.771123333333335], [19.074863333333333, 54.76086333333333], [19.081685, 54.750861666666665], [19.090506666666666, 54.74272166666666], [19.104415, 54.73534333333334], [19.119633333333336, 54.72889166666666], [19.08852166666667, 54.70321833333333], [19.058865, 54.60463], [18.993898333333334, 54.517795], [18.931448333333332, 54.442890000000006], [18.837563333333332, 54.41948333333333], [18.735188333333333, 54.401955], [18.714771666666664, 54.389021666666665], [18.711011666666664, 54.38798333333333], [18.711000000000002, 54.38800833333333], [18.710995, 54.38803], [18.710995, 54.388015], [18.710986666666667, 54.38805166666667], [18.710995, 54.388015], [18.711001666666668, 54.38802166666667], [18.711003333333334, 54.38802], [18.710995, 54.38802333333333], [18.71099, 54.38802166666667], [18.711000000000002, 54.38801333333333], [18.711001666666668, 54.38802333333333], [18.710995, 54.388018333333335], [18.710983333333335, 54.38802833333333], [18.710988333333333, 54.38802333333333], [18.71099333333333, 54.388018333333335], [18.71098, 54.38802333333333], [18.710998333333336, 54.38802833333333], [18.711015, 54.38803], [18.710998333333336, 54.38803166666666], [18.710996666666666, 54.38802666666666], [18.711000000000002, 54.388038333333334], [18.711000000000002, 54.38802166666667], [18.710998333333336, 54.388025], [18.710995, 54.388025], [18.711000000000002, 54.38802666666666], [18.711001666666668, 54.38802], [18.710991666666665, 54.38802333333333], [18.71099, 54.38802166666667], [18.711008333333332, 54.38802]]}, "properties": {"label": "CMA CGM KERGUELEN", "mmsi": "215207000", "imo": "9702132", "name": "CMA CGM KERGUELEN", "shiptype": "", "first_seen_utc": "2026-01-04T00:06:24Z", "last_seen_utc": "2026-01-13T04:00:53Z", "destination": "PLGDN", "eta": "{'Day': 12, 'Hour': 10, 'Minute': 30, 'Month': 1}", "display": "", "links": "<a href=\"https://www.vesselfinder.com/vessels?name=9702132\" target=\"_blank\" rel=\"noopener\">VesselFinder</a> | <a href=\"https://www.marinetraffic.com/en/ais/search/all?keyword=9702132\" target=\"_blank\" rel=\"noopener\">MarineTraffic</a>", "vf_url": "https://www.vesselfinder.com/vessels?name=9702132", "mst_url": "https://www.marinetraffic.com/en/ais/search/all?keyword=9702132", "method": "v3_2pass_track3d_fromru10d", "ru_seen_in_lookback": true, "in_monitor_on_day": true}}, {"type": "Feature", "geometry": {"type": "Point", "coordinates": [18.711008333333332, 54.38802]}, "properties": {"label": "CMA CGM KERGUELEN", "mmsi": "215207000", "imo": "9702132", "name": "CMA CGM KERGUELEN", "shiptype": "", "first_seen_utc": "2026-01-04T00:06:24Z", "last_seen_utc": "2026-01-13T04:00:53Z", "destination": "PLGDN", "eta": "{'Day': 12, 'Hour': 10, 'Minute': 30, 'Month': 1}", "display": "CMA CGM KERGUELEN (215207000)", "links": "<a href=\"https://www.vesselfinder.com/vessels?name=9702132\" target=\"_blank\" rel=\"noopener\">VesselFinder</a> | <a href=\"https://www.marinetraffic.com/en/ais/search/all?keyword=9702132\" target=\"_blank\" rel=\"noopener\">MarineTraffic</a>", "vf_url": "https://www.vesselfinder.com/vessels?name=9702132", "mst_url": "https://www.marinetraffic.com/en/ais/search/all?keyword=9702132", "method": "v3_2pass_track3d_fromru10d", "ru_seen_in_lookback": true, "in_monitor_on_day": true}}, {"type": "Feature", "geometry": {"type": "LineString", "coordinates": [[19.177616666666665, 54.64985], [19.210301666666666, 54.679006666666666], [19.236826666666666, 54.71448], [19.673421666666666, 54.70285333333334], [19.95780166666667, 54.79848833333333], [20.042286666666666, 54.87986], [20.041015, 54.876455], [20.057453333333335, 54.88775], [19.13466, 54.64226166666666], [19.173098333333332, 54.67237166666666], [19.959763333333335, 54.80291], [19.95736833333333, 54.80151], [19.144493333333333, 54.67488], [19.19068, 54.71400333333334], [19.983428333333332, 54.82672], [19.18208, 54.722495], [19.15169, 54.68550833333334], [19.163618333333332, 54.66032], [19.171215, 54.70287166666667], [19.17743, 54.752595], [19.901194999999998, 54.43464166666667], [19.955901666666666, 54.79881666666667], [19.815938333333335, 54.87147], [19.173000000000002, 54.67837], [19.184556666666666, 54.72496], [19.218016666666664, 54.799949999999995], [19.647511666666666, 55.03395166666667], [19.953885, 54.798775], [19.190091666666667, 54.69127666666667], [19.953185, 54.79965833333333], [20.039806666666667, 54.881665], [19.146588333333334, 54.65247166666666], [19.158953333333333, 54.703525], [19.17237, 54.75395666666667], [19.19895166666667, 54.79754333333334], [19.190488333333334, 54.74345166666667], [19.189143333333334, 54.68798833333334], [19.17227, 54.68237833333333], [19.174883333333334, 54.73900666666667], [19.189791666666668, 54.79859833333333], [19.189863333333335, 54.745235], [19.183238333333335, 54.682628333333334], [19.167696666666664, 54.64453666666667], [19.178101666666667, 54.69309166666667], [19.187103333333333, 54.748865], [19.181448333333332, 54.79649833333334], [19.156361666666665, 54.729295], [19.086456666666667, 54.68921], [19.066666666666666, 54.649225], [19.06818666666667, 54.590223333333334], [18.988051666666667, 54.512341666666664], [18.939541666666667, 54.44381666666666], [18.847491666666667, 54.42142833333333], [18.74494333333333, 54.403265000000005], [18.72160166666667, 54.40555], [18.71876166666667, 54.405975], [18.718805, 54.405995], [18.718844999999998, 54.405991666666665], [18.718833333333336, 54.405989999999996], [18.718808333333335, 54.405986666666664], [18.718795, 54.405995], [18.718831666666667, 54.40597666666667], [18.718798333333332, 54.405975], [18.718791666666668, 54.405975], [18.718791666666668, 54.40600166666666], [18.718841666666666, 54.40598333333333], [18.71880666666667, 54.405995], [18.718823333333333, 54.40598833333333], [18.718816666666665, 54.40600666666667], [18.718799999999998, 54.405971666666666], [18.718813333333333, 54.405995], [18.71881, 54.405975], [18.71878, 54.406], [18.71878, 54.40599666666667], [18.71886, 54.40598833333333], [18.718808333333335, 54.405995], [18.718818333333335, 54.405986666666664], [18.718791666666668, 54.40600166666666], [18.718796666666666, 54.405971666666666], [18.718823333333333, 54.405995], [18.718793333333334, 54.405965], [18.718793333333334, 54.405995], [18.718805, 54.40598333333333], [18.718821666666667, 54.405985], [18.71873833333333, 54.406013333333334]]}, "properties": {"label": "LUZON SPIRIT", "mmsi": "311000467", "imo": "9572276", "name": "LUZON SPIRIT", "shiptype": "", "first_seen_utc": "2026-01-04T00:07:23Z", "last_seen_utc": "2026-01-13T03:55:53Z", "destination": "PL GDN", "eta": "{'Day': 9, 'Hour': 16, 'Minute': 0, 'Month': 1}", "display": "", "links": "<a href=\"https://www.vesselfinder.com/vessels?name=9572276\" target=\"_blank\" rel=\"noopener\">VesselFinder</a> | <a href=\"https://www.marinetraffic.com/en/ais/search/all?keyword=9572276\" target=\"_blank\" rel=\"noopener\">MarineTraffic</a>", "vf_url": "https://www.vesselfinder.com/vessels?name=9572276", "mst_url": "https://www.marinetraffic.com/en/ais/search/all?keyword=9572276", "method": "v3_2pass_track3d_fromru10d", "ru_seen_in_lookback": true, "in_monitor_on_day": true}}, {"type": "Feature", "geometry": {"type": "Point", "coordinates": [18.71873833333333, 54.406013333333334]}, "properties": {"label": "LUZON SPIRIT", "mmsi": "311000467", "imo": "9572276", "name": "LUZON SPIRIT", "shiptype": "", "first_seen_utc": "2026-01-04T00:07:23Z", "last_seen_utc": "2026-01-13T03:55:53Z", "destination": "PL GDN", "eta": "{'Day': 9, 'Hour': 16, 'Minute': 0, 'Month': 1}", "display": "LUZON SPIRIT (311000467)", "links": "<a href=\"https://www.vesselfinder.com/vessels?name=9572276\" target=\"_blank\" rel=\"noopener\">VesselFinder</a> | <a href=\"https://www.marinetraffic.com/en/ais/search/all?keyword=9572276\" target=\"_blank\" rel=\"noopener\">MarineTraffic</a>", "vf_url": "https://www.vesselfinder.com/vessels?name=9572276", "mst_url": "https://www.marinetraffic.com/en/ais/search/all?keyword=9572276", "method": "v3_2pass_track3d_fromru10d", "ru_seen_in_lookback": true, "in_monitor_on_day": true}}, {"type": "Feature", "geometry": {"type": "LineString", "coordinates": [[4.015223333333333, 60.836483333333334], [3.983883333333333, 60.859955], [3.9519366666666667, 60.88196666666667], [3.9164416666666666, 60.90334166666666], [3.8805783333333332, 60.92540333333333], [3.8488783333333334, 60.92007666666667], [3.8804683333333334, 60.87813333333334], [3.9264466666666666, 60.83467333333333], [3.989925, 60.79677166666667], [4.070753333333333, 60.763578333333335], [4.146426666666667, 60.72902333333333], [4.214763333333333, 60.695055], [4.194225, 60.694375], [4.1571983333333336, 60.72110166666666], [4.1489650000000005, 60.78616666666667], [4.120268333333334, 60.85391666666667], [4.098228333333333, 60.91857166666667], [4.058025, 60.96169], [4.03652, 60.95384833333333], [4.008571666666667, 60.941448333333334], [4.001426666666666, 60.911404999999995], [3.995503333333333, 60.88355], [3.9900216666666664, 60.856595], [3.99461, 60.83624333333333], [4.002088333333334, 60.811095], [4.0167850000000005, 60.788985000000004], [4.031993333333333, 60.76742], [4.057953333333334, 60.758325], [4.08007, 60.74807666666666], [4.107563333333333, 60.73831333333333], [4.13666, 60.740120000000005], [4.1375416666666665, 60.73956333333333], [4.139888333333333, 60.74022333333333], [4.138583333333333, 60.743743333333335], [4.1377266666666666, 60.745485], [4.138333333333334, 60.742585], [4.137215, 60.74534666666667], [4.136466666666666, 60.74949], [4.133371666666666, 60.756355], [4.128981666666666, 60.762215], [4.148353333333334, 60.76296833333333], [4.143613333333334, 60.76280833333333], [4.1439449999999995, 60.76810666666667], [4.11722, 60.77458], [4.0755316666666666, 60.77957833333333], [4.058185, 60.78143], [4.068653333333334, 60.790115], [4.088175000000001, 60.79803833333334], [4.065735, 60.80365], [4.026418333333334, 60.81211666666666], [3.9944333333333333, 60.81809], [3.9466866666666665, 60.82217166666667], [3.9001266666666665, 60.835095], [3.9221950000000003, 60.86129833333334], [3.9602316666666666, 60.8767], [3.95708, 60.87940833333334], [3.9628050000000004, 60.88341333333334], [3.9707083333333335, 60.89091333333333], [3.9703500000000003, 60.894795], [3.977615, 60.89744666666666], [3.98257, 60.891893333333336], [3.9874433333333332, 60.888603333333336], [4.00263, 60.892846666666664], [4.02405, 60.892939999999996], [4.029908333333333, 60.889426666666665], [4.050565, 60.89191166666667], [4.026891666666667, 60.88429], [4.0076583333333335, 60.88111833333333], [3.991785, 60.88196333333334], [3.994205, 60.87981], [4.013198333333333, 60.87275666666667], [4.041098333333333, 60.86790666666666], [4.06239, 60.85650333333333], [4.064405, 60.844588333333334], [4.0540416666666665, 60.83412166666667], [4.042126666666666, 60.823546666666665], [4.032138333333333, 60.817906666666666], [4.026966666666667, 60.809125], [4.0197449999999995, 60.80278833333333], [4.0206333333333335, 60.791488333333334], [4.024115, 60.78416333333333], [4.027771666666667, 60.77549], [4.031998333333333, 60.76640166666667], [4.030431666666667, 60.75370833333333], [4.029253333333333, 60.73613833333333], [4.0177716666666665, 60.72776666666667], [4.018046666666667, 60.71391333333334], [4.016233333333333, 60.69418333333333], [4.021706666666667, 60.67538833333333], [4.036705, 60.65473166666666], [4.053798333333334, 60.63777], [4.059466666666667, 60.64865833333333], [4.068341666666667, 60.654865], [4.073833333333334, 60.65606833333333], [4.080138333333333, 60.658249999999995], [4.08528, 60.66077166666666], [4.0903366666666665, 60.66196166666667], [4.085558333333333, 60.662263333333335], [4.09279, 60.659713333333336], [4.100146666666666, 60.65769]]}, "properties": {"label": "SEAWAYS COLORADO", "mmsi": "538004034", "imo": "9594767", "name": "SEAWAYS COLORADO", "shiptype": "", "first_seen_utc": "2026-01-04T00:07:26Z", "last_seen_utc": "2026-01-13T03:51:57Z", "destination": "NOMON", "eta": "{'Day': 9, 'Hour': 18, 'Minute': 0, 'Month': 1}", "display": "", "links": "<a href=\"https://www.vesselfinder.com/vessels?name=9594767\" target=\"_blank\" rel=\"noopener\">VesselFinder</a> | <a href=\"https://www.marinetraffic.com/en/ais/search/all?keyword=9594767\" target=\"_blank\" rel=\"noopener\">MarineTraffic</a>", "vf_url": "https://www.vesselfinder.com/vessels?name=9594767", "mst_url": "https://www.marinetraffic.com/en/ais/search/all?keyword=9594767", "method": "v3_2pass_track3d_fromru10d", "ru_seen_in_lookback": true, "in_monitor_on_day": true}}, {"type": "Feature", "geometry": {"type": "Point", "coordinates": [4.100146666666666, 60.65769]}, "properties": {"label": "SEAWAYS COLORADO", "mmsi": "538004034", "imo": "9594767", "name": "SEAWAYS COLORADO", "shiptype": "", "first_seen_utc": "2026-01-04T00:07:26Z", "last_seen_utc": "2026-01-13T03:51:57Z", "destination": "NOMON", "eta": "{'Day': 9, 'Hour': 18, 'Minute': 0, 'Month': 1}", "display": "SEAWAYS COLORADO (538004034)", "links": "<a href=\"https://www.vesselfinder.com/vessels?name=9594767\" target=\"_blank\" rel=\"noopener\">VesselFinder</a> | <a href=\"https://www.marinetraffic.com/en/ais/search/all?keyword=9594767\" target=\"_blank\" rel=\"noopener\">MarineTraffic</a>", "vf_url": "https://www.vesselfinder.com/vessels?name=9594767", "mst_url": "https://www.marinetraffic.com/en/ais/search/all?keyword=9594767", "method": "v3_2pass_track3d_fromru10d", "ru_seen_in_lookback": true, "in_monitor_on_day": true}}, {"type": "Feature", "geometry": {"type": "LineString", "coordinates": [[10.792181666666666, 55.63595333333333], [10.809968333333334, 55.744796666666666], [10.85233, 55.84802666666667], [11.121096666666666, 56.054055], [10.491938333333334, 57.869571666666666], [10.230861666666668, 57.84208833333333], [9.981715000000001, 57.815061666666665], [9.737034999999999, 57.79116166666667], [9.485909999999999, 57.74836166666667], [9.267468333333333, 57.704746666666665], [9.049545, 57.657695], [8.83306, 57.603655], [8.617358333333334, 57.54469166666667], [8.399886666666667, 57.484615], [8.217106666666668, 57.406886666666665], [8.030288333333333, 57.30162333333333], [7.849398333333334, 57.21942666666666], [7.606403333333334, 57.115035], [7.4150583333333335, 57.037295], [7.30136, 56.94999666666667], [7.132583333333333, 54.519665], [7.04187, 54.43671333333334], [6.990489999999999, 54.39113], [7.000458333333333, 54.385329999999996], [7.018823333333333, 54.392871666666665], [7.036443333333334, 54.39969833333334], [7.055311666666666, 54.406438333333334], [7.074174999999999, 54.41339333333334], [7.093528333333333, 54.420658333333336]]}, "properties": {"label": "MAERSK GIRONDE", "mmsi": "563076300", "imo": "9235555", "name": "MAERSK GIRONDE", "shiptype": "", "first_seen_utc": "2026-01-04T00:08:58Z", "last_seen_utc": "2026-01-13T04:03:17Z", "destination": "DEBRV", "eta": "{'Day': 14, 'Hour': 17, 'Minute': 30, 'Month': 1}", "display": "", "links": "<a href=\"https://www.vesselfinder.com/vessels?name=9235555\" target=\"_blank\" rel=\"noopener\">VesselFinder</a> | <a href=\"https://www.marinetraffic.com/en/ais/search/all?keyword=9235555\" target=\"_blank\" rel=\"noopener\">MarineTraffic</a>", "vf_url": "https://www.vesselfinder.com/vessels?name=9235555", "mst_url": "https://www.marinetraffic.com/en/ais/search/all?keyword=9235555", "method": "v3_2pass_track3d_fromru10d", "ru_seen_in_lookback": true, "in_monitor_on_day": true}}, {"type": "Feature", "geometry": {"type": "Point", "coordinates": [7.093528333333333, 54.420658333333336]}, "properties": {"label": "MAERSK GIRONDE", "mmsi": "563076300", "imo": "9235555", "name": "MAERSK GIRONDE", "shiptype": "", "first_seen_utc": "2026-01-04T00:08:58Z", "last_seen_utc": "2026-01-13T04:03:17Z", "destination": "DEBRV", "eta": "{'Day': 14, 'Hour': 17, 'Minute': 30, 'Month': 1}", "display": "MAERSK GIRONDE (563076300)", "links": "<a href=\"https://www.vesselfinder.com/vessels?name=9235555\" target=\"_blank\" rel=\"noopener\">VesselFinder</a> | <a href=\"https://www.marinetraffic.com/en/ais/search/all?keyword=9235555\" target=\"_blank\" rel=\"noopener\">MarineTraffic</a>", "vf_url": "https://www.vesselfinder.com/vessels?name=9235555", "mst_url": "https://www.marinetraffic.com/en/ais/search/all?keyword=9235555", "method": "v3_2pass_track3d_fromru10d", "ru_seen_in_lookback": true, "in_monitor_on_day": true}}, {"type": "Feature", "geometry": {"type": "LineString", "coordinates": [[18.932533333333332, 55.01560166666666], [18.943828333333332, 54.92754], [18.965621666666667, 54.83972000000001], [18.984628333333333, 54.81309], [18.99841, 54.81955833333333], [19.015001666666667, 54.82624666666666], [19.033534999999997, 54.83212833333334], [19.052595, 54.83737166666666], [19.072278333333333, 54.84217666666667], [19.092654999999997, 54.846646666666665], [19.111616666666666, 54.85072], [19.029130000000002, 54.82130333333334]]}, "properties": {"label": "MSC TAYLOR", "mmsi": "636022447", "imo": "9932048", "name": "MSC TAYLOR", "shiptype": "", "first_seen_utc": "2026-01-04T00:11:23Z", "last_seen_utc": "2026-01-13T03:51:33Z", "destination": "PLGDY", "eta": "{'Day': 13, 'Hour': 5, 'Minute': 0, 'Month': 1}", "display": "", "links": "<a href=\"https://www.vesselfinder.com/vessels?name=9932048\" target=\"_blank\" rel=\"noopener\">VesselFinder</a> | <a href=\"https://www.marinetraffic.com/en/ais/search/all?keyword=9932048\" target=\"_blank\" rel=\"noopener\">MarineTraffic</a>", "vf_url": "https://www.vesselfinder.com/vessels?name=9932048", "mst_url": "https://www.marinetraffic.com/en/ais/search/all?keyword=9932048", "method": "v3_2pass_track3d_fromru10d", "ru_seen_in_lookback": true, "in_monitor_on_day": true}}, {"type": "Feature", "geometry": {"type": "Point", "coordinates": [19.029130000000002, 54.82130333333334]}, "properties": {"label": "MSC TAYLOR", "mmsi": "636022447", "imo": "9932048", "name": "MSC TAYLOR", "shiptype": "", "first_seen_utc": "2026-01-04T00:11:23Z", "last_seen_utc": "2026-01-13T03:51:33Z", "destination": "PLGDY", "eta": "{'Day': 13, 'Hour': 5, 'Minute': 0, 'Month': 1}", "display": "MSC TAYLOR (636022447)", "links": "<a href=\"https://www.vesselfinder.com/vessels?name=9932048\" target=\"_blank\" rel=\"noopener\">VesselFinder</a> | <a href=\"https://www.marinetraffic.com/en/ais/search/all?keyword=9932048\" target=\"_blank\" rel=\"noopener\">MarineTraffic</a>", "vf_url": "https://www.vesselfinder.com/vessels?name=9932048", "mst_url": "https://www.marinetraffic.com/en/ais/search/all?keyword=9932048", "method": "v3_2pass_track3d_fromru10d", "ru_seen_in_lookback": true, "in_monitor_on_day": true}}, {"type": "Feature", "geometry": {"type": "LineString", "coordinates": [[15.820483333333334, 55.82953333333333], [15.609183333333334, 55.75261666666667], [15.409966666666666, 55.688833333333335], [15.210983333333333, 55.62286666666667], [14.99875, 55.5684], [14.794416666666667, 55.51208333333333], [14.60655, 55.44263333333333], [14.448383333333334, 55.35116666666667], [14.175, 55.12338333333333], [12.5771, 54.72031666666667], [12.391083333333334, 54.64973333333333], [12.248766666666667, 54.56046666666667], [12.174100000000001, 54.44356666666667], [11.96115, 54.430733333333336], [11.7471, 54.439733333333336], [11.5449, 54.49551666666667], [11.3399, 54.55303333333333], [11.141533333333333, 54.605850000000004], [10.940583333333333, 54.62393333333333], [10.7863, 54.6788], [10.8148, 54.779266666666665], [10.862116666666667, 54.90971666666667], [10.987150000000002, 55.01023333333333], [10.988866666666667, 55.13121666666667], [11.101433333333334, 55.23108333333333], [11.041, 55.32365], [10.881666666666666, 55.51201666666667], [10.7865, 55.638349999999996], [10.807716666666666, 55.75756666666667], [10.886066666666666, 55.8708], [11.03465, 55.97906666666667], [11.190850000000001, 56.11855], [10.495366666666666, 57.87191666666667], [10.246116666666667, 57.869616666666666], [10.008849999999999, 57.855716666666666], [9.774683333333334, 57.838433333333334], [9.550433333333332, 57.793699999999994], [9.338183333333335, 57.73296666666667], [9.133816666666666, 57.66308333333333], [8.931166666666666, 57.5884], [8.7317, 57.51606666666667], [8.52515, 57.44923333333334], [8.315883333333334, 57.38061666666667], [8.172466666666667, 57.282016666666664], [8.073166666666667, 57.16411666666667], [7.948133333333333, 57.01788333333333]]}, "properties": {"label": "VENTA MAERSK", "mmsi": "219115000", "imo": "9775763", "name": "VENTA MAERSK", "shiptype": "", "first_seen_utc": "2026-01-04T00:11:52Z", "last_seen_utc": "2026-01-13T04:03:22Z", "destination": "FIKTK-DEBRV", "eta": "{'Day': 13, 'Hour': 17, 'Minute': 30, 'Month': 1}", "display": "", "links": "<a href=\"https://www.vesselfinder.com/vessels?name=9775763\" target=\"_blank\" rel=\"noopener\">VesselFinder</a> | <a href=\"https://www.marinetraffic.com/en/ais/search/all?keyword=9775763\" target=\"_blank\" rel=\"noopener\">MarineTraffic</a>", "vf_url": "https://www.vesselfinder.com/vessels?name=9775763", "mst_url": "https://www.marinetraffic.com/en/ais/search/all?keyword=9775763", "method": "v3_2pass_track3d_fromru10d", "ru_seen_in_lookback": true, "in_monitor_on_day": true}}, {"type": "Feature", "geometry": {"type": "Point", "coordinates": [7.948133333333333, 57.01788333333333]}, "properties": {"label": "VENTA MAERSK", "mmsi": "219115000", "imo": "9775763", "name": "VENTA MAERSK", "shiptype": "", "first_seen_utc": "2026-01-04T00:11:52Z", "last_seen_utc": "2026-01-13T04:03:22Z", "destination": "FIKTK-DEBRV", "eta": "{'Day': 13, 'Hour': 17, 'Minute': 30, 'Month': 1}", "display": "VENTA MAERSK (219115000)", "links": "<a href=\"https://www.vesselfinder.com/vessels?name=9775763\" target=\"_blank\" rel=\"noopener\">VesselFinder</a> | <a href=\"https://www.marinetraffic.com/en/ais/search/all?keyword=9775763\" target=\"_blank\" rel=\"noopener\">MarineTraffic</a>", "vf_url": "https://www.vesselfinder.com/vessels?name=9775763", "mst_url": "https://www.marinetraffic.com/en/ais/search/all?keyword=9775763", "method": "v3_2pass_track3d_fromru10d", "ru_seen_in_lookback": true, "in_monitor_on_day": true}}, {"type": "Feature", "geometry": {"type": "LineString", "coordinates": [[18.67482, 54.69625], [18.67481666666667, 54.69627333333334], [18.674811666666667, 54.69627333333334], [18.674803333333333, 54.69627333333334], [18.674811666666667, 54.69627333333334], [18.674795, 54.696263333333334], [18.674828333333334, 54.69626], [18.674811666666667, 54.69624833333333], [18.674795, 54.69625166666666], [18.674773333333334, 54.69626], [18.67479666666667, 54.696263333333334], [18.674778333333332, 54.696283333333334], [18.674773333333334, 54.69628], [18.674770000000002, 54.696286666666666], [18.67478, 54.69627166666667], [18.674809999999997, 54.69627], [18.67479666666667, 54.696266666666666], [18.674805, 54.69625833333334], [18.674821666666666, 54.69626], [18.674815000000002, 54.69625833333334], [18.674834999999998, 54.696268333333336], [18.67484, 54.696295], [18.674834999999998, 54.696283333333334], [18.674836666666668, 54.696288333333335], [18.67483, 54.696286666666666], [18.674843333333335, 54.696283333333334], [18.674828333333334, 54.696275], [18.674809999999997, 54.69626166666667], [18.674826666666668, 54.696268333333336], [18.674805, 54.696268333333336], [18.67481666666667, 54.69626], [18.67481666666667, 54.696266666666666], [18.674795, 54.696266666666666], [18.674793333333334, 54.696275], [18.674778333333332, 54.69628], [18.674809999999997, 54.69629166666667], [18.674798333333335, 54.696266666666666], [18.674811666666667, 54.69625666666666], [18.674801666666667, 54.696254999999994], [18.674813333333336, 54.69625666666666], [18.674826666666668, 54.69627166666667], [18.67479666666667, 54.69627], [18.674805, 54.696286666666666], [18.67479666666667, 54.69628], [18.674783333333334, 54.69627333333334], [18.674798333333335, 54.69627], [18.674833333333332, 54.696268333333336], [18.674828333333334, 54.696266666666666], [18.674843333333335, 54.696266666666666], [18.674798333333335, 54.69626], [18.674803333333333, 54.69625166666666], [18.674813333333336, 54.69625166666666], [18.674761666666665, 54.69627666666667], [18.674793333333334, 54.69630333333334], [18.674818333333334, 54.69627], [18.6748, 54.69627833333333], [18.67484, 54.69627333333334], [18.67483, 54.696263333333334], [18.674823333333332, 54.696268333333336], [18.67482, 54.696265000000004], [18.674813333333336, 54.69626], [18.674828333333334, 54.696268333333336], [18.674846666666667, 54.696265000000004], [18.67483, 54.69628], [18.674834999999998, 54.69630666666667], [18.674838333333334, 54.69630666666667], [18.674858333333336, 54.696299999999994], [18.674834999999998, 54.69629666666666], [18.674843333333335, 54.696281666666664], [18.67484166666667, 54.696281666666664], [18.674823333333332, 54.69625833333334], [18.674821666666666, 54.69626166666667], [18.674823333333332, 54.69627], [18.674851666666665, 54.69627], [18.674821666666666, 54.696284999999996], [18.67482, 54.696288333333335], [18.674821666666666, 54.69629333333333], [18.67481666666667, 54.69629333333333], [18.674818333333334, 54.696288333333335], [18.674823333333332, 54.69629], [18.67481666666667, 54.696281666666664], [18.67482, 54.696284999999996], [18.674813333333336, 54.696266666666666], [18.674805, 54.696284999999996], [18.67484166666667, 54.696305], [18.674834999999998, 54.696311666666666], [18.67482, 54.696310000000004], [18.674856666666667, 54.69630666666667], [18.674821666666666, 54.69629], [18.67482, 54.69628], [18.674813333333336, 54.696266666666666], [18.67483, 54.696263333333334], [18.674809999999997, 54.69627333333334], [18.674805, 54.69627333333334], [18.674806666666665, 54.696284999999996], [18.674836666666668, 54.69628], [18.674836666666668, 54.696283333333334]]}, "properties": {"label": "JAS-57 MAGDALENA", "mmsi": "261004280", "imo": "", "name": "JAS-57 MAGDALENA", "shiptype": "", "first_seen_utc": "2026-01-04T00:12:19Z", "last_seen_utc": "2026-01-13T03:40:59Z", "destination": "JASTARNIA", "eta": "{'Day': 23, 'Hour': 12, 'Minute': 44, 'Month': 9}", "display": "", "links": "<a href=\"https://www.vesselfinder.com/vessels?name=261004280\" target=\"_blank\" rel=\"noopener\">VesselFinder</a> | <a href=\"https://www.marinetraffic.com/en/ais/search/all?keyword=261004280\" target=\"_blank\" rel=\"noopener\">MarineTraffic</a>", "vf_url": "https://www.vesselfinder.com/vessels?name=261004280", "mst_url": "https://www.marinetraffic.com/en/ais/search/all?keyword=261004280", "method": "v3_2pass_track3d_fromru10d", "ru_seen_in_lookback": true, "in_monitor_on_day": true}}, {"type": "Feature", "geometry": {"type": "Point", "coordinates": [18.674836666666668, 54.696283333333334]}, "properties": {"label": "JAS-57 MAGDALENA", "mmsi": "261004280", "imo": "", "name": "JAS-57 MAGDALENA", "shiptype": "", "first_seen_utc": "2026-01-04T00:12:19Z", "last_seen_utc": "2026-01-13T03:40:59Z", "destination": "JASTARNIA", "eta": "{'Day': 23, 'Hour': 12, 'Minute': 44, 'Month': 9}", "display": "JAS-57 MAGDALENA (261004280)", "links": "<a href=\"https://www.vesselfinder.com/vessels?name=261004280\" target=\"_blank\" rel=\"noopener\">VesselFinder</a> | <a href=\"https://www.marinetraffic.com/en/ais/search/all?keyword=261004280\" target=\"_blank\" rel=\"noopener\">MarineTraffic</a>", "vf_url": "https://www.vesselfinder.com/vessels?name=261004280", "mst_url": "https://www.marinetraffic.com/en/ais/search/all?keyword=261004280", "method": "v3_2pass_track3d_fromru10d", "ru_seen_in_lookback": true, "in_monitor_on_day": true}}, {"type": "Feature", "geometry": {"type": "LineString", "coordinates": [[18.670560000000002, 54.35948], [18.67062, 54.35949166666667], [18.670624999999998, 54.35949166666667], [18.670565, 54.359500000000004], [18.67059833333333, 54.359458333333336], [18.67059833333333, 54.35955333333333], [18.67062, 54.35948833333334], [18.670648333333336, 54.35946666666667], [18.670603333333336, 54.359476666666666], [18.670540000000003, 54.35953166666666], [18.670585000000003, 54.35947], [18.670566666666666, 54.35949666666667], [18.67057833333333, 54.35948833333334], [18.670561666666668, 54.35946833333333], [18.670531666666665, 54.35950833333333], [18.670591666666667, 54.359485], [18.67064, 54.35951333333333], [18.670565, 54.35952666666667], [18.670579999999998, 54.35951166666667], [18.670618333333334, 54.35949166666667], [18.6706, 54.359503333333336], [18.670628333333333, 54.359505], [18.67061, 54.35949333333333], [18.670618333333334, 54.35948166666667], [18.67066833333333, 54.35951166666667], [18.670611666666666, 54.35952333333333], [18.67055333333333, 54.35951166666667], [18.670591666666667, 54.359505], [18.670606666666668, 54.35947833333333], [18.670661666666668, 54.359498333333335], [18.670593333333333, 54.35949166666667], [18.670546666666667, 54.359516666666664], [18.670635, 54.359495], [18.670638333333333, 54.35948666666666], [18.670575, 54.35948833333334], [18.67059833333333, 54.35950833333333], [18.670601666666666, 54.359474999999996], [18.670579999999998, 54.35948], [18.670628333333333, 54.359473333333334], [18.670591666666667, 54.35948833333334], [18.670618333333334, 54.359465], [18.67057, 54.35948166666667], [18.670543333333335, 54.35949333333333], [18.67059, 54.359476666666666], [18.670591666666667, 54.35950833333333], [18.670595, 54.35948166666667], [18.670618333333334, 54.35954166666667], [18.670579999999998, 54.35948333333333], [18.670616666666668, 54.35952333333333], [18.670650000000002, 54.35948666666666], [18.670579999999998, 54.35951], [18.67068, 54.359465], [18.67058666666667, 54.359525], [18.670608333333334, 54.35950833333333], [18.670633333333335, 54.35951], [18.670560000000002, 54.359498333333335], [18.670543333333335, 54.359516666666664], [18.67062333333333, 54.359471666666664], [18.670635, 54.35949333333333], [18.670566666666666, 54.35949], [18.670585000000003, 54.35947], [18.67049666666667, 54.35953666666667], [18.670605000000002, 54.35943833333333], [18.67064, 54.35950166666667], [18.670588333333335, 54.35948833333334], [18.670528333333333, 54.359525], [18.670595, 54.35948833333334], [18.67064, 54.35948833333334], [18.67057833333333, 54.35951], [18.670561666666668, 54.35951166666667], [18.670708333333334, 54.35946666666667], [18.670608333333334, 54.35948833333334], [18.670665, 54.35951333333333], [18.670633333333335, 54.359495], [18.670565, 54.35949333333333], [18.670575, 54.35946333333333], [18.670605000000002, 54.359505], [18.670583333333333, 54.35948], [18.670568333333332, 54.35948333333333], [18.67057, 54.35950666666667], [18.670581666666667, 54.35947], [18.670583333333333, 54.359519999999996], [18.670583333333333, 54.35950666666667], [18.670583333333333, 54.35952833333333], [18.67062333333333, 54.359519999999996], [18.670618333333334, 54.35950666666667], [18.670596666666665, 54.35944833333333], [18.670613333333332, 54.359515], [18.670588333333335, 54.35949666666667], [18.670585000000003, 54.35950833333333], [18.67063166666667, 54.35946666666667], [18.670638333333333, 54.359519999999996], [18.670576666666665, 54.35949166666667], [18.670575, 54.35948666666666], [18.67059833333333, 54.359498333333335], [18.670576666666665, 54.359518333333334], [18.670606666666668, 54.35949666666667], [18.670685, 54.35941833333333], [18.670633333333335, 54.359500000000004], [18.670595, 54.35952333333333], [18.670596666666665, 54.359505], [18.670650000000002, 54.359445], [18.670571666666667, 54.35951333333333]]}, "properties": {"label": "SM-PRC-107", "mmsi": "261011150", "imo": "8899108", "name": "SM-PRC-107", "shiptype": "", "first_seen_utc": "2026-01-04T00:13:00Z", "last_seen_utc": "2026-01-13T03:49:21Z", "destination": "GDANSK", "eta": "{'Day': 10, 'Hour': 22, 'Minute': 0, 'Month': 12}", "display": "", "links": "<a href=\"https://www.vesselfinder.com/vessels?name=8899108\" target=\"_blank\" rel=\"noopener\">VesselFinder</a> | <a href=\"https://www.marinetraffic.com/en/ais/search/all?keyword=8899108\" target=\"_blank\" rel=\"noopener\">MarineTraffic</a>", "vf_url": "https://www.vesselfinder.com/vessels?name=8899108", "mst_url": "https://www.marinetraffic.com/en/ais/search/all?keyword=8899108", "method": "v3_2pass_track3d_fromru10d", "ru_seen_in_lookback": true, "in_monitor_on_day": true}}, {"type": "Feature", "geometry": {"type": "Point", "coordinates": [18.670571666666667, 54.35951333333333]}, "properties": {"label": "SM-PRC-107", "mmsi": "261011150", "imo": "8899108", "name": "SM-PRC-107", "shiptype": "", "first_seen_utc": "2026-01-04T00:13:00Z", "last_seen_utc": "2026-01-13T03:49:21Z", "destination": "GDANSK", "eta": "{'Day': 10, 'Hour': 22, 'Minute': 0, 'Month': 12}", "display": "SM-PRC-107 (261011150)", "links": "<a href=\"https://www.vesselfinder.com/vessels?name=8899108\" target=\"_blank\" rel=\"noopener\">VesselFinder</a> | <a href=\"https://www.marinetraffic.com/en/ais/search/all?keyword=8899108\" target=\"_blank\" rel=\"noopener\">MarineTraffic</a>", "vf_url": "https://www.vesselfinder.com/vessels?name=8899108", "mst_url": "https://www.marinetraffic.com/en/ais/search/all?keyword=8899108", "method": "v3_2pass_track3d_fromru10d", "ru_seen_in_lookback": true, "in_monitor_on_day": true}}, {"type": "Feature", "geometry": {"type": "LineString", "coordinates": [[14.915483333333333, 55.53644], [14.452961666666665, 55.315441666666665], [12.249516666666667, 54.61094166666667], [12.188316666666667, 54.52014166666667], [12.116866666666665, 54.45064833333333], [11.97575, 54.448634999999996], [11.83974, 54.47176666666667], [11.701740000000001, 54.49382333333333], [11.563080000000001, 54.522965], [11.418718333333334, 54.55356833333334], [11.268526666666666, 54.58523666666667], [11.11354, 54.606001666666664], [10.964938333333333, 54.59954666666667], [10.825561666666665, 54.59047333333333], [10.355058333333334, 54.51428333333333], [10.241774999999999, 54.45903666666666], [10.182066666666666, 54.37911], [10.143616666666667, 54.36543833333334], [10.108546666666665, 54.37077166666666], [10.015468333333333, 54.35857], [9.92154, 54.34382], [9.829793333333333, 54.36374], [9.744711666666666, 54.33913666666667], [9.687868333333334, 54.29453], [9.621523333333332, 54.258496666666666], [9.574571666666666, 54.209381666666665], [9.488036666666666, 54.18349833333333], [9.396818333333332, 54.159855], [9.328956666666667, 54.12420833333333], [9.309298333333334, 54.059961666666666], [9.293456666666666, 54.002775], [9.239441666666666, 53.95372333333333], [9.179335, 53.91259], [9.146445, 53.89438500000001], [9.139458333333332, 53.890375], [8.80517, 53.84234166666667], [7.719426666666666, 54.02167333333333], [7.567398333333333, 54.00199333333333], [7.426101666666667, 53.98160333333333], [7.291406666666666, 53.96046833333333], [7.159503333333333, 53.939238333333336], [7.031366666666667, 53.919443333333334], [6.905218333333334, 53.90052166666667], [6.779821666666667, 53.88243], [6.653498333333333, 53.863913333333336]]}, "properties": {"label": "AMADEUS SAFFIER", "mmsi": "245918000", "imo": "9996903", "name": "AMADEUS SAFFIER", "shiptype": "", "first_seen_utc": "2026-01-04T00:14:35Z", "last_seen_utc": "2026-01-13T03:22:18Z", "destination": "GENK", "eta": "{'Day': 15, 'Hour': 8, 'Minute': 0, 'Month': 1}", "display": "", "links": "<a href=\"https://www.vesselfinder.com/vessels?name=9996903\" target=\"_blank\" rel=\"noopener\">VesselFinder</a> | <a href=\"https://www.marinetraffic.com/en/ais/search/all?keyword=9996903\" target=\"_blank\" rel=\"noopener\">MarineTraffic</a>", "vf_url": "https://www.vesselfinder.com/vessels?name=9996903", "mst_url": "https://www.marinetraffic.com/en/ais/search/all?keyword=9996903", "method": "v3_2pass_track3d_fromru10d", "ru_seen_in_lookback": true, "in_monitor_on_day": true}}, {"type": "Feature", "geometry": {"type": "Point", "coordinates": [6.653498333333333, 53.863913333333336]}, "properties": {"label": "AMADEUS SAFFIER", "mmsi": "245918000", "imo": "9996903", "name": "AMADEUS SAFFIER", "shiptype": "", "first_seen_utc": "2026-01-04T00:14:35Z", "last_seen_utc": "2026-01-13T03:22:18Z", "destination": "GENK", "eta": "{'Day': 15, 'Hour': 8, 'Minute': 0, 'Month': 1}", "display": "AMADEUS SAFFIER (245918000)", "links": "<a href=\"https://www.vesselfinder.com/vessels?name=9996903\" target=\"_blank\" rel=\"noopener\">VesselFinder</a> | <a href=\"https://www.marinetraffic.com/en/ais/search/all?keyword=9996903\" target=\"_blank\" rel=\"noopener\">MarineTraffic</a>", "vf_url": "https://www.vesselfinder.com/vessels?name=9996903", "mst_url": "https://www.marinetraffic.com/en/ais/search/all?keyword=9996903", "method": "v3_2pass_track3d_fromru10d", "ru_seen_in_lookback": true, "in_monitor_on_day": true}}, {"type": "Feature", "geometry": {"type": "LineString", "coordinates": [[14.82647, 56.15537166666666], [14.826476666666668, 56.155366666666666], [14.82648, 56.155363333333334], [14.826474999999999, 56.155366666666666], [14.82648, 56.155364999999996], [14.826476666666668, 56.155366666666666], [14.82647, 56.155364999999996], [14.826466666666667, 56.155366666666666], [14.826466666666667, 56.155366666666666], [14.82647, 56.155364999999996], [14.826465, 56.155364999999996], [14.826466666666667, 56.155364999999996], [14.82647, 56.155363333333334], [14.826468333333334, 56.155366666666666], [14.826465, 56.155366666666666], [14.826459999999999, 56.155364999999996], [14.826465, 56.155363333333334], [14.82647, 56.155361666666664], [14.826465, 56.155363333333334], [14.826465, 56.15536833333333], [14.826468333333334, 56.155364999999996], [14.826471666666666, 56.155364999999996], [14.82647, 56.155364999999996], [14.82647, 56.155366666666666], [14.826466666666667, 56.155363333333334], [14.826471666666666, 56.15536833333333], [14.826471666666666, 56.15537333333334], [14.826463333333333, 56.15536833333333], [14.826465, 56.155366666666666], [14.826461666666667, 56.155366666666666], [14.826461666666667, 56.155366666666666], [14.826466666666667, 56.155363333333334], [14.826466666666667, 56.155363333333334], [14.826463333333333, 56.155366666666666], [14.826468333333334, 56.155361666666664], [14.826471666666666, 56.155364999999996], [14.826465, 56.155363333333334], [14.826465, 56.155364999999996], [14.826466666666667, 56.15536], [14.826465, 56.15536], [14.826468333333334, 56.155363333333334], [14.826466666666667, 56.155361666666664], [14.826459999999999, 56.155363333333334], [14.826458333333333, 56.15537], [14.826465, 56.15536833333333], [14.826468333333334, 56.155366666666666], [14.826471666666666, 56.155363333333334], [14.82647, 56.155361666666664], [14.826468333333334, 56.15536833333333], [14.826461666666667, 56.155364999999996], [14.826463333333333, 56.155363333333334], [14.826456666666667, 56.155363333333334], [14.824601666666666, 56.11273833333333], [14.878006666666666, 56.08916333333333], [15.004538333333333, 56.01983], [15.166755, 55.96761166666667], [15.330116666666667, 55.916255], [15.488971666666666, 55.86590666666667], [18.472825, 55.06630333333333], [18.630835, 55.00153666666667], [18.779873333333335, 54.924821666666666], [18.918153333333333, 54.846154999999996], [19.01208666666667, 54.755175], [19.059835, 54.65034333333333], [19.03063, 54.552476666666664], [18.95539, 54.473785], [18.873268333333332, 54.446389999999994], [18.861476666666665, 54.445368333333334], [18.86093, 54.445346666666666], [18.861341666666664, 54.44545333333333], [18.86135833333333, 54.44546666666667], [18.861096666666665, 54.445455], [18.861328333333333, 54.44549333333334], [18.861803333333334, 54.445550000000004], [18.861978333333333, 54.445553333333336], [18.86216, 54.445523333333334], [18.862000000000002, 54.445523333333334], [18.861848333333334, 54.44554166666667], [18.861666666666668, 54.44552833333333], [18.860991666666667, 54.44549166666666], [18.861003333333333, 54.44551], [18.860545000000002, 54.445368333333334]]}, "properties": {"label": "HAPPY PEREGRINE", "mmsi": "219558000", "imo": "9553660", "name": "HAPPY PEREGRINE", "shiptype": "", "first_seen_utc": "2026-01-04T00:16:00Z", "last_seen_utc": "2026-01-13T03:39:41Z", "destination": "PLGDN", "eta": "{'Day': 12, 'Hour': 19, 'Minute': 0, 'Month': 1}", "display": "", "links": "<a href=\"https://www.vesselfinder.com/vessels?name=9553660\" target=\"_blank\" rel=\"noopener\">VesselFinder</a> | <a href=\"https://www.marinetraffic.com/en/ais/search/all?keyword=9553660\" target=\"_blank\" rel=\"noopener\">MarineTraffic</a>", "vf_url": "https://www.vesselfinder.com/vessels?name=9553660", "mst_url": "https://www.marinetraffic.com/en/ais/search/all?keyword=9553660", "method": "v3_2pass_track3d_fromru10d", "ru_seen_in_lookback": true, "in_monitor_on_day": true}}, {"type": "Feature", "geometry": {"type": "Point", "coordinates": [18.860545000000002, 54.445368333333334]}, "properties": {"label": "HAPPY PEREGRINE", "mmsi": "219558000", "imo": "9553660", "name": "HAPPY PEREGRINE", "shiptype": "", "first_seen_utc": "2026-01-04T00:16:00Z", "last_seen_utc": "2026-01-13T03:39:41Z", "destination": "PLGDN", "eta": "{'Day': 12, 'Hour': 19, 'Minute': 0, 'Month': 1}", "display": "HAPPY PEREGRINE (219558000)", "links": "<a href=\"https://www.vesselfinder.com/vessels?name=9553660\" target=\"_blank\" rel=\"noopener\">VesselFinder</a> | <a href=\"https://www.marinetraffic.com/en/ais/search/all?keyword=9553660\" target=\"_blank\" rel=\"noopener\">MarineTraffic</a>", "vf_url": "https://www.vesselfinder.com/vessels?name=9553660", "mst_url": "https://www.marinetraffic.com/en/ais/search/all?keyword=9553660", "method": "v3_2pass_track3d_fromru10d", "ru_seen_in_lookback": true, "in_monitor_on_day": true}}, {"type": "Feature", "geometry": {"type": "LineString", "coordinates": [[18.653653333333335, 54.38173333333334], [18.653705, 54.381746666666665], [18.653740000000003, 54.381836666666665], [18.65368833333333, 54.38176833333333], [18.653578333333332, 54.38179], [18.653746666666667, 54.38168833333334], [18.65364, 54.381811666666664], [18.653678333333335, 54.38171166666667], [18.653685, 54.38173166666666], [18.653653333333335, 54.38180333333333], [18.65368, 54.381726666666665], [18.65359833333333, 54.38173333333334], [18.653650000000003, 54.38171666666666], [18.65367666666667, 54.38167833333333], [18.653666666666666, 54.38175666666667], [18.65368, 54.38171833333333], [18.65364, 54.381750000000004], [18.653613333333332, 54.38177833333334], [18.653806666666664, 54.381585], [18.653648333333333, 54.38165333333333], [18.653793333333333, 54.38213833333334], [18.65372166666667, 54.38178166666667], [18.653633333333335, 54.38177333333333], [18.653771666666668, 54.38171166666667], [18.653608333333334, 54.381705000000004], [18.653705, 54.38165166666667], [18.653633333333335, 54.381661666666666], [18.65358666666667, 54.38173833333334], [18.653603333333333, 54.381721666666664], [18.653481666666668, 54.381811666666664], [18.65365166666667, 54.38176833333333], [18.653641666666665, 54.38175666666667], [18.653646666666667, 54.38178666666667], [18.65362, 54.38173833333334], [18.653648333333333, 54.38174166666667], [18.65371, 54.38176166666666], [18.65354166666667, 54.38163333333333], [18.653650000000003, 54.381746666666665], [18.65368, 54.38174], [18.653718333333334, 54.381765], [18.65368833333333, 54.381751666666666], [18.65363, 54.381753333333336], [18.65369666666667, 54.38176], [18.653641666666665, 54.381676666666664], [18.65356166666667, 54.381681666666665], [18.653595, 54.381703333333334], [18.65368, 54.38173666666667], [18.653686666666665, 54.381750000000004], [18.653736666666667, 54.381811666666664], [18.653656666666667, 54.381735000000006], [18.653731666666665, 54.38173833333334], [18.654088333333334, 54.381438333333335], [18.653753333333334, 54.3817], [18.65364333333333, 54.38181833333333], [18.653723333333335, 54.381771666666666], [18.653681666666667, 54.38177666666666], [18.653705, 54.381721666666664], [18.653618333333334, 54.38177333333333], [18.653656666666667, 54.38169666666667], [18.653601666666667, 54.381745], [18.653665, 54.38180833333333], [18.653678333333335, 54.381735000000006], [18.65361, 54.38174], [18.653675, 54.38177666666666], [18.653708333333334, 54.38173166666666], [18.653491666666664, 54.38180166666667], [18.653666666666666, 54.381750000000004], [18.653734999999998, 54.38175666666667], [18.653650000000003, 54.38169333333334], [18.65366, 54.381724999999996], [18.653636666666667, 54.381748333333334], [18.653585, 54.381663333333336], [18.653603333333333, 54.381750000000004], [18.653646666666667, 54.381721666666664], [18.653686666666665, 54.38174166666667], [18.653678333333335, 54.38176166666666], [18.653693333333333, 54.38177833333334], [18.653701666666667, 54.38178333333334], [18.653666666666666, 54.381791666666665], [18.653675, 54.381735000000006], [18.653683333333333, 54.38171666666666], [18.653693333333333, 54.38175666666667], [18.653681666666667, 54.38173833333334], [18.653686666666665, 54.38173166666666], [18.653646666666667, 54.38176833333333], [18.653718333333334, 54.38171833333333], [18.653765, 54.381755], [18.653683333333333, 54.38182833333334], [18.653623333333332, 54.381701666666665], [18.653658333333333, 54.38172333333333], [18.653613333333332, 54.38176], [18.653668333333332, 54.38178333333334], [18.653736666666667, 54.38173333333334], [18.653698333333335, 54.381816666666666], [18.65359833333333, 54.38171166666667], [18.653798333333334, 54.38169666666667], [18.65368, 54.38171833333333], [18.653648333333333, 54.381755]]}, "properties": {"label": "JIA RUN", "mmsi": "477925700", "imo": "9533361", "name": "JIA RUN", "shiptype": "", "first_seen_utc": "2026-01-04T00:16:26Z", "last_seen_utc": "2026-01-13T03:42:48Z", "destination": "GDANSK", "eta": "{'Day': 23, 'Hour': 12, 'Minute': 0, 'Month': 12}", "display": "", "links": "<a href=\"https://www.vesselfinder.com/vessels?name=9533361\" target=\"_blank\" rel=\"noopener\">VesselFinder</a> | <a href=\"https://www.marinetraffic.com/en/ais/search/all?keyword=9533361\" target=\"_blank\" rel=\"noopener\">MarineTraffic</a>", "vf_url": "https://www.vesselfinder.com/vessels?name=9533361", "mst_url": "https://www.marinetraffic.com/en/ais/search/all?keyword=9533361", "method": "v3_2pass_track3d_fromru10d", "ru_seen_in_lookback": true, "in_monitor_on_day": true}}, {"type": "Feature", "geometry": {"type": "Point", "coordinates": [18.653648333333333, 54.381755]}, "properties": {"label": "JIA RUN", "mmsi": "477925700", "imo": "9533361", "name": "JIA RUN", "shiptype": "", "first_seen_utc": "2026-01-04T00:16:26Z", "last_seen_utc": "2026-01-13T03:42:48Z", "destination": "GDANSK", "eta": "{'Day': 23, 'Hour': 12, 'Minute': 0, 'Month': 12}", "display": "JIA RUN (477925700)", "links": "<a href=\"https://www.vesselfinder.com/vessels?name=9533361\" target=\"_blank\" rel=\"noopener\">VesselFinder</a> | <a href=\"https://www.marinetraffic.com/en/ais/search/all?keyword=9533361\" target=\"_blank\" rel=\"noopener\">MarineTraffic</a>", "vf_url": "https://www.vesselfinder.com/vessels?name=9533361", "mst_url": "https://www.marinetraffic.com/en/ais/search/all?keyword=9533361", "method": "v3_2pass_track3d_fromru10d", "ru_seen_in_lookback": true, "in_monitor_on_day": true}}, {"type": "Feature", "geometry": {"type": "LineString", "coordinates": [[3.245033333333333, 52.898450000000004], [2.972933333333333, 52.564049999999995], [3.00515, 52.4065], [3.0984333333333334, 52.308], [3.28715, 52.14025], [3.33785, 52.02503333333333], [3.308783333333333, 51.929716666666664], [3.278833333333333, 51.83535], [3.27155, 51.747416666666666], [3.3201166666666664, 51.65636666666667], [3.4008666666666665, 51.57306666666667], [3.4726, 51.496316666666665], [3.565816666666667, 51.439], [3.6683833333333333, 51.43766666666667], [3.7361999999999997, 51.372166666666665], [3.85835, 51.34738333333333], [3.9575, 51.40028333333333], [4.0334666666666665, 51.40771666666667], [4.129566666666666, 51.37031666666667], [4.22215, 51.36496666666667], [4.287066666666666, 51.34623333333333], [4.287233333333333, 51.346250000000005], [4.287216666666667, 51.34623333333333], [4.287183333333333, 51.34623333333333], [4.311766666666667, 51.319766666666666], [4.341333333333334, 51.26716666666667], [4.3421666666666665, 51.265616666666666], [4.3335333333333335, 51.277366666666666], [4.3335, 51.2776], [4.333483333333334, 51.277633333333334], [4.30555, 51.29443333333334], [4.25645, 51.35058333333333], [4.1582333333333334, 51.38326666666667], [4.037916666666667, 51.40486666666666], [3.9503833333333334, 51.39383333333333], [3.800816666666667, 51.35058333333333], [3.6885333333333334, 51.4336], [3.5543166666666663, 51.42633333333333], [3.3781166666666667, 51.40988333333333], [3.202433333333333, 51.40703333333333], [3.0332999999999997, 51.4145], [3.0465, 51.48355], [3.1496166666666667, 51.5513], [3.197416666666667, 51.6389], [3.2299333333333333, 51.716366666666666]]}, "properties": {"label": "ESSEX STAR", "mmsi": "256809000", "imo": "9348297", "name": "ESSEX STAR", "shiptype": "", "first_seen_utc": "2026-01-04T00:17:21Z", "last_seen_utc": "2026-01-13T03:56:18Z", "destination": "BEANR > GBIMM", "eta": "{'Day': 13, 'Hour': 20, 'Minute': 0, 'Month': 1}", "display": "", "links": "<a href=\"https://www.vesselfinder.com/vessels?name=9348297\" target=\"_blank\" rel=\"noopener\">VesselFinder</a> | <a href=\"https://www.marinetraffic.com/en/ais/search/all?keyword=9348297\" target=\"_blank\" rel=\"noopener\">MarineTraffic</a>", "vf_url": "https://www.vesselfinder.com/vessels?name=9348297", "mst_url": "https://www.marinetraffic.com/en/ais/search/all?keyword=9348297", "method": "v3_2pass_track3d_fromru10d", "ru_seen_in_lookback": true, "in_monitor_on_day": true}}, {"type": "Feature", "geometry": {"type": "Point", "coordinates": [3.2299333333333333, 51.716366666666666]}, "properties": {"label": "ESSEX STAR", "mmsi": "256809000", "imo": "9348297", "name": "ESSEX STAR", "shiptype": "", "first_seen_utc": "2026-01-04T00:17:21Z", "last_seen_utc": "2026-01-13T03:56:18Z", "destination": "BEANR > GBIMM", "eta": "{'Day': 13, 'Hour': 20, 'Minute': 0, 'Month': 1}", "display": "ESSEX STAR (256809000)", "links": "<a href=\"https://www.vesselfinder.com/vessels?name=9348297\" target=\"_blank\" rel=\"noopener\">VesselFinder</a> | <a href=\"https://www.marinetraffic.com/en/ais/search/all?keyword=9348297\" target=\"_blank\" rel=\"noopener\">MarineTraffic</a>", "vf_url": "https://www.vesselfinder.com/vessels?name=9348297", "mst_url": "https://www.marinetraffic.com/en/ais/search/all?keyword=9348297", "method": "v3_2pass_track3d_fromru10d", "ru_seen_in_lookback": true, "in_monitor_on_day": true}}, {"type": "Feature", "geometry": {"type": "LineString", "coordinates": [[18.676705000000002, 54.35620666666667], [18.676721666666666, 54.35622], [18.676716666666668, 54.35623], [18.676675, 54.35622166666667], [18.676715, 54.356210000000004], [18.676708333333334, 54.35621833333333], [18.676746666666666, 54.35624], [18.676701666666666, 54.35623333333333], [18.676713333333332, 54.35622166666667], [18.676741666666665, 54.356210000000004], [18.676715, 54.35621166666667], [18.676711666666666, 54.35622333333333], [18.676701666666666, 54.356228333333334], [18.676728333333333, 54.356235], [18.676696666666665, 54.356231666666666], [18.67671, 54.35623333333333], [18.67671, 54.356231666666666], [18.676718333333334, 54.356228333333334], [18.676705000000002, 54.356231666666666], [18.676706666666668, 54.356228333333334], [18.67672, 54.35621166666667], [18.676721666666666, 54.356228333333334], [18.67673166666667, 54.356235], [18.67672333333333, 54.356235], [18.676741666666665, 54.356226666666664], [18.676695, 54.35622166666667], [18.676713333333332, 54.35622333333333], [18.676746666666666, 54.35622333333333], [18.676730000000003, 54.35623666666667], [18.676728333333333, 54.356205], [18.67673166666667, 54.35621166666667], [18.676721666666666, 54.35623666666667], [18.676706666666668, 54.35621666666667], [18.676706666666668, 54.35622333333333], [18.676741666666665, 54.35621666666667], [18.6767, 54.35621666666667], [18.676703333333332, 54.35621833333333], [18.67672, 54.35622], [18.67673166666667, 54.356231666666666], [18.67672, 54.35621666666667], [18.67672333333333, 54.356226666666664], [18.67673166666667, 54.35620166666667], [18.676706666666668, 54.35623666666667], [18.676728333333333, 54.356195], [18.676738333333333, 54.35621166666667], [18.676733333333335, 54.35619833333333], [18.676724999999998, 54.35623333333333], [18.67672333333333, 54.35622333333333], [18.676724999999998, 54.35622166666667], [18.676713333333332, 54.356226666666664], [18.67672, 54.35622166666667], [18.676708333333334, 54.35621666666667], [18.67671, 54.35622], [18.676728333333333, 54.356215], [18.676713333333332, 54.35622333333333], [18.67672333333333, 54.35621666666667], [18.676701666666666, 54.35622333333333], [18.676701666666666, 54.35620166666667], [18.676711666666666, 54.35620333333333], [18.67568, 54.35644], [18.646741666666667, 54.366565], [18.646743333333333, 54.36658], [18.648653333333336, 54.366015], [18.64836, 54.365855], [18.658828333333336, 54.36374333333333], [18.676724999999998, 54.35622166666667], [18.676695, 54.35622333333333], [18.67672, 54.35622], [18.676718333333334, 54.35621166666667], [18.676716666666668, 54.35622166666667], [18.676706666666668, 54.35622166666667], [18.67701, 54.356045], [18.676991666666666, 54.356049999999996], [18.677023333333334, 54.35603166666667], [18.677680000000002, 54.396946666666665], [18.698741666666667, 54.45088], [18.795858333333335, 54.51524], [18.892305, 54.57873166666666], [18.942445000000003, 54.65253833333334], [18.782011666666666, 54.702845], [18.596008333333334, 54.73940666666667], [18.59838166666667, 54.739635]]}, "properties": {"label": "HENRYK", "mmsi": "261059000", "imo": "7504926", "name": "HENRYK", "shiptype": "", "first_seen_utc": "2026-01-04T00:18:39Z", "last_seen_utc": "2026-01-13T03:43:08Z", "destination": "GDANSK", "eta": "{'Day': 8, 'Hour': 0, 'Minute': 0, 'Month': 1}", "display": "", "links": "<a href=\"https://www.vesselfinder.com/vessels?name=7504926\" target=\"_blank\" rel=\"noopener\">VesselFinder</a> | <a href=\"https://www.marinetraffic.com/en/ais/search/all?keyword=7504926\" target=\"_blank\" rel=\"noopener\">MarineTraffic</a>", "vf_url": "https://www.vesselfinder.com/vessels?name=7504926", "mst_url": "https://www.marinetraffic.com/en/ais/search/all?keyword=7504926", "method": "v3_2pass_track3d_fromru10d", "ru_seen_in_lookback": true, "in_monitor_on_day": true}}, {"type": "Feature", "geometry": {"type": "Point", "coordinates": [18.59838166666667, 54.739635]}, "properties": {"label": "HENRYK", "mmsi": "261059000", "imo": "7504926", "name": "HENRYK", "shiptype": "", "first_seen_utc": "2026-01-04T00:18:39Z", "last_seen_utc": "2026-01-13T03:43:08Z", "destination": "GDANSK", "eta": "{'Day': 8, 'Hour': 0, 'Minute': 0, 'Month': 1}", "display": "HENRYK (261059000)", "links": "<a href=\"https://www.vesselfinder.com/vessels?name=7504926\" target=\"_blank\" rel=\"noopener\">VesselFinder</a> | <a href=\"https://www.marinetraffic.com/en/ais/search/all?keyword=7504926\" target=\"_blank\" rel=\"noopener\">MarineTraffic</a>", "vf_url": "https://www.vesselfinder.com/vessels?name=7504926", "mst_url": "https://www.marinetraffic.com/en/ais/search/all?keyword=7504926", "method": "v3_2pass_track3d_fromru10d", "ru_seen_in_lookback": true, "in_monitor_on_day": true}}, {"type": "Feature", "geometry": {"type": "LineString", "coordinates": [[18.80164166666667, 54.60229], [18.801626666666667, 54.60227], [18.801628333333333, 54.602295000000005], [18.80163, 54.60228666666667], [18.801621666666666, 54.60229666666667], [18.801628333333333, 54.60232], [18.801640000000003, 54.602325], [18.801621666666666, 54.60232166666666], [18.80162, 54.60231666666667], [18.80162, 54.60232], [18.801621666666666, 54.60230166666667], [18.801598333333335, 54.60230833333333], [18.80161, 54.602285], [18.801581666666667, 54.6023], [18.801636666666663, 54.60231833333333], [18.80165, 54.60233], [18.801618333333334, 54.602288333333334], [18.801631666666665, 54.602306666666664], [18.801673333333333, 54.60231], [18.801658333333332, 54.60231833333333], [18.801663333333334, 54.60232666666666], [18.801631666666665, 54.602336666666666], [18.801640000000003, 54.602325], [18.80167, 54.60231833333333], [18.801646666666667, 54.60230833333333], [18.801634999999997, 54.602325], [18.801645, 54.602325], [18.801631666666665, 54.60232333333333], [18.801663333333334, 54.602340000000005], [18.801636666666663, 54.60234666666667], [18.801625, 54.60233], [18.801668333333335, 54.60232333333333], [18.801676666666665, 54.60230333333333], [18.801658333333332, 54.60233], [18.801661666666668, 54.60234666666667], [18.801658333333332, 54.60232833333334], [18.801625, 54.60230333333333], [18.801595000000002, 54.60229833333334], [18.801598333333335, 54.602340000000005], [18.801595000000002, 54.602333333333334], [18.801605, 54.60233], [18.801555, 54.60232666666666], [18.801593333333336, 54.602335000000004], [18.801645, 54.602313333333335], [18.801640000000003, 54.60230833333333], [18.801668333333335, 54.602288333333334], [18.801661666666668, 54.602293333333336], [18.801673333333333, 54.602275], [18.801625, 54.602306666666664], [18.80162, 54.60231833333333], [18.801636666666663, 54.60232], [18.80159666666667, 54.602291666666666], [18.80163, 54.602325], [18.801625, 54.60232833333334], [18.801611666666666, 54.60234166666667], [18.80163, 54.602311666666665], [18.801606666666665, 54.60231833333333], [18.80161, 54.60230333333333], [18.801589999999997, 54.602288333333334], [18.798386666666666, 54.59614], [18.920885, 54.57356333333333], [19.02565333333333, 54.62148833333333], [19.03175666666667, 54.672335], [19.044838333333335, 54.68366666666667], [19.01249, 54.660025000000005], [18.980385000000002, 54.64434333333334], [18.94027833333333, 54.63659666666667], [18.913310000000003, 54.65143166666667], [18.909218333333335, 54.673855], [18.90584833333333, 54.696558333333336], [18.884815, 54.71470166666666], [18.85447333333333, 54.72725166666667], [18.823013333333332, 54.73674666666667], [18.85856, 54.73697666666667], [18.895120000000002, 54.71692666666667], [18.918425, 54.69915833333334], [18.921853333333335, 54.686058333333335], [18.878488333333333, 54.62730833333333], [18.795698333333334, 54.586585], [18.80101, 54.601459999999996], [18.801045, 54.601485000000004], [18.803571666666667, 54.600366666666666], [18.803551666666667, 54.600339999999996], [18.801631666666665, 54.602325], [18.801625, 54.60231], [18.801611666666666, 54.60232833333334], [18.801651666666665, 54.602313333333335], [18.801586666666665, 54.602345], [18.801573333333334, 54.60232833333334], [18.801566666666666, 54.602313333333335], [18.801660000000002, 54.602335000000004], [18.801628333333333, 54.60232333333333], [18.801623333333335, 54.60230166666667], [18.801638333333337, 54.6023], [18.801668333333335, 54.602325], [18.801638333333337, 54.60227666666666], [18.801636666666663, 54.60230166666667], [18.80167833333333, 54.60230166666667], [18.801638333333337, 54.60230833333333], [18.80163, 54.602311666666665], [18.80162, 54.602313333333335], [18.801611666666666, 54.602345]]}, "properties": {"label": "HEL-157", "mmsi": "261001620", "imo": "8008670", "name": "HEL-157", "shiptype": "", "first_seen_utc": "2026-01-04T00:19:45Z", "last_seen_utc": "2026-01-13T03:35:46Z", "destination": "KEEP CLEAR 0.3AFT", "eta": "{'Day': 0, 'Hour': 24, 'Minute': 60, 'Month': 0}", "display": "", "links": "<a href=\"https://www.vesselfinder.com/vessels?name=8008670\" target=\"_blank\" rel=\"noopener\">VesselFinder</a> | <a href=\"https://www.marinetraffic.com/en/ais/search/all?keyword=8008670\" target=\"_blank\" rel=\"noopener\">MarineTraffic</a>", "vf_url": "https://www.vesselfinder.com/vessels?name=8008670", "mst_url": "https://www.marinetraffic.com/en/ais/search/all?keyword=8008670", "method": "v3_2pass_track3d_fromru10d", "ru_seen_in_lookback": true, "in_monitor_on_day": true}}, {"type": "Feature", "geometry": {"type": "Point", "coordinates": [18.801611666666666, 54.602345]}, "properties": {"label": "HEL-157", "mmsi": "261001620", "imo": "8008670", "name": "HEL-157", "shiptype": "", "first_seen_utc": "2026-01-04T00:19:45Z", "last_seen_utc": "2026-01-13T03:35:46Z", "destination": "KEEP CLEAR 0.3AFT", "eta": "{'Day': 0, 'Hour': 24, 'Minute': 60, 'Month': 0}", "display": "HEL-157 (261001620)", "links": "<a href=\"https://www.vesselfinder.com/vessels?name=8008670\" target=\"_blank\" rel=\"noopener\">VesselFinder</a> | <a href=\"https://www.marinetraffic.com/en/ais/search/all?keyword=8008670\" target=\"_blank\" rel=\"noopener\">MarineTraffic</a>", "vf_url": "https://www.vesselfinder.com/vessels?name=8008670", "mst_url": "https://www.marinetraffic.com/en/ais/search/all?keyword=8008670", "method": "v3_2pass_track3d_fromru10d", "ru_seen_in_lookback": true, "in_monitor_on_day": true}}, {"type": "Feature", "geometry": {"type": "LineString", "coordinates": [[4.165453333333334, 60.576715], [4.166345000000001, 60.566271666666665], [4.166541666666666, 60.55528833333334], [4.16978, 60.54179], [4.205191666666667, 60.58088166666666], [4.2391966666666665, 60.63825833333333], [4.287555, 60.69497166666667], [4.339286666666666, 60.749545], [4.3938516666666665, 60.80202333333333], [4.461115, 60.82541166666667], [4.590228333333333, 60.856055], [4.763675, 60.857148333333335], [4.940306666666667, 60.84327666666666], [5.0316399999999994, 60.82389833333333], [5.019711666666667, 60.822091666666665], [5.019716666666667, 60.82209833333333], [5.01973, 60.822095], [5.019783333333334, 60.82208833333333], [5.019826666666666, 60.82211333333333], [5.019761666666667, 60.82205833333333], [5.019758333333333, 60.822070000000004], [5.01975, 60.82210166666667], [5.019761666666667, 60.82208], [5.019716666666667, 60.82210333333333], [5.01973, 60.82210166666667], [5.019736666666666, 60.822161666666666], [5.019753333333333, 60.82207666666667], [5.019793333333333, 60.82208333333333], [5.019761666666667, 60.822095], [5.019723333333333, 60.82211333333333], [5.019846666666667, 60.822075000000005], [5.01975, 60.8221], [5.019643333333334, 60.822070000000004], [5.019746666666666, 60.82203333333334], [5.019786666666667, 60.82208833333333], [5.019745, 60.822055], [5.019755, 60.82210166666667], [5.019778333333333, 60.822093333333335], [5.019758333333333, 60.82208666666667], [5.0198, 60.82214], [5.019735, 60.82206833333333], [5.019746666666666, 60.822118333333336], [5.0197650000000005, 60.82208333333333], [5.019728333333333, 60.82206333333333], [5.019755, 60.82209833333333], [5.019736666666666, 60.8221], [5.019728333333333, 60.82210166666667], [5.019760000000001, 60.822075000000005], [5.019760000000001, 60.822091666666665], [5.019755, 60.822091666666665], [5.01972, 60.82210333333333], [5.019731666666667, 60.822093333333335], [5.0197650000000005, 60.822105], [5.019760000000001, 60.82211333333333], [5.019723333333333, 60.822135], [5.019771666666667, 60.82210666666666], [5.019761666666667, 60.82209666666667], [5.019738333333334, 60.82207666666667], [5.01975, 60.822085], [5.019713333333333, 60.822093333333335], [5.019723333333333, 60.82209833333333], [5.019738333333334, 60.82208], [5.01975, 60.82209833333333], [5.019748333333334, 60.822109999999995], [5.0197650000000005, 60.822073333333336], [5.019768333333333, 60.82210333333333], [5.019713333333333, 60.822105], [5.019785, 60.82211666666667], [5.019751666666666, 60.82209], [5.0197183333333335, 60.82213333333333], [5.019745, 60.822105], [5.019756666666667, 60.82209666666667], [5.019736666666666, 60.82210833333333], [5.019695, 60.82210166666667], [5.019748333333334, 60.82211666666667], [5.0197416666666665, 60.8221], [5.019791666666666, 60.82211333333333], [5.01975, 60.822109999999995], [5.019701666666666, 60.822091666666665], [5.019786666666667, 60.82212833333333], [5.019763333333333, 60.82208166666667], [5.019738333333334, 60.8221], [5.019733333333334, 60.822109999999995], [5.019760000000001, 60.8221], [5.019763333333333, 60.82212166666667], [5.019731666666667, 60.82206333333333], [5.01969, 60.82209], [5.019768333333333, 60.822136666666665], [5.019738333333334, 60.82208833333333], [5.0197, 60.82209], [5.01975, 60.822105], [5.019728333333333, 60.822073333333336], [5.019786666666667, 60.822111666666665], [5.019768333333333, 60.822118333333336], [5.01973, 60.82207666666667], [5.019721666666666, 60.82210666666666], [5.019733333333334, 60.82209], [5.019735, 60.82209666666667]]}, "properties": {"label": "BERGEN TS", "mmsi": "248024000", "imo": "9737400", "name": "BERGEN TS", "shiptype": "", "first_seen_utc": "2026-01-04T00:19:45Z", "last_seen_utc": "2026-01-13T04:00:39Z", "destination": "PLGDN>NOMON", "eta": "{'Day': 10, 'Hour': 17, 'Minute': 0, 'Month': 1}", "display": "", "links": "<a href=\"https://www.vesselfinder.com/vessels?name=9737400\" target=\"_blank\" rel=\"noopener\">VesselFinder</a> | <a href=\"https://www.marinetraffic.com/en/ais/search/all?keyword=9737400\" target=\"_blank\" rel=\"noopener\">MarineTraffic</a>", "vf_url": "https://www.vesselfinder.com/vessels?name=9737400", "mst_url": "https://www.marinetraffic.com/en/ais/search/all?keyword=9737400", "method": "v3_2pass_track3d_fromru10d", "ru_seen_in_lookback": true, "in_monitor_on_day": true}}, {"type": "Feature", "geometry": {"type": "Point", "coordinates": [5.019735, 60.82209666666667]}, "properties": {"label": "BERGEN TS", "mmsi": "248024000", "imo": "9737400", "name": "BERGEN TS", "shiptype": "", "first_seen_utc": "2026-01-04T00:19:45Z", "last_seen_utc": "2026-01-13T04:00:39Z", "destination": "PLGDN>NOMON", "eta": "{'Day': 10, 'Hour': 17, 'Minute': 0, 'Month': 1}", "display": "BERGEN TS (248024000)", "links": "<a href=\"https://www.vesselfinder.com/vessels?name=9737400\" target=\"_blank\" rel=\"noopener\">VesselFinder</a> | <a href=\"https://www.marinetraffic.com/en/ais/search/all?keyword=9737400\" target=\"_blank\" rel=\"noopener\">MarineTraffic</a>", "vf_url": "https://www.vesselfinder.com/vessels?name=9737400", "mst_url": "https://www.marinetraffic.com/en/ais/search/all?keyword=9737400", "method": "v3_2pass_track3d_fromru10d", "ru_seen_in_lookback": true, "in_monitor_on_day": true}}, {"type": "Feature", "geometry": {"type": "LineString", "coordinates": [[18.95025, 54.986650000000004], [18.962183333333332, 54.94513333333334], [18.9811, 54.900616666666664], [19.001733333333334, 54.853566666666666], [19.012983333333334, 54.80596666666667], [19.021116666666668, 54.75836666666667], [19.0347, 54.710366666666665], [19.0519, 54.66303333333334], [19.074216666666665, 54.62355], [19.056050000000003, 54.58521666666666], [19.024633333333334, 54.545716666666664], [18.992849999999997, 54.50686666666666], [18.952983333333336, 54.46086666666667], [18.899283333333337, 54.45238333333334], [18.891716666666664, 54.45133333333333], [18.892516666666666, 54.45133333333333], [18.89271666666667, 54.45126666666667], [18.892699999999998, 54.45131666666667], [18.89265, 54.451283333333336], [18.8929, 54.451233333333334], [18.876633333333334, 54.442616666666666], [18.751716666666667, 54.4056], [18.71625, 54.402116666666664], [18.71626666666667, 54.40215], [18.7163, 54.40218333333333]]}, "properties": {"label": "RUBIKON 202", "mmsi": "255806519", "imo": "9344423", "name": "RUBIKON 202", "shiptype": "", "first_seen_utc": "2026-01-04T00:20:18Z", "last_seen_utc": "2026-01-13T03:52:02Z", "destination": "PL GDN", "eta": "{'Day': 12, 'Hour': 22, 'Minute': 0, 'Month': 1}", "display": "", "links": "<a href=\"https://www.vesselfinder.com/vessels?name=9344423\" target=\"_blank\" rel=\"noopener\">VesselFinder</a> | <a href=\"https://www.marinetraffic.com/en/ais/search/all?keyword=9344423\" target=\"_blank\" rel=\"noopener\">MarineTraffic</a>", "vf_url": "https://www.vesselfinder.com/vessels?name=9344423", "mst_url": "https://www.marinetraffic.com/en/ais/search/all?keyword=9344423", "method": "v3_2pass_track3d_fromru10d", "ru_seen_in_lookback": true, "in_monitor_on_day": true}}, {"type": "Feature", "geometry": {"type": "Point", "coordinates": [18.7163, 54.40218333333333]}, "properties": {"label": "RUBIKON 202", "mmsi": "255806519", "imo": "9344423", "name": "RUBIKON 202", "shiptype": "", "first_seen_utc": "2026-01-04T00:20:18Z", "last_seen_utc": "2026-01-13T03:52:02Z", "destination": "PL GDN", "eta": "{'Day': 12, 'Hour': 22, 'Minute': 0, 'Month': 1}", "display": "RUBIKON 202 (255806519)", "links": "<a href=\"https://www.vesselfinder.com/vessels?name=9344423\" target=\"_blank\" rel=\"noopener\">VesselFinder</a> | <a href=\"https://www.marinetraffic.com/en/ais/search/all?keyword=9344423\" target=\"_blank\" rel=\"noopener\">MarineTraffic</a>", "vf_url": "https://www.vesselfinder.com/vessels?name=9344423", "mst_url": "https://www.marinetraffic.com/en/ais/search/all?keyword=9344423", "method": "v3_2pass_track3d_fromru10d", "ru_seen_in_lookback": true, "in_monitor_on_day": true}}, {"type": "Feature", "geometry": {"type": "LineString", "coordinates": [[18.80077, 54.602205000000005], [18.800765000000002, 54.602195], [18.800774999999998, 54.6022], [18.80077, 54.602205000000005], [18.800774999999998, 54.6022], [18.800765000000002, 54.602195], [18.800774999999998, 54.60219], [18.800765000000002, 54.6022], [18.800774999999998, 54.602205000000005], [18.800795, 54.6022], [18.800785, 54.602195], [18.800774999999998, 54.602205000000005], [18.800745, 54.602195], [18.800795, 54.60219], [18.800774999999998, 54.60219], [18.800774999999998, 54.60219], [18.800765000000002, 54.6022], [18.80078, 54.602205000000005], [18.80078, 54.60219], [18.80077, 54.602195], [18.800755, 54.60221], [18.800774999999998, 54.602215], [18.800774999999998, 54.602205000000005], [18.80078, 54.602195], [18.8008, 54.60219], [18.800785, 54.602235], [18.800774999999998, 54.6022], [18.800774999999998, 54.60219], [18.80078, 54.6022], [18.800774999999998, 54.60219], [18.80077, 54.6022], [18.80077, 54.602205000000005], [18.80079, 54.60221], [18.800745, 54.602215], [18.80078, 54.6022], [18.80078, 54.602205000000005], [18.80076, 54.60219], [18.800795, 54.60218], [18.800785, 54.602205000000005], [18.800785, 54.602205000000005], [18.800774999999998, 54.6022], [18.80079, 54.602195], [18.800755, 54.6022], [18.80079, 54.602205000000005], [18.800774999999998, 54.602205000000005], [18.80076, 54.60221], [18.800765000000002, 54.602205000000005], [18.800795, 54.602205000000005], [18.800785, 54.602185], [18.800774999999998, 54.602195], [18.800785, 54.602195], [18.800745, 54.602195], [18.80078, 54.602205000000005], [18.800774999999998, 54.602195], [18.800785, 54.602195], [18.800795, 54.6022], [18.800785, 54.602185], [18.79884, 54.59827], [18.865105000000003, 54.54387], [18.929714999999998, 54.479995], [18.971255, 54.444885], [18.97428, 54.438824999999994], [18.992945000000002, 54.43139], [19.03451, 54.439319999999995], [19.074794999999998, 54.431555], [19.113879999999998, 54.423570000000005], [19.153650000000003, 54.41612], [19.140095, 54.4163], [19.099545, 54.413505], [19.058190000000003, 54.411575], [19.017255, 54.416495000000005], [18.982915, 54.429719999999996], [18.96104, 54.448075], [18.940895, 54.466519999999996], [18.95779, 54.47907], [18.98357, 54.46878], [18.990344999999998, 54.46624], [18.94698, 54.496745000000004], [18.859545, 54.548635], [18.801675, 54.59993], [18.801675, 54.59995], [18.80262, 54.602395], [18.80262, 54.602375], [18.802590000000002, 54.602399999999996], [18.80264, 54.60239], [18.800785, 54.60223], [18.80076, 54.602205000000005], [18.80077, 54.602195], [18.800774999999998, 54.602195], [18.80078, 54.60221], [18.80078, 54.60221], [18.80076, 54.602205000000005], [18.800765000000002, 54.60221], [18.80079, 54.602215], [18.8008, 54.602205000000005], [18.80078, 54.6022], [18.80077, 54.6022], [18.800765000000002, 54.602195], [18.800765000000002, 54.60221], [18.800755, 54.602195], [18.800745, 54.602195], [18.800785, 54.6022]]}, "properties": {"label": "LEB 62", "mmsi": "261013840", "imo": "", "name": "LEB 62", "shiptype": "", "first_seen_utc": "2026-01-04T00:20:31Z", "last_seen_utc": "2026-01-13T03:43:21Z", "destination": "KEEP SAFE DIST 03AFT", "eta": "{'Day': 0, 'Hour': 24, 'Minute': 60, 'Month': 0}", "display": "", "links": "<a href=\"https://www.vesselfinder.com/vessels?name=261013840\" target=\"_blank\" rel=\"noopener\">VesselFinder</a> | <a href=\"https://www.marinetraffic.com/en/ais/search/all?keyword=261013840\" target=\"_blank\" rel=\"noopener\">MarineTraffic</a>", "vf_url": "https://www.vesselfinder.com/vessels?name=261013840", "mst_url": "https://www.marinetraffic.com/en/ais/search/all?keyword=261013840", "method": "v3_2pass_track3d_fromru10d", "ru_seen_in_lookback": true, "in_monitor_on_day": true}}, {"type": "Feature", "geometry": {"type": "Point", "coordinates": [18.800785, 54.6022]}, "properties": {"label": "LEB 62", "mmsi": "261013840", "imo": "", "name": "LEB 62", "shiptype": "", "first_seen_utc": "2026-01-04T00:20:31Z", "last_seen_utc": "2026-01-13T03:43:21Z", "destination": "KEEP SAFE DIST 03AFT", "eta": "{'Day': 0, 'Hour': 24, 'Minute': 60, 'Month': 0}", "display": "LEB 62 (261013840)", "links": "<a href=\"https://www.vesselfinder.com/vessels?name=261013840\" target=\"_blank\" rel=\"noopener\">VesselFinder</a> | <a href=\"https://www.marinetraffic.com/en/ais/search/all?keyword=261013840\" target=\"_blank\" rel=\"noopener\">MarineTraffic</a>", "vf_url": "https://www.vesselfinder.com/vessels?name=261013840", "mst_url": "https://www.marinetraffic.com/en/ais/search/all?keyword=261013840", "method": "v3_2pass_track3d_fromru10d", "ru_seen_in_lookback": true, "in_monitor_on_day": true}}, {"type": "Feature", "geometry": {"type": "LineString", "coordinates": [[18.959291666666665, 55.00348666666666], [18.96681, 54.90387833333333], [18.973209999999998, 54.805825], [18.967933333333335, 54.70679333333333], [18.895033333333334, 54.612629999999996], [18.77785, 54.53693], [18.619288333333333, 54.534196666666666], [18.522491666666667, 54.54087166666667], [18.50862, 54.54273166666667], [18.50861666666667, 54.542735], [18.508606666666665, 54.54271166666667], [18.508613333333336, 54.542715], [18.508611666666663, 54.54271833333333], [18.50862, 54.542728333333336], [18.508609999999997, 54.54272666666667], [18.508625, 54.542721666666665], [18.508623333333333, 54.542723333333335], [18.50861666666667, 54.542723333333335], [18.50862, 54.542723333333335], [18.508613333333336, 54.542728333333336], [18.508605, 54.54273333333333], [18.508613333333336, 54.542725000000004], [18.508615000000002, 54.54271666666667], [18.508611666666663, 54.54272666666667], [18.50847333333333, 54.54270833333333], [18.5086, 54.54271666666667], [18.508615000000002, 54.542723333333335], [18.508606666666665, 54.542723333333335], [18.508615000000002, 54.54271833333333], [18.508621666666667, 54.54272666666667], [18.568625, 54.5358], [18.740085, 54.52903333333334], [18.883998333333334, 54.579116666666664], [18.97215, 54.66250333333333], [18.99425666666667, 54.73026333333333], [18.971455, 54.78935833333333], [18.87658, 54.836185], [18.768448333333332, 54.88648333333333], [15.386940000000001, 54.71581166666667], [15.166893333333332, 54.695591666666665], [14.927551666666666, 54.675174999999996], [14.673755, 54.652993333333335], [14.439703333333334, 54.63151833333333], [14.150974999999999, 54.66963666666666], [12.321256666666667, 54.64658333333333], [12.212895, 54.55177333333334], [12.165601666666667, 54.45346166666666], [11.96613, 54.43940166666666], [11.762443333333332, 54.44450333333334], [11.5669, 54.49488833333333], [11.364030000000001, 54.547375], [11.158603333333334, 54.60260166666667], [10.95763, 54.59300666666666], [10.757241666666665, 54.584425], [10.491095, 54.54845], [10.344661666666667, 54.51157166666667], [10.233593333333333, 54.444595], [10.169548333333333, 54.364533333333334], [10.1418, 54.36566166666667], [10.103615, 54.37128833333334], [10.015471666666667, 54.35849666666666], [9.964475, 54.34294], [9.887288333333334, 54.3547], [9.809695, 54.36347], [9.72806, 54.33079166666666], [9.668025, 54.29112833333333], [9.626188333333333, 54.267266666666664], [9.602921666666667, 54.228190000000005], [9.521821666666666, 54.19041166666667], [9.425279999999999, 54.16721333333333], [9.338565, 54.13753166666667], [9.318508333333334, 54.07899], [9.297968333333333, 54.018855], [9.259308333333333, 53.968131666666665], [9.213795000000001, 53.934781666666666]]}, "properties": {"label": "X-PRESS ELBE", "mmsi": "212018000", "imo": "9483669", "name": "X-PRESS ELBE", "shiptype": "", "first_seen_utc": "2026-01-04T00:22:01Z", "last_seen_utc": "2026-01-13T03:36:01Z", "destination": "BEANR VIA NOK", "eta": "{'Day': 14, 'Hour': 3, 'Minute': 0, 'Month': 1}", "display": "", "links": "<a href=\"https://www.vesselfinder.com/vessels?name=9483669\" target=\"_blank\" rel=\"noopener\">VesselFinder</a> | <a href=\"https://www.marinetraffic.com/en/ais/search/all?keyword=9483669\" target=\"_blank\" rel=\"noopener\">MarineTraffic</a>", "vf_url": "https://www.vesselfinder.com/vessels?name=9483669", "mst_url": "https://www.marinetraffic.com/en/ais/search/all?keyword=9483669", "method": "v3_2pass_track3d_fromru10d", "ru_seen_in_lookback": true, "in_monitor_on_day": true}}, {"type": "Feature", "geometry": {"type": "Point", "coordinates": [9.213795000000001, 53.934781666666666]}, "properties": {"label": "X-PRESS ELBE", "mmsi": "212018000", "imo": "9483669", "name": "X-PRESS ELBE", "shiptype": "", "first_seen_utc": "2026-01-04T00:22:01Z", "last_seen_utc": "2026-01-13T03:36:01Z", "destination": "BEANR VIA NOK", "eta": "{'Day': 14, 'Hour': 3, 'Minute': 0, 'Month': 1}", "display": "X-PRESS ELBE (212018000)", "links": "<a href=\"https://www.vesselfinder.com/vessels?name=9483669\" target=\"_blank\" rel=\"noopener\">VesselFinder</a> | <a href=\"https://www.marinetraffic.com/en/ais/search/all?keyword=9483669\" target=\"_blank\" rel=\"noopener\">MarineTraffic</a>", "vf_url": "https://www.vesselfinder.com/vessels?name=9483669", "mst_url": "https://www.marinetraffic.com/en/ais/search/all?keyword=9483669", "method": "v3_2pass_track3d_fromru10d", "ru_seen_in_lookback": true, "in_monitor_on_day": true}}, {"type": "Feature", "geometry": {"type": "LineString", "coordinates": [[18.803001666666667, 54.60002833333333], [18.802956666666667, 54.60003166666667], [18.802948333333333, 54.60003666666667], [18.802971666666668, 54.600035000000005], [18.80295, 54.600051666666666], [18.802913333333333, 54.600055], [18.802945, 54.60006833333333], [18.802946666666667, 54.60008666666667], [18.802946666666667, 54.60005833333333], [18.80292166666667, 54.60007333333333], [18.802943333333335, 54.60003666666667], [18.802931666666666, 54.600051666666666], [18.80292166666667, 54.600035000000005], [18.802903333333333, 54.60005], [18.802938333333334, 54.600051666666666], [18.802948333333333, 54.600045], [18.802945, 54.600035000000005], [18.802986666666666, 54.60004833333333], [18.802991666666667, 54.600024999999995], [18.802976666666666, 54.60004666666667], [18.802976666666666, 54.60005833333333], [18.802998333333335, 54.600085], [18.802983333333334, 54.600080000000005], [18.802988333333335, 54.60006333333333], [18.803006666666665, 54.60006333333333], [18.802979999999998, 54.60006333333333], [18.80296, 54.60003], [18.80295, 54.60007333333333], [18.802953333333335, 54.60006333333333], [18.80295, 54.60008166666667], [18.802961666666665, 54.60007333333333], [18.80296333333333, 54.600069999999995], [18.802988333333335, 54.600045], [18.802983333333334, 54.60008166666667], [18.802970000000002, 54.600071666666665], [18.802976666666666, 54.60006333333333], [18.80296666666667, 54.60006833333333], [18.802948333333333, 54.60003], [18.802936666666668, 54.600053333333335], [18.80296666666667, 54.6001], [18.802943333333335, 54.600065], [18.80295166666667, 54.60006833333333], [18.802931666666666, 54.60006833333333], [18.802941666666666, 54.600053333333335], [18.802956666666667, 54.600065], [18.802973333333334, 54.60003833333334], [18.802956666666667, 54.600051666666666], [18.80299, 54.600051666666666], [18.802973333333334, 54.60004833333333], [18.80295166666667, 54.60003666666667], [18.802976666666666, 54.60002166666666], [18.802943333333335, 54.60005666666667], [18.802923333333336, 54.60006166666667], [18.802958333333333, 54.60006666666666], [18.802953333333335, 54.600098333333335], [18.802941666666666, 54.60006166666667], [18.802916666666665, 54.60006833333333], [18.802948333333333, 54.600045], [18.802945, 54.60003666666667], [18.80294, 54.60004333333333], [18.802928333333334, 54.60004], [18.80295166666667, 54.600051666666666], [18.802961666666665, 54.60002833333333], [18.80296666666667, 54.60004166666667], [18.802991666666667, 54.60003833333334], [18.803015000000002, 54.60001666666667], [18.802983333333334, 54.60004333333333], [18.803, 54.600055], [18.803015000000002, 54.600069999999995], [18.802964999999997, 54.60009166666667], [18.80299, 54.60007666666667], [18.803006666666665, 54.600071666666665], [18.80299, 54.60004833333333], [18.802964999999997, 54.600006666666665], [18.80295, 54.600053333333335], [18.80296333333333, 54.60006833333333], [18.80296666666667, 54.600078333333336], [18.802945, 54.60007666666667], [18.802948333333333, 54.600095], [18.80299, 54.60004], [18.803006666666665, 54.60006333333333], [18.80295166666667, 54.60006833333333], [18.802995, 54.600055], [18.80296, 54.60007666666667], [18.802973333333334, 54.60004666666667], [18.80294, 54.600075], [18.802948333333333, 54.60008833333333], [18.802941666666666, 54.600080000000005], [18.802978333333332, 54.600069999999995], [18.802926666666668, 54.60006333333333], [18.802926666666668, 54.60006833333333], [18.802964999999997, 54.600065], [18.802968333333336, 54.60003833333334], [18.802970000000002, 54.60004333333333], [18.803015000000002, 54.60005], [18.802970000000002, 54.60004666666667], [18.80296333333333, 54.60003666666667], [18.80299, 54.60006], [18.80299, 54.600045], [18.802934999999998, 54.60006833333333], [18.802923333333336, 54.600065], [18.802953333333335, 54.600096666666666], [18.802948333333333, 54.60008833333333]]}, "properties": {"label": "LEB-18", "mmsi": "261001230", "imo": "", "name": "LEB-18", "shiptype": "", "first_seen_utc": "2026-01-04T00:22:42Z", "last_seen_utc": "2026-01-13T04:00:13Z", "destination": "HEL>-BALTIC SEA>LEBA", "eta": "{'Day': 28, 'Hour': 17, 'Minute': 0, 'Month': 12}", "display": "", "links": "<a href=\"https://www.vesselfinder.com/vessels?name=261001230\" target=\"_blank\" rel=\"noopener\">VesselFinder</a> | <a href=\"https://www.marinetraffic.com/en/ais/search/all?keyword=261001230\" target=\"_blank\" rel=\"noopener\">MarineTraffic</a>", "vf_url": "https://www.vesselfinder.com/vessels?name=261001230", "mst_url": "https://www.marinetraffic.com/en/ais/search/all?keyword=261001230", "method": "v3_2pass_track3d_fromru10d", "ru_seen_in_lookback": true, "in_monitor_on_day": true}}, {"type": "Feature", "geometry": {"type": "Point", "coordinates": [18.802948333333333, 54.60008833333333]}, "properties": {"label": "LEB-18", "mmsi": "261001230", "imo": "", "name": "LEB-18", "shiptype": "", "first_seen_utc": "2026-01-04T00:22:42Z", "last_seen_utc": "2026-01-13T04:00:13Z", "destination": "HEL>-BALTIC SEA>LEBA", "eta": "{'Day': 28, 'Hour': 17, 'Minute': 0, 'Month': 12}", "display": "LEB-18 (261001230)", "links": "<a href=\"https://www.vesselfinder.com/vessels?name=261001230\" target=\"_blank\" rel=\"noopener\">VesselFinder</a> | <a href=\"https://www.marinetraffic.com/en/ais/search/all?keyword=261001230\" target=\"_blank\" rel=\"noopener\">MarineTraffic</a>", "vf_url": "https://www.vesselfinder.com/vessels?name=261001230", "mst_url": "https://www.marinetraffic.com/en/ais/search/all?keyword=261001230", "method": "v3_2pass_track3d_fromru10d", "ru_seen_in_lookback": true, "in_monitor_on_day": true}}, {"type": "Feature", "geometry": {"type": "LineString", "coordinates": [[7.38039, 53.837149999999994], [7.389538333333333, 53.84232], [7.401741666666666, 53.843174999999995], [7.4146350000000005, 53.84375], [7.428106666666666, 53.84484666666666], [7.4398833333333325, 53.845145], [7.449776666666667, 53.844516666666664], [7.456816666666667, 53.84455], [7.460955, 53.84498166666666], [7.462003333333333, 53.84610166666666], [7.459303333333334, 53.847049999999996], [7.453516666666667, 53.849015], [7.443501666666666, 53.85241499999999], [7.428358333333334, 53.856895], [7.41557, 53.86255666666667], [7.536818333333333, 53.85827], [7.626011666666667, 53.85196833333334], [7.620915, 53.84831833333333], [7.608936666666667, 53.85004166666667], [7.593646666666667, 53.85380833333333], [7.577105, 53.856653333333334], [7.563876666666667, 53.86059], [7.55602, 53.86474833333333], [7.551641666666667, 53.852428333333336], [7.53299, 53.833333333333336], [7.535541666666666, 53.835164999999996], [7.546218333333333, 53.84110666666666], [7.562871666666666, 53.84825166666667], [7.583176666666666, 53.855884999999994], [7.602408333333333, 53.863258333333334], [7.618811666666667, 53.87156166666667], [7.6285783333333335, 53.880601666666664], [7.592266666666666, 53.84982166666667], [7.568716666666666, 53.83443], [7.563706666666667, 53.84258166666667], [7.567098333333333, 53.852851666666666], [7.5680700000000005, 53.86313], [7.565446666666667, 53.874145], [7.55965, 53.88518833333333], [7.5637, 53.862875], [7.570968333333334, 53.87087666666666], [7.609825, 53.888925], [7.758118333333333, 53.88379833333333], [7.863885, 53.844280000000005], [8.024081666666667, 53.79248166666666], [8.088721666666666, 53.677411666666664], [8.155101666666667, 53.603548333333336], [8.151353333333335, 53.597565], [8.15135, 53.597595], [8.151343333333333, 53.597585], [8.151311666666667, 53.59762166666667], [8.151288333333333, 53.59759333333333], [8.15129, 53.59761], [8.151321666666666, 53.59749], [8.151336666666667, 53.59756333333333], [8.151333333333334, 53.59760333333334], [8.151298333333333, 53.59760666666667], [8.151348333333333, 53.59757166666667], [8.151308333333334, 53.59759666666666], [8.151323333333334, 53.597586666666665], [8.151315, 53.597588333333334], [8.151288333333333, 53.59751666666667], [8.151336666666667, 53.59759], [8.151281666666668, 53.59754], [8.151313333333333, 53.59758166666666], [8.15134, 53.59757666666667], [8.151268333333332, 53.59760000000001], [8.151298333333333, 53.59764], [8.151315, 53.597585], [8.15138, 53.59760333333334], [8.15135, 53.597585], [8.151363333333332, 53.59755833333334], [8.151321666666666, 53.59755833333334], [8.151255, 53.59746500000001], [8.151325, 53.59754833333333], [8.151296666666667, 53.597615000000005], [8.151343333333333, 53.59760000000001], [8.15131, 53.59760333333334], [8.151351666666667, 53.597565], [8.151328333333334, 53.597586666666665], [8.151358333333333, 53.59755166666666], [8.151286666666667, 53.59754], [8.151361666666666, 53.59753333333333], [8.151345, 53.597575], [8.151318333333332, 53.59757166666667], [8.151345, 53.597566666666665], [8.151353333333335, 53.597543333333334], [8.151331666666668, 53.597570000000005], [8.151316666666666, 53.59759833333333], [8.151311666666667, 53.59755166666666], [8.15125, 53.59755333333333], [8.151375, 53.59758333333333], [8.151356666666667, 53.597566666666665], [8.153905, 53.599288333333334], [8.082683333333334, 53.686638333333335], [7.993451666666667, 53.805415], [7.853991666666667, 53.862175], [7.7028300000000005, 53.93781833333333], [7.508606666666666, 54.00016333333333], [7.258636666666666, 53.972543333333334], [7.0090916666666665, 53.93871]]}, "properties": {"label": "API BHUM", "mmsi": "563167500", "imo": "9292149", "name": "API BHUM", "shiptype": "", "first_seen_utc": "2026-01-04T00:22:48Z", "last_seen_utc": "2026-01-13T03:41:53Z", "destination": "BEANR", "eta": "{'Day': 13, 'Hour': 14, 'Minute': 30, 'Month': 1}", "display": "", "links": "<a href=\"https://www.vesselfinder.com/vessels?name=9292149\" target=\"_blank\" rel=\"noopener\">VesselFinder</a> | <a href=\"https://www.marinetraffic.com/en/ais/search/all?keyword=9292149\" target=\"_blank\" rel=\"noopener\">MarineTraffic</a>", "vf_url": "https://www.vesselfinder.com/vessels?name=9292149", "mst_url": "https://www.marinetraffic.com/en/ais/search/all?keyword=9292149", "method": "v3_2pass_track3d_fromru10d", "ru_seen_in_lookback": true, "in_monitor_on_day": true}}, {"type": "Feature", "geometry": {"type": "Point", "coordinates": [7.0090916666666665, 53.93871]}, "properties": {"label": "API BHUM", "mmsi": "563167500", "imo": "9292149", "name": "API BHUM", "shiptype": "", "first_seen_utc": "2026-01-04T00:22:48Z", "last_seen_utc": "2026-01-13T03:41:53Z", "destination": "BEANR", "eta": "{'Day': 13, 'Hour': 14, 'Minute': 30, 'Month': 1}", "display": "API BHUM (563167500)", "links": "<a href=\"https://www.vesselfinder.com/vessels?name=9292149\" target=\"_blank\" rel=\"noopener\">VesselFinder</a> | <a href=\"https://www.marinetraffic.com/en/ais/search/all?keyword=9292149\" target=\"_blank\" rel=\"noopener\">MarineTraffic</a>", "vf_url": "https://www.vesselfinder.com/vessels?name=9292149", "mst_url": "https://www.marinetraffic.com/en/ais/search/all?keyword=9292149", "method": "v3_2pass_track3d_fromru10d", "ru_seen_in_lookback": true, "in_monitor_on_day": true}}, {"type": "Feature", "geometry": {"type": "LineString", "coordinates": [[18.802225, 54.60227333333333], [18.802213333333334, 54.60227833333333], [18.802228333333336, 54.60227166666667], [18.80222, 54.60228333333334], [18.802215, 54.60227333333333], [18.802223333333334, 54.602275], [18.802233333333334, 54.60227333333333], [18.802233333333334, 54.60227333333333], [18.80222, 54.602265], [18.80221166666667, 54.602268333333335], [18.802223333333334, 54.60227333333333], [18.80223, 54.60227166666667], [18.802233333333334, 54.60227166666667], [18.802226666666666, 54.602275], [18.802225, 54.60228333333334], [18.802205, 54.60227], [18.802216666666666, 54.602275], [18.80222, 54.602275], [18.802225, 54.60227666666666], [18.802215, 54.602275], [18.802203333333335, 54.602288333333334], [18.80221, 54.60224166666667], [18.802223333333334, 54.60227833333333], [18.802213333333334, 54.60227666666666], [18.80223833333333, 54.60225833333333], [18.80223, 54.60227], [18.802231666666668, 54.602288333333334], [18.802221666666664, 54.602261666666664], [18.802226666666666, 54.602268333333335], [18.802223333333334, 54.60227333333333], [18.802226666666666, 54.602275], [18.802226666666666, 54.60226], [18.802216666666666, 54.60227666666666], [18.80221, 54.60227333333333], [18.802231666666668, 54.60227666666666], [18.802225, 54.60227833333333], [18.802235, 54.60228], [18.802216666666666, 54.60228333333334], [18.80222, 54.60227166666667], [18.802221666666664, 54.60227166666667], [18.802213333333334, 54.60227333333333], [18.802226666666666, 54.602275], [18.802228333333336, 54.60228], [18.80221166666667, 54.60227833333333], [18.802213333333334, 54.60227666666666], [18.802225, 54.602288333333334], [18.802236666666666, 54.60227833333333], [18.80223, 54.602285], [18.802208333333333, 54.602291666666666], [18.802236666666666, 54.60225666666667], [18.80222, 54.60227833333333], [18.802235, 54.60228166666666], [18.802216666666666, 54.60227333333333], [18.80223833333333, 54.60227833333333], [18.802245000000003, 54.60227666666666], [18.802236666666666, 54.602285], [18.802226666666666, 54.60227333333333], [18.802215, 54.60227666666666], [18.802231666666668, 54.602268333333335], [18.802215, 54.602268333333335], [18.802213333333334, 54.60227333333333], [18.802233333333334, 54.60227666666666], [18.802228333333336, 54.60228333333334], [18.80222, 54.60228], [18.802213333333334, 54.60228], [18.80223, 54.60228166666666], [18.802236666666666, 54.60227666666666], [18.802200000000003, 54.602285], [18.802241666666664, 54.602265], [18.802223333333334, 54.602265], [18.802226666666666, 54.60227], [18.802226666666666, 54.602266666666665], [18.80225, 54.602266666666665], [18.802213333333334, 54.602288333333334], [18.802221666666664, 54.60226333333333], [18.802223333333334, 54.602268333333335], [18.802213333333334, 54.602275], [18.802205, 54.60226], [18.802223333333334, 54.60226333333333], [18.802215, 54.60227833333333], [18.802205, 54.60227833333333], [18.80221166666667, 54.60227333333333], [18.802235, 54.60227333333333], [18.80222, 54.60228166666666], [18.802228333333336, 54.60228], [18.802216666666666, 54.60228166666666], [18.802223333333334, 54.602266666666665], [18.802215, 54.602266666666665], [18.802239999999998, 54.60227333333333], [18.802226666666666, 54.60227833333333], [18.802226666666666, 54.60228166666666], [18.802241666666664, 54.602275], [18.802206666666667, 54.60228], [18.802228333333336, 54.60227333333333], [18.802223333333334, 54.602275], [18.802208333333333, 54.602275], [18.80221166666667, 54.602268333333335], [18.802236666666666, 54.602265], [18.80223, 54.60227], [18.802241666666664, 54.60227], [18.802215, 54.60227], [18.802223333333334, 54.60228], [18.80226, 54.60228]]}, "properties": {"label": "JAS-76", "mmsi": "261007950", "imo": "", "name": "JAS-76", "shiptype": "", "first_seen_utc": "2026-01-04T00:22:54Z", "last_seen_utc": "2026-01-13T04:01:00Z", "destination": "HEL", "eta": "{'Day': 8, 'Hour': 14, 'Minute': 10, 'Month': 1}", "display": "", "links": "<a href=\"https://www.vesselfinder.com/vessels?name=261007950\" target=\"_blank\" rel=\"noopener\">VesselFinder</a> | <a href=\"https://www.marinetraffic.com/en/ais/search/all?keyword=261007950\" target=\"_blank\" rel=\"noopener\">MarineTraffic</a>", "vf_url": "https://www.vesselfinder.com/vessels?name=261007950", "mst_url": "https://www.marinetraffic.com/en/ais/search/all?keyword=261007950", "method": "v3_2pass_track3d_fromru10d", "ru_seen_in_lookback": true, "in_monitor_on_day": true}}, {"type": "Feature", "geometry": {"type": "Point", "coordinates": [18.80226, 54.60228]}, "properties": {"label": "JAS-76", "mmsi": "261007950", "imo": "", "name": "JAS-76", "shiptype": "", "first_seen_utc": "2026-01-04T00:22:54Z", "last_seen_utc": "2026-01-13T04:01:00Z", "destination": "HEL", "eta": "{'Day': 8, 'Hour': 14, 'Minute': 10, 'Month': 1}", "display": "JAS-76 (261007950)", "links": "<a href=\"https://www.vesselfinder.com/vessels?name=261007950\" target=\"_blank\" rel=\"noopener\">VesselFinder</a> | <a href=\"https://www.marinetraffic.com/en/ais/search/all?keyword=261007950\" target=\"_blank\" rel=\"noopener\">MarineTraffic</a>", "vf_url": "https://www.vesselfinder.com/vessels?name=261007950", "mst_url": "https://www.marinetraffic.com/en/ais/search/all?keyword=261007950", "method": "v3_2pass_track3d_fromru10d", "ru_seen_in_lookback": true, "in_monitor_on_day": true}}, {"type": "Feature", "geometry": {"type": "LineString", "coordinates": [[12.359486666666667, 54.64893], [12.22778, 54.52961333333334], [12.107724999999999, 54.43977666666667], [11.897430000000002, 54.440976666666664], [11.685983333333333, 54.45200333333333], [11.486018333333334, 54.50654333333333], [11.292785, 54.572601666666664], [11.085235, 54.63005666666666], [10.895061666666667, 54.69517333333333], [10.869818333333335, 54.823391666666666], [10.953248333333333, 54.94701333333333], [11.037758333333333, 55.070205], [11.09203, 55.199835], [11.042483333333333, 55.32588], [10.865096666666666, 55.53089333333333], [10.786071666666667, 55.653905], [10.814015000000001, 55.782696666666666], [11.235108333333333, 56.148955], [10.49723, 57.84236666666666], [10.255463333333333, 57.844831666666664], [9.998911666666666, 57.83094666666667], [9.754511666666668, 57.81783], [9.538784999999999, 57.777950000000004], [9.350513333333334, 57.715403333333335], [9.160361666666667, 57.64806166666666], [8.963233333333333, 57.58099833333333], [8.739183333333333, 57.506901666666664], [8.329308333333334, 57.363839999999996], [8.13354, 57.29486333333333], [8.026546666666666, 57.19159], [4.757875, 53.736075], [4.667331666666667, 53.61344999999999], [4.583338333333333, 53.488686666666666], [4.507741666666666, 53.365703333333336], [4.42697, 53.237550000000006], [4.294195, 53.133595], [4.115505, 53.046765], [3.934305, 52.94745666666667], [3.778085, 52.83253333333334], [3.627238333333333, 52.71953499999999], [3.472685, 52.60358833333333]]}, "properties": {"label": "SLUISGRACHT", "mmsi": "244903000", "imo": "9202522", "name": "SLUISGRACHT", "shiptype": "", "first_seen_utc": "2026-01-04T00:22:59Z", "last_seen_utc": "2026-01-13T03:46:30Z", "destination": "SOUTHAMPTON", "eta": "{'Day': 13, 'Hour': 22, 'Minute': 0, 'Month': 1}", "display": "", "links": "<a href=\"https://www.vesselfinder.com/vessels?name=9202522\" target=\"_blank\" rel=\"noopener\">VesselFinder</a> | <a href=\"https://www.marinetraffic.com/en/ais/search/all?keyword=9202522\" target=\"_blank\" rel=\"noopener\">MarineTraffic</a>", "vf_url": "https://www.vesselfinder.com/vessels?name=9202522", "mst_url": "https://www.marinetraffic.com/en/ais/search/all?keyword=9202522", "method": "v3_2pass_track3d_fromru10d", "ru_seen_in_lookback": true, "in_monitor_on_day": true}}, {"type": "Feature", "geometry": {"type": "Point", "coordinates": [3.472685, 52.60358833333333]}, "properties": {"label": "SLUISGRACHT", "mmsi": "244903000", "imo": "9202522", "name": "SLUISGRACHT", "shiptype": "", "first_seen_utc": "2026-01-04T00:22:59Z", "last_seen_utc": "2026-01-13T03:46:30Z", "destination": "SOUTHAMPTON", "eta": "{'Day': 13, 'Hour': 22, 'Minute': 0, 'Month': 1}", "display": "SLUISGRACHT (244903000)", "links": "<a href=\"https://www.vesselfinder.com/vessels?name=9202522\" target=\"_blank\" rel=\"noopener\">VesselFinder</a> | <a href=\"https://www.marinetraffic.com/en/ais/search/all?keyword=9202522\" target=\"_blank\" rel=\"noopener\">MarineTraffic</a>", "vf_url": "https://www.vesselfinder.com/vessels?name=9202522", "mst_url": "https://www.marinetraffic.com/en/ais/search/all?keyword=9202522", "method": "v3_2pass_track3d_fromru10d", "ru_seen_in_lookback": true, "in_monitor_on_day": true}}, {"type": "Feature", "geometry": {"type": "LineString", "coordinates": [[18.55062333333333, 54.52043833333333], [18.550615, 54.52043666666667], [18.550618333333333, 54.52043833333333], [18.550616666666667, 54.520435], [18.550615, 54.52044166666667], [18.550608333333333, 54.520446666666665], [18.55061166666667, 54.520448333333334], [18.550613333333335, 54.520445], [18.550615, 54.52043833333333], [18.550618333333333, 54.52044], [18.550618333333333, 54.52044333333333], [18.550615, 54.52044333333333], [18.550613333333335, 54.52044333333333], [18.550613333333335, 54.520445], [18.550615, 54.520445], [18.550613333333335, 54.52044166666667], [18.55061166666667, 54.520446666666665], [18.55061, 54.52044333333333], [18.550606666666667, 54.520446666666665], [18.550608333333333, 54.520446666666665], [18.550613333333335, 54.52044333333333], [18.55061166666667, 54.52043666666667], [18.55061166666667, 54.52044], [18.550616666666667, 54.52044166666667], [18.550615, 54.52043833333333], [18.55062, 54.520445], [18.550613333333335, 54.520435], [18.55061166666667, 54.52044], [18.550613333333335, 54.52044], [18.55062, 54.52044166666667], [18.550616666666667, 54.52043666666667], [18.550618333333333, 54.52044], [18.55062, 54.52044], [18.550616666666667, 54.520446666666665], [18.550618333333333, 54.520445], [18.550618333333333, 54.520446666666665], [18.550618333333333, 54.520445], [18.550615, 54.52044333333333], [18.550616666666667, 54.52044333333333], [18.55061166666667, 54.52044166666667], [18.550613333333335, 54.520445], [18.550613333333335, 54.520446666666665], [18.550615, 54.520448333333334], [18.55061166666667, 54.520445], [18.550613333333335, 54.520445], [18.55061166666667, 54.520445], [18.550613333333335, 54.52044333333333], [18.550615, 54.52044], [18.550613333333335, 54.52044], [18.550616666666667, 54.52044333333333], [18.55061166666667, 54.520445], [18.55061166666667, 54.520446666666665], [18.550613333333335, 54.520445], [18.55061166666667, 54.52043833333333], [18.550618333333333, 54.52044166666667], [18.550616666666667, 54.52044333333333], [18.550616666666667, 54.52044166666667], [18.550613333333335, 54.52044166666667], [18.550613333333335, 54.52044333333333], [18.550613333333335, 54.520448333333334], [18.550613333333335, 54.520448333333334], [18.550613333333335, 54.52044166666667], [18.550608333333333, 54.52044333333333], [18.550608333333333, 54.52044], [18.55061, 54.520445], [18.55061, 54.520445], [18.55061166666667, 54.52043833333333], [18.55061166666667, 54.52044], [18.550608333333333, 54.52044], [18.550618333333333, 54.52044333333333], [18.550615, 54.52044166666667], [18.550615, 54.52044166666667], [18.550608333333333, 54.52043833333333], [18.55061, 54.52044], [18.55061166666667, 54.52044166666667], [18.550616666666667, 54.52043833333333], [18.55062, 54.52044], [18.550613333333335, 54.520445], [18.550618333333333, 54.52044333333333], [18.550615, 54.52044333333333], [18.550618333333333, 54.52044333333333], [18.55062, 54.52044333333333], [18.550625, 54.52043666666667], [18.550615, 54.52044333333333], [18.550615, 54.52043833333333], [18.550618333333333, 54.52044], [18.550613333333335, 54.520445], [18.550615, 54.520445], [18.55061166666667, 54.520446666666665], [18.550616666666667, 54.520448333333334], [18.550615, 54.520446666666665], [18.550618333333333, 54.520446666666665], [18.550613333333335, 54.520446666666665], [18.550618333333333, 54.520445], [18.550618333333333, 54.52044333333333], [18.550615, 54.520445], [18.55061166666667, 54.520448333333334], [18.55061, 54.520448333333334], [18.55061166666667, 54.52044333333333]]}, "properties": {"label": "KONSTELACJA", "mmsi": "261092010", "imo": "", "name": "KONSTELACJA", "shiptype": "", "first_seen_utc": "2026-01-04T00:23:20Z", "last_seen_utc": "2026-01-13T04:00:57Z", "destination": "GDYNIA", "eta": "{'Day': 1, 'Hour': 16, 'Minute': 15, 'Month': 8}", "display": "", "links": "<a href=\"https://www.vesselfinder.com/vessels?name=261092010\" target=\"_blank\" rel=\"noopener\">VesselFinder</a> | <a href=\"https://www.marinetraffic.com/en/ais/search/all?keyword=261092010\" target=\"_blank\" rel=\"noopener\">MarineTraffic</a>", "vf_url": "https://www.vesselfinder.com/vessels?name=261092010", "mst_url": "https://www.marinetraffic.com/en/ais/search/all?keyword=261092010", "method": "v3_2pass_track3d_fromru10d", "ru_seen_in_lookback": true, "in_monitor_on_day": true}}, {"type": "Feature", "geometry": {"type": "Point", "coordinates": [18.55061166666667, 54.52044333333333]}, "properties": {"label": "KONSTELACJA", "mmsi": "261092010", "imo": "", "name": "KONSTELACJA", "shiptype": "", "first_seen_utc": "2026-01-04T00:23:20Z", "last_seen_utc": "2026-01-13T04:00:57Z", "destination": "GDYNIA", "eta": "{'Day': 1, 'Hour': 16, 'Minute': 15, 'Month': 8}", "display": "KONSTELACJA (261092010)", "links": "<a href=\"https://www.vesselfinder.com/vessels?name=261092010\" target=\"_blank\" rel=\"noopener\">VesselFinder</a> | <a href=\"https://www.marinetraffic.com/en/ais/search/all?keyword=261092010\" target=\"_blank\" rel=\"noopener\">MarineTraffic</a>", "vf_url": "https://www.vesselfinder.com/vessels?name=261092010", "mst_url": "https://www.marinetraffic.com/en/ais/search/all?keyword=261092010", "method": "v3_2pass_track3d_fromru10d", "ru_seen_in_lookback": true, "in_monitor_on_day": true}}, {"type": "Feature", "geometry": {"type": "LineString", "coordinates": [[18.673883333333333, 54.39484], [18.673868333333335, 54.39484], [18.673855, 54.39485166666667], [18.673875, 54.394845000000004], [18.67388833333333, 54.394846666666666], [18.67388, 54.39483833333334], [18.673875, 54.394866666666665], [18.67387666666667, 54.39483666666667], [18.67384333333333, 54.39485333333334], [18.673853333333334, 54.39484], [18.673859999999998, 54.39485], [18.673861666666667, 54.39485833333333], [18.673878333333334, 54.394864999999996], [18.673859999999998, 54.39485166666667], [18.673881666666666, 54.39484166666667], [18.673886666666665, 54.394846666666666], [18.673863333333333, 54.39483333333333], [18.673886666666665, 54.39482666666667], [18.67383166666667, 54.394846666666666], [18.673873333333333, 54.394848333333336], [18.67384333333333, 54.39483], [18.673855, 54.394845000000004], [18.673871666666667, 54.39485], [18.67389166666667, 54.39486], [18.673828333333333, 54.39487166666667], [18.673881666666666, 54.394855], [18.673893333333336, 54.394868333333335], [18.673883333333333, 54.39485166666667], [18.673875, 54.39487666666666], [18.673886666666665, 54.39485833333333], [18.673865, 54.394864999999996], [18.673859999999998, 54.39487], [18.67387, 54.394861666666664], [18.673895, 54.394866666666665], [18.67388833333333, 54.39485833333333], [18.673881666666666, 54.39485], [18.673886666666665, 54.394861666666664], [18.67390333333333, 54.39485333333334], [18.673848333333336, 54.394843333333334], [18.67384, 54.39484], [18.673886666666665, 54.39487166666667], [18.673895, 54.394866666666665], [18.673908333333333, 54.39487166666667], [18.673875, 54.394855], [18.673848333333336, 54.394848333333336], [18.673873333333333, 54.394846666666666], [18.673868333333335, 54.39486], [18.673893333333336, 54.39483333333333], [18.673856666666666, 54.394843333333334], [18.673873333333333, 54.39486], [18.673883333333333, 54.39485833333333], [18.67390333333333, 54.39486], [18.67387, 54.39487833333333], [18.673866666666665, 54.39487], [18.67384333333333, 54.394843333333334], [18.673904999999998, 54.39485], [18.67388, 54.394864999999996], [18.67387, 54.39486], [18.673875, 54.394864999999996], [18.673865, 54.39486], [18.673859999999998, 54.39484], [18.673883333333333, 54.394846666666666], [18.67387, 54.39483499999999], [18.673881666666666, 54.394875], [18.67388833333333, 54.394845000000004], [18.67389166666667, 54.39485666666667], [18.67387, 54.39483666666667], [18.673885, 54.394845000000004], [18.67387666666667, 54.39485666666667], [18.673886666666665, 54.394848333333336], [18.673893333333336, 54.39487], [18.67387666666667, 54.39484166666667], [18.673863333333333, 54.394855], [18.67391, 54.39485], [18.673856666666666, 54.39487166666667], [18.673851666666668, 54.39487], [18.673871666666667, 54.39486], [18.673913333333335, 54.39485833333333], [18.673873333333333, 54.39485333333334], [18.673875, 54.39485], [18.673898333333334, 54.394848333333336], [18.673893333333336, 54.39484166666667], [18.67387666666667, 54.394866666666665], [18.67385833333333, 54.394845000000004], [18.673893333333336, 54.39485], [18.673878333333334, 54.39487333333333], [18.673848333333336, 54.39485666666667], [18.673895, 54.39487666666666], [18.67389166666667, 54.39487], [18.673896666666668, 54.39487], [18.67389166666667, 54.39487333333333], [18.673898333333334, 54.394855], [18.67388, 54.394843333333334], [18.673883333333333, 54.39485833333333], [18.6739, 54.39482666666667], [18.673895, 54.39487666666666], [18.673881666666666, 54.39488333333334], [18.673906666666667, 54.39488166666667], [18.673853333333334, 54.394845000000004]]}, "properties": {"label": "OCEANIA", "mmsi": "261000150", "imo": "8304854", "name": "OCEANIA", "shiptype": "", "first_seen_utc": "2026-01-04T00:23:44Z", "last_seen_utc": "2026-01-13T03:57:23Z", "destination": "GDANSK", "eta": "{'Day': 9, 'Hour': 7, 'Minute': 0, 'Month': 1}", "display": "", "links": "<a href=\"https://www.vesselfinder.com/vessels?name=8304854\" target=\"_blank\" rel=\"noopener\">VesselFinder</a> | <a href=\"https://www.marinetraffic.com/en/ais/search/all?keyword=8304854\" target=\"_blank\" rel=\"noopener\">MarineTraffic</a>", "vf_url": "https://www.vesselfinder.com/vessels?name=8304854", "mst_url": "https://www.marinetraffic.com/en/ais/search/all?keyword=8304854", "method": "v3_2pass_track3d_fromru10d", "ru_seen_in_lookback": true, "in_monitor_on_day": true}}, {"type": "Feature", "geometry": {"type": "Point", "coordinates": [18.673853333333334, 54.394845000000004]}, "properties": {"label": "OCEANIA", "mmsi": "261000150", "imo": "8304854", "name": "OCEANIA", "shiptype": "", "first_seen_utc": "2026-01-04T00:23:44Z", "last_seen_utc": "2026-01-13T03:57:23Z", "destination": "GDANSK", "eta": "{'Day': 9, 'Hour': 7, 'Minute': 0, 'Month': 1}", "display": "OCEANIA (261000150)", "links": "<a href=\"https://www.vesselfinder.com/vessels?name=8304854\" target=\"_blank\" rel=\"noopener\">VesselFinder</a> | <a href=\"https://www.marinetraffic.com/en/ais/search/all?keyword=8304854\" target=\"_blank\" rel=\"noopener\">MarineTraffic</a>", "vf_url": "https://www.vesselfinder.com/vessels?name=8304854", "mst_url": "https://www.marinetraffic.com/en/ais/search/all?keyword=8304854", "method": "v3_2pass_track3d_fromru10d", "ru_seen_in_lookback": true, "in_monitor_on_day": true}}, {"type": "Feature", "geometry": {"type": "LineString", "coordinates": [[18.802128333333332, 54.603215], [18.802106666666667, 54.60319166666667], [18.802141666666667, 54.60321833333333], [18.802106666666667, 54.603251666666665], [18.802196666666667, 54.603206666666665], [18.802126666666666, 54.603215], [18.802158333333335, 54.60321], [18.802101666666665, 54.60322], [18.802128333333332, 54.603226666666664], [18.80209, 54.603255], [18.802125, 54.603235000000005], [18.802126666666666, 54.60324166666667], [18.802125, 54.603215], [18.802141666666667, 54.60321833333333], [18.80213, 54.603251666666665], [18.80212, 54.603255], [18.802135, 54.603165], [18.802128333333332, 54.60321666666667], [18.802149999999997, 54.603233333333336], [18.802194999999998, 54.603185], [18.802088333333334, 54.603253333333335], [18.802135, 54.603206666666665], [18.80216, 54.60323666666667], [18.802138333333335, 54.60321666666667], [18.80213666666667, 54.60323166666667], [18.80213666666667, 54.60321333333333], [18.802158333333335, 54.60324666666667], [18.802151666666667, 54.603224999999995], [18.802126666666666, 54.603226666666664], [18.802171666666666, 54.603224999999995], [18.802158333333335, 54.60321], [18.802133333333334, 54.603251666666665], [18.802155000000003, 54.603245], [18.802161666666667, 54.60322833333333], [18.802108333333333, 54.60323], [18.802104999999997, 54.603206666666665], [18.802149999999997, 54.60321666666667], [18.802133333333334, 54.60322833333333], [18.802155000000003, 54.60321], [18.80211166666667, 54.60314], [18.802133333333334, 54.603190000000005], [18.802126666666666, 54.60320333333333], [18.802126666666666, 54.60321666666667], [18.802200000000003, 54.603235000000005], [18.802041666666664, 54.603205], [18.802126666666666, 54.60321], [18.802163333333333, 54.603224999999995], [18.802125, 54.603251666666665], [18.802158333333335, 54.60321833333333], [18.80214833333333, 54.603195], [18.802116666666667, 54.603235000000005], [18.802149999999997, 54.603233333333336], [18.802125, 54.60321833333333], [18.802141666666667, 54.603215], [18.802151666666667, 54.60317], [18.802153333333333, 54.60323166666667], [18.802106666666667, 54.60326166666667], [18.802101666666665, 54.603208333333335], [18.802145, 54.603215], [18.802073333333333, 54.60320333333333], [18.854053333333333, 54.60148], [19.006071666666667, 54.66717333333334], [18.982833333333335, 54.672898333333336], [18.94519, 54.67001333333334], [18.907573333333335, 54.66341666666666], [18.88267, 54.677685], [18.92391, 54.68810333333333], [18.963336666666667, 54.675125], [18.927983333333334, 54.67549833333333], [18.900505, 54.691993333333336], [18.88486, 54.70944333333333], [18.855496666666667, 54.72026], [18.826601666666665, 54.73027166666667], [18.830113333333333, 54.73408], [18.839501666666667, 54.65206833333333], [18.800678333333334, 54.59243], [18.803468333333335, 54.60038], [18.801805, 54.60375333333333], [18.801778333333335, 54.60375833333333], [18.801801666666666, 54.603766666666665], [18.801823333333335, 54.603755], [18.801823333333335, 54.60375166666667], [18.801814999999998, 54.603746666666666], [18.8018, 54.60375666666666], [18.8018, 54.60371166666666], [18.801805, 54.60372333333333], [18.801811666666666, 54.603745], [18.801798333333334, 54.60376], [18.801840000000002, 54.60376333333333], [18.801741666666665, 54.603721666666665], [18.801771666666664, 54.60373166666667], [18.801841666666668, 54.603761666666664], [18.801793333333332, 54.60375666666666], [18.801785, 54.60373666666667], [18.80178833333333, 54.603743333333334], [18.801796666666668, 54.603775000000006], [18.80178, 54.60375666666666], [18.801805, 54.60373166666667], [18.801820000000003, 54.603741666666664], [18.80179, 54.603748333333336], [18.801785, 54.60377166666667]]}, "properties": {"label": "HEL 112", "mmsi": "261001880", "imo": "7625861", "name": "HEL 112", "shiptype": "", "first_seen_utc": "2026-01-04T00:23:52Z", "last_seen_utc": "2026-01-13T04:03:52Z", "destination": "KEEP SAFE DIST 03AFT", "eta": "{'Day': 1, 'Hour': 0, 'Minute': 0, 'Month': 1}", "display": "", "links": "<a href=\"https://www.vesselfinder.com/vessels?name=7625861\" target=\"_blank\" rel=\"noopener\">VesselFinder</a> | <a href=\"https://www.marinetraffic.com/en/ais/search/all?keyword=7625861\" target=\"_blank\" rel=\"noopener\">MarineTraffic</a>", "vf_url": "https://www.vesselfinder.com/vessels?name=7625861", "mst_url": "https://www.marinetraffic.com/en/ais/search/all?keyword=7625861", "method": "v3_2pass_track3d_fromru10d", "ru_seen_in_lookback": true, "in_monitor_on_day": true}}, {"type": "Feature", "geometry": {"type": "Point", "coordinates": [18.801785, 54.60377166666667]}, "properties": {"label": "HEL 112", "mmsi": "261001880", "imo": "7625861", "name": "HEL 112", "shiptype": "", "first_seen_utc": "2026-01-04T00:23:52Z", "last_seen_utc": "2026-01-13T04:03:52Z", "destination": "KEEP SAFE DIST 03AFT", "eta": "{'Day': 1, 'Hour': 0, 'Minute': 0, 'Month': 1}", "display": "HEL 112 (261001880)", "links": "<a href=\"https://www.vesselfinder.com/vessels?name=7625861\" target=\"_blank\" rel=\"noopener\">VesselFinder</a> | <a href=\"https://www.marinetraffic.com/en/ais/search/all?keyword=7625861\" target=\"_blank\" rel=\"noopener\">MarineTraffic</a>", "vf_url": "https://www.vesselfinder.com/vessels?name=7625861", "mst_url": "https://www.marinetraffic.com/en/ais/search/all?keyword=7625861", "method": "v3_2pass_track3d_fromru10d", "ru_seen_in_lookback": true, "in_monitor_on_day": true}}, {"type": "Feature", "geometry": {"type": "LineString", "coordinates": [[18.67223166666667, 54.391205], [18.67222, 54.39121166666666], [18.672206666666668, 54.39119166666667], [18.672218333333333, 54.391193333333334], [18.6722, 54.391198333333335], [18.672238333333333, 54.391205], [18.672251666666668, 54.391198333333335], [18.67221333333333, 54.39118166666666], [18.672203333333336, 54.39125333333333], [18.67224333333333, 54.39121], [18.672255, 54.39120666666667], [18.672230000000003, 54.391193333333334], [18.672221666666665, 54.39120666666667], [18.67224666666667, 54.391205], [18.672253333333334, 54.391238333333334], [18.672228333333333, 54.39122], [18.672233333333335, 54.39120333333334], [18.672221666666665, 54.39120833333333], [18.672228333333333, 54.39118], [18.672221666666665, 54.391200000000005], [18.672256666666666, 54.391218333333335], [18.67221333333333, 54.39118333333333], [18.672281666666667, 54.39120333333334], [18.67221333333333, 54.39120666666667], [18.67226, 54.39120833333333], [18.67221333333333, 54.391185], [18.672221666666665, 54.39119166666667], [18.67223166666667, 54.391196666666666], [18.672233333333335, 54.391205], [18.672203333333336, 54.39119166666667], [18.672226666666667, 54.39121333333333], [18.672211666666666, 54.39121], [18.672236666666667, 54.391196666666666], [18.672241666666665, 54.39117833333333], [18.672258333333332, 54.39120333333334], [18.672226666666667, 54.39118], [18.672208333333334, 54.391198333333335], [18.672206666666668, 54.39120333333334], [18.672215, 54.39120333333334], [18.672225, 54.39120833333333], [18.672238333333333, 54.39120666666667], [18.672248333333336, 54.39121], [18.672211666666666, 54.39120166666667], [18.672238333333333, 54.39120166666667], [18.67222333333333, 54.391200000000005], [18.67221333333333, 54.39118833333334], [18.672225, 54.39120333333334], [18.672230000000003, 54.39120833333333], [18.672211666666666, 54.391198333333335], [18.672228333333333, 54.39120166666667], [18.672225, 54.391205], [18.67220166666667, 54.39118666666666], [18.672196666666665, 54.39122], [18.67226, 54.391216666666665], [18.672221666666665, 54.39120833333333], [18.67226, 54.391205], [18.672236666666667, 54.391198333333335], [18.672195, 54.391200000000005], [18.672241666666665, 54.39120333333334], [18.672236666666667, 54.391216666666665], [18.672206666666668, 54.391243333333335], [18.67224333333333, 54.39120333333334], [18.672236666666667, 54.391200000000005], [18.672203333333336, 54.39120833333333], [18.672228333333333, 54.39120166666667], [18.672216666666667, 54.391196666666666], [18.672238333333333, 54.391205], [18.672295000000002, 54.39120166666667], [18.672256666666666, 54.39120833333333], [18.67221, 54.39124666666667], [18.672216666666667, 54.391195], [18.672203333333336, 54.391218333333335], [18.67226833333333, 54.39118166666666], [18.672251666666668, 54.391216666666665], [18.672241666666665, 54.39122666666666], [18.672221666666665, 54.391200000000005], [18.672211666666666, 54.39120166666667], [18.672245, 54.39122], [18.67224666666667, 54.39120166666667], [18.672215, 54.39118166666666], [18.672218333333333, 54.39119166666667], [18.672233333333335, 54.39116666666666], [18.672218333333333, 54.39119], [18.672181666666667, 54.391185], [18.672238333333333, 54.39121], [18.67221, 54.391198333333335], [18.672245, 54.39123], [18.672256666666666, 54.391225], [18.672206666666668, 54.39118333333333], [18.672261666666667, 54.39120666666667], [18.672191666666667, 54.391196666666666], [18.672225, 54.391185], [18.675343333333334, 54.39493], [18.654568333333334, 54.434099999999994], [18.720626666666664, 54.47576], [18.793484999999997, 54.51492], [18.868393333333334, 54.55425666666667], [18.937431666666665, 54.59715666666667], [19.007275, 54.639244999999995], [19.078725000000002, 54.680555]]}, "properties": {"label": "MARINA STELARA", "mmsi": "218031900", "imo": "7607209", "name": "MARINA STELARA", "shiptype": "", "first_seen_utc": "2026-01-04T00:25:10Z", "last_seen_utc": "2026-01-13T04:01:13Z", "destination": "SURVEY", "eta": "{'Day': 13, 'Hour': 1, 'Minute': 0, 'Month': 1}", "display": "", "links": "<a href=\"https://www.vesselfinder.com/vessels?name=7607209\" target=\"_blank\" rel=\"noopener\">VesselFinder</a> | <a href=\"https://www.marinetraffic.com/en/ais/search/all?keyword=7607209\" target=\"_blank\" rel=\"noopener\">MarineTraffic</a>", "vf_url": "https://www.vesselfinder.com/vessels?name=7607209", "mst_url": "https://www.marinetraffic.com/en/ais/search/all?keyword=7607209", "method": "v3_2pass_track3d_fromru10d", "ru_seen_in_lookback": true, "in_monitor_on_day": true}}, {"type": "Feature", "geometry": {"type": "Point", "coordinates": [19.078725000000002, 54.680555]}, "properties": {"label": "MARINA STELARA", "mmsi": "218031900", "imo": "7607209", "name": "MARINA STELARA", "shiptype": "", "first_seen_utc": "2026-01-04T00:25:10Z", "last_seen_utc": "2026-01-13T04:01:13Z", "destination": "SURVEY", "eta": "{'Day': 13, 'Hour': 1, 'Minute': 0, 'Month': 1}", "display": "MARINA STELARA (218031900)", "links": "<a href=\"https://www.vesselfinder.com/vessels?name=7607209\" target=\"_blank\" rel=\"noopener\">VesselFinder</a> | <a href=\"https://www.marinetraffic.com/en/ais/search/all?keyword=7607209\" target=\"_blank\" rel=\"noopener\">MarineTraffic</a>", "vf_url": "https://www.vesselfinder.com/vessels?name=7607209", "mst_url": "https://www.marinetraffic.com/en/ais/search/all?keyword=7607209", "method": "v3_2pass_track3d_fromru10d", "ru_seen_in_lookback": true, "in_monitor_on_day": true}}, {"type": "Feature", "geometry": {"type": "LineString", "coordinates": [[18.802366666666668, 54.602911666666664], [18.802358333333334, 54.60293333333333], [18.8024, 54.60294333333333], [18.802398333333333, 54.60293], [18.802386666666667, 54.602911666666664], [18.802366666666668, 54.602915], [18.802393333333335, 54.602905], [18.802373333333332, 54.60292333333334], [18.802373333333332, 54.602920000000005], [18.802373333333332, 54.602918333333335], [18.802361666666666, 54.60290833333333], [18.802368333333334, 54.60292666666667], [18.802365, 54.60292666666667], [18.80236, 54.602918333333335], [18.802374999999998, 54.60294], [18.802385, 54.602963333333335], [18.802368333333334, 54.602935], [18.802371666666666, 54.60292666666667], [18.802361666666666, 54.60293333333333], [18.802383333333335, 54.60293], [18.802380000000003, 54.602915], [18.802368333333334, 54.60292333333334], [18.802386666666667, 54.602911666666664], [18.80237, 54.60292833333333], [18.802388333333333, 54.602925], [18.802371666666666, 54.60293333333333], [18.802374999999998, 54.602941666666666], [18.802380000000003, 54.602920000000005], [18.802373333333332, 54.60292666666667], [18.802396666666667, 54.60293333333333], [18.80237, 54.60292833333333], [18.802405, 54.60294], [18.802366666666668, 54.602918333333335], [18.802385, 54.60293], [18.802391666666665, 54.60292666666667], [18.802358333333334, 54.602920000000005], [18.802378333333333, 54.60292833333333], [18.802351666666667, 54.602925], [18.802373333333332, 54.60292666666667], [18.802366666666668, 54.60293], [18.802378333333333, 54.60290333333333], [18.802391666666665, 54.60292833333333], [18.802374999999998, 54.60292666666667], [18.802388333333333, 54.60292666666667], [18.802386666666667, 54.60293333333333], [18.802386666666667, 54.60294], [18.802386666666667, 54.60292833333333], [18.802380000000003, 54.60293166666667], [18.802355, 54.602945], [18.802393333333335, 54.602925], [18.802406666666666, 54.60293333333333], [18.802383333333335, 54.60292333333334], [18.802356666666665, 54.60293], [18.80237, 54.60292333333334], [18.802388333333333, 54.602941666666666], [18.802356666666665, 54.60292166666667], [18.802380000000003, 54.60288833333333], [18.802368333333334, 54.60292333333334], [18.80236, 54.60292166666667], [18.819773333333334, 54.56885666666667], [18.951383333333336, 54.53977833333333], [19.082015000000002, 54.55736666666667], [19.127338333333334, 54.53591333333333], [19.106836666666666, 54.55518], [19.077856666666666, 54.56997], [19.041611666666665, 54.58049833333334], [19.00971333333333, 54.593893333333334], [18.990353333333335, 54.613265], [18.983561666666667, 54.635085000000004], [18.96534666666667, 54.65466833333333], [18.937163333333334, 54.66902], [18.912213333333334, 54.684756666666665], [18.8947, 54.703046666666665], [18.879450000000002, 54.72260833333333], [18.859028333333335, 54.726195], [18.86717666666667, 54.71234833333333], [18.868935, 54.704539999999994], [18.859031666666667, 54.63651], [18.797818333333332, 54.59628333333333], [18.803315, 54.60129666666667], [18.803546666666666, 54.60026333333334], [18.80237, 54.60293], [18.802378333333333, 54.602918333333335], [18.802403333333334, 54.602920000000005], [18.802366666666668, 54.602941666666666], [18.802393333333335, 54.60293], [18.802343333333333, 54.60292666666667], [18.80238166666667, 54.60290166666667], [18.802391666666665, 54.60290666666666], [18.802383333333335, 54.60292666666667], [18.802366666666668, 54.60293166666667], [18.80238166666667, 54.602918333333335], [18.802378333333333, 54.60293333333333], [18.802393333333335, 54.602918333333335], [18.802393333333335, 54.602936666666665], [18.802383333333335, 54.60292333333334], [18.80244, 54.602945], [18.802380000000003, 54.60292666666667], [18.80237, 54.60293166666667], [18.802380000000003, 54.60294333333333], [18.802438333333335, 54.602875000000004], [18.80238166666667, 54.60293166666667]]}, "properties": {"label": "HEL-150", "mmsi": "261003910", "imo": "8600260", "name": "HEL-150", "shiptype": "", "first_seen_utc": "2026-01-04T00:26:13Z", "last_seen_utc": "2026-01-13T03:41:08Z", "destination": "KEEP SAFE DISTANCE", "eta": "{'Day': 14, 'Hour': 21, 'Minute': 0, 'Month': 11}", "display": "", "links": "<a href=\"https://www.vesselfinder.com/vessels?name=8600260\" target=\"_blank\" rel=\"noopener\">VesselFinder</a> | <a href=\"https://www.marinetraffic.com/en/ais/search/all?keyword=8600260\" target=\"_blank\" rel=\"noopener\">MarineTraffic</a>", "vf_url": "https://www.vesselfinder.com/vessels?name=8600260", "mst_url": "https://www.marinetraffic.com/en/ais/search/all?keyword=8600260", "method": "v3_2pass_track3d_fromru10d", "ru_seen_in_lookback": true, "in_monitor_on_day": true}}, {"type": "Feature", "geometry": {"type": "Point", "coordinates": [18.80238166666667, 54.60293166666667]}, "properties": {"label": "HEL-150", "mmsi": "261003910", "imo": "8600260", "name": "HEL-150", "shiptype": "", "first_seen_utc": "2026-01-04T00:26:13Z", "last_seen_utc": "2026-01-13T03:41:08Z", "destination": "KEEP SAFE DISTANCE", "eta": "{'Day': 14, 'Hour': 21, 'Minute': 0, 'Month': 11}", "display": "HEL-150 (261003910)", "links": "<a href=\"https://www.vesselfinder.com/vessels?name=8600260\" target=\"_blank\" rel=\"noopener\">VesselFinder</a> | <a href=\"https://www.marinetraffic.com/en/ais/search/all?keyword=8600260\" target=\"_blank\" rel=\"noopener\">MarineTraffic</a>", "vf_url": "https://www.vesselfinder.com/vessels?name=8600260", "mst_url": "https://www.marinetraffic.com/en/ais/search/all?keyword=8600260", "method": "v3_2pass_track3d_fromru10d", "ru_seen_in_lookback": true, "in_monitor_on_day": true}}, {"type": "Feature", "geometry": {"type": "LineString", "coordinates": [[18.67562, 54.35673833333333], [18.675616666666667, 54.356745000000004], [18.675615, 54.356748333333336], [18.675618333333333, 54.356746666666666], [18.675613333333335, 54.356748333333336], [18.675606666666667, 54.35674166666667], [18.67562, 54.356745000000004], [18.675615, 54.356739999999995], [18.675613333333335, 54.35674166666667], [18.675606666666667, 54.35675166666667], [18.67560166666667, 54.356750000000005], [18.675615, 54.356748333333336], [18.67561166666667, 54.356746666666666], [18.675613333333335, 54.356745000000004], [18.675603333333335, 54.356746666666666], [18.675606666666667, 54.35674166666667], [18.675603333333335, 54.356746666666666], [18.67560166666667, 54.356745000000004], [18.675606666666667, 54.356743333333334], [18.675621666666665, 54.356739999999995], [18.675616666666667, 54.356739999999995], [18.675621666666665, 54.356739999999995], [18.67562333333333, 54.356746666666666], [18.67562666666667, 54.356746666666666], [18.67562, 54.356748333333336], [18.67561166666667, 54.356755], [18.675608333333333, 54.356746666666666], [18.67561, 54.356739999999995], [18.675616666666667, 54.35674166666667], [18.675613333333335, 54.35674166666667], [18.675618333333333, 54.35673833333333], [18.675625, 54.356739999999995], [18.675616666666667, 54.356745000000004], [18.675618333333333, 54.356750000000005], [18.67562666666667, 54.356748333333336], [18.67562, 54.35675666666667], [18.675616666666667, 54.356746666666666], [18.675618333333333, 54.356748333333336], [18.675615, 54.356743333333334], [18.675613333333335, 54.356748333333336], [18.675616666666667, 54.356748333333336], [18.67561166666667, 54.356750000000005], [18.675615, 54.356748333333336], [18.675613333333335, 54.356745000000004], [18.67562333333333, 54.356750000000005], [18.675616666666667, 54.356746666666666], [18.675618333333333, 54.356746666666666], [18.67561, 54.35675166666667], [18.675616666666667, 54.35675333333334], [18.675615, 54.356745000000004], [18.675616666666667, 54.356745000000004], [18.675615, 54.35675333333334], [18.675608333333333, 54.356750000000005], [18.675605, 54.356746666666666], [18.675606666666667, 54.356743333333334], [18.6756, 54.356750000000005], [18.675605, 54.356748333333336], [18.675615, 54.356748333333336], [18.675613333333335, 54.356745000000004], [18.67561166666667, 54.356745000000004], [18.675613333333335, 54.35674166666667], [18.675613333333335, 54.35674166666667], [18.67561, 54.356746666666666], [18.675605, 54.356746666666666], [18.675613333333335, 54.356745000000004], [18.675616666666667, 54.356746666666666], [18.67562333333333, 54.356743333333334], [18.675618333333333, 54.356745000000004], [18.67562666666667, 54.356748333333336], [18.67562666666667, 54.356748333333336], [18.67562333333333, 54.356750000000005], [18.67562, 54.356743333333334], [18.675618333333333, 54.35674166666667], [18.67562, 54.35674166666667], [18.675618333333333, 54.356745000000004], [18.675618333333333, 54.356745000000004], [18.67562, 54.356745000000004], [18.67562, 54.35675166666667], [18.67562333333333, 54.35675333333334], [18.675625, 54.35675166666667], [18.67562, 54.356755], [18.675616666666667, 54.35675666666667], [18.675615, 54.35675833333333], [18.67561166666667, 54.356750000000005], [18.675613333333335, 54.35675333333334], [18.675608333333333, 54.356750000000005], [18.675606666666667, 54.35675666666667], [18.675608333333333, 54.356755], [18.675606666666667, 54.356755], [18.675613333333335, 54.35675333333334], [18.67560166666667, 54.356755], [18.67561166666667, 54.35675166666667], [18.67561, 54.35675333333334], [18.67561, 54.356750000000005], [18.675603333333335, 54.356750000000005], [18.6756, 54.356755], [18.675605, 54.356748333333336], [18.675606666666667, 54.35675166666667]]}, "properties": {"label": "SM PRC 106", "mmsi": "261002090", "imo": "8937560", "name": "SM PRC 106", "shiptype": "", "first_seen_utc": "2026-01-04T00:27:05Z", "last_seen_utc": "2026-01-13T03:44:17Z", "destination": "GDANSK WYSYPISKO", "eta": "{'Day': 3, 'Hour': 10, 'Minute': 0, 'Month': 9}", "display": "", "links": "<a href=\"https://www.vesselfinder.com/vessels?name=8937560\" target=\"_blank\" rel=\"noopener\">VesselFinder</a> | <a href=\"https://www.marinetraffic.com/en/ais/search/all?keyword=8937560\" target=\"_blank\" rel=\"noopener\">MarineTraffic</a>", "vf_url": "https://www.vesselfinder.com/vessels?name=8937560", "mst_url": "https://www.marinetraffic.com/en/ais/search/all?keyword=8937560", "method": "v3_2pass_track3d_fromru10d", "ru_seen_in_lookback": true, "in_monitor_on_day": true}}, {"type": "Feature", "geometry": {"type": "Point", "coordinates": [18.675606666666667, 54.35675166666667]}, "properties": {"label": "SM PRC 106", "mmsi": "261002090", "imo": "8937560", "name": "SM PRC 106", "shiptype": "", "first_seen_utc": "2026-01-04T00:27:05Z", "last_seen_utc": "2026-01-13T03:44:17Z", "destination": "GDANSK WYSYPISKO", "eta": "{'Day': 3, 'Hour': 10, 'Minute': 0, 'Month': 9}", "display": "SM PRC 106 (261002090)", "links": "<a href=\"https://www.vesselfinder.com/vessels?name=8937560\" target=\"_blank\" rel=\"noopener\">VesselFinder</a> | <a href=\"https://www.marinetraffic.com/en/ais/search/all?keyword=8937560\" target=\"_blank\" rel=\"noopener\">MarineTraffic</a>", "vf_url": "https://www.vesselfinder.com/vessels?name=8937560", "mst_url": "https://www.marinetraffic.com/en/ais/search/all?keyword=8937560", "method": "v3_2pass_track3d_fromru10d", "ru_seen_in_lookback": true, "in_monitor_on_day": true}}, {"type": "Feature", "geometry": {"type": "LineString", "coordinates": [[18.895654999999998, 54.49595166666666], [18.908205, 54.52180333333333], [18.926088333333333, 54.54886333333333], [18.948335, 54.57466], [18.964595, 54.589328333333334], [18.954618333333332, 54.57409], [18.946559999999998, 54.55813166666667], [18.949205, 54.567951666666666], [18.974898333333332, 54.587221666666665], [18.960910000000002, 54.569208333333336], [18.942648333333334, 54.56529666666667], [18.992726666666666, 54.59379833333333], [19.000130000000002, 54.589598333333335], [18.994515, 54.570730000000005], [18.982845, 54.55670333333333], [18.97359833333333, 54.54204], [18.96928, 54.565415], [18.990383333333334, 54.60398], [18.982291666666665, 54.59934333333333], [18.971745, 54.58456666666667], [18.962596666666666, 54.570025], [18.957704999999997, 54.55336], [18.95419, 54.53506166666667], [18.950308333333332, 54.51725333333333], [18.934815, 54.50188833333333], [18.945038333333333, 54.525144999999995], [18.962795000000003, 54.55159166666667], [18.97125833333333, 54.574308333333335], [18.97669833333333, 54.59605333333333], [18.972766666666665, 54.606096666666666], [18.965596666666666, 54.58426166666666], [18.958105, 54.56213], [18.951043333333335, 54.542159999999996], [18.93869, 54.54224166666667], [18.97246833333333, 54.612761666666664], [18.955573333333334, 54.600631666666665], [18.951345, 54.57841166666666], [18.932533333333332, 54.56299666666666], [18.94922, 54.613385], [18.935448333333333, 54.603838333333336], [18.92777, 54.583835], [18.917403333333333, 54.566934999999994], [18.902375, 54.552369999999996], [18.888415000000002, 54.53953833333333], [18.875868333333337, 54.52837833333333], [18.899305000000002, 54.559513333333335], [18.93649333333333, 54.598795], [18.960421666666665, 54.62238166666667], [18.957325, 54.62173833333333], [18.94868166666667, 54.614799999999995], [18.938656666666667, 54.60625], [18.920246666666667, 54.59648], [18.965355, 54.60373833333333], [18.977610000000002, 54.623486666666665], [18.965163333333333, 54.627655], [18.964068333333334, 54.612631666666665], [18.9816, 54.60202666666667], [18.993820000000003, 54.59601333333333], [19.023410000000002, 54.55793666666667], [18.98417, 54.510675], [18.936950000000003, 54.449398333333335], [18.93791, 54.44146333333333], [18.85202, 54.42212833333333], [18.75919, 54.40445666666667], [18.730931666666667, 54.38235833333333], [18.729570000000002, 54.382171666666665], [18.729468333333333, 54.38221333333333], [18.729535, 54.38220166666667], [18.729405, 54.382175], [18.729556666666667, 54.38225333333333], [18.72951, 54.38216833333333], [18.729561666666665, 54.38229666666667], [18.729561666666665, 54.38212333333333], [18.729409999999998, 54.38220666666667], [18.72943666666667, 54.382235], [18.729364999999998, 54.38204833333334], [18.729465, 54.38216], [18.729595, 54.382345], [18.729364999999998, 54.38214166666667], [18.729305, 54.38212166666666], [18.729445, 54.382225], [18.729538333333334, 54.382128333333334], [18.729555, 54.382175], [18.72953, 54.38229166666667], [18.729446666666668, 54.382315], [18.72950666666667, 54.38214333333334], [18.729531666666666, 54.38218166666666], [18.729598333333335, 54.38228], [18.72956333333333, 54.382195], [18.729465, 54.38218], [18.729546666666668, 54.38228], [18.729368333333333, 54.382151666666665], [18.729483333333334, 54.38214666666667], [18.729501666666668, 54.38222333333333], [18.72944, 54.38211166666667], [18.729456666666668, 54.38231], [18.729773333333334, 54.38243666666666], [18.729578333333333, 54.382243333333335], [18.729418333333335, 54.38209], [18.72938, 54.382145], [18.72949, 54.38226833333333]]}, "properties": {"label": "MSC TOPAZ", "mmsi": "636017916", "imo": "9502908", "name": "MSC TOPAZ", "shiptype": "", "first_seen_utc": "2026-01-04T00:27:11Z", "last_seen_utc": "2026-01-13T03:59:27Z", "destination": "BREMERHAVEN", "eta": "{'Day': 16, 'Hour': 6, 'Minute': 0, 'Month': 12}", "display": "", "links": "<a href=\"https://www.vesselfinder.com/vessels?name=9502908\" target=\"_blank\" rel=\"noopener\">VesselFinder</a> | <a href=\"https://www.marinetraffic.com/en/ais/search/all?keyword=9502908\" target=\"_blank\" rel=\"noopener\">MarineTraffic</a>", "vf_url": "https://www.vesselfinder.com/vessels?name=9502908", "mst_url": "https://www.marinetraffic.com/en/ais/search/all?keyword=9502908", "method": "v3_2pass_track3d_fromru10d", "ru_seen_in_lookback": true, "in_monitor_on_day": true}}, {"type": "Feature", "geometry": {"type": "Point", "coordinates": [18.72949, 54.38226833333333]}, "properties": {"label": "MSC TOPAZ", "mmsi": "636017916", "imo": "9502908", "name": "MSC TOPAZ", "shiptype": "", "first_seen_utc": "2026-01-04T00:27:11Z", "last_seen_utc": "2026-01-13T03:59:27Z", "destination": "BREMERHAVEN", "eta": "{'Day': 16, 'Hour': 6, 'Minute': 0, 'Month': 12}", "display": "MSC TOPAZ (636017916)", "links": "<a href=\"https://www.vesselfinder.com/vessels?name=9502908\" target=\"_blank\" rel=\"noopener\">VesselFinder</a> | <a href=\"https://www.marinetraffic.com/en/ais/search/all?keyword=9502908\" target=\"_blank\" rel=\"noopener\">MarineTraffic</a>", "vf_url": "https://www.vesselfinder.com/vessels?name=9502908", "mst_url": "https://www.marinetraffic.com/en/ais/search/all?keyword=9502908", "method": "v3_2pass_track3d_fromru10d", "ru_seen_in_lookback": true, "in_monitor_on_day": true}}, {"type": "Feature", "geometry": {"type": "LineString", "coordinates": [[15.691518333333333, 55.70005333333334], [15.443076666666666, 55.664701666666666], [15.261453333333332, 55.642500000000005], [15.09242, 55.59458166666666], [14.936606666666668, 55.543308333333336], [14.772976666666667, 55.494015], [14.614405, 55.444525]]}, "properties": {"label": "SKYLIGHT", "mmsi": "538010642", "imo": "9396737", "name": "SKYLIGHT", "shiptype": "", "first_seen_utc": "2026-01-04T00:28:22Z", "last_seen_utc": "2026-01-13T02:49:54Z", "destination": "FOR ORDER", "eta": "{'Day': 17, 'Hour': 9, 'Minute': 0, 'Month': 1}", "display": "", "links": "<a href=\"https://www.vesselfinder.com/vessels?name=9396737\" target=\"_blank\" rel=\"noopener\">VesselFinder</a> | <a href=\"https://www.marinetraffic.com/en/ais/search/all?keyword=9396737\" target=\"_blank\" rel=\"noopener\">MarineTraffic</a>", "vf_url": "https://www.vesselfinder.com/vessels?name=9396737", "mst_url": "https://www.marinetraffic.com/en/ais/search/all?keyword=9396737", "method": "v3_2pass_track3d_fromru10d", "ru_seen_in_lookback": true, "in_monitor_on_day": true}}, {"type": "Feature", "geometry": {"type": "Point", "coordinates": [14.614405, 55.444525]}, "properties": {"label": "SKYLIGHT", "mmsi": "538010642", "imo": "9396737", "name": "SKYLIGHT", "shiptype": "", "first_seen_utc": "2026-01-04T00:28:22Z", "last_seen_utc": "2026-01-13T02:49:54Z", "destination": "FOR ORDER", "eta": "{'Day': 17, 'Hour': 9, 'Minute': 0, 'Month': 1}", "display": "SKYLIGHT (538010642)", "links": "<a href=\"https://www.vesselfinder.com/vessels?name=9396737\" target=\"_blank\" rel=\"noopener\">VesselFinder</a> | <a href=\"https://www.marinetraffic.com/en/ais/search/all?keyword=9396737\" target=\"_blank\" rel=\"noopener\">MarineTraffic</a>", "vf_url": "https://www.vesselfinder.com/vessels?name=9396737", "mst_url": "https://www.marinetraffic.com/en/ais/search/all?keyword=9396737", "method": "v3_2pass_track3d_fromru10d", "ru_seen_in_lookback": true, "in_monitor_on_day": true}}, {"type": "Feature", "geometry": {"type": "LineString", "coordinates": [[18.710215, 54.516600000000004], [18.710845, 54.51651666666667], [18.710343333333334, 54.51657333333333], [18.710375, 54.516585], [18.710356666666666, 54.51658166666667], [18.710446666666666, 54.516576666666666], [18.710843333333333, 54.51652], [18.71047, 54.51656333333334], [18.710198333333334, 54.51658166666667], [18.710168333333336, 54.51656833333333], [18.71045333333333, 54.51654166666666], [18.71046833333333, 54.51653666666667], [18.710741666666667, 54.516513333333336], [18.710973333333335, 54.516484999999996], [18.710818333333336, 54.51649], [18.710263333333334, 54.516535], [18.71025, 54.51654833333334], [18.71034, 54.516553333333334], [18.710036666666667, 54.51661333333333], [18.71072333333333, 54.51652833333333], [18.71122666666667, 54.51651666666667], [18.711028333333335, 54.51649666666666], [18.71108, 54.51650666666667], [18.71121833333333, 54.51651833333334], [18.71134, 54.516508333333334], [18.711088333333333, 54.516510000000004], [18.711923333333335, 54.516558333333336], [18.71162, 54.51652833333333], [18.71201166666667, 54.51656], [18.711779999999997, 54.51654], [18.71135333333333, 54.51650333333334], [18.711348333333333, 54.516495], [18.711278333333333, 54.516468333333336], [18.711051666666666, 54.51648], [18.711295, 54.516515], [18.711081666666665, 54.516510000000004], [18.711391666666668, 54.516513333333336], [18.711086666666667, 54.51650666666667], [18.710996666666666, 54.516513333333336], [18.711003333333334, 54.51656], [18.710511666666665, 54.516558333333336], [18.710496666666664, 54.51656166666667], [18.710908333333336, 54.516558333333336], [18.709793333333334, 54.51678833333334], [18.709936666666668, 54.516753333333334], [18.710065, 54.516688333333335], [18.709799999999998, 54.516841666666664], [18.710201666666666, 54.51672166666666], [18.710615, 54.516619999999996], [18.709511666666668, 54.51697333333333], [18.709655, 54.51691833333334], [18.709153333333333, 54.517871666666665], [18.70983, 54.51837], [18.710106666666665, 54.51841833333334], [18.710155, 54.518425], [18.70968333333333, 54.51826166666667], [18.70994166666667, 54.517174999999995], [18.712008333333333, 54.51702], [18.712318333333332, 54.51737166666667], [18.711631666666666, 54.51749333333333], [18.66653833333333, 54.51520333333334], [18.560625, 54.52010166666666], [18.558065, 54.52702], [18.558105, 54.526984999999996], [18.55806, 54.52704666666667], [18.558073333333333, 54.52703333333333], [18.55808, 54.527028333333334], [18.558088333333334, 54.527055000000004], [18.558075, 54.527051666666665], [18.558071666666667, 54.527051666666665], [18.558058333333335, 54.52701833333333], [18.558106666666667, 54.52701666666667], [18.55808, 54.527051666666665], [18.558071666666667, 54.52706666666666], [18.558075, 54.527055000000004], [18.558071666666667, 54.527035], [18.55807666666667, 54.527029999999996], [18.55807666666667, 54.527055000000004], [18.558043333333334, 54.527029999999996], [18.558038333333332, 54.527065], [18.558105, 54.527053333333335], [18.558088333333334, 54.527028333333334], [18.558078333333334, 54.527006666666665], [18.558071666666667, 54.527029999999996], [18.558088333333334, 54.527035], [18.558123333333334, 54.52706], [18.55807, 54.527058333333336], [18.55805333333333, 54.527026666666664], [18.558075, 54.52701666666667], [18.558083333333332, 54.52704166666667], [18.558061666666667, 54.52704666666667], [18.558086666666668, 54.527051666666665], [18.558058333333335, 54.52706], [18.558065, 54.52702333333333], [18.558046666666666, 54.527045], [18.558065, 54.527035], [18.558078333333334, 54.52708]]}, "properties": {"label": "DREAM SYRAX", "mmsi": "255915968", "imo": "9719513", "name": "DREAM SYRAX", "shiptype": "", "first_seen_utc": "2026-01-04T00:29:18Z", "last_seen_utc": "2026-01-13T03:32:45Z", "destination": "SE KAN", "eta": "{'Day': 13, 'Hour': 22, 'Minute': 0, 'Month': 1}", "display": "", "links": "<a href=\"https://www.vesselfinder.com/vessels?name=9719513\" target=\"_blank\" rel=\"noopener\">VesselFinder</a> | <a href=\"https://www.marinetraffic.com/en/ais/search/all?keyword=9719513\" target=\"_blank\" rel=\"noopener\">MarineTraffic</a>", "vf_url": "https://www.vesselfinder.com/vessels?name=9719513", "mst_url": "https://www.marinetraffic.com/en/ais/search/all?keyword=9719513", "method": "v3_2pass_track3d_fromru10d", "ru_seen_in_lookback": true, "in_monitor_on_day": true}}, {"type": "Feature", "geometry": {"type": "Point", "coordinates": [18.558078333333334, 54.52708]}, "properties": {"label": "DREAM SYRAX", "mmsi": "255915968", "imo": "9719513", "name": "DREAM SYRAX", "shiptype": "", "first_seen_utc": "2026-01-04T00:29:18Z", "last_seen_utc": "2026-01-13T03:32:45Z", "destination": "SE KAN", "eta": "{'Day': 13, 'Hour': 22, 'Minute': 0, 'Month': 1}", "display": "DREAM SYRAX (255915968)", "links": "<a href=\"https://www.vesselfinder.com/vessels?name=9719513\" target=\"_blank\" rel=\"noopener\">VesselFinder</a> | <a href=\"https://www.marinetraffic.com/en/ais/search/all?keyword=9719513\" target=\"_blank\" rel=\"noopener\">MarineTraffic</a>", "vf_url": "https://www.vesselfinder.com/vessels?name=9719513", "mst_url": "https://www.marinetraffic.com/en/ais/search/all?keyword=9719513", "method": "v3_2pass_track3d_fromru10d", "ru_seen_in_lookback": true, "in_monitor_on_day": true}}, {"type": "Feature", "geometry": {"type": "LineString", "coordinates": [[18.675763333333336, 54.35681833333333], [18.675748333333335, 54.356813333333335], [18.675751666666667, 54.356813333333335], [18.675733333333334, 54.35681833333333], [18.675763333333336, 54.35682166666666], [18.675735, 54.35681833333333], [18.675738333333335, 54.35680833333333], [18.675761666666666, 54.35681666666667], [18.675720000000002, 54.356790000000004], [18.675746666666665, 54.35680333333333], [18.675741666666667, 54.356811666666665], [18.67573666666667, 54.356813333333335], [18.675751666666667, 54.35679666666667], [18.675725, 54.35679666666667], [18.675743333333333, 54.35681], [18.675753333333333, 54.35677666666666], [18.675745, 54.35680166666667], [18.67576, 54.356791666666666], [18.675741666666667, 54.356811666666665], [18.675741666666667, 54.356806666666664], [18.675748333333335, 54.35682333333333], [18.675751666666667, 54.35681], [18.675751666666667, 54.3568], [18.675763333333336, 54.356813333333335], [18.675753333333333, 54.356811666666665], [18.675729999999998, 54.35680833333333], [18.675766666666668, 54.356806666666664], [18.675741666666667, 54.356806666666664], [18.675766666666668, 54.356791666666666], [18.67575, 54.356815], [18.675728333333332, 54.356815], [18.675743333333333, 54.35681], [18.675721666666668, 54.356806666666664], [18.675721666666668, 54.356813333333335], [18.675756666666665, 54.356811666666665], [18.675733333333334, 54.356825], [18.675746666666665, 54.35680833333333], [18.675741666666667, 54.35679833333334], [18.67578166666667, 54.356790000000004], [18.675748333333335, 54.35679666666667], [18.67580333333333, 54.356805], [18.67579, 54.356805], [18.675751666666667, 54.356805], [18.675723333333334, 54.35682333333333], [18.67575833333333, 54.35681], [18.67575833333333, 54.35681666666667], [18.675791666666665, 54.35682833333333], [18.675746666666665, 54.35679833333334], [18.675723333333334, 54.35681666666667], [18.675726666666666, 54.356815], [18.67573666666667, 54.356793333333336], [18.675729999999998, 54.35679833333334], [18.675729999999998, 54.35680166666667], [18.675728333333332, 54.356806666666664], [18.675728333333332, 54.356788333333334], [18.675756666666665, 54.356806666666664], [18.675755, 54.356805], [18.675738333333335, 54.35681], [18.675751666666667, 54.356791666666666], [18.67573666666667, 54.356790000000004], [18.675753333333333, 54.35681666666667], [18.67575833333333, 54.3568], [18.67575, 54.356795000000005], [18.675735, 54.35680166666667], [18.675743333333333, 54.356811666666665], [18.67573666666667, 54.356829999999995], [18.675771666666666, 54.35679666666667], [18.67573666666667, 54.356813333333335], [18.675743333333333, 54.356811666666665], [18.675756666666665, 54.35680333333333], [18.67578166666667, 54.35679666666667], [18.675756666666665, 54.35681], [18.675756666666665, 54.35680166666667], [18.67576, 54.35681666666667], [18.675756666666665, 54.35680166666667], [18.675733333333334, 54.35681], [18.675751666666667, 54.356806666666664], [18.675729999999998, 54.356813333333335], [18.675726666666666, 54.356805], [18.675768333333334, 54.35679833333334], [18.675753333333333, 54.35680833333333], [18.675741666666667, 54.356805], [18.675731666666664, 54.356829999999995], [18.675733333333334, 54.356805], [18.675720000000002, 54.35681], [18.675746666666665, 54.35682666666666], [18.675741666666667, 54.35682], [18.675738333333335, 54.356825], [18.67574, 54.35681833333333], [18.675746666666665, 54.356825], [18.675761666666666, 54.35681], [18.675765000000002, 54.3568], [18.67574, 54.35680833333333], [18.675726666666666, 54.35678166666666], [18.675721666666668, 54.35681833333333], [18.67575833333333, 54.35680166666667], [18.675765000000002, 54.35682666666666], [18.675745, 54.35680333333333]]}, "properties": {"label": "SM-PRC-101", "mmsi": "261011140", "imo": "8899081", "name": "SM-PRC-101", "shiptype": "", "first_seen_utc": "2026-01-04T00:31:34Z", "last_seen_utc": "2026-01-13T03:35:48Z", "destination": "NOWY_SWIAT", "eta": "{'Day': 17, 'Hour': 3, 'Minute': 0, 'Month': 10}", "display": "", "links": "<a href=\"https://www.vesselfinder.com/vessels?name=8899081\" target=\"_blank\" rel=\"noopener\">VesselFinder</a> | <a href=\"https://www.marinetraffic.com/en/ais/search/all?keyword=8899081\" target=\"_blank\" rel=\"noopener\">MarineTraffic</a>", "vf_url": "https://www.vesselfinder.com/vessels?name=8899081", "mst_url": "https://www.marinetraffic.com/en/ais/search/all?keyword=8899081", "method": "v3_2pass_track3d_fromru10d", "ru_seen_in_lookback": true, "in_monitor_on_day": true}}, {"type": "Feature", "geometry": {"type": "Point", "coordinates": [18.675745, 54.35680333333333]}, "properties": {"label": "SM-PRC-101", "mmsi": "261011140", "imo": "8899081", "name": "SM-PRC-101", "shiptype": "", "first_seen_utc": "2026-01-04T00:31:34Z", "last_seen_utc": "2026-01-13T03:35:48Z", "destination": "NOWY_SWIAT", "eta": "{'Day': 17, 'Hour': 3, 'Minute': 0, 'Month': 10}", "display": "SM-PRC-101 (261011140)", "links": "<a href=\"https://www.vesselfinder.com/vessels?name=8899081\" target=\"_blank\" rel=\"noopener\">VesselFinder</a> | <a href=\"https://www.marinetraffic.com/en/ais/search/all?keyword=8899081\" target=\"_blank\" rel=\"noopener\">MarineTraffic</a>", "vf_url": "https://www.vesselfinder.com/vessels?name=8899081", "mst_url": "https://www.marinetraffic.com/en/ais/search/all?keyword=8899081", "method": "v3_2pass_track3d_fromru10d", "ru_seen_in_lookback": true, "in_monitor_on_day": true}}, {"type": "Feature", "geometry": {"type": "LineString", "coordinates": [[18.798816666666667, 54.85029], [18.935558333333333, 54.78265333333333], [18.959511666666668, 54.70324], [18.902406666666664, 54.616753333333335], [18.805741666666666, 54.54195], [18.70111166666667, 54.471043333333334], [18.652013333333333, 54.439305], [18.649535, 54.439125], [18.65029, 54.43901166666667], [18.650768333333335, 54.43901166666667], [18.650918333333333, 54.439049999999995], [18.65009, 54.43893], [18.650658333333336, 54.43901666666667], [18.649341666666665, 54.43902166666667], [18.649688333333334, 54.438995], [18.65041, 54.438946666666666], [18.649623333333334, 54.43900166666666], [18.650163333333335, 54.438898333333334], [18.65087833333333, 54.438970000000005], [18.651115, 54.43896666666667], [18.650528333333334, 54.439006666666664], [18.651591666666665, 54.43910666666667], [18.65165, 54.43908333333333], [18.652075, 54.439211666666665], [18.650795000000002, 54.438835000000005], [18.650335, 54.438779999999994], [18.651183333333332, 54.438805], [18.651578333333337, 54.438878333333335], [18.650598333333335, 54.43864333333333], [18.65041, 54.43859833333333], [18.650190000000002, 54.43865166666667], [18.650548333333333, 54.438599999999994], [18.650935, 54.438635], [18.65199, 54.43886], [18.650808333333334, 54.43859166666667], [18.651113333333335, 54.43857], [18.65115666666667, 54.43862166666667], [18.651936666666664, 54.438824999999994], [18.651068333333335, 54.43864166666666], [18.650858333333336, 54.438599999999994], [18.65021833333333, 54.43862], [18.651705, 54.438695], [18.649465000000003, 54.438775], [18.649858333333334, 54.438698333333335], [18.650141666666666, 54.43863833333333], [18.650280000000002, 54.43864333333333], [18.650555, 54.438626666666664], [18.650978333333335, 54.43862333333333], [18.651545, 54.43875166666667], [18.649528333333333, 54.43886666666666], [18.650466666666667, 54.43857], [18.650591666666667, 54.438595], [18.650458333333333, 54.438586666666666], [18.650941666666665, 54.43924666666667], [18.65223166666667, 54.433618333333335], [18.655988333333333, 54.40665], [18.653685, 54.40642666666667], [18.653685, 54.40641333333333], [18.653644999999997, 54.406351666666666], [18.653713333333332, 54.40642666666667], [18.65365166666667, 54.406436666666664], [18.6537, 54.406415], [18.65375166666667, 54.406394999999996], [18.653706666666668, 54.40643166666667], [18.653666666666666, 54.406423333333336], [18.653691666666667, 54.40643333333333], [18.653685, 54.40643], [18.653646666666667, 54.406365], [18.653788333333335, 54.406435], [18.653661666666668, 54.40644666666667], [18.653661666666668, 54.406425], [18.653756666666666, 54.40637666666667], [18.653715, 54.40638], [18.653708333333334, 54.406420000000004], [18.653703333333333, 54.40637666666667], [18.653781666666664, 54.406436666666664], [18.653673333333334, 54.40641333333333], [18.653715, 54.406418333333335], [18.654051666666664, 54.406015000000004], [18.653648333333333, 54.40641333333333], [18.65371, 54.40640166666667], [18.653745, 54.40641166666667], [18.653711666666666, 54.40641666666667], [18.653701666666667, 54.40640833333334], [18.65363166666667, 54.40638333333333], [18.653693333333333, 54.406394999999996], [18.653666666666666, 54.40644666666667], [18.65371, 54.406418333333335], [18.653638333333333, 54.40640666666666], [18.66138, 54.40865833333333], [18.721821666666663, 54.47318166666666], [18.846004999999998, 54.556245], [18.945695, 54.646748333333335], [19.02607833333333, 54.74312166666667], [19.0194, 54.849675000000005]]}, "properties": {"label": "HUMBER RUNNER", "mmsi": "305821000", "imo": "9467184", "name": "HUMBER RUNNER", "shiptype": "", "first_seen_utc": "2026-01-04T00:50:03Z", "last_seen_utc": "2026-01-13T02:59:36Z", "destination": "RIGA", "eta": "{'Day': 14, 'Hour': 6, 'Minute': 0, 'Month': 1}", "display": "", "links": "<a href=\"https://www.vesselfinder.com/vessels?name=9467184\" target=\"_blank\" rel=\"noopener\">VesselFinder</a> | <a href=\"https://www.marinetraffic.com/en/ais/search/all?keyword=9467184\" target=\"_blank\" rel=\"noopener\">MarineTraffic</a>", "vf_url": "https://www.vesselfinder.com/vessels?name=9467184", "mst_url": "https://www.marinetraffic.com/en/ais/search/all?keyword=9467184", "method": "v3_2pass_track3d_fromru10d", "ru_seen_in_lookback": true, "in_monitor_on_day": true}}, {"type": "Feature", "geometry": {"type": "Point", "coordinates": [19.0194, 54.849675000000005]}, "properties": {"label": "HUMBER RUNNER", "mmsi": "305821000", "imo": "9467184", "name": "HUMBER RUNNER", "shiptype": "", "first_seen_utc": "2026-01-04T00:50:03Z", "last_seen_utc": "2026-01-13T02:59:36Z", "destination": "RIGA", "eta": "{'Day': 14, 'Hour': 6, 'Minute': 0, 'Month': 1}", "display": "HUMBER RUNNER (305821000)", "links": "<a href=\"https://www.vesselfinder.com/vessels?name=9467184\" target=\"_blank\" rel=\"noopener\">VesselFinder</a> | <a href=\"https://www.marinetraffic.com/en/ais/search/all?keyword=9467184\" target=\"_blank\" rel=\"noopener\">MarineTraffic</a>", "vf_url": "https://www.vesselfinder.com/vessels?name=9467184", "mst_url": "https://www.marinetraffic.com/en/ais/search/all?keyword=9467184", "method": "v3_2pass_track3d_fromru10d", "ru_seen_in_lookback": true, "in_monitor_on_day": true}}, {"type": "Feature", "geometry": {"type": "LineString", "coordinates": [[18.416485, 54.796685000000004], [18.4165, 54.7967], [18.416495, 54.796695], [18.41648, 54.796675], [18.416525, 54.796704999999996], [18.4165, 54.796695], [18.41653, 54.796685000000004], [18.4165, 54.79671], [18.416510000000002, 54.7967], [18.4165, 54.796704999999996], [18.41652, 54.79669], [18.41652, 54.796704999999996], [18.416495, 54.796695], [18.416510000000002, 54.79669], [18.41652, 54.79667], [18.416504999999997, 54.79669], [18.4165, 54.796715], [18.41649, 54.796704999999996], [18.416485, 54.7967], [18.41653, 54.796704999999996], [18.416549999999997, 54.796685000000004], [18.416525, 54.796704999999996], [18.416510000000002, 54.7967], [18.416525, 54.796685000000004]]}, "properties": {"label": "WLA 253", "mmsi": "261003970", "imo": "", "name": "WLA 253", "shiptype": "", "first_seen_utc": "2026-01-04T01:00:38Z", "last_seen_utc": "2026-01-13T03:35:15Z", "destination": "", "eta": "{'Day': 0, 'Hour': 24, 'Minute': 60, 'Month': 0}", "display": "", "links": "<a href=\"https://www.vesselfinder.com/vessels?name=261003970\" target=\"_blank\" rel=\"noopener\">VesselFinder</a> | <a href=\"https://www.marinetraffic.com/en/ais/search/all?keyword=261003970\" target=\"_blank\" rel=\"noopener\">MarineTraffic</a>", "vf_url": "https://www.vesselfinder.com/vessels?name=261003970", "mst_url": "https://www.marinetraffic.com/en/ais/search/all?keyword=261003970", "method": "v3_2pass_track3d_fromru10d", "ru_seen_in_lookback": true, "in_monitor_on_day": true}}, {"type": "Feature", "geometry": {"type": "Point", "coordinates": [18.416525, 54.796685000000004]}, "properties": {"label": "WLA 253", "mmsi": "261003970", "imo": "", "name": "WLA 253", "shiptype": "", "first_seen_utc": "2026-01-04T01:00:38Z", "last_seen_utc": "2026-01-13T03:35:15Z", "destination": "", "eta": "{'Day': 0, 'Hour': 24, 'Minute': 60, 'Month': 0}", "display": "WLA 253 (261003970)", "links": "<a href=\"https://www.vesselfinder.com/vessels?name=261003970\" target=\"_blank\" rel=\"noopener\">VesselFinder</a> | <a href=\"https://www.marinetraffic.com/en/ais/search/all?keyword=261003970\" target=\"_blank\" rel=\"noopener\">MarineTraffic</a>", "vf_url": "https://www.vesselfinder.com/vessels?name=261003970", "mst_url": "https://www.marinetraffic.com/en/ais/search/all?keyword=261003970", "method": "v3_2pass_track3d_fromru10d", "ru_seen_in_lookback": true, "in_monitor_on_day": true}}, {"type": "Feature", "geometry": {"type": "LineString", "coordinates": [[18.722421666666666, 55.01793], [18.808155, 54.94281333333333], [18.90419166666667, 54.87186], [18.980561666666667, 54.84037166666667], [19.005096666666667, 54.76753333333333], [19.038441666666664, 54.735285], [19.045328333333334, 54.75852833333333], [19.052101666666665, 54.761268333333334], [19.057318333333335, 54.778055], [19.06443, 54.79642333333334], [19.069648333333337, 54.81954666666666], [19.069031666666667, 54.86291833333333], [19.06674, 54.900774999999996], [19.06914833333333, 54.928395], [19.064118333333333, 54.953073333333336], [19.20693, 54.90501166666666], [19.138028333333335, 54.944894999999995], [19.043988333333335, 55.003771666666665], [18.99311833333333, 55.02415333333333], [18.99618333333333, 54.999815], [18.99198833333333, 54.982488333333336], [18.989146666666667, 54.97114666666666], [18.984555, 54.959563333333335], [18.977605, 54.94728833333333], [18.973341666666666, 54.935545000000005], [18.9703, 54.92501166666667], [18.967045, 54.91330333333334], [18.966753333333333, 54.90266999999999], [18.964638333333333, 54.89212], [18.961573333333334, 54.880676666666666], [18.959905, 54.869121666666665], [18.957216666666667, 54.85734333333333], [18.956071666666666, 54.845620000000004], [18.955840000000002, 54.83307833333333], [18.95478166666667, 54.821075], [18.95315833333333, 54.80918], [18.953011666666665, 54.80469166666667], [19.001491666666666, 54.76322666666667], [19.041516666666666, 54.688538333333334], [19.070135, 54.609965], [19.015265, 54.540978333333335], [18.962206666666667, 54.488841666666666], [18.916895, 54.45954666666667], [18.911423333333335, 54.46848833333333], [18.92575833333333, 54.448636666666665], [18.851021666666668, 54.42189666666666], [18.749745, 54.404289999999996], [18.718535, 54.4031], [18.715531666666667, 54.40358166666667], [18.715518333333332, 54.40356666666666], [18.715531666666667, 54.4036], [18.71558333333333, 54.40362833333334], [18.715506666666666, 54.403614999999995], [18.715528333333335, 54.403596666666665], [18.715518333333332, 54.40361], [18.715515, 54.40358833333333], [18.71549, 54.403614999999995], [18.715486666666667, 54.403598333333335], [18.715521666666667, 54.4036], [18.715461666666666, 54.403618333333334], [18.71556, 54.40360833333333], [18.715515, 54.403575000000004], [18.715496666666663, 54.403614999999995], [18.715488333333333, 54.403575000000004], [18.715521666666667, 54.403580000000005], [18.715506666666666, 54.403585], [18.715485, 54.403620000000004], [18.715521666666667, 54.403551666666665], [18.715515, 54.40361], [18.715515, 54.40359], [18.715498333333336, 54.40361], [18.71551, 54.403591666666664], [18.715533333333333, 54.40359], [18.715500000000002, 54.40357166666667], [18.715518333333332, 54.40358166666667], [18.715506666666666, 54.40361166666666], [18.715533333333333, 54.40363], [18.715515, 54.403578333333336], [18.71551, 54.40359333333333], [18.71552, 54.40361166666666], [18.71551, 54.40359333333333], [18.71549333333333, 54.40361], [18.715498333333336, 54.403595]]}, "properties": {"label": "SEAGALAXY", "mmsi": "477269100", "imo": "9847231", "name": "SEAGALAXY", "shiptype": "", "first_seen_utc": "2026-01-04T01:33:15Z", "last_seen_utc": "2026-01-13T03:52:03Z", "destination": "NOSTU-PLGDN", "eta": "{'Day': 10, 'Hour': 21, 'Minute': 0, 'Month': 1}", "display": "", "links": "<a href=\"https://www.vesselfinder.com/vessels?name=9847231\" target=\"_blank\" rel=\"noopener\">VesselFinder</a> | <a href=\"https://www.marinetraffic.com/en/ais/search/all?keyword=9847231\" target=\"_blank\" rel=\"noopener\">MarineTraffic</a>", "vf_url": "https://www.vesselfinder.com/vessels?name=9847231", "mst_url": "https://www.marinetraffic.com/en/ais/search/all?keyword=9847231", "method": "v3_2pass_track3d_fromru10d", "ru_seen_in_lookback": true, "in_monitor_on_day": true}}, {"type": "Feature", "geometry": {"type": "Point", "coordinates": [18.715498333333336, 54.403595]}, "properties": {"label": "SEAGALAXY", "mmsi": "477269100", "imo": "9847231", "name": "SEAGALAXY", "shiptype": "", "first_seen_utc": "2026-01-04T01:33:15Z", "last_seen_utc": "2026-01-13T03:52:03Z", "destination": "NOSTU-PLGDN", "eta": "{'Day': 10, 'Hour': 21, 'Minute': 0, 'Month': 1}", "display": "SEAGALAXY (477269100)", "links": "<a href=\"https://www.vesselfinder.com/vessels?name=9847231\" target=\"_blank\" rel=\"noopener\">VesselFinder</a> | <a href=\"https://www.marinetraffic.com/en/ais/search/all?keyword=9847231\" target=\"_blank\" rel=\"noopener\">MarineTraffic</a>", "vf_url": "https://www.vesselfinder.com/vessels?name=9847231", "mst_url": "https://www.marinetraffic.com/en/ais/search/all?keyword=9847231", "method": "v3_2pass_track3d_fromru10d", "ru_seen_in_lookback": true, "in_monitor_on_day": true}}, {"type": "Feature", "geometry": {"type": "LineString", "coordinates": [[8.161778333333334, 53.77639333333333], [8.339345, 53.69501], [8.433164999999999, 53.63712666666667], [8.516168333333333, 53.59728666666667], [8.516268333333333, 53.597521666666665], [8.516241666666666, 53.59755333333333], [8.516273333333334, 53.597525000000005], [8.516268333333333, 53.597525000000005], [8.516273333333334, 53.59758166666666], [8.516273333333334, 53.597575], [8.51624, 53.59752666666667], [8.516225, 53.59748666666667], [8.516265, 53.597535], [8.516275, 53.597568333333335], [8.516268333333333, 53.59751666666667], [8.5162, 53.597566666666665], [8.516225, 53.59752], [8.516238333333334, 53.59755500000001], [8.516236666666666, 53.597565], [8.516318333333334, 53.59748666666667], [8.516195, 53.59745], [8.516245, 53.59765166666667], [8.5163, 53.597501666666666], [8.516208333333333, 53.59753], [8.51629, 53.59756], [8.516243333333334, 53.59757666666667], [8.516328333333332, 53.59756], [8.516263333333333, 53.59754833333333], [8.516238333333334, 53.59757333333334], [8.516286666666666, 53.59752833333334], [8.516323333333334, 53.59753], [8.516251666666667, 53.59751666666667], [8.516251666666667, 53.59754833333333], [8.516261666666667, 53.59754833333333], [8.51624, 53.59755], [8.516263333333333, 53.597545], [8.416363333333333, 53.645785000000004], [8.224926666666667, 53.74216833333333], [8.01339, 53.85244], [7.849748333333333, 53.93449666666667], [7.837243333333333, 53.922196666666665], [7.8376383333333335, 53.922215], [7.838431666666667, 53.92242], [7.838206666666666, 53.922355], [7.837986666666667, 53.92233], [7.838044999999999, 53.922335], [7.838080000000001, 53.922378333333334], [7.83639, 53.92180666666666], [7.838243333333334, 53.92234], [7.839393333333334, 53.92224], [7.840066666666667, 53.92213], [7.840236666666667, 53.922088333333335], [7.840310000000001, 53.92202833333333], [7.840251666666666, 53.921976666666666], [7.839956666666667, 53.92214333333333], [7.839566666666667, 53.92223333333333], [7.83896, 53.922325], [7.838995, 53.922385], [7.838416666666666, 53.92238333333333], [7.838288333333334, 53.92238666666666], [7.838276666666667, 53.922360000000005], [7.8399600000000005, 53.92212833333333], [7.840416666666667, 53.921953333333335], [7.84056, 53.92196], [7.840813333333333, 53.92180333333333], [7.840888333333334, 53.921776666666666], [7.840875, 53.921745]]}, "properties": {"label": "LITTLE ATHINA", "mmsi": "636023244", "imo": "9980368", "name": "LITTLE ATHINA", "shiptype": "", "first_seen_utc": "2026-01-04T01:48:58Z", "last_seen_utc": "2026-01-13T03:50:26Z", "destination": "DEHAM", "eta": "{'Day': 12, 'Hour': 4, 'Minute': 6, 'Month': 1}", "display": "", "links": "<a href=\"https://www.vesselfinder.com/vessels?name=9980368\" target=\"_blank\" rel=\"noopener\">VesselFinder</a> | <a href=\"https://www.marinetraffic.com/en/ais/search/all?keyword=9980368\" target=\"_blank\" rel=\"noopener\">MarineTraffic</a>", "vf_url": "https://www.vesselfinder.com/vessels?name=9980368", "mst_url": "https://www.marinetraffic.com/en/ais/search/all?keyword=9980368", "method": "v3_2pass_track3d_fromru10d", "ru_seen_in_lookback": true, "in_monitor_on_day": true}}, {"type": "Feature", "geometry": {"type": "Point", "coordinates": [7.840875, 53.921745]}, "properties": {"label": "LITTLE ATHINA", "mmsi": "636023244", "imo": "9980368", "name": "LITTLE ATHINA", "shiptype": "", "first_seen_utc": "2026-01-04T01:48:58Z", "last_seen_utc": "2026-01-13T03:50:26Z", "destination": "DEHAM", "eta": "{'Day': 12, 'Hour': 4, 'Minute': 6, 'Month': 1}", "display": "LITTLE ATHINA (636023244)", "links": "<a href=\"https://www.vesselfinder.com/vessels?name=9980368\" target=\"_blank\" rel=\"noopener\">VesselFinder</a> | <a href=\"https://www.marinetraffic.com/en/ais/search/all?keyword=9980368\" target=\"_blank\" rel=\"noopener\">MarineTraffic</a>", "vf_url": "https://www.vesselfinder.com/vessels?name=9980368", "mst_url": "https://www.marinetraffic.com/en/ais/search/all?keyword=9980368", "method": "v3_2pass_track3d_fromru10d", "ru_seen_in_lookback": true, "in_monitor_on_day": true}}, {"type": "Feature", "geometry": {"type": "LineString", "coordinates": [[8.37344, 53.6717], [8.498953333333334, 53.605365], [8.530536666666666, 53.58025333333333], [8.537761666666666, 53.575358333333334], [8.537758333333333, 53.57539166666666], [8.537758333333333, 53.57537166666667], [8.537761666666666, 53.57538], [8.537773333333332, 53.57537666666666], [8.537776666666668, 53.57536666666667], [8.537765, 53.57538], [8.537746666666667, 53.57539], [8.537751666666667, 53.57537333333333], [8.537736666666666, 53.575385], [8.537759999999999, 53.57541666666667], [8.537728333333332, 53.57541666666667], [8.537745, 53.575405], [8.537749999999999, 53.57539666666666], [8.537721666666666, 53.57538833333333], [8.537708333333335, 53.575428333333335], [8.537749999999999, 53.575403333333334], [8.537788333333333, 53.57539666666666], [8.537761666666666, 53.57537833333333], [8.537743333333333, 53.57541833333333], [8.537756666666667, 53.57539333333333], [8.537765, 53.57540166666667], [8.537728333333332, 53.575428333333335], [8.537761666666666, 53.575408333333336], [8.537745, 53.575375], [8.537813333333334, 53.57536], [8.537751666666667, 53.575410000000005], [8.537783333333334, 53.57537333333333], [8.537783333333334, 53.575361666666666], [8.537775, 53.575406666666666], [8.537748333333333, 53.57539], [8.537740000000001, 53.575406666666666], [8.5377, 53.575435], [8.537796666666667, 53.575354999999995], [8.537728333333332, 53.57539666666666], [8.537740000000001, 53.57539166666666], [8.537743333333333, 53.57539166666666], [8.537728333333332, 53.575408333333336], [8.537711666666667, 53.57542333333333], [8.537706666666667, 53.575399999999995], [8.537781666666666, 53.575425], [8.537753333333335, 53.575358333333334], [8.537651666666667, 53.57541333333334], [8.537796666666667, 53.575363333333335], [8.537759999999999, 53.575410000000005], [8.537808333333334, 53.575336666666665], [8.53772, 53.575405], [8.537776666666668, 53.575354999999995], [8.537745, 53.575435], [8.537728333333332, 53.575421666666664], [8.537866666666668, 53.575426666666665], [8.537738333333333, 53.575385], [8.537731666666668, 53.575410000000005], [8.537755, 53.57541166666667], [8.537758333333333, 53.575415], [8.537736666666666, 53.57541833333333], [8.537763333333334, 53.57543166666667], [8.537745, 53.57538833333333], [8.537748333333333, 53.575403333333334], [8.537755, 53.575426666666665], [8.537716666666666, 53.57539833333333], [8.537748333333333, 53.57541166666667], [8.537740000000001, 53.575410000000005], [8.537761666666666, 53.575395], [8.537743333333333, 53.57544166666666], [8.537708333333335, 53.57544166666666], [8.53777, 53.57539666666666], [8.537749999999999, 53.57539833333333], [8.537749999999999, 53.57538666666667], [8.537753333333335, 53.57541333333334], [8.537761666666666, 53.575421666666664], [8.537745, 53.57539166666666], [8.537714999999999, 53.575405], [8.537733333333334, 53.575428333333335], [8.537746666666667, 53.575385], [8.537738333333333, 53.575415], [8.537741666666667, 53.57542], [8.466995, 53.624628333333334], [8.301568333333334, 53.71284166666667], [8.118644999999999, 53.81370666666667], [7.9045700000000005, 53.865651666666665], [7.721085, 53.930479999999996], [7.635923333333333, 54.03080166666667], [7.530608333333333, 54.14961], [7.367486666666666, 54.20303166666667], [7.146283333333333, 54.20003333333333], [6.931766666666666, 54.20003333333333], [6.712325000000001, 54.19667833333333], [6.502393333333333, 54.193171666666665], [6.292073333333334, 54.18570833333333]]}, "properties": {"label": "MSC OLIVIA", "mmsi": "636022723", "imo": "9954761", "name": "MSC OLIVIA", "shiptype": "", "first_seen_utc": "2026-01-04T02:58:09Z", "last_seen_utc": "2026-01-13T00:53:36Z", "destination": "ANTWERP", "eta": "{'Day': 13, 'Hour': 15, 'Minute': 0, 'Month': 1}", "display": "", "links": "<a href=\"https://www.vesselfinder.com/vessels?name=9954761\" target=\"_blank\" rel=\"noopener\">VesselFinder</a> | <a href=\"https://www.marinetraffic.com/en/ais/search/all?keyword=9954761\" target=\"_blank\" rel=\"noopener\">MarineTraffic</a>", "vf_url": "https://www.vesselfinder.com/vessels?name=9954761", "mst_url": "https://www.marinetraffic.com/en/ais/search/all?keyword=9954761", "method": "v3_2pass_track3d_fromru10d", "ru_seen_in_lookback": true, "in_monitor_on_day": true}}, {"type": "Feature", "geometry": {"type": "Point", "coordinates": [6.292073333333334, 54.18570833333333]}, "properties": {"label": "MSC OLIVIA", "mmsi": "636022723", "imo": "9954761", "name": "MSC OLIVIA", "shiptype": "", "first_seen_utc": "2026-01-04T02:58:09Z", "last_seen_utc": "2026-01-13T00:53:36Z", "destination": "ANTWERP", "eta": "{'Day': 13, 'Hour': 15, 'Minute': 0, 'Month': 1}", "display": "MSC OLIVIA (636022723)", "links": "<a href=\"https://www.vesselfinder.com/vessels?name=9954761\" target=\"_blank\" rel=\"noopener\">VesselFinder</a> | <a href=\"https://www.marinetraffic.com/en/ais/search/all?keyword=9954761\" target=\"_blank\" rel=\"noopener\">MarineTraffic</a>", "vf_url": "https://www.vesselfinder.com/vessels?name=9954761", "mst_url": "https://www.marinetraffic.com/en/ais/search/all?keyword=9954761", "method": "v3_2pass_track3d_fromru10d", "ru_seen_in_lookback": true, "in_monitor_on_day": true}}, {"type": "Feature", "geometry": {"type": "LineString", "coordinates": [[10.970573333333334, 54.67226166666667], [10.875933333333334, 54.783168333333336], [10.916868333333333, 54.921976666666666], [11.037301666666668, 55.025391666666664], [11.05675, 55.156165], [11.074043333333332, 55.274458333333335], [10.993208333333333, 55.418258333333334], [10.868716666666668, 55.53288], [10.783013333333335, 55.654988333333336], [10.820333333333334, 55.78241166666667], [10.926826666666667, 55.894996666666664], [11.153941666666666, 56.08961333333333], [10.497761666666666, 57.85589], [10.240783333333333, 57.84845166666666], [9.983381666666666, 57.844385], [9.722053333333333, 57.84418], [9.51656, 57.776828333333334], [9.311691666666666, 57.708241666666666], [9.091358333333334, 57.640211666666666], [8.87501, 57.570836666666665], [8.665016666666666, 57.50363166666667], [8.452853333333334, 57.433928333333334], [8.239151666666666, 57.36252], [8.025068333333333, 57.29320666666667], [7.824443333333334, 57.22359666666667], [7.539323333333333, 57.116818333333335], [7.42485, 57.011525], [4.149613333333333, 53.9358], [3.44441, 53.30251666666666], [3.376605, 53.170185], [3.316125, 53.053419999999996], [3.2517566666666666, 52.93274333333333], [3.1458583333333334, 52.80048333333333], [3.038235, 52.67767333333334]]}, "properties": {"label": "MYD TIANJIN", "mmsi": "357787000", "imo": "9202168", "name": "MYD TIANJIN", "shiptype": "", "first_seen_utc": "2026-01-04T04:30:45Z", "last_seen_utc": "2026-01-13T03:42:46Z", "destination": "MACAS", "eta": "{'Day': 16, 'Hour': 22, 'Minute': 0, 'Month': 1}", "display": "", "links": "<a href=\"https://www.vesselfinder.com/vessels?name=9202168\" target=\"_blank\" rel=\"noopener\">VesselFinder</a> | <a href=\"https://www.marinetraffic.com/en/ais/search/all?keyword=9202168\" target=\"_blank\" rel=\"noopener\">MarineTraffic</a>", "vf_url": "https://www.vesselfinder.com/vessels?name=9202168", "mst_url": "https://www.marinetraffic.com/en/ais/search/all?keyword=9202168", "method": "v3_2pass_track3d_fromru10d", "ru_seen_in_lookback": true, "in_monitor_on_day": true}}, {"type": "Feature", "geometry": {"type": "Point", "coordinates": [3.038235, 52.67767333333334]}, "properties": {"label": "MYD TIANJIN", "mmsi": "357787000", "imo": "9202168", "name": "MYD TIANJIN", "shiptype": "", "first_seen_utc": "2026-01-04T04:30:45Z", "last_seen_utc": "2026-01-13T03:42:46Z", "destination": "MACAS", "eta": "{'Day': 16, 'Hour': 22, 'Minute': 0, 'Month': 1}", "display": "MYD TIANJIN (357787000)", "links": "<a href=\"https://www.vesselfinder.com/vessels?name=9202168\" target=\"_blank\" rel=\"noopener\">VesselFinder</a> | <a href=\"https://www.marinetraffic.com/en/ais/search/all?keyword=9202168\" target=\"_blank\" rel=\"noopener\">MarineTraffic</a>", "vf_url": "https://www.vesselfinder.com/vessels?name=9202168", "mst_url": "https://www.marinetraffic.com/en/ais/search/all?keyword=9202168", "method": "v3_2pass_track3d_fromru10d", "ru_seen_in_lookback": true, "in_monitor_on_day": true}}, {"type": "Feature", "geometry": {"type": "LineString", "coordinates": [[12.28643, 54.59871], [12.212233333333334, 54.49674], [12.091016666666667, 54.432048333333334], [11.91341, 54.42975666666667], [11.74431, 54.440978333333334], [11.585321666666665, 54.48486666666667], [11.42026, 54.53109166666666], [11.251065, 54.577205000000006], [11.078125, 54.59849333333333], [10.910393333333333, 54.63227], [10.776648333333332, 54.70036666666667], [10.833691666666665, 54.807114999999996], [10.874316666666665, 54.91942166666667], [10.987965, 55.012245], [10.990821666666667, 55.12079833333333], [11.101176666666667, 55.206300000000006], [11.043088333333333, 55.315145], [10.849486666666667, 55.550105], [10.784151666666666, 55.65326833333334], [10.810858333333334, 55.758878333333335], [10.870151666666667, 55.85897166666667], [10.496565, 57.84646166666666], [10.292693333333334, 57.835651666666664], [10.105115000000001, 57.79025166666667], [9.913356666666665, 57.73934166666666], [9.725206666666667, 57.689341666666664], [9.525806666666666, 57.64783833333333], [9.334981666666666, 57.59163], [9.154993333333334, 57.53729833333333], [8.961818333333333, 57.485553333333336], [7.366055, 54.48733166666667], [7.38054, 54.358286666666665], [7.407285, 54.23296666666667], [7.492061666666667, 54.11397], [7.54728, 54.05194166666667], [7.574113333333333, 54.02106666666667], [7.60049, 53.98943166666666], [7.628068333333333, 53.958165], [7.668893333333333, 53.92501], [7.777035, 53.88383833333333]]}, "properties": {"label": "CMA CGM MERMAID", "mmsi": "256708000", "imo": "9961283", "name": "CMA CGM MERMAID", "shiptype": "", "first_seen_utc": "2026-01-04T05:08:32Z", "last_seen_utc": "2026-01-13T03:25:34Z", "destination": "DEBRV", "eta": "{'Day': 13, 'Hour': 1, 'Minute': 45, 'Month': 1}", "display": "", "links": "<a href=\"https://www.vesselfinder.com/vessels?name=9961283\" target=\"_blank\" rel=\"noopener\">VesselFinder</a> | <a href=\"https://www.marinetraffic.com/en/ais/search/all?keyword=9961283\" target=\"_blank\" rel=\"noopener\">MarineTraffic</a>", "vf_url": "https://www.vesselfinder.com/vessels?name=9961283", "mst_url": "https://www.marinetraffic.com/en/ais/search/all?keyword=9961283", "method": "v3_2pass_track3d_fromru10d", "ru_seen_in_lookback": true, "in_monitor_on_day": true}}, {"type": "Feature", "geometry": {"type": "Point", "coordinates": [7.777035, 53.88383833333333]}, "properties": {"label": "CMA CGM MERMAID", "mmsi": "256708000", "imo": "9961283", "name": "CMA CGM MERMAID", "shiptype": "", "first_seen_utc": "2026-01-04T05:08:32Z", "last_seen_utc": "2026-01-13T03:25:34Z", "destination": "DEBRV", "eta": "{'Day': 13, 'Hour': 1, 'Minute': 45, 'Month': 1}", "display": "CMA CGM MERMAID (256708000)", "links": "<a href=\"https://www.vesselfinder.com/vessels?name=9961283\" target=\"_blank\" rel=\"noopener\">VesselFinder</a> | <a href=\"https://www.marinetraffic.com/en/ais/search/all?keyword=9961283\" target=\"_blank\" rel=\"noopener\">MarineTraffic</a>", "vf_url": "https://www.vesselfinder.com/vessels?name=9961283", "mst_url": "https://www.marinetraffic.com/en/ais/search/all?keyword=9961283", "method": "v3_2pass_track3d_fromru10d", "ru_seen_in_lookback": true, "in_monitor_on_day": true}}, {"type": "Feature", "geometry": {"type": "LineString", "coordinates": [[15.597856666666667, 55.677845000000005], [15.424115, 55.659375], [15.241073333333333, 55.62830833333333], [15.073448333333333, 55.58388166666667], [14.901283333333334, 55.53121833333333], [14.735095, 55.48386333333334], [14.576481666666666, 55.42955833333333], [14.428406666666666, 55.32505166666667], [12.465056666666667, 54.675650000000005], [12.328706666666667, 54.62196166666667], [12.238195, 54.54558], [12.185783333333335, 54.45223166666666], [12.042173333333333, 54.42641833333333], [11.882928333333332, 54.42830333333333], [11.727288333333332, 54.446355000000004], [11.578211666666666, 54.48741], [11.424588333333332, 54.52981333333333], [11.264856666666667, 54.57373833333334], [11.1067, 54.60030833333334], [10.957133333333333, 54.614760000000004], [10.860896666666667, 54.64304], [10.777883333333333, 54.68204166666667], [10.794785, 54.756861666666666], [10.837186666666666, 54.844415000000005], [10.905035, 54.94571833333334], [10.994128333333332, 55.029313333333334], [10.990173333333333, 55.127673333333334], [11.094611666666667, 55.20104166666667], [11.050456666666665, 55.29867166666667], [10.871778333333333, 55.51577833333333], [10.802668333333335, 55.613506666666666], [10.800655, 55.716585], [10.827866666666667, 55.82322], [10.944619999999999, 55.909683333333334], [10.402921666666666, 57.856388333333335], [10.183046666666666, 57.885095], [9.985071666666666, 57.87215166666667], [9.79176, 57.846914999999996], [9.603996666666665, 57.82207166666667], [9.449016666666667, 57.77041833333333], [9.289888333333332, 57.714805], [9.127555, 57.657518333333336], [8.964856666666666, 57.602176666666665], [8.808918333333335, 57.54654166666667], [8.656486666666666, 57.49182666666666], [8.505551666666667, 57.442015], [8.357285, 57.390215]]}, "properties": {"label": "ACACIA", "mmsi": "538009124", "imo": "9597642", "name": "ACACIA", "shiptype": "", "first_seen_utc": "2026-01-04T05:28:29Z", "last_seen_utc": "2026-01-13T03:44:12Z", "destination": "CISPY", "eta": "{'Day': 25, 'Hour': 12, 'Minute': 0, 'Month': 1}", "display": "", "links": "<a href=\"https://www.vesselfinder.com/vessels?name=9597642\" target=\"_blank\" rel=\"noopener\">VesselFinder</a> | <a href=\"https://www.marinetraffic.com/en/ais/search/all?keyword=9597642\" target=\"_blank\" rel=\"noopener\">MarineTraffic</a>", "vf_url": "https://www.vesselfinder.com/vessels?name=9597642", "mst_url": "https://www.marinetraffic.com/en/ais/search/all?keyword=9597642", "method": "v3_2pass_track3d_fromru10d", "ru_seen_in_lookback": true, "in_monitor_on_day": true}}, {"type": "Feature", "geometry": {"type": "Point", "coordinates": [8.357285, 57.390215]}, "properties": {"label": "ACACIA", "mmsi": "538009124", "imo": "9597642", "name": "ACACIA", "shiptype": "", "first_seen_utc": "2026-01-04T05:28:29Z", "last_seen_utc": "2026-01-13T03:44:12Z", "destination": "CISPY", "eta": "{'Day': 25, 'Hour': 12, 'Minute': 0, 'Month': 1}", "display": "ACACIA (538009124)", "links": "<a href=\"https://www.vesselfinder.com/vessels?name=9597642\" target=\"_blank\" rel=\"noopener\">VesselFinder</a> | <a href=\"https://www.marinetraffic.com/en/ais/search/all?keyword=9597642\" target=\"_blank\" rel=\"noopener\">MarineTraffic</a>", "vf_url": "https://www.vesselfinder.com/vessels?name=9597642", "mst_url": "https://www.marinetraffic.com/en/ais/search/all?keyword=9597642", "method": "v3_2pass_track3d_fromru10d", "ru_seen_in_lookback": true, "in_monitor_on_day": true}}, {"type": "Feature", "geometry": {"type": "LineString", "coordinates": [[10.276711666666667, 57.85592833333333], [10.059521666666665, 57.854931666666666], [9.84337, 57.84597], [9.644038333333333, 57.83002333333333], [9.463636666666668, 57.78079666666667], [9.28831, 57.721318333333336], [9.10405, 57.664955], [8.922036666666665, 57.599270000000004], [8.750443333333333, 57.52645166666667], [8.568403333333332, 57.46572666666667], [8.380183333333333, 57.40428], [8.209968333333332, 57.339445], [8.090628333333333, 57.243273333333335], [7.983393333333334, 57.14740333333334], [7.854821666666667, 57.028995], [3.9874666666666667, 53.85197333333333], [3.688395, 53.71237166666666], [3.595251666666667, 53.513659999999994], [3.5399183333333335, 53.42481], [3.4786216666666667, 53.32653833333333], [3.4101516666666667, 53.20163], [3.3633283333333335, 53.112208333333335], [3.3128033333333335, 53.023963333333334], [3.2620383333333334, 52.923808333333334], [3.021205, 52.647238333333334], [2.6291433333333334, 52.06614833333333], [2.6065483333333335, 51.95440833333334], [2.52613, 51.863845], [2.427541666666667, 51.776685], [2.3156616666666663, 51.70200666666666], [2.2106266666666667, 51.63033166666666], [2.109523333333333, 51.562940000000005], [2.01266, 51.493455000000004], [1.9263266666666667, 51.425443333333334], [1.86499, 51.342303333333334], [1.8039633333333331, 51.260774999999995], [1.7064549999999998, 51.19670333333333], [1.6007916666666666, 51.136335], [1.4857166666666666, 51.079224999999994], [1.364205, 51.014943333333335], [1.0618816666666666, 50.82941666666667], [0.17404999999999998, 50.530746666666666], [-0.005648333333333333, 50.49994]]}, "properties": {"label": "PLATANOS", "mmsi": "311000915", "imo": "9825477", "name": "PLATANOS", "shiptype": "", "first_seen_utc": "2026-01-04T06:41:48Z", "last_seen_utc": "2026-01-13T03:57:25Z", "destination": "SEGOT > USHOU", "eta": "{'Day': 30, 'Hour': 0, 'Minute': 0, 'Month': 1}", "display": "", "links": "<a href=\"https://www.vesselfinder.com/vessels?name=9825477\" target=\"_blank\" rel=\"noopener\">VesselFinder</a> | <a href=\"https://www.marinetraffic.com/en/ais/search/all?keyword=9825477\" target=\"_blank\" rel=\"noopener\">MarineTraffic</a>", "vf_url": "https://www.vesselfinder.com/vessels?name=9825477", "mst_url": "https://www.marinetraffic.com/en/ais/search/all?keyword=9825477", "method": "v3_2pass_track3d_fromru10d", "ru_seen_in_lookback": true, "in_monitor_on_day": true}}, {"type": "Feature", "geometry": {"type": "Point", "coordinates": [-0.005648333333333333, 50.49994]}, "properties": {"label": "PLATANOS", "mmsi": "311000915", "imo": "9825477", "name": "PLATANOS", "shiptype": "", "first_seen_utc": "2026-01-04T06:41:48Z", "last_seen_utc": "2026-01-13T03:57:25Z", "destination": "SEGOT > USHOU", "eta": "{'Day': 30, 'Hour': 0, 'Minute': 0, 'Month': 1}", "display": "PLATANOS (311000915)", "links": "<a href=\"https://www.vesselfinder.com/vessels?name=9825477\" target=\"_blank\" rel=\"noopener\">VesselFinder</a> | <a href=\"https://www.marinetraffic.com/en/ais/search/all?keyword=9825477\" target=\"_blank\" rel=\"noopener\">MarineTraffic</a>", "vf_url": "https://www.vesselfinder.com/vessels?name=9825477", "mst_url": "https://www.marinetraffic.com/en/ais/search/all?keyword=9825477", "method": "v3_2pass_track3d_fromru10d", "ru_seen_in_lookback": true, "in_monitor_on_day": true}}, {"type": "Feature", "geometry": {"type": "LineString", "coordinates": [[3.345721666666667, 53.082436666666666], [3.0623383333333334, 52.69084833333333], [2.139815, 51.58517333333334], [2.046558333333333, 51.52215833333333], [1.967185, 51.45567833333334], [1.8939316666666668, 51.38538833333334], [1.84126, 51.310845], [1.7799683333333334, 51.238935], [1.6937316666666669, 51.181976666666664], [1.6153816666666667, 51.132595], [1.545215, 51.085026666666664], [1.4779149999999999, 51.03941666666666], [1.3602483333333335, 50.957544999999996], [-0.06909833333333333, 50.48960833333333], [-0.243305, 50.45859], [-0.36676333333333333, 50.43530833333333], [-0.4813283333333333, 50.414793333333336], [-0.5941366666666668, 50.395145]]}, "properties": {"label": "EUROINTEGRITY", "mmsi": "636018917", "imo": "9410648", "name": "EUROINTEGRITY", "shiptype": "", "first_seen_utc": "2026-01-04T09:12:07Z", "last_seen_utc": "2026-01-13T03:11:29Z", "destination": "EG PSD", "eta": "{'Day': 23, 'Hour': 19, 'Minute': 0, 'Month': 2}", "display": "", "links": "<a href=\"https://www.vesselfinder.com/vessels?name=9410648\" target=\"_blank\" rel=\"noopener\">VesselFinder</a> | <a href=\"https://www.marinetraffic.com/en/ais/search/all?keyword=9410648\" target=\"_blank\" rel=\"noopener\">MarineTraffic</a>", "vf_url": "https://www.vesselfinder.com/vessels?name=9410648", "mst_url": "https://www.marinetraffic.com/en/ais/search/all?keyword=9410648", "method": "v3_2pass_track3d_fromru10d", "ru_seen_in_lookback": true, "in_monitor_on_day": true}}, {"type": "Feature", "geometry": {"type": "Point", "coordinates": [-0.5941366666666668, 50.395145]}, "properties": {"label": "EUROINTEGRITY", "mmsi": "636018917", "imo": "9410648", "name": "EUROINTEGRITY", "shiptype": "", "first_seen_utc": "2026-01-04T09:12:07Z", "last_seen_utc": "2026-01-13T03:11:29Z", "destination": "EG PSD", "eta": "{'Day': 23, 'Hour': 19, 'Minute': 0, 'Month': 2}", "display": "EUROINTEGRITY (636018917)", "links": "<a href=\"https://www.vesselfinder.com/vessels?name=9410648\" target=\"_blank\" rel=\"noopener\">VesselFinder</a> | <a href=\"https://www.marinetraffic.com/en/ais/search/all?keyword=9410648\" target=\"_blank\" rel=\"noopener\">MarineTraffic</a>", "vf_url": "https://www.vesselfinder.com/vessels?name=9410648", "mst_url": "https://www.marinetraffic.com/en/ais/search/all?keyword=9410648", "method": "v3_2pass_track3d_fromru10d", "ru_seen_in_lookback": true, "in_monitor_on_day": true}}, {"type": "Feature", "geometry": {"type": "LineString", "coordinates": [[12.21279, 54.541180000000004], [12.150133333333335, 54.45232166666666], [12.000998333333333, 54.43841833333333], [11.846843333333334, 54.438520000000004], [11.699095, 54.45641333333333], [11.557068333333332, 54.49625666666667], [11.413393333333334, 54.536435], [11.265233333333333, 54.57812666666667], [11.116765, 54.621051666666666], [10.979993333333335, 54.67325], [10.88037, 54.74286166666666], [10.875565, 54.84874], [10.94945, 54.94541666666667], [11.037883333333333, 55.028711666666666], [11.047088333333333, 55.13319833333333], [11.106141666666668, 55.224534999999996], [11.04136, 55.320521666666664], [10.827363333333333, 55.583985], [10.787928333333333, 55.677438333333335], [10.812081666666668, 55.77302833333333], [10.872925, 55.86087166666667], [10.139941666666665, 57.811278333333334], [9.982013333333333, 57.77032166666667], [9.822068333333334, 57.72288833333334], [9.655443333333332, 57.67147]]}, "properties": {"label": "LUCKY", "mmsi": "636022993", "imo": "9037305", "name": "LUCKY", "shiptype": "", "first_seen_utc": "2026-01-04T09:49:49Z", "last_seen_utc": "2026-01-13T00:05:35Z", "destination": "MA JFL", "eta": "{'Day': 19, 'Hour': 12, 'Minute': 0, 'Month': 1}", "display": "", "links": "<a href=\"https://www.vesselfinder.com/vessels?name=9037305\" target=\"_blank\" rel=\"noopener\">VesselFinder</a> | <a href=\"https://www.marinetraffic.com/en/ais/search/all?keyword=9037305\" target=\"_blank\" rel=\"noopener\">MarineTraffic</a>", "vf_url": "https://www.vesselfinder.com/vessels?name=9037305", "mst_url": "https://www.marinetraffic.com/en/ais/search/all?keyword=9037305", "method": "v3_2pass_track3d_fromru10d", "ru_seen_in_lookback": true, "in_monitor_on_day": true}}, {"type": "Feature", "geometry": {"type": "Point", "coordinates": [9.655443333333332, 57.67147]}, "properties": {"label": "LUCKY", "mmsi": "636022993", "imo": "9037305", "name": "LUCKY", "shiptype": "", "first_seen_utc": "2026-01-04T09:49:49Z", "last_seen_utc": "2026-01-13T00:05:35Z", "destination": "MA JFL", "eta": "{'Day': 19, 'Hour': 12, 'Minute': 0, 'Month': 1}", "display": "LUCKY (636022993)", "links": "<a href=\"https://www.vesselfinder.com/vessels?name=9037305\" target=\"_blank\" rel=\"noopener\">VesselFinder</a> | <a href=\"https://www.marinetraffic.com/en/ais/search/all?keyword=9037305\" target=\"_blank\" rel=\"noopener\">MarineTraffic</a>", "vf_url": "https://www.vesselfinder.com/vessels?name=9037305", "mst_url": "https://www.marinetraffic.com/en/ais/search/all?keyword=9037305", "method": "v3_2pass_track3d_fromru10d", "ru_seen_in_lookback": true, "in_monitor_on_day": true}}, {"type": "Feature", "geometry": {"type": "LineString", "coordinates": [[2.6230666666666664, 51.97589166666667], [2.051041666666667, 51.53545833333333], [1.91287, 51.44381], [1.82654, 51.340475], [1.761425, 51.233225], [1.646245, 51.15562166666667], [1.5148866666666665, 51.09252], [-0.48706333333333335, 50.50486333333333], [-0.6114983333333334, 50.49599833333333], [-0.7276533333333333, 50.48826833333333], [-0.8517533333333334, 50.47577666666667], [-0.9774983333333334, 50.46129166666666], [-1.4909483333333333, 50.398514999999996], [-1.7794750000000001, 50.372409999999995], [-1.92139, 50.354935], [-2.3738099999999998, 50.345425], [-2.204588333333333, 50.367203333333336], [-2.064365, 50.38367], [-1.9085666666666665, 50.398873333333334], [-1.7425566666666665, 50.4145], [-1.565585, 50.431695], [-1.382005, 50.45055333333333], [-1.2006483333333333, 50.466923333333334], [-1.049215, 50.52675], [-0.9768116666666666, 50.61928833333333], [-1.0025516666666667, 50.71673666666666], [-1.2242783333333334, 50.764246666666665], [-1.3254516666666667, 50.842636666666664], [-1.4122383333333335, 50.89322666666667], [-1.4207266666666667, 50.893431666666665], [-1.4207216666666667, 50.893413333333335], [-1.4207633333333334, 50.89342333333333], [-1.4207383333333332, 50.89341833333334], [-1.4207083333333335, 50.89341666666667], [-1.4207466666666666, 50.89339333333333], [-1.4207366666666668, 50.89342666666666], [-1.4206916666666667, 50.893425], [-1.4206833333333333, 50.893413333333335], [-1.4207183333333333, 50.893415], [-1.4207166666666666, 50.89340333333334], [-1.4207416666666668, 50.89340833333333], [-1.4207500000000002, 50.893391666666666], [-1.4207283333333334, 50.89345333333333], [-1.4207216666666667, 50.893411666666665], [-1.4206866666666669, 50.89338333333333], [-1.4207299999999998, 50.893413333333335], [-1.4207133333333333, 50.89342166666667], [-1.4207299999999998, 50.89339], [-1.4207233333333333, 50.89339833333334], [-1.4207216666666667, 50.893436666666666], [-1.4207216666666667, 50.89342666666666], [-1.42071, 50.893413333333335], [-1.4207016666666665, 50.893413333333335], [-1.420745, 50.89339333333333], [-1.4207283333333334, 50.89338166666666], [-1.420705, 50.89342833333333], [-1.4207216666666667, 50.89341833333334], [-1.4207466666666666, 50.893405], [-1.4207466666666666, 50.89339], [-1.4207500000000002, 50.89338], [-1.4207583333333333, 50.89339666666667], [-1.4207333333333334, 50.8934], [-1.4207483333333333, 50.89341], [-1.4207166666666666, 50.89342666666666], [-1.4207383333333332, 50.89337833333333], [-1.4207016666666665, 50.89342666666666], [-1.4207316666666665, 50.89340666666667], [-1.42071, 50.893411666666665], [-1.4207150000000002, 50.893435], [-1.4207533333333333, 50.893391666666666]]}, "properties": {"label": "EDDYSTONE", "mmsi": "235507000", "imo": "9234070", "name": "EDDYSTONE", "shiptype": "", "first_seen_utc": "2026-01-04T11:32:15Z", "last_seen_utc": "2026-01-13T03:31:57Z", "destination": "GB SOU", "eta": "{'Day': 12, 'Hour': 4, 'Minute': 15, 'Month': 1}", "display": "", "links": "<a href=\"https://www.vesselfinder.com/vessels?name=9234070\" target=\"_blank\" rel=\"noopener\">VesselFinder</a> | <a href=\"https://www.marinetraffic.com/en/ais/search/all?keyword=9234070\" target=\"_blank\" rel=\"noopener\">MarineTraffic</a>", "vf_url": "https://www.vesselfinder.com/vessels?name=9234070", "mst_url": "https://www.marinetraffic.com/en/ais/search/all?keyword=9234070", "method": "v3_2pass_track3d_fromru10d", "ru_seen_in_lookback": true, "in_monitor_on_day": true}}, {"type": "Feature", "geometry": {"type": "Point", "coordinates": [-1.4207533333333333, 50.893391666666666]}, "properties": {"label": "EDDYSTONE", "mmsi": "235507000", "imo": "9234070", "name": "EDDYSTONE", "shiptype": "", "first_seen_utc": "2026-01-04T11:32:15Z", "last_seen_utc": "2026-01-13T03:31:57Z", "destination": "GB SOU", "eta": "{'Day': 12, 'Hour': 4, 'Minute': 15, 'Month': 1}", "display": "EDDYSTONE (235507000)", "links": "<a href=\"https://www.vesselfinder.com/vessels?name=9234070\" target=\"_blank\" rel=\"noopener\">VesselFinder</a> | <a href=\"https://www.marinetraffic.com/en/ais/search/all?keyword=9234070\" target=\"_blank\" rel=\"noopener\">MarineTraffic</a>", "vf_url": "https://www.vesselfinder.com/vessels?name=9234070", "mst_url": "https://www.marinetraffic.com/en/ais/search/all?keyword=9234070", "method": "v3_2pass_track3d_fromru10d", "ru_seen_in_lookback": true, "in_monitor_on_day": true}}, {"type": "Feature", "geometry": {"type": "LineString", "coordinates": [[18.711251666666666, 54.38806666666667], [18.711251666666666, 54.388090000000005], [18.711243333333336, 54.388086666666666], [18.711265, 54.388088333333336], [18.711235, 54.388083333333334], [18.711255, 54.388075], [18.711243333333336, 54.388088333333336], [18.711265, 54.388079999999995], [18.71124, 54.388083333333334], [18.71125, 54.38807333333333], [18.711236666666665, 54.38807666666666], [18.711268333333333, 54.388090000000005], [18.711255, 54.38806833333333], [18.711236666666665, 54.388101666666664], [18.711236666666665, 54.38811833333333], [18.711261666666665, 54.38810333333333], [18.71122666666667, 54.388065], [18.71124166666667, 54.388083333333334], [18.711278333333333, 54.388083333333334], [18.71126333333333, 54.38807666666666], [18.71127166666667, 54.3881], [18.711276666666667, 54.38811333333333], [18.71128666666667, 54.38809333333334], [18.711251666666666, 54.388090000000005], [18.711246666666668, 54.388105], [18.711268333333333, 54.388086666666666], [18.711251666666666, 54.388083333333334], [18.711225000000002, 54.388075], [18.711243333333336, 54.388075], [18.711233333333332, 54.388101666666664], [18.711251666666666, 54.388101666666664], [18.71128, 54.388055], [18.711246666666668, 54.388079999999995], [18.711246666666668, 54.388090000000005], [18.71122666666667, 54.38811833333333], [18.711261666666665, 54.38809333333334], [18.711246666666668, 54.388083333333334], [18.711246666666668, 54.38809333333334], [18.711256666666667, 54.38809333333334], [18.711233333333332, 54.388079999999995], [18.711261666666665, 54.388085000000004], [18.711258333333333, 54.38805833333333], [18.711265, 54.38809666666667], [18.71127166666667, 54.38809333333334], [18.711245, 54.38808166666667], [18.71123, 54.388086666666666], [18.71125, 54.38806833333333], [18.711261666666665, 54.388086666666666], [18.71125333333333, 54.388086666666666], [18.71121833333333, 54.38810333333333], [18.71127166666667, 54.388065], [18.711216666666665, 54.38809666666667], [18.71122666666667, 54.38809666666667], [18.71125, 54.388079999999995], [18.711231666666666, 54.38807833333333], [18.711251666666666, 54.388075], [18.71123833333333, 54.38807166666666], [18.71123, 54.38809833333333], [18.71123833333333, 54.388088333333336], [18.71122666666667, 54.38809333333334], [18.711223333333333, 54.38807], [18.711236666666665, 54.388090000000005], [18.711258333333333, 54.38805333333333], [18.711255, 54.38807], [18.711266666666667, 54.388115], [18.735881666666668, 54.40073333333333], [18.877975, 54.423930000000006], [19.032913333333333, 54.50509], [19.10953, 54.64623666666667], [18.973276666666667, 54.779181666666666], [18.75500333333333, 54.87954333333333], [18.518925000000003, 54.98473166666667], [12.475345, 54.68197], [12.326753333333333, 54.626063333333335], [12.254508333333332, 54.573793333333334], [12.186493333333335, 54.454101666666666], [11.967295, 54.44128666666666]]}, "properties": {"label": "OOCL SWEDEN", "mmsi": "477949300", "imo": "9922603", "name": "OOCL SWEDEN", "shiptype": "", "first_seen_utc": "2026-01-04T12:38:32Z", "last_seen_utc": "2026-01-13T03:44:18Z", "destination": "PLGDN>DEWVN", "eta": "{'Day': 14, 'Hour': 14, 'Minute': 0, 'Month': 1}", "display": "", "links": "<a href=\"https://www.vesselfinder.com/vessels?name=9922603\" target=\"_blank\" rel=\"noopener\">VesselFinder</a> | <a href=\"https://www.marinetraffic.com/en/ais/search/all?keyword=9922603\" target=\"_blank\" rel=\"noopener\">MarineTraffic</a>", "vf_url": "https://www.vesselfinder.com/vessels?name=9922603", "mst_url": "https://www.marinetraffic.com/en/ais/search/all?keyword=9922603", "method": "v3_2pass_track3d_fromru10d", "ru_seen_in_lookback": true, "in_monitor_on_day": true}}, {"type": "Feature", "geometry": {"type": "Point", "coordinates": [11.967295, 54.44128666666666]}, "properties": {"label": "OOCL SWEDEN", "mmsi": "477949300", "imo": "9922603", "name": "OOCL SWEDEN", "shiptype": "", "first_seen_utc": "2026-01-04T12:38:32Z", "last_seen_utc": "2026-01-13T03:44:18Z", "destination": "PLGDN>DEWVN", "eta": "{'Day': 14, 'Hour': 14, 'Minute': 0, 'Month': 1}", "display": "OOCL SWEDEN (477949300)", "links": "<a href=\"https://www.vesselfinder.com/vessels?name=9922603\" target=\"_blank\" rel=\"noopener\">VesselFinder</a> | <a href=\"https://www.marinetraffic.com/en/ais/search/all?keyword=9922603\" target=\"_blank\" rel=\"noopener\">MarineTraffic</a>", "vf_url": "https://www.vesselfinder.com/vessels?name=9922603", "mst_url": "https://www.marinetraffic.com/en/ais/search/all?keyword=9922603", "method": "v3_2pass_track3d_fromru10d", "ru_seen_in_lookback": true, "in_monitor_on_day": true}}, {"type": "Feature", "geometry": {"type": "LineString", "coordinates": [[12.293873333333332, 54.60592], [12.220475, 54.512616666666666], [12.124310000000001, 54.435835], [11.956743333333332, 54.431841666666664], [11.785395, 54.43004833333334], [11.628504999999999, 54.47165], [11.474066666666666, 54.516976666666665], [11.311933333333334, 54.56250166666667], [11.142375, 54.606840000000005], [10.958195, 54.59768999999999], [10.774976666666667, 54.584936666666664], [10.411735, 54.52691166666667], [10.308911666666667, 54.52497833333334], [10.296416666666666, 54.528655], [10.29757, 54.53000333333333], [10.297495, 54.53019], [10.29758, 54.53022833333333], [10.297455000000001, 54.53031166666666], [10.297188333333334, 54.53073666666667], [10.297296666666666, 54.53060166666667], [10.297336666666666, 54.530591666666666], [10.297173333333335, 54.530701666666666], [10.297151666666668, 54.53066333333334], [10.296435, 54.53114], [10.296001666666665, 54.531258333333334], [10.295666666666667, 54.53141], [10.295185, 54.53144833333333], [10.295216666666667, 54.531483333333334], [10.294445, 54.531438333333334], [10.294386666666666, 54.53149], [10.294481666666666, 54.531528333333334], [10.294251666666666, 54.53156333333333], [10.293843333333333, 54.531486666666666], [10.294408333333333, 54.531705], [10.294366666666667, 54.53169333333334], [10.294401666666666, 54.53169666666667], [10.294084999999999, 54.53169833333333], [10.294278333333333, 54.53178666666667], [10.293916666666666, 54.53189], [10.293935000000001, 54.53189], [10.293141666666665, 54.531778333333335], [10.292623333333333, 54.53180666666666], [10.29258, 54.53180833333333], [10.292306666666667, 54.531705], [10.292613333333332, 54.53184666666667], [10.292444999999999, 54.53192333333333], [10.292586666666667, 54.53196666666667], [10.292570000000001, 54.532005000000005], [10.292399999999999, 54.531965], [10.292831666666666, 54.532109999999996], [10.292750000000002, 54.532088333333334], [10.292718333333333, 54.53207166666667], [10.292171666666666, 54.531865], [10.292225, 54.531915000000005], [10.291798333333332, 54.531675], [10.295715, 54.5151], [10.231705, 54.44752666666667], [10.18024, 54.375535], [10.142968333333332, 54.36607333333333], [10.142971666666666, 54.36607], [10.126811666666667, 54.36817333333333], [10.049209999999999, 54.35966333333333], [9.985963333333332, 54.34556833333333], [9.903441666666668, 54.34965], [9.809923333333334, 54.363535], [9.727758333333332, 54.330513333333336], [9.671275000000001, 54.29175], [9.615855, 54.24883166666667], [9.566003333333333, 54.20518833333333], [9.507803333333333, 54.187565], [9.418948333333333, 54.16537166666667], [9.336688333333333, 54.13606666666667], [9.319533333333334, 54.08121166666667], [9.303216666666666, 54.04062166666667], [9.289055, 53.993453333333335], [9.231771666666667, 53.94802833333333], [9.169948333333334, 53.907363333333336], [9.145825, 53.89456333333333], [9.142078333333334, 53.892723333333336], [8.994793333333332, 53.853613333333335], [7.843088333333333, 54.097676666666665], [7.6999200000000005, 54.142466666666664]]}, "properties": {"label": "BC ARMONIA", "mmsi": "352003881", "imo": "9706334", "name": "BC ARMONIA", "shiptype": "", "first_seen_utc": "2026-01-04T12:52:58Z", "last_seen_utc": "2026-01-13T03:39:44Z", "destination": "ES LPA", "eta": "{'Day': 20, 'Hour': 5, 'Minute': 0, 'Month': 1}", "display": "", "links": "<a href=\"https://www.vesselfinder.com/vessels?name=9706334\" target=\"_blank\" rel=\"noopener\">VesselFinder</a> | <a href=\"https://www.marinetraffic.com/en/ais/search/all?keyword=9706334\" target=\"_blank\" rel=\"noopener\">MarineTraffic</a>", "vf_url": "https://www.vesselfinder.com/vessels?name=9706334", "mst_url": "https://www.marinetraffic.com/en/ais/search/all?keyword=9706334", "method": "v3_2pass_track3d_fromru10d", "ru_seen_in_lookback": true, "in_monitor_on_day": true}}, {"type": "Feature", "geometry": {"type": "Point", "coordinates": [7.6999200000000005, 54.142466666666664]}, "properties": {"label": "BC ARMONIA", "mmsi": "352003881", "imo": "9706334", "name": "BC ARMONIA", "shiptype": "", "first_seen_utc": "2026-01-04T12:52:58Z", "last_seen_utc": "2026-01-13T03:39:44Z", "destination": "ES LPA", "eta": "{'Day': 20, 'Hour': 5, 'Minute': 0, 'Month': 1}", "display": "BC ARMONIA (352003881)", "links": "<a href=\"https://www.vesselfinder.com/vessels?name=9706334\" target=\"_blank\" rel=\"noopener\">VesselFinder</a> | <a href=\"https://www.marinetraffic.com/en/ais/search/all?keyword=9706334\" target=\"_blank\" rel=\"noopener\">MarineTraffic</a>", "vf_url": "https://www.vesselfinder.com/vessels?name=9706334", "mst_url": "https://www.marinetraffic.com/en/ais/search/all?keyword=9706334", "method": "v3_2pass_track3d_fromru10d", "ru_seen_in_lookback": true, "in_monitor_on_day": true}}, {"type": "Feature", "geometry": {"type": "LineString", "coordinates": [[19.065005, 54.90066], [19.038935, 54.84352666666667], [19.008111666666665, 54.784279999999995], [18.975311666666666, 54.72761166666667], [18.934124999999998, 54.670985], [18.891963333333333, 54.614826666666666], [18.833408333333335, 54.565245], [18.766358333333336, 54.51882], [18.704651666666667, 54.47692833333333], [18.671948333333333, 54.456871666666665], [18.671131666666668, 54.45543166666666], [18.671358333333334, 54.455481666666664], [18.671583333333334, 54.45557833333333], [18.67128166666667, 54.455463333333334], [18.671296666666667, 54.45547833333333], [18.671555, 54.45556166666667], [18.671325000000003, 54.45548333333333], [18.67157166666667, 54.45556833333333], [18.6712, 54.45548333333333], [18.67086833333333, 54.45538333333333], [18.666908333333332, 54.44662833333334], [18.661189999999998, 54.40917833333333], [18.670286666666666, 54.390724999999996], [18.66722, 54.38696166666667], [18.66751, 54.38711833333333], [18.667493333333333, 54.38714], [18.667481666666667, 54.38713333333333], [18.667475000000003, 54.38714166666667], [18.66749666666667, 54.38715], [18.667468333333332, 54.38714], [18.667495, 54.38715166666667], [18.667486666666665, 54.38713166666666], [18.66749, 54.38712666666667], [18.667520000000003, 54.38714], [18.667469999999998, 54.38715333333334], [18.66748, 54.38713166666666], [18.66748833333333, 54.38711333333333], [18.667478333333335, 54.387145000000004], [18.667505000000002, 54.387146666666666], [18.667514999999998, 54.38715833333333], [18.667526666666667, 54.38715666666667], [18.66751, 54.387146666666666], [18.667513333333332, 54.38713], [18.6675, 54.387134999999994], [18.667514999999998, 54.38711833333333], [18.667485, 54.387123333333335], [18.667471666666664, 54.38713833333334], [18.66748833333333, 54.38713666666667], [18.667483333333333, 54.387123333333335], [18.66749, 54.387143333333334], [18.66749666666667, 54.38712833333333]]}, "properties": {"label": "RADUGA ALTAIR", "mmsi": "210561000", "imo": "9338773", "name": "RADUGA ALTAIR", "shiptype": "", "first_seen_utc": "2026-01-04T13:48:18Z", "last_seen_utc": "2026-01-13T04:00:06Z", "destination": "PLGDN", "eta": "{'Day': 12, 'Hour': 7, 'Minute': 0, 'Month': 1}", "display": "", "links": "<a href=\"https://www.vesselfinder.com/vessels?name=9338773\" target=\"_blank\" rel=\"noopener\">VesselFinder</a> | <a href=\"https://www.marinetraffic.com/en/ais/search/all?keyword=9338773\" target=\"_blank\" rel=\"noopener\">MarineTraffic</a>", "vf_url": "https://www.vesselfinder.com/vessels?name=9338773", "mst_url": "https://www.marinetraffic.com/en/ais/search/all?keyword=9338773", "method": "v3_2pass_track3d_fromru10d", "ru_seen_in_lookback": true, "in_monitor_on_day": true}}, {"type": "Feature", "geometry": {"type": "Point", "coordinates": [18.66749666666667, 54.38712833333333]}, "properties": {"label": "RADUGA ALTAIR", "mmsi": "210561000", "imo": "9338773", "name": "RADUGA ALTAIR", "shiptype": "", "first_seen_utc": "2026-01-04T13:48:18Z", "last_seen_utc": "2026-01-13T04:00:06Z", "destination": "PLGDN", "eta": "{'Day': 12, 'Hour': 7, 'Minute': 0, 'Month': 1}", "display": "RADUGA ALTAIR (210561000)", "links": "<a href=\"https://www.vesselfinder.com/vessels?name=9338773\" target=\"_blank\" rel=\"noopener\">VesselFinder</a> | <a href=\"https://www.marinetraffic.com/en/ais/search/all?keyword=9338773\" target=\"_blank\" rel=\"noopener\">MarineTraffic</a>", "vf_url": "https://www.vesselfinder.com/vessels?name=9338773", "mst_url": "https://www.marinetraffic.com/en/ais/search/all?keyword=9338773", "method": "v3_2pass_track3d_fromru10d", "ru_seen_in_lookback": true, "in_monitor_on_day": true}}, {"type": "Feature", "geometry": {"type": "LineString", "coordinates": [[10.447683333333334, 57.85156], [10.184953333333334, 57.850138333333334], [9.997998333333333, 57.850249999999996], [9.820943333333334, 57.84968333333334], [9.655813333333333, 57.83670333333334], [9.501506666666668, 57.80037166666667], [9.355791666666667, 57.74813166666667], [9.218150000000001, 57.69791333333333], [9.069858333333334, 57.64524333333333], [8.922318333333333, 57.591046666666664], [8.778606666666667, 57.539274999999996], [8.634506666666665, 57.48788833333333], [8.435528333333334, 57.41303833333333], [8.29617, 57.36288166666667], [8.143428333333334, 57.32589333333333], [8.068655, 57.255493333333334], [7.989953333333333, 57.17065], [7.92046, 57.090469999999996], [7.853213333333333, 56.993588333333335], [3.208118333333333, 52.86027166666667], [3.1398900000000003, 52.78117833333333]]}, "properties": {"label": "HORIZON DREAM", "mmsi": "354056000", "imo": "9310422", "name": "HORIZON DREAM", "shiptype": "", "first_seen_utc": "2026-01-04T17:01:31Z", "last_seen_utc": "2026-01-13T02:41:45Z", "destination": "EMBA,TR", "eta": "{'Day': 26, 'Hour': 12, 'Minute': 0, 'Month': 1}", "display": "", "links": "<a href=\"https://www.vesselfinder.com/vessels?name=9310422\" target=\"_blank\" rel=\"noopener\">VesselFinder</a> | <a href=\"https://www.marinetraffic.com/en/ais/search/all?keyword=9310422\" target=\"_blank\" rel=\"noopener\">MarineTraffic</a>", "vf_url": "https://www.vesselfinder.com/vessels?name=9310422", "mst_url": "https://www.marinetraffic.com/en/ais/search/all?keyword=9310422", "method": "v3_2pass_track3d_fromru10d", "ru_seen_in_lookback": true, "in_monitor_on_day": true}}, {"type": "Feature", "geometry": {"type": "Point", "coordinates": [3.1398900000000003, 52.78117833333333]}, "properties": {"label": "HORIZON DREAM", "mmsi": "354056000", "imo": "9310422", "name": "HORIZON DREAM", "shiptype": "", "first_seen_utc": "2026-01-04T17:01:31Z", "last_seen_utc": "2026-01-13T02:41:45Z", "destination": "EMBA,TR", "eta": "{'Day': 26, 'Hour': 12, 'Minute': 0, 'Month': 1}", "display": "HORIZON DREAM (354056000)", "links": "<a href=\"https://www.vesselfinder.com/vessels?name=9310422\" target=\"_blank\" rel=\"noopener\">VesselFinder</a> | <a href=\"https://www.marinetraffic.com/en/ais/search/all?keyword=9310422\" target=\"_blank\" rel=\"noopener\">MarineTraffic</a>", "vf_url": "https://www.vesselfinder.com/vessels?name=9310422", "mst_url": "https://www.marinetraffic.com/en/ais/search/all?keyword=9310422", "method": "v3_2pass_track3d_fromru10d", "ru_seen_in_lookback": true, "in_monitor_on_day": true}}, {"type": "Feature", "geometry": {"type": "LineString", "coordinates": [[10.49611, 57.856028333333335], [10.282828333333333, 57.85662833333333], [10.071811666666667, 57.853163333333335], [9.861948333333334, 57.85368666666667], [9.65226, 57.84641166666667], [9.495061666666667, 57.78882833333333], [9.335403333333334, 57.72656833333333], [9.17061, 57.67109333333334], [8.988385, 57.614423333333335], [8.816026666666666, 57.547088333333335], [8.62286, 57.48948333333333], [8.439905, 57.41748], [8.222064999999999, 57.35176166666667], [8.022351666666667, 57.30548833333333], [7.85539, 57.24823166666667], [7.714246666666667, 57.15938333333334], [4.404165000000001, 54.06543166666667], [4.119983333333334, 53.920503333333336], [3.833935, 53.78774666666666], [3.549046666666667, 53.47239666666667], [2.646851666666667, 52.14107666666666], [2.6288316666666662, 52.04342333333333], [2.614408333333333, 51.945386666666664], [2.5592016666666666, 51.85664333333333], [2.45771, 51.780409999999996], [2.352275, 51.702396666666665], [2.24998, 51.627001666666665], [2.148755, 51.55363166666667], [2.0482733333333334, 51.47962666666667], [1.9789016666666666, 51.397425], [2.1128466666666665, 51.33205833333333], [2.2704, 51.30828333333333], [2.387176666666667, 51.33584833333334], [2.4915733333333336, 51.36388833333333], [2.624913333333333, 51.377336666666665], [2.6659583333333337, 51.40625333333333]]}, "properties": {"label": "BORDEIRA", "mmsi": "229336000", "imo": "9529499", "name": "BORDEIRA", "shiptype": "", "first_seen_utc": "2026-01-05T00:34:38Z", "last_seen_utc": "2026-01-13T03:38:47Z", "destination": "BE ANR", "eta": "{'Day': 13, 'Hour': 3, 'Minute': 0, 'Month': 1}", "display": "", "links": "<a href=\"https://www.vesselfinder.com/vessels?name=9529499\" target=\"_blank\" rel=\"noopener\">VesselFinder</a> | <a href=\"https://www.marinetraffic.com/en/ais/search/all?keyword=9529499\" target=\"_blank\" rel=\"noopener\">MarineTraffic</a>", "vf_url": "https://www.vesselfinder.com/vessels?name=9529499", "mst_url": "https://www.marinetraffic.com/en/ais/search/all?keyword=9529499", "method": "v3_2pass_track3d_fromru10d", "ru_seen_in_lookback": true, "in_monitor_on_day": true}}, {"type": "Feature", "geometry": {"type": "Point", "coordinates": [2.6659583333333337, 51.40625333333333]}, "properties": {"label": "BORDEIRA", "mmsi": "229336000", "imo": "9529499", "name": "BORDEIRA", "shiptype": "", "first_seen_utc": "2026-01-05T00:34:38Z", "last_seen_utc": "2026-01-13T03:38:47Z", "destination": "BE ANR", "eta": "{'Day': 13, 'Hour': 3, 'Minute': 0, 'Month': 1}", "display": "BORDEIRA (229336000)", "links": "<a href=\"https://www.vesselfinder.com/vessels?name=9529499\" target=\"_blank\" rel=\"noopener\">VesselFinder</a> | <a href=\"https://www.marinetraffic.com/en/ais/search/all?keyword=9529499\" target=\"_blank\" rel=\"noopener\">MarineTraffic</a>", "vf_url": "https://www.vesselfinder.com/vessels?name=9529499", "mst_url": "https://www.marinetraffic.com/en/ais/search/all?keyword=9529499", "method": "v3_2pass_track3d_fromru10d", "ru_seen_in_lookback": true, "in_monitor_on_day": true}}, {"type": "Feature", "geometry": {"type": "LineString", "coordinates": [[18.86930166666667, 54.47242333333334], [18.874498333333335, 54.48297166666667], [18.876910000000002, 54.490625], [18.886464999999998, 54.497971666666665], [18.870075, 54.47725333333334], [18.860625000000002, 54.46845666666666], [18.869365000000002, 54.47741], [18.87793, 54.48566666666667], [18.886341666666667, 54.49314833333334], [18.891923333333335, 54.497515], [18.89408166666667, 54.49027], [18.888903333333335, 54.480043333333334], [18.88356, 54.46938], [18.88282, 54.4718], [18.887558333333335, 54.48469166666666], [18.885848333333335, 54.494375], [18.87942333333333, 54.47154166666667], [18.881089999999997, 54.47311666666667], [18.859331666666666, 54.43715666666667], [18.851613333333333, 54.441691666666664], [18.851696666666665, 54.44168166666667], [18.851671666666668, 54.44171166666667], [18.85183333333333, 54.44157166666666], [18.85199833333333, 54.441541666666666], [18.852256666666666, 54.441538333333334], [18.85198666666667, 54.44146], [18.852173333333333, 54.44142333333333], [18.851943333333335, 54.441408333333335], [18.852005000000002, 54.44130166666666], [18.85217, 54.441275000000005], [18.85235833333333, 54.44127833333334], [18.851881666666667, 54.44122], [18.852341666666668, 54.441255], [18.851995, 54.44121833333334], [18.851999999999997, 54.44121333333333], [18.852196666666668, 54.44124166666666], [18.851906666666665, 54.44122166666667], [18.852328333333332, 54.44123333333334], [18.851945, 54.44123666666667], [18.851951666666665, 54.441293333333334], [18.85202, 54.441246666666665], [18.851398333333336, 54.44128], [18.851331666666667, 54.44128333333333], [18.851106666666666, 54.44136833333334], [18.851085, 54.441445], [18.850703333333335, 54.44161666666666], [18.851016666666666, 54.44152666666666], [18.851163333333332, 54.44137333333333], [18.850313333333336, 54.44175833333334], [18.850295000000003, 54.44192833333333], [18.849929999999997, 54.44243166666667], [18.849881666666665, 54.442523333333334], [18.850058333333333, 54.44286], [18.850306666666665, 54.443054999999994], [18.850993333333335, 54.44335], [18.851323333333333, 54.443374999999996], [18.85146, 54.443329999999996], [18.851, 54.44300166666667], [18.849980000000002, 54.442395000000005], [18.850216666666665, 54.44195666666667], [18.85279166666667, 54.44147833333333], [18.852518333333332, 54.44139166666666], [18.852436666666666, 54.44135333333334], [18.852314999999997, 54.44134], [18.85270166666667, 54.441405], [18.85269, 54.441383333333334], [18.852590000000003, 54.441361666666666], [18.852565000000002, 54.44134833333333], [18.85282, 54.441435], [18.852948333333334, 54.44152666666666], [18.853071666666665, 54.441588333333335], [18.85306166666667, 54.44159666666667], [18.853085, 54.441604999999996], [18.853175, 54.44170666666666], [18.85338833333333, 54.441805], [18.853036666666664, 54.44168166666667], [18.835195, 54.43702666666666], [18.772571666666668, 54.41292333333333], [18.707476666666665, 54.39665], [18.707176666666665, 54.396335], [18.70717833333333, 54.39633], [18.707168333333335, 54.39631833333333], [18.70716666666667, 54.396323333333335], [18.70716, 54.39632166666667], [18.70716666666667, 54.39633166666667], [18.70716333333333, 54.39633666666667], [18.70718833333333, 54.39635], [18.707125, 54.396348333333336], [18.707150000000002, 54.396341666666665], [18.707168333333335, 54.396364999999996], [18.707136666666667, 54.39633666666667], [18.707155, 54.396348333333336], [18.707176666666665, 54.396345], [18.707215, 54.39635166666667], [18.70716, 54.39633166666667], [18.707185, 54.39634], [18.70719666666667, 54.39633], [18.707173333333333, 54.396346666666666]]}, "properties": {"label": "DREAM TERRAX", "mmsi": "538008844", "imo": "9875719", "name": "DREAM TERRAX", "shiptype": "", "first_seen_utc": "2026-01-05T02:05:41Z", "last_seen_utc": "2026-01-13T03:49:03Z", "destination": "PL GDN>SE KAN", "eta": "{'Day': 14, 'Hour': 3, 'Minute': 0, 'Month': 1}", "display": "", "links": "<a href=\"https://www.vesselfinder.com/vessels?name=9875719\" target=\"_blank\" rel=\"noopener\">VesselFinder</a> | <a href=\"https://www.marinetraffic.com/en/ais/search/all?keyword=9875719\" target=\"_blank\" rel=\"noopener\">MarineTraffic</a>", "vf_url": "https://www.vesselfinder.com/vessels?name=9875719", "mst_url": "https://www.marinetraffic.com/en/ais/search/all?keyword=9875719", "method": "v3_2pass_track3d_fromru10d", "ru_seen_in_lookback": true, "in_monitor_on_day": true}}, {"type": "Feature", "geometry": {"type": "Point", "coordinates": [18.707173333333333, 54.396346666666666]}, "properties": {"label": "DREAM TERRAX", "mmsi": "538008844", "imo": "9875719", "name": "DREAM TERRAX", "shiptype": "", "first_seen_utc": "2026-01-05T02:05:41Z", "last_seen_utc": "2026-01-13T03:49:03Z", "destination": "PL GDN>SE KAN", "eta": "{'Day': 14, 'Hour': 3, 'Minute': 0, 'Month': 1}", "display": "DREAM TERRAX (538008844)", "links": "<a href=\"https://www.vesselfinder.com/vessels?name=9875719\" target=\"_blank\" rel=\"noopener\">VesselFinder</a> | <a href=\"https://www.marinetraffic.com/en/ais/search/all?keyword=9875719\" target=\"_blank\" rel=\"noopener\">MarineTraffic</a>", "vf_url": "https://www.vesselfinder.com/vessels?name=9875719", "mst_url": "https://www.marinetraffic.com/en/ais/search/all?keyword=9875719", "method": "v3_2pass_track3d_fromru10d", "ru_seen_in_lookback": true, "in_monitor_on_day": true}}, {"type": "Feature", "geometry": {"type": "LineString", "coordinates": [[18.801848333333332, 54.60375], [18.801753333333334, 54.60373166666667], [18.877956666666666, 54.58410833333333], [18.993831666666665, 54.619791666666664], [19.035196666666664, 54.67185666666667], [19.01513333333333, 54.644915], [18.971146666666666, 54.64015166666666], [18.938253333333332, 54.645788333333336], [18.922023333333335, 54.66495333333333], [18.906211666666664, 54.68445333333333], [18.895806666666665, 54.708774999999996], [18.862285, 54.71991833333333], [18.843095, 54.734775], [18.883155, 54.71990166666667], [18.92781, 54.705618333333334], [18.957136666666667, 54.68066833333333], [18.978301666666667, 54.65476], [18.985186666666667, 54.63905833333333], [18.990276666666666, 54.63848666666667], [18.89471166666667, 54.604805000000006], [18.795335, 54.593669999999996], [18.802970000000002, 54.60189833333333], [18.80294, 54.601890000000004], [18.80295166666667, 54.60189833333333], [18.80358, 54.600321666666666], [18.803536666666666, 54.600325], [18.802031666666668, 54.60349], [18.80204666666667, 54.603475], [18.80203, 54.603485], [18.802008333333333, 54.603478333333335], [18.802039999999998, 54.60348333333333], [18.802014999999997, 54.60348333333333], [18.80204666666667, 54.60348833333333], [18.802031666666668, 54.60348166666667], [18.802011666666665, 54.603496666666665], [18.80202166666667, 54.603494999999995], [18.80201, 54.60349333333333], [18.802011666666665, 54.603485], [18.802025, 54.60349166666666], [18.802005, 54.603485], [18.802039999999998, 54.603475], [18.802005, 54.60348833333333], [18.802035, 54.60346333333334], [18.80201333333333, 54.60349]]}, "properties": {"label": "HEL-111", "mmsi": "261001870", "imo": "7906021", "name": "HEL-111", "shiptype": "", "first_seen_utc": "2026-01-05T07:57:45Z", "last_seen_utc": "2026-01-13T03:52:33Z", "destination": "HEL", "eta": "{'Day': 12, 'Hour': 17, 'Minute': 30, 'Month': 1}", "display": "", "links": "<a href=\"https://www.vesselfinder.com/vessels?name=7906021\" target=\"_blank\" rel=\"noopener\">VesselFinder</a> | <a href=\"https://www.marinetraffic.com/en/ais/search/all?keyword=7906021\" target=\"_blank\" rel=\"noopener\">MarineTraffic</a>", "vf_url": "https://www.vesselfinder.com/vessels?name=7906021", "mst_url": "https://www.marinetraffic.com/en/ais/search/all?keyword=7906021", "method": "v3_2pass_track3d_fromru10d", "ru_seen_in_lookback": true, "in_monitor_on_day": true}}, {"type": "Feature", "geometry": {"type": "Point", "coordinates": [18.80201333333333, 54.60349]}, "properties": {"label": "HEL-111", "mmsi": "261001870", "imo": "7906021", "name": "HEL-111", "shiptype": "", "first_seen_utc": "2026-01-05T07:57:45Z", "last_seen_utc": "2026-01-13T03:52:33Z", "destination": "HEL", "eta": "{'Day': 12, 'Hour': 17, 'Minute': 30, 'Month': 1}", "display": "HEL-111 (261001870)", "links": "<a href=\"https://www.vesselfinder.com/vessels?name=7906021\" target=\"_blank\" rel=\"noopener\">VesselFinder</a> | <a href=\"https://www.marinetraffic.com/en/ais/search/all?keyword=7906021\" target=\"_blank\" rel=\"noopener\">MarineTraffic</a>", "vf_url": "https://www.vesselfinder.com/vessels?name=7906021", "mst_url": "https://www.marinetraffic.com/en/ais/search/all?keyword=7906021", "method": "v3_2pass_track3d_fromru10d", "ru_seen_in_lookback": true, "in_monitor_on_day": true}}, {"type": "Feature", "geometry": {"type": "LineString", "coordinates": [[18.674778333333332, 54.69629333333333], [18.674719999999997, 54.696266666666666], [18.674746666666667, 54.696284999999996], [18.674758333333333, 54.696281666666664], [18.67477166666667, 54.69629333333333], [18.674788333333332, 54.696311666666666], [18.674753333333335, 54.69627833333333], [18.674753333333335, 54.69630166666666], [18.674753333333335, 54.696288333333335], [18.674746666666667, 54.69629166666667], [18.674753333333335, 54.696283333333334], [18.674735, 54.69630333333334], [18.674756666666667, 54.696295], [18.674736666666668, 54.696308333333334], [18.67475166666667, 54.69627333333334], [18.674748333333334, 54.69627666666667], [18.674721666666667, 54.69629166666667], [18.67475166666667, 54.69629333333333], [18.674676666666667, 54.69624666666667], [18.674735, 54.696313333333336], [18.674735, 54.696310000000004], [18.674770000000002, 54.69627333333334], [18.674775, 54.69627333333334]]}, "properties": {"label": "JAS-74", "mmsi": "261004430", "imo": "", "name": "JAS-74", "shiptype": "", "first_seen_utc": "2026-01-05T08:10:24Z", "last_seen_utc": "2026-01-13T04:03:52Z", "destination": "", "eta": "{'Day': 0, 'Hour': 0, 'Minute': 0, 'Month': 0}", "display": "", "links": "<a href=\"https://www.vesselfinder.com/vessels?name=261004430\" target=\"_blank\" rel=\"noopener\">VesselFinder</a> | <a href=\"https://www.marinetraffic.com/en/ais/search/all?keyword=261004430\" target=\"_blank\" rel=\"noopener\">MarineTraffic</a>", "vf_url": "https://www.vesselfinder.com/vessels?name=261004430", "mst_url": "https://www.marinetraffic.com/en/ais/search/all?keyword=261004430", "method": "v3_2pass_track3d_fromru10d", "ru_seen_in_lookback": true, "in_monitor_on_day": true}}, {"type": "Feature", "geometry": {"type": "Point", "coordinates": [18.674775, 54.69627333333334]}, "properties": {"label": "JAS-74", "mmsi": "261004430", "imo": "", "name": "JAS-74", "shiptype": "", "first_seen_utc": "2026-01-05T08:10:24Z", "last_seen_utc": "2026-01-13T04:03:52Z", "destination": "", "eta": "{'Day': 0, 'Hour': 0, 'Minute': 0, 'Month': 0}", "display": "JAS-74 (261004430)", "links": "<a href=\"https://www.vesselfinder.com/vessels?name=261004430\" target=\"_blank\" rel=\"noopener\">VesselFinder</a> | <a href=\"https://www.marinetraffic.com/en/ais/search/all?keyword=261004430\" target=\"_blank\" rel=\"noopener\">MarineTraffic</a>", "vf_url": "https://www.vesselfinder.com/vessels?name=261004430", "mst_url": "https://www.marinetraffic.com/en/ais/search/all?keyword=261004430", "method": "v3_2pass_track3d_fromru10d", "ru_seen_in_lookback": true, "in_monitor_on_day": true}}, {"type": "Feature", "geometry": {"type": "LineString", "coordinates": [[3.7742416666666667, 51.924485], [3.774308333333333, 51.92440833333333], [3.774376666666667, 51.924276666666664], [3.7745183333333334, 51.924125000000004], [3.7744966666666664, 51.92426666666667], [3.7746333333333335, 51.924240000000005], [3.7744783333333336, 51.92443333333333], [3.7743183333333334, 51.924708333333335], [3.7745216666666668, 51.92572666666667], [3.775795, 51.92658666666667], [3.7777083333333334, 51.92666666666666], [3.7782633333333333, 51.92668166666667], [3.7784566666666666, 51.926695], [3.77823, 51.92675666666666], [3.777911666666667, 51.92682], [3.777446666666667, 51.9269], [3.776861666666667, 51.926966666666665], [3.7769633333333332, 51.926975], [3.7768566666666668, 51.927051666666664], [3.776476666666667, 51.927125000000004], [3.7758866666666666, 51.92718333333333], [3.7754, 51.927146666666665], [3.7749433333333333, 51.92715666666666], [3.7745683333333333, 51.92709], [3.7745699999999998, 51.927135], [3.77505, 51.927375], [3.7755099999999997, 51.927495], [3.7762983333333335, 51.927528333333335], [3.77698, 51.927551666666666], [3.7773583333333334, 51.927479999999996], [3.7772783333333333, 51.92751333333333], [3.777233333333333, 51.927533333333336], [3.777353333333333, 51.92749333333334], [3.77724, 51.927530000000004], [3.7767983333333333, 51.92757833333334], [3.77663, 51.927548333333334], [3.7764433333333334, 51.92757666666667], [3.7764816666666667, 51.92756833333333], [3.77673, 51.92757166666667], [3.7764983333333335, 51.927551666666666], [3.776638333333333, 51.92755833333333], [3.7767600000000003, 51.92756833333333], [3.7770099999999998, 51.927545], [3.777216666666667, 51.927533333333336], [3.7775766666666666, 51.92745], [3.7776516666666664, 51.92743666666667], [3.778255, 51.92727333333333], [3.778525, 51.927213333333334], [3.777823333333333, 51.92512333333333], [3.823415, 51.99763666666667], [3.9980683333333333, 51.99655166666666], [4.03837, 51.97185666666667], [3.993365, 51.95223166666666], [3.9908816666666667, 51.95175666666667], [3.9909383333333333, 51.95164666666667], [3.9908966666666665, 51.95164], [3.990908333333333, 51.951685], [3.990845, 51.95164833333333], [3.99092, 51.95165833333333], [3.990998333333333, 51.95175], [3.9909916666666665, 51.95173333333333], [3.990925, 51.95164], [3.9909216666666665, 51.951726666666666], [3.990763333333333, 51.95175833333334], [3.9909616666666663, 51.95169666666666], [3.990895, 51.9516], [3.9908966666666665, 51.95167166666667], [3.990955, 51.951699999999995], [3.99086, 51.95159666666667], [3.9909133333333333, 51.951695], [3.99086, 51.951663333333336], [3.9909433333333335, 51.95168], [3.9909000000000003, 51.95167666666667], [3.9909233333333334, 51.951675], [3.9909583333333334, 51.95167], [3.990956666666667, 51.951728333333335], [3.990963333333333, 51.95184], [3.990933333333333, 51.95173], [3.990965, 51.95173166666667], [3.99094, 51.951715], [3.99097, 51.95171666666667], [3.990936666666667, 51.951699999999995]]}, "properties": {"label": "SVENDBORG", "mmsi": "255805594", "imo": "9454230", "name": "SVENDBORG", "shiptype": "", "first_seen_utc": "2026-01-05T12:46:49Z", "last_seen_utc": "2026-01-13T04:00:32Z", "destination": "PL GDN VIA NOK", "eta": "{'Day': 14, 'Hour': 8, 'Minute': 0, 'Month': 12}", "display": "", "links": "<a href=\"https://www.vesselfinder.com/vessels?name=9454230\" target=\"_blank\" rel=\"noopener\">VesselFinder</a> | <a href=\"https://www.marinetraffic.com/en/ais/search/all?keyword=9454230\" target=\"_blank\" rel=\"noopener\">MarineTraffic</a>", "vf_url": "https://www.vesselfinder.com/vessels?name=9454230", "mst_url": "https://www.marinetraffic.com/en/ais/search/all?keyword=9454230", "method": "v3_2pass_track3d_fromru10d", "ru_seen_in_lookback": true, "in_monitor_on_day": true}}, {"type": "Feature", "geometry": {"type": "Point", "coordinates": [3.990936666666667, 51.951699999999995]}, "properties": {"label": "SVENDBORG", "mmsi": "255805594", "imo": "9454230", "name": "SVENDBORG", "shiptype": "", "first_seen_utc": "2026-01-05T12:46:49Z", "last_seen_utc": "2026-01-13T04:00:32Z", "destination": "PL GDN VIA NOK", "eta": "{'Day': 14, 'Hour': 8, 'Minute': 0, 'Month': 12}", "display": "SVENDBORG (255805594)", "links": "<a href=\"https://www.vesselfinder.com/vessels?name=9454230\" target=\"_blank\" rel=\"noopener\">VesselFinder</a> | <a href=\"https://www.marinetraffic.com/en/ais/search/all?keyword=9454230\" target=\"_blank\" rel=\"noopener\">MarineTraffic</a>", "vf_url": "https://www.vesselfinder.com/vessels?name=9454230", "mst_url": "https://www.marinetraffic.com/en/ais/search/all?keyword=9454230", "method": "v3_2pass_track3d_fromru10d", "ru_seen_in_lookback": true, "in_monitor_on_day": true}}, {"type": "Feature", "geometry": {"type": "LineString", "coordinates": [[15.213316666666666, 55.61275], [15.069899999999999, 55.57516666666667], [14.9327, 55.530483333333336], [14.796, 55.4904], [14.660866666666667, 55.45113333333334], [14.544616666666666, 55.398199999999996], [14.410016666666667, 55.306333333333335], [14.22305, 55.174], [12.482883333333332, 54.67926666666666], [12.36075, 54.63313333333333], [12.2588, 54.57555], [12.210133333333333, 54.493566666666666], [12.123666666666667, 54.43695], [11.980500000000001, 54.43345], [11.836549999999999, 54.4317], [11.700033333333332, 54.455733333333335], [11.57015, 54.495], [11.434883333333334, 54.535], [11.29315, 54.57553333333333], [11.154333333333334, 54.60758333333333], [11.003766666666667, 54.60046666666666], [10.870216666666666, 54.645316666666666], [10.7715, 54.706716666666665], [10.807416666666667, 54.77513333333333], [10.838033333333334, 54.87136666666667], [10.931683333333332, 54.95511666666666], [10.9977, 55.041216666666664], [10.992533333333334, 55.13760166666667], [11.099383333333332, 55.204950000000004], [11.046783333333334, 55.297333333333334], [10.861833333333333, 55.53508333333333], [10.788016666666666, 55.633900000000004], [10.805583333333335, 55.7351], [10.8063, 55.838449999999995], [10.906933333333335, 55.90971666666667], [11.036816666666665, 55.97338333333333], [10.366316666666668, 57.85503333333334], [10.194266666666666, 57.84856666666667]]}, "properties": {"label": "AEOLIAN VICTORY", "mmsi": "538010993", "imo": "9433602", "name": "AEOLIAN VICTORY", "shiptype": "", "first_seen_utc": "2026-01-05T12:49:02Z", "last_seen_utc": "2026-01-13T03:54:29Z", "destination": "CNLYG", "eta": "{'Day': 10, 'Hour': 12, 'Minute': 0, 'Month': 3}", "display": "", "links": "<a href=\"https://www.vesselfinder.com/vessels?name=9433602\" target=\"_blank\" rel=\"noopener\">VesselFinder</a> | <a href=\"https://www.marinetraffic.com/en/ais/search/all?keyword=9433602\" target=\"_blank\" rel=\"noopener\">MarineTraffic</a>", "vf_url": "https://www.vesselfinder.com/vessels?name=9433602", "mst_url": "https://www.marinetraffic.com/en/ais/search/all?keyword=9433602", "method": "v3_2pass_track3d_fromru10d", "ru_seen_in_lookback": true, "in_monitor_on_day": true}}, {"type": "Feature", "geometry": {"type": "Point", "coordinates": [10.194266666666666, 57.84856666666667]}, "properties": {"label": "AEOLIAN VICTORY", "mmsi": "538010993", "imo": "9433602", "name": "AEOLIAN VICTORY", "shiptype": "", "first_seen_utc": "2026-01-05T12:49:02Z", "last_seen_utc": "2026-01-13T03:54:29Z", "destination": "CNLYG", "eta": "{'Day': 10, 'Hour': 12, 'Minute': 0, 'Month': 3}", "display": "AEOLIAN VICTORY (538010993)", "links": "<a href=\"https://www.vesselfinder.com/vessels?name=9433602\" target=\"_blank\" rel=\"noopener\">VesselFinder</a> | <a href=\"https://www.marinetraffic.com/en/ais/search/all?keyword=9433602\" target=\"_blank\" rel=\"noopener\">MarineTraffic</a>", "vf_url": "https://www.vesselfinder.com/vessels?name=9433602", "mst_url": "https://www.marinetraffic.com/en/ais/search/all?keyword=9433602", "method": "v3_2pass_track3d_fromru10d", "ru_seen_in_lookback": true, "in_monitor_on_day": true}}, {"type": "Feature", "geometry": {"type": "LineString", "coordinates": [[10.496583333333332, 57.849711666666664], [10.263393333333333, 57.841118333333334], [10.060915, 57.836753333333334], [9.867608333333333, 57.83340166666667], [9.557631666666667, 57.82675833333334], [9.407421666666666, 57.77591666666667], [9.234743333333334, 57.718365], [9.072648333333332, 57.65828166666667], [8.914975, 57.59841166666667], [8.761031666666666, 57.53920666666667], [8.610023333333334, 57.482258333333334], [8.238546666666666, 57.363773333333334], [8.062581666666667, 57.33481166666666], [7.914435, 57.27480166666667], [7.727406666666667, 57.17242833333333], [3.2672266666666667, 52.984215], [2.4794166666666664, 51.800891666666665]]}, "properties": {"label": "SLED", "mmsi": "311001726", "imo": "9284805", "name": "SLED", "shiptype": "", "first_seen_utc": "2026-01-05T14:22:46Z", "last_seen_utc": "2026-01-13T02:21:53Z", "destination": "FUJAIRAH", "eta": "{'Day': 4, 'Hour': 10, 'Minute': 0, 'Month': 2}", "display": "", "links": "<a href=\"https://www.vesselfinder.com/vessels?name=9284805\" target=\"_blank\" rel=\"noopener\">VesselFinder</a> | <a href=\"https://www.marinetraffic.com/en/ais/search/all?keyword=9284805\" target=\"_blank\" rel=\"noopener\">MarineTraffic</a>", "vf_url": "https://www.vesselfinder.com/vessels?name=9284805", "mst_url": "https://www.marinetraffic.com/en/ais/search/all?keyword=9284805", "method": "v3_2pass_track3d_fromru10d", "ru_seen_in_lookback": true, "in_monitor_on_day": true}}, {"type": "Feature", "geometry": {"type": "Point", "coordinates": [2.4794166666666664, 51.800891666666665]}, "properties": {"label": "SLED", "mmsi": "311001726", "imo": "9284805", "name": "SLED", "shiptype": "", "first_seen_utc": "2026-01-05T14:22:46Z", "last_seen_utc": "2026-01-13T02:21:53Z", "destination": "FUJAIRAH", "eta": "{'Day': 4, 'Hour': 10, 'Minute': 0, 'Month': 2}", "display": "SLED (311001726)", "links": "<a href=\"https://www.vesselfinder.com/vessels?name=9284805\" target=\"_blank\" rel=\"noopener\">VesselFinder</a> | <a href=\"https://www.marinetraffic.com/en/ais/search/all?keyword=9284805\" target=\"_blank\" rel=\"noopener\">MarineTraffic</a>", "vf_url": "https://www.vesselfinder.com/vessels?name=9284805", "mst_url": "https://www.marinetraffic.com/en/ais/search/all?keyword=9284805", "method": "v3_2pass_track3d_fromru10d", "ru_seen_in_lookback": true, "in_monitor_on_day": true}}, {"type": "Feature", "geometry": {"type": "LineString", "coordinates": [[9.190531666666667, 57.74342], [9.020183333333334, 57.70184], [8.842438333333332, 57.660441666666664], [8.671441666666668, 57.612878333333335], [8.50855, 57.56767333333333], [8.341751666666667, 57.52179666666667], [8.16665, 57.47424], [7.98407, 57.42480333333333], [7.79924, 57.37654166666667], [7.625235, 57.329725], [7.498515, 57.258158333333334], [7.41041, 57.169383333333336], [7.32206, 57.080385], [3.472135, 53.32081], [3.422543333333333, 53.22909], [2.5993116666666665, 52.074918333333336], [2.576225, 51.90566166666667], [2.4854316666666665, 51.80692166666667], [2.2506283333333332, 51.652793333333335], [2.1541566666666667, 51.59151833333333], [2.0627416666666667, 51.53303666666667], [1.9803316666666668, 51.474241666666664], [1.9132399999999998, 51.404131666666665], [1.8517433333333335, 51.330220000000004], [1.7897266666666667, 51.251835], [1.697865, 51.18149833333334], [1.588295, 51.114275], [1.4810816666666669, 51.045831666666665], [1.3597499999999998, 50.95685833333334]]}, "properties": {"label": "OLYMPIC FIGHTER", "mmsi": "538007511", "imo": "9745263", "name": "OLYMPIC FIGHTER", "shiptype": "", "first_seen_utc": "2026-01-05T14:52:33Z", "last_seen_utc": "2026-01-13T00:59:36Z", "destination": "EGPSD", "eta": "{'Day': 24, 'Hour': 5, 'Minute': 0, 'Month': 1}", "display": "", "links": "<a href=\"https://www.vesselfinder.com/vessels?name=9745263\" target=\"_blank\" rel=\"noopener\">VesselFinder</a> | <a href=\"https://www.marinetraffic.com/en/ais/search/all?keyword=9745263\" target=\"_blank\" rel=\"noopener\">MarineTraffic</a>", "vf_url": "https://www.vesselfinder.com/vessels?name=9745263", "mst_url": "https://www.marinetraffic.com/en/ais/search/all?keyword=9745263", "method": "v3_2pass_track3d_fromru10d", "ru_seen_in_lookback": true, "in_monitor_on_day": true}}, {"type": "Feature", "geometry": {"type": "Point", "coordinates": [1.3597499999999998, 50.95685833333334]}, "properties": {"label": "OLYMPIC FIGHTER", "mmsi": "538007511", "imo": "9745263", "name": "OLYMPIC FIGHTER", "shiptype": "", "first_seen_utc": "2026-01-05T14:52:33Z", "last_seen_utc": "2026-01-13T00:59:36Z", "destination": "EGPSD", "eta": "{'Day': 24, 'Hour': 5, 'Minute': 0, 'Month': 1}", "display": "OLYMPIC FIGHTER (538007511)", "links": "<a href=\"https://www.vesselfinder.com/vessels?name=9745263\" target=\"_blank\" rel=\"noopener\">VesselFinder</a> | <a href=\"https://www.marinetraffic.com/en/ais/search/all?keyword=9745263\" target=\"_blank\" rel=\"noopener\">MarineTraffic</a>", "vf_url": "https://www.vesselfinder.com/vessels?name=9745263", "mst_url": "https://www.marinetraffic.com/en/ais/search/all?keyword=9745263", "method": "v3_2pass_track3d_fromru10d", "ru_seen_in_lookback": true, "in_monitor_on_day": true}}, {"type": "Feature", "geometry": {"type": "LineString", "coordinates": [[3.42483, 53.23256], [3.270765, 52.934983333333335], [3.0356633333333334, 52.653875], [2.83549, 52.426695], [2.5009433333333333, 51.811173333333336], [2.268273333333333, 51.64019], [2.123318333333333, 51.53647333333333], [2.0240483333333334, 51.46579833333333], [1.92552, 51.401291666666665], [1.861305, 51.32313333333333], [1.797265, 51.25042833333334], [1.7205166666666665, 51.190505], [1.63552, 51.142356666666664], [1.5617133333333333, 51.091568333333335], [1.3868733333333334, 50.97840333333333], [1.2757416666666666, 50.89261166666667], [-0.050431666666666666, 50.49424333333333], [-0.18723166666666666, 50.468595], [-0.3153166666666667, 50.440545], [-0.440195, 50.414935], [-0.5726183333333333, 50.39403333333333]]}, "properties": {"label": "ANLAN", "mmsi": "352005425", "imo": "9346859", "name": "ANLAN", "shiptype": "", "first_seen_utc": "2026-01-05T16:25:36Z", "last_seen_utc": "2026-01-13T03:36:13Z", "destination": "PORT SAID", "eta": "{'Day': 23, 'Hour': 16, 'Minute': 0, 'Month': 1}", "display": "", "links": "<a href=\"https://www.vesselfinder.com/vessels?name=9346859\" target=\"_blank\" rel=\"noopener\">VesselFinder</a> | <a href=\"https://www.marinetraffic.com/en/ais/search/all?keyword=9346859\" target=\"_blank\" rel=\"noopener\">MarineTraffic</a>", "vf_url": "https://www.vesselfinder.com/vessels?name=9346859", "mst_url": "https://www.marinetraffic.com/en/ais/search/all?keyword=9346859", "method": "v3_2pass_track3d_fromru10d", "ru_seen_in_lookback": true, "in_monitor_on_day": true}}, {"type": "Feature", "geometry": {"type": "Point", "coordinates": [-0.5726183333333333, 50.39403333333333]}, "properties": {"label": "ANLAN", "mmsi": "352005425", "imo": "9346859", "name": "ANLAN", "shiptype": "", "first_seen_utc": "2026-01-05T16:25:36Z", "last_seen_utc": "2026-01-13T03:36:13Z", "destination": "PORT SAID", "eta": "{'Day': 23, 'Hour': 16, 'Minute': 0, 'Month': 1}", "display": "ANLAN (352005425)", "links": "<a href=\"https://www.vesselfinder.com/vessels?name=9346859\" target=\"_blank\" rel=\"noopener\">VesselFinder</a> | <a href=\"https://www.marinetraffic.com/en/ais/search/all?keyword=9346859\" target=\"_blank\" rel=\"noopener\">MarineTraffic</a>", "vf_url": "https://www.vesselfinder.com/vessels?name=9346859", "mst_url": "https://www.marinetraffic.com/en/ais/search/all?keyword=9346859", "method": "v3_2pass_track3d_fromru10d", "ru_seen_in_lookback": true, "in_monitor_on_day": true}}, {"type": "Feature", "geometry": {"type": "LineString", "coordinates": [[28.482871666666664, 59.87634666666667], [15.886976666666667, 55.729825], [15.545725000000001, 55.68044], [15.387028333333335, 55.659106666666666]]}, "properties": {"label": "NEW ENDEAVOR", "mmsi": "352246000", "imo": "9579638", "name": "NEW ENDEAVOR", "shiptype": "", "first_seen_utc": "2026-01-05T22:42:35Z", "last_seen_utc": "2026-01-13T03:27:26Z", "destination": "EG PSD", "eta": "{'Day': 28, 'Hour': 11, 'Minute': 0, 'Month': 1}", "display": "", "links": "<a href=\"https://www.vesselfinder.com/vessels?name=9579638\" target=\"_blank\" rel=\"noopener\">VesselFinder</a> | <a href=\"https://www.marinetraffic.com/en/ais/search/all?keyword=9579638\" target=\"_blank\" rel=\"noopener\">MarineTraffic</a>", "vf_url": "https://www.vesselfinder.com/vessels?name=9579638", "mst_url": "https://www.marinetraffic.com/en/ais/search/all?keyword=9579638", "method": "v3_2pass_track3d_fromru10d", "ru_seen_in_lookback": true, "in_monitor_on_day": true}}, {"type": "Feature", "geometry": {"type": "Point", "coordinates": [15.387028333333335, 55.659106666666666]}, "properties": {"label": "NEW ENDEAVOR", "mmsi": "352246000", "imo": "9579638", "name": "NEW ENDEAVOR", "shiptype": "", "first_seen_utc": "2026-01-05T22:42:35Z", "last_seen_utc": "2026-01-13T03:27:26Z", "destination": "EG PSD", "eta": "{'Day': 28, 'Hour': 11, 'Minute': 0, 'Month': 1}", "display": "NEW ENDEAVOR (352246000)", "links": "<a href=\"https://www.vesselfinder.com/vessels?name=9579638\" target=\"_blank\" rel=\"noopener\">VesselFinder</a> | <a href=\"https://www.marinetraffic.com/en/ais/search/all?keyword=9579638\" target=\"_blank\" rel=\"noopener\">MarineTraffic</a>", "vf_url": "https://www.vesselfinder.com/vessels?name=9579638", "mst_url": "https://www.marinetraffic.com/en/ais/search/all?keyword=9579638", "method": "v3_2pass_track3d_fromru10d", "ru_seen_in_lookback": true, "in_monitor_on_day": true}}, {"type": "Feature", "geometry": {"type": "LineString", "coordinates": [[10.496633333333333, 57.840799999999994], [10.281316666666667, 57.837333333333326], [10.063466666666667, 57.827533333333335], [9.84755, 57.818933333333334], [9.650316666666667, 57.80348333333333], [9.468416666666666, 57.77663333333333], [9.290249999999999, 57.73673333333333], [9.110166666666666, 57.68531666666667], [8.926383333333332, 57.62865], [8.738216666666666, 57.57121666666667], [8.550133333333333, 57.523583333333335], [8.340733333333334, 57.476800000000004], [8.161516666666666, 57.42105], [7.99015, 57.35903333333333], [7.8464, 57.28631666666667], [7.711166666666667, 57.2103], [7.622433333333333, 57.120066666666666], [7.504016666666667, 57.004533333333335], [2.6054666666666666, 52.00768333333333], [2.5810166666666663, 51.91383333333333], [2.317466666666667, 51.686566666666664], [2.2114166666666666, 51.60991666666666], [2.1033999999999997, 51.531666666666666], [1.9935, 51.45028333333333], [1.9081333333333332, 51.357049999999994], [1.817, 51.261433333333336], [1.7001666666666668, 51.175266666666666], [1.5686833333333332, 51.09673333333333]]}, "properties": {"label": "ROCK", "mmsi": "314845000", "imo": "9288356", "name": "ROCK", "shiptype": "", "first_seen_utc": "2026-01-05T22:51:55Z", "last_seen_utc": "2026-01-13T03:38:01Z", "destination": "ITAQUI", "eta": "{'Day': 26, 'Hour': 23, 'Minute': 0, 'Month': 1}", "display": "", "links": "<a href=\"https://www.vesselfinder.com/vessels?name=9288356\" target=\"_blank\" rel=\"noopener\">VesselFinder</a> | <a href=\"https://www.marinetraffic.com/en/ais/search/all?keyword=9288356\" target=\"_blank\" rel=\"noopener\">MarineTraffic</a>", "vf_url": "https://www.vesselfinder.com/vessels?name=9288356", "mst_url": "https://www.marinetraffic.com/en/ais/search/all?keyword=9288356", "method": "v3_2pass_track3d_fromru10d", "ru_seen_in_lookback": true, "in_monitor_on_day": true}}, {"type": "Feature", "geometry": {"type": "Point", "coordinates": [1.5686833333333332, 51.09673333333333]}, "properties": {"label": "ROCK", "mmsi": "314845000", "imo": "9288356", "name": "ROCK", "shiptype": "", "first_seen_utc": "2026-01-05T22:51:55Z", "last_seen_utc": "2026-01-13T03:38:01Z", "destination": "ITAQUI", "eta": "{'Day': 26, 'Hour': 23, 'Minute': 0, 'Month': 1}", "display": "ROCK (314845000)", "links": "<a href=\"https://www.vesselfinder.com/vessels?name=9288356\" target=\"_blank\" rel=\"noopener\">VesselFinder</a> | <a href=\"https://www.marinetraffic.com/en/ais/search/all?keyword=9288356\" target=\"_blank\" rel=\"noopener\">MarineTraffic</a>", "vf_url": "https://www.vesselfinder.com/vessels?name=9288356", "mst_url": "https://www.marinetraffic.com/en/ais/search/all?keyword=9288356", "method": "v3_2pass_track3d_fromru10d", "ru_seen_in_lookback": true, "in_monitor_on_day": true}}, {"type": "Feature", "geometry": {"type": "LineString", "coordinates": [[18.555325, 54.52213833333334], [18.555335, 54.522145], [18.555343333333333, 54.522151666666666], [18.555321666666668, 54.52214166666667], [18.555338333333335, 54.522151666666666], [18.55534, 54.522146666666664], [18.55534833333333, 54.522153333333335], [18.555331666666667, 54.522155], [18.555353333333336, 54.522151666666666], [18.555311666666668, 54.522151666666666], [18.555335, 54.52214], [18.555341666666667, 54.522151666666666], [18.555315, 54.522151666666666], [18.555304999999997, 54.52215833333333], [18.555301666666665, 54.52216], [18.555313333333334, 54.52215833333333], [18.555318333333332, 54.522153333333335], [18.555323333333334, 54.52215666666667], [18.555301666666665, 54.52216166666666], [18.555311666666668, 54.52218333333334], [18.555335, 54.52215], [18.555328333333332, 54.52212833333333], [18.555338333333335, 54.52215], [18.55534833333333, 54.522155], [18.555343333333333, 54.522169999999996], [18.555313333333334, 54.52220166666667], [18.555321666666668, 54.52218333333334], [18.55533, 54.52216], [18.55532, 54.52216333333333], [18.555341666666667, 54.52216], [18.555341666666667, 54.52216], [18.555349999999997, 54.52214333333333], [18.55530333333333, 54.52215666666667], [18.55533, 54.52215833333333], [18.555313333333334, 54.522155], [18.555315, 54.52215833333333], [18.555338333333335, 54.522165], [18.55533666666667, 54.522165], [18.555331666666667, 54.52216], [18.555326666666666, 54.52216], [18.555331666666667, 54.52215833333333], [18.555325, 54.52216333333333], [18.555335, 54.52215833333333], [18.555331666666667, 54.52216], [18.555333333333333, 54.522155], [18.555326666666666, 54.52214333333333], [18.555335, 54.522153333333335], [18.555316666666666, 54.522155], [18.555349999999997, 54.52218166666667], [18.555315, 54.522145], [18.55532, 54.522151666666666], [18.59429, 54.51403333333334], [18.724978333333336, 54.50232833333334], [18.856403333333333, 54.489005], [18.990256666666667, 54.47057333333333], [19.129196666666665, 54.450813333333336], [19.253218333333333, 54.430058333333335], [19.30281, 54.65709666666667], [19.361431666666665, 54.599174999999995], [19.324945, 54.58913166666667], [19.422113333333336, 54.49407833333333], [19.420203333333333, 54.47061833333333], [19.40426666666667, 54.45768333333333], [19.432376666666666, 54.503948333333334], [19.425568333333334, 54.494771666666665], [19.432723333333335, 54.498335], [19.368515, 54.498781666666666], [19.239651666666667, 54.48546833333333], [19.10728333333333, 54.47074666666666]]}, "properties": {"label": "ORKA WLA-139", "mmsi": "261497000", "imo": "7905211", "name": "ORKA WLA-139", "shiptype": "", "first_seen_utc": "2026-01-06T00:04:12Z", "last_seen_utc": "2026-01-13T03:53:36Z", "destination": "GDYNIA", "eta": "{'Day': 0, 'Hour': 24, 'Minute': 60, 'Month': 0}", "display": "", "links": "<a href=\"https://www.vesselfinder.com/vessels?name=7905211\" target=\"_blank\" rel=\"noopener\">VesselFinder</a> | <a href=\"https://www.marinetraffic.com/en/ais/search/all?keyword=7905211\" target=\"_blank\" rel=\"noopener\">MarineTraffic</a>", "vf_url": "https://www.vesselfinder.com/vessels?name=7905211", "mst_url": "https://www.marinetraffic.com/en/ais/search/all?keyword=7905211", "method": "v3_2pass_track3d_fromru10d", "ru_seen_in_lookback": true, "in_monitor_on_day": true}}, {"type": "Feature", "geometry": {"type": "Point", "coordinates": [19.10728333333333, 54.47074666666666]}, "properties": {"label": "ORKA WLA-139", "mmsi": "261497000", "imo": "7905211", "name": "ORKA WLA-139", "shiptype": "", "first_seen_utc": "2026-01-06T00:04:12Z", "last_seen_utc": "2026-01-13T03:53:36Z", "destination": "GDYNIA", "eta": "{'Day': 0, 'Hour': 24, 'Minute': 60, 'Month': 0}", "display": "ORKA WLA-139 (261497000)", "links": "<a href=\"https://www.vesselfinder.com/vessels?name=7905211\" target=\"_blank\" rel=\"noopener\">VesselFinder</a> | <a href=\"https://www.marinetraffic.com/en/ais/search/all?keyword=7905211\" target=\"_blank\" rel=\"noopener\">MarineTraffic</a>", "vf_url": "https://www.vesselfinder.com/vessels?name=7905211", "mst_url": "https://www.marinetraffic.com/en/ais/search/all?keyword=7905211", "method": "v3_2pass_track3d_fromru10d", "ru_seen_in_lookback": true, "in_monitor_on_day": true}}, {"type": "Feature", "geometry": {"type": "LineString", "coordinates": [[2.88143, 52.45325166666667], [2.6181666666666668, 52.03971833333333], [2.5919250000000003, 51.90341333333333], [2.4484816666666664, 51.79347333333333], [2.2861933333333337, 51.67522833333333], [2.190733333333333, 51.613839999999996], [2.0975083333333333, 51.5543], [2.0049733333333335, 51.49366666666666], [1.9112366666666667, 51.431223333333335], [1.852525, 51.350166666666674], [1.7890433333333333, 51.266126666666665], [1.69615, 51.19538333333333], [1.5863983333333331, 51.13733833333333], [1.476415, 51.078383333333335], [1.3653966666666666, 51.01771166666666], [1.2590033333333333, 50.951283333333336], [0.09601666666666667, 50.52150166666667], [-0.052011666666666664, 50.495821666666664], [-0.20312833333333333, 50.46996], [-0.35840333333333335, 50.445431666666664], [-0.5145183333333333, 50.417320000000004], [-0.6669250000000001, 50.389966666666666], [-0.8203816666666667, 50.36308666666666], [-0.9679633333333334, 50.33707833333334], [-1.109265, 50.31162], [-1.2548583333333334, 50.28467333333333], [-1.3846716666666665, 50.25958], [-1.776585, 50.198775]]}, "properties": {"label": "SWEET LADY III", "mmsi": "248256000", "imo": "9316804", "name": "SWEET LADY III", "shiptype": "", "first_seen_utc": "2026-01-06T02:32:35Z", "last_seen_utc": "2026-01-13T03:03:19Z", "destination": "BRSSZ", "eta": "{'Day': 31, 'Hour': 23, 'Minute': 0, 'Month': 1}", "display": "", "links": "<a href=\"https://www.vesselfinder.com/vessels?name=9316804\" target=\"_blank\" rel=\"noopener\">VesselFinder</a> | <a href=\"https://www.marinetraffic.com/en/ais/search/all?keyword=9316804\" target=\"_blank\" rel=\"noopener\">MarineTraffic</a>", "vf_url": "https://www.vesselfinder.com/vessels?name=9316804", "mst_url": "https://www.marinetraffic.com/en/ais/search/all?keyword=9316804", "method": "v3_2pass_track3d_fromru10d", "ru_seen_in_lookback": true, "in_monitor_on_day": true}}, {"type": "Feature", "geometry": {"type": "Point", "coordinates": [-1.776585, 50.198775]}, "properties": {"label": "SWEET LADY III", "mmsi": "248256000", "imo": "9316804", "name": "SWEET LADY III", "shiptype": "", "first_seen_utc": "2026-01-06T02:32:35Z", "last_seen_utc": "2026-01-13T03:03:19Z", "destination": "BRSSZ", "eta": "{'Day': 31, 'Hour': 23, 'Minute': 0, 'Month': 1}", "display": "SWEET LADY III (248256000)", "links": "<a href=\"https://www.vesselfinder.com/vessels?name=9316804\" target=\"_blank\" rel=\"noopener\">VesselFinder</a> | <a href=\"https://www.marinetraffic.com/en/ais/search/all?keyword=9316804\" target=\"_blank\" rel=\"noopener\">MarineTraffic</a>", "vf_url": "https://www.vesselfinder.com/vessels?name=9316804", "mst_url": "https://www.marinetraffic.com/en/ais/search/all?keyword=9316804", "method": "v3_2pass_track3d_fromru10d", "ru_seen_in_lookback": true, "in_monitor_on_day": true}}, {"type": "Feature", "geometry": {"type": "LineString", "coordinates": [[18.802695000000003, 54.60227166666667], [18.80269, 54.60227333333333], [18.8027, 54.60227], [18.8027, 54.602285], [18.802703333333334, 54.60228], [18.8027, 54.60228], [18.802701666666668, 54.60227333333333], [18.802698333333336, 54.60227833333333], [18.802703333333334, 54.60228666666667], [18.802695000000003, 54.602291666666666], [18.802698333333336, 54.602288333333334], [18.80269333333333, 54.602288333333334], [18.80269, 54.60228166666666], [18.80269, 54.60228333333334], [18.802686666666666, 54.602305], [18.802695000000003, 54.602311666666665], [18.802695000000003, 54.602305], [18.802688333333332, 54.60229833333334], [18.80269, 54.602291666666666], [18.802701666666668, 54.602293333333336], [18.8027, 54.602295000000005], [18.802701666666668, 54.60229], [18.802711666666667, 54.60229], [18.8027, 54.60228666666667], [18.802703333333334, 54.602285], [18.802698333333336, 54.60229833333334], [18.80269333333333, 54.60230166666667], [18.80269, 54.60230166666667], [18.80269, 54.602293333333336], [18.802698333333336, 54.60228666666667], [18.802703333333334, 54.60228666666667], [18.802706666666666, 54.602295000000005], [18.80270833333333, 54.602285], [18.80269333333333, 54.602291666666666], [18.802671666666665, 54.602285], [18.802683333333334, 54.60227833333333], [18.80269333333333, 54.602285], [18.802701666666668, 54.60228], [18.802711666666667, 54.60228], [18.8027, 54.60228], [18.80269333333333, 54.602275], [18.802695000000003, 54.60228166666666], [18.802691666666664, 54.60228166666666], [18.802688333333332, 54.60227833333333], [18.80269666666667, 54.60228333333334], [18.802695000000003, 54.60228333333334], [18.8027, 54.60228666666667], [18.80269333333333, 54.602285], [18.802688333333332, 54.60228333333334], [18.802698333333336, 54.602275], [18.802698333333336, 54.602293333333336], [18.80269666666667, 54.60229], [18.802695000000003, 54.602288333333334], [18.80269333333333, 54.60228166666666], [18.802695000000003, 54.60228333333334], [18.802698333333336, 54.60229], [18.802688333333332, 54.602291666666666], [18.802695000000003, 54.60229666666667], [18.796533333333333, 54.590003333333335], [18.87384666666667, 54.609428333333334], [18.955225, 54.622301666666665], [18.939886666666666, 54.605884999999994], [18.925638333333332, 54.58197], [18.92721166666667, 54.59473333333334], [18.94094, 54.61369166666667], [18.951343333333334, 54.63413833333333], [18.963244999999997, 54.655055], [18.9769, 54.67625833333333], [18.977863333333335, 54.658775], [18.9544, 54.64077666666667], [18.931863333333336, 54.629443333333334], [18.913975, 54.64676], [18.899961666666666, 54.66451833333333], [18.888733333333334, 54.68344166666667], [18.882861666666667, 54.70030833333333], [18.88193, 54.71055666666667], [18.894581666666667, 54.69201833333333], [18.863221666666668, 54.62493833333333], [18.798495, 54.594265], [18.803521666666665, 54.60032666666667], [18.802366666666668, 54.60006666666666], [18.802365, 54.600026666666665], [18.802363333333336, 54.600024999999995], [18.802378333333333, 54.60002166666666], [18.802378333333333, 54.60001833333333], [18.802368333333334, 54.60001833333333], [18.802378333333333, 54.60002333333333], [18.802376666666664, 54.60001166666667], [18.802368333333334, 54.60001666666667], [18.80237, 54.60001], [18.802363333333336, 54.600015], [18.802378333333333, 54.60001166666667], [18.802361666666666, 54.60001666666667], [18.802355, 54.600006666666665], [18.802353333333333, 54.60001166666667], [18.802341666666667, 54.60001], [18.80235, 54.60001], [18.802371666666666, 54.600005], [18.802378333333333, 54.60001333333333], [18.802385, 54.60001333333333], [18.80238166666667, 54.600015], [18.802376666666664, 54.60001333333333], [18.802371666666666, 54.60002166666666]]}, "properties": {"label": "WLA-220", "mmsi": "261002913", "imo": "", "name": "WLA-220", "shiptype": "", "first_seen_utc": "2026-01-06T04:22:38Z", "last_seen_utc": "2026-01-13T04:03:35Z", "destination": "WLADYSLAWOWO", "eta": "{'Day': 27, 'Hour': 9, 'Minute': 20, 'Month': 8}", "display": "", "links": "<a href=\"https://www.vesselfinder.com/vessels?name=261002913\" target=\"_blank\" rel=\"noopener\">VesselFinder</a> | <a href=\"https://www.marinetraffic.com/en/ais/search/all?keyword=261002913\" target=\"_blank\" rel=\"noopener\">MarineTraffic</a>", "vf_url": "https://www.vesselfinder.com/vessels?name=261002913", "mst_url": "https://www.marinetraffic.com/en/ais/search/all?keyword=261002913", "method": "v3_2pass_track3d_fromru10d", "ru_seen_in_lookback": true, "in_monitor_on_day": true}}, {"type": "Feature", "geometry": {"type": "Point", "coordinates": [18.802371666666666, 54.60002166666666]}, "properties": {"label": "WLA-220", "mmsi": "261002913", "imo": "", "name": "WLA-220", "shiptype": "", "first_seen_utc": "2026-01-06T04:22:38Z", "last_seen_utc": "2026-01-13T04:03:35Z", "destination": "WLADYSLAWOWO", "eta": "{'Day': 27, 'Hour': 9, 'Minute': 20, 'Month': 8}", "display": "WLA-220 (261002913)", "links": "<a href=\"https://www.vesselfinder.com/vessels?name=261002913\" target=\"_blank\" rel=\"noopener\">VesselFinder</a> | <a href=\"https://www.marinetraffic.com/en/ais/search/all?keyword=261002913\" target=\"_blank\" rel=\"noopener\">MarineTraffic</a>", "vf_url": "https://www.vesselfinder.com/vessels?name=261002913", "mst_url": "https://www.marinetraffic.com/en/ais/search/all?keyword=261002913", "method": "v3_2pass_track3d_fromru10d", "ru_seen_in_lookback": true, "in_monitor_on_day": true}}, {"type": "Feature", "geometry": {"type": "LineString", "coordinates": [[19.134598333333333, 54.74744333333333], [19.138348333333333, 54.79009333333333], [19.130726666666664, 54.83395333333333], [19.121671666666668, 54.883985], [19.114003333333336, 54.931018333333334], [19.100448333333336, 54.98806833333333], [19.118553333333335, 54.93592833333333], [19.145300000000002, 54.843560000000004], [19.190521666666665, 54.78950333333333], [19.183083333333332, 54.840435], [19.168571666666665, 54.896908333333336], [19.150821666666666, 54.95832], [19.130736666666667, 55.019605], [19.147655, 54.93660333333333], [19.12244666666667, 54.83837333333334], [19.094839999999998, 54.73787166666667], [19.070151666666668, 54.63646666666667], [19.023161666666667, 54.54418833333333], [18.975481666666667, 54.491663333333335], [18.930933333333332, 54.452104999999996], [18.884856666666668, 54.449913333333335], [18.880436666666665, 54.452215], [18.878899999999998, 54.45211333333334], [18.879675000000002, 54.45211], [18.879003333333333, 54.45214166666666], [18.879466666666666, 54.45209166666667], [18.878828333333335, 54.45211], [18.87825666666667, 54.452128333333334], [18.879336666666667, 54.45209166666667], [18.8796, 54.45216166666667], [18.879416666666668, 54.45214], [18.879201666666667, 54.45215333333333], [18.87899666666667, 54.452106666666666], [18.87764333333333, 54.45223166666666], [18.877361666666665, 54.45235666666667], [18.877268333333333, 54.452443333333335], [18.87769666666667, 54.452365], [18.87906333333333, 54.45219833333333], [18.878848333333334, 54.452235], [18.879213333333333, 54.45227666666666], [18.878998333333335, 54.45238166666666], [18.879303333333333, 54.45243666666667], [18.87788833333333, 54.45281], [18.876753333333333, 54.45300666666667], [18.876340000000003, 54.45324166666667], [18.876711666666665, 54.45308833333333], [18.876303333333333, 54.45329], [18.87559333333333, 54.454010000000004], [18.875786666666666, 54.454269999999994], [18.87563, 54.45390166666667], [18.876246666666667, 54.45315], [18.87858333333333, 54.452325], [18.880550000000003, 54.452508333333334], [18.880319999999998, 54.45243833333333], [18.880503333333333, 54.45248333333333], [18.880266666666667, 54.45235], [18.880558333333333, 54.45249333333334], [18.88095, 54.45256333333334], [18.88035, 54.452414999999995], [18.880238333333335, 54.45239], [18.88033, 54.452418333333334], [18.880903333333332, 54.452585], [18.88083, 54.452565], [18.881293333333335, 54.45282833333333], [18.880903333333332, 54.452663333333334], [18.881548333333335, 54.45300666666667], [18.881325, 54.45291333333333], [18.880295, 54.45250166666666], [18.880186666666667, 54.45253], [18.880708333333335, 54.45275], [18.88138, 54.45318666666667], [18.88199, 54.45389], [18.881404999999997, 54.455490000000005], [18.879693333333332, 54.456246666666665], [18.879138333333334, 54.456336666666665], [18.879626666666663, 54.456273333333336], [18.880229999999997, 54.456195], [18.879955, 54.456271666666666], [18.879923333333334, 54.45626333333333], [18.879691666666666, 54.45637333333333], [18.88010166666667, 54.45636666666667], [18.880351666666666, 54.456403333333334], [18.880278333333333, 54.456424999999996], [18.880441666666666, 54.45636833333333], [18.880443333333336, 54.45632666666667], [18.880251666666666, 54.45636833333333], [18.879663333333333, 54.456480000000006], [18.878908333333335, 54.45657166666667], [18.877971666666667, 54.45649], [18.877731666666666, 54.45648833333333]]}, "properties": {"label": "DF MYSTRAS", "mmsi": "636021311", "imo": "9941702", "name": "DF MYSTRAS", "shiptype": "", "first_seen_utc": "2026-01-06T13:48:41Z", "last_seen_utc": "2026-01-13T04:00:30Z", "destination": "LY ESI>PL GDN", "eta": "{'Day': 10, 'Hour': 15, 'Minute': 30, 'Month': 1}", "display": "", "links": "<a href=\"https://www.vesselfinder.com/vessels?name=9941702\" target=\"_blank\" rel=\"noopener\">VesselFinder</a> | <a href=\"https://www.marinetraffic.com/en/ais/search/all?keyword=9941702\" target=\"_blank\" rel=\"noopener\">MarineTraffic</a>", "vf_url": "https://www.vesselfinder.com/vessels?name=9941702", "mst_url": "https://www.marinetraffic.com/en/ais/search/all?keyword=9941702", "method": "v3_2pass_track3d_fromru10d", "ru_seen_in_lookback": true, "in_monitor_on_day": true}}, {"type": "Feature", "geometry": {"type": "Point", "coordinates": [18.877731666666666, 54.45648833333333]}, "properties": {"label": "DF MYSTRAS", "mmsi": "636021311", "imo": "9941702", "name": "DF MYSTRAS", "shiptype": "", "first_seen_utc": "2026-01-06T13:48:41Z", "last_seen_utc": "2026-01-13T04:00:30Z", "destination": "LY ESI>PL GDN", "eta": "{'Day': 10, 'Hour': 15, 'Minute': 30, 'Month': 1}", "display": "DF MYSTRAS (636021311)", "links": "<a href=\"https://www.vesselfinder.com/vessels?name=9941702\" target=\"_blank\" rel=\"noopener\">VesselFinder</a> | <a href=\"https://www.marinetraffic.com/en/ais/search/all?keyword=9941702\" target=\"_blank\" rel=\"noopener\">MarineTraffic</a>", "vf_url": "https://www.vesselfinder.com/vessels?name=9941702", "mst_url": "https://www.marinetraffic.com/en/ais/search/all?keyword=9941702", "method": "v3_2pass_track3d_fromru10d", "ru_seen_in_lookback": true, "in_monitor_on_day": true}}, {"type": "Feature", "geometry": {"type": "LineString", "coordinates": [[18.801875, 54.60219], [18.801818333333333, 54.602225], [18.80181333333333, 54.60219333333334], [18.801828333333333, 54.602198333333334], [18.80185, 54.602185], [18.80185, 54.6022], [18.80182166666667, 54.60218833333333], [18.801823333333335, 54.60218], [18.801848333333332, 54.60218166666667], [18.80183333333333, 54.602198333333334], [18.801795000000002, 54.60218166666667], [18.80182166666667, 54.602198333333334], [18.801853333333334, 54.602203333333335], [18.801841666666668, 54.60220833333334], [18.80183333333333, 54.60219], [18.801838333333333, 54.60217333333333], [18.801840000000002, 54.60218666666666], [18.801856666666666, 54.60218333333333], [18.80183, 54.60218166666667], [18.801831666666665, 54.60215166666667], [18.801811666666666, 54.60218333333333], [18.80183, 54.60219666666667], [18.801825, 54.60219], [18.801841666666668, 54.602205000000005], [18.794228333333333, 54.58856333333333], [18.86788, 54.54777833333333], [18.9486, 54.509495], [19.043709999999997, 54.48111666666667], [19.080451666666665, 54.44909666666667], [19.11052, 54.435195], [19.150148333333334, 54.44852], [19.276005, 54.438586666666666], [19.232073333333336, 54.44062833333333], [19.18507, 54.435605], [19.151135, 54.434778333333334], [19.11985333333333, 54.44222666666667], [19.087953333333335, 54.446133333333336], [19.056508333333333, 54.45307666666667], [19.03928, 54.468891666666664], [19.07546166666667, 54.47695], [19.057826666666664, 54.475723333333335], [18.964760000000002, 54.506255], [18.87470666666667, 54.538628333333335], [18.801341666666666, 54.584878333333336], [18.801795000000002, 54.60218], [18.80345833333333, 54.60068166666667], [18.801845, 54.60220833333334], [18.801861666666664, 54.60219666666667], [18.801848333333332, 54.60219166666666], [18.801840000000002, 54.602198333333334], [18.801838333333333, 54.6022], [18.801818333333333, 54.60220833333334], [18.801848333333332, 54.602215], [18.801859999999998, 54.60219166666666], [18.801838333333333, 54.60219666666667], [18.801848333333332, 54.60221833333333], [18.801841666666668, 54.602203333333335], [18.801848333333332, 54.602203333333335], [18.801840000000002, 54.602198333333334], [18.801826666666667, 54.60218333333333], [18.80182166666667, 54.60218666666666], [18.801816666666664, 54.60221333333333], [18.801814999999998, 54.60217166666666], [18.801840000000002, 54.602185], [18.801798333333334, 54.60218], [18.801818333333333, 54.602198333333334]]}, "properties": {"label": "LEB-7", "mmsi": "261000830", "imo": "8799877", "name": "LEB-7", "shiptype": "", "first_seen_utc": "2026-01-06T16:20:27Z", "last_seen_utc": "2026-01-13T04:03:30Z", "destination": "HEL", "eta": "{'Day': 0, 'Hour': 24, 'Minute': 60, 'Month': 0}", "display": "", "links": "<a href=\"https://www.vesselfinder.com/vessels?name=8799877\" target=\"_blank\" rel=\"noopener\">VesselFinder</a> | <a href=\"https://www.marinetraffic.com/en/ais/search/all?keyword=8799877\" target=\"_blank\" rel=\"noopener\">MarineTraffic</a>", "vf_url": "https://www.vesselfinder.com/vessels?name=8799877", "mst_url": "https://www.marinetraffic.com/en/ais/search/all?keyword=8799877", "method": "v3_2pass_track3d_fromru10d", "ru_seen_in_lookback": true, "in_monitor_on_day": true}}, {"type": "Feature", "geometry": {"type": "Point", "coordinates": [18.801818333333333, 54.602198333333334]}, "properties": {"label": "LEB-7", "mmsi": "261000830", "imo": "8799877", "name": "LEB-7", "shiptype": "", "first_seen_utc": "2026-01-06T16:20:27Z", "last_seen_utc": "2026-01-13T04:03:30Z", "destination": "HEL", "eta": "{'Day': 0, 'Hour': 24, 'Minute': 60, 'Month': 0}", "display": "LEB-7 (261000830)", "links": "<a href=\"https://www.vesselfinder.com/vessels?name=8799877\" target=\"_blank\" rel=\"noopener\">VesselFinder</a> | <a href=\"https://www.marinetraffic.com/en/ais/search/all?keyword=8799877\" target=\"_blank\" rel=\"noopener\">MarineTraffic</a>", "vf_url": "https://www.vesselfinder.com/vessels?name=8799877", "mst_url": "https://www.marinetraffic.com/en/ais/search/all?keyword=8799877", "method": "v3_2pass_track3d_fromru10d", "ru_seen_in_lookback": true, "in_monitor_on_day": true}}, {"type": "Feature", "geometry": {"type": "LineString", "coordinates": [[18.240231666666666, 54.91973333333333], [18.34759, 54.923201666666664], [18.463343333333334, 54.925585], [18.599731666666667, 54.92252166666666], [18.735875, 54.876515000000005], [18.876318333333334, 54.817413333333334], [18.993858333333332, 54.749608333333335], [19.058088333333334, 54.65676], [19.035773333333335, 54.564991666666664], [18.96968, 54.48206833333334], [18.874748333333333, 54.447255000000006], [18.841695, 54.457505], [18.840888333333332, 54.455711666666666], [18.842566666666666, 54.455535000000005], [18.842616666666668, 54.45543333333333], [18.84138, 54.455505], [18.842735, 54.45535333333333], [18.841986666666667, 54.455346666666664], [18.842271666666665, 54.455355000000004], [18.842468333333333, 54.455345], [18.842660000000002, 54.45535666666667], [18.84353666666667, 54.45538666666666], [18.84216, 54.45534833333333], [18.842679999999998, 54.45520666666666], [18.842378333333333, 54.455193333333334], [18.8433, 54.45522166666667], [18.842621666666666, 54.455175000000004], [18.842651666666665, 54.45514166666667], [18.842431666666666, 54.455180000000006], [18.843256666666665, 54.455243333333335], [18.842188333333336, 54.45514166666667], [18.843268333333334, 54.455178333333336], [18.84279666666667, 54.455165], [18.842561666666665, 54.455135000000006], [18.842695, 54.45514], [18.84270666666667, 54.45521833333333], [18.842578333333332, 54.455220000000004], [18.841806666666667, 54.455223333333336], [18.841936666666665, 54.455241666666666], [18.841146666666667, 54.45538166666667], [18.84209, 54.45521], [18.841336666666667, 54.45536833333333], [18.841450000000002, 54.45549166666667], [18.841330000000003, 54.455391666666664], [18.841835, 54.455333333333336], [18.84146666666667, 54.45545666666667], [18.841535, 54.455416666666665], [18.84080833333333, 54.45561166666666], [18.840141666666668, 54.45588333333333], [18.83964, 54.45641666666667], [18.84008, 54.45625333333333], [18.840571666666666, 54.45596166666667], [18.840598333333332, 54.45590333333334], [18.841896666666667, 54.45585166666667], [18.843876666666667, 54.45553666666667], [18.842086666666667, 54.45540833333334], [18.841093333333333, 54.45586], [18.842906666666668, 54.45530833333333], [18.842591666666667, 54.45529833333333], [18.843045, 54.455378333333336], [18.84317666666667, 54.455435], [18.84350166666667, 54.455270000000006], [18.84350166666667, 54.4553], [18.843786666666666, 54.45535666666667], [18.843935, 54.45536166666667], [18.84374, 54.45533833333333], [18.843818333333335, 54.45538166666667], [18.844025, 54.455423333333336], [18.84423333333333, 54.45548333333333], [18.844541666666665, 54.455704999999995], [18.84419, 54.45554], [18.84376166666667, 54.456255000000006], [18.840775, 54.44693333333333], [18.825301666666668, 54.418185], [18.718745000000002, 54.397360000000006], [18.711661666666664, 54.39227], [18.711673333333334, 54.392230000000005], [18.711663333333334, 54.39223333333334], [18.71168, 54.39224166666667], [18.711655, 54.392228333333335], [18.711665, 54.39223833333333], [18.711671666666668, 54.39225166666667], [18.711673333333334, 54.39225166666667], [18.71166, 54.392266666666664], [18.711675, 54.39225166666667], [18.71163, 54.39224166666667], [18.71163, 54.39223666666667], [18.711655, 54.39224166666667], [18.711668333333332, 54.39226333333333], [18.711658333333332, 54.392266666666664], [18.711671666666668, 54.39226833333333], [18.71166, 54.39226], [18.711675, 54.392246666666665], [18.711663333333334, 54.39223833333333], [18.711726666666667, 54.39222666666667], [18.711675, 54.392248333333335]]}, "properties": {"label": "BENJAMIN OLDENDORFF", "mmsi": "255806325", "imo": "9853034", "name": "BENJAMIN OLDENDORFF", "shiptype": "", "first_seen_utc": "2026-01-06T19:40:43Z", "last_seen_utc": "2026-01-13T03:36:48Z", "destination": "PL GDN", "eta": "{'Day': 11, 'Hour': 5, 'Minute': 0, 'Month': 1}", "display": "", "links": "<a href=\"https://www.vesselfinder.com/vessels?name=9853034\" target=\"_blank\" rel=\"noopener\">VesselFinder</a> | <a href=\"https://www.marinetraffic.com/en/ais/search/all?keyword=9853034\" target=\"_blank\" rel=\"noopener\">MarineTraffic</a>", "vf_url": "https://www.vesselfinder.com/vessels?name=9853034", "mst_url": "https://www.marinetraffic.com/en/ais/search/all?keyword=9853034", "method": "v3_2pass_track3d_fromru10d", "ru_seen_in_lookback": true, "in_monitor_on_day": true}}, {"type": "Feature", "geometry": {"type": "Point", "coordinates": [18.711675, 54.392248333333335]}, "properties": {"label": "BENJAMIN OLDENDORFF", "mmsi": "255806325", "imo": "9853034", "name": "BENJAMIN OLDENDORFF", "shiptype": "", "first_seen_utc": "2026-01-06T19:40:43Z", "last_seen_utc": "2026-01-13T03:36:48Z", "destination": "PL GDN", "eta": "{'Day': 11, 'Hour': 5, 'Minute': 0, 'Month': 1}", "display": "BENJAMIN OLDENDORFF (255806325)", "links": "<a href=\"https://www.vesselfinder.com/vessels?name=9853034\" target=\"_blank\" rel=\"noopener\">VesselFinder</a> | <a href=\"https://www.marinetraffic.com/en/ais/search/all?keyword=9853034\" target=\"_blank\" rel=\"noopener\">MarineTraffic</a>", "vf_url": "https://www.vesselfinder.com/vessels?name=9853034", "mst_url": "https://www.marinetraffic.com/en/ais/search/all?keyword=9853034", "method": "v3_2pass_track3d_fromru10d", "ru_seen_in_lookback": true, "in_monitor_on_day": true}}, {"type": "Feature", "geometry": {"type": "LineString", "coordinates": [[18.887391666666666, 54.43994166666666], [18.885628333333333, 54.440041666666666], [18.88643, 54.43980333333333], [18.887448333333335, 54.440025], [18.887366666666665, 54.43989166666667], [18.88714333333333, 54.440365], [18.88619, 54.43957666666667], [18.885528333333333, 54.439598333333336], [18.885434999999998, 54.439546666666665], [18.88554333333333, 54.43958166666666], [18.886603333333333, 54.43951833333333], [18.886671666666665, 54.439555000000006], [18.88489333333333, 54.43958666666666], [18.884580000000003, 54.439625], [18.884956666666668, 54.43968333333333], [18.88581, 54.439589999999995], [18.885928333333332, 54.43962666666666], [18.885188333333335, 54.439658333333334], [18.885241666666666, 54.43954333333333], [18.885996666666664, 54.43956166666667], [18.88615, 54.439535], [18.88629, 54.43956], [18.886755, 54.43958166666666], [18.885611666666666, 54.43954833333333], [18.88714333333333, 54.439600000000006], [18.886128333333332, 54.43949], [18.887741666666667, 54.439753333333336], [18.88714, 54.43960833333333], [18.886491666666664, 54.43949166666666], [18.88628, 54.43947], [18.887631666666667, 54.439721666666664], [18.88795, 54.43973666666667], [18.885928333333332, 54.43953333333333], [18.886956666666666, 54.43957833333333], [18.886773333333334, 54.439568333333334], [18.88597, 54.43951333333334], [18.886378333333333, 54.43951833333333], [18.886671666666665, 54.43954833333333], [18.88644833333333, 54.439505000000004], [18.887218333333333, 54.43962], [18.88665, 54.439615], [18.88609166666667, 54.439478333333334], [18.886588333333336, 54.43955833333334], [18.88594833333333, 54.439544999999995], [18.88511833333333, 54.43981333333333], [18.88544166666667, 54.43971], [18.885595000000002, 54.439676666666664], [18.885893333333335, 54.43969833333333], [18.886146666666665, 54.439715], [18.887116666666667, 54.439805], [18.885715, 54.43979], [18.886338333333335, 54.439845], [18.885659999999998, 54.439805], [18.884871666666665, 54.440039999999996], [18.885493333333333, 54.440129999999996], [18.88615, 54.44014333333334], [18.885786666666668, 54.44012], [18.88577666666667, 54.43995833333334], [18.887043333333335, 54.439973333333334], [18.886941666666665, 54.440039999999996], [18.88648, 54.439769999999996], [18.886253333333332, 54.43991333333334], [18.886396666666666, 54.440025], [18.88694333333333, 54.439780000000006], [18.887031666666665, 54.43971333333333], [18.887345, 54.439766666666664], [18.887223333333335, 54.43971], [18.887675, 54.439793333333334], [18.887864999999998, 54.439805], [18.887661666666666, 54.439798333333336], [18.887075, 54.439688333333336], [18.887528333333332, 54.43973166666667], [18.887698333333333, 54.439796666666666], [18.88766, 54.439780000000006], [18.887623333333334, 54.439838333333334], [18.887681666666666, 54.439843333333336], [18.887518333333333, 54.43978833333333], [18.887983333333334, 54.439985], [18.887528333333332, 54.43981833333333], [18.886695, 54.43974], [18.88689833333333, 54.43976166666666], [18.886745, 54.43992], [18.887321666666665, 54.440081666666664], [18.888256666666667, 54.44045666666667], [18.888176666666666, 54.44136], [18.886793333333333, 54.442915], [18.885585, 54.443039999999996], [18.885385, 54.44295666666667], [18.885951666666664, 54.44308], [18.88608833333333, 54.44309], [18.88631333333333, 54.44305], [18.88599, 54.44307333333334], [18.886211666666668, 54.44312166666667], [18.886785, 54.443099999999994], [18.88692166666667, 54.44321166666667], [18.886998333333334, 54.44331], [18.887138333333333, 54.44325333333334], [18.886955, 54.443275], [18.88654, 54.44331666666667], [18.885885, 54.443311666666666], [18.885476666666666, 54.443308333333334], [18.88489333333333, 54.44318], [18.885088333333332, 54.443263333333334]]}, "properties": {"label": "SEALING", "mmsi": "211397660", "imo": "9251652", "name": "SEALING", "shiptype": "", "first_seen_utc": "2026-01-07T12:22:09Z", "last_seen_utc": "2026-01-13T04:01:17Z", "destination": "PLGDN ANCH5", "eta": "{'Day': 7, 'Hour': 16, 'Minute': 0, 'Month': 1}", "display": "", "links": "<a href=\"https://www.vesselfinder.com/vessels?name=9251652\" target=\"_blank\" rel=\"noopener\">VesselFinder</a> | <a href=\"https://www.marinetraffic.com/en/ais/search/all?keyword=9251652\" target=\"_blank\" rel=\"noopener\">MarineTraffic</a>", "vf_url": "https://www.vesselfinder.com/vessels?name=9251652", "mst_url": "https://www.marinetraffic.com/en/ais/search/all?keyword=9251652", "method": "v3_2pass_track3d_fromru10d", "ru_seen_in_lookback": true, "in_monitor_on_day": true}}, {"type": "Feature", "geometry": {"type": "Point", "coordinates": [18.885088333333332, 54.443263333333334]}, "properties": {"label": "SEALING", "mmsi": "211397660", "imo": "9251652", "name": "SEALING", "shiptype": "", "first_seen_utc": "2026-01-07T12:22:09Z", "last_seen_utc": "2026-01-13T04:01:17Z", "destination": "PLGDN ANCH5", "eta": "{'Day': 7, 'Hour': 16, 'Minute': 0, 'Month': 1}", "display": "SEALING (211397660)", "links": "<a href=\"https://www.vesselfinder.com/vessels?name=9251652\" target=\"_blank\" rel=\"noopener\">VesselFinder</a> | <a href=\"https://www.marinetraffic.com/en/ais/search/all?keyword=9251652\" target=\"_blank\" rel=\"noopener\">MarineTraffic</a>", "vf_url": "https://www.vesselfinder.com/vessels?name=9251652", "mst_url": "https://www.marinetraffic.com/en/ais/search/all?keyword=9251652", "method": "v3_2pass_track3d_fromru10d", "ru_seen_in_lookback": true, "in_monitor_on_day": true}}, {"type": "Feature", "geometry": {"type": "LineString", "coordinates": [[18.647949999999998, 54.37269666666667], [18.64792, 54.372679999999995], [18.647955000000003, 54.372679999999995], [18.647941666666668, 54.372706666666666], [18.647983333333332, 54.37264666666667], [18.64787, 54.37271333333333], [18.647938333333332, 54.37271333333333], [18.64793166666667, 54.372706666666666], [18.64793166666667, 54.372719999999994], [18.64793166666667, 54.372719999999994], [18.647916666666667, 54.37269666666667], [18.64787833333333, 54.37271333333333], [18.647904999999998, 54.37269666666667], [18.64792, 54.372719999999994], [18.647928333333333, 54.37269666666667], [18.647896666666668, 54.37269666666667], [18.647916666666667, 54.372679999999995], [18.647941666666668, 54.372719999999994], [18.647925, 54.37269666666667], [18.647941666666668, 54.372706666666666], [18.647898333333334, 54.372706666666666], [18.647896666666668, 54.37269666666667], [18.647933333333334, 54.37269666666667], [18.64795666666667, 54.37271333333333], [18.64795666666667, 54.372719999999994], [18.647951666666664, 54.37271333333333], [18.647946666666666, 54.372640000000004], [18.647936666666666, 54.372679999999995], [18.647925, 54.372679999999995], [18.647949999999998, 54.372706666666666], [18.647975, 54.372679999999995], [18.647925, 54.372730000000004], [18.64788, 54.372679999999995], [18.64795666666667, 54.37269666666667], [18.647896666666668, 54.372679999999995], [18.647925, 54.37269666666667], [18.647916666666667, 54.37271333333333], [18.647963333333333, 54.37269666666667], [18.647925, 54.37271333333333], [18.647904999999998, 54.37269666666667], [18.647943333333334, 54.372679999999995], [18.647913333333335, 54.37269666666667], [18.647916666666667, 54.372679999999995], [18.64796833333333, 54.37269666666667], [18.647955000000003, 54.37267333333333], [18.647951666666664, 54.37269666666667], [18.647941666666668, 54.37271333333333], [18.647943333333334, 54.37269666666667], [18.64793166666667, 54.37269666666667], [18.647925, 54.37271333333333], [18.647943333333334, 54.372679999999995], [18.64790833333333, 54.372706666666666], [18.6479, 54.37271333333333], [18.647949999999998, 54.37267333333333], [18.647915, 54.37269666666667], [18.64790833333333, 54.37269666666667], [18.647916666666667, 54.372679999999995], [18.647915, 54.37269666666667], [18.647971666666667, 54.37271333333333], [18.64793166666667, 54.372679999999995], [18.64792333333333, 54.37269666666667], [18.64787833333333, 54.372753333333335], [18.647915, 54.37271333333333], [18.64793166666667, 54.372706666666666], [18.647936666666666, 54.37269666666667], [18.647881666666667, 54.372679999999995], [18.647933333333334, 54.372679999999995], [18.64789, 54.37271333333333], [18.647904999999998, 54.372679999999995], [18.647916666666667, 54.37267333333333], [18.647898333333334, 54.372719999999994], [18.647913333333335, 54.37271333333333], [18.647925, 54.372640000000004], [18.647938333333332, 54.372663333333335], [18.6479, 54.372679999999995], [18.647913333333335, 54.372679999999995], [18.647916666666667, 54.37271333333333], [18.647896666666668, 54.37269666666667], [18.64793166666667, 54.372719999999994], [18.64800166666667, 54.37269666666667], [18.647936666666666, 54.372706666666666], [18.64793166666667, 54.372706666666666], [18.647898333333334, 54.37269666666667], [18.647915, 54.372679999999995], [18.647906666666664, 54.37269666666667], [18.647845, 54.372679999999995], [18.647904999999998, 54.372706666666666], [18.647943333333334, 54.372706666666666], [18.647915, 54.372706666666666], [18.647941666666668, 54.37267333333333], [18.64787833333333, 54.37269666666667], [18.647925, 54.372746666666664], [18.647936666666666, 54.37271333333333], [18.647983333333332, 54.37269666666667], [18.6479, 54.372719999999994], [18.647915, 54.37269666666667], [18.647916666666667, 54.37269666666667], [18.647941666666668, 54.372706666666666], [18.64796833333333, 54.372719999999994], [18.647865000000003, 54.37269666666667], [18.647843333333334, 54.372746666666664], [18.647888333333334, 54.372719999999994], [18.647913333333335, 54.372679999999995]]}, "properties": {"label": "ERLEND", "mmsi": "275031017", "imo": "8820339", "name": "ERLEND", "shiptype": "", "first_seen_utc": "2026-01-07T15:20:51Z", "last_seen_utc": "2026-01-13T03:56:45Z", "destination": "PLGDN", "eta": "{'Day': 8, 'Hour': 8, 'Minute': 0, 'Month': 1}", "display": "", "links": "<a href=\"https://www.vesselfinder.com/vessels?name=8820339\" target=\"_blank\" rel=\"noopener\">VesselFinder</a> | <a href=\"https://www.marinetraffic.com/en/ais/search/all?keyword=8820339\" target=\"_blank\" rel=\"noopener\">MarineTraffic</a>", "vf_url": "https://www.vesselfinder.com/vessels?name=8820339", "mst_url": "https://www.marinetraffic.com/en/ais/search/all?keyword=8820339", "method": "v3_2pass_track3d_fromru10d", "ru_seen_in_lookback": true, "in_monitor_on_day": true}}, {"type": "Feature", "geometry": {"type": "Point", "coordinates": [18.647913333333335, 54.372679999999995]}, "properties": {"label": "ERLEND", "mmsi": "275031017", "imo": "8820339", "name": "ERLEND", "shiptype": "", "first_seen_utc": "2026-01-07T15:20:51Z", "last_seen_utc": "2026-01-13T03:56:45Z", "destination": "PLGDN", "eta": "{'Day': 8, 'Hour': 8, 'Minute': 0, 'Month': 1}", "display": "ERLEND (275031017)", "links": "<a href=\"https://www.vesselfinder.com/vessels?name=8820339\" target=\"_blank\" rel=\"noopener\">VesselFinder</a> | <a href=\"https://www.marinetraffic.com/en/ais/search/all?keyword=8820339\" target=\"_blank\" rel=\"noopener\">MarineTraffic</a>", "vf_url": "https://www.vesselfinder.com/vessels?name=8820339", "mst_url": "https://www.marinetraffic.com/en/ais/search/all?keyword=8820339", "method": "v3_2pass_track3d_fromru10d", "ru_seen_in_lookback": true, "in_monitor_on_day": true}}, {"type": "Feature", "geometry": {"type": "Point", "coordinates": [18.719299999999997, 54.400666666666666]}, "properties": {"label": "255806516", "mmsi": "255806516", "imo": "", "name": "", "shiptype": "", "first_seen_utc": "2026-01-08T05:55:10Z", "last_seen_utc": "2026-01-13T02:29:04Z", "destination": "", "eta": "", "display": "255806516 (255806516)", "links": "<a href=\"https://www.vesselfinder.com/vessels?name=255806516\" target=\"_blank\" rel=\"noopener\">VesselFinder</a> | <a href=\"https://www.marinetraffic.com/en/ais/search/all?keyword=255806516\" target=\"_blank\" rel=\"noopener\">MarineTraffic</a>", "vf_url": "https://www.vesselfinder.com/vessels?name=255806516", "mst_url": "https://www.marinetraffic.com/en/ais/search/all?keyword=255806516", "method": "v3_2pass_track3d_fromru10d", "ru_seen_in_lookback": true, "in_monitor_on_day": true}}, {"type": "Feature", "geometry": {"type": "LineString", "coordinates": [[10.081905, 57.87252], [9.841615, 57.84193833333333], [9.639733333333334, 57.77249666666667], [9.431963333333334, 57.693275], [9.238155, 57.6201], [9.042898333333333, 57.545075], [8.83489, 57.468935], [8.424906666666667, 57.32476], [8.225031666666666, 57.22418833333334], [4.679626666666667, 53.67178833333333], [4.609443333333333, 53.546995], [4.557708333333333, 53.41798166666667], [4.48372, 53.29257333333333], [4.382561666666667, 53.17914666666666], [4.225475, 53.087196666666664], [4.0578883333333335, 52.99308166666666], [3.332241666666667, 51.97251666666667], [3.2856650000000003, 51.846875], [3.241496666666667, 51.73615333333333], [3.3540383333333335, 51.62321833333333], [3.454086666666667, 51.50716666666666], [3.585665, 51.433945], [3.7338250000000004, 51.37304666666667], [3.95099, 51.387605], [4.05057, 51.37662833333333], [4.21967, 51.36819833333333], [4.269056666666667, 51.30037166666667], [4.247648333333333, 51.27897166666666], [4.247651666666667, 51.278969999999994], [4.21871, 51.278475], [4.218653333333333, 51.27849833333333], [4.218656666666667, 51.278495], [4.218655, 51.27849833333333], [4.218651666666667, 51.27849833333333], [4.218653333333333, 51.27850166666666], [4.218656666666667, 51.2785], [4.21866, 51.27850166666666], [4.2459766666666665, 51.27740333333334], [4.247071666666667, 51.278355000000005], [4.272343333333334, 51.30858166666667], [4.196083333333333, 51.39783333333333], [4.034326666666667, 51.40532833333334], [3.916333333333333, 51.368336666666664], [3.7121666666666666, 51.39510166666666], [3.5743416666666668, 51.43219166666667], [3.346675, 51.40842333333333], [3.111523333333333, 51.401575], [2.8893433333333336, 51.37984666666667], [2.7024683333333335, 51.37478], [2.5834566666666663, 51.38047666666667], [2.4613316666666667, 51.375115], [2.3429383333333336, 51.35449833333333], [2.1942049999999997, 51.370160000000006], [2.07578, 51.396899999999995]]}, "properties": {"label": "FINNECO III", "mmsi": "230700000", "imo": "9856854", "name": "FINNECO III", "shiptype": "", "first_seen_utc": "2026-01-09T12:25:38Z", "last_seen_utc": "2026-01-13T03:45:37Z", "destination": "SHEERNESS", "eta": "{'Day': 13, 'Hour': 9, 'Minute': 0, 'Month': 1}", "display": "", "links": "<a href=\"https://www.vesselfinder.com/vessels?name=9856854\" target=\"_blank\" rel=\"noopener\">VesselFinder</a> | <a href=\"https://www.marinetraffic.com/en/ais/search/all?keyword=9856854\" target=\"_blank\" rel=\"noopener\">MarineTraffic</a>", "vf_url": "https://www.vesselfinder.com/vessels?name=9856854", "mst_url": "https://www.marinetraffic.com/en/ais/search/all?keyword=9856854", "method": "v3_2pass_track3d_fromru10d", "ru_seen_in_lookback": true, "in_monitor_on_day": true}}, {"type": "Feature", "geometry": {"type": "Point", "coordinates": [2.07578, 51.396899999999995]}, "properties": {"label": "FINNECO III", "mmsi": "230700000", "imo": "9856854", "name": "FINNECO III", "shiptype": "", "first_seen_utc": "2026-01-09T12:25:38Z", "last_seen_utc": "2026-01-13T03:45:37Z", "destination": "SHEERNESS", "eta": "{'Day': 13, 'Hour': 9, 'Minute': 0, 'Month': 1}", "display": "FINNECO III (230700000)", "links": "<a href=\"https://www.vesselfinder.com/vessels?name=9856854\" target=\"_blank\" rel=\"noopener\">VesselFinder</a> | <a href=\"https://www.marinetraffic.com/en/ais/search/all?keyword=9856854\" target=\"_blank\" rel=\"noopener\">MarineTraffic</a>", "vf_url": "https://www.vesselfinder.com/vessels?name=9856854", "mst_url": "https://www.marinetraffic.com/en/ais/search/all?keyword=9856854", "method": "v3_2pass_track3d_fromru10d", "ru_seen_in_lookback": true, "in_monitor_on_day": true}}, {"type": "Feature", "geometry": {"type": "LineString", "coordinates": [[18.50687333333333, 54.545395], [18.506948333333334, 54.54548833333333], [18.506981666666665, 54.54550666666667], [18.506913333333333, 54.5455], [18.506936666666665, 54.545494999999995], [18.506961666666665, 54.545515], [18.506951666666666, 54.545505000000006], [18.50699, 54.545545], [18.506931666666667, 54.545473333333334], [18.506916666666665, 54.545485], [18.50695, 54.545485], [18.506955, 54.54549833333333], [18.506928333333335, 54.54551666666667], [18.506966666666663, 54.54551666666667], [18.506964999999997, 54.54552833333333], [18.506935, 54.54553833333333], [18.506906666666666, 54.545548333333336], [18.506923333333337, 54.545496666666665], [18.50693, 54.545503333333336], [18.506876666666667, 54.54552666666667], [18.506896666666666, 54.545505000000006], [18.506956666666667, 54.54553833333333], [18.506966666666663, 54.54553833333333], [18.506946666666668, 54.545501666666674], [18.506923333333337, 54.54551166666667], [18.506976666666667, 54.54552666666667], [18.506970000000003, 54.545523333333335], [18.506948333333334, 54.54548833333333], [18.50696333333333, 54.545515], [18.506948333333334, 54.54552833333333], [18.506915, 54.545503333333336], [18.506923333333337, 54.54546833333333], [18.506964999999997, 54.54550833333334], [18.506843333333332, 54.545451666666665], [18.506893333333334, 54.54551166666667], [18.506928333333335, 54.54553833333333], [18.506888333333332, 54.54553], [18.506886666666666, 54.54548166666667], [18.50687, 54.545476666666666], [18.506891666666668, 54.545548333333336], [18.506973333333335, 54.54549833333333], [18.506891666666668, 54.545501666666674], [18.506966666666663, 54.545515], [18.506941666666666, 54.545496666666665], [18.506935, 54.54549166666666], [18.506943333333332, 54.545496666666665], [18.506953333333335, 54.54550833333334], [18.506986666666666, 54.545503333333336], [18.50698, 54.54551], [18.506933333333333, 54.545501666666674], [18.50697166666667, 54.545503333333336], [18.506948333333334, 54.54549166666666], [18.506944999999998, 54.54549166666666], [18.506905, 54.545503333333336], [18.506958333333333, 54.54548], [18.506956666666667, 54.54548833333333], [18.506936666666665, 54.5455], [18.506888333333332, 54.54551], [18.506964999999997, 54.5455], [18.506951666666666, 54.54549333333333], [18.506893333333334, 54.545521666666666], [18.506946666666668, 54.54551666666667], [18.506901666666668, 54.54551333333333], [18.506906666666666, 54.54549166666666], [18.506898333333332, 54.545546666666674], [18.506923333333337, 54.54553166666667], [18.506888333333332, 54.545550000000006], [18.506936666666665, 54.54550666666667], [18.50691833333333, 54.5455], [18.506935, 54.54549166666666], [18.506888333333332, 54.545473333333334], [18.506968333333337, 54.545525], [18.506911666666667, 54.545496666666665], [18.506966666666663, 54.545485], [18.506843333333332, 54.54546166666667], [18.506943333333332, 54.545485], [18.506913333333333, 54.5455], [18.506936666666665, 54.545523333333335], [18.50692666666667, 54.54551333333333], [18.50696, 54.545505000000006], [18.506911666666667, 54.545501666666674], [18.506916666666665, 54.545494999999995], [18.506815, 54.54551666666667], [18.506911666666667, 54.54549833333333], [18.506911666666667, 54.545458333333336], [18.506895, 54.54549333333333], [18.506944999999998, 54.54557333333333], [18.506908333333335, 54.54546666666667], [18.506916666666665, 54.545501666666674], [18.506941666666666, 54.54553333333333], [18.50683666666667, 54.54546833333333], [18.506916666666665, 54.54553166666667], [18.506935, 54.54550666666667], [18.506961666666665, 54.54549166666666], [18.506936666666665, 54.54551666666667], [18.506944999999998, 54.54551], [18.506944999999998, 54.545515], [18.506931666666667, 54.54548833333333], [18.506995, 54.54548833333333]]}, "properties": {"label": "YAMAN", "mmsi": "572882220", "imo": "9504944", "name": "YAMAN", "shiptype": "", "first_seen_utc": "2026-01-10T02:56:38Z", "last_seen_utc": "2026-01-13T03:53:47Z", "destination": "GDYNIA", "eta": "{'Day': 10, 'Hour': 2, 'Minute': 0, 'Month': 1}", "display": "", "links": "<a href=\"https://www.vesselfinder.com/vessels?name=9504944\" target=\"_blank\" rel=\"noopener\">VesselFinder</a> | <a href=\"https://www.marinetraffic.com/en/ais/search/all?keyword=9504944\" target=\"_blank\" rel=\"noopener\">MarineTraffic</a>", "vf_url": "https://www.vesselfinder.com/vessels?name=9504944", "mst_url": "https://www.marinetraffic.com/en/ais/search/all?keyword=9504944", "method": "v3_2pass_track3d_fromru10d", "ru_seen_in_lookback": true, "in_monitor_on_day": true}}, {"type": "Feature", "geometry": {"type": "Point", "coordinates": [18.506995, 54.54548833333333]}, "properties": {"label": "YAMAN", "mmsi": "572882220", "imo": "9504944", "name": "YAMAN", "shiptype": "", "first_seen_utc": "2026-01-10T02:56:38Z", "last_seen_utc": "2026-01-13T03:53:47Z", "destination": "GDYNIA", "eta": "{'Day': 10, 'Hour': 2, 'Minute': 0, 'Month': 1}", "display": "YAMAN (572882220)", "links": "<a href=\"https://www.vesselfinder.com/vessels?name=9504944\" target=\"_blank\" rel=\"noopener\">VesselFinder</a> | <a href=\"https://www.marinetraffic.com/en/ais/search/all?keyword=9504944\" target=\"_blank\" rel=\"noopener\">MarineTraffic</a>", "vf_url": "https://www.vesselfinder.com/vessels?name=9504944", "mst_url": "https://www.marinetraffic.com/en/ais/search/all?keyword=9504944", "method": "v3_2pass_track3d_fromru10d", "ru_seen_in_lookback": true, "in_monitor_on_day": true}}, {"type": "Feature", "geometry": {"type": "LineString", "coordinates": [[18.98591, 55.02048666666667], [18.99639, 54.91081666666666], [18.973988333333335, 54.80034], [18.956736666666664, 54.692258333333335], [18.982351666666666, 54.658405], [19.00421833333333, 54.64559833333333], [19.01534, 54.634413333333335], [19.018668333333334, 54.616075], [19.020323333333334, 54.59862833333333], [19.023476666666667, 54.581615000000006], [19.017485, 54.572919999999996], [19.008963333333334, 54.592895], [18.9996, 54.61103833333333], [18.993281666666668, 54.633315], [18.989093333333336, 54.657003333333336], [18.992813333333334, 54.64693], [18.994466666666664, 54.633565], [18.99647333333333, 54.620313333333335], [18.996488333333332, 54.60908333333334], [18.999235, 54.59905666666667], [19.002611666666667, 54.588721666666665], [19.006843333333332, 54.57900666666667], [19.010188333333335, 54.569608333333335], [19.00263, 54.596595], [19.002116666666666, 54.63701833333334], [18.988515, 54.66276333333334], [18.997091666666666, 54.65642833333333], [19.00482333333333, 54.650994999999995], [19.017666666666667, 54.64618666666667], [19.03078, 54.641510000000004], [19.046425, 54.63706833333333], [18.984645, 54.637344999999996], [18.987295, 54.633471666666665], [19.000958333333333, 54.62963166666667], [19.011689999999998, 54.62627833333333], [19.021818333333332, 54.622915], [19.03948, 54.62045833333333], [19.038711666666664, 54.62242833333333], [18.91383, 54.62245], [18.827238333333334, 54.55802666666667], [18.740221666666667, 54.49973833333333], [18.690818333333333, 54.466748333333335], [18.69021, 54.46333166666667], [18.689841666666666, 54.46313333333333], [18.690033333333336, 54.463231666666665], [18.69042166666667, 54.463528333333336], [18.690556666666666, 54.46360333333334], [18.690845000000003, 54.46395833333334], [18.69079, 54.46386], [18.69044166666667, 54.46356333333333], [18.690878333333334, 54.463985], [18.690916666666666, 54.464124999999996], [18.690884999999998, 54.46438166666667], [18.690976666666664, 54.464553333333335], [18.690808333333333, 54.464465000000004], [18.690536666666667, 54.464913333333335], [18.690504999999998, 54.46487833333333], [18.687945, 54.46564166666667], [18.687133333333335, 54.46545833333333], [18.687043333333335, 54.465415], [18.687661666666667, 54.46562166666667], [18.687593333333332, 54.46559833333333], [18.688376666666667, 54.46572833333333], [18.688213333333334, 54.46574833333333], [18.688733333333335, 54.46579333333333], [18.688313333333333, 54.46579166666667], [18.688423333333333, 54.465803333333334], [18.688231666666663, 54.465781666666665], [18.688406666666666, 54.46584], [18.68847333333333, 54.46581833333333], [18.688454999999998, 54.465831666666666], [18.688438333333334, 54.46581333333334], [18.687971666666666, 54.465775], [18.68783, 54.465741666666666], [18.687491666666666, 54.46568666666667]]}, "properties": {"label": "FRIO STAR", "mmsi": "354962000", "imo": "9172947", "name": "FRIO STAR", "shiptype": "", "first_seen_utc": "2026-01-11T13:32:31Z", "last_seen_utc": "2026-01-13T03:39:13Z", "destination": "PLGDN", "eta": "{'Day': 11, 'Hour': 16, 'Minute': 0, 'Month': 0}", "display": "", "links": "<a href=\"https://www.vesselfinder.com/vessels?name=9172947\" target=\"_blank\" rel=\"noopener\">VesselFinder</a> | <a href=\"https://www.marinetraffic.com/en/ais/search/all?keyword=9172947\" target=\"_blank\" rel=\"noopener\">MarineTraffic</a>", "vf_url": "https://www.vesselfinder.com/vessels?name=9172947", "mst_url": "https://www.marinetraffic.com/en/ais/search/all?keyword=9172947", "method": "v3_2pass_track3d_fromru10d", "ru_seen_in_lookback": true, "in_monitor_on_day": true}}, {"type": "Feature", "geometry": {"type": "Point", "coordinates": [18.687491666666666, 54.46568666666667]}, "properties": {"label": "FRIO STAR", "mmsi": "354962000", "imo": "9172947", "name": "FRIO STAR", "shiptype": "", "first_seen_utc": "2026-01-11T13:32:31Z", "last_seen_utc": "2026-01-13T03:39:13Z", "destination": "PLGDN", "eta": "{'Day': 11, 'Hour': 16, 'Minute': 0, 'Month': 0}", "display": "FRIO STAR (354962000)", "links": "<a href=\"https://www.vesselfinder.com/vessels?name=9172947\" target=\"_blank\" rel=\"noopener\">VesselFinder</a> | <a href=\"https://www.marinetraffic.com/en/ais/search/all?keyword=9172947\" target=\"_blank\" rel=\"noopener\">MarineTraffic</a>", "vf_url": "https://www.vesselfinder.com/vessels?name=9172947", "mst_url": "https://www.marinetraffic.com/en/ais/search/all?keyword=9172947", "method": "v3_2pass_track3d_fromru10d", "ru_seen_in_lookback": true, "in_monitor_on_day": true}}, {"type": "Feature", "geometry": {"type": "LineString", "coordinates": [[19.02206, 54.93384833333334], [19.00578833333333, 54.855985000000004], [18.990726666666667, 54.782990000000005], [18.966211666666666, 54.715385], [18.930335, 54.65281], [18.894795, 54.60985], [18.84906, 54.57153666666667], [18.794558333333335, 54.53754166666667], [18.746246666666664, 54.50230833333333], [18.697364999999998, 54.467378333333336], [18.65990833333333, 54.41135333333333], [18.662863333333334, 54.374541666666666], [18.663748333333334, 54.36465666666666], [18.663796666666666, 54.36465666666666], [18.663765, 54.36463833333333], [18.663838333333334, 54.364664999999995], [18.66374666666667, 54.364635], [18.66376166666667, 54.36461166666666], [18.66376, 54.364635], [18.66375833333333, 54.364626666666666], [18.663735, 54.364630000000005], [18.663815, 54.364623333333334], [18.66375833333333, 54.364623333333334], [18.663731666666667, 54.364628333333336], [18.663755, 54.364619999999995], [18.663776666666667, 54.36465666666666], [18.663785, 54.364668333333334], [18.66374, 54.364626666666666], [18.663776666666667, 54.36461], [18.663768333333334, 54.36463833333333], [18.663808333333336, 54.364619999999995], [18.66377333333333, 54.364628333333336], [18.66374, 54.36461166666666], [18.66377333333333, 54.36463833333333], [18.66376166666667, 54.36463166666667], [18.66375833333333, 54.364641666666664], [18.66379, 54.36463666666667], [18.663805, 54.364623333333334], [18.6638, 54.364625000000004], [18.66377333333333, 54.364626666666666], [18.663743333333333, 54.364615], [18.663745, 54.36461833333333], [18.663841666666666, 54.364668333333334], [18.663756666666664, 54.36465166666667], [18.66377333333333, 54.36463833333333], [18.660445, 54.38191166666666], [18.653470000000002, 54.41925166666667], [18.71901, 54.47356833333333], [18.809168333333332, 54.53095], [18.895111666666665, 54.58941166666667], [18.952568333333332, 54.656481666666664], [18.968118333333333, 54.73031833333334], [18.920953333333333, 54.79150333333334]]}, "properties": {"label": "MAXIMAR", "mmsi": "210674000", "imo": "9951862", "name": "MAXIMAR", "shiptype": "", "first_seen_utc": "2026-01-12T00:12:21Z", "last_seen_utc": "2026-01-13T03:49:01Z", "destination": "PLSZZ", "eta": "{'Day': 13, 'Hour': 23, 'Minute': 59, 'Month': 1}", "display": "", "links": "<a href=\"https://www.vesselfinder.com/vessels?name=9951862\" target=\"_blank\" rel=\"noopener\">VesselFinder</a> | <a href=\"https://www.marinetraffic.com/en/ais/search/all?keyword=9951862\" target=\"_blank\" rel=\"noopener\">MarineTraffic</a>", "vf_url": "https://www.vesselfinder.com/vessels?name=9951862", "mst_url": "https://www.marinetraffic.com/en/ais/search/all?keyword=9951862", "method": "v3_2pass_track3d_fromru10d", "ru_seen_in_lookback": true, "in_monitor_on_day": true}}, {"type": "Feature", "geometry": {"type": "Point", "coordinates": [18.920953333333333, 54.79150333333334]}, "properties": {"label": "MAXIMAR", "mmsi": "210674000", "imo": "9951862", "name": "MAXIMAR", "shiptype": "", "first_seen_utc": "2026-01-12T00:12:21Z", "last_seen_utc": "2026-01-13T03:49:01Z", "destination": "PLSZZ", "eta": "{'Day': 13, 'Hour': 23, 'Minute': 59, 'Month': 1}", "display": "MAXIMAR (210674000)", "links": "<a href=\"https://www.vesselfinder.com/vessels?name=9951862\" target=\"_blank\" rel=\"noopener\">VesselFinder</a> | <a href=\"https://www.marinetraffic.com/en/ais/search/all?keyword=9951862\" target=\"_blank\" rel=\"noopener\">MarineTraffic</a>", "vf_url": "https://www.vesselfinder.com/vessels?name=9951862", "mst_url": "https://www.marinetraffic.com/en/ais/search/all?keyword=9951862", "method": "v3_2pass_track3d_fromru10d", "ru_seen_in_lookback": true, "in_monitor_on_day": true}}, {"type": "Feature", "geometry": {"type": "LineString", "coordinates": [[19.2282, 54.804635], [19.108755, 54.830333333333336], [18.76091166666667, 54.90331666666667], [18.600945000000003, 54.93325]]}, "properties": {"label": "305184000", "mmsi": "305184000", "imo": "", "name": "", "shiptype": "", "first_seen_utc": "2026-01-12T21:59:13Z", "last_seen_utc": "2026-01-13T00:49:44Z", "destination": "", "eta": "", "display": "", "links": "<a href=\"https://www.vesselfinder.com/vessels?name=305184000\" target=\"_blank\" rel=\"noopener\">VesselFinder</a> | <a href=\"https://www.marinetraffic.com/en/ais/search/all?keyword=305184000\" target=\"_blank\" rel=\"noopener\">MarineTraffic</a>", "vf_url": "https://www.vesselfinder.com/vessels?name=305184000", "mst_url": "https://www.marinetraffic.com/en/ais/search/all?keyword=305184000", "method": "v3_2pass_track3d_fromru10d", "ru_seen_in_lookback": true, "in_monitor_on_day": true}}, {"type": "Feature", "geometry": {"type": "Point", "coordinates": [18.600945000000003, 54.93325]}, "properties": {"label": "305184000", "mmsi": "305184000", "imo": "", "name": "", "shiptype": "", "first_seen_utc": "2026-01-12T21:59:13Z", "last_seen_utc": "2026-01-13T00:49:44Z", "destination": "", "eta": "", "display": "305184000 (305184000)", "links": "<a href=\"https://www.vesselfinder.com/vessels?name=305184000\" target=\"_blank\" rel=\"noopener\">VesselFinder</a> | <a href=\"https://www.marinetraffic.com/en/ais/search/all?keyword=305184000\" target=\"_blank\" rel=\"noopener\">MarineTraffic</a>", "vf_url": "https://www.vesselfinder.com/vessels?name=305184000", "mst_url": "https://www.marinetraffic.com/en/ais/search/all?keyword=305184000", "method": "v3_2pass_track3d_fromru10d", "ru_seen_in_lookback": true, "in_monitor_on_day": true}}]}